create table SURVEY (ID integer, PARENT_ID integer, NAME varchar(32), FULL_NAME varchar(50), TITLE varchar(61));
create table CENTRELINE (ID integer, SURVEY_ID integer, TITLE varchar(26), TOPO_DATE date, EXPLO_DATE date, LENGTH real, SURFACE_LENGTH real, DUPLICATE_LENGTH real);
create table PERSON (ID integer, NAME varchar(10), SURNAME varchar(14));
create table EXPLO (PERSON_ID integer, CENTRELINE_ID integer);
create table TOPO (PERSON_ID integer, CENTRELINE_ID integer);
create table STATION (ID integer, NAME varchar(24), SURVEY_ID integer, X real, Y real, Z real);
create table STATION_FLAG (STATION_ID integer, FLAG char(3));
create table SHOT (ID integer, FROM_ID integer, TO_ID integer, CENTRELINE_ID integer, LENGTH real, BEARING real, GRADIENT real, ADJ_LENGTH real, ADJ_BEARING real, ADJ_GRADIENT real, ERR_LENGTH real, ERR_BEARING real, ERR_GRADIENT real);
create table SHOT_FLAG (SHOT_ID integer, FLAG char(3));
create table MAPS (ID integer, SURVEY_ID integer, NAME varchar(32), TITLE varchar(61), PROJID integer, LENGTH real, DEPTH real);
create table SCRAPS (ID integer, SURVEY_ID integer, NAME varchar(32), PROJID integer, MAX_DISTORTION real, AVG_DISTORTION real);
create table MAPITEMS (ID integer, TYPE integer, ITEMID integer);
insert into SURVEY values (1, 0, '', '', NULL);
 insert into CENTRELINE values (2, 1, NULL, NULL, NULL, 0.00, 0.00, 0.00);
 insert into SURVEY values (71, 1, 'clearwater_master', 'clearwater_master', NULL);
 insert into CENTRELINE values (72, 71, NULL, NULL, NULL, 0.00, 0.00, 0.00);
 insert into SURVEY values (73, 71, 'snow_slopes', 'snow_slopes.clearwater_master', NULL);
 insert into CENTRELINE values (74, 73, NULL, NULL, NULL, 0.00, 0.00, 0.00);
 insert into CENTRELINE values (75, 73, NULL, '1989-11-02', NULL, 1093.90, 0.00, 0.00);
 insert into SHOT values (1, 1, 2, 75, 30.400, 90.00, 14.00, 30.512, 86.40, 13.98, 1.861, 1.63, 0.48);
insert into SHOT values (2, 2, 3, 75, 20.400, 94.00, 24.00, 20.468, 91.59, 23.80, 0.791, 9.40, -2.71);
insert into SHOT values (3, 3, 4, 75, 21.500, 114.00, -24.00, 21.530, 111.20, -23.49, 0.983, 28.81, 9.66);
insert into SHOT values (4, 4, 5, 75, 25.000, 60.00, -10.00, 25.107, 58.27, -9.03, 0.865, 342.39, 27.65);
insert into SHOT values (5, 5, 6, 75, 14.700, 118.00, -10.00, 14.706, 115.89, -9.71, 0.538, 28.94, 7.76);
insert into SHOT values (6, 6, 7, 75, 21.700, 62.00, 5.00, 21.804, 60.39, 5.16, 0.621, 340.39, 6.36);
insert into SHOT values (7, 7, 8, 75, 29.800, 122.00, 10.00, 29.873, 117.85, 10.51, 2.145, 30.57, 7.37);
insert into SHOT values (8, 8, 9, 75, 11.500, 95.00, 19.00, 11.546, 93.52, 18.95, 0.286, 13.74, 1.20);
insert into SHOT values (9, 9, 10, 75, 27.600, 177.00, 14.00, 27.537, 174.90, 15.27, 1.152, 73.52, 29.82);
insert into SHOT values (10, 10, 11, 75, 19.800, 157.00, 0.00, 19.754, 154.71, 0.35, 0.802, 62.52, 8.60);
insert into SHOT values (11, 11, 12, 75, 30.000, 74.00, -3.00, 30.121, 71.08, -2.30, 1.579, 347.67, 13.18);
insert into SHOT values (12, 12, 13, 75, 30.000, 71.00, 0.00, 30.116, 68.25, 0.53, 1.475, 344.15, 10.94);
insert into SHOT values (13, 13, 14, 75, 14.800, 52.00, 8.00, 14.903, 51.19, 7.98, 0.232, 347.80, 2.53);
insert into SHOT values (14, 14, 15, 75, 24.300, 22.00, 1.00, 24.402, 22.49, 1.39, 0.283, 86.78, 35.95);
insert into SHOT values (15, 15, 16, 75, 30.000, 60.00, -4.00, 30.115, 57.90, -3.22, 1.181, 336.24, 19.93);
insert into SHOT values (16, 16, 17, 75, 27.000, 70.00, 1.00, 27.112, 67.55, 1.42, 1.178, 344.11, 9.71);
insert into SHOT values (17, 17, 18, 75, 30.500, 62.00, 6.00, 30.609, 59.75, 6.15, 1.199, 335.68, 4.39);
insert into SHOT values (18, 18, 19, 75, 27.300, 75.00, -7.00, 27.408, 72.31, -6.18, 1.339, 350.45, 16.36);
insert into SHOT values (19, 19, 20, 75, 30.000, 52.00, -2.00, 30.110, 50.42, -1.33, 0.907, 329.44, 22.50);
insert into SHOT values (20, 20, 21, 75, 30.000, 85.00, 1.00, 30.118, 81.54, 1.48, 1.837, 356.81, 8.03);
insert into SHOT values (21, 21, 22, 75, 13.000, 67.00, 0.00, 13.093, 65.88, 0.26, 0.278, 356.50, 12.48);
insert into SHOT values (22, 22, 23, 75, 13.300, 133.00, 3.00, 13.283, 131.06, 3.24, 0.454, 39.43, 6.82);
insert into SHOT values (23, 23, 24, 75, 30.000, 56.00, -1.00, 30.112, 54.16, -0.40, 1.021, 331.91, 17.89);
insert into SHOT values (24, 24, 25, 75, 18.800, 67.00, -8.00, 18.887, 65.39, -7.36, 0.571, 348.49, 20.11);
insert into SHOT values (25, 25, 26, 75, 19.600, 136.00, 0.00, 19.589, 133.28, 0.35, 0.937, 43.94, 7.36);
insert into SHOT values (26, 26, 27, 75, 20.200, 123.00, 19.00, 20.223, 120.25, 19.38, 0.927, 30.24, 8.28);
insert into SHOT values (27, 27, 28, 75, 30.000, 76.00, -12.00, 29.998, 76.00, -12.01, 0.004, 288.73, -42.14);
insert into SHOT values (28, 28, 29, 75, 27.600, 86.00, 13.00, 27.603, 86.01, 13.00, 0.007, 153.99, 11.56);
insert into SHOT values (29, 29, 30, 75, 30.000, 148.00, -2.00, 29.996, 147.99, -2.01, 0.007, 19.51, -25.55);
insert into SHOT values (30, 30, 31, 75, 21.500, 107.00, 11.00, 21.500, 107.03, 10.99, 0.010, 196.41, -13.59);
insert into SHOT values (31, 31, 32, 75, 10.800, 81.00, 30.00, 10.803, 80.96, 29.99, 0.007, 16.86, -0.00);
insert into SHOT values (32, 32, 33, 75, 16.800, 107.00, -2.00, 16.804, 107.00, -1.98, 0.007, 106.53, 57.42);
insert into SHOT values (33, 30, 34, 75, 11.000, 253.00, -20.00, 11.006, 252.97, -19.98, 0.010, 212.66, 13.38);
insert into SHOT values (34, 34, 35, 75, 27.000, 223.00, -22.00, 27.001, 222.99, -22.01, 0.007, 112.88, -58.92);
insert into SHOT values (35, 35, 36, 75, 27.600, 180.00, 4.00, 27.598, 180.00, 4.01, 0.005, 0.00, 59.62);
insert into SHOT values (36, 36, 37, 75, 5.100, 160.00, 22.00, 5.098, 159.95, 22.00, 0.004, 38.03, -6.40);
insert into SHOT values (37, 37, 38, 75, 31.000, 92.00, -41.00, 31.000, 92.01, -41.00, 0.004, 206.55, -29.07);
insert into SHOT values (38, 38, 39, 75, 22.600, 78.00, 32.00, 22.605, 77.99, 32.00, 0.007, 29.49, 32.69);
insert into SHOT values (39, 39, 40, 75, 17.800, 49.00, 33.00, 17.791, 48.99, 33.00, 0.009, 239.46, -31.00);
insert into SHOT values (40, 40, 41, 75, 13.000, 20.00, -8.00, 13.005, 20.02, -8.00, 0.008, 67.65, -5.65);
insert into SHOT values (41, 41, 42, 75, 26.600, 7.00, -26.00, 26.600, 6.99, -26.00, 0.004, 274.46, 10.43);
insert into SHOT values (42, 42, 43, 75, 15.800, 346.00, 20.00, 15.796, 346.00, 20.03, 0.009, 163.19, 43.57);
insert into SHOT values (43, 43, 44, 75, 10.500, 12.00, 38.00, 10.502, 11.99, 37.96, 0.008, 357.56, -33.56);
insert into SHOT values (44, 39, 45, 75, 16.800, 176.00, -33.00, 16.804, 176.01, -32.99, 0.005, 211.43, -0.67);
insert into SHOT values (45, 45, 46, 75, 18.600, 141.00, 21.00, 18.596, 140.98, 20.99, 0.008, 23.57, -46.99);
insert into SHOT values (46, 46, 47, 75, 15.000, 88.00, 24.00, 14.999, 88.03, 24.04, 0.013, 210.42, 43.15);
insert into SHOT values (47, 45, 48, 75, 11.500, 220.00, -6.00, 11.498, 220.00, -5.99, 0.003, 51.31, 46.05);
insert into SHOT values (48, 48, 49, 75, 29.500, 185.00, 3.00, 29.503, 185.00, 2.99, 0.005, 223.82, -48.10);
insert into SHOT values (49, 49, 50, 75, 26.600, 187.00, 3.00, 26.595, 187.01, 3.00, 0.007, 333.89, -19.08);
insert into SHOT values (50, 50, 51, 75, 10.000, 187.00, 0.00, 10.003, 186.95, 0.00, 0.010, 117.57, 0.00);
insert into SHOT values (51, 15, 52, 75, 10.000, 0.00, 90.00, 10.000, 90.00, 90.00, 0.000, 0.00, 0.00);
insert into SCRAPS values (76, 73, 'snow_slopes_s1', 1, 52.90511, 5.02916);
 insert into SCRAPS values (139, 73, 'snow_slopes_s2', 1, 6.15926, 0.88417);
 insert into MAPS values (144, 73, 'snow_slopes_m', 'Snow Slopes', 1, 1093.900, 39.880);
 insert into MAPITEMS values (144, 4, 76);
 insert into MAPITEMS values (144, 4, 139);
 insert into SURVEY values (146, 71, 'armistice_north', 'armistice_north.clearwater_master', NULL);
 insert into CENTRELINE values (147, 146, NULL, NULL, NULL, 0.00, 0.00, 0.00);
 insert into MAPS values (148, 146, 'armistice_north_m', NULL, 1, 2185.400, 124.300);
 insert into MAPITEMS values (148, 4, 149);
 insert into MAPITEMS values (148, 4, 211);
 insert into MAPITEMS values (148, 4, 251);
 insert into MAPITEMS values (148, 4, 283);
 insert into SCRAPS values (149, 146, 'armistice_s1', 1, 33.31618, 2.82993);
 insert into SCRAPS values (211, 146, 'armistice_s2', 1, 55.87214, 1.25762);
 insert into SCRAPS values (251, 146, 'armistice_s3', 1, 78.47953, 20.70393);
 insert into SCRAPS values (283, 146, 'armistice_s4', 1, 10.04833, 1.00529);
 insert into CENTRELINE values (300, 146, 'armistice north', '1989-11-02', NULL, 2185.40, 0.00, 0.00);
 insert into SHOT values (52, 53, 54, 300, 27.800, 247.00, 34.00, 27.795, 246.98, 33.99, 0.009, 132.81, -38.66);
insert into SHOT values (53, 54, 55, 300, 25.100, 205.00, 2.00, 25.096, 205.00, 2.01, 0.006, 15.71, 40.92);
insert into SHOT values (54, 55, 56, 300, 17.200, 104.00, 6.00, 17.193, 104.01, 6.01, 0.008, 257.22, 15.04);
insert into SHOT values (55, 56, 57, 300, 23.800, 59.00, 3.00, 23.805, 59.01, 2.99, 0.009, 98.54, -36.88);
insert into SHOT values (56, 57, 58, 300, 7.200, 105.00, 4.00, 7.193, 105.02, 3.99, 0.008, 262.32, -16.08);
insert into SHOT values (57, 58, 59, 300, 6.300, 128.00, 1.00, 6.306, 127.98, 1.00, 0.007, 107.01, 0.43);
insert into SHOT values (58, 59, 60, 300, 37.000, 177.00, 1.00, 36.996, 177.01, 1.01, 0.008, 300.85, 30.80);
insert into SHOT values (59, 60, 61, 300, 27.100, 95.00, -2.00, 27.100, 95.00, -2.01, 0.004, 318.22, -81.30);
insert into SHOT values (60, 61, 62, 300, 8.800, 48.00, 0.00, 8.801, 47.99, 0.00, 0.002, 11.16, 0.00);
insert into SHOT values (61, 62, 63, 300, 23.400, 76.00, 5.00, 23.402, 76.00, 5.00, 0.002, 68.95, 19.32);
insert into SHOT values (62, 63, 64, 300, 21.400, 156.00, 8.00, 21.401, 156.00, 8.00, 0.002, 125.30, 68.54);
insert into SHOT values (63, 64, 65, 300, 19.500, 100.00, 30.00, 19.500, 100.03, 30.00, 0.008, 187.10, -0.00);
insert into SHOT values (64, 65, 66, 300, 13.800, 137.00, -4.00, 13.795, 136.97, -3.99, 0.009, 9.46, 17.83);
insert into SHOT values (65, 66, 67, 300, 60.000, 29.00, 10.00, 60.002, 29.00, 10.00, 0.004, 88.91, 18.35);
insert into SHOT values (66, 67, 68, 300, 34.100, 10.00, 0.00, 34.098, 10.00, 0.00, 0.002, 215.81, 0.00);
insert into SHOT values (67, 68, 69, 300, 51.100, 352.00, 13.00, 51.093, 352.00, 13.00, 0.008, 185.24, -40.86);
insert into SHOT values (68, 69, 70, 300, 36.200, 19.00, -10.00, 36.202, 19.00, -9.99, 0.007, 57.43, 55.73);
insert into SHOT values (69, 70, 71, 300, 54.000, 15.00, -2.00, 54.000, 14.99, -2.01, 0.010, 282.99, -34.43);
insert into SHOT values (70, 71, 72, 300, 49.300, 7.00, 2.00, 49.298, 7.01, 2.00, 0.006, 116.28, -5.08);
insert into SHOT values (71, 72, 73, 300, 46.000, 335.00, 3.00, 46.000, 334.99, 3.00, 0.007, 244.01, 20.25);
insert into SHOT values (72, 73, 74, 300, 20.200, 22.00, 4.00, 20.207, 22.00, 4.00, 0.007, 11.97, 7.87);
insert into SHOT values (73, 74, 75, 300, 44.500, 21.00, -10.00, 44.499, 21.01, -10.00, 0.006, 122.95, -24.45);
insert into SHOT values (74, 75, 76, 300, 33.500, 55.00, 3.00, 33.498, 54.99, 3.01, 0.008, 290.91, 57.69);
insert into SHOT values (75, 76, 77, 300, 37.400, 32.00, 14.00, 37.402, 32.00, 13.99, 0.009, 356.97, -56.89);
insert into SHOT values (76, 77, 78, 300, 22.500, 350.00, -8.00, 22.497, 350.00, -8.00, 0.003, 200.35, 27.31);
insert into SHOT values (77, 78, 79, 300, 54.300, 20.00, -3.00, 54.296, 20.01, -3.00, 0.007, 145.07, 15.68);
insert into SHOT values (78, 79, 80, 300, 60.000, 0.00, 0.00, 60.000, 0.00, 0.00, 0.000, 90.00, 0.00);
insert into SHOT values (79, 80, 81, 300, 30.300, 125.00, 22.00, 30.295, 125.00, 22.00, 0.005, 322.31, -6.77);
insert into SHOT values (80, 81, 82, 300, 19.000, 60.00, 24.00, 19.000, 59.99, 24.01, 0.003, 304.50, 40.73);
insert into SHOT values (81, 82, 83, 300, 11.300, 53.00, 27.00, 11.307, 53.03, 26.98, 0.009, 85.56, -0.59);
insert into SHOT values (82, 83, 84, 300, 30.700, 75.00, 28.00, 30.695, 75.01, 28.00, 0.007, 206.74, -23.60);
insert into SHOT values (83, 84, 85, 300, 17.300, 145.00, 31.00, 17.292, 145.00, 31.02, 0.009, 322.32, -1.00);
insert into SHOT values (84, 85, 86, 300, 10.100, 190.00, 5.00, 10.100, 189.96, 5.00, 0.007, 100.21, -2.15);
insert into SHOT values (85, 58, 87, 300, 16.600, 10.50, 30.00, 16.604, 10.50, 29.99, 0.005, 2.17, -0.00);
insert into SHOT values (86, 87, 88, 300, 22.600, 7.00, 10.00, 22.601, 7.02, 10.01, 0.009, 95.69, 36.02);
insert into SHOT values (87, 88, 89, 300, 9.900, 35.00, -39.00, 9.897, 34.99, -39.01, 0.004, 231.50, 4.12);
insert into SHOT values (88, 89, 90, 300, 13.300, 59.00, 29.00, 13.300, 59.00, 29.01, 0.003, 219.52, 53.72);
insert into SHOT values (89, 90, 91, 300, 10.700, 18.00, 1.00, 10.697, 18.03, 0.96, 0.009, 139.77, -47.27);
insert into SHOT values (90, 91, 92, 300, 17.100, 5.00, 1.00, 17.108, 5.00, 1.00, 0.008, 358.98, 11.53);
insert into SHOT values (91, 80, 93, 300, 19.600, 22.00, -6.00, 19.606, 21.99, -6.00, 0.007, 342.97, -9.98);
insert into SHOT values (92, 93, 94, 300, 9.100, 351.00, -3.00, 9.094, 351.00, -2.96, 0.009, 164.15, 46.83);
insert into SHOT values (93, 94, 95, 300, 4.100, 327.00, 4.00, 4.101, 326.97, 3.92, 0.006, 265.91, -67.99);
insert into SHOT values (94, 95, 96, 300, 24.000, 319.00, -2.00, 23.995, 319.01, -2.01, 0.007, 108.91, -21.39);
insert into SHOT values (95, 96, 97, 300, 11.700, 21.00, -32.00, 11.704, 20.95, -31.99, 0.009, 319.87, 0.35);
insert into SHOT values (96, 97, 98, 300, 24.600, 6.00, 13.00, 24.604, 6.01, 13.01, 0.008, 68.18, 51.97);
insert into SHOT values (97, 98, 99, 300, 27.700, 23.00, 1.00, 27.696, 23.00, 0.99, 0.006, 201.36, -37.93);
insert into SHOT values (98, 99, 100, 300, 30.500, 59.00, 3.00, 30.504, 59.00, 3.01, 0.005, 37.83, 45.96);
insert into SHOT values (99, 100, 101, 300, 19.900, 42.00, 7.00, 19.889, 42.00, 6.99, 0.012, 217.67, -26.24);
insert into SHOT values (100, 101, 102, 300, 9.400, 297.00, -16.00, 9.402, 297.05, -15.99, 0.008, 7.37, 7.18);
insert into SHOT values (101, 102, 103, 300, 21.300, 9.00, 1.00, 21.295, 9.00, 1.00, 0.005, 198.74, -19.84);
insert into SHOT values (102, 103, 104, 300, 23.000, 355.00, -16.00, 23.004, 355.02, -16.00, 0.009, 53.57, -2.27);
insert into SHOT values (103, 104, 105, 300, 12.200, 18.00, -14.00, 12.193, 18.02, -14.00, 0.009, 166.49, 9.70);
insert into SHOT values (104, 105, 106, 300, 6.600, 280.00, -15.00, 6.603, 280.02, -15.01, 0.004, 329.64, -27.50);
insert into SHOT values (105, 106, 107, 300, 27.300, 5.00, -2.00, 27.301, 5.00, -1.99, 0.003, 77.84, 52.10);
insert into SHOT values (106, 107, 108, 300, 25.700, 4.00, -10.00, 25.701, 3.99, -9.99, 0.007, 290.82, 25.09);
insert into SHOT values (107, 108, 109, 300, 30.700, 351.00, -10.00, 30.699, 351.00, -10.00, 0.002, 197.14, 34.83);
insert into SHOT values (108, 109, 110, 300, 30.600, 325.00, -31.00, 30.601, 325.01, -31.00, 0.006, 47.10, 1.53);
insert into SHOT values (109, 110, 111, 300, 30.600, 352.00, -30.00, 30.598, 352.00, -30.00, 0.003, 216.90, 0.00);
insert into SHOT values (110, 111, 112, 300, 30.700, 340.00, -30.00, 30.696, 340.00, -30.00, 0.005, 137.55, 0.00);
insert into SHOT values (111, 112, 113, 300, 26.900, 10.00, -6.00, 26.903, 9.99, -6.00, 0.007, 304.37, 15.12);
insert into SHOT values (112, 113, 114, 300, 30.500, 345.00, 30.00, 30.498, 344.99, 30.00, 0.005, 223.95, -0.00);
insert into SHOT values (113, 105, 115, 300, 8.800, 125.00, 40.00, 8.798, 124.96, 40.04, 0.008, 342.63, 26.68);
insert into SHOT values (114, 115, 116, 300, 16.000, 82.00, 30.00, 15.999, 81.99, 30.00, 0.002, 315.07, -0.00);
insert into SHOT values (115, 116, 117, 300, 31.100, 84.00, 13.00, 31.101, 84.01, 12.99, 0.010, 157.63, -36.33);
insert into SHOT values (116, 117, 118, 300, 28.600, 18.00, 14.00, 28.606, 17.98, 14.00, 0.009, 325.30, 6.26);
insert into SHOT values (117, 118, 119, 300, 30.700, 18.00, 9.00, 30.694, 18.00, 9.02, 0.011, 180.17, 43.13);
insert into SHOT values (118, 119, 120, 300, 16.100, 5.00, -17.00, 16.103, 4.99, -17.01, 0.004, 317.70, -45.01);
insert into SHOT values (119, 120, 121, 300, 24.500, 137.00, 32.00, 24.495, 136.99, 32.00, 0.006, 359.98, -28.94);
insert into SHOT values (120, 121, 122, 300, 23.000, 118.00, 17.00, 23.003, 118.01, 17.01, 0.007, 186.34, 53.78);
insert into SHOT values (121, 120, 123, 300, 3.200, 310.00, -40.00, 3.200, 310.20, -40.08, 0.009, 61.20, -19.00);
insert into SHOT values (122, 123, 124, 300, 13.100, 23.00, -28.00, 13.102, 23.00, -27.99, 0.003, 11.10, 1.51);
insert into SHOT values (123, 124, 125, 300, 22.500, 356.00, 4.00, 22.500, 355.99, 4.00, 0.004, 263.16, 6.31);
insert into SHOT values (124, 125, 126, 300, 13.400, 61.00, 28.00, 13.398, 61.03, 28.00, 0.006, 162.16, -8.26);
insert into SHOT values (125, 126, 127, 300, 26.200, 25.00, 13.00, 26.205, 25.00, 13.01, 0.007, 19.71, 60.65);
insert into SHOT values (126, 127, 128, 300, 17.200, 326.00, -25.00, 17.199, 325.98, -25.00, 0.005, 221.27, -11.89);
insert into SHOT values (127, 128, 129, 300, 30.500, 340.00, -2.00, 30.499, 339.99, -2.01, 0.008, 236.26, -44.31);
insert into SHOT values (128, 86, 130, 300, 2.600, 211.00, -1.00, 2.602, 211.00, -0.88, 0.006, 212.95, 69.30);
insert into SHOT values (129, 130, 131, 300, 11.100, 240.00, -28.00, 11.101, 240.01, -27.99, 0.003, 278.77, 25.70);
insert into SHOT values (130, 131, 132, 300, 16.300, 240.00, -19.00, 16.305, 239.99, -19.01, 0.006, 215.38, -33.28);
insert into SHOT values (131, 132, 133, 300, 3.800, 225.00, -57.00, 3.800, 225.00, -57.09, 0.006, 45.00, -32.04);
insert into SHOT values (132, 133, 134, 300, 7.700, 200.00, -20.00, 7.698, 199.96, -19.98, 0.006, 98.76, 36.59);
insert into SHOT values (133, 84, 135, 300, 15.200, 81.00, 25.00, 15.198, 80.98, 25.03, 0.010, 308.43, 37.75);
insert into SHOT values (134, 135, 136, 300, 15.600, 60.00, 26.00, 15.602, 60.02, 25.96, 0.011, 94.65, -49.56);
insert into SHOT values (135, 84, 137, 300, 4.700, 302.00, -9.00, 4.702, 301.98, -8.93, 0.006, 270.76, 58.23);
insert into SHOT values (136, 137, 138, 300, 9.700, 331.00, -31.00, 9.700, 331.00, -31.03, 0.005, 154.84, -61.32);
insert into SHOT values (137, 138, 139, 300, 18.300, 310.00, -33.00, 18.306, 310.01, -33.00, 0.006, 327.47, -29.09);
insert into SHOT values (138, 139, 140, 300, 22.100, 37.00, 2.00, 22.106, 37.02, 2.02, 0.012, 83.52, 47.32);
insert into SHOT values (139, 140, 141, 300, 29.800, 41.00, 19.00, 29.792, 41.00, 19.00, 0.008, 227.07, -14.63);
insert into SHOT values (140, 141, 142, 300, 17.500, 355.00, 0.00, 17.506, 355.02, 0.00, 0.008, 38.40, 0.00);
insert into SHOT values (141, 142, 143, 300, 4.400, 55.00, -38.00, 4.401, 54.98, -38.01, 0.002, 350.92, -40.30);
insert into SHOT values (142, 143, 144, 300, 3.900, 52.00, -36.00, 3.893, 51.97, -36.03, 0.007, 248.26, 19.19);
insert into SHOT values (143, 144, 145, 300, 8.200, 101.00, 40.00, 8.203, 101.01, 39.98, 0.004, 110.28, -11.83);
insert into SHOT values (144, 145, 146, 300, 14.200, 23.00, 8.00, 14.194, 22.99, 7.98, 0.009, 227.91, -46.64);
insert into SHOT values (145, 146, 147, 300, 16.700, 20.00, -6.00, 16.702, 19.99, -5.98, 0.006, 351.80, 60.89);
insert into SHOT values (146, 147, 148, 300, 10.000, 39.00, 2.00, 10.003, 38.99, 2.01, 0.003, 10.89, 16.77);
insert into SHOT values (147, 148, 149, 300, 15.500, 5.00, 1.00, 15.501, 5.00, 1.00, 0.002, 332.03, -18.74);
insert into SHOT values (148, 149, 150, 300, 28.100, 23.00, 0.00, 28.094, 23.01, 0.00, 0.006, 175.79, 0.00);
insert into SHOT values (149, 150, 151, 300, 4.000, 87.00, 23.00, 4.002, 86.89, 22.94, 0.008, 22.53, -20.31);
insert into SHOT values (150, 151, 152, 300, 5.200, 40.00, 33.00, 5.197, 39.97, 33.00, 0.004, 256.41, -32.39);
insert into SHOT values (151, 152, 153, 300, 3.900, 134.00, 56.00, 3.908, 134.07, 56.00, 0.009, 166.36, 52.41);
insert into SHOT values (152, 153, 154, 300, 7.600, 38.00, -2.00, 7.606, 38.00, -2.03, 0.008, 38.73, -37.94);
insert into SHOT values (153, 154, 155, 300, 10.700, 78.00, 10.00, 10.703, 78.01, 10.01, 0.004, 106.88, 33.64);
insert into SHOT values (154, 155, 156, 300, 2.300, 146.00, 49.00, 2.294, 146.10, 48.96, 0.007, 284.29, -56.18);
insert into SHOT values (155, 156, 157, 300, 4.100, 41.00, 10.00, 4.097, 41.08, 10.12, 0.011, 172.02, 47.49);
insert into SHOT values (156, 157, 158, 300, 1.600, 50.00, 70.00, 1.599, 49.40, 69.76, 0.009, 5.51, -22.95);
insert into SHOT values (157, 158, 159, 300, 5.500, 168.00, 30.00, 5.501, 168.01, 30.00, 0.001, 198.27, -0.00);
insert into SHOT values (158, 159, 160, 300, 13.100, 31.00, 3.00, 13.098, 31.02, 2.98, 0.007, 147.31, -53.38);
insert into SURVEY values (302, 71, 'armistice_south', 'armistice_south.clearwater_master', NULL);
 insert into CENTRELINE values (303, 302, NULL, NULL, NULL, 0.00, 0.00, 0.00);
 insert into MAPS values (304, 302, 'armistice_south_m', NULL, 1, 1365.600, 103.980);
 insert into MAPITEMS values (304, 4, 306);
 insert into MAPITEMS values (304, 4, 379);
 insert into CENTRELINE values (305, 302, 'armistice south', '1989-11-02', NULL, 1365.60, 0.00, 0.00);
 insert into SHOT values (159, 161, 162, 305, 30.000, 195.00, 17.00, 30.006, 194.99, 16.99, 0.010, 147.82, -6.60);
insert into SHOT values (160, 162, 163, 305, 30.000, 198.00, 15.00, 30.003, 198.01, 15.01, 0.008, 264.70, 45.16);
insert into SHOT values (161, 163, 164, 305, 30.000, 189.00, -11.00, 29.996, 189.01, -11.01, 0.009, 332.96, -39.23);
insert into SHOT values (162, 164, 165, 305, 27.400, 298.00, -16.00, 27.392, 298.00, -16.00, 0.008, 133.05, 17.89);
insert into SHOT values (163, 165, 166, 305, 30.000, 188.00, -24.00, 30.000, 188.01, -24.00, 0.006, 266.50, 19.95);
insert into SHOT values (164, 166, 167, 305, 22.600, 171.00, 16.00, 22.594, 170.99, 16.01, 0.007, 12.30, 4.72);
insert into SHOT values (165, 167, 168, 305, 30.000, 191.00, -2.00, 29.999, 191.00, -2.01, 0.003, 41.78, -68.71);
insert into SHOT values (166, 168, 169, 305, 30.000, 186.00, 3.00, 30.005, 186.00, 3.00, 0.005, 163.43, -0.83);
insert into SHOT values (167, 169, 170, 305, 30.000, 188.00, -7.00, 30.003, 187.99, -7.01, 0.007, 129.84, -36.47);
insert into SHOT values (168, 170, 171, 305, 30.000, 321.00, -22.00, 30.006, 321.00, -22.00, 0.006, 302.63, -16.48);
insert into SHOT values (169, 171, 172, 305, 30.000, 300.00, 10.00, 29.994, 300.00, 10.00, 0.006, 109.26, 4.94);
insert into SHOT values (170, 172, 173, 305, 30.000, 180.00, -4.00, 29.993, 180.00, -4.00, 0.007, 0.00, 21.27);
insert into SHOT values (171, 173, 174, 305, 30.000, 182.00, 15.00, 30.002, 182.02, 15.01, 0.010, 270.81, 31.99);
insert into SHOT values (172, 174, 175, 305, 31.000, 171.00, 25.00, 31.001, 170.99, 25.00, 0.005, 94.23, -13.38);
insert into SHOT values (173, 175, 176, 305, 25.100, 59.00, 14.00, 25.101, 59.01, 13.99, 0.006, 129.54, -22.42);
insert into SHOT values (174, 176, 177, 305, 31.000, 80.00, -8.00, 30.997, 80.00, -7.99, 0.005, 249.95, 64.76);
insert into SHOT values (175, 177, 178, 305, 30.000, 43.00, 25.00, 29.998, 42.99, 24.98, 0.010, 329.20, -55.46);
insert into SHOT values (176, 178, 179, 305, 30.000, 10.00, 9.00, 30.001, 10.01, 9.01, 0.008, 96.01, 55.89);
insert into SHOT values (177, 179, 180, 305, 30.000, 304.00, -44.00, 30.003, 303.97, -44.00, 0.012, 230.87, -1.20);
insert into SHOT values (178, 180, 181, 305, 15.900, 281.00, -16.00, 15.900, 281.02, -16.03, 0.009, 41.57, -56.38);
insert into SHOT values (179, 172, 182, 305, 13.200, 13.00, -3.00, 13.205, 12.97, -3.00, 0.008, 318.35, 5.99);
insert into SHOT values (180, 182, 183, 305, 25.600, 318.00, -17.00, 25.596, 318.00, -16.99, 0.006, 158.75, 53.71);
insert into SHOT values (181, 183, 184, 305, 31.000, 16.00, 17.00, 31.001, 16.00, 16.99, 0.005, 334.85, -47.07);
insert into SHOT values (182, 184, 185, 305, 29.200, 50.00, -10.00, 29.198, 50.01, -10.00, 0.004, 162.62, 6.75);
insert into SHOT values (183, 185, 186, 305, 7.400, 126.00, 11.00, 7.402, 125.99, 10.98, 0.004, 95.31, -31.19);
insert into SHOT values (184, 186, 187, 305, 11.300, 86.00, 36.00, 11.305, 85.99, 36.03, 0.008, 9.34, 73.85);
insert into SHOT values (185, 187, 188, 305, 12.400, 38.00, 32.00, 12.400, 37.97, 32.00, 0.005, 309.51, -10.47);
insert into SHOT values (186, 188, 189, 305, 17.400, 105.00, -15.00, 17.398, 105.00, -15.02, 0.008, 270.00, -55.98);
insert into SHOT values (187, 183, 190, 305, 30.000, 235.00, -24.00, 29.999, 235.00, -24.00, 0.002, 183.40, 80.37);
insert into SHOT values (188, 190, 191, 305, 23.300, 288.00, -22.00, 23.305, 288.01, -22.00, 0.006, 316.59, -16.12);
insert into SHOT values (189, 175, 192, 305, 30.000, 194.00, -13.00, 30.007, 193.99, -13.00, 0.008, 167.12, -11.26);
insert into SHOT values (190, 192, 193, 305, 30.000, 215.00, -8.00, 29.996, 215.01, -8.01, 0.007, 358.23, -41.64);
insert into SHOT values (191, 193, 194, 305, 21.800, 268.00, -13.00, 21.801, 268.00, -12.99, 0.004, 308.07, 61.63);
insert into SHOT values (192, 194, 195, 305, 30.000, 180.00, 20.00, 29.999, 180.00, 20.00, 0.001, 0.00, -37.82);
insert into SHOT values (193, 195, 196, 305, 13.800, 200.00, 5.00, 13.801, 199.99, 4.99, 0.004, 129.63, -47.84);
insert into SHOT values (194, 196, 197, 305, 27.000, 130.00, 18.00, 27.004, 130.01, 18.01, 0.008, 192.10, 56.95);
insert into SHOT values (195, 197, 198, 305, 25.300, 121.00, 19.00, 25.294, 121.00, 18.99, 0.008, 276.44, -54.73);
insert into SHOT values (196, 198, 199, 305, 22.600, 75.00, 15.00, 22.604, 75.00, 15.00, 0.004, 90.00, 9.99);
insert into SHOT values (197, 199, 200, 305, 30.000, 225.00, -18.00, 30.000, 225.01, -18.00, 0.007, 314.49, 4.12);
insert into SHOT values (198, 200, 201, 305, 26.800, 200.00, 11.00, 26.798, 199.98, 11.01, 0.010, 82.15, 38.99);
insert into SHOT values (199, 201, 202, 305, 15.600, 182.00, -11.00, 15.607, 182.02, -11.01, 0.009, 223.14, -22.53);
insert into SHOT values (200, 202, 203, 305, 27.700, 198.00, 9.00, 27.698, 197.99, 8.99, 0.005, 90.99, -36.41);
insert into SHOT values (201, 164, 204, 305, 19.600, 124.00, 4.00, 19.604, 124.02, 4.01, 0.007, 176.09, 23.00);
insert into SHOT values (202, 204, 205, 305, 30.900, 70.00, 3.00, 30.905, 69.99, 3.00, 0.007, 28.50, 22.23);
insert into SHOT values (203, 205, 206, 305, 31.000, 82.00, 31.00, 30.994, 81.99, 30.99, 0.007, 297.49, -56.80);
insert into SHOT values (204, 206, 207, 305, 6.500, 349.00, 23.00, 6.497, 349.01, 23.01, 0.004, 153.60, 3.79);
insert into SHOT values (205, 207, 208, 305, 12.800, 20.00, 4.00, 12.802, 20.01, 3.99, 0.004, 66.26, -43.24);
insert into SHOT values (206, 208, 209, 305, 29.000, 96.00, 22.00, 29.001, 96.00, 22.01, 0.007, 299.94, 79.45);
insert into SHOT values (207, 209, 210, 305, 6.400, 132.00, 55.00, 6.400, 132.02, 54.96, 0.005, 151.61, -31.49);
insert into SHOT values (208, 210, 211, 305, 6.900, 83.00, 10.00, 6.896, 82.98, 10.02, 0.005, 292.53, 20.47);
insert into SHOT values (209, 211, 212, 305, 10.600, 72.00, 14.00, 10.607, 72.01, 13.97, 0.009, 78.24, -27.41);
insert into SHOT values (210, 212, 213, 305, 20.500, 72.00, 29.00, 20.499, 72.00, 29.01, 0.003, 254.90, 32.07);
insert into SHOT values (211, 194, 214, 305, 30.000, 331.00, -6.00, 29.994, 331.00, -6.01, 0.008, 136.45, -31.76);
insert into SHOT values (212, 214, 215, 305, 18.200, 263.00, 13.00, 18.210, 263.01, 13.01, 0.011, 277.73, 34.02);
insert into SHOT values (213, 215, 216, 305, 30.000, 184.00, 1.00, 29.997, 184.00, 0.99, 0.005, 45.14, -46.83);
insert into SHOT values (214, 216, 217, 305, 26.500, 246.00, -4.00, 26.499, 246.00, -4.00, 0.003, 359.57, -32.69);
insert into SHOT values (215, 217, 218, 305, 12.300, 236.00, -25.00, 12.303, 235.97, -25.00, 0.007, 164.44, -15.24);
insert into SCRAPS values (306, 302, 'ArmisticeSouthSP1', 1, 100.00000, 7.42503);
 insert into SCRAPS values (379, 302, 'ArmisticeSouth1SP1', 1, 42.07420, 9.72509);
 insert into SURVEY values (395, 71, 'the_big_uee', 'the_big_uee.clearwater_master', NULL);
 insert into CENTRELINE values (396, 395, NULL, NULL, NULL, 0.00, 0.00, 0.00);
 insert into MAPS values (397, 395, 'the_big_uee_m', NULL, 1, 1907.900, 126.970);
 insert into MAPITEMS values (397, 4, 398);
 insert into MAPITEMS values (397, 4, 416);
 insert into SCRAPS values (398, 395, 'BigUEESP1', 1, 63.44438, 5.95522);
 insert into SCRAPS values (416, 395, 'BigUEESP2', 1, 6.20269, 1.75669);
 insert into CENTRELINE values (434, 395, NULL, '1989-11-01', NULL, 1907.90, 0.00, 0.00);
 insert into SHOT values (216, 219, 220, 434, 18.800, 241.00, -33.00, 18.799, 241.01, -33.01, 0.004, 1.93, -11.12);
insert into SHOT values (217, 220, 221, 434, 30.000, 277.00, -33.00, 29.998, 276.99, -33.00, 0.007, 157.58, -6.99);
insert into SHOT values (218, 221, 222, 434, 30.000, 261.00, -21.00, 30.006, 261.01, -20.99, 0.008, 280.14, 7.86);
insert into SHOT values (219, 222, 223, 434, 13.500, 270.00, -14.00, 13.500, 270.00, -13.97, 0.006, 270.00, 80.38);
insert into SHOT values (220, 223, 224, 434, 22.000, 244.00, -19.00, 21.998, 243.99, -19.02, 0.010, 101.54, -49.93);
insert into SHOT values (221, 224, 225, 434, 31.000, 30.00, -10.00, 30.998, 29.99, -9.99, 0.006, 283.38, 33.66);
insert into SHOT values (222, 225, 226, 434, 15.000, 17.00, 10.00, 15.004, 17.00, 10.02, 0.006, 17.40, 56.33);
insert into SHOT values (223, 224, 227, 434, 17.400, 307.00, -39.00, 17.401, 307.01, -39.00, 0.002, 344.24, 4.69);
insert into SHOT values (224, 227, 228, 434, 22.100, 233.00, -36.00, 22.101, 233.00, -36.00, 0.001, 270.98, 3.17);
insert into SHOT values (225, 228, 229, 434, 30.400, 273.00, -36.00, 30.395, 273.01, -35.99, 0.009, 8.23, 71.67);
insert into SHOT values (226, 229, 230, 434, 30.000, 246.00, -37.00, 30.007, 245.99, -37.00, 0.008, 204.88, -45.37);
insert into SHOT values (227, 230, 231, 434, 30.000, 296.00, -17.00, 29.996, 296.01, -17.00, 0.007, 58.08, 9.84);
insert into SHOT values (228, 231, 232, 434, 30.000, 30.00, -10.00, 30.002, 29.99, -10.00, 0.005, 331.78, -7.06);
insert into SHOT values (229, 232, 233, 434, 30.000, 30.00, 25.00, 29.993, 30.00, 25.01, 0.008, 215.11, 10.25);
insert into SHOT values (230, 233, 234, 434, 30.000, 70.00, 32.00, 30.003, 70.01, 32.00, 0.004, 117.42, 36.90);
insert into SHOT values (231, 234, 235, 434, 31.000, 68.00, 31.00, 31.001, 67.99, 30.99, 0.009, 24.63, -43.68);
insert into SHOT values (232, 235, 236, 434, 23.700, 92.00, 30.00, 23.698, 92.01, 30.00, 0.004, 211.89, -0.00);
insert into SHOT values (233, 236, 237, 434, 28.500, 22.00, 11.00, 28.501, 22.00, 11.00, 0.002, 349.93, 68.42);
insert into SHOT values (234, 237, 238, 434, 30.000, 350.00, -20.00, 29.998, 349.99, -20.00, 0.005, 242.13, 6.45);
insert into SHOT values (235, 238, 239, 434, 16.000, 0.00, -1.00, 16.002, 0.00, -1.00, 0.003, 0.00, -17.35);
insert into SHOT values (236, 239, 240, 434, 20.100, 25.00, -16.00, 20.101, 25.01, -16.00, 0.005, 103.90, 3.89);
insert into SHOT values (237, 240, 241, 434, 22.600, 353.00, -15.00, 22.603, 353.00, -15.00, 0.003, 8.12, -13.73);
insert into SHOT values (238, 241, 242, 434, 23.800, 286.00, -13.00, 23.797, 286.00, -12.99, 0.005, 140.66, 55.58);
insert into SHOT values (239, 242, 243, 434, 30.000, 267.00, -17.00, 30.000, 267.00, -17.00, 0.002, 353.24, 37.80);
insert into SHOT values (240, 243, 244, 434, 29.600, 3.00, 0.00, 29.601, 3.00, 0.00, 0.001, 56.53, 0.00);
insert into SHOT values (241, 244, 245, 434, 30.000, 16.00, -10.00, 29.999, 15.99, -10.00, 0.004, 274.27, -9.00);
insert into SHOT values (242, 245, 246, 434, 30.000, 11.00, 8.00, 29.997, 11.00, 7.99, 0.006, 147.08, -62.99);
insert into SHOT values (243, 246, 247, 434, 30.000, 45.00, 24.00, 30.000, 45.00, 24.00, 0.002, 45.00, -62.45);
insert into SHOT values (244, 247, 248, 434, 30.000, 330.00, 24.00, 30.011, 329.99, 24.01, 0.012, 308.34, 42.27);
insert into SHOT values (245, 248, 249, 434, 22.000, 328.00, 21.00, 21.990, 328.00, 21.00, 0.010, 153.68, -25.02);
insert into SHOT values (246, 249, 250, 434, 31.000, 67.00, 0.00, 31.007, 66.99, 0.00, 0.009, 30.67, 0.00);
insert into SHOT values (247, 250, 251, 434, 20.300, 68.00, 38.00, 20.299, 68.01, 38.01, 0.004, 216.53, 34.32);
insert into SHOT values (248, 251, 252, 434, 30.300, 307.00, 31.00, 30.295, 307.00, 30.99, 0.006, 100.88, -67.53);
insert into SHOT values (249, 252, 253, 434, 11.800, 271.00, 45.00, 11.810, 270.96, 45.00, 0.011, 232.82, 33.43);
insert into SHOT values (250, 253, 254, 434, 30.000, 253.00, 31.00, 29.996, 253.02, 31.00, 0.009, 9.49, -7.69);
insert into SHOT values (251, 254, 255, 434, 11.700, 173.00, -5.00, 11.701, 173.00, -5.00, 0.001, 197.65, -10.71);
insert into SHOT values (252, 251, 256, 434, 6.800, 60.00, 7.00, 6.793, 60.01, 7.02, 0.007, 227.47, 10.59);
insert into SHOT values (253, 256, 257, 434, 30.000, 97.00, 3.00, 30.004, 97.00, 3.00, 0.005, 76.40, -0.99);
insert into SHOT values (254, 246, 258, 434, 30.000, 282.00, 30.00, 29.997, 282.00, 30.00, 0.003, 119.43, -0.00);
insert into SHOT values (255, 258, 259, 434, 19.700, 272.00, 31.00, 19.705, 272.00, 31.00, 0.006, 279.44, 42.12);
insert into SHOT values (256, 259, 260, 434, 30.000, 295.00, 46.00, 30.002, 295.00, 45.99, 0.004, 314.68, -2.85);
insert into SHOT values (257, 245, 261, 434, 30.000, 120.00, 28.00, 29.996, 119.99, 27.99, 0.006, 4.73, -44.44);
insert into SHOT values (258, 261, 262, 434, 23.000, 88.00, 37.00, 23.001, 88.00, 36.99, 0.003, 112.30, -32.11);
insert into SHOT values (259, 262, 263, 434, 13.800, 59.00, 0.00, 13.797, 59.03, 0.00, 0.008, 171.75, 0.00);
insert into SHOT values (260, 263, 264, 434, 23.800, 81.00, 2.00, 23.797, 81.00, 2.00, 0.003, 251.86, -12.24);
insert into SHOT values (261, 262, 265, 434, 15.700, 122.00, -23.00, 15.694, 122.02, -22.99, 0.008, 254.48, 36.05);
insert into SHOT values (262, 265, 266, 434, 22.900, 190.00, -2.00, 22.901, 189.99, -2.00, 0.005, 111.71, -10.24);
insert into SHOT values (263, 266, 267, 434, 25.000, 202.00, -2.00, 25.004, 202.00, -1.99, 0.005, 186.81, 28.63);
insert into SHOT values (264, 240, 268, 434, 30.000, 75.00, 30.00, 29.997, 74.98, 30.00, 0.008, 316.00, -0.00);
insert into SHOT values (265, 268, 269, 434, 18.000, 51.00, 24.00, 18.001, 51.00, 23.99, 0.002, 25.63, -35.88);
insert into SHOT values (266, 237, 270, 434, 24.000, 126.00, 28.00, 23.996, 125.99, 28.01, 0.007, 326.78, 21.82);
insert into SHOT values (267, 270, 271, 434, 10.400, 12.00, 31.00, 10.398, 12.04, 30.97, 0.009, 87.70, -44.24);
insert into SHOT values (268, 271, 272, 434, 30.500, 71.00, 25.00, 30.495, 70.99, 25.00, 0.006, 274.64, 1.28);
insert into SHOT values (269, 272, 273, 434, 18.400, 66.00, 31.00, 18.401, 66.02, 31.01, 0.006, 161.51, 32.03);
insert into SHOT values (270, 270, 274, 434, 25.000, 192.00, 7.00, 25.008, 192.00, 6.98, 0.011, 186.32, -37.94);
insert into SHOT values (271, 236, 275, 434, 29.000, 280.00, -19.00, 28.996, 280.00, -19.00, 0.004, 112.55, 21.47);
insert into SHOT values (272, 275, 276, 434, 31.000, 262.00, -35.00, 31.002, 262.01, -35.00, 0.005, 320.35, 9.23);
insert into SHOT values (273, 276, 277, 434, 30.000, 353.00, -33.00, 29.999, 352.99, -33.00, 0.005, 235.52, -10.32);
insert into SHOT values (274, 277, 278, 434, 27.000, 21.00, 2.00, 26.999, 21.00, 2.00, 0.003, 181.75, -60.06);
insert into SHOT values (275, 278, 279, 434, 18.500, 0.00, -19.00, 18.506, 0.00, -18.98, 0.008, 0.00, 20.85);
insert into SHOT values (276, 279, 280, 434, 19.800, 347.00, 5.00, 19.790, 347.01, 5.02, 0.012, 142.15, 20.50);
insert into SHOT values (277, 280, 281, 434, 23.300, 15.00, 33.00, 23.302, 14.97, 33.00, 0.009, 302.42, -0.57);
insert into SHOT values (278, 281, 282, 434, 31.000, 85.00, 18.00, 31.000, 85.00, 18.00, 0.001, 306.07, 34.27);
insert into SHOT values (279, 282, 283, 434, 20.900, 97.00, 18.00, 20.898, 96.99, 17.98, 0.009, 24.16, -72.67);
insert into SHOT values (280, 283, 284, 434, 9.700, 115.00, 11.00, 9.705, 115.03, 11.05, 0.011, 176.78, 57.06);
insert into SHOT values (281, 230, 285, 434, 15.100, 166.00, -8.00, 15.101, 165.99, -7.99, 0.003, 113.91, 28.68);
insert into SHOT values (282, 285, 286, 434, 24.400, 214.00, -21.00, 24.396, 214.01, -20.99, 0.007, 338.57, 38.17);
insert into SHOT values (283, 286, 287, 434, 30.000, 233.00, -7.00, 30.000, 233.00, -7.01, 0.004, 104.59, -82.82);
insert into SHOT values (284, 287, 288, 434, 31.000, 213.00, -9.00, 31.003, 213.01, -9.00, 0.004, 252.23, -7.11);
insert into SHOT values (285, 288, 289, 434, 20.000, 204.00, 18.00, 20.000, 203.98, 18.00, 0.007, 116.82, -2.63);
insert into SHOT values (286, 289, 290, 434, 18.200, 198.00, 16.00, 18.194, 198.02, 16.02, 0.010, 336.63, 19.74);
insert into SHOT values (287, 290, 291, 434, 22.300, 236.00, -20.00, 22.300, 235.99, -20.01, 0.004, 127.97, -41.79);
insert into SHOT values (288, 290, 292, 434, 31.000, 213.00, 8.00, 31.003, 213.00, 7.99, 0.006, 186.77, -45.70);
insert into SHOT values (289, 292, 293, 434, 21.200, 230.00, 2.00, 21.201, 230.00, 2.00, 0.001, 168.31, 6.07);
insert into SHOT values (290, 293, 294, 434, 7.900, 195.00, 27.00, 7.902, 194.98, 27.02, 0.004, 116.25, 59.79);
insert into SHOT values (291, 294, 295, 434, 16.900, 227.00, -3.00, 16.898, 226.99, -3.02, 0.006, 90.46, -61.98);
insert into SHOT values (292, 290, 296, 434, 26.000, 106.00, 20.00, 26.005, 106.01, 19.99, 0.008, 141.68, -19.39);
insert into SHOT values (293, 296, 297, 434, 9.200, 110.00, -5.00, 9.196, 109.98, -4.99, 0.005, 333.75, 19.62);
insert into SHOT values (294, 297, 298, 434, 23.800, 356.00, 15.00, 23.797, 356.01, 15.00, 0.005, 129.86, 1.29);
insert into SHOT values (295, 298, 299, 434, 18.300, 275.00, -28.00, 18.303, 275.01, -27.99, 0.004, 296.18, 18.60);
insert into SHOT values (296, 299, 300, 434, 12.800, 287.00, -39.00, 12.801, 287.01, -39.02, 0.006, 59.72, -55.29);
insert into SURVEY values (436, 71, 'rampage', 'rampage.clearwater_master', NULL);
 insert into CENTRELINE values (437, 436, NULL, NULL, NULL, 0.00, 0.00, 0.00);
 insert into CENTRELINE values (438, 436, NULL, '1989-11-01', NULL, 638.20, 0.00, 0.00);
 insert into SHOT values (297, 301, 302, 438, 30.000, 251.00, -28.00, 29.993, 251.00, -28.00, 0.008, 54.44, 32.48);
insert into SHOT values (298, 302, 303, 438, 6.500, 256.00, -23.00, 6.505, 255.99, -22.99, 0.005, 240.53, -2.78);
insert into SHOT values (299, 303, 304, 438, 16.800, 244.00, -40.00, 16.802, 244.01, -40.00, 0.004, 299.22, -19.20);
insert into SHOT values (300, 304, 305, 438, 6.700, 230.00, -26.00, 6.699, 229.99, -26.03, 0.004, 75.07, -42.63);
insert into SHOT values (301, 305, 306, 438, 16.200, 265.00, -32.00, 16.201, 264.99, -31.98, 0.007, 236.09, 44.96);
insert into SHOT values (302, 306, 307, 438, 27.700, 244.00, -26.00, 27.696, 244.00, -26.02, 0.011, 60.26, -41.81);
insert into SHOT values (303, 307, 308, 438, 19.900, 259.00, -18.00, 19.902, 259.00, -18.00, 0.002, 306.46, -14.89);
insert into SHOT values (304, 308, 309, 438, 21.800, 217.00, -17.00, 21.801, 217.01, -16.99, 0.005, 262.43, 44.81);
insert into SHOT values (305, 309, 310, 438, 30.000, 265.00, -36.00, 30.000, 264.99, -35.99, 0.006, 201.51, 35.24);
insert into SHOT values (306, 310, 311, 438, 24.300, 299.00, -34.00, 24.302, 299.01, -34.00, 0.004, 355.55, -26.58);
insert into SHOT values (307, 310, 312, 438, 30.000, 20.00, 2.00, 30.008, 20.01, 1.99, 0.011, 41.44, -39.31);
insert into SHOT values (308, 312, 313, 438, 30.000, 16.00, -3.00, 29.993, 16.01, -3.00, 0.009, 165.13, 0.52);
insert into SHOT values (309, 313, 314, 438, 30.000, 26.00, 10.00, 30.005, 25.99, 10.00, 0.006, 347.04, 5.31);
insert into SHOT values (310, 314, 315, 438, 30.000, 0.00, -3.00, 30.001, 0.00, -3.00, 0.001, 0.00, 4.04);
insert into SHOT values (311, 310, 316, 438, 30.000, 179.00, 9.00, 29.994, 178.99, 9.00, 0.007, 25.09, -24.12);
insert into SHOT values (312, 316, 317, 438, 19.800, 204.00, 6.00, 19.801, 204.00, 6.00, 0.001, 219.46, 16.29);
insert into SHOT values (313, 317, 318, 438, 26.900, 232.00, -23.00, 26.901, 231.99, -23.00, 0.006, 155.50, 6.60);
insert into SHOT values (314, 318, 319, 438, 30.000, 186.00, 6.00, 29.997, 186.00, 5.99, 0.006, 329.11, -66.22);
insert into SHOT values (315, 319, 320, 438, 30.000, 200.00, 5.00, 29.997, 200.00, 5.01, 0.007, 23.99, 54.25);
insert into SHOT values (316, 320, 321, 438, 30.000, 294.00, -23.00, 30.000, 293.99, -23.00, 0.004, 227.83, 31.83);
insert into SHOT values (317, 321, 322, 438, 10.000, 245.00, -17.00, 10.004, 245.02, -17.03, 0.007, 297.35, -62.25);
insert into SHOT values (318, 322, 323, 438, 9.300, 195.00, -14.00, 9.302, 194.96, -14.00, 0.007, 124.03, -1.09);
insert into SHOT values (319, 320, 324, 438, 21.700, 225.00, 21.00, 21.708, 225.00, 21.00, 0.008, 225.00, 26.06);
insert into SHOT values (320, 323, 325, 438, 110.603, 197.62, 0.00, 110.606, 197.61, 0.00, 0.003, 168.43, 0.00);
insert into SCRAPS values (439, 436, 'RampageSP1', 1, 33.50092, 2.19965);
 insert into MAPS values (452, 436, 'rampage_m', 'Rampage', 1, 638.203, 96.140);
 insert into MAPITEMS values (452, 4, 439);
 insert into SURVEY values (454, 71, 'alexandra_palace', 'alexandra_palace.clearwater_master', NULL);
 insert into CENTRELINE values (455, 454, NULL, NULL, NULL, 0.00, 0.00, 0.00);
 insert into CENTRELINE values (456, 454, 'alexandra palace', '1989-11-01', NULL, 319.40, 0.00, 0.00);
 insert into SHOT values (321, 326, 327, 456, 16.600, 105.00, -12.00, 16.605, 104.99, -11.99, 0.007, 67.37, 11.56);
insert into SHOT values (322, 327, 328, 456, 7.900, 100.00, -51.00, 7.897, 100.09, -51.03, 0.009, 222.38, -3.46);
insert into SHOT values (323, 328, 329, 456, 7.200, 135.00, -36.00, 7.194, 134.93, -36.01, 0.009, 7.46, 12.97);
insert into SHOT values (324, 329, 330, 456, 10.000, 157.00, -6.00, 10.006, 156.99, -5.97, 0.009, 142.72, 38.02);
insert into SHOT values (325, 330, 331, 456, 8.800, 207.00, 0.00, 8.801, 207.03, 0.00, 0.005, 279.96, 0.00);
insert into SHOT values (326, 331, 332, 456, 11.200, 185.00, 0.00, 11.203, 185.02, 0.00, 0.005, 235.81, 0.00);
insert into SHOT values (327, 332, 333, 456, 9.700, 51.00, 24.00, 9.702, 51.00, 23.96, 0.007, 45.51, -48.23);
insert into SHOT values (328, 333, 334, 456, 11.600, 49.00, -12.00, 11.595, 49.00, -12.00, 0.005, 219.83, 18.90);
insert into SHOT values (329, 334, 335, 456, 12.700, 161.00, -7.00, 12.694, 160.96, -7.01, 0.011, 35.43, -12.11);
insert into SHOT values (330, 335, 336, 456, 18.400, 178.00, 32.00, 18.404, 178.02, 31.99, 0.007, 220.16, -4.15);
insert into SHOT values (331, 336, 337, 456, 2.800, 98.00, -15.00, 2.801, 98.07, -14.90, 0.006, 154.31, 49.65);
insert into SHOT values (332, 337, 338, 456, 2.600, 90.00, -7.00, 2.600, 90.00, -7.07, 0.003, 270.00, -78.83);
insert into SHOT values (333, 338, 339, 456, 9.600, 39.00, 16.00, 9.609, 38.98, 16.01, 0.010, 16.94, 23.82);
insert into SHOT values (334, 339, 340, 456, 6.100, 106.00, 14.00, 6.101, 106.08, 13.94, 0.010, 176.79, -33.74);
insert into SHOT values (335, 340, 341, 456, 6.300, 52.00, 18.00, 6.301, 51.98, 18.03, 0.004, 308.11, 59.34);
insert into SHOT values (336, 341, 342, 456, 3.600, 24.00, 9.00, 3.603, 24.04, 8.94, 0.005, 65.43, -37.31);
insert into SHOT values (337, 342, 343, 456, 6.000, 338.00, -1.00, 5.999, 337.97, -0.96, 0.006, 230.15, 53.25);
insert into SHOT values (338, 343, 344, 456, 7.200, 1.00, -7.00, 7.205, 0.96, -7.02, 0.007, 315.21, -20.76);
insert into SHOT values (339, 344, 345, 456, 10.600, 357.00, -33.00, 10.600, 357.03, -32.98, 0.007, 66.62, 28.97);
insert into SHOT values (340, 345, 346, 456, 11.200, 278.00, -25.00, 11.201, 277.99, -25.04, 0.007, 145.38, -63.85);
insert into SHOT values (341, 345, 347, 456, 21.500, 58.00, 39.00, 21.498, 58.01, 39.00, 0.004, 176.33, -5.24);
insert into SHOT values (342, 347, 348, 456, 9.300, 94.00, 4.00, 9.296, 94.02, 4.01, 0.006, 239.06, 12.87);
insert into SHOT values (343, 348, 349, 456, 10.400, 74.00, -10.00, 10.407, 73.97, -10.02, 0.009, 34.50, -25.79);
insert into SHOT values (344, 349, 350, 456, 18.000, 98.00, 1.00, 17.999, 98.02, 1.02, 0.008, 201.84, 45.91);
insert into SHOT values (345, 350, 351, 456, 15.500, 117.00, 17.00, 15.502, 117.00, 16.99, 0.003, 102.33, -31.07);
insert into SHOT values (346, 351, 352, 456, 16.000, 167.00, -5.00, 15.999, 167.02, -5.02, 0.008, 276.17, -44.77);
insert into SHOT values (347, 352, 353, 456, 30.000, 177.00, 0.00, 30.001, 177.00, 0.00, 0.001, 184.04, 0.00);
insert into SHOT values (348, 353, 354, 456, 8.600, 177.00, -10.00, 8.592, 176.95, -9.99, 0.011, 41.09, 18.19);
insert into SHOT values (349, 354, 355, 456, 10.000, 223.00, -2.00, 10.004, 223.01, -2.01, 0.004, 257.58, -13.24);
insert into SCRAPS values (457, 454, 'AlexandraPalaceSP1', 1, 46.81939, 6.16679);
 insert into MAPS values (469, 454, 'alexandra_palace_m', NULL, 1, 319.400, 25.810);
 insert into MAPITEMS values (469, 4, 457);
 insert into SURVEY values (471, 71, 'clearwater_5', 'clearwater_5.clearwater_master', NULL);
 insert into CENTRELINE values (472, 471, NULL, NULL, NULL, 0.00, 0.00, 0.00);
 insert into SCRAPS values (473, 471, 'clearwater_5_s1', 1, 56.25581, 5.73400);
 insert into MAPS values (545, 471, 'clearwater_5_m', NULL, 1, 1317.400, 118.850);
 insert into MAPITEMS values (545, 4, 473);
 insert into CENTRELINE values (546, 471, NULL, '1989-11-01', NULL, 1317.40, 0.00, 0.00);
 insert into SHOT values (350, 356, 357, 546, 11.000, 190.00, -6.00, 11.006, 190.00, -6.00, 0.006, 182.96, -1.66);
insert into SHOT values (351, 357, 358, 546, 7.000, 212.00, -43.00, 6.995, 211.98, -42.99, 0.005, 61.77, 50.38);
insert into SHOT values (352, 358, 359, 546, 30.500, 248.00, -30.00, 30.506, 248.02, -29.99, 0.011, 296.50, 0.00);
insert into SHOT values (353, 359, 360, 546, 27.000, 36.00, 0.00, 27.003, 36.02, 0.00, 0.010, 109.44, 0.00);
insert into SHOT values (354, 360, 361, 546, 30.500, 37.00, 0.00, 30.498, 36.99, 0.00, 0.006, 286.79, 0.00);
insert into SHOT values (355, 361, 362, 546, 30.500, 3.00, 0.00, 30.502, 3.01, 0.00, 0.004, 64.39, 0.00);
insert into SHOT values (356, 362, 363, 546, 30.000, 358.00, 0.00, 29.998, 357.99, 0.00, 0.003, 240.23, 0.00);
insert into SHOT values (357, 363, 364, 546, 30.500, 16.00, 0.00, 30.502, 16.00, 0.00, 0.003, 63.62, 0.00);
insert into SHOT values (358, 364, 365, 546, 31.000, 16.00, 0.00, 31.000, 15.99, 0.00, 0.005, 280.56, 0.00);
insert into SHOT values (359, 365, 366, 546, 30.500, 336.00, 0.00, 30.495, 336.01, 0.00, 0.006, 119.84, 0.00);
insert into SHOT values (360, 366, 367, 546, 29.500, 3.00, 0.00, 29.500, 2.99, 0.00, 0.004, 276.26, 0.00);
insert into SHOT values (361, 367, 368, 546, 17.800, 43.00, 0.00, 17.802, 43.00, 0.00, 0.002, 12.70, 0.00);
insert into SHOT values (362, 368, 369, 546, 30.000, 13.00, 0.00, 29.999, 13.00, 0.00, 0.002, 126.89, 0.00);
insert into SHOT values (363, 369, 370, 546, 30.500, 38.00, 0.00, 30.498, 38.01, 0.00, 0.005, 151.76, 0.00);
insert into SHOT values (364, 370, 371, 546, 23.100, 14.00, 0.00, 23.104, 13.98, 0.00, 0.010, 306.31, 0.00);
insert into SHOT values (365, 371, 372, 546, 30.500, 17.00, 0.00, 30.494, 17.01, 0.00, 0.008, 159.95, 0.00);
insert into SHOT values (366, 372, 373, 546, 11.300, 41.00, 0.00, 11.299, 40.98, 0.00, 0.004, 297.20, 0.00);
insert into SHOT values (367, 373, 374, 546, 9.200, 6.00, 0.00, 9.201, 6.05, 0.00, 0.008, 87.26, 0.00);
insert into SHOT values (368, 374, 375, 546, 30.500, 11.00, 0.00, 30.500, 11.00, 0.00, 0.000, 41.28, 0.00);
insert into SHOT values (369, 375, 376, 546, 30.500, 17.00, 0.00, 30.500, 16.99, 0.00, 0.008, 290.24, 0.00);
insert into SHOT values (370, 376, 377, 546, 17.000, 37.00, 0.00, 17.002, 36.99, 0.00, 0.003, 345.02, 0.00);
insert into SHOT values (371, 377, 378, 546, 30.500, 25.00, 0.00, 30.498, 25.00, 0.00, 0.002, 176.57, 0.00);
insert into SHOT values (372, 378, 379, 546, 30.500, 11.00, 0.00, 30.500, 11.00, 0.00, 0.000, 41.28, 0.00);
insert into SHOT values (373, 379, 380, 546, 7.900, 358.00, 0.00, 7.895, 358.04, 0.00, 0.008, 132.28, 0.00);
insert into SHOT values (374, 380, 381, 546, 31.000, 40.00, 0.00, 30.998, 39.99, 0.00, 0.007, 292.23, 0.00);
insert into SHOT values (375, 381, 382, 546, 30.500, 59.00, 0.00, 30.506, 59.00, 0.00, 0.007, 78.18, 0.00);
insert into SHOT values (376, 382, 383, 546, 30.500, 22.00, 0.00, 30.499, 21.99, 0.00, 0.006, 279.21, 0.00);
insert into SHOT values (377, 383, 384, 546, 30.500, 8.00, 0.00, 30.498, 8.01, 0.00, 0.006, 121.32, 0.00);
insert into SHOT values (378, 384, 385, 546, 28.000, 6.00, 0.00, 28.004, 6.01, 0.00, 0.005, 43.40, 0.00);
insert into SHOT values (379, 385, 386, 546, 25.900, 22.00, 0.00, 25.895, 22.00, 0.00, 0.005, 209.64, 0.00);
insert into SHOT values (380, 386, 387, 546, 30.500, 23.00, 0.00, 30.501, 22.98, 0.00, 0.009, 302.23, 0.00);
insert into SHOT values (381, 387, 388, 546, 30.500, 20.00, 0.00, 30.502, 20.02, 0.00, 0.008, 94.26, 0.00);
insert into SHOT values (382, 388, 389, 546, 29.400, 13.00, 0.00, 29.393, 13.00, 0.00, 0.007, 208.79, 0.00);
insert into SHOT values (383, 389, 390, 546, 29.100, 22.00, 0.00, 29.108, 21.99, 0.00, 0.009, 353.30, 0.00);
insert into SHOT values (384, 390, 391, 546, 20.700, 18.00, 0.00, 20.695, 18.01, 0.00, 0.008, 154.02, 0.00);
insert into SHOT values (385, 391, 392, 546, 30.500, 357.00, 0.00, 30.502, 356.99, 0.00, 0.004, 295.61, 0.00);
insert into SHOT values (386, 392, 393, 546, 30.500, 11.00, 0.00, 30.500, 11.00, 0.00, 0.000, 41.28, 0.00);
insert into SHOT values (387, 393, 394, 546, 27.600, 12.00, 0.00, 27.603, 12.00, 0.00, 0.004, 27.64, 0.00);
insert into SHOT values (388, 394, 395, 546, 30.500, 4.00, 6.00, 30.501, 4.01, 6.00, 0.005, 76.61, 24.15);
insert into SHOT values (389, 395, 396, 546, 30.500, 17.00, -2.00, 30.500, 17.00, -2.01, 0.006, 283.94, -70.57);
insert into SHOT values (390, 396, 397, 546, 19.600, 55.00, -6.00, 19.594, 54.99, -6.01, 0.008, 266.05, -9.47);
insert into SHOT values (391, 397, 398, 546, 24.800, 313.00, 10.00, 24.795, 312.99, 10.01, 0.008, 162.98, 27.04);
insert into SHOT values (392, 398, 399, 546, 17.400, 260.00, 28.00, 17.399, 260.03, 28.01, 0.008, 359.16, 8.70);
insert into SHOT values (393, 399, 400, 546, 6.500, 210.00, -13.00, 6.501, 209.92, -12.98, 0.009, 127.32, 14.51);
insert into SHOT values (394, 400, 401, 546, 20.100, 260.00, 11.00, 20.099, 259.99, 10.99, 0.007, 165.92, -53.33);
insert into SHOT values (395, 401, 402, 546, 24.200, 273.00, 3.00, 24.207, 273.01, 3.01, 0.009, 309.63, 23.03);
insert into SHOT values (396, 402, 403, 546, 30.500, 290.00, 5.00, 30.498, 290.00, 5.00, 0.003, 140.84, 35.26);
insert into SHOT values (397, 403, 404, 546, 20.800, 345.00, 25.00, 20.801, 345.00, 25.00, 0.002, 320.13, -17.24);
insert into SHOT values (398, 403, 405, 546, 100.000, 0.00, 90.00, 100.000, 90.00, 90.00, 0.000, 0.00, -2.33);
insert into SURVEY values (548, 71, 'edwins_long_cut', 'edwins_long_cut.clearwater_master', NULL);
 insert into CENTRELINE values (549, 548, NULL, NULL, NULL, 0.00, 0.00, 0.00);
 insert into CENTRELINE values (550, 548, NULL, '1991-01-01', NULL, 1089.20, 0.00, 0.00);
 insert into SHOT values (399, 406, 407, 550, 16.000, 26.00, -5.00, 16.004, 26.00, -4.98, 0.007, 34.40, 42.69);
insert into SHOT values (400, 407, 408, 550, 8.000, 5.00, -51.00, 7.999, 5.02, -51.04, 0.006, 167.39, -27.08);
insert into SHOT values (401, 408, 409, 550, 17.900, 305.00, -40.00, 17.910, 305.00, -39.99, 0.010, 303.29, -24.21);
insert into SHOT values (402, 409, 410, 550, 31.000, 257.00, -32.00, 31.008, 256.96, -30.83, 0.635, 253.49, 57.82);
insert into SHOT values (403, 410, 411, 550, 17.300, 310.00, -35.00, 17.285, 309.71, -34.42, 0.191, 270.42, 53.26);
insert into SHOT values (404, 411, 412, 550, 14.600, 9.00, -11.00, 14.593, 8.70, -10.58, 0.130, 288.93, 54.28);
insert into SHOT values (405, 412, 413, 550, 10.800, 350.00, -25.00, 10.786, 349.71, -24.72, 0.074, 270.66, 47.17);
insert into SHOT values (406, 413, 414, 550, 5.700, 176.00, 29.00, 5.701, 175.97, 29.07, 0.008, 35.10, 59.38);
insert into SHOT values (407, 414, 415, 550, 7.900, 239.00, -13.00, 7.900, 239.04, -13.02, 0.006, 336.82, -30.43);
insert into SHOT values (408, 415, 416, 550, 3.200, 290.00, -22.00, 3.201, 289.90, -22.02, 0.005, 202.16, -13.74);
insert into SHOT values (409, 416, 417, 550, 3.800, 167.00, -6.00, 3.798, 166.99, -6.05, 0.004, 356.77, -50.19);
insert into SHOT values (410, 417, 418, 550, 7.600, 292.00, -15.00, 7.592, 292.02, -14.96, 0.010, 90.01, 47.26);
insert into SHOT values (411, 418, 419, 550, 9.500, 172.00, -10.00, 9.505, 172.02, -10.00, 0.006, 200.95, -3.40);
insert into SHOT values (412, 419, 420, 550, 3.700, 276.00, -23.00, 3.705, 276.06, -23.04, 0.006, 325.04, -41.42);
insert into SHOT values (413, 420, 421, 550, 13.900, 304.00, -40.00, 13.903, 303.97, -40.02, 0.007, 209.12, -46.88);
insert into SHOT values (414, 421, 422, 550, 7.700, 305.00, -47.00, 7.701, 305.08, -46.98, 0.008, 12.00, 9.96);
insert into SHOT values (415, 422, 423, 550, 4.500, 298.00, -35.00, 4.496, 298.03, -35.02, 0.005, 96.77, 12.99);
insert into SHOT values (416, 423, 424, 550, 8.700, 36.00, 3.00, 8.697, 35.96, 3.03, 0.008, 280.10, 34.41);
insert into SHOT values (417, 424, 425, 550, 19.300, 307.00, -38.00, 19.293, 307.01, -38.01, 0.007, 114.29, 18.61);
insert into SHOT values (418, 425, 426, 550, 24.600, 321.00, -36.00, 24.605, 320.99, -35.99, 0.006, 302.16, -4.34);
insert into SHOT values (419, 426, 427, 550, 26.200, 2.00, -13.00, 26.199, 2.00, -13.01, 0.007, 197.56, -63.82);
insert into SHOT values (420, 427, 428, 550, 6.200, 270.00, 43.00, 6.198, 270.00, 43.04, 0.005, 90.00, 20.13);
insert into SHOT values (421, 428, 429, 550, 12.700, 293.00, -15.00, 12.698, 292.99, -15.02, 0.005, 147.09, -38.19);
insert into SHOT values (422, 429, 430, 550, 5.700, 297.00, -25.00, 5.700, 297.06, -25.01, 0.006, 31.64, -11.02);
insert into SHOT values (423, 430, 431, 550, 5.300, 306.00, -13.00, 5.298, 305.94, -12.98, 0.006, 201.24, 21.08);
insert into SHOT values (424, 431, 432, 550, 17.000, 28.00, 5.00, 17.006, 27.99, 4.99, 0.007, 354.73, -13.17);
insert into SHOT values (425, 432, 433, 550, 6.700, 331.00, -29.00, 6.692, 330.98, -28.96, 0.010, 169.59, 57.12);
insert into SHOT values (426, 433, 434, 550, 17.200, 4.00, 20.00, 17.195, 3.97, 20.00, 0.009, 245.85, -18.58);
insert into SHOT values (427, 434, 435, 550, 12.300, 8.00, 5.50, 12.307, 8.02, 5.50, 0.008, 46.32, 7.47);
insert into SHOT values (428, 435, 436, 550, 15.300, 10.00, -23.00, 15.300, 9.98, -23.01, 0.006, 272.44, -17.89);
insert into SHOT values (429, 436, 437, 550, 13.800, 324.00, 23.00, 13.790, 324.01, 23.01, 0.010, 136.27, -12.32);
insert into SHOT values (430, 437, 438, 550, 10.200, 340.00, -47.00, 10.202, 340.00, -46.99, 0.003, 346.10, -3.40);
insert into SHOT values (431, 438, 439, 550, 13.500, 333.00, -8.00, 13.499, 332.99, -8.01, 0.002, 206.88, -34.20);
insert into SHOT values (432, 431, 440, 550, 16.500, 279.00, -8.00, 16.501, 279.01, -7.98, 0.008, 336.20, 55.81);
insert into SHOT values (433, 440, 441, 550, 28.500, 276.00, 35.00, 28.498, 276.00, 34.99, 0.007, 261.59, -73.29);
insert into SHOT values (434, 441, 442, 550, 13.300, 258.00, 0.00, 13.302, 257.98, 0.00, 0.005, 187.60, 0.00);
insert into SHOT values (435, 442, 443, 550, 6.100, 316.00, 14.00, 6.102, 316.03, 14.04, 0.005, 33.14, 56.51);
insert into SHOT values (436, 443, 444, 550, 4.300, 300.00, -43.00, 4.295, 299.99, -43.01, 0.005, 124.60, 31.41);
insert into SHOT values (437, 444, 445, 550, 2.400, 302.00, 8.00, 2.404, 301.95, 7.89, 0.006, 277.24, -41.57);
insert into SHOT values (438, 445, 446, 550, 13.000, 241.00, 10.00, 13.000, 241.03, 10.01, 0.008, 338.42, 19.45);
insert into SHOT values (439, 446, 447, 550, 6.300, 196.00, 4.00, 6.308, 195.96, 4.00, 0.009, 165.45, 3.36);
insert into SHOT values (440, 447, 448, 550, 13.700, 211.00, -36.00, 13.705, 211.01, -36.02, 0.008, 285.83, -77.56);
insert into SHOT values (441, 448, 449, 550, 14.300, 197.00, -30.00, 14.297, 197.00, -30.01, 0.003, 14.40, 0.00);
insert into SHOT values (442, 449, 450, 550, 22.500, 223.00, -21.00, 22.493, 222.99, -21.00, 0.007, 66.58, 27.59);
insert into SHOT values (443, 450, 451, 550, 16.900, 248.00, 27.00, 16.897, 248.00, 27.00, 0.003, 61.74, -54.30);
insert into SHOT values (444, 451, 452, 550, 6.000, 313.00, 46.00, 6.003, 312.96, 46.03, 0.005, 214.68, 52.11);
insert into SHOT values (445, 452, 453, 550, 3.200, 236.00, 28.00, 3.205, 236.09, 27.91, 0.008, 269.71, -16.88);
insert into SHOT values (446, 453, 454, 550, 10.600, 288.00, 36.00, 10.595, 288.01, 36.02, 0.006, 90.00, -5.11);
insert into SHOT values (447, 454, 455, 550, 11.000, 246.00, 15.00, 11.003, 246.02, 15.01, 0.005, 295.84, 38.27);
insert into SHOT values (448, 455, 456, 550, 6.500, 270.00, 25.00, 6.500, 270.00, 25.03, 0.003, 90.00, 71.45);
insert into SHOT values (449, 456, 457, 550, 13.800, 305.00, 31.00, 13.794, 304.98, 30.98, 0.009, 183.89, -57.50);
insert into SHOT values (450, 435, 458, 550, 10.000, 76.00, 40.00, 9.999, 76.02, 40.02, 0.005, 221.89, 26.09);
insert into SHOT values (451, 413, 459, 550, 18.500, 45.00, 14.00, 18.499, 44.80, 14.65, 0.221, 274.90, 67.86);
insert into SHOT values (452, 459, 460, 550, 26.200, 80.00, 23.00, 26.197, 80.07, 23.96, 0.441, 251.27, 65.88);
insert into SHOT values (453, 460, 461, 550, 20.000, 50.00, 26.00, 19.998, 50.01, 26.01, 0.005, 183.96, 28.82);
insert into SHOT values (454, 461, 462, 550, 12.900, 40.00, 4.50, 12.895, 39.98, 4.49, 0.007, 256.72, -17.89);
insert into SHOT values (455, 462, 463, 550, 27.700, 167.00, 25.00, 27.701, 166.99, 25.01, 0.005, 64.12, 49.54);
insert into SHOT values (456, 460, 464, 550, 21.500, 185.00, 18.00, 21.522, 185.46, 18.56, 0.266, 290.78, 50.68);
insert into SHOT values (457, 464, 465, 550, 13.500, 157.00, 30.00, 13.513, 157.29, 30.41, 0.114, 279.93, 52.44);
insert into SHOT values (458, 465, 466, 550, 10.200, 180.00, 35.00, 10.210, 180.21, 35.23, 0.052, 297.10, 49.55);
insert into SHOT values (459, 466, 409, 550, 5.300, 207.00, -23.00, 5.301, 207.14, -22.75, 0.026, 258.54, 53.52);
insert into SHOT values (460, 426, 467, 550, 5.000, 298.00, -38.00, 4.995, 298.06, -38.07, 0.009, 88.34, -10.81);
insert into SHOT values (461, 467, 468, 550, 11.400, 338.00, -31.00, 11.402, 337.95, -30.99, 0.010, 268.97, 8.62);
insert into SHOT values (462, 468, 469, 550, 11.700, 270.00, -55.00, 11.704, 270.00, -55.02, 0.006, 90.00, -81.88);
insert into SHOT values (463, 469, 470, 550, 9.600, 0.00, 17.00, 9.600, 0.00, 17.02, 0.003, 180.00, 80.76);
insert into SHOT values (464, 427, 471, 550, 7.000, 342.00, -19.00, 6.995, 342.03, -19.02, 0.007, 131.68, -8.25);
insert into SHOT values (465, 471, 472, 550, 3.400, 8.00, 30.00, 3.404, 7.99, 29.97, 0.004, 2.84, 0.00);
insert into SHOT values (466, 472, 473, 550, 10.800, 27.00, 5.00, 10.801, 26.97, 4.99, 0.006, 310.17, -12.44);
insert into SHOT values (467, 473, 474, 550, 9.800, 43.00, -2.00, 9.798, 43.01, -1.99, 0.004, 170.46, 34.42);
insert into SHOT values (468, 474, 475, 550, 11.500, 34.00, -2.00, 11.503, 34.01, -1.99, 0.004, 59.62, 19.92);
insert into SHOT values (469, 475, 476, 550, 8.500, 9.00, -23.00, 8.492, 8.98, -23.01, 0.009, 206.61, 7.77);
insert into SHOT values (470, 476, 477, 550, 13.700, 294.00, -40.00, 13.698, 294.02, -40.03, 0.009, 79.58, -26.59);
insert into SHOT values (471, 439, 478, 550, 21.000, 304.00, -59.00, 21.002, 304.00, -58.99, 0.004, 299.72, 7.70);
insert into SHOT values (472, 478, 479, 550, 22.200, 296.00, -66.00, 22.198, 296.03, -66.01, 0.006, 73.38, 6.79);
insert into SHOT values (473, 479, 480, 550, 15.700, 100.00, -9.00, 15.697, 99.99, -8.98, 0.007, 337.46, 64.01);
insert into SHOT values (474, 480, 481, 550, 28.100, 78.00, 22.00, 28.092, 78.01, 21.99, 0.010, 213.25, -37.98);
insert into SHOT values (475, 481, 482, 550, 30.800, 49.00, 30.00, 30.800, 49.00, 30.00, 0.001, 304.50, -0.00);
insert into SHOT values (476, 480, 483, 550, 22.500, 254.00, -40.00, 22.506, 254.00, -40.01, 0.008, 297.60, -75.29);
insert into SHOT values (477, 483, 484, 550, 26.400, 252.00, 9.00, 26.402, 252.00, 9.00, 0.003, 207.19, 2.77);
insert into SHOT values (478, 484, 485, 550, 8.900, 264.00, -3.00, 8.901, 263.99, -2.96, 0.006, 222.34, 77.21);
insert into SHOT values (479, 485, 486, 550, 28.500, 223.00, -29.00, 28.501, 223.00, -29.01, 0.003, 344.39, -85.81);
insert into SHOT values (480, 486, 487, 550, 10.200, 220.00, -51.00, 10.201, 219.94, -51.02, 0.007, 113.95, -25.00);
insert into SCRAPS values (551, 548, 'edwins_long_cut_s1', 1, 0.75031, 0.31203);
 insert into SCRAPS values (595, 548, 'edwins_long_cut_s2', 1, 7.56139, 1.01418);
 insert into SCRAPS values (661, 548, 'edwins_long_cut_s3', 1, 4.34645, 1.77335);
 insert into SCRAPS values (697, 548, 'edwins_long_cut_s4', 1, 2.42358, 0.55644);
 insert into MAPS values (742, 548, 'edwins_long_cut_m', 'Edwins Long Cut', 1, 1089.200, 187.140);
 insert into MAPITEMS values (742, 4, 697);
 insert into MAPITEMS values (742, 4, 551);
 insert into MAPITEMS values (742, 4, 595);
 insert into MAPITEMS values (742, 4, 661);
 insert into SURVEY values (744, 71, 'alans_clearwater_5', 'alans_clearwater_5.clearwater_master', NULL);
 insert into CENTRELINE values (745, 744, NULL, NULL, NULL, 0.00, 0.00, 0.00);
 insert into CENTRELINE values (746, 744, NULL, NULL, NULL, 922.60, 0.00, 0.00);
 insert into SHOT values (481, 488, 489, 746, 15.900, 105.00, -19.00, 15.900, 105.00, -19.01, 0.004, 304.51, -62.56);
insert into SHOT values (482, 489, 490, 746, 27.300, 21.00, 0.50, 27.294, 21.00, 0.50, 0.007, 208.01, 15.10);
insert into SHOT values (483, 490, 491, 746, 29.200, 51.00, 2.50, 29.200, 51.00, 2.51, 0.007, 321.45, 74.87);
insert into SHOT values (484, 491, 492, 746, 18.700, 53.00, 12.50, 18.700, 52.99, 12.48, 0.008, 350.40, -68.91);
insert into SHOT values (485, 492, 493, 746, 25.600, 50.50, 24.50, 25.607, 50.50, 24.50, 0.007, 62.95, 34.47);
insert into SHOT values (486, 493, 494, 746, 30.000, 37.50, 2.00, 29.994, 37.50, 2.01, 0.007, 195.72, 25.44);
insert into SHOT values (487, 494, 495, 746, 24.300, 352.50, -6.50, 24.304, 352.50, -6.52, 0.010, 26.88, -71.35);
insert into SHOT values (488, 495, 496, 746, 30.000, 1.50, -4.50, 30.002, 1.49, -4.49, 0.005, 313.38, 43.52);
insert into SHOT values (489, 496, 497, 746, 26.700, 23.00, -7.50, 26.704, 23.01, -7.49, 0.009, 67.53, 34.73);
insert into SHOT values (490, 497, 498, 746, 30.000, 24.50, -12.00, 29.995, 24.49, -12.01, 0.010, 255.61, -16.02);
insert into SHOT values (491, 498, 499, 746, 30.000, 57.50, 5.50, 30.001, 57.51, 5.49, 0.009, 135.23, -38.59);
insert into SHOT values (492, 499, 500, 746, 7.100, 1.50, -2.50, 7.099, 1.54, -2.50, 0.004, 100.64, -3.93);
insert into SHOT values (493, 500, 501, 746, 26.800, 332.50, -6.00, 26.800, 332.49, -6.00, 0.004, 240.37, 22.03);
insert into SHOT values (494, 501, 502, 746, 30.000, 21.00, 0.50, 30.003, 21.00, 0.50, 0.004, 350.23, -25.85);
insert into SHOT values (495, 502, 503, 746, 30.000, 13.50, 0.00, 29.998, 13.49, 0.00, 0.004, 251.91, 0.00);
insert into SHOT values (496, 503, 504, 746, 30.000, 1.50, 0.50, 30.002, 1.51, 0.52, 0.010, 73.24, 58.99);
insert into SHOT values (497, 504, 505, 746, 25.900, 349.50, -1.00, 25.898, 349.50, -1.02, 0.008, 198.67, -72.23);
insert into SHOT values (498, 499, 506, 746, 28.900, 29.50, 12.50, 28.902, 29.49, 12.51, 0.007, 308.54, 45.92);
insert into SHOT values (499, 506, 507, 746, 24.500, 48.50, 1.50, 24.506, 48.51, 1.50, 0.007, 78.71, -10.79);
insert into SHOT values (500, 507, 508, 746, 30.000, 16.50, 1.50, 29.993, 16.49, 1.51, 0.010, 237.87, 27.78);
insert into SHOT values (501, 508, 509, 746, 24.000, 355.50, -7.00, 24.002, 355.52, -7.01, 0.011, 75.49, -28.96);
insert into SHOT values (502, 509, 510, 746, 27.600, 20.00, -6.00, 27.594, 19.99, -5.99, 0.010, 246.85, 29.68);
insert into SHOT values (503, 510, 511, 746, 28.100, 65.00, 19.00, 28.098, 65.00, 18.98, 0.009, 9.68, -80.31);
insert into SHOT values (504, 511, 512, 746, 30.000, 47.50, 23.50, 30.009, 47.50, 23.51, 0.010, 61.90, 47.10);
insert into SHOT values (505, 512, 513, 746, 30.000, 17.00, 33.00, 29.998, 16.99, 33.00, 0.006, 263.09, 7.68);
insert into SHOT values (506, 513, 514, 746, 30.000, 56.50, 32.00, 29.998, 56.51, 31.98, 0.009, 113.62, -55.67);
insert into SHOT values (507, 514, 515, 746, 12.500, 20.00, 28.00, 12.498, 19.98, 28.01, 0.005, 255.56, 17.87);
insert into SHOT values (508, 513, 516, 746, 22.100, 292.00, -11.50, 22.100, 291.99, -11.51, 0.005, 192.86, -56.04);
insert into SHOT values (509, 516, 517, 746, 19.500, 265.50, 6.50, 19.495, 265.50, 6.51, 0.006, 88.63, 27.25);
insert into SHOT values (510, 516, 518, 746, 18.300, 247.50, -39.50, 18.295, 247.51, -39.51, 0.007, 57.22, 1.90);
insert into SHOT values (511, 518, 519, 746, 10.300, 238.00, -38.50, 10.301, 238.02, -38.48, 0.005, 291.89, 23.80);
insert into SHOT values (512, 510, 520, 746, 30.000, 351.00, -7.00, 29.999, 351.02, -7.01, 0.009, 88.49, -25.95);
insert into SHOT values (513, 520, 521, 746, 8.800, 353.50, -3.00, 8.809, 353.47, -2.99, 0.010, 328.81, 3.19);
insert into SHOT values (514, 521, 522, 746, 9.600, 54.00, 26.00, 9.599, 54.01, 26.01, 0.002, 198.05, 43.16);
insert into SHOT values (515, 522, 523, 746, 30.000, 20.50, 3.50, 29.994, 20.51, 3.50, 0.009, 156.48, -9.77);
insert into SHOT values (516, 523, 524, 746, 21.500, 31.50, -1.00, 21.500, 31.49, -1.01, 0.005, 297.12, -64.70);
insert into SHOT values (517, 510, 525, 746, 30.000, 234.00, -3.50, 29.996, 234.00, -3.52, 0.010, 82.74, -58.27);
insert into SHOT values (518, 525, 526, 746, 19.400, 241.00, -0.50, 19.400, 241.02, -0.47, 0.011, 328.57, 58.04);
insert into SCRAPS values (747, 744, 'alans_clearwater_5_s1', 1, 0.12643, 0.00469);
 insert into MAPS values (795, 744, 'alans_clearwater_5_m', NULL, 1, 922.600, 66.360);
 insert into MAPITEMS values (795, 4, 747);
 insert into SURVEY values (797, 71, 'clearwater_6_7', 'clearwater_6_7.clearwater_master', NULL);
 insert into CENTRELINE values (798, 797, NULL, NULL, NULL, 0.00, 0.00, 0.00);
 insert into CENTRELINE values (799, 797, 'clearwater 6 & 7', '1998-01-01', NULL, 1476.40, 0.00, 0.00);
 insert into SHOT values (519, 527, 528, 799, 10.500, 6.00, -16.00, 10.500, 5.97, -15.98, 0.007, 292.11, 37.66);
insert into SHOT values (520, 528, 529, 799, 14.300, 273.00, 10.00, 14.296, 272.97, 9.99, 0.008, 153.87, -22.02);
insert into SHOT values (521, 529, 530, 799, 21.600, 293.00, 1.00, 21.601, 293.00, 1.01, 0.003, 355.27, 63.68);
insert into SHOT values (522, 530, 531, 799, 16.600, 340.00, -6.00, 16.607, 340.00, -5.98, 0.009, 331.44, 34.73);
insert into SHOT values (523, 531, 532, 799, 17.200, 351.00, -7.00, 17.199, 351.00, -7.01, 0.004, 159.05, -65.84);
insert into SHOT values (524, 532, 533, 799, 28.800, 76.00, 11.00, 28.798, 76.00, 10.99, 0.005, 300.99, -76.42);
insert into SHOT values (525, 533, 534, 799, 17.900, 6.00, 0.00, 17.898, 6.00, 0.00, 0.002, 208.62, 0.00);
insert into SHOT values (526, 534, 535, 799, 25.700, 78.00, 8.00, 25.706, 78.01, 8.01, 0.007, 102.01, 26.96);
insert into SHOT values (527, 535, 536, 799, 15.700, 120.00, 28.00, 15.695, 120.01, 28.01, 0.005, 282.62, -7.69);
insert into SHOT values (528, 536, 537, 799, 18.300, 135.00, 2.00, 18.297, 135.00, 2.00, 0.003, 315.00, 23.56);
insert into SHOT values (529, 537, 538, 799, 30.400, 92.00, 2.00, 30.407, 92.00, 2.00, 0.007, 87.57, -7.65);
insert into SHOT values (530, 538, 539, 799, 19.200, 30.00, 3.00, 19.193, 29.99, 3.02, 0.010, 234.40, 31.46);
insert into SHOT values (531, 539, 540, 799, 27.200, 16.00, -8.00, 27.200, 16.01, -8.01, 0.007, 108.33, -37.15);
insert into SHOT values (532, 540, 541, 799, 25.200, 117.00, 26.00, 25.199, 116.99, 26.01, 0.004, 340.66, 46.72);
insert into SHOT values (533, 532, 542, 799, 25.000, 200.00, 0.00, 24.998, 200.00, 0.00, 0.002, 12.27, 0.00);
insert into SHOT values (534, 539, 543, 799, 7.800, 206.00, -8.00, 7.796, 205.97, -8.04, 0.008, 68.53, -34.53);
insert into SHOT values (535, 543, 544, 799, 27.600, 240.00, -40.00, 27.599, 240.00, -40.00, 0.002, 9.04, 33.24);
insert into SHOT values (536, 544, 545, 799, 16.600, 105.00, 0.00, 16.597, 105.02, 0.00, 0.006, 230.48, 0.00);
insert into SHOT values (537, 545, 546, 799, 15.200, 112.00, 10.00, 15.202, 112.01, 10.00, 0.003, 159.83, 11.69);
insert into SHOT values (538, 546, 547, 799, 60.000, 57.00, -1.00, 60.002, 56.99, -1.00, 0.008, 338.83, -21.87);
insert into SHOT values (539, 547, 548, 799, 46.800, 56.00, 1.00, 46.802, 56.01, 1.00, 0.010, 131.92, 19.06);
insert into SHOT values (540, 548, 549, 799, 30.300, 96.00, 1.00, 30.300, 95.99, 1.00, 0.007, 4.89, 10.01);
insert into SHOT values (541, 549, 550, 799, 24.900, 23.00, 3.00, 24.898, 22.99, 2.99, 0.007, 278.15, -28.09);
insert into SHOT values (542, 550, 551, 799, 50.000, 7.00, 1.00, 50.000, 7.00, 1.00, 0.004, 275.64, -45.76);
insert into SHOT values (543, 551, 552, 799, 45.200, 25.00, 1.00, 45.192, 25.01, 1.00, 0.009, 176.36, 7.38);
insert into SHOT values (544, 552, 553, 799, 15.000, 345.00, -2.00, 15.000, 345.00, -1.99, 0.003, 232.36, 88.36);
insert into SHOT values (545, 553, 554, 799, 48.300, 7.00, 1.00, 48.308, 7.00, 1.00, 0.009, 32.18, -18.84);
insert into SHOT values (546, 554, 555, 799, 46.200, 309.00, 1.00, 46.250, 308.60, -0.98, 1.629, 227.62, -78.43);
insert into SHOT values (547, 555, 556, 799, 60.000, 32.00, 1.00, 60.004, 32.00, 1.00, 0.006, 356.31, 30.37);
insert into SHOT values (548, 556, 557, 799, 34.800, 18.00, 0.00, 34.805, 18.01, 0.00, 0.007, 62.49, 0.00);
insert into SHOT values (549, 554, 558, 799, 13.500, 321.00, 0.00, 13.501, 320.98, 0.00, 0.004, 250.60, 0.00);
insert into SHOT values (550, 558, 559, 799, 26.700, 73.00, 21.00, 26.703, 73.00, 21.00, 0.004, 49.92, 25.08);
insert into SHOT values (551, 559, 560, 799, 60.000, 58.00, 2.00, 59.995, 58.00, 2.00, 0.007, 198.08, -33.11);
insert into SHOT values (552, 560, 561, 799, 28.900, 50.00, 2.00, 28.907, 50.00, 2.00, 0.007, 45.28, 11.74);
insert into SHOT values (553, 561, 562, 799, 16.000, 14.00, 5.00, 15.994, 13.98, 5.02, 0.010, 226.79, 33.70);
insert into SHOT values (554, 562, 563, 799, 15.700, 342.00, -26.00, 15.703, 342.00, -26.03, 0.008, 127.02, -84.71);
insert into SHOT values (555, 560, 564, 799, 60.000, 97.00, 10.00, 60.002, 97.00, 10.00, 0.003, 61.45, 26.30);
insert into SHOT values (556, 564, 565, 799, 40.600, 82.00, 25.00, 40.602, 82.00, 25.00, 0.003, 117.17, 37.06);
insert into SHOT values (557, 555, 566, 799, 19.800, 236.00, 7.00, 19.805, 236.50, 6.12, 0.350, 313.16, -60.04);
insert into SHOT values (558, 566, 567, 799, 12.100, 167.00, 30.00, 12.068, 167.28, 29.65, 0.095, 247.40, -57.40);
insert into SHOT values (559, 567, 568, 799, 11.900, 136.00, 39.00, 11.865, 136.14, 38.77, 0.063, 219.08, -69.04);
insert into SHOT values (560, 568, 569, 799, 10.400, 270.00, 14.00, 10.415, 270.11, 13.44, 0.105, 297.19, -65.49);
insert into SHOT values (561, 569, 570, 799, 11.100, 247.00, 36.00, 11.096, 247.21, 35.48, 0.106, 277.86, -52.67);
insert into SHOT values (562, 570, 571, 799, 36.700, 197.00, 25.00, 36.698, 198.00, 23.61, 1.062, 255.51, -49.70);
insert into SHOT values (563, 571, 572, 799, 58.000, 130.00, 28.00, 57.980, 130.45, 26.61, 1.463, 162.83, -59.38);
insert into SHOT values (564, 572, 573, 799, 45.400, 1.00, -30.00, 45.443, 359.90, -31.42, 1.354, 234.89, -46.96);
insert into SHOT values (565, 573, 554, 799, 60.000, 50.00, -40.00, 60.075, 48.73, -42.47, 2.771, 260.61, -45.99);
insert into SHOT values (566, 533, 574, 799, 26.500, 182.00, 22.00, 26.505, 182.01, 22.00, 0.006, 208.61, 29.20);
insert into SHOT values (567, 574, 575, 799, 33.300, 140.00, 27.00, 33.306, 139.99, 27.00, 0.008, 97.44, 14.42);
insert into SHOT values (568, 575, 576, 799, 14.500, 133.00, 38.00, 14.497, 133.01, 38.03, 0.008, 291.76, 22.38);
insert into SHOT values (569, 576, 577, 799, 11.200, 192.00, 17.00, 11.201, 191.96, 16.97, 0.009, 116.62, -30.73);
insert into SHOT values (570, 577, 578, 799, 21.800, 184.00, -10.00, 21.793, 184.01, -9.99, 0.009, 339.68, 38.53);
insert into SCRAPS values (800, 797, 'clearwater_6_s1', 1, 31.49963, 2.55269);
 insert into SCRAPS values (858, 797, 'clearwater_6_s2', 1, 44.52252, 5.29868);
 insert into SCRAPS values (876, 797, 'clearwater_7_s1', 1, 0.04863, 0.00000);
 insert into MAPS values (961, 797, 'clearwater_6_7_m', NULL, 1, 1476.400, 70.790);
 insert into MAPITEMS values (961, 4, 876);
 insert into MAPITEMS values (961, 4, 800);
 insert into MAPITEMS values (961, 4, 858);
 insert into SURVEY values (963, 71, 'clearwater_cave_fake', 'clearwater_cave_fake.clearwater_master', NULL);
 insert into CENTRELINE values (964, 963, NULL, NULL, NULL, 0.00, 0.00, 0.00);
 insert into CENTRELINE values (965, 963, NULL, NULL, NULL, 43956.65, 184.34, 0.00);
 insert into SHOT values (571, 579, 580, 965, 124.188, 104.04, 0.00, 110.180, 103.56, -0.72, 14.120, 287.78, -5.65);
insert into SHOT values (572, 580, 581, 965, 64.880, 111.80, 0.00, 50.894, 112.92, -1.57, 14.118, 287.76, -5.65);
insert into SHOT values (573, 581, 582, 965, 97.134, 172.87, 0.00, 92.110, 180.83, -0.86, 14.128, 287.78, -5.65);
insert into SHOT values (574, 582, 583, 965, 137.369, 127.87, 0.21, 137.378, 127.87, 0.21, 0.009, 116.57, -0.00);
insert into SHOT values (575, 583, 584, 965, 51.115, 45.00, 0.00, 51.117, 44.99, 0.00, 0.007, 326.31, 0.00);
insert into SHOT values (576, 584, 585, 965, 77.145, 141.34, 0.00, 77.144, 141.34, 0.00, 0.002, 270.00, 0.00);
insert into SHOT values (577, 585, 586, 965, 21.720, 33.69, 0.00, 21.719, 33.70, 0.00, 0.003, 135.00, 0.00);
insert into SHOT values (578, 586, 587, 965, 13.470, 116.57, 0.00, 13.470, 116.55, 0.00, 0.004, 26.57, 0.00);
insert into SHOT values (579, 587, 588, 965, 12.048, 180.00, 0.00, 12.050, 180.00, 0.00, 0.002, 180.00, 0.00);
insert into SHOT values (580, 588, 589, 965, 24.838, 104.04, 0.00, 24.833, 104.05, 0.00, 0.008, 225.00, 0.00);
insert into SHOT values (581, 589, 590, 965, 12.048, 180.00, 0.00, 12.040, 180.00, 0.00, 0.008, 0.00, 0.00);
insert into SHOT values (582, 590, 591, 965, 18.072, 90.00, 0.00, 18.080, 90.00, 0.00, 0.008, 90.00, 0.00);
insert into SHOT values (583, 591, 592, 965, 13.470, 26.57, 0.00, 13.461, 26.57, 0.00, 0.009, 206.57, 0.00);
insert into SHOT values (584, 592, 593, 965, 13.470, 116.57, 0.00, 13.470, 116.55, 0.00, 0.004, 26.57, 0.00);
insert into SHOT values (585, 593, 594, 965, 26.940, 26.57, 0.00, 26.945, 26.57, 0.00, 0.004, 26.57, 0.00);
insert into SHOT values (586, 594, 595, 965, 151.082, 85.43, 0.19, 151.081, 85.43, 0.19, 0.008, 180.00, 0.00);
insert into SHOT values (587, 595, 596, 965, 43.440, 56.31, 0.00, 43.439, 56.30, 0.00, 0.006, 315.00, 0.00);
insert into SHOT values (588, 596, 597, 965, 26.940, 116.57, 0.00, 26.945, 116.57, 0.00, 0.004, 116.57, 0.00);
insert into SHOT values (589, 597, 598, 965, 30.716, 11.31, 0.00, 30.716, 11.30, 0.00, 0.004, 270.00, 0.00);
insert into SHOT values (590, 598, 599, 965, 38.572, 141.34, 0.00, 38.575, 141.34, 0.00, 0.004, 90.00, 0.00);
insert into SHOT values (591, 599, 600, 965, 54.559, 353.66, 1.05, 54.563, 353.65, 1.05, 0.007, 303.69, 0.00);
insert into SHOT values (592, 595, 601, 965, 91.958, 148.39, 0.62, 91.955, 148.39, 0.62, 0.003, 315.00, 0.00);
insert into SHOT values (593, 584, 602, 965, 25.602, 45.00, 3.36, 25.599, 45.00, 3.36, 0.003, 225.00, 0.00);
insert into SHOT values (594, 602, 603, 965, 45.888, 23.20, 1.25, 45.889, 23.20, 1.25, 0.003, 315.00, 0.00);
insert into SHOT values (595, 603, 604, 965, 64.880, 111.80, 0.00, 64.882, 111.80, 0.00, 0.004, 180.00, 0.00);
insert into SHOT values (596, 604, 605, 965, 105.205, 76.76, 0.00, 105.208, 76.76, 0.00, 0.004, 26.57, 0.00);
insert into SHOT values (597, 605, 606, 965, 45.888, 203.20, -1.25, 45.889, 203.20, -1.25, 0.003, 135.00, 0.00);
insert into SHOT values (598, 606, 607, 965, 55.548, 220.60, -1.03, 55.546, 220.60, -1.03, 0.004, 116.57, 0.00);
insert into SHOT values (599, 607, 608, 965, 18.100, 270.00, 3.17, 18.108, 270.00, 3.17, 0.008, 270.00, 0.00);
insert into SHOT values (600, 608, 609, 965, 21.720, 213.69, 0.00, 21.714, 213.68, 0.00, 0.008, 75.96, 0.00);
insert into SHOT values (601, 609, 587, 965, 42.623, 261.87, -2.02, 42.624, 261.88, -2.02, 0.004, 333.43, 0.00);
insert into SHOT values (602, 605, 610, 965, 47.049, 309.81, 0.00, 47.046, 309.81, 0.00, 0.004, 90.00, 0.00);
insert into SHOT values (603, 604, 611, 965, 62.415, 240.95, 6.44, 62.409, 240.94, 6.44, 0.006, 90.00, 0.00);
insert into SHOT values (604, 611, 602, 965, 28.103, 296.57, -16.54, 28.107, 296.57, -16.54, 0.004, 296.57, 0.00);
insert into SHOT values (605, 607, 594, 965, 24.101, 180.00, -1.19, 24.095, 180.00, -1.19, 0.006, 0.00, 0.00);
insert into SHOT values (606, 611, 612, 965, 20.661, 198.43, 22.78, 20.661, 198.45, 22.78, 0.006, 288.43, 0.00);
insert into SHOT values (607, 612, 613, 965, 51.508, 200.56, 2.23, 51.505, 200.55, 2.23, 0.003, 45.00, 0.00);
insert into SHOT values (608, 580, 614, 965, 61.950, 45.00, 34.40, 61.945, 45.00, 34.40, 0.006, 225.00, 0.00);
insert into SHOT values (609, 614, 615, 965, 37.305, 80.54, -10.82, 37.312, 80.53, -10.81, 0.008, 45.00, 0.00);
insert into SHOT values (610, 615, 616, 965, 137.504, 28.81, 0.42, 137.502, 28.81, 0.42, 0.004, 270.00, 0.00);
insert into SHOT values (611, 616, 617, 965, 68.750, 15.26, 2.50, 68.745, 15.25, 2.50, 0.004, 206.57, 0.00);
insert into SHOT values (612, 617, 618, 965, 52.167, 54.46, 6.60, 52.168, 54.46, 6.60, 0.002, 90.00, 0.00);
insert into SHOT values (613, 618, 619, 965, 62.021, 29.05, 0.00, 62.024, 29.05, 0.00, 0.004, 360.00, 0.00);
insert into SHOT values (614, 619, 620, 965, 135.911, 77.20, 0.42, 135.904, 77.19, 0.42, 0.008, 270.00, 0.00);
insert into SHOT values (615, 620, 621, 965, 51.154, 45.00, -2.24, 51.156, 45.01, -2.24, 0.007, 123.69, 0.00);
insert into SHOT values (616, 621, 622, 965, 34.788, 135.00, 11.61, 34.780, 135.00, 11.61, 0.008, 315.00, 0.00);
insert into SHOT values (617, 622, 623, 965, 108.673, 33.69, 2.11, 108.673, 33.69, 2.11, 0.000, 125.22, 0.00);
insert into SHOT values (618, 623, 624, 965, 120.934, 45.00, 9.52, 120.933, 45.00, 9.52, 0.007, 146.31, 0.00);
insert into SHOT values (619, 624, 625, 965, 80.674, 102.99, 4.98, 80.672, 102.99, 4.98, 0.003, 315.00, 0.00);
insert into SHOT values (620, 625, 626, 965, 51.751, 90.00, -35.43, 51.752, 90.00, -35.43, 0.002, 90.00, 0.00);
insert into SHOT values (621, 626, 627, 965, 104.470, 79.99, 5.49, 104.462, 79.99, 5.49, 0.008, 255.96, 0.00);
insert into SHOT values (622, 614, 628, 965, 63.000, 90.00, 90.00, 63.000, 90.00, 90.00, 0.000, 90.00, 0.00);
insert into SHOT values (623, 614, 629, 965, 48.451, 0.00, -5.92, 48.459, 0.00, -5.92, 0.008, 0.00, 0.00);
insert into SHOT values (624, 629, 630, 965, 19.050, 288.43, 0.00, 19.046, 288.43, 0.00, 0.004, 153.43, 0.00);
insert into SHOT values (625, 630, 631, 965, 36.982, 9.46, -7.77, 36.978, 9.46, -7.77, 0.006, 225.00, 0.00);
insert into SHOT values (626, 631, 632, 965, 78.702, 32.47, -3.64, 78.708, 32.47, -3.64, 0.006, 18.43, 0.00);
insert into SHOT values (627, 632, 633, 965, 64.880, 21.80, 0.00, 64.882, 21.80, 0.00, 0.004, 90.00, 0.00);
insert into SHOT values (628, 633, 634, 965, 74.513, 345.96, 0.00, 74.514, 345.97, 0.00, 0.003, 45.00, 0.00);
insert into SHOT values (629, 632, 635, 965, 37.983, 80.54, 15.26, 37.988, 80.55, 15.26, 0.007, 123.69, 0.00);
insert into SHOT values (630, 635, 636, 965, 22.288, 33.69, 12.96, 22.282, 33.68, 12.97, 0.008, 255.96, 0.00);
insert into SHOT values (631, 636, 637, 965, 34.442, 135.00, 8.35, 34.440, 134.99, 8.35, 0.007, 33.69, 0.00);
insert into SHOT values (632, 633, 638, 965, 30.120, 36.87, 0.00, 30.114, 36.87, 0.00, 0.006, 198.43, 0.00);
insert into SHOT values (633, 631, 639, 965, 120.480, 233.13, 0.00, 120.472, 233.13, 0.00, 0.009, 26.57, 0.00);
insert into SHOT values (634, 631, 640, 965, 44.139, 285.95, -6.50, 44.132, 285.95, -6.51, 0.008, 75.96, 0.00);
insert into SHOT values (635, 640, 641, 965, 19.050, 251.57, 0.00, 19.056, 251.58, 0.00, 0.009, 296.57, 0.00);
insert into SHOT values (636, 619, 642, 965, 49.069, 352.87, 8.20, 49.068, 352.87, 8.20, 0.006, 251.57, 0.00);
insert into SHOT values (637, 642, 643, 965, 36.155, 323.13, 33.58, 36.157, 323.14, 33.58, 0.004, 26.57, 0.00);
insert into SHOT values (638, 643, 644, 965, 55.459, 6.34, 10.39, 55.452, 6.34, 10.39, 0.007, 213.69, 0.00);
insert into SHOT values (639, 618, 645, 965, 74.932, 146.31, 29.59, 74.925, 146.31, 29.59, 0.007, 326.31, 0.00);
insert into SHOT values (640, 645, 646, 965, 72.960, 204.44, 3.93, 72.965, 204.44, 3.93, 0.006, 180.00, 0.00);
insert into SHOT values (641, 646, 647, 965, 66.294, 180.00, 1.73, 66.290, 180.00, 1.73, 0.004, 0.00, 0.00);
insert into SHOT values (642, 647, 648, 965, 77.597, 208.61, 13.41, 77.600, 208.61, 13.41, 0.007, 146.31, 0.00);
insert into SHOT values (643, 648, 649, 965, 82.543, 72.90, 6.96, 82.543, 72.89, 6.96, 0.004, 333.43, 0.00);
insert into SHOT values (644, 649, 650, 965, 92.973, 23.20, 9.28, 92.975, 23.20, 9.28, 0.006, 315.00, 0.00);
insert into SHOT values (645, 650, 651, 965, 28.235, 315.00, 25.15, 28.232, 315.00, 25.15, 0.003, 135.00, 0.00);
insert into SHOT values (646, 648, 652, 965, 96.001, 235.30, 7.18, 95.996, 235.31, 7.18, 0.006, 18.43, 0.00);
insert into SHOT values (647, 652, 653, 965, 44.536, 188.13, 16.97, 44.538, 188.14, 16.97, 0.006, 251.57, 0.00);
insert into SHOT values (648, 645, 654, 965, 67.350, 26.57, 0.00, 67.350, 26.57, 0.00, 0.000, 206.57, 0.00);
insert into SHOT values (649, 622, 655, 965, 105.155, 217.57, 20.02, 105.161, 217.57, 20.02, 0.008, 180.00, 0.00);
insert into SHOT values (650, 655, 656, 965, 50.047, 203.20, 23.55, 50.040, 203.20, 23.56, 0.008, 14.04, 0.00);
insert into SHOT values (651, 656, 657, 965, 71.807, 225.00, 33.85, 71.810, 225.00, 33.85, 0.003, 225.00, 0.00);
insert into SHOT values (652, 622, 658, 965, 112.609, 164.48, -2.04, 112.616, 164.48, -2.04, 0.008, 180.00, 0.00);
insert into SHOT values (653, 658, 659, 965, 89.553, 160.35, 0.00, 89.548, 160.34, 0.00, 0.006, 360.00, 0.00);
insert into SHOT values (654, 659, 660, 965, 154.371, 218.66, 1.86, 154.368, 218.66, 1.86, 0.004, 90.00, 0.00);
insert into SHOT values (655, 660, 661, 965, 85.216, 188.13, -1.34, 85.220, 188.13, -1.34, 0.004, 206.57, 0.00);
insert into SHOT values (656, 661, 662, 965, 43.451, 213.69, 1.32, 43.445, 213.69, 1.32, 0.007, 56.31, 0.00);
insert into SHOT values (657, 662, 663, 965, 24.858, 284.04, 2.31, 24.861, 284.03, 2.31, 0.006, 225.00, 0.00);
insert into SHOT values (658, 663, 664, 965, 83.712, 210.26, 1.37, 83.715, 210.26, 1.37, 0.003, 225.00, 0.00);
insert into SHOT values (659, 664, 665, 965, 70.315, 149.04, 2.45, 70.318, 149.03, 2.45, 0.006, 90.00, 0.00);
insert into SHOT values (660, 664, 666, 965, 38.084, 270.00, -18.37, 38.080, 270.00, -18.37, 0.004, 90.00, 0.00);
insert into SHOT values (661, 658, 667, 965, 164.423, 208.44, 0.00, 164.417, 208.44, 0.00, 0.006, 18.43, 0.00);
insert into SHOT values (662, 667, 660, 965, 61.636, 168.69, 4.65, 61.637, 168.69, 4.65, 0.002, 90.00, 0.00);
insert into SHOT values (663, 659, 668, 965, 18.072, 90.00, 0.00, 18.080, 90.00, 0.00, 0.008, 90.00, 0.00);
insert into SHOT values (664, 668, 669, 965, 146.584, 9.46, -0.78, 146.577, 9.46, -0.78, 0.008, 225.00, 0.00);
insert into SHOT values (665, 668, 670, 965, 30.269, 180.00, 5.69, 30.269, 180.00, 5.69, 0.000, 0.00, 0.00);
insert into SHOT values (666, 625, 671, 965, 67.297, 233.13, 26.47, 67.293, 233.13, 26.48, 0.004, 26.57, 0.00);
insert into SHOT values (667, 671, 672, 965, 48.267, 203.20, 18.11, 48.268, 203.20, 18.11, 0.003, 135.00, 0.00);
insert into SHOT values (668, 672, 673, 965, 38.152, 198.43, -3.00, 38.158, 198.43, -3.00, 0.006, 198.43, 0.00);
insert into SHOT values (669, 673, 674, 965, 83.889, 107.10, 12.39, 83.886, 107.10, 12.39, 0.006, 341.57, 0.00);
insert into SHOT values (670, 674, 675, 965, 43.486, 33.69, 2.64, 43.485, 33.70, 2.64, 0.006, 135.00, 0.00);
insert into SHOT values (671, 623, 676, 965, 81.252, 351.25, -12.80, 81.251, 351.25, -12.80, 0.003, 225.00, 0.00);
insert into SHOT values (672, 676, 677, 965, 42.889, 8.13, -6.69, 42.891, 8.14, -6.69, 0.006, 71.57, 0.00);
insert into SHOT values (673, 677, 678, 965, 38.585, 51.34, 1.49, 38.582, 51.35, 1.49, 0.006, 180.00, 0.00);
insert into SHOT values (674, 678, 679, 965, 44.654, 116.57, 25.18, 44.650, 116.57, 25.18, 0.004, 296.57, 0.00);
insert into SHOT values (675, 679, 624, 965, 53.738, 150.26, 25.34, 53.741, 150.25, 25.34, 0.004, 116.57, 0.00);
insert into SHOT values (676, 680, 681, 965, 25.018, 75.96, 6.89, 25.023, 75.95, 6.89, 0.007, 33.69, 0.00);
insert into SHOT values (677, 681, 682, 965, 84.187, 19.98, -33.12, 84.183, 19.98, -33.12, 0.007, 236.31, 0.00);
insert into SHOT values (678, 682, 683, 965, 60.540, 95.71, 0.00, 60.540, 95.71, 0.00, 0.004, 360.00, 0.00);
insert into SHOT values (679, 683, 684, 965, 68.684, 15.26, 0.00, 68.682, 15.26, 0.00, 0.009, 116.57, 0.00);
insert into SHOT values (680, 684, 685, 965, 129.762, 21.80, 0.22, 129.761, 21.80, 0.22, 0.002, 270.00, 0.00);
insert into SHOT values (681, 685, 686, 965, 64.880, 338.20, 0.00, 64.823, 338.18, 0.03, 0.067, 174.29, 26.45);
insert into SHOT values (682, 686, 687, 965, 170.598, 42.14, 0.17, 170.553, 42.15, 0.17, 0.067, 176.42, 17.32);
insert into SHOT values (683, 687, 688, 965, 121.828, 81.47, 0.00, 121.829, 81.50, 0.01, 0.070, 170.84, 25.53);
insert into SHOT values (684, 688, 689, 965, 83.905, 21.04, 0.00, 83.850, 21.06, 0.01, 0.066, 170.84, 17.66);
insert into SHOT values (685, 689, 690, 965, 68.156, 135.00, 0.42, 68.210, 135.04, 0.45, 0.075, 173.29, 23.66);
insert into SHOT values (686, 690, 691, 965, 53.880, 63.43, 0.00, 53.858, 63.50, 0.03, 0.073, 173.09, 24.29);
insert into SHOT values (687, 691, 692, 965, 159.039, 65.38, 0.18, 159.016, 65.40, 0.19, 0.067, 176.42, 17.32);
insert into SHOT values (688, 692, 693, 965, 49.675, 104.04, 0.00, 49.698, 104.10, 0.03, 0.069, 172.65, 25.64);
insert into SHOT values (689, 693, 694, 965, 87.711, 74.05, 0.00, 87.697, 74.10, 0.01, 0.069, 176.53, 16.83);
insert into SHOT values (690, 694, 695, 965, 112.539, 195.52, 0.25, 112.592, 195.51, 0.27, 0.066, 170.22, 27.01);
insert into SHOT values (691, 695, 696, 965, 51.820, 125.54, 0.00, 51.865, 125.58, 0.03, 0.068, 168.69, 26.12);
insert into SHOT values (692, 696, 697, 965, 57.151, 71.57, 0.50, 57.132, 71.63, 0.52, 0.075, 176.82, 15.50);
insert into SHOT values (693, 697, 698, 965, 60.240, 90.00, 0.00, 60.240, 90.00, 0.00, 0.000, 90.00, 0.00);
insert into SHOT values (694, 698, 699, 965, 48.567, 29.74, 0.00, 48.571, 29.75, 0.00, 0.004, 63.43, 0.00);
insert into SHOT values (695, 682, 700, 965, 54.550, 276.34, 0.00, 54.544, 276.35, 0.00, 0.008, 45.00, 0.00);
insert into SHOT values (696, 700, 701, 965, 48.567, 240.26, 0.00, 48.571, 240.25, 0.00, 0.004, 206.57, 0.00);
insert into SHOT values (697, 701, 702, 965, 98.064, 349.38, 0.00, 98.059, 349.38, 0.00, 0.004, 153.43, 0.00);
insert into SHOT values (698, 702, 703, 965, 130.040, 13.39, 0.00, 130.046, 13.39, 0.00, 0.006, 360.00, 0.00);
insert into SHOT values (699, 703, 704, 965, 72.539, 48.37, 0.00, 72.533, 48.36, 0.00, 0.006, 251.57, 0.00);
insert into SHOT values (700, 704, 705, 965, 100.981, 17.35, 0.00, 100.977, 17.35, 0.00, 0.004, 180.00, 0.00);
insert into SHOT values (701, 705, 706, 965, 64.036, 41.19, 0.00, 64.043, 41.18, 0.00, 0.008, 14.04, 0.00);
insert into SHOT values (702, 706, 707, 965, 86.251, 12.09, 0.00, 86.244, 12.09, 0.00, 0.006, 198.43, 0.00);
insert into SHOT values (703, 707, 708, 965, 32.440, 68.20, 0.00, 32.441, 68.20, 0.00, 0.002, 0.00, 0.00);
insert into SHOT values (704, 708, 709, 965, 19.050, 161.57, 0.00, 19.050, 161.55, 0.00, 0.006, 71.57, 0.00);
insert into SHOT values (705, 709, 710, 965, 38.572, 38.66, 0.00, 38.569, 38.65, 0.00, 0.006, 270.00, 0.00);
insert into SHOT values (706, 710, 711, 965, 42.599, 188.13, 0.67, 42.600, 188.12, 0.67, 0.004, 116.57, 0.00);
insert into SHOT values (707, 705, 712, 965, 42.599, 98.13, 0.67, 42.600, 98.12, 0.67, 0.004, 26.57, 0.00);
insert into SHOT values (708, 712, 713, 965, 13.470, 26.57, 0.00, 13.475, 26.58, 0.00, 0.006, 71.57, 0.00);
insert into SHOT values (709, 705, 714, 965, 30.120, 323.13, 0.00, 30.122, 323.14, 0.00, 0.004, 26.57, 0.00);
insert into SHOT values (710, 714, 715, 965, 24.838, 14.04, 0.00, 24.843, 14.05, 0.00, 0.007, 56.31, 0.00);
insert into SHOT values (711, 715, 716, 965, 25.558, 315.00, 0.00, 25.562, 314.98, 0.00, 0.008, 255.96, 0.00);
insert into SHOT values (712, 716, 717, 965, 57.149, 18.43, 0.00, 57.146, 18.44, 0.00, 0.010, 126.87, 0.00);
insert into SHOT values (713, 714, 718, 965, 40.410, 243.43, 0.00, 40.406, 243.43, 0.00, 0.004, 63.43, 0.00);
insert into SHOT values (714, 703, 719, 965, 26.945, 296.57, 1.06, 26.949, 296.57, 1.06, 0.004, 296.57, 0.00);
insert into SHOT values (715, 719, 720, 965, 38.099, 18.43, 0.00, 38.096, 18.44, 0.00, 0.004, 153.43, 0.00);
insert into SHOT values (716, 720, 721, 965, 13.470, 296.57, 0.00, 13.470, 296.55, 0.00, 0.004, 206.57, 0.00);
insert into SHOT values (717, 721, 722, 965, 21.720, 33.69, 0.00, 21.728, 33.68, 0.00, 0.008, 14.04, 0.00);
insert into SHOT values (718, 702, 723, 965, 78.318, 292.62, 0.73, 78.320, 292.62, 0.73, 0.002, 270.00, 0.00);
insert into SHOT values (719, 680, 724, 965, 106.863, 16.39, -2.68, 106.865, 16.39, -2.68, 0.002, 360.00, 0.00);
insert into SHOT values (720, 724, 725, 965, 43.901, 74.05, 2.61, 43.903, 74.05, 2.61, 0.003, 45.00, 0.00);
insert into SHOT values (721, 725, 726, 965, 65.190, 33.69, -1.76, 65.191, 33.69, -1.76, 0.006, 315.00, 0.00);
insert into SHOT values (722, 726, 727, 965, 74.680, 284.04, 3.84, 74.672, 284.04, 3.84, 0.008, 104.04, 0.00);
insert into SHOT values (723, 725, 728, 965, 43.000, 90.00, 90.00, 43.000, 90.00, 90.00, 0.000, 90.00, 0.00);
insert into SHOT values (724, 683, 725, 965, 72.311, 323.13, 33.58, 72.308, 323.13, 33.59, 0.004, 116.57, 0.00);
insert into SHOT values (725, 689, 729, 965, 47.091, 230.19, 2.43, 47.096, 230.20, 2.43, 0.006, 270.00, 0.00);
insert into SHOT values (726, 729, 730, 965, 30.120, 306.87, 0.00, 30.114, 306.87, 0.00, 0.006, 108.43, 0.00);
insert into SHOT values (727, 730, 731, 965, 51.508, 20.56, -2.23, 51.505, 20.55, -2.23, 0.003, 225.00, 0.00);
insert into SHOT values (728, 731, 732, 965, 24.838, 14.04, 0.00, 24.840, 14.03, 0.00, 0.006, 315.00, 0.00);
insert into SHOT values (729, 732, 733, 965, 54.550, 6.34, 0.00, 54.544, 6.35, 0.00, 0.008, 135.00, 0.00);
insert into SHOT values (730, 733, 734, 965, 78.312, 67.38, 0.00, 78.314, 67.38, 0.00, 0.002, 90.00, 0.00);
insert into SHOT values (731, 734, 735, 965, 91.952, 31.61, 0.00, 91.950, 31.61, 0.00, 0.003, 225.00, 0.00);
insert into SHOT values (732, 735, 736, 965, 64.067, 48.81, 1.79, 64.067, 48.81, 1.79, 0.003, 315.00, 0.00);
insert into SHOT values (733, 732, 737, 965, 55.539, 310.60, 0.00, 55.530, 310.60, 0.00, 0.009, 116.57, 0.00);
insert into SHOT values (734, 737, 738, 965, 35.126, 239.04, 0.00, 35.125, 239.04, 0.00, 0.002, 0.00, 0.00);
insert into SHOT values (735, 738, 739, 965, 59.330, 203.96, 0.00, 59.335, 203.96, 0.00, 0.006, 225.00, 0.00);
insert into SHOT values (736, 739, 740, 965, 24.096, 270.00, 0.00, 24.100, 270.00, 0.00, 0.004, 270.00, 0.00);
insert into SHOT values (737, 697, 741, 965, 156.279, 27.55, 0.37, 156.287, 27.55, 0.37, 0.008, 14.04, 0.00);
insert into SHOT values (738, 741, 742, 965, 60.540, 95.71, 0.00, 60.541, 95.72, 0.00, 0.006, 180.00, 0.00);
insert into SHOT values (739, 742, 743, 965, 60.549, 174.29, 0.95, 60.548, 174.29, 0.95, 0.004, 270.00, 0.00);
insert into SHOT values (740, 697, 744, 965, 98.922, 190.62, 7.55, 98.980, 190.61, 7.56, 0.064, 177.95, 28.16);
insert into SHOT values (741, 744, 745, 965, 97.386, 187.13, 4.12, 96.548, 187.24, 3.96, 0.905, 353.71, -22.06);
insert into SHOT values (742, 745, 746, 965, 35.241, 165.96, 45.19, 34.617, 165.77, 45.62, 0.682, 353.26, -22.41);
insert into SHOT values (743, 746, 747, 965, 38.675, 146.31, 55.83, 38.143, 145.54, 56.32, 0.688, 352.96, -22.21);
insert into SHOT values (744, 747, 748, 965, 72.350, 180.00, 2.38, 71.652, 180.06, 2.18, 0.747, 353.37, -22.01);
insert into SHOT values (745, 748, 749, 965, 79.057, 94.40, -6.54, 78.982, 94.01, -6.70, 0.581, 353.38, -22.26);
insert into SHOT values (746, 749, 750, 965, 79.259, 81.25, 1.45, 79.282, 80.60, 1.18, 0.981, 352.92, -22.15);
insert into SHOT values (747, 750, 751, 965, 72.539, 48.37, 0.00, 73.061, 47.78, -0.28, 0.973, 353.27, -21.71);
insert into SHOT values (748, 751, 752, 965, 62.093, 29.05, -2.77, 62.273, 28.90, -4.07, 1.433, 328.63, -82.30);
insert into SHOT values (749, 752, 753, 965, 198.886, 35.13, 0.29, 198.949, 35.08, -0.12, 1.424, 324.40, -81.96);
insert into SHOT values (750, 753, 754, 965, 196.887, 27.35, 2.62, 196.923, 27.30, 2.21, 1.434, 326.15, -82.08);
insert into SHOT values (751, 754, 755, 965, 72.545, 48.37, 0.79, 72.890, 47.89, -0.28, 1.531, 348.02, -62.65);
insert into SHOT values (752, 755, 756, 965, 59.643, 45.00, -0.96, 59.910, 44.62, -1.85, 1.040, 346.56, -63.45);
insert into SHOT values (753, 756, 757, 965, 64.231, 41.19, -4.46, 64.626, 40.81, -5.24, 1.044, 348.22, -59.55);
insert into SHOT values (754, 757, 758, 965, 69.408, 52.13, 8.28, 69.528, 51.74, 7.55, 1.005, 349.38, -58.80);
insert into SHOT values (755, 758, 759, 965, 73.593, 55.01, 2.34, 73.835, 54.51, 1.46, 1.319, 348.40, -58.13);
insert into SHOT values (756, 759, 760, 965, 108.547, 0.00, -2.64, 109.337, 359.92, -3.26, 1.429, 348.36, -58.65);
insert into SHOT values (757, 760, 761, 965, 51.738, 45.00, 8.90, 51.896, 44.54, 7.97, 0.941, 349.05, -58.25);
insert into SHOT values (758, 761, 762, 965, 30.186, 53.13, 3.80, 30.352, 52.31, 2.30, 0.915, 348.41, -58.51);
insert into SHOT values (759, 762, 763, 965, 81.990, 17.10, -2.10, 82.375, 16.97, -2.55, 0.783, 349.19, -58.84);
insert into SHOT values (760, 763, 764, 965, 98.581, 74.05, 27.16, 98.092, 73.57, 26.51, 1.423, 348.75, -58.26);
insert into SHOT values (761, 764, 765, 965, 70.715, 353.66, -39.52, 70.719, 353.65, -39.52, 0.007, 303.69, -0.00);
insert into SHOT values (762, 765, 766, 965, 103.660, 35.54, 1.11, 103.655, 35.54, 1.11, 0.006, 180.00, 0.00);
insert into SHOT values (763, 766, 767, 965, 156.289, 27.55, 0.73, 156.288, 27.55, 0.73, 0.003, 135.00, 0.00);
insert into SHOT values (764, 767, 768, 965, 78.645, 32.47, -2.92, 78.651, 32.47, -2.92, 0.006, 18.43, 0.00);
insert into SHOT values (765, 768, 769, 965, 103.660, 35.54, -1.11, 103.655, 35.54, -1.11, 0.006, 180.00, 0.00);
insert into SHOT values (766, 769, 770, 965, 135.505, 32.28, -2.54, 135.510, 32.28, -2.54, 0.004, 26.57, 0.00);
insert into SHOT values (767, 770, 771, 965, 103.660, 35.54, -1.11, 103.663, 35.54, -1.11, 0.004, 360.00, 0.00);
insert into SHOT values (768, 771, 772, 965, 114.619, 356.99, -0.50, 114.613, 356.98, -0.50, 0.008, 225.00, 0.00);
insert into SHOT values (769, 772, 773, 965, 54.586, 96.34, 2.10, 54.590, 96.34, 2.10, 0.006, 45.00, 0.00);
insert into SHOT values (770, 773, 774, 965, 60.549, 354.29, -0.95, 60.549, 354.28, -0.95, 0.006, 270.00, 0.00);
insert into SHOT values (771, 774, 775, 965, 82.088, 53.97, 3.49, 82.091, 53.98, 3.49, 0.006, 108.43, 0.00);
insert into SHOT values (772, 775, 776, 965, 61.361, 5.71, -9.38, 61.360, 5.71, -9.38, 0.004, 270.00, 0.00);
insert into SHOT values (773, 776, 777, 965, 104.516, 266.63, -11.03, 104.518, 266.64, -11.03, 0.004, 333.43, 0.00);
insert into SHOT values (774, 777, 778, 965, 54.778, 276.34, -5.24, 54.772, 276.34, -5.24, 0.007, 123.69, 0.00);
insert into SHOT values (775, 778, 779, 965, 78.369, 270.00, -2.19, 78.367, 270.00, -2.19, 0.002, 90.00, 0.00);
insert into SHOT values (776, 779, 780, 965, 13.507, 333.43, 4.25, 13.512, 333.42, 4.24, 0.006, 288.43, 0.00);
insert into SHOT values (777, 780, 781, 965, 48.358, 270.00, 4.74, 48.356, 270.00, 4.74, 0.002, 90.00, 0.00);
insert into SHOT values (778, 781, 782, 965, 72.545, 221.63, -0.79, 72.547, 221.63, -0.79, 0.004, 153.43, 0.00);
insert into SHOT values (779, 782, 783, 965, 51.830, 305.54, -1.11, 51.832, 305.54, -1.11, 0.002, 270.00, 0.00);
insert into SHOT values (780, 783, 784, 965, 102.413, 208.07, -0.56, 102.412, 208.07, -0.56, 0.002, 90.00, 0.00);
insert into SHOT values (781, 784, 785, 965, 59.668, 225.00, -1.92, 59.671, 225.00, -1.92, 0.003, 225.00, 0.00);
insert into SHOT values (782, 785, 786, 965, 94.119, 219.81, -1.22, 94.113, 219.81, -1.22, 0.008, 0.00, 0.00);
insert into SHOT values (783, 786, 787, 965, 70.686, 199.98, 4.06, 70.693, 199.98, 4.06, 0.007, 213.69, 0.00);
insert into SHOT values (784, 787, 788, 965, 32.579, 248.20, 5.28, 32.579, 248.20, 5.28, 0.002, 180.00, 0.00);
insert into SHOT values (785, 776, 789, 965, 94.629, 243.43, 4.85, 94.625, 243.43, 4.85, 0.006, 108.43, 0.00);
insert into SHOT values (786, 789, 790, 965, 57.184, 288.43, -2.00, 57.187, 288.43, -2.00, 0.004, 243.43, 0.00);
insert into SHOT values (787, 790, 791, 965, 121.993, 249.78, 0.94, 121.994, 249.78, 0.94, 0.009, 333.43, 0.00);
insert into SHOT values (788, 791, 779, 965, 77.547, 15.26, -27.66, 77.545, 15.26, -27.66, 0.009, 116.57, 0.00);
insert into SHOT values (789, 779, 792, 965, 60.429, 263.66, 25.48, 60.432, 263.66, 25.48, 0.006, 315.00, -0.00);
insert into SHOT values (790, 792, 793, 965, 80.845, 206.57, 1.42, 80.845, 206.56, 1.42, 0.004, 116.57, 0.00);
insert into SHOT values (791, 793, 794, 965, 94.423, 206.57, 3.04, 94.427, 206.57, 3.04, 0.004, 206.57, 0.00);
insert into SHOT values (792, 794, 795, 965, 55.575, 192.53, 2.06, 55.569, 192.53, 2.06, 0.006, 341.57, 0.00);
insert into SHOT values (793, 795, 796, 965, 76.205, 251.57, 0.75, 76.208, 251.56, 0.75, 0.004, 206.57, 0.00);
insert into SHOT values (794, 782, 797, 965, 80.395, 192.99, -1.43, 80.393, 192.99, -1.43, 0.003, 45.00, 0.00);
insert into SHOT values (795, 797, 798, 965, 102.236, 225.00, -0.56, 102.238, 225.00, -0.56, 0.003, 225.00, 0.00);
insert into SHOT values (796, 798, 799, 965, 100.279, 147.26, 1.14, 100.271, 147.27, 1.14, 0.008, 315.00, 0.00);
insert into SHOT values (797, 799, 800, 965, 37.595, 68.20, 30.36, 37.592, 68.21, 30.36, 0.008, 180.00, -0.00);
insert into SHOT values (798, 800, 801, 965, 99.355, 104.04, 0.58, 99.360, 104.03, 0.58, 0.008, 45.00, 0.00);
insert into SHOT values (799, 801, 802, 965, 31.164, 143.13, 14.87, 31.166, 143.14, 14.87, 0.004, 206.57, 0.00);
insert into SHOT values (800, 802, 803, 965, 42.608, 98.13, 1.34, 42.609, 98.12, 1.34, 0.004, 26.57, 0.00);
insert into SHOT values (801, 803, 770, 965, 43.958, 164.05, 3.91, 43.960, 164.05, 3.91, 0.003, 135.00, 0.00);
insert into SHOT values (802, 802, 804, 965, 37.209, 168.69, -34.36, 37.208, 168.70, -34.36, 0.004, 270.00, 0.00);
insert into SHOT values (803, 804, 805, 965, 47.049, 230.19, 0.00, 47.046, 230.19, 0.00, 0.004, 90.00, 0.00);
insert into SHOT values (804, 805, 806, 965, 18.182, 180.00, -6.32, 18.180, 180.00, -6.32, 0.002, 0.00, 0.00);
insert into SHOT values (805, 783, 807, 965, 132.288, 30.07, 1.30, 132.289, 30.07, 1.30, 0.006, 315.00, 0.00);
insert into SHOT values (806, 807, 808, 965, 47.049, 39.81, 0.00, 47.046, 39.81, 0.00, 0.004, 180.00, 0.00);
insert into SHOT values (807, 808, 809, 965, 43.901, 15.95, 2.61, 43.903, 15.95, 2.61, 0.003, 45.00, 0.00);
insert into SHOT values (808, 809, 810, 965, 78.550, 32.47, 0.73, 78.547, 32.47, 0.73, 0.004, 153.43, -0.00);
insert into SHOT values (809, 810, 811, 965, 55.548, 12.53, 1.03, 55.552, 12.53, 1.03, 0.004, 26.57, 0.00);
insert into SHOT values (810, 811, 812, 965, 32.579, 21.80, -5.28, 32.579, 21.80, -5.28, 0.002, 90.00, 0.00);
insert into SHOT values (811, 777, 813, 965, 47.219, 50.19, -4.86, 47.223, 50.20, -4.86, 0.006, 90.00, 0.00);
insert into SHOT values (812, 813, 814, 965, 57.853, 71.57, 8.95, 57.847, 71.57, 8.95, 0.006, 251.57, -0.00);
insert into SHOT values (813, 814, 815, 965, 43.104, 26.57, -20.36, 43.104, 26.58, -20.36, 0.009, 116.57, 0.00);
insert into SHOT values (814, 815, 816, 965, 61.466, 11.31, -1.86, 61.464, 11.30, -1.86, 0.008, 270.00, 0.00);
insert into SHOT values (815, 816, 817, 965, 129.403, 27.76, -1.77, 129.406, 27.76, -1.77, 0.004, 0.00, 0.00);
insert into SHOT values (816, 817, 818, 965, 22.288, 326.31, -12.96, 22.282, 326.32, -12.97, 0.008, 104.04, 0.00);
insert into SHOT values (817, 818, 819, 965, 87.161, 33.69, -4.61, 87.161, 33.69, -4.61, 0.003, 315.00, 0.00);
insert into SHOT values (818, 819, 820, 965, 60.672, 354.29, 3.78, 60.673, 354.28, 3.78, 0.006, 270.00, 0.00);
insert into SHOT values (819, 820, 821, 965, 36.365, 0.00, 6.32, 36.361, 0.00, 6.32, 0.004, 180.00, 0.00);
insert into SHOT values (820, 821, 822, 965, 36.521, 30.96, -15.89, 36.525, 30.97, -15.89, 0.008, 90.00, 0.00);
insert into SHOT values (821, 822, 823, 965, 61.361, 5.71, -9.38, 61.360, 5.71, -9.38, 0.004, 270.00, 0.00);
insert into SHOT values (822, 820, 824, 965, 25.552, 75.96, -13.58, 25.555, 75.97, -13.58, 0.006, 135.00, 0.00);
insert into SHOT values (823, 824, 825, 965, 79.000, 90.00, 90.00, 79.000, 90.00, 90.00, 0.000, 90.00, 0.00);
insert into SHOT values (824, 785, 826, 965, 31.737, 306.87, -18.37, 31.744, 306.88, -18.36, 0.009, 333.43, 0.00);
insert into SHOT values (825, 826, 827, 965, 24.000, 90.00, -90.00, 24.000, 90.00, -90.00, 0.000, 90.00, 0.00);
insert into SHOT values (826, 827, 828, 965, 53.917, 243.43, 2.13, 53.917, 243.43, 2.13, 0.004, 153.43, 0.00);
insert into SHOT values (827, 827, 829, 965, 38.099, 18.43, 0.00, 38.096, 18.44, 0.00, 0.004, 153.43, 0.00);
insert into SHOT values (828, 829, 830, 965, 118.812, 329.53, 0.00, 118.814, 329.53, 0.00, 0.002, 0.00, 0.00);
insert into SHOT values (829, 830, 831, 965, 80.820, 26.57, 0.00, 80.825, 26.57, 0.00, 0.006, 71.57, 0.00);
insert into SHOT values (830, 831, 832, 965, 55.548, 347.47, 1.03, 55.542, 347.47, 1.03, 0.006, 198.43, 0.00);
insert into SHOT values (831, 832, 833, 965, 80.370, 12.99, 0.00, 80.368, 12.99, 0.00, 0.003, 225.00, 0.00);
insert into SHOT values (832, 831, 834, 965, 86.931, 33.69, 1.98, 86.923, 33.69, 1.98, 0.008, 194.04, 0.00);
insert into SHOT values (833, 831, 835, 965, 60.166, 156.04, 9.57, 60.168, 156.04, 9.57, 0.007, 236.31, 0.00);
insert into SHOT values (834, 776, 836, 965, 92.528, 37.87, 42.07, 92.532, 37.87, 42.07, 0.004, 26.57, 0.00);
insert into SHOT values (835, 836, 837, 965, 47.823, 33.69, 24.72, 47.822, 33.70, 24.72, 0.006, 135.00, 0.00);
insert into SHOT values (836, 837, 838, 965, 32.502, 21.80, -3.53, 32.499, 21.79, -3.53, 0.008, 270.00, 0.00);
insert into SHOT values (837, 838, 839, 965, 37.209, 11.31, -34.36, 37.210, 11.32, -34.36, 0.006, 90.00, 0.00);
insert into SHOT values (838, 839, 840, 965, 20.189, 0.00, -26.47, 20.187, 0.00, -26.48, 0.002, 180.00, 0.00);
insert into SHOT values (839, 840, 841, 965, 35.480, 30.96, 8.10, 35.479, 30.96, 8.10, 0.002, 270.00, 0.00);
insert into SHOT values (840, 841, 842, 965, 37.983, 9.46, -15.26, 37.988, 9.45, -15.26, 0.007, 326.31, 0.00);
insert into SHOT values (841, 842, 843, 965, 17.250, 45.00, -60.41, 17.251, 45.05, -60.40, 0.007, 123.69, -0.00);
insert into SHOT values (842, 843, 844, 965, 38.624, 141.34, 2.97, 38.620, 141.35, 2.97, 0.006, 270.00, 0.00);
insert into SHOT values (843, 844, 845, 965, 145.705, 29.74, 0.39, 145.702, 29.75, 0.39, 0.004, 153.43, 0.00);
insert into SHOT values (844, 845, 846, 965, 53.917, 333.43, -2.13, 53.922, 333.44, -2.13, 0.010, 36.87, 0.00);
insert into SHOT values (845, 846, 825, 965, 59.363, 293.96, -1.93, 59.364, 293.96, -1.93, 0.007, 213.69, 0.00);
insert into SHOT values (846, 825, 847, 965, 62.150, 29.05, -3.69, 62.153, 29.05, -3.69, 0.004, 360.00, 0.00);
insert into SHOT values (847, 847, 848, 965, 19.380, 0.00, -21.17, 19.378, 0.00, -21.18, 0.002, 180.00, 0.00);
insert into SHOT values (848, 848, 849, 965, 42.593, 90.00, -8.10, 42.595, 90.00, -8.10, 0.002, 90.00, 0.00);
insert into SHOT values (849, 849, 850, 965, 27.107, 63.43, 6.35, 27.102, 63.43, 6.36, 0.006, 288.43, 0.00);
insert into SHOT values (850, 850, 851, 965, 27.620, 341.57, -46.39, 27.618, 341.57, -46.40, 0.004, 116.57, 0.00);
insert into SHOT values (851, 851, 852, 965, 20.836, 270.00, -54.67, 20.838, 270.00, -54.67, 0.002, 270.00, 0.00);
insert into SHOT values (852, 852, 853, 965, 25.158, 255.96, 9.15, 25.151, 255.97, 9.15, 0.007, 56.31, -0.00);
insert into SHOT values (853, 853, 854, 965, 18.509, 0.00, -12.48, 18.507, 0.00, -12.48, 0.002, 180.00, 0.00);
insert into SHOT values (854, 854, 855, 965, 10.014, 0.00, -53.02, 10.012, 0.00, -53.04, 0.004, 180.00, 0.00);
insert into SHOT values (855, 855, 856, 965, 79.455, 355.60, 8.69, 79.453, 355.60, 8.69, 0.006, 251.57, -0.00);
insert into SHOT values (856, 856, 857, 965, 72.816, 24.44, 1.57, 72.821, 24.44, 1.57, 0.006, 0.00, 0.00);
insert into SHOT values (857, 857, 858, 965, 69.271, 37.87, 7.47, 69.268, 37.88, 7.47, 0.006, 161.57, 0.00);
insert into SHOT values (858, 858, 859, 965, 55.548, 12.53, 1.03, 55.552, 12.53, 1.03, 0.004, 26.57, 0.00);
insert into SHOT values (859, 859, 860, 965, 90.971, 47.73, 10.13, 90.968, 47.72, 10.13, 0.004, 270.00, 0.00);
insert into SHOT values (860, 860, 861, 965, 78.569, 355.60, 1.46, 78.567, 355.60, 1.46, 0.004, 116.57, 0.00);
insert into SHOT values (861, 861, 862, 965, 70.757, 344.74, -13.90, 70.762, 344.75, -13.90, 0.006, 18.43, 0.00);
insert into SHOT values (862, 862, 863, 965, 13.000, 90.00, -90.00, 13.000, 90.00, -90.00, 0.000, 90.00, 0.00);
insert into SHOT values (863, 863, 864, 965, 97.833, 21.80, 5.87, 97.832, 21.80, 5.87, 0.004, 270.00, 0.00);
insert into SHOT values (864, 864, 865, 965, 82.088, 36.03, 3.49, 82.083, 36.03, 3.49, 0.004, 206.57, 0.00);
insert into SHOT values (865, 865, 866, 965, 35.089, 306.87, 30.86, 35.084, 306.87, 30.87, 0.006, 108.43, 0.00);
insert into SHOT values (866, 866, 867, 965, 91.766, 233.13, -10.04, 91.764, 233.13, -10.04, 0.006, 341.57, 0.00);
insert into SHOT values (867, 867, 868, 965, 77.150, 255.96, 15.02, 77.154, 255.96, 15.02, 0.008, 194.04, 0.00);
insert into SHOT values (868, 868, 869, 965, 76.822, 0.00, 19.78, 76.823, 0.00, 19.78, 0.002, 0.00, 0.00);
insert into SHOT values (869, 869, 870, 965, 62.610, 23.96, -18.63, 62.615, 23.96, -18.63, 0.006, 45.00, -0.00);
insert into SHOT values (870, 870, 871, 965, 64.481, 0.00, -20.90, 64.481, 0.00, -20.90, 0.000, 180.00, 0.00);
insert into SHOT values (871, 871, 872, 965, 39.202, 321.34, -10.29, 39.205, 321.34, -10.29, 0.004, 270.00, 0.00);
insert into SHOT values (872, 872, 873, 965, 34.634, 281.31, 27.51, 34.633, 281.30, 27.52, 0.004, 180.00, 0.00);
insert into SHOT values (873, 868, 874, 965, 133.775, 204.23, -9.03, 133.777, 204.23, -9.03, 0.004, 270.00, 0.00);
insert into SHOT values (874, 874, 875, 965, 81.266, 228.01, -4.23, 81.262, 228.02, -4.23, 0.006, 0.00, 0.00);
insert into SHOT values (875, 875, 876, 965, 42.643, 278.13, -2.69, 42.635, 278.13, -2.69, 0.009, 116.57, 0.00);
insert into SHOT values (876, 876, 877, 965, 92.155, 11.31, 0.62, 92.155, 11.31, 0.62, 0.002, 270.00, 0.00);
insert into SHOT values (877, 877, 878, 965, 74.540, 14.04, 1.54, 74.541, 14.03, 1.54, 0.003, 315.00, 0.00);
insert into SHOT values (878, 875, 879, 965, 19.042, 180.00, -18.37, 19.040, 180.00, -18.37, 0.002, 0.00, 0.00);
insert into SHOT values (879, 879, 880, 965, 67.358, 206.57, -0.85, 67.358, 206.57, -0.85, 0.000, 26.57, 0.00);
insert into SHOT values (880, 880, 881, 965, 38.572, 231.34, 0.00, 38.575, 231.34, 0.00, 0.004, 180.00, 0.00);
insert into SHOT values (881, 881, 882, 965, 45.975, 203.20, -3.74, 45.976, 203.20, -3.74, 0.003, 135.00, 0.00);
insert into SHOT values (882, 882, 883, 965, 13.507, 296.57, -4.25, 13.512, 296.58, -4.24, 0.006, 341.57, 0.00);
insert into SHOT values (883, 883, 884, 965, 67.417, 26.57, 2.55, 67.417, 26.57, 2.55, 0.000, 206.57, 0.00);
insert into SHOT values (884, 884, 885, 965, 70.516, 19.98, 0.81, 70.514, 19.99, 0.81, 0.006, 135.00, 0.00);
insert into SHOT values (885, 885, 876, 965, 19.695, 341.57, 14.71, 19.692, 341.57, 14.71, 0.004, 116.57, 0.00);
insert into SHOT values (886, 866, 886, 965, 128.060, 32.91, 17.73, 128.059, 32.90, 17.73, 0.004, 296.57, 0.00);
insert into SHOT values (887, 865, 887, 965, 78.543, 32.47, 0.00, 78.541, 32.47, 0.00, 0.004, 153.43, 0.00);
insert into SHOT values (888, 887, 888, 965, 90.366, 53.13, -0.63, 90.370, 53.13, -0.63, 0.004, 26.57, 0.00);
insert into SHOT values (889, 888, 889, 965, 51.125, 45.00, -1.12, 51.119, 45.00, -1.12, 0.006, 225.00, 0.00);
insert into SHOT values (890, 868, 890, 965, 59.338, 66.04, -0.97, 59.343, 66.04, -0.97, 0.006, 45.00, 0.00);
insert into SHOT values (891, 890, 891, 965, 43.440, 56.31, 0.00, 43.439, 56.30, 0.00, 0.006, 315.00, 0.00);
insert into SHOT values (892, 891, 892, 965, 36.656, 170.54, -1.56, 36.661, 170.55, -1.56, 0.007, 213.69, 0.00);
insert into SHOT values (893, 892, 893, 965, 24.814, 146.31, -28.92, 24.814, 146.30, -28.92, 0.003, 45.00, 0.00);
insert into SHOT values (894, 893, 864, 965, 18.720, 116.57, -43.98, 18.720, 116.55, -43.98, 0.004, 26.57, 0.00);
insert into SHOT values (895, 855, 894, 965, 51.938, 50.19, 25.06, 51.936, 50.19, 25.06, 0.004, 270.00, -0.00);
insert into SHOT values (896, 894, 895, 965, 70.825, 30.96, -7.30, 70.823, 30.96, -7.30, 0.004, 270.00, 0.00);
insert into SHOT values (897, 895, 896, 965, 38.258, 9.46, -16.71, 38.265, 9.47, -16.71, 0.008, 45.00, 0.00);
insert into SHOT values (898, 896, 897, 965, 40.460, 26.57, -2.83, 40.455, 26.57, -2.83, 0.004, 206.57, 0.00);
insert into SHOT values (899, 897, 898, 965, 38.585, 51.34, 1.49, 38.588, 51.34, 1.48, 0.004, 360.00, 0.00);
insert into SHOT values (900, 898, 899, 965, 34.209, 315.00, 5.03, 34.207, 314.99, 5.03, 0.007, 213.69, 0.00);
insert into SHOT values (901, 899, 900, 965, 96.405, 0.00, -1.19, 96.411, 0.00, -1.19, 0.006, 0.00, 0.00);
insert into SHOT values (902, 900, 901, 965, 25.018, 284.04, 6.89, 25.011, 284.03, 6.89, 0.007, 123.69, 0.00);
insert into SHOT values (903, 901, 902, 965, 25.805, 14.04, 15.74, 25.808, 14.03, 15.74, 0.006, 315.00, -0.00);
insert into SHOT values (904, 902, 903, 965, 36.639, 0.00, -9.43, 36.635, 0.00, -9.43, 0.004, 180.00, 0.00);
insert into SHOT values (905, 903, 904, 965, 84.645, 4.09, 2.71, 84.650, 4.09, 2.71, 0.007, 56.31, 0.00);
insert into SHOT values (906, 904, 863, 965, 30.186, 90.00, 3.80, 30.186, 90.00, 3.80, 0.000, 270.00, -0.09);
insert into SHOT values (907, 895, 905, 965, 52.173, 116.57, -39.24, 52.176, 116.56, -39.23, 0.006, 71.57, 0.00);
insert into SHOT values (908, 764, 906, 965, 65.647, 77.47, 32.22, 64.421, 75.93, 30.36, 2.860, 348.55, -58.56);
insert into SHOT values (909, 906, 907, 965, 30.532, 53.13, 9.43, 30.809, 51.10, 5.68, 2.290, 348.67, -58.36);
insert into SHOT values (910, 907, 908, 965, 38.217, 71.57, -4.50, 38.695, 69.35, -8.08, 2.860, 348.63, -58.57);
insert into SHOT values (911, 908, 909, 965, 60.248, 90.00, 0.95, 59.975, 88.60, -1.38, 2.859, 348.39, -58.58);
insert into SHOT values (912, 909, 910, 965, 42.784, 98.13, 5.36, 42.146, 96.22, 2.11, 2.870, 348.49, -58.62);
insert into SHOT values (913, 910, 911, 965, 24.918, 14.04, 4.60, 24.923, 14.05, 4.60, 0.007, 56.31, 0.00);
insert into SHOT values (914, 911, 912, 965, 34.092, 45.00, 1.68, 34.090, 44.99, 1.68, 0.007, 303.69, 0.00);
insert into SHOT values (915, 912, 913, 965, 86.395, 12.09, 3.32, 86.391, 12.10, 3.32, 0.010, 126.87, 0.00);
insert into SHOT values (916, 913, 914, 965, 50.047, 336.80, -23.55, 50.052, 336.79, -23.55, 0.008, 284.04, 0.00);
insert into SHOT values (917, 914, 915, 965, 40.521, 26.57, -4.25, 40.521, 26.58, -4.25, 0.009, 116.57, 0.00);
insert into SHOT values (918, 915, 916, 965, 17.155, 45.00, -6.69, 17.151, 44.98, -6.70, 0.008, 284.04, 0.00);
insert into SHOT values (919, 916, 917, 965, 22.820, 146.31, -17.86, 22.819, 146.30, -17.86, 0.003, 45.00, 0.00);
insert into SHOT values (920, 917, 918, 965, 35.126, 30.96, 0.00, 35.125, 30.96, 0.00, 0.002, 270.00, 0.00);
insert into SHOT values (921, 918, 919, 965, 20.295, 108.43, 20.18, 20.301, 108.42, 20.17, 0.009, 63.43, 0.00);
insert into SHOT values (922, 919, 920, 965, 25.336, 75.96, 11.38, 25.329, 75.97, 11.38, 0.007, 236.31, 0.00);
insert into SHOT values (923, 920, 921, 965, 100.000, 90.00, -90.00, 100.000, 90.00, -90.00, 0.000, 90.00, 0.00);
insert into SHOT values (924, 921, 922, 965, 31.889, 104.04, -38.84, 31.891, 104.03, -38.84, 0.006, 45.00, 0.00);
insert into SHOT values (925, 922, 923, 965, 35.612, 90.00, 32.24, 35.612, 90.00, 32.24, 0.000, 270.00, 0.00);
insert into SHOT values (926, 923, 924, 965, 66.038, 66.04, 26.05, 66.031, 66.04, 26.05, 0.008, 225.00, -0.00);
insert into SHOT values (927, 924, 925, 965, 37.506, 9.46, -12.32, 37.512, 9.47, -12.31, 0.008, 45.00, 0.00);
insert into SHOT values (928, 925, 926, 965, 89.192, 50.71, 16.28, 89.186, 50.71, 16.28, 0.007, 213.69, 0.00);
insert into SHOT values (929, 926, 927, 965, 16.200, 26.57, -33.75, 16.204, 26.58, -33.74, 0.006, 71.57, 0.00);
insert into SHOT values (930, 927, 928, 965, 68.240, 83.66, 36.93, 68.235, 83.66, 36.93, 0.007, 236.31, 0.00);
insert into SHOT values (931, 928, 929, 965, 31.741, 348.69, -14.60, 31.740, 348.70, -14.60, 0.004, 90.00, 0.00);
insert into SHOT values (932, 929, 930, 965, 63.632, 23.96, -21.19, 63.633, 23.96, -21.19, 0.007, 303.69, -0.00);
insert into SHOT values (933, 910, 931, 965, 52.776, 234.46, -10.92, 52.770, 234.46, -10.92, 0.008, 90.00, 0.00);
insert into SHOT values (934, 931, 932, 965, 42.889, 225.00, -6.69, 42.889, 225.00, -6.69, 0.000, 45.00, 0.00);
insert into SHOT values (935, 906, 933, 965, 44.154, 0.00, 56.93, 43.907, 359.86, 56.26, 0.575, 348.47, -58.52);
insert into SHOT values (936, 933, 934, 965, 35.003, 45.00, 13.21, 35.053, 44.57, 12.37, 0.575, 347.35, -58.41);
insert into SHOT values (937, 934, 935, 965, 42.745, 0.00, 9.43, 42.747, 0.00, 9.42, 0.002, 0.00, 0.00);
insert into SHOT values (938, 935, 936, 965, 33.187, 111.80, 12.18, 33.188, 111.80, 12.18, 0.002, 180.00, 0.00);
insert into SHOT values (939, 934, 937, 965, 31.889, 165.96, -38.84, 31.967, 165.92, -39.86, 0.575, 349.66, -58.45);
insert into SHOT values (940, 937, 907, 965, 21.739, 225.00, -66.93, 22.119, 226.70, -67.81, 0.566, 349.22, -58.06);
insert into SHOT values (941, 764, 938, 965, 63.995, 180.00, 32.09, 65.268, 179.85, 32.66, 1.431, 169.20, 58.51);
insert into SHOT values (942, 938, 939, 965, 108.673, 199.44, 2.11, 109.364, 199.24, 2.74, 1.440, 168.12, 58.69);
insert into SHOT values (943, 939, 940, 965, 25.092, 180.00, 16.20, 25.483, 179.88, 17.00, 0.529, 169.66, 58.24);
insert into SHOT values (944, 940, 941, 965, 38.258, 260.54, 16.71, 38.386, 260.10, 17.37, 0.539, 168.93, 58.56);
insert into SHOT values (945, 941, 942, 965, 44.431, 90.00, 18.37, 44.635, 90.37, 18.89, 0.528, 167.07, 58.38);
insert into SHOT values (946, 942, 943, 965, 48.451, 180.00, 5.92, 48.766, 179.94, 6.42, 0.526, 169.43, 58.79);
insert into SHOT values (947, 943, 944, 965, 42.154, 206.57, 16.54, 42.502, 206.33, 17.05, 0.539, 169.33, 58.59);
insert into SHOT values (948, 944, 945, 965, 86.303, 192.09, 1.99, 86.565, 192.02, 2.28, 0.525, 166.78, 58.93);
insert into SHOT values (949, 945, 946, 965, 109.133, 277.59, -33.35, 108.815, 277.43, -33.18, 0.531, 169.80, 57.88);
insert into SHOT values (950, 946, 947, 965, 102.407, 225.00, -3.36, 102.621, 224.78, -2.91, 0.920, 168.02, 59.13);
insert into SHOT values (951, 947, 948, 965, 36.260, 239.04, -14.37, 36.229, 238.32, -13.10, 0.918, 168.88, 59.42);
insert into SHOT values (952, 948, 949, 965, 37.506, 189.46, 12.32, 37.809, 189.32, 12.88, 0.489, 166.56, 61.61);
insert into SHOT values (953, 949, 950, 965, 54.029, 243.43, -4.25, 54.066, 243.19, -3.79, 0.491, 169.82, 61.06);
insert into SHOT values (954, 950, 951, 965, 39.594, 260.54, -22.26, 39.590, 260.54, -22.26, 0.006, 45.00, 0.00);
insert into SHOT values (955, 951, 952, 965, 62.785, 198.43, 24.46, 62.788, 198.43, 24.46, 0.004, 153.43, 0.00);
insert into SHOT values (956, 952, 953, 965, 68.089, 206.57, -8.45, 68.089, 206.57, -8.45, 0.000, 26.57, 0.00);
insert into SHOT values (957, 950, 952, 965, 81.788, 221.99, 7.73, 81.784, 221.98, 7.73, 0.006, 90.00, 0.00);
insert into SHOT values (958, 950, 755, 965, 105.867, 315.00, -43.59, 105.426, 314.91, -43.50, 0.489, 166.08, 61.57);
insert into SHOT values (959, 948, 756, 965, 102.943, 298.61, -42.84, 102.588, 298.47, -42.75, 0.432, 169.35, 56.52);
insert into SHOT values (960, 946, 954, 965, 68.950, 264.29, -28.59, 68.679, 263.99, -28.22, 0.611, 169.25, 58.26);
insert into SHOT values (961, 954, 757, 965, 87.407, 270.00, -40.70, 87.020, 269.72, -40.47, 0.614, 168.69, 57.89);
insert into SHOT values (962, 939, 955, 965, 52.432, 249.44, -11.00, 52.369, 248.92, -10.15, 0.906, 168.88, 58.22);
insert into SHOT values (963, 955, 956, 965, 55.914, 215.54, -22.06, 55.932, 215.16, -21.20, 0.902, 168.98, 58.56);
insert into SHOT values (964, 956, 957, 965, 74.680, 194.04, 3.84, 75.161, 193.88, 4.40, 0.903, 168.74, 58.54);
insert into SHOT values (965, 957, 946, 965, 62.000, 203.96, 16.88, 62.663, 203.67, 17.52, 1.007, 168.35, 58.61);
insert into SHOT values (966, 957, 759, 965, 73.267, 303.69, -53.64, 73.349, 303.73, -53.66, 0.091, 352.23, -60.97);
insert into SHOT values (967, 947, 958, 965, 70.456, 156.04, 32.64, 70.449, 156.04, 32.64, 0.008, 315.00, 0.00);
insert into SHOT values (968, 958, 959, 965, 75.000, 243.43, 26.10, 75.000, 243.43, 26.10, 0.000, 283.24, 0.00);
insert into SHOT values (969, 945, 960, 965, 47.058, 135.00, -25.15, 47.058, 135.00, -25.15, 0.000, 79.21, 0.00);
insert into SHOT values (970, 960, 961, 965, 35.000, 90.00, -90.00, 35.000, 90.00, -90.00, 0.000, 90.00, 0.00);
insert into SHOT values (971, 961, 962, 965, 27.868, 90.00, -30.16, 27.863, 90.00, -30.16, 0.006, 270.00, 0.00);
insert into SHOT values (972, 962, 963, 965, 67.949, 349.70, -7.61, 67.945, 349.69, -7.61, 0.004, 206.57, 0.00);
insert into SHOT values (973, 963, 964, 965, 84.035, 8.75, -19.46, 84.034, 8.75, -19.46, 0.003, 135.00, 0.00);
insert into SHOT values (974, 964, 965, 965, 57.828, 26.57, -21.29, 57.828, 26.57, -21.29, 0.004, 116.57, 0.00);
insert into SHOT values (975, 965, 966, 965, 19.764, 90.00, -23.88, 19.762, 90.00, -23.88, 0.002, 270.00, 0.00);
insert into SHOT values (976, 966, 967, 965, 30.269, 36.87, -5.69, 30.271, 36.86, -5.69, 0.004, 333.43, 0.00);
insert into SHOT values (977, 744, 968, 965, 19.284, 108.43, -8.95, 19.634, 110.87, -7.73, 0.981, 173.20, 21.53);
insert into SHOT values (978, 968, 969, 965, 36.697, 170.54, -3.12, 37.579, 170.60, -2.49, 0.975, 173.25, 22.30);
insert into SHOT values (979, 969, 970, 965, 24.096, 90.00, 0.00, 24.220, 92.13, 0.88, 0.979, 173.41, 22.21);
insert into SHOT values (980, 970, 971, 965, 13.507, 26.57, -4.25, 12.740, 28.80, -2.83, 0.977, 173.27, 22.25);
insert into SHOT values (981, 971, 972, 965, 30.782, 101.31, -3.73, 31.055, 102.89, -3.03, 0.972, 173.00, 21.74);
insert into SHOT values (982, 972, 973, 965, 55.763, 40.60, -5.14, 55.125, 41.29, -4.82, 0.977, 173.27, 22.25);
insert into SHOT values (983, 973, 974, 965, 32.440, 111.80, 0.00, 32.885, 113.17, 0.64, 0.972, 172.97, 22.38);
insert into SHOT values (984, 974, 975, 965, 90.498, 216.87, 3.17, 89.531, 217.47, 2.54, 1.668, 351.50, -38.13);
insert into SHOT values (985, 975, 976, 965, 18.040, 116.57, 41.70, 16.847, 111.73, 40.67, 1.657, 352.17, -37.99);
insert into SHOT values (986, 976, 977, 965, 31.333, 153.43, 30.71, 29.735, 152.51, 30.23, 1.674, 351.81, -37.98);
insert into SHOT values (987, 977, 978, 965, 115.106, 47.12, 1.00, 115.844, 46.59, 0.48, 1.661, 351.85, -37.88);
insert into SHOT values (988, 978, 979, 965, 86.251, 24.78, 0.00, 87.361, 24.31, -0.68, 1.667, 351.93, -38.16);
insert into SHOT values (989, 979, 980, 965, 77.203, 51.34, 2.23, 77.841, 50.51, 1.46, 1.662, 351.67, -37.87);
insert into SHOT values (990, 980, 981, 965, 94.103, 39.81, 0.61, 94.766, 39.36, 0.14, 1.256, 351.89, -37.82);
insert into SHOT values (991, 981, 982, 965, 75.719, 28.61, -4.54, 76.855, 28.02, -5.24, 1.659, 351.92, -37.93);
insert into SHOT values (992, 982, 983, 965, 35.480, 59.04, 8.10, 35.871, 57.09, 6.35, 1.668, 351.67, -38.14);
insert into SHOT values (993, 983, 984, 965, 78.702, 32.47, 3.64, 79.092, 32.18, 3.04, 1.006, 349.56, -53.66);
insert into SHOT values (994, 984, 985, 965, 47.091, 50.19, -2.43, 47.543, 49.36, -3.71, 1.340, 349.54, -53.71);
insert into SHOT values (995, 985, 986, 965, 64.106, 41.19, 2.68, 64.386, 40.84, 2.00, 0.899, 349.78, -56.53);
insert into SHOT values (996, 986, 987, 965, 55.548, 40.60, 1.03, 55.652, 40.46, 0.75, 0.322, 348.82, -57.00);
insert into SHOT values (997, 987, 988, 965, 60.467, 315.00, 9.52, 60.559, 315.09, 9.25, 0.316, 348.83, -58.55);
insert into SHOT values (998, 988, 989, 965, 34.601, 45.00, 9.99, 34.652, 44.75, 9.52, 0.323, 348.31, -56.65);
insert into SHOT values (999, 989, 990, 965, 44.579, 344.05, 10.34, 44.572, 344.05, 10.34, 0.008, 194.04, 0.00);
insert into SHOT values (1000, 990, 991, 965, 83.390, 278.75, 18.17, 83.389, 278.75, 18.17, 0.003, 45.00, 0.00);
insert into SHOT values (1001, 991, 992, 965, 34.311, 315.00, -6.69, 34.316, 315.00, -6.69, 0.006, 315.00, 0.00);
insert into SHOT values (1002, 989, 993, 965, 102.791, 143.13, 28.47, 102.525, 143.08, 28.38, 0.320, 347.91, -57.53);
insert into SHOT values (1003, 993, 758, 965, 39.144, 126.87, -39.69, 39.226, 126.65, -40.11, 0.316, 350.88, -58.71);
insert into SHOT values (1004, 986, 757, 965, 57.617, 119.74, 32.55, 57.169, 119.45, 32.25, 0.592, 348.22, -55.80);
insert into SHOT values (1005, 985, 756, 965, 62.288, 119.74, 38.76, 61.928, 119.47, 38.63, 0.453, 350.79, -48.59);
insert into SHOT values (1006, 983, 754, 965, 51.684, 126.87, 54.35, 51.531, 126.12, 54.71, 0.527, 354.96, 6.53);
insert into SHOT values (1007, 985, 994, 965, 53.899, 339.44, -17.27, 53.905, 339.45, -17.27, 0.008, 14.04, 0.00);
insert into SHOT values (1008, 983, 995, 965, 55.321, 0.00, -11.47, 55.565, 359.97, -11.70, 0.334, 351.21, -53.98);
insert into SHOT values (1009, 995, 996, 965, 45.921, 23.20, -2.50, 46.103, 23.05, -2.82, 0.340, 348.25, -52.61);
insert into SHOT values (1010, 996, 997, 965, 47.144, 309.81, -3.65, 47.141, 309.81, -3.65, 0.004, 90.00, 0.00);
insert into SHOT values (1011, 984, 996, 965, 42.566, 321.34, -25.02, 42.297, 321.21, -24.78, 0.332, 169.27, 54.39);
insert into SHOT values (1012, 982, 998, 965, 65.597, 348.69, -20.53, 65.598, 348.69, -20.53, 0.002, 270.00, 0.00);
insert into SHOT values (1013, 998, 999, 965, 53.890, 206.57, -1.06, 53.890, 206.57, -1.06, 0.004, 296.57, 0.00);
insert into SHOT values (1014, 977, 1000, 965, 60.273, 216.87, 1.90, 60.275, 216.88, 1.90, 0.006, 288.43, 0.00);
insert into SHOT values (1015, 762, 1001, 965, 90.744, 342.90, -25.45, 90.858, 342.90, -25.50, 0.139, 348.37, -59.95);
insert into SHOT values (1016, 1001, 1002, 965, 41.986, 239.04, -33.22, 41.823, 238.63, -32.64, 0.513, 169.03, 59.15);
insert into SHOT values (1017, 1002, 1003, 965, 65.372, 201.80, 7.03, 65.646, 201.67, 7.39, 0.514, 167.85, 58.85);
insert into SHOT values (1018, 1003, 1004, 965, 40.256, 251.57, -18.84, 40.253, 251.56, -18.84, 0.004, 116.57, 0.00);
insert into SHOT values (1019, 1004, 1005, 965, 68.713, 217.87, -1.67, 68.718, 217.87, -1.67, 0.004, 206.57, 0.00);
insert into SHOT values (1020, 1005, 1006, 965, 36.199, 270.00, -3.17, 36.205, 270.00, -3.17, 0.006, 270.00, 0.00);
insert into SHOT values (1021, 1006, 1007, 965, 85.617, 219.29, 0.00, 85.610, 219.29, 0.00, 0.007, 56.31, 0.00);
insert into SHOT values (1022, 1001, 1008, 965, 87.225, 24.78, -8.57, 87.225, 24.78, -8.57, 0.006, 108.43, 0.00);
insert into SHOT values (1023, 1008, 1009, 965, 35.107, 101.31, 28.96, 35.106, 101.30, 28.96, 0.004, 0.00, 0.00);
insert into SHOT values (1024, 1009, 1010, 965, 64.888, 21.80, -0.88, 64.886, 21.80, -0.88, 0.006, 270.00, 0.00);
insert into SHOT values (1025, 1010, 1011, 965, 36.697, 350.54, -3.12, 36.693, 350.54, -3.12, 0.006, 135.00, 0.00);
insert into SHOT values (1026, 1011, 1012, 965, 60.166, 23.96, -9.57, 60.168, 23.96, -9.57, 0.007, 303.69, 0.00);
insert into SHOT values (1027, 1011, 1013, 965, 26.089, 270.00, -22.54, 26.092, 270.00, -22.54, 0.004, 270.00, 0.00);
insert into SHOT values (1028, 763, 1001, 965, 60.154, 270.00, -36.76, 59.777, 269.61, -36.37, 0.644, 169.36, 58.60);
insert into SHOT values (1029, 761, 1003, 965, 77.266, 288.43, -42.30, 77.286, 288.45, -42.31, 0.027, 347.47, -47.33);
insert into SHOT values (1030, 760, 1014, 965, 23.063, 18.43, -34.31, 23.478, 18.08, -34.83, 0.481, 349.94, -58.44);
insert into SHOT values (1031, 1014, 1003, 965, 53.367, 326.31, -35.51, 53.803, 326.44, -35.72, 0.486, 348.09, -57.46);
insert into SHOT values (1032, 980, 1015, 965, 82.809, 17.10, -8.33, 83.144, 17.00, -8.48, 0.421, 352.02, -38.13);
insert into SHOT values (1033, 1015, 1016, 965, 48.608, 209.74, -2.36, 48.357, 209.98, -2.67, 0.415, 352.36, -37.07);
insert into SHOT values (1034, 1016, 981, 965, 71.835, 59.04, 12.05, 71.904, 58.79, 11.83, 0.420, 351.28, -38.25);
insert into SHOT values (1035, 627, 1017, 965, 26.274, 45.00, 49.57, 26.271, 45.19, 49.68, 0.075, 169.99, 23.48);
insert into SHOT values (1036, 1017, 1018, 965, 32.422, 90.00, 21.72, 32.382, 89.73, 21.64, 0.154, 351.87, -22.99);
insert into SHOT values (1037, 1018, 1019, 965, 53.738, 97.13, 25.34, 53.687, 96.97, 25.30, 0.147, 354.88, -24.04);
insert into SHOT values (1038, 1019, 1020, 965, 111.526, 49.40, -5.14, 111.645, 49.31, -5.18, 0.219, 352.67, -21.44);
insert into SHOT values (1039, 1020, 748, 965, 74.318, 335.56, -11.64, 74.149, 335.52, -11.62, 0.179, 173.05, 22.96);
insert into SHOT values (1040, 1020, 749, 965, 80.792, 38.66, -17.28, 81.088, 38.46, -17.33, 0.401, 353.52, -21.94);
insert into SHOT values (1041, 627, 1021, 965, 41.745, 170.54, 28.63, 41.666, 170.52, 28.64, 0.080, 356.91, -22.04);
insert into SHOT values (1042, 1021, 1022, 965, 25.532, 108.43, 41.75, 25.489, 108.26, 41.74, 0.072, 349.38, -24.74);
insert into SHOT values (1043, 1022, 1019, 965, 83.889, 53.97, 12.39, 83.919, 53.93, 12.36, 0.074, 356.63, -23.77);
insert into SHOT values (1044, 1017, 1023, 965, 45.160, 8.13, -19.40, 44.943, 8.20, -19.39, 0.224, 172.87, 20.89);
insert into SHOT values (1045, 1023, 1024, 965, 39.655, 71.57, -16.10, 39.597, 71.86, -16.01, 0.215, 172.52, 21.83);
insert into SHOT values (1046, 1024, 1025, 965, 47.567, 140.19, 8.46, 47.571, 140.20, 8.46, 0.006, 180.00, 0.00);
insert into SHOT values (1047, 1025, 1026, 965, 132.151, 46.85, 1.30, 132.148, 46.85, 1.30, 0.004, 270.00, 0.00);
insert into SHOT values (1048, 1024, 1027, 965, 115.722, 38.66, 0.50, 115.572, 38.73, 0.54, 0.230, 174.02, 23.09);
insert into SHOT values (1049, 1027, 1028, 965, 37.131, 279.46, -9.30, 37.062, 279.15, -9.19, 0.220, 173.29, 21.28);
insert into SHOT values (1050, 1028, 1029, 965, 37.506, 260.54, -12.32, 37.497, 260.21, -12.18, 0.226, 173.35, 23.46);
insert into SHOT values (1051, 1029, 1030, 965, 12.695, 0.00, -18.37, 12.482, 0.10, -18.30, 0.214, 174.23, 21.90);
insert into SHOT values (1052, 1030, 1031, 965, 46.051, 66.80, -4.98, 45.982, 67.06, -4.89, 0.228, 174.08, 20.57);
insert into SHOT values (1053, 1031, 745, 965, 78.369, 22.62, -2.19, 78.195, 22.70, -2.13, 0.220, 171.38, 24.20);
insert into SHOT values (1054, 747, 1032, 965, 74.462, 48.81, 30.69, 74.444, 48.86, 30.72, 0.075, 173.29, 23.66);
insert into SHOT values (1055, 1032, 1033, 965, 82.821, 12.99, -13.97, 82.760, 13.01, -13.97, 0.066, 172.65, 17.74);
insert into SHOT values (1056, 1033, 1034, 965, 48.493, 288.43, -38.22, 48.490, 288.44, -38.22, 0.004, 63.43, 0.00);
insert into SHOT values (1057, 1034, 1035, 965, 115.088, 6.01, 0.00, 115.091, 6.00, 0.00, 0.009, 296.57, 0.00);
insert into SHOT values (1058, 751, 1036, 965, 49.165, 135.00, 58.68, 49.800, 133.80, 59.80, 1.272, 0.63, 54.86);
insert into SHOT values (1059, 1036, 1037, 965, 162.089, 221.99, 0.00, 162.088, 221.99, 0.00, 0.002, 90.00, 0.00);
insert into SHOT values (1060, 1037, 1038, 965, 42.275, 270.00, -4.07, 42.277, 270.00, -4.07, 0.002, 270.00, 0.00);
insert into SHOT values (1061, 1038, 1039, 965, 34.136, 225.00, -3.36, 34.141, 225.00, -3.36, 0.006, 225.00, 0.00);
insert into SHOT values (1062, 1039, 1040, 965, 43.754, 188.13, 13.21, 43.756, 188.12, 13.21, 0.004, 116.57, 0.00);
insert into SHOT values (1063, 1040, 1041, 965, 103.054, 225.00, 7.25, 103.050, 225.00, 7.25, 0.008, 345.96, 0.00);
insert into SHOT values (1064, 1041, 1042, 965, 23.146, 123.69, 20.22, 23.146, 123.70, 20.22, 0.003, 225.00, 0.00);
insert into SHOT values (1065, 1042, 1043, 965, 47.430, 50.19, 7.27, 47.435, 50.20, 7.27, 0.006, 90.00, 0.00);
insert into SHOT values (1066, 1043, 1044, 965, 61.206, 84.29, 8.46, 61.205, 84.29, 8.46, 0.004, 180.00, 0.00);
insert into SHOT values (1067, 1044, 1045, 965, 67.469, 63.43, 3.40, 67.469, 63.43, 3.40, 0.000, 243.43, 0.00);
insert into SHOT values (1068, 1045, 1046, 965, 35.423, 116.57, 40.49, 35.419, 116.57, 40.49, 0.006, 251.57, 0.00);
insert into SHOT values (1069, 1046, 1047, 965, 42.608, 45.00, -1.34, 42.608, 45.00, -1.34, 0.000, 225.00, 0.00);
insert into SHOT values (1070, 1047, 1048, 965, 57.391, 32.01, -8.01, 57.397, 32.00, -8.01, 0.008, 360.00, 0.00);
insert into SHOT values (1071, 1048, 1049, 965, 72.601, 48.37, -2.37, 72.602, 48.37, -2.37, 0.004, 116.57, 0.00);
insert into SHOT values (1072, 1049, 1050, 965, 67.469, 26.57, -3.40, 67.469, 26.57, -3.40, 0.000, 206.57, 0.00);
insert into SHOT values (1073, 1050, 1051, 965, 55.575, 40.60, 2.06, 55.573, 40.60, 2.06, 0.004, 296.57, 0.00);
insert into SHOT values (1074, 1051, 1052, 965, 24.858, 14.04, -2.31, 24.853, 14.05, -2.31, 0.008, 135.00, 0.00);
insert into SHOT values (1075, 1052, 1053, 965, 77.151, 38.66, -0.74, 77.150, 38.66, -0.74, 0.002, 270.00, 0.00);
insert into SHOT values (1076, 1053, 1054, 965, 75.540, 28.61, 2.28, 75.543, 28.61, 2.28, 0.007, 326.31, 0.00);
insert into SHOT values (1077, 1046, 1055, 965, 25.869, 225.00, 8.90, 25.866, 225.00, 8.90, 0.003, 45.00, 0.00);
insert into SHOT values (1078, 1055, 1056, 965, 44.579, 254.05, 10.34, 44.582, 254.05, 10.34, 0.003, 225.00, 0.00);
insert into SHOT values (1079, 1037, 1057, 965, 78.353, 204.44, 21.72, 78.358, 204.44, 21.72, 0.006, 180.00, 0.00);
insert into SHOT values (1080, 1057, 1058, 965, 23.511, 123.69, 22.51, 23.505, 123.68, 22.51, 0.008, 345.96, 0.00);
insert into SHOT values (1081, 1058, 1044, 965, 40.521, 206.57, 4.25, 40.526, 206.56, 4.25, 0.006, 161.57, 0.00);
insert into SHOT values (1082, 1057, 1040, 965, 48.519, 270.00, -29.65, 48.521, 270.00, -29.65, 0.002, 270.00, 0.00);
insert into SHOT values (1083, 1045, 1059, 965, 47.091, 39.81, 2.43, 47.096, 39.80, 2.43, 0.006, 0.00, 0.00);
insert into SHOT values (1084, 1059, 1060, 965, 48.660, 29.74, 3.53, 48.650, 29.74, 3.54, 0.010, 216.87, 0.00);
insert into SHOT values (1085, 1060, 1061, 965, 25.336, 75.96, 11.38, 25.341, 75.95, 11.38, 0.007, 33.69, 0.00);
insert into SHOT values (1086, 1061, 1048, 965, 19.465, 161.57, 11.86, 19.462, 161.57, 11.86, 0.004, 296.57, 0.00);
insert into SHOT values (1087, 1059, 1047, 965, 36.155, 126.87, 33.58, 36.155, 126.89, 33.58, 0.010, 216.87, 0.00);
insert into SHOT values (1088, 1050, 1062, 965, 49.064, 285.95, -26.64, 49.066, 285.95, -26.64, 0.003, 315.00, 0.00);
insert into SHOT values (1089, 1062, 1063, 965, 52.776, 35.54, -10.92, 52.770, 35.54, -10.92, 0.008, 180.00, 0.00);
insert into SHOT values (1090, 1063, 1064, 965, 94.289, 39.81, 3.65, 94.291, 39.80, 3.65, 0.002, 360.00, 0.00);
insert into SHOT values (1091, 1064, 1065, 965, 47.060, 39.81, -1.22, 47.064, 39.80, -1.22, 0.006, 360.00, 0.00);
insert into SHOT values (1092, 1052, 1063, 965, 64.603, 257.47, -30.72, 64.607, 257.47, -30.72, 0.004, 243.43, 0.00);
insert into SHOT values (1093, 1053, 1064, 965, 49.539, 270.00, -31.66, 49.541, 270.00, -31.66, 0.002, 270.00, 0.00);
insert into SHOT values (1094, 1062, 1036, 965, 59.574, 290.56, -30.24, 59.572, 290.55, -30.24, 0.003, 135.00, 0.00);
insert into SHOT values (1095, 1062, 1066, 965, 36.697, 189.46, 3.12, 36.702, 189.45, 3.12, 0.007, 146.31, 0.00);
insert into SHOT values (1096, 1066, 1067, 965, 48.608, 240.26, 2.36, 48.607, 240.26, 2.36, 0.006, 341.57, 0.00);
insert into SHOT values (1097, 1067, 1068, 965, 27.107, 206.57, 6.35, 27.111, 206.57, 6.35, 0.004, 206.57, 0.00);
insert into SHOT values (1098, 1048, 1069, 965, 108.989, 90.00, 5.79, 108.987, 90.00, 5.79, 0.002, 270.00, 0.00);
insert into SHOT values (1099, 1048, 1070, 965, 39.582, 116.57, 47.11, 39.586, 116.57, 47.10, 0.004, 116.57, 0.00);
insert into SHOT values (1100, 1070, 1071, 965, 79.039, 71.57, 15.41, 79.039, 71.57, 15.41, 0.006, 161.57, 0.00);
insert into SHOT values (1101, 1071, 1072, 965, 55.648, 83.66, 11.40, 55.642, 83.65, 11.40, 0.008, 315.00, 0.00);
insert into SHOT values (1102, 1072, 1073, 965, 110.000, 90.00, 90.00, 110.000, 90.00, 90.00, 0.000, 90.00, 0.00);
insert into SHOT values (1103, 1072, 1074, 965, 76.224, 198.43, 1.50, 76.224, 198.43, 1.50, 0.006, 108.43, 0.00);
insert into SHOT values (1104, 1074, 1075, 965, 96.229, 246.80, 17.54, 96.231, 246.80, 17.54, 0.006, 315.00, 0.00);
insert into SHOT values (1105, 1075, 1076, 965, 71.906, 21.80, -25.54, 71.907, 21.80, -25.54, 0.004, 90.00, 0.00);
insert into SHOT values (1106, 1076, 1071, 965, 52.975, 35.54, -11.98, 52.969, 35.54, -11.99, 0.008, 180.00, -0.00);
insert into SHOT values (1107, 1071, 1077, 965, 25.158, 14.04, -9.15, 25.160, 14.03, -9.15, 0.006, 315.00, 0.00);
insert into SHOT values (1108, 1077, 1078, 965, 21.431, 315.00, -37.34, 21.434, 315.00, -37.34, 0.003, 315.00, 0.00);
insert into SHOT values (1109, 1078, 1079, 965, 47.178, 23.20, -13.48, 47.179, 23.20, -13.48, 0.003, 315.00, 0.00);
insert into SHOT values (1110, 1079, 1050, 965, 41.812, 306.87, -43.91, 41.807, 306.87, -43.92, 0.006, 108.43, 0.00);
insert into SHOT values (1111, 1072, 1080, 965, 43.449, 128.66, -27.41, 43.451, 128.66, -27.41, 0.004, 180.00, -0.00);
insert into SHOT values (1112, 1080, 1081, 965, 51.890, 75.96, -16.80, 51.889, 75.96, -16.80, 0.003, 315.00, 0.00);
insert into SHOT values (1113, 1081, 1082, 965, 31.889, 75.96, 38.84, 31.891, 75.97, 38.84, 0.006, 135.00, 0.00);
insert into SHOT values (1114, 1082, 1083, 965, 97.576, 75.96, 40.21, 97.579, 75.96, 40.21, 0.008, 14.04, 0.00);
insert into SHOT values (1115, 1083, 1084, 965, 102.719, 93.58, 19.92, 102.715, 93.58, 19.92, 0.007, 213.69, 0.00);
insert into SHOT values (1116, 1072, 1085, 965, 55.736, 90.00, 30.16, 55.734, 90.00, 30.16, 0.002, 270.00, 0.00);
insert into SHOT values (1117, 1085, 1086, 965, 81.941, 72.90, 0.70, 81.947, 72.90, 0.70, 0.010, 126.87, 0.00);
insert into SHOT values (1118, 1086, 1087, 965, 38.309, 71.57, 5.99, 38.305, 71.56, 5.99, 0.004, 296.57, 0.00);
insert into SHOT values (1119, 1087, 1083, 965, 30.835, 153.43, 29.11, 30.831, 153.43, 29.11, 0.006, 18.43, 0.00);
insert into SHOT values (1120, 1051, 1088, 965, 24.137, 90.00, 41.52, 24.136, 90.00, 41.52, 0.002, 270.00, 0.00);
insert into SHOT values (1121, 1088, 1089, 965, 31.271, 75.96, 37.41, 31.274, 75.97, 37.41, 0.006, 135.00, 0.00);
insert into SHOT values (1122, 1089, 1090, 965, 30.915, 146.31, 45.37, 30.915, 146.30, 45.37, 0.003, 45.00, 0.00);
insert into SHOT values (1123, 1090, 1091, 965, 60.214, 156.80, 40.37, 60.215, 156.80, 40.37, 0.003, 225.00, 0.00);
insert into SHOT values (1124, 1091, 1092, 965, 34.601, 225.00, -9.99, 34.607, 225.00, -9.98, 0.006, 225.00, 0.00);
insert into SHOT values (1125, 1092, 1072, 965, 61.984, 198.43, -22.78, 61.978, 198.43, -22.78, 0.006, 18.43, 0.00);
insert into SHOT values (1126, 1090, 1093, 965, 34.586, 216.87, 29.44, 34.588, 216.86, 29.44, 0.004, 153.43, 0.00);
insert into SHOT values (1127, 1093, 1092, 965, 46.683, 164.05, 20.04, 46.683, 164.07, 20.04, 0.008, 255.96, 0.00);
insert into SHOT values (1128, 1090, 1094, 965, 40.853, 26.57, -8.45, 40.849, 26.57, -8.45, 0.004, 206.57, 0.00);
insert into SHOT values (1129, 1094, 1095, 965, 57.764, 6.34, -19.20, 57.767, 6.34, -19.20, 0.006, 315.00, 0.00);
insert into SHOT values (1130, 1095, 1053, 965, 42.106, 284.04, -53.85, 42.102, 284.03, -53.86, 0.007, 123.69, 0.00);
insert into SHOT values (1131, 1091, 1096, 965, 65.229, 33.69, -2.64, 65.230, 33.69, -2.64, 0.006, 315.00, 0.00);
insert into SHOT values (1132, 1096, 1097, 965, 81.100, 318.01, 2.12, 81.096, 318.02, 2.12, 0.006, 90.00, 0.00);
insert into SHOT values (1133, 1097, 1098, 965, 144.715, 267.61, 0.79, 144.720, 267.61, 0.79, 0.007, 213.69, 0.00);
insert into SHOT values (1134, 1098, 1099, 965, 124.142, 240.95, -2.31, 124.141, 240.94, -2.31, 0.002, 90.00, 0.00);
insert into SHOT values (1135, 1099, 1100, 965, 114.614, 266.99, 0.00, 114.618, 266.99, 0.00, 0.006, 315.00, 0.00);
insert into SHOT values (1136, 1096, 1101, 965, 32.502, 68.20, -3.53, 32.499, 68.21, -3.53, 0.008, 180.00, 0.00);
insert into SHOT values (1137, 1101, 1102, 965, 19.154, 341.57, 5.99, 19.161, 341.58, 5.99, 0.009, 26.57, 0.00);
insert into SHOT values (1138, 1102, 1103, 965, 32.579, 68.20, 5.28, 32.576, 68.21, 5.28, 0.008, 180.00, 0.00);
insert into SHOT values (1139, 1103, 1104, 965, 31.121, 11.31, 9.25, 31.120, 11.30, 9.25, 0.004, 270.00, 0.00);
insert into SHOT values (1140, 1104, 1105, 965, 40.924, 59.04, 30.87, 40.928, 59.03, 30.87, 0.008, 360.00, 0.00);
insert into SHOT values (1141, 1105, 1106, 965, 19.465, 18.43, 11.86, 19.465, 18.45, 11.86, 0.006, 108.43, 0.00);
insert into SHOT values (1142, 1106, 1107, 965, 44.811, 33.69, -14.21, 44.804, 33.69, -14.21, 0.007, 236.31, 0.00);
insert into SHOT values (1143, 1107, 1108, 965, 55.656, 45.00, 81.20, 55.657, 45.00, 81.19, 0.008, 45.00, 0.00);
insert into SHOT values (1144, 1103, 1109, 965, 47.282, 108.43, 36.31, 47.276, 108.43, 36.32, 0.009, 333.43, 0.00);
insert into SHOT values (1145, 1109, 1110, 965, 21.997, 161.57, 30.00, 22.006, 161.56, 29.99, 0.010, 143.13, 0.00);
insert into SHOT values (1146, 1110, 1111, 965, 28.404, 63.43, 18.47, 28.399, 63.43, 18.48, 0.006, 288.43, 0.00);
insert into SHOT values (1147, 1109, 1105, 965, 60.273, 0.00, -1.90, 60.273, 0.00, -1.90, 0.000, 180.00, 0.00);
insert into SHOT values (1148, 1108, 1112, 965, 184.342, 101.31, 1.24, 184.344, 101.31, 1.24, 0.006, 180.00, 0.00);
insert into SHOT_FLAG values(1148, 'srf');
insert into SHOT values (1149, 1112, 1113, 965, 17.038, 45.00, 0.00, 17.041, 45.00, 0.00, 0.003, 45.00, 0.00);
insert into SHOT values (1150, 1113, 1114, 965, 43.701, 120.96, 36.51, 43.701, 120.96, 36.51, 0.002, 360.00, 0.00);
insert into SHOT values (1151, 1114, 1115, 965, 38.880, 80.54, 19.53, 38.876, 80.54, 19.54, 0.006, 225.00, 0.00);
insert into SHOT values (1152, 1115, 1116, 965, 27.164, 75.96, 23.89, 27.169, 75.95, 23.88, 0.007, 33.69, 0.00);
insert into SHOT values (1153, 1116, 1117, 965, 52.524, 29.74, 22.38, 52.515, 29.74, 22.39, 0.010, 216.87, 0.00);
insert into SHOT values (1154, 1117, 1118, 965, 24.918, 14.04, 4.60, 24.923, 14.05, 4.60, 0.007, 56.31, 0.00);
insert into SHOT values (1155, 1118, 1119, 965, 31.121, 348.69, 9.25, 31.122, 348.68, 9.25, 0.006, 270.00, 0.00);
insert into SHOT values (1156, 1117, 1120, 965, 22.000, 90.00, 90.00, 22.000, 90.00, 90.00, 0.000, 90.00, 0.00);
insert into SHOT values (1157, 1118, 1121, 965, 55.133, 96.34, 8.34, 55.127, 96.34, 8.34, 0.007, 303.69, 0.00);
insert into SHOT values (1158, 1114, 1122, 965, 35.353, 210.96, -6.50, 35.357, 210.97, -6.50, 0.008, 270.00, 0.00);
insert into SHOT values (1159, 1033, 1123, 965, 31.164, 36.87, -14.87, 31.110, 36.96, -14.84, 0.073, 173.09, 24.29);
insert into SHOT values (1160, 1123, 1124, 965, 13.800, 333.43, -12.56, 13.741, 333.34, -12.48, 0.065, 176.05, 27.29);
insert into SHOT values (1161, 1124, 1125, 965, 30.384, 36.87, -7.56, 30.334, 36.96, -7.54, 0.069, 173.09, 16.74);
insert into SHOT values (1162, 1125, 1126, 965, 27.014, 333.43, -4.25, 26.950, 333.39, -4.19, 0.073, 173.09, 24.29);
insert into SHOT values (1163, 1126, 1127, 965, 25.018, 14.04, -6.89, 24.963, 14.08, -6.86, 0.060, 173.88, 19.55);
insert into SHOT values (1164, 1127, 1128, 965, 25.636, 45.00, -4.47, 25.588, 45.13, -4.42, 0.078, 173.66, 22.50);
insert into SHOT values (1165, 1128, 1129, 965, 69.148, 307.87, -6.64, 69.098, 307.84, -6.63, 0.063, 164.58, 18.39);
insert into SHOT values (1166, 1129, 1130, 965, 36.697, 279.46, 3.12, 36.684, 279.36, 3.17, 0.071, 176.42, 25.07);
insert into SHOT values (1167, 1130, 1131, 965, 154.877, 256.50, 0.00, 154.882, 256.48, 0.01, 0.073, 171.38, 24.20);
insert into SHOT values (1168, 1131, 1132, 965, 121.247, 243.43, -0.95, 121.274, 243.41, -0.94, 0.067, 178.21, 17.35);
insert into SHOT values (1169, 1132, 1133, 965, 54.216, 270.00, 0.00, 54.210, 269.94, 0.03, 0.067, 174.29, 26.45);
insert into SHOT values (1170, 1133, 1134, 965, 137.690, 246.80, 1.66, 137.703, 246.77, 1.67, 0.068, 167.66, 16.98);
insert into SHOT values (1171, 1134, 1135, 965, 32.990, 248.20, -10.48, 33.008, 248.10, -10.42, 0.069, 180.00, 25.82);
insert into SHOT values (1172, 1135, 1136, 965, 60.549, 264.29, 0.95, 60.546, 264.23, 0.97, 0.073, 171.38, 24.20);
insert into SHOT values (1173, 1136, 1137, 965, 43.017, 225.00, 8.02, 43.054, 224.93, 8.04, 0.064, 170.54, 18.20);
insert into SHOT values (1174, 1137, 1138, 965, 73.441, 254.74, -20.73, 73.443, 254.69, -20.71, 0.074, 176.63, 23.77);
insert into SHOT values (1175, 1138, 1139, 965, 65.257, 201.80, -6.16, 65.308, 201.78, -6.14, 0.064, 174.29, 18.35);
insert into SHOT values (1176, 1139, 685, 965, 53.879, 260.54, -47.15, 53.855, 260.43, -47.13, 0.074, 168.02, 23.97);
insert into SHOT values (1177, 689, 1140, 965, 60.567, 0.00, 26.47, 60.562, 0.00, 26.48, 0.006, 180.00, -0.00);
insert into SHOT values (1178, 1140, 1141, 965, 56.909, 32.01, 3.02, 56.908, 32.01, 3.02, 0.002, 180.00, 0.00);
insert into SHOT values (1179, 1141, 1142, 965, 67.358, 79.70, 0.85, 67.354, 79.69, 0.85, 0.004, 296.57, 0.00);
insert into SHOT values (1180, 1142, 1143, 965, 112.578, 15.52, 1.53, 112.576, 15.52, 1.53, 0.002, 180.00, 0.00);
insert into SHOT values (1181, 1143, 1144, 965, 68.750, 52.13, 2.50, 68.754, 52.13, 2.50, 0.004, 63.43, 0.00);
insert into SHOT values (1182, 1144, 1145, 965, 72.711, 94.76, -3.94, 72.712, 94.76, -3.94, 0.004, 26.57, 0.00);
insert into SHOT values (1183, 1145, 1146, 965, 78.569, 57.53, 1.46, 78.567, 57.53, 1.46, 0.004, 296.57, 0.00);
insert into SHOT values (1184, 1146, 1147, 965, 59.540, 66.04, 4.82, 59.541, 66.04, 4.82, 0.007, 146.31, 0.00);
insert into SHOT values (1185, 1147, 1148, 965, 117.033, 78.11, -1.96, 117.028, 78.11, -1.96, 0.007, 303.69, 0.00);
insert into SHOT values (1186, 1148, 1149, 965, 102.236, 45.00, -0.56, 102.238, 45.00, -0.56, 0.003, 45.00, 0.00);
insert into SHOT values (1187, 1149, 1150, 965, 68.691, 52.13, -0.83, 68.690, 52.13, -0.83, 0.009, 153.43, 0.00);
insert into SHOT values (1188, 1150, 1151, 965, 43.451, 303.69, 1.32, 43.458, 303.69, 1.32, 0.007, 303.69, 0.00);
insert into SHOT values (1189, 1151, 1152, 965, 54.586, 263.66, -2.10, 54.580, 263.66, -2.10, 0.007, 56.31, 0.00);
insert into SHOT values (1190, 1152, 1153, 965, 98.801, 232.43, 0.00, 98.807, 232.43, 0.00, 0.008, 270.00, 0.00);
insert into SHOT values (1191, 1153, 1154, 965, 40.460, 333.43, -2.83, 40.455, 333.43, -2.83, 0.004, 153.43, 0.00);
insert into SHOT values (1192, 1154, 1155, 965, 35.140, 59.04, -1.63, 35.139, 59.04, -1.63, 0.002, 180.00, 0.00);
insert into SHOT values (1193, 973, 1156, 965, 150.600, 16.26, 0.00, 150.604, 16.26, 0.00, 0.004, 26.57, 0.00);
insert into SHOT values (1194, 974, 1157, 965, 51.820, 54.46, 0.00, 52.871, 52.66, 0.66, 2.048, 355.95, 17.33);
insert into SHOT values (1195, 1157, 1158, 965, 121.828, 81.47, 0.00, 121.997, 80.55, 0.29, 2.056, 355.91, 17.26);
insert into SHOT values (1196, 1158, 1159, 965, 149.026, 75.96, 0.00, 149.384, 75.22, 0.23, 2.063, 356.04, 17.20);
insert into SHOT values (1197, 1159, 1160, 965, 89.553, 222.27, 0.00, 88.215, 223.19, 0.40, 2.052, 355.90, 17.30);
insert into SHOT values (1198, 1160, 1161, 965, 14.368, 243.43, -20.36, 13.574, 251.58, -18.82, 2.064, 355.86, 17.48);
insert into SHOT values (1199, 1161, 1162, 965, 43.855, 195.95, 0.00, 42.022, 196.87, 0.83, 2.056, 355.85, 17.26);
insert into SHOT values (1200, 1162, 1163, 965, 14.368, 153.43, 20.36, 12.960, 149.73, 25.65, 2.055, 356.08, 17.27);
insert into SHOT values (1201, 1163, 1164, 965, 21.720, 123.69, 0.00, 20.583, 119.37, 1.70, 2.056, 355.85, 17.26);
insert into SHOT values (1202, 1164, 1165, 965, 112.053, 216.25, 0.00, 110.562, 216.91, 0.32, 2.057, 356.03, 17.25);
insert into SHOT values (1203, 1165, 1166, 965, 66.537, 84.81, 0.00, 66.621, 83.37, 0.77, 1.896, 356.77, 28.34);
insert into SHOT values (1204, 1166, 1167, 965, 81.935, 107.10, 0.00, 81.273, 105.76, 0.84, 2.352, 357.12, 30.40);
insert into SHOT values (1205, 1167, 1168, 965, 120.481, 90.00, 0.24, 120.399, 89.04, 0.81, 2.352, 356.88, 30.68);
insert into SHOT values (1206, 1168, 1169, 965, 116.965, 78.11, 0.00, 117.301, 77.13, 0.58, 2.350, 357.00, 30.42);
insert into SHOT values (1207, 1169, 1170, 965, 168.673, 90.00, 0.17, 168.591, 89.31, 0.57, 2.347, 357.11, 30.47);
insert into SHOT values (1208, 1170, 1171, 965, 35.126, 30.96, 0.00, 37.431, 28.67, 2.54, 3.164, 357.19, 31.65);
insert into SHOT values (1209, 1171, 1172, 965, 55.539, 77.47, 0.00, 56.077, 74.75, 1.70, 3.166, 357.11, 31.63);
insert into SHOT values (1210, 1172, 1173, 965, 14.368, 63.43, -20.36, 15.134, 53.79, -12.75, 3.169, 357.07, 31.59);
insert into SHOT values (1211, 1173, 1174, 965, 36.643, 80.54, 0.00, 37.086, 76.40, 2.57, 3.160, 357.14, 31.69);
insert into SHOT values (1212, 1174, 1175, 965, 14.368, 63.43, 20.36, 16.194, 53.79, 24.28, 3.169, 357.07, 31.59);
insert into SHOT values (1213, 1175, 1176, 965, 111.077, 77.47, 0.00, 111.565, 76.11, 0.85, 3.159, 356.97, 31.70);
insert into SHOT values (1214, 1176, 1177, 965, 32.440, 68.20, 0.00, 33.458, 63.83, 2.84, 3.165, 357.24, 31.63);
insert into SHOT values (1215, 1170, 1178, 965, 48.567, 209.74, 0.00, 49.141, 209.33, -0.54, 0.815, 177.78, -34.37);
insert into SHOT values (1216, 1178, 1179, 965, 64.036, 138.81, 0.00, 64.563, 139.18, -0.42, 0.817, 177.26, -35.10);
insert into SHOT values (1217, 1179, 1180, 965, 158.123, 252.26, 0.00, 158.300, 252.02, -0.17, 0.812, 177.43, -34.53);
insert into SHOT values (1218, 1180, 1181, 965, 51.115, 225.00, 0.00, 51.574, 224.44, -0.52, 0.824, 177.12, -34.78);
insert into SHOT values (1219, 1181, 1182, 965, 67.350, 259.70, 0.00, 67.425, 259.25, -0.31, 0.648, 177.42, -34.79);
insert into SHOT values (1220, 1182, 1183, 965, 94.291, 206.57, 0.00, 94.295, 206.57, 0.00, 0.004, 206.57, 0.00);
insert into SHOT values (1221, 1183, 1184, 965, 65.160, 236.31, 0.00, 65.152, 236.31, 0.00, 0.007, 56.31, 0.00);
insert into SHOT values (1222, 1184, 1185, 965, 84.551, 175.91, 0.00, 84.555, 175.92, 0.00, 0.006, 225.00, 0.00);
insert into SHOT values (1223, 1185, 1186, 965, 51.820, 234.46, 0.00, 51.822, 234.46, 0.00, 0.002, 270.00, 0.00);
insert into SHOT values (1224, 1186, 1187, 965, 61.433, 191.31, 0.00, 61.433, 191.31, 0.00, 0.002, 270.00, 0.00);
insert into SHOT values (1225, 1187, 1188, 965, 91.958, 238.39, 0.62, 91.955, 238.39, 0.62, 0.003, 45.00, 0.00);
insert into SHOT values (1226, 1188, 1189, 965, 12.048, 0.00, 0.00, 12.050, 0.00, 0.00, 0.002, 0.00, 0.00);
insert into SHOT values (1227, 1189, 1190, 965, 26.940, 243.43, 0.00, 26.936, 243.43, 0.00, 0.006, 108.43, 0.00);
insert into SHOT values (1228, 1190, 1191, 965, 40.423, 296.57, 1.42, 40.427, 296.56, 1.42, 0.006, 251.57, 0.00);
insert into SHOT values (1229, 1191, 1192, 965, 86.251, 257.91, 0.00, 86.244, 257.91, 0.00, 0.006, 71.57, 0.00);
insert into SHOT values (1230, 1192, 1193, 965, 135.908, 257.20, 0.00, 135.910, 257.20, 0.00, 0.002, 270.00, 0.00);
insert into SHOT values (1231, 1193, 1194, 965, 72.566, 175.24, 1.58, 72.568, 175.24, 1.58, 0.004, 243.43, 0.00);
insert into SHOT values (1232, 1193, 1195, 965, 66.294, 270.00, 1.73, 66.300, 270.00, 1.73, 0.006, 270.00, 0.00);
insert into SHOT values (1233, 1187, 1196, 965, 26.396, 56.31, 34.63, 26.402, 56.32, 34.62, 0.008, 75.96, 0.00);
insert into SHOT values (1234, 1179, 1197, 965, 61.433, 78.69, 0.00, 61.433, 78.69, 0.00, 0.002, 360.00, 0.00);
insert into SHOT values (1235, 1197, 1198, 965, 38.152, 18.43, 3.00, 38.148, 18.44, 3.01, 0.004, 153.43, 0.00);
insert into SHOT values (1236, 1198, 1199, 965, 18.072, 90.00, 0.00, 18.070, 90.00, 0.00, 0.002, 270.00, 0.00);
insert into SHOT values (1237, 1199, 1200, 965, 30.782, 191.31, -3.73, 30.781, 191.30, -3.73, 0.004, 90.00, 0.00);
insert into SHOT values (1238, 1200, 1201, 965, 30.716, 101.31, 0.00, 30.716, 101.30, 0.00, 0.004, 360.00, 0.00);
insert into SHOT values (1239, 1201, 1202, 965, 19.050, 161.57, 0.00, 19.056, 161.58, 0.00, 0.009, 206.57, 0.00);
insert into SHOT values (1240, 1202, 1203, 965, 35.140, 59.04, 1.63, 35.144, 59.03, 1.63, 0.008, 360.00, 0.00);
insert into SHOT values (1241, 1203, 1204, 965, 36.158, 180.00, 1.58, 36.164, 180.00, 1.58, 0.006, 180.00, 0.00);
insert into SHOT values (1242, 1204, 1205, 965, 17.068, 135.00, -3.36, 17.071, 135.00, -3.36, 0.003, 135.00, 0.00);
insert into SHOT values (1243, 1181, 1206, 965, 42.643, 171.87, 2.69, 42.770, 171.89, 2.56, 0.160, 177.40, -34.26);
insert into SHOT values (1244, 1206, 1207, 965, 47.049, 219.81, 0.00, 47.147, 219.69, -0.11, 0.163, 175.79, -33.42);
insert into SHOT values (1245, 1207, 1208, 965, 49.675, 345.96, 0.00, 49.548, 345.92, -0.12, 0.166, 180.87, -37.14);
insert into SHOT values (1246, 1208, 1182, 965, 35.183, 300.96, -3.26, 35.112, 300.79, -3.41, 0.160, 175.67, -34.21);
insert into SHOT values (1247, 1165, 1209, 965, 68.687, 216.87, 28.71, 68.374, 217.07, 28.58, 0.407, 350.74, -45.43);
insert into SHOT values (1248, 1209, 1210, 965, 63.277, 156.04, 20.35, 63.123, 156.09, 19.84, 0.584, 202.11, -83.21);
insert into SHOT values (1249, 1210, 1211, 965, 17.391, 116.57, 39.24, 17.043, 118.77, 36.30, 1.082, 180.78, -57.22);
insert into SHOT values (1250, 1211, 1212, 965, 57.276, 77.47, 14.15, 56.876, 78.21, 13.17, 1.269, 180.47, -55.01);
insert into SHOT values (1251, 1212, 1213, 965, 62.989, 29.05, 10.06, 62.180, 29.39, 9.21, 1.282, 180.00, -54.97);
insert into SHOT values (1252, 1213, 1214, 965, 57.885, 32.01, 10.95, 57.085, 32.40, 10.04, 1.280, 180.00, -55.12);
insert into SHOT values (1253, 1214, 1215, 965, 30.384, 270.00, 7.56, 30.283, 268.61, 5.59, 1.279, 180.78, -55.19);
insert into SHOT values (1254, 1215, 1216, 965, 46.268, 246.80, 7.45, 46.440, 245.96, 6.12, 1.283, 180.16, -54.90);
insert into SHOT values (1255, 1216, 1217, 965, 54.803, 270.00, 8.39, 54.659, 269.23, 7.31, 1.279, 179.53, -55.19);
insert into SHOT values (1256, 1217, 1036, 965, 85.339, 261.87, -3.36, 85.517, 261.38, -4.06, 1.280, 180.31, -55.12);
insert into SHOT values (1257, 1214, 1218, 965, 46.243, 81.87, 22.91, 46.244, 81.88, 22.91, 0.004, 153.43, 0.00);
insert into SHOT values (1258, 1212, 1219, 965, 78.369, 180.00, -2.19, 78.367, 180.00, -2.19, 0.002, 0.00, 0.00);
insert into SHOT values (1259, 1166, 1220, 965, 46.193, 149.04, 40.50, 46.229, 149.29, 39.97, 0.454, 176.97, -41.38);
insert into SHOT values (1260, 1220, 1221, 965, 26.042, 225.00, 11.07, 26.223, 224.43, 10.35, 0.453, 178.03, -39.79);
insert into SHOT values (1261, 1221, 1222, 965, 42.702, 278.13, 4.03, 42.625, 277.66, 3.63, 0.464, 178.71, -40.27);
insert into SHOT values (1262, 1222, 1209, 965, 61.636, 258.69, -4.65, 61.719, 258.38, -4.93, 0.455, 178.33, -41.24);
insert into SHOT values (1263, 1209, 1223, 965, 61.067, 264.29, -7.53, 61.067, 264.28, -7.53, 0.006, 180.00, -0.00);
insert into SHOT values (1264, 1223, 1224, 965, 68.713, 254.74, -1.67, 68.709, 254.75, -1.67, 0.004, 63.43, 0.00);
insert into SHOT values (1265, 1224, 1225, 965, 79.259, 261.25, 1.45, 79.257, 261.25, 1.45, 0.003, 135.00, 0.00);
insert into SHOT values (1266, 1210, 1226, 965, 90.360, 233.13, 0.00, 90.078, 233.40, 0.21, 0.613, 356.45, 32.55);
insert into SHOT values (1267, 1226, 1227, 965, 42.643, 225.00, -2.69, 42.278, 225.52, -2.28, 0.611, 357.80, 31.59);
insert into SHOT values (1268, 1227, 1228, 965, 48.577, 209.74, -1.18, 48.393, 209.89, -1.03, 0.254, 356.33, 30.76);
insert into SHOT values (1269, 1228, 1229, 965, 68.713, 217.87, -1.67, 68.834, 217.79, -1.78, 0.208, 177.03, -42.24);
insert into SHOT values (1270, 1229, 1230, 965, 42.275, 270.00, -4.07, 42.287, 269.80, -4.26, 0.205, 180.76, -43.02);
insert into SHOT values (1271, 1230, 1231, 965, 45.975, 203.20, -3.74, 46.119, 203.11, -3.90, 0.207, 175.49, -42.56);
insert into SHOT values (1272, 1231, 1232, 965, 116.717, 261.03, -6.89, 116.762, 260.95, -6.96, 0.211, 181.45, -41.53);
insert into SHOT values (1273, 1232, 1233, 965, 56.901, 225.00, -26.06, 56.896, 225.00, -26.07, 0.006, 45.00, 0.00);
insert into SHOT values (1274, 1182, 1234, 965, 48.649, 279.46, 41.13, 48.236, 278.43, 40.82, 0.822, 177.11, -34.86);
insert into SHOT values (1275, 1234, 1235, 965, 77.888, 270.00, 21.86, 77.695, 269.47, 21.55, 0.813, 177.61, -34.45);
insert into SHOT values (1276, 1235, 1236, 965, 54.958, 270.00, 9.43, 54.861, 269.29, 8.94, 0.819, 177.78, -35.03);
insert into SHOT values (1277, 1236, 1237, 965, 84.645, 265.91, 2.71, 84.639, 265.46, 2.40, 0.810, 176.91, -34.59);
insert into SHOT values (1278, 1237, 1238, 965, 44.037, 285.95, 5.21, 43.789, 285.10, 4.62, 0.825, 177.64, -34.71);
insert into SHOT values (1279, 1238, 1239, 965, 55.575, 257.47, 2.06, 55.682, 256.80, 1.57, 0.812, 177.75, -35.35);
insert into SHOT values (1280, 1239, 1240, 965, 85.814, 248.96, -12.11, 86.119, 248.53, -12.38, 0.813, 177.27, -34.44);
insert into SHOT values (1281, 1240, 1241, 965, 72.711, 274.76, 3.94, 72.655, 274.53, 3.79, 0.364, 176.61, -33.29);
insert into SHOT values (1282, 1241, 1242, 965, 75.646, 241.39, 3.79, 75.641, 241.39, 3.79, 0.006, 45.00, 0.00);
insert into SHOT values (1283, 1242, 1243, 965, 121.894, 261.47, 1.88, 121.893, 261.47, 1.88, 0.002, 360.00, 0.00);
insert into SHOT values (1284, 1240, 1228, 965, 36.808, 239.04, -17.39, 37.060, 238.49, -17.70, 0.465, 176.97, -35.50);
insert into SHOT values (1285, 1241, 1227, 965, 70.303, 74.74, -12.32, 70.287, 74.98, -12.49, 0.354, 176.86, -34.37);
insert into SHOT values (1286, 1237, 1244, 965, 42.920, 90.00, 10.74, 42.922, 90.00, 10.74, 0.002, 90.00, 0.00);
insert into SHOT values (1287, 1244, 1245, 965, 25.636, 45.00, 4.47, 25.633, 45.00, 4.48, 0.003, 225.00, 0.00);
insert into SHOT values (1288, 1245, 1246, 965, 54.216, 90.00, 0.00, 54.210, 90.00, 0.00, 0.006, 270.00, 0.00);
insert into SHOT values (1289, 1246, 1247, 965, 60.248, 90.00, 0.95, 60.248, 90.00, 0.95, 0.000, 270.00, 0.00);
insert into SHOT values (1290, 1247, 1248, 965, 66.567, 84.81, -1.72, 66.573, 84.81, -1.72, 0.007, 123.69, 0.00);
insert into SHOT values (1291, 1248, 1249, 965, 57.184, 71.57, -2.00, 57.177, 71.57, -2.00, 0.006, 251.57, 0.00);
insert into SHOT values (1292, 1211, 1250, 965, 84.374, 188.75, 20.10, 84.272, 188.77, 20.23, 0.214, 359.29, 40.83);
insert into SHOT values (1293, 1250, 1251, 965, 36.155, 143.13, 33.58, 36.130, 142.98, 33.88, 0.203, 355.30, 43.70);
insert into SHOT values (1294, 1251, 1252, 965, 47.724, 230.19, -9.65, 47.603, 230.35, -9.49, 0.219, 357.85, 43.13);
insert into SHOT values (1295, 1252, 1253, 965, 62.093, 240.95, 2.77, 62.031, 241.07, 2.90, 0.205, 358.47, 43.01);
insert into SHOT values (1296, 1253, 1254, 965, 124.385, 255.96, -3.23, 124.341, 256.03, -3.16, 0.205, 0.00, 43.03);
insert into SHOT values (1297, 1254, 1255, 965, 66.725, 264.81, -4.30, 66.707, 264.94, -4.18, 0.208, 357.77, 42.25);
insert into SHOT values (1298, 1255, 1256, 965, 74.941, 255.96, -6.13, 74.892, 256.08, -6.02, 0.207, 359.25, 42.64);
insert into SHOT values (1299, 1256, 1232, 965, 63.810, 213.69, -70.10, 63.638, 213.94, -70.16, 0.207, 355.49, 42.56);
insert into SHOT values (1300, 1255, 1257, 965, 60.447, 216.87, 4.74, 60.443, 216.87, 4.75, 0.004, 63.43, 0.00);
insert into SHOT values (1301, 1257, 1258, 965, 62.610, 156.04, -18.63, 62.611, 156.04, -18.63, 0.007, 236.31, 0.00);
insert into SHOT values (1302, 1258, 1259, 965, 65.372, 111.80, -7.03, 65.370, 111.80, -7.03, 0.006, 360.00, 0.00);
insert into SHOT values (1303, 1259, 1260, 965, 34.092, 45.00, -1.68, 34.090, 45.01, -1.68, 0.007, 146.31, 0.00);
insert into SHOT values (1304, 1260, 1261, 965, 30.863, 11.31, 5.58, 30.862, 11.30, 5.58, 0.004, 270.00, 0.00);
insert into SHOT values (1305, 1261, 1262, 965, 81.990, 72.90, 2.10, 81.989, 72.89, 2.10, 0.004, 333.43, 0.00);
insert into SCRAPS values (966, 963, 'goldwater_s1', 1, 22.11663, 2.95330);
 insert into SCRAPS values (1000, 963, 'clearwater_river_s1', 1, 50.59107, 3.76704);
 insert into SCRAPS values (1093, 963, 'clearwater_river_s2', 1, 41.15934, 1.63129);
 insert into SCRAPS values (1215, 963, 'clearwater_river_s3', 1, 9.20565, 1.28180);
 insert into SCRAPS values (1251, 963, 'balcony_s1', 1, 37.65121, 1.84373);
 insert into SCRAPS values (1263, 963, 'clearwater_river_s4', 1, 1.09363, 0.22171);
 insert into SCRAPS values (1275, 963, 'ClearwaterOneSP5', 1, 47.07968, 8.64683);
 insert into SCRAPS values (1298, 963, 'richards_passage_s1', 1, 56.16508, 6.75010);
 insert into MAPS values (1323, 963, 'clearwater_I_m', NULL, 1, 43956.653, 442.770);
 insert into MAPITEMS values (1323, 4, 1251);
 insert into MAPITEMS values (1323, 4, 1263);
 insert into MAPITEMS values (1323, 4, 1298);
 insert into MAPITEMS values (1323, 4, 966);
 insert into MAPITEMS values (1323, 4, 1000);
 insert into MAPITEMS values (1323, 4, 1093);
 insert into MAPITEMS values (1323, 4, 1215);
 insert into MAPITEMS values (1323, 4, 1275);
 insert into SCRAPS values (1324, 963, 'clearwater_II_s1', 1, 49.16102, 5.28875);
 insert into SCRAPS values (1353, 963, 'clearwater_II_s2', 1, 40.09787, 5.39399);
 insert into SCRAPS values (1367, 963, 'clearwater_II_s3', 1, 8.57912, 3.70929);
 insert into SCRAPS values (1383, 963, 'clearwater_II_s4', 1, 75.08972, 6.44467);
 insert into SCRAPS values (1400, 963, 'clearwater_II_s5', 1, 0.01020, 0.00000);
 insert into SCRAPS values (1437, 963, 'clearwater_ii_old', 1, 3.97506, 2.73944);
 insert into MAPS values (1469, 963, 'clearwater_II_m', 'Clearwater II', 1, 43956.653, 442.770);
 insert into MAPITEMS values (1469, 4, 1324);
 insert into MAPITEMS values (1469, 4, 1383);
 insert into MAPITEMS values (1469, 4, 1353);
 insert into MAPITEMS values (1469, 4, 1367);
 insert into SCRAPS values (1470, 963, 'clearwater_III_s1', 1, 28.87784, 0.79395);
 insert into SCRAPS values (1544, 963, 'clearwater_III_s2', 1, 26.25217, 0.62814);
 insert into MAPS values (1604, 963, 'clearwater_III_m', 'Clearwater III', 1, 43956.653, 442.770);
 insert into MAPITEMS values (1604, 4, 1470);
 insert into MAPITEMS values (1604, 4, 1544);
 insert into SCRAPS values (1605, 963, 'revival_s1', 1, 63.80521, 10.99860);
 insert into SCRAPS values (1696, 963, 'revival_s2', 1, 17.35697, 2.63284);
 insert into SCRAPS values (1722, 963, 'revival_s4', 1, 32.45655, 1.96037);
 insert into SCRAPS values (1912, 963, 'revival_s3', 1, 18.77499, 8.85061);
 insert into SCRAPS values (1929, 963, 'SheerDelightSP1', 1, 22.92604, 1.04232);
 insert into SCRAPS values (1939, 963, 'BeckoningFingerSP1', 1, 34.09229, 3.01695);
 insert into MAPS values (1952, 963, 'beckoning_finger_m', NULL, 1, 43956.653, 442.770);
 insert into MAPITEMS values (1952, 4, 1939);
 insert into MAPS values (1953, 963, 'revival_m', 'Revival', 1, 43956.653, 442.770);
 insert into MAPITEMS values (1953, 4, 1605);
 insert into MAPITEMS values (1953, 4, 1722);
 insert into MAPITEMS values (1953, 4, 1912);
 insert into MAPS values (1954, 963, 'sheer_delight_m', NULL, 1, 43956.653, 442.770);
 insert into MAPITEMS values (1954, 4, 1696);
 insert into MAPITEMS values (1954, 4, 1929);
 insert into SCRAPS values (1955, 963, 'ronnies_delight_s1', 1, 32.76600, 2.24252);
 insert into MAPS values (2096, 963, 'ronnies_delight_m', NULL, 1, 43956.653, 442.770);
 insert into MAPITEMS values (2096, 4, 1955);
 insert into SCRAPS values (2097, 963, 'volcano_s1', 1, 81.76266, 0.40805);
 insert into SCRAPS values (2322, 963, 'rmaf_s1', 1, 0.00000, 0.00000);
 insert into SCRAPS values (2330, 963, 'volcano_s2', 1, 0.06171, 0.00002);
 insert into SCRAPS values (2359, 963, 'JunctionCavernSP1', 1, 14.82341, 2.51173);
 insert into MAPS values (2394, 963, 'volcano_m', 'Volcano', 1, 43956.653, 442.770);
 insert into MAPITEMS values (2394, 4, 2097);
 insert into MAPITEMS values (2394, 4, 2330);
 insert into MAPITEMS values (2394, 4, 2359);
 insert into MAPS values (2395, 963, 'rmaf_m', 'RMAF', 1, 43956.653, 442.770);
 insert into MAPITEMS values (2395, 4, 2322);
 insert into SCRAPS values (2396, 963, 'COTWSP1', 1, 43.81093, 3.58080);
 insert into SCRAPS values (2410, 963, 'COTWSP2', 1, 17.52030, 3.03088);
 insert into SCRAPS values (2420, 963, 'COTWSP3', 1, 28.66288, 2.47971);
 insert into SCRAPS values (2440, 963, 'COTWSP4', 1, 0.00000, 0.00000);
 insert into SCRAPS values (2467, 963, 'WanWaySP1', 1, 87.17189, 34.21609);
 insert into SCRAPS values (2476, 963, 'KingSethToWanWay', 1, 84.17724, 63.06191);
 insert into SCRAPS values (2483, 963, 'ClayHallSP1', 1, 48.70430, 12.19280);
 insert into SCRAPS values (2496, 963, 'ClayHallSP2', 1, 39.16118, 7.91236);
 insert into SCRAPS values (2504, 963, 'ClayHallSP3', 1, 15.67422, 5.78207);
 insert into SCRAPS values (2513, 963, 'WindCaveRiverSP1', 1, 45.34999, 6.84962);
 insert into SCRAPS values (2532, 963, 'WindCaveRiverSP2', 1, 57.56799, 18.18406);
 insert into SCRAPS values (2544, 963, 'WindCaveRiverSP3', 1, 60.04173, 2.64856);
 insert into MAPS values (2553, 963, 'cotw_fake_river_m', NULL, 1, 43956.653, 442.770);
 insert into MAPITEMS values (2553, 4, 2504);
 insert into MAPITEMS values (2553, 4, 2513);
 insert into MAPITEMS values (2553, 4, 2532);
 insert into MAPITEMS values (2553, 4, 2544);
 insert into MAPS values (2554, 963, 'cotw_fake_m', NULL, 1, 43956.653, 442.770);
 insert into MAPITEMS values (2554, 4, 2440);
 insert into MAPITEMS values (2554, 4, 2396);
 insert into MAPITEMS values (2554, 4, 2410);
 insert into MAPITEMS values (2554, 4, 2420);
 insert into MAPITEMS values (2554, 4, 2467);
 insert into MAPITEMS values (2554, 4, 2483);
 insert into MAPITEMS values (2554, 4, 2496);
 insert into SCRAPS values (2555, 963, 'SecretGardenSP1', 1, 62.05813, 6.13475);
 insert into SCRAPS values (2649, 963, 'UpperSeriesConnectionSP1', 1, 18.97723, 0.94680);
 insert into SCRAPS values (2677, 963, 'SecretGardenSP2', 1, 7.57271, 1.28835);
 insert into SCRAPS values (2713, 963, 'HeavensGateSP1', 1, 6.09056, 0.31157);
 insert into SCRAPS values (2735, 963, 'DonutSP2', 1, 6.21861, 1.37297);
 insert into MAPS values (2749, 963, 'clearwater_upper_m', NULL, 1, 43956.653, 442.770);
 insert into MAPITEMS values (2749, 4, 2713);
 insert into MAPITEMS values (2749, 4, 2555);
 insert into MAPITEMS values (2749, 4, 2677);
 insert into MAPITEMS values (2749, 4, 2735);
 insert into MAPITEMS values (2749, 4, 2649);
 insert into SCRAPS values (2750, 963, 'InflationSP1', 1, 34.75207, 3.85286);
 insert into SCRAPS values (2762, 963, 'IIDSP1', 1, 33.74041, 5.86741);
 insert into SCRAPS values (2800, 963, 'ConnectionToLowerSP1', 1, 32.58967, 5.10462);
 insert into SCRAPS values (2811, 963, 'IIDSP2', 1, 17.97107, 3.00676);
 insert into SCRAPS values (2819, 963, 'KingSethsMazeSP1', 1, 3.35378, 0.45113);
 insert into SCRAPS values (2843, 963, 'HyperspaceSP1', 1, 37.70100, 8.17900);
 insert into MAPS values (2918, 963, 'clearwater_maindrag_m', NULL, 1, 43956.653, 442.770);
 insert into MAPITEMS values (2918, 4, 2762);
 insert into MAPITEMS values (2918, 4, 2811);
 insert into MAPITEMS values (2918, 4, 2750);
 insert into MAPITEMS values (2918, 4, 2843);
 insert into MAPITEMS values (2918, 4, 2800);
 insert into MAPITEMS values (2918, 4, 2819);
 insert into SCRAPS values (2919, 963, 'dune_s1', 1, 16.76210, 1.19187);
 insert into SCRAPS values (2969, 963, 'dune_s2', 1, 93.90075, 76.27662);
 insert into MAPS values (2979, 963, 'dune_m', 'Dune Series', 1, 43956.653, 442.770);
 insert into MAPITEMS values (2979, 4, 2919);
 insert into MAPITEMS values (2979, 4, 2969);
 insert into SCRAPS values (2980, 963, 'GreatWallChamberSP1', 1, 62.05218, 5.97574);
 insert into SCRAPS values (2989, 963, 'EastPassageSP1', 1, 37.29188, 3.55176);
 insert into SCRAPS values (2997, 963, 'WestPassageSP1', 1, 33.31820, 9.69989);
 insert into SCRAPS values (3004, 963, 'GnomeOxbowSP1', 1, 57.62180, 3.32869);
 insert into SCRAPS values (3014, 963, 'GnomeOxbowSP2', 1, 0.00000, 0.00000);
 insert into SCRAPS values (3020, 963, 'TrollCavernSP1', 1, 4.12338, 0.79607);
 insert into SCRAPS values (3032, 963, 'KingsLoopSP1', 1, 6.98552, 1.66214);
 insert into MAPS values (3037, 963, 'farnorth_m', NULL, 1, 43956.653, 442.770);
 insert into MAPITEMS values (3037, 4, 2997);
 insert into MAPITEMS values (3037, 4, 2980);
 insert into MAPITEMS values (3037, 4, 2989);
 insert into MAPITEMS values (3037, 4, 3004);
 insert into MAPITEMS values (3037, 4, 3020);
 insert into MAPITEMS values (3037, 4, 3014);
 insert into MAPITEMS values (3037, 4, 3032);
 insert into SCRAPS values (3038, 963, 'LowerSeriesSP1', 1, 35.03519, 1.32425);
 insert into SCRAPS values (3052, 963, 'LowerSeriesSP2', 1, 39.25844, 8.88683);
 insert into SCRAPS values (3067, 963, 'LowerSeriesSP5', 1, 61.25798, 11.03484);
 insert into SCRAPS values (3073, 963, 'LowerSeriesSP3', 1, 66.07497, 1.08488);
 insert into SCRAPS values (3086, 963, 'LowerSeriesSP4', 1, 16.29813, 2.04395);
 insert into SCRAPS values (3092, 963, 'LowerSeriesSP6', 1, 21.82809, 4.74840);
 insert into MAPS values (3113, 963, 'lower_series_m', NULL, 1, 43956.653, 442.770);
 insert into MAPITEMS values (3113, 4, 3038);
 insert into MAPITEMS values (3113, 4, 3086);
 insert into MAPITEMS values (3113, 4, 3092);
 insert into MAPITEMS values (3113, 4, 3073);
 insert into MAPITEMS values (3113, 4, 3067);
 insert into MAPITEMS values (3113, 4, 3052);
 insert into SCRAPS values (3114, 963, 'cleartop_s1', 1, 0.00000, 0.00000);
 insert into MAPS values (3127, 963, 'cleartop_m', NULL, 1, 43956.653, 442.770);
 insert into MAPITEMS values (3127, 4, 3114);
 insert into MAPS values (3149, 963, 'clearwater_fake_l1_m', NULL, 1, 43956.653, 442.770);
 insert into MAPITEMS values (3149, 4, 3113);
 insert into MAPITEMS values (3149, 4, 1604);
 insert into MAPITEMS values (3149, 4, 1469);
 insert into MAPITEMS values (3149, 4, 1323);
 insert into MAPITEMS values (3149, 4, 2553);
 insert into MAPS values (3150, 963, 'clearwater_fake_l2_m', NULL, 1, 43956.653, 442.770);
 insert into MAPITEMS values (3150, 4, 2096);
 insert into MAPITEMS values (3150, 4, 1952);
 insert into MAPITEMS values (3150, 4, 2979);
 insert into MAPITEMS values (3150, 4, 3037);
 insert into MAPITEMS values (3150, 4, 1953);
 insert into MAPITEMS values (3150, 4, 2918);
 insert into MAPITEMS values (3150, 4, 2394);
 insert into MAPITEMS values (3150, 4, 1954);
 insert into MAPITEMS values (3150, 4, 2554);
 insert into MAPS values (3151, 963, 'clearwater_fake_l3_m', NULL, 1, 43956.653, 442.770);
 insert into MAPITEMS values (3151, 4, 2749);
 insert into MAPS values (3152, 963, 'clearwater_fake_l2_l3_m', NULL, 1, 43956.653, 442.770);
 insert into MAPITEMS values (3152, 4, 3151);
 insert into MAPITEMS values (3152, 4, 3150);
 insert into MAPS values (3153, 963, 'clearwater_cave_fake_m', NULL, 1, 43956.653, 442.770);
 insert into MAPITEMS values (3153, 4, 3152);
 insert into MAPITEMS values (3153, 4, 3149);
 insert into SURVEY values (3155, 71, 'far_from_home', 'far_from_home.clearwater_master', NULL);
 insert into CENTRELINE values (3156, 3155, NULL, NULL, NULL, 0.00, 0.00, 0.00);
 insert into CENTRELINE values (3157, 3155, NULL, '1989-11-01', NULL, 1021.90, 0.00, 0.00);
 insert into SHOT values (1306, 1263, 1264, 3157, 7.500, 325.00, 9.00, 7.502, 325.00, 8.97, 0.004, 330.31, -54.78);
insert into SHOT values (1307, 1264, 1265, 3157, 30.500, 259.00, 26.00, 30.500, 259.00, 26.00, 0.001, 327.45, -21.39);
insert into SHOT values (1308, 1265, 1266, 3157, 6.200, 335.00, 51.00, 6.195, 335.08, 51.08, 0.011, 124.75, 8.83);
insert into SHOT values (1309, 1266, 1267, 3157, 7.700, 350.00, 24.00, 7.703, 349.94, 23.98, 0.009, 286.79, -11.90);
insert into SHOT values (1310, 1267, 1268, 3157, 8.700, 250.00, 9.00, 8.696, 249.98, 9.00, 0.005, 102.77, -11.56);
insert into SHOT values (1311, 1268, 1269, 3157, 7.500, 221.00, -25.00, 7.500, 221.00, -25.00, 0.001, 269.37, -32.75);
insert into SHOT values (1312, 1269, 1270, 3157, 21.300, 153.00, -1.00, 21.305, 153.00, -1.00, 0.005, 161.67, 20.32);
insert into SHOT values (1313, 1270, 1271, 3157, 16.500, 165.00, -35.00, 16.494, 164.99, -35.00, 0.007, 18.24, 34.90);
insert into SHOT values (1314, 1271, 1272, 3157, 30.000, 243.00, -30.00, 30.003, 242.99, -30.00, 0.005, 191.04, 0.00);
insert into SHOT values (1315, 1272, 1273, 3157, 30.000, 286.00, -18.00, 30.005, 286.01, -18.00, 0.007, 327.45, 4.39);
insert into SHOT values (1316, 1273, 1274, 3157, 16.700, 230.00, -34.00, 16.704, 230.01, -34.00, 0.004, 261.11, -19.30);
insert into SHOT values (1317, 1274, 1275, 3157, 8.700, 193.00, -45.00, 8.702, 192.95, -44.97, 0.007, 146.54, 14.64);
insert into SHOT values (1318, 1275, 1276, 3157, 2.600, 235.00, -42.00, 2.595, 235.15, -42.11, 0.009, 18.41, -1.72);
insert into SHOT values (1319, 1276, 1277, 3157, 5.200, 236.00, -42.00, 5.204, 236.06, -41.97, 0.006, 278.29, -4.67);
insert into SHOT values (1320, 1277, 1278, 3157, 9.400, 310.00, 6.00, 9.393, 309.96, 5.99, 0.010, 171.44, -15.58);
insert into SHOT values (1321, 1278, 1279, 3157, 11.900, 248.00, 29.00, 11.897, 248.05, 29.01, 0.009, 0.68, 4.92);
insert into SHOT values (1322, 1279, 1280, 3157, 16.800, 297.00, 28.00, 16.794, 297.00, 28.02, 0.009, 122.31, 19.78);
insert into SHOT values (1323, 1280, 1281, 3157, 30.600, 269.00, 34.00, 30.604, 269.01, 33.99, 0.006, 297.30, -12.29);
insert into SHOT values (1324, 1281, 1282, 3157, 4.100, 288.00, 29.00, 4.101, 288.03, 29.03, 0.003, 12.93, 49.72);
insert into SHOT values (1325, 1282, 1283, 3157, 25.300, 1.00, 5.00, 25.300, 1.00, 4.99, 0.005, 49.98, -88.01);
insert into SHOT values (1326, 1283, 1284, 3157, 5.900, 42.00, -40.00, 5.896, 42.13, -40.00, 0.011, 146.70, 13.14);
insert into SHOT values (1327, 1284, 1285, 3157, 26.000, 45.00, 6.00, 26.002, 44.98, 6.00, 0.008, 325.62, 17.44);
insert into SHOT values (1328, 1285, 1286, 3157, 22.700, 336.00, -22.00, 22.704, 336.00, -22.01, 0.007, 13.62, -67.87);
insert into SHOT values (1329, 1286, 1287, 3157, 14.800, 42.00, 17.00, 14.795, 42.02, 17.02, 0.008, 182.97, 19.99);
insert into SHOT values (1330, 1287, 1288, 3157, 10.100, 10.00, 4.00, 10.107, 9.99, 3.97, 0.009, 3.18, -30.58);
insert into SHOT values (1331, 1288, 1289, 3157, 9.800, 328.00, -27.00, 9.793, 327.97, -26.96, 0.011, 209.20, 57.62);
insert into SHOT values (1332, 1289, 1290, 3157, 19.800, 0.00, -15.00, 19.806, 0.00, -15.01, 0.007, 0.00, -49.06);
insert into SHOT values (1333, 1290, 1291, 3157, 30.800, 315.00, -34.00, 30.792, 315.00, -34.00, 0.008, 135.00, 21.93);
insert into SHOT values (1334, 1291, 1292, 3157, 30.900, 6.00, -4.00, 30.904, 6.00, -4.01, 0.006, 333.48, -44.42);
insert into SHOT values (1335, 1292, 1293, 3157, 28.400, 25.00, 14.00, 28.393, 24.99, 14.00, 0.007, 231.89, -4.48);
insert into SHOT values (1336, 1293, 1294, 3157, 30.400, 42.00, 22.00, 30.403, 41.99, 22.00, 0.004, 353.75, 29.59);
insert into SHOT values (1337, 1294, 1295, 3157, 26.100, 3.00, -10.00, 26.102, 3.01, -9.99, 0.006, 69.98, 23.53);
insert into SHOT values (1338, 1282, 1296, 3157, 28.700, 236.00, -18.00, 28.705, 235.99, -18.00, 0.007, 189.83, -10.18);
insert into SHOT values (1339, 1296, 1297, 3157, 30.400, 244.00, -19.00, 30.397, 244.00, -19.01, 0.005, 84.71, -29.90);
insert into SHOT values (1340, 1297, 1298, 3157, 30.200, 255.00, -23.00, 30.197, 255.01, -23.00, 0.005, 22.00, 0.86);
insert into SHOT values (1341, 1298, 1299, 3157, 25.800, 273.00, -30.00, 25.806, 273.00, -29.99, 0.007, 275.06, 0.00);
insert into SHOT values (1342, 1299, 1300, 3157, 30.500, 233.00, -22.00, 30.499, 232.99, -22.01, 0.007, 104.42, -42.84);
insert into SHOT values (1343, 1300, 1301, 3157, 18.700, 255.00, -33.00, 18.699, 255.00, -32.99, 0.005, 234.11, 72.00);
insert into SHOT values (1344, 1301, 1302, 3157, 17.100, 286.00, -41.00, 17.105, 286.01, -40.99, 0.005, 302.00, -14.99);
insert into SHOT values (1345, 1302, 1303, 3157, 6.300, 324.00, 12.00, 6.295, 323.99, 12.01, 0.006, 158.61, 1.54);
insert into SHOT values (1346, 1303, 1304, 3157, 4.700, 252.00, 0.00, 4.699, 252.03, 0.00, 0.002, 359.17, 0.00);
insert into SHOT values (1347, 1304, 1305, 3157, 18.000, 305.00, -41.00, 18.001, 304.99, -41.00, 0.003, 226.47, -18.72);
insert into SHOT values (1348, 1305, 1306, 3157, 20.900, 230.00, -21.00, 20.894, 229.99, -21.01, 0.007, 74.18, -0.87);
insert into SHOT values (1349, 1306, 1307, 3157, 30.000, 236.00, -22.00, 30.004, 235.99, -22.00, 0.006, 178.93, -17.37);
insert into SHOT values (1350, 1307, 1308, 3157, 30.700, 260.00, -22.00, 30.707, 260.01, -21.99, 0.008, 289.63, 2.88);
insert into SHOT values (1351, 1286, 1309, 3157, 6.400, 349.00, -24.00, 6.391, 348.94, -24.00, 0.011, 205.38, 16.88);
insert into SHOT values (1352, 1309, 1310, 3157, 30.500, 311.00, -35.00, 30.499, 311.02, -34.99, 0.011, 32.85, 21.00);
insert into SHOT values (1353, 1310, 1311, 3157, 18.400, 199.00, -2.00, 18.404, 199.01, -2.02, 0.009, 226.27, -60.61);
insert into SHOT values (1354, 1311, 1312, 3157, 12.700, 235.00, -17.00, 12.702, 234.99, -16.98, 0.005, 199.09, 37.28);
insert into SHOT values (1355, 1312, 1313, 3157, 12.600, 177.00, 20.00, 12.597, 177.00, 20.01, 0.004, 4.92, 7.94);
insert into SHOT values (1356, 1313, 1314, 3157, 14.900, 132.00, 36.00, 14.904, 132.01, 36.00, 0.005, 155.29, 24.09);
insert into SHOT values (1357, 1314, 1315, 3157, 30.300, 100.00, 34.00, 30.299, 99.99, 33.99, 0.004, 41.60, -52.77);
insert into SHOT values (1358, 1315, 1316, 3157, 10.100, 25.00, 7.00, 10.101, 24.95, 6.99, 0.008, 304.30, -6.26);
insert into SHOT values (1359, 1286, 1317, 3157, 15.100, 48.00, 19.00, 15.099, 48.01, 19.02, 0.005, 182.09, 49.06);
insert into SHOT values (1360, 1317, 1318, 3157, 26.000, 108.00, 35.00, 25.994, 108.00, 35.00, 0.006, 284.43, -27.50);
insert into SCRAPS values (3158, 3155, 'far_from_home_s1', 1, 0.00447, 0.00000);
 insert into MAPS values (3202, 3155, 'far_from_home_m', NULL, 1, 1021.900, 141.270);
 insert into MAPITEMS values (3202, 4, 3158);
 insert into SURVEY values (3204, 71, 'the_cairn_farm', 'the_cairn_farm.clearwater_master', NULL);
 insert into CENTRELINE values (3205, 3204, NULL, NULL, NULL, 0.00, 0.00, 0.00);
 insert into MAPS values (3206, 3204, 'the_cairn_farm_m', NULL, 1, 4978.600, 145.770);
 insert into MAPITEMS values (3206, 4, 3208);
 insert into MAPITEMS values (3206, 4, 3654);
 insert into MAPITEMS values (3206, 4, 3666);
 insert into CENTRELINE values (3207, 3204, 'The Cairn Farm', '1989-11-01', NULL, 4978.60, 0.00, 0.00);
 insert into SHOT values (1361, 1319, 1320, 3207, 20.700, 358.00, -8.00, 20.704, 357.99, -8.00, 0.006, 310.50, 8.29);
insert into SHOT values (1362, 1320, 1321, 3207, 8.600, 280.00, -58.00, 8.593, 280.00, -58.03, 0.009, 99.62, 21.44);
insert into SHOT values (1363, 1321, 1322, 3207, 21.900, 0.00, -90.00, 21.900, 90.00, -90.00, 0.000, 0.00, -5.31);
insert into SHOT values (1364, 1322, 1323, 3207, 15.300, 333.00, -17.00, 15.305, 332.98, -16.98, 0.009, 293.69, 21.99);
insert into SHOT values (1365, 1323, 1324, 3207, 30.500, 237.00, -25.00, 30.500, 236.99, -25.00, 0.006, 149.64, -1.45);
insert into SHOT values (1366, 1324, 1325, 3207, 30.500, 323.00, -31.00, 30.499, 323.01, -31.00, 0.004, 77.66, -19.90);
insert into SHOT values (1367, 1325, 1326, 3207, 30.500, 290.00, -16.00, 30.501, 290.00, -16.01, 0.004, 8.25, -50.59);
insert into SHOT values (1368, 1326, 1327, 3207, 26.000, 333.00, -7.00, 25.999, 332.99, -7.00, 0.006, 230.46, -14.29);
insert into SHOT values (1369, 1327, 1328, 3207, 30.500, 44.00, 4.00, 30.506, 44.00, 4.00, 0.006, 51.68, 22.80);
insert into SHOT values (1370, 1328, 1329, 3207, 30.500, 5.00, -15.00, 30.500, 4.98, -14.99, 0.009, 280.12, 27.06);
insert into SHOT values (1371, 1329, 1330, 3207, 30.500, 6.00, 0.00, 30.470, 6.37, -0.64, 0.394, 105.42, -59.65);
insert into SHOT values (1372, 1330, 1331, 3207, 30.500, 355.00, 4.00, 30.458, 355.08, 3.48, 0.281, 115.50, -80.53);
insert into SHOT values (1373, 1331, 1332, 3207, 30.500, 0.00, -17.00, 30.482, 0.20, -18.00, 0.542, 150.58, -67.95);
insert into SHOT values (1374, 1332, 1333, 3207, 26.500, 258.00, -8.00, 26.509, 256.77, -8.53, 0.614, 164.72, -23.22);
insert into SHOT values (1375, 1333, 1334, 3207, 30.500, 195.00, -16.00, 30.537, 194.46, -16.24, 0.308, 104.73, -25.63);
insert into SHOT values (1376, 1334, 1335, 3207, 30.500, 211.00, -33.00, 30.500, 210.99, -33.00, 0.006, 133.24, 13.89);
insert into SHOT values (1377, 1334, 1336, 3207, 30.500, 177.00, -1.00, 30.538, 176.86, -1.60, 0.327, 109.66, -76.11);
insert into SHOT values (1378, 1336, 1337, 3207, 30.300, 154.00, 28.00, 30.330, 154.36, 26.83, 0.642, 182.89, -56.45);
insert into SHOT values (1379, 1337, 1338, 3207, 30.500, 62.00, 16.00, 30.490, 63.28, 15.52, 0.702, 147.48, -20.59);
insert into SHOT values (1380, 1338, 1329, 3207, 15.500, 210.00, -2.00, 15.529, 209.54, -2.29, 0.150, 131.66, -31.79);
insert into SHOT values (1381, 1329, 1339, 3207, 27.300, 120.00, 33.00, 27.297, 120.00, 32.98, 0.009, 141.03, -72.29);
insert into SHOT values (1382, 1326, 1340, 3207, 31.000, 217.00, 28.00, 31.002, 217.01, 27.99, 0.008, 268.11, -25.76);
insert into SHOT values (1383, 1340, 1341, 3207, 14.600, 249.00, 37.00, 14.598, 248.98, 37.02, 0.007, 104.00, 31.14);
insert into SHOT values (1384, 1341, 1342, 3207, 11.000, 179.00, -16.00, 10.997, 179.02, -15.99, 0.005, 296.55, 21.62);
insert into SHOT values (1385, 1342, 1343, 3207, 11.900, 202.00, 4.00, 11.901, 201.96, 4.00, 0.008, 115.97, -0.76);
insert into SHOT values (1386, 1343, 1344, 3207, 9.600, 194.00, 33.00, 9.600, 194.02, 33.01, 0.003, 313.03, 25.66);
insert into SHOT values (1387, 1344, 1345, 3207, 19.800, 169.00, -8.00, 19.803, 169.01, -8.01, 0.005, 203.09, -53.89);
insert into SHOT values (1388, 1345, 1346, 3207, 17.000, 170.00, -5.00, 17.002, 170.00, -4.99, 0.003, 201.69, 37.77);
insert into SHOT values (1389, 1346, 1347, 3207, 14.000, 210.00, 0.00, 13.996, 210.01, 0.00, 0.004, 0.00, 0.00);
insert into SHOT values (1390, 1347, 1348, 3207, 18.000, 195.00, 0.00, 18.004, 195.00, 0.00, 0.004, 200.65, 0.00);
insert into SHOT values (1391, 1348, 1349, 3207, 6.000, 260.00, -10.00, 6.000, 260.06, -9.98, 0.006, 351.35, 17.13);
insert into SHOT values (1392, 1349, 1350, 3207, 20.000, 185.00, 10.00, 19.999, 185.01, 9.99, 0.005, 289.70, -39.65);
insert into SHOT values (1393, 1350, 1351, 3207, 15.000, 245.00, 0.00, 14.996, 244.99, 0.00, 0.005, 98.94, 0.00);
insert into SHOT values (1394, 1326, 1352, 3207, 22.600, 129.00, 8.00, 22.602, 129.02, 8.01, 0.008, 204.01, 36.57);
insert into SHOT values (1395, 1352, 1353, 3207, 12.500, 207.00, -4.00, 12.500, 207.00, -4.04, 0.008, 66.90, -81.87);
insert into SHOT values (1396, 1353, 1354, 3207, 25.800, 237.00, -46.00, 25.800, 237.00, -46.00, 0.002, 35.82, -36.74);
insert into SHOT values (1397, 1354, 1355, 3207, 30.000, 275.00, -1.00, 29.999, 275.01, -0.99, 0.007, 12.69, 31.33);
insert into SHOT values (1398, 1355, 1356, 3207, 29.500, 272.00, -35.00, 29.508, 271.99, -34.99, 0.010, 251.03, 2.81);
insert into SHOT values (1399, 1356, 1357, 3207, 30.500, 333.00, -15.00, 30.497, 333.01, -14.99, 0.006, 86.60, 39.07);
insert into SHOT values (1400, 1357, 1358, 3207, 30.600, 22.00, 12.00, 30.597, 22.00, 12.00, 0.004, 233.40, -34.30);
insert into SHOT values (1401, 1358, 1359, 3207, 14.000, 46.00, 5.00, 13.999, 45.99, 5.00, 0.003, 306.32, -3.42);
insert into SHOT values (1402, 1359, 1360, 3207, 10.000, 55.00, -10.00, 10.004, 55.00, -10.02, 0.005, 64.84, -47.41);
insert into SHOT values (1403, 1360, 1361, 3207, 13.000, 35.00, 0.00, 13.003, 35.01, 0.00, 0.004, 73.73, 0.00);
insert into SHOT values (1404, 1361, 1362, 3207, 15.000, 15.00, 0.00, 15.000, 14.99, 0.00, 0.003, 295.96, 0.00);
insert into SHOT values (1405, 1362, 1363, 3207, 20.000, 35.00, 20.00, 19.996, 35.01, 20.00, 0.005, 176.71, -4.58);
insert into SHOT values (1406, 1357, 1364, 3207, 29.400, 347.00, -30.00, 29.402, 347.00, -30.00, 0.003, 299.73, 0.00);
insert into SHOT values (1407, 1364, 1365, 3207, 30.000, 339.00, -32.00, 29.998, 339.01, -32.01, 0.008, 102.45, -17.73);
insert into SHOT values (1408, 1322, 1366, 3207, 30.500, 90.00, -30.00, 30.497, 90.00, -30.00, 0.004, 270.00, 0.00);
insert into SHOT values (1409, 1366, 1367, 3207, 30.500, 33.00, -26.00, 30.499, 33.00, -26.00, 0.001, 205.09, 23.72);
insert into SHOT values (1410, 1367, 1368, 3207, 30.500, 75.00, 24.00, 30.494, 75.00, 23.99, 0.007, 247.92, -53.69);
insert into SHOT values (1411, 1368, 1369, 3207, 30.500, 55.00, -2.00, 30.499, 55.01, -1.99, 0.006, 162.46, 51.00);
insert into SHOT values (1412, 1369, 1370, 3207, 30.500, 94.00, 18.00, 30.501, 93.99, 17.99, 0.007, 44.96, -45.90);
insert into SHOT values (1413, 1370, 1371, 3207, 30.500, 136.00, 26.00, 30.503, 136.01, 26.02, 0.010, 258.37, 73.43);
insert into SHOT values (1414, 1371, 1372, 3207, 30.500, 46.00, 13.00, 30.506, 46.00, 13.00, 0.007, 22.43, -8.90);
insert into SHOT values (1415, 1372, 1373, 3207, 30.500, 21.00, 2.00, 30.492, 21.00, 1.99, 0.009, 207.46, -29.85);
insert into SHOT values (1416, 1373, 1374, 3207, 30.500, 27.00, 1.00, 30.501, 27.01, 1.00, 0.006, 106.12, -22.24);
insert into SHOT values (1417, 1374, 1375, 3207, 30.500, 12.00, -4.00, 30.507, 11.99, -3.98, 0.013, 327.43, 34.83);
insert into SHOT values (1418, 1375, 1376, 3207, 30.500, 27.00, 4.00, 30.494, 27.02, 3.99, 0.014, 143.54, -32.66);
insert into SHOT values (1419, 1376, 1377, 3207, 30.500, 333.00, -8.00, 30.511, 332.99, -7.99, 0.013, 317.48, 21.88);
insert into SHOT values (1420, 1377, 1378, 3207, 23.600, 17.00, -7.00, 23.600, 17.00, -7.01, 0.004, 111.27, -68.04);
insert into SHOT values (1421, 1378, 1379, 3207, 30.500, 26.00, -15.00, 30.502, 26.01, -14.99, 0.007, 80.67, 36.74);
insert into SHOT values (1422, 1379, 1380, 3207, 30.500, 18.00, 2.00, 30.500, 18.00, 1.99, 0.005, 58.30, -79.15);
insert into SHOT values (1423, 1380, 1381, 3207, 30.300, 6.00, -8.00, 30.298, 5.99, -7.99, 0.009, 263.29, 47.19);
insert into SHOT values (1424, 1381, 1382, 3207, 30.600, 34.00, -14.00, 30.602, 34.02, -14.01, 0.011, 125.61, -39.96);
insert into SHOT values (1425, 1382, 1383, 3207, 30.400, 346.00, -9.00, 30.406, 345.99, -8.99, 0.010, 315.22, 32.84);
insert into SHOT values (1426, 1383, 1384, 3207, 30.500, 311.00, -29.00, 30.499, 311.00, -29.01, 0.004, 110.68, -50.41);
insert into SHOT values (1427, 1384, 1385, 3207, 30.500, 358.00, -21.00, 30.493, 358.01, -21.00, 0.008, 151.42, 1.63);
insert into SHOT values (1428, 1385, 1386, 3207, 30.500, 19.00, -17.00, 30.501, 18.99, -17.00, 0.007, 286.68, -23.23);
insert into SHOT values (1429, 1386, 1387, 3207, 30.500, 24.00, -4.00, 30.506, 24.00, -3.98, 0.010, 45.09, 48.46);
insert into SHOT values (1430, 1387, 1388, 3207, 29.200, 27.00, 2.00, 29.199, 27.00, 1.98, 0.009, 134.79, -76.43);
insert into SHOT values (1431, 1388, 1389, 3207, 17.700, 331.00, -20.00, 17.704, 330.99, -19.98, 0.008, 293.98, 28.30);
insert into SHOT values (1432, 1389, 1390, 3207, 30.200, 318.00, -25.00, 30.196, 318.01, -25.00, 0.005, 93.12, 34.66);
insert into SHOT values (1433, 1390, 1391, 3207, 10.000, 335.00, -10.00, 9.995, 335.00, -10.03, 0.007, 159.85, -31.50);
insert into SHOT values (1434, 1387, 1392, 3207, 30.000, 84.00, 24.00, 29.993, 84.01, 24.00, 0.008, 232.70, -15.01);
insert into SHOT values (1435, 1392, 1393, 3207, 27.700, 41.00, 24.00, 27.698, 40.99, 23.99, 0.007, 318.24, -68.75);
insert into SHOT values (1436, 1393, 1394, 3207, 30.500, 39.00, 1.00, 30.506, 39.01, 1.01, 0.012, 85.65, 41.59);
insert into SHOT values (1437, 1394, 1395, 3207, 27.800, 54.00, -1.00, 27.795, 53.99, -1.01, 0.009, 285.86, -32.63);
insert into SHOT values (1438, 1395, 1396, 3207, 30.500, 2.00, -7.00, 30.496, 2.01, -7.01, 0.006, 140.31, -28.58);
insert into SHOT values (1439, 1396, 1397, 3207, 30.500, 18.00, -1.00, 30.496, 18.00, -1.00, 0.005, 231.93, 26.80);
insert into SHOT values (1440, 1397, 1398, 3207, 30.500, 3.00, -12.00, 30.507, 3.00, -11.99, 0.008, 349.53, 9.87);
insert into SHOT values (1441, 1398, 1399, 3207, 30.500, 21.00, -3.00, 30.497, 21.01, -3.01, 0.008, 137.44, -28.09);
insert into SHOT values (1442, 1399, 1400, 3207, 30.500, 245.00, -21.00, 30.502, 245.01, -21.00, 0.005, 315.86, 2.46);
insert into SHOT values (1443, 1400, 1401, 3207, 30.400, 313.00, -25.00, 30.397, 313.00, -24.99, 0.008, 162.60, 88.00);
insert into SHOT values (1444, 1401, 1402, 3207, 17.700, 300.00, -22.00, 17.695, 299.99, -22.00, 0.006, 156.06, 5.03);
insert into SHOT values (1445, 1402, 1403, 3207, 30.500, 354.00, -23.00, 30.499, 354.01, -23.01, 0.006, 108.86, -28.65);
insert into SHOT values (1446, 1403, 1404, 3207, 40.000, 305.00, -40.00, 40.001, 305.01, -40.00, 0.005, 3.42, 18.09);
insert into SHOT values (1447, 1400, 1405, 3207, 28.700, 39.00, 5.00, 28.706, 39.01, 5.02, 0.011, 83.81, 49.86);
insert into SHOT values (1448, 1405, 1406, 3207, 30.500, 29.00, 2.00, 30.496, 28.99, 1.99, 0.009, 272.60, -29.96);
insert into SHOT values (1449, 1406, 1407, 3207, 30.500, 16.00, 4.00, 30.494, 16.01, 4.01, 0.008, 153.38, 17.08);
insert into SHOT values (1450, 1407, 1408, 3207, 29.200, 21.00, -4.00, 29.206, 21.00, -4.01, 0.007, 11.08, -27.53);
insert into SHOT values (1451, 1408, 1409, 3207, 30.500, 93.00, 3.00, 30.504, 93.01, 3.01, 0.008, 149.20, 28.49);
insert into SHOT values (1452, 1409, 1410, 3207, 30.500, 50.00, 1.00, 30.504, 49.99, 1.00, 0.008, 354.28, -16.02);
insert into SHOT values (1453, 1410, 1411, 3207, 27.800, 49.00, 34.00, 27.794, 48.99, 33.99, 0.007, 264.93, -54.34);
insert into SHOT values (1454, 1411, 1412, 3207, 12.900, 300.00, -20.00, 12.900, 299.99, -19.99, 0.003, 243.15, 42.44);
insert into SHOT values (1455, 1412, 1413, 3207, 20.800, 325.00, -15.00, 20.791, 325.00, -15.00, 0.009, 153.59, 21.55);
insert into SHOT values (1456, 1413, 1414, 3207, 6.800, 269.00, -48.00, 6.798, 269.12, -47.98, 0.010, 356.32, 19.75);
insert into SHOT values (1457, 1414, 1415, 3207, 18.400, 20.00, 10.00, 18.393, 20.02, 9.99, 0.010, 162.36, -32.51);
insert into SHOT values (1458, 1415, 1416, 3207, 7.500, 24.00, 26.00, 7.502, 23.98, 26.01, 0.003, 315.59, 40.85);
insert into SHOT values (1459, 1416, 1417, 3207, 27.000, 342.00, -7.00, 27.002, 342.00, -7.00, 0.003, 23.78, 8.54);
insert into SHOT values (1460, 1417, 1418, 3207, 30.000, 10.00, 16.00, 30.001, 10.00, 16.00, 0.003, 83.69, 20.32);
insert into SHOT values (1461, 1409, 1419, 3207, 30.500, 128.00, 31.00, 30.497, 127.99, 31.01, 0.006, 345.60, 13.02);
insert into SHOT values (1462, 1419, 1420, 3207, 30.500, 82.00, 9.00, 30.498, 82.00, 9.00, 0.003, 207.74, -23.73);
insert into SHOT values (1463, 1420, 1421, 3207, 27.600, 58.00, 18.00, 27.600, 58.00, 18.00, 0.001, 276.69, 63.91);
insert into SHOT values (1464, 1421, 1422, 3207, 30.500, 5.00, -2.00, 30.505, 5.01, -2.01, 0.008, 36.39, -44.42);
insert into SHOT values (1465, 1422, 1423, 3207, 24.300, 318.00, 21.00, 24.294, 317.98, 21.01, 0.009, 180.64, 10.46);
insert into SHOT values (1466, 1423, 1424, 3207, 14.000, 229.00, 19.00, 13.998, 229.01, 19.01, 0.005, 3.71, 24.77);
insert into SHOT values (1467, 1423, 1425, 3207, 12.400, 305.00, -4.00, 12.409, 305.00, -4.02, 0.010, 304.44, -29.70);
insert into SHOT values (1468, 1425, 1426, 3207, 20.100, 350.00, -3.00, 20.101, 350.02, -2.99, 0.006, 65.80, 17.81);
insert into SHOT values (1469, 1424, 1427, 3207, 30.500, 245.00, 13.00, 30.505, 245.00, 13.00, 0.006, 265.22, -9.37);
insert into SHOT values (1470, 1427, 1428, 3207, 14.100, 253.00, 37.00, 14.097, 253.01, 36.98, 0.006, 331.18, -64.58);
insert into SHOT values (1471, 1419, 1429, 3207, 30.500, 150.00, 19.00, 30.505, 150.00, 19.00, 0.005, 170.95, 1.83);
insert into SHOT values (1472, 1429, 1430, 3207, 30.500, 118.00, 32.00, 30.492, 118.00, 32.00, 0.009, 291.55, -16.73);
insert into SHOT values (1473, 1430, 1431, 3207, 27.000, 65.00, 15.00, 27.003, 65.01, 15.00, 0.004, 118.31, 25.41);
insert into SHOT values (1474, 1431, 1432, 3207, 30.500, 71.00, 16.00, 30.499, 70.99, 15.99, 0.009, 346.41, -54.36);
insert into SHOT values (1475, 1432, 1433, 3207, 30.500, 72.00, 28.00, 30.498, 72.00, 28.00, 0.003, 225.96, 23.37);
insert into SHOT values (1476, 1433, 1434, 3207, 24.800, 31.00, 7.00, 24.801, 31.00, 6.99, 0.003, 72.75, -44.88);
insert into SHOT values (1477, 1434, 1435, 3207, 29.300, 3.00, -33.00, 29.296, 3.01, -32.99, 0.009, 80.95, 63.24);
insert into SHOT values (1478, 1435, 1436, 3207, 17.200, 344.00, -25.00, 17.197, 343.98, -25.01, 0.006, 214.94, -9.72);
insert into SHOT values (1479, 1436, 1437, 3207, 30.500, 46.00, 14.00, 30.503, 46.00, 14.00, 0.003, 39.13, 25.32);
insert into SHOT values (1480, 1437, 1438, 3207, 25.500, 0.00, -11.00, 25.499, 0.00, -11.01, 0.005, 180.00, -71.14);
insert into SHOT values (1481, 1438, 1439, 3207, 26.800, 42.00, 9.00, 26.798, 42.00, 9.00, 0.003, 240.65, -47.99);
insert into SHOT values (1482, 1439, 1440, 3207, 25.600, 28.00, 7.00, 25.605, 28.00, 7.00, 0.005, 12.48, 1.61);
insert into SHOT values (1483, 1439, 1441, 3207, 30.500, 311.00, 7.00, 30.502, 311.00, 7.01, 0.004, 257.51, 44.80);
insert into SHOT values (1484, 1441, 1442, 3207, 15.000, 295.00, 5.00, 15.000, 295.02, 5.01, 0.006, 30.75, 25.27);
insert into SHOT values (1485, 1436, 1443, 3207, 19.500, 299.00, 17.00, 19.499, 299.00, 17.00, 0.001, 191.42, -60.15);
insert into SHOT values (1486, 1443, 1444, 3207, 23.500, 250.00, -4.00, 23.498, 250.02, -4.00, 0.008, 352.67, -5.19);
insert into SHOT values (1487, 1444, 1445, 3207, 23.600, 239.00, -1.00, 23.598, 238.98, -1.00, 0.009, 138.89, 11.50);
insert into SHOT values (1488, 1445, 1446, 3207, 17.700, 271.00, -31.00, 17.702, 271.02, -31.01, 0.006, 355.07, -36.17);
insert into SHOT values (1489, 1446, 1447, 3207, 29.800, 307.00, -11.00, 29.802, 306.98, -10.99, 0.011, 239.93, 33.71);
insert into SHOT values (1490, 1419, 1448, 3207, 30.500, 201.00, 1.00, 30.501, 201.00, 1.00, 0.003, 264.70, -57.78);
insert into SHOT values (1491, 1448, 1449, 3207, 30.500, 214.00, -5.00, 30.500, 214.00, -5.00, 0.002, 139.92, -66.81);
insert into SHOT values (1492, 1449, 1450, 3207, 30.500, 215.00, 0.00, 30.508, 215.00, 0.00, 0.008, 225.27, 0.00);
insert into SHOT values (1493, 1450, 1451, 3207, 27.600, 238.00, 0.00, 27.592, 238.00, 0.00, 0.008, 46.71, 0.00);
insert into SHOT values (1494, 1451, 1452, 3207, 20.700, 249.00, -13.00, 20.702, 249.00, -13.01, 0.004, 185.57, -61.33);
insert into SHOT values (1495, 1450, 1453, 3207, 22.500, 200.00, 28.00, 22.490, 200.00, 28.00, 0.010, 29.62, -18.18);
insert into SHOT values (1496, 1453, 1454, 3207, 30.500, 190.00, -1.00, 30.509, 190.01, -1.00, 0.009, 209.75, 14.11);
insert into SHOT values (1497, 1454, 1455, 3207, 24.700, 213.00, 12.00, 24.694, 212.99, 12.01, 0.010, 73.89, 27.07);
insert into SHOT values (1498, 1455, 1456, 3207, 25.800, 212.00, -11.00, 25.808, 212.01, -11.01, 0.012, 255.78, -36.69);
insert into SHOT values (1499, 1456, 1457, 3207, 13.600, 181.00, 4.00, 13.595, 180.97, 4.01, 0.008, 54.65, 8.98);
insert into SHOT values (1500, 1457, 1458, 3207, 18.800, 248.00, -9.00, 18.805, 247.99, -8.99, 0.006, 220.86, 10.12);
insert into SHOT values (1501, 1455, 1459, 3207, 7.500, 129.00, 30.00, 7.496, 129.06, 30.02, 0.008, 252.41, -0.00);
insert into SHOT values (1502, 1459, 1460, 3207, 30.500, 199.00, 4.00, 30.490, 198.99, 3.99, 0.012, 34.96, -37.57);
insert into SHOT values (1503, 1382, 1461, 3207, 30.500, 22.00, 3.00, 30.500, 22.00, 3.01, 0.004, 155.94, 84.14);
insert into SHOT values (1504, 1461, 1462, 3207, 15.800, 70.00, 13.00, 15.795, 69.98, 12.99, 0.009, 304.73, -27.71);
insert into SHOT values (1505, 1462, 1463, 3207, 29.600, 30.00, -1.00, 29.601, 30.00, -0.99, 0.007, 101.23, 70.78);
insert into SHOT values (1506, 1463, 1464, 3207, 30.500, 29.00, 5.00, 30.495, 29.00, 4.99, 0.009, 185.54, -61.86);
insert into SHOT values (1507, 1464, 1465, 3207, 30.500, 15.00, -8.00, 30.506, 15.00, -7.99, 0.008, 25.45, 35.85);
insert into SHOT values (1508, 1465, 1466, 3207, 30.500, 343.00, -17.00, 30.499, 342.99, -17.01, 0.005, 219.27, -36.14);
insert into SHOT values (1509, 1466, 1467, 3207, 26.000, 287.00, -30.00, 25.997, 286.99, -30.00, 0.004, 139.22, 0.00);
insert into SHOT values (1510, 1464, 1468, 3207, 22.000, 138.00, 26.00, 21.999, 137.99, 26.02, 0.007, 347.21, 51.35);
insert into SHOT values (1511, 1468, 1469, 3207, 11.000, 90.00, 25.00, 11.001, 90.00, 25.00, 0.001, 90.00, 62.87);
insert into SHOT values (1512, 1469, 1470, 3207, 15.000, 80.00, 15.00, 15.000, 80.02, 14.99, 0.007, 168.34, -20.56);
insert into SHOT values (1513, 1470, 1471, 3207, 8.000, 135.00, 20.00, 8.000, 134.95, 20.03, 0.008, 36.98, 28.26);
insert into SHOT values (1514, 1409, 1472, 3207, 27.500, 325.00, -20.00, 27.507, 324.99, -20.00, 0.009, 283.14, -28.73);
insert into SHOT values (1515, 1472, 1473, 3207, 12.500, 326.00, 10.00, 12.501, 326.03, 10.00, 0.006, 39.78, -5.92);
insert into SHOT values (1516, 1473, 1474, 3207, 28.800, 192.00, 12.00, 28.806, 192.00, 12.00, 0.006, 211.18, 20.34);
insert into SHOT values (1517, 1400, 1475, 3207, 17.300, 218.00, -4.00, 17.297, 217.99, -3.98, 0.008, 97.10, 53.42);
insert into SHOT values (1518, 1475, 1476, 3207, 30.500, 283.00, -24.00, 30.503, 283.00, -24.01, 0.005, 335.27, -62.34);
insert into SHOT values (1519, 1476, 1477, 3207, 27.500, 249.00, -18.00, 27.506, 248.99, -18.00, 0.008, 203.13, -14.50);
insert into SHOT values (1520, 1477, 1478, 3207, 17.800, 279.00, -24.00, 17.800, 279.02, -24.00, 0.006, 8.33, -0.80);
insert into SHOT values (1521, 1478, 1479, 3207, 25.000, 0.00, 45.00, 24.996, 0.00, 45.02, 0.008, 180.00, 16.90);
insert into SHOT values (1522, 1479, 1480, 3207, 20.000, 75.00, -40.00, 19.998, 74.98, -39.98, 0.007, 13.95, 50.13);
insert into SHOT values (1523, 1478, 1481, 3207, 29.000, 166.00, 25.00, 29.009, 166.00, 25.00, 0.009, 168.50, 27.12);
insert into SHOT values (1524, 1481, 1482, 3207, 17.700, 210.00, 27.00, 17.698, 210.03, 27.02, 0.010, 329.91, 25.49);
insert into SHOT values (1525, 1482, 1483, 3207, 30.500, 160.00, 20.00, 30.509, 159.99, 19.99, 0.011, 136.25, -8.48);
insert into SHOT values (1526, 1483, 1484, 3207, 12.600, 165.00, 17.00, 12.591, 164.98, 16.99, 0.010, 8.82, -23.41);
insert into SHOT values (1527, 1484, 1485, 3207, 17.500, 191.00, -2.00, 17.502, 191.01, -2.00, 0.004, 235.34, 11.97);
insert into SHOT values (1528, 1485, 1486, 3207, 17.500, 235.00, -26.00, 17.503, 235.02, -25.99, 0.006, 286.99, 14.22);
insert into SHOT values (1529, 1387, 1487, 3207, 30.500, 230.00, -1.00, 30.505, 229.99, -1.01, 0.011, 174.28, -43.90);
insert into SHOT values (1530, 1487, 1488, 3207, 30.300, 208.00, -1.00, 30.295, 208.02, -1.00, 0.012, 322.15, -5.82);
insert into SHOT values (1531, 1488, 1489, 3207, 30.500, 217.00, 0.00, 30.498, 216.99, 0.00, 0.006, 106.79, 0.00);
insert into SHOT values (1532, 1489, 1490, 3207, 30.500, 203.00, -2.00, 30.501, 203.00, -1.99, 0.005, 178.67, 68.97);
insert into SHOT values (1533, 1490, 1491, 3207, 30.500, 194.00, 8.00, 30.504, 194.00, 7.99, 0.007, 218.66, -43.11);
insert into SHOT values (1534, 1491, 1492, 3207, 29.600, 210.00, 2.00, 29.601, 210.00, 2.01, 0.007, 142.09, 77.07);
insert into SHOT values (1535, 1492, 1493, 3207, 30.500, 172.00, 3.00, 30.498, 172.00, 2.99, 0.007, 30.19, -71.72);
insert into SHOT values (1536, 1493, 1494, 3207, 26.200, 170.00, 31.00, 26.198, 170.00, 31.02, 0.009, 2.14, 42.27);
insert into SHOT values (1537, 1494, 1495, 3207, 30.500, 172.00, 30.00, 30.502, 172.01, 30.00, 0.007, 241.67, -0.00);
insert into SHOT values (1538, 1495, 1496, 3207, 25.300, 161.00, 27.00, 25.302, 161.00, 26.98, 0.008, 171.08, -46.03);
insert into SHOT values (1539, 1496, 1497, 3207, 27.700, 55.00, 28.00, 27.707, 55.00, 28.01, 0.008, 73.02, 44.60);
insert into SHOT values (1540, 1497, 1498, 3207, 15.100, 84.00, 10.00, 15.101, 83.98, 9.99, 0.006, 8.79, -20.23);
insert into SHOT values (1541, 1377, 1499, 3207, 20.000, 265.00, 18.00, 19.992, 264.99, 18.01, 0.009, 104.11, -2.16);
insert into SHOT values (1542, 1369, 1500, 3207, 18.200, 286.00, -28.00, 18.201, 286.00, -27.98, 0.005, 281.93, 56.25);
insert into SHOT values (1543, 1500, 1501, 3207, 25.000, 288.00, -34.00, 25.000, 288.02, -34.00, 0.006, 16.10, -1.83);
insert into SHOT values (1544, 1501, 1502, 3207, 30.500, 281.00, 7.00, 30.494, 281.01, 6.99, 0.010, 60.18, -43.28);
insert into SHOT values (1545, 1502, 1503, 3207, 14.400, 218.00, 26.00, 14.405, 218.00, 26.02, 0.008, 238.21, 74.83);
insert into SHOT values (1546, 1503, 1504, 3207, 25.000, 250.00, -5.00, 24.998, 249.99, -5.00, 0.004, 124.85, -17.27);
insert into SHOT values (1547, 1503, 1505, 3207, 11.800, 210.00, -3.00, 11.803, 209.98, -3.01, 0.006, 158.68, -24.82);
insert into SHOT values (1548, 1505, 1506, 3207, 13.000, 84.00, 13.00, 12.992, 83.97, 12.99, 0.010, 308.76, -24.63);
insert into SHOT values (1549, 1506, 1507, 3207, 12.500, 180.00, 45.00, 12.502, 180.00, 45.00, 0.002, 180.00, 45.00);
insert into SHOT values (1550, 1507, 1508, 3207, 3.000, 136.00, 9.00, 3.000, 135.96, 9.01, 0.002, 49.23, 17.41);
insert into SHOT values (1551, 1508, 1509, 3207, 28.400, 181.00, 2.00, 28.401, 180.99, 2.00, 0.006, 106.89, -11.59);
insert into SHOT values (1552, 1509, 1510, 3207, 37.700, 267.00, 29.00, 37.703, 266.99, 29.00, 0.005, 205.13, 29.31);
insert into SHOT values (1553, 1494, 1511, 3207, 27.000, 250.00, -25.00, 27.005, 250.00, -24.99, 0.006, 263.06, 7.22);
insert into SHOT values (1554, 1511, 1512, 3207, 30.500, 219.00, -15.00, 30.505, 218.99, -15.01, 0.008, 177.04, -51.94);
insert into SHOT values (1555, 1512, 1513, 3207, 30.500, 209.00, 14.00, 30.494, 208.99, 14.01, 0.008, 64.80, 9.51);
insert into SHOT values (1556, 1513, 1514, 3207, 30.500, 180.00, 0.00, 30.500, 180.00, 0.00, 0.000, 90.00, 0.00);
insert into SHOT values (1557, 1514, 1515, 3207, 22.500, 198.00, -4.00, 22.504, 198.01, -4.00, 0.005, 230.40, -5.20);
insert into SHOT values (1558, 1515, 1516, 3207, 30.500, 237.00, -8.00, 30.499, 237.00, -7.99, 0.005, 108.40, 83.52);
insert into SHOT values (1559, 1516, 1517, 3207, 21.000, 230.00, -7.00, 21.004, 230.00, -7.00, 0.004, 235.10, -11.58);
insert into SHOT values (1560, 1490, 1518, 3207, 22.600, 245.00, -15.00, 22.607, 245.00, -15.00, 0.007, 231.47, -5.74);
insert into SHOT values (1561, 1518, 1519, 3207, 15.400, 218.00, 6.00, 15.401, 218.00, 6.00, 0.001, 214.05, 11.02);
insert into SHOT values (1562, 1519, 1520, 3207, 25.700, 146.00, 22.00, 25.700, 145.98, 22.01, 0.008, 47.15, 20.20);
insert into SCRAPS values (3208, 3204, 'cairn_farm_s1', 1, 65.45652, 1.30104);
 insert into SCRAPS values (3654, 3204, 'cairn_farm_s2', 1, 3.64035, 0.10958);
 insert into SCRAPS values (3666, 3204, 'cairn_farm_s3', 1, 28.06703, 2.42270);
 insert into SURVEY values (3682, 71, 'snaketrack_resurvey', 'snaketrack_resurvey.clearwater_master', NULL);
 insert into CENTRELINE values (3683, 3682, NULL, NULL, NULL, 0.00, 0.00, 0.00);
 insert into MAPS values (3684, 3682, 'snake_track_resurvey_m', NULL, 1, 801.500, 47.060);
 insert into MAPITEMS values (3684, 4, 3686);
 insert into CENTRELINE values (3685, 3682, NULL, '2007-01-17', NULL, 801.50, 69.90, 0.00);
 insert into PERSON values (1, 'Pam', 'Fogg');
insert into TOPO values (1, 3685);
 insert into PERSON values (2, 'Tim', 'Fogg');
insert into TOPO values (2, 3685);
 insert into PERSON values (3, 'David', 'Scott');
insert into TOPO values (3, 3685);
 insert into SHOT values (1563, 1521, 1522, 3685, 7.200, 15.00, 46.00, 7.199, 14.95, 46.02, 0.005, 256.04, 9.24);
insert into SHOT_FLAG values(1563, 'srf');
insert into SHOT values (1564, 1522, 1523, 3685, 18.600, 106.00, 38.00, 18.600, 106.00, 38.00, 0.002, 88.78, -58.86);
insert into SHOT_FLAG values(1564, 'srf');
insert into SHOT values (1565, 1523, 1524, 3685, 17.400, 109.00, 36.00, 17.403, 109.03, 36.00, 0.007, 179.73, 19.89);
insert into SHOT_FLAG values(1565, 'srf');
insert into SHOT values (1566, 1524, 1525, 3685, 23.600, 127.00, 36.00, 23.600, 127.00, 35.99, 0.003, 79.54, -43.24);
insert into SHOT_FLAG values(1566, 'srf');
insert into SHOT values (1567, 1525, 1526, 3685, 3.100, 144.00, -24.00, 3.096, 144.06, -24.01, 0.005, 283.78, 10.56);
insert into SHOT_FLAG values(1567, 'srf');
insert into SHOT values (1568, 1526, 1527, 3685, 4.500, 108.00, -23.00, 4.501, 108.00, -23.02, 0.002, 86.02, -74.74);
insert into SHOT values (1569, 1527, 1528, 3685, 3.500, 62.00, 18.00, 3.504, 61.90, 17.95, 0.007, 7.32, -12.01);
insert into SHOT values (1570, 1528, 1529, 3685, 2.800, 165.00, -22.00, 2.802, 165.05, -22.01, 0.003, 219.36, -19.96);
insert into SHOT values (1571, 1529, 1530, 3685, 1.300, 86.00, -18.00, 1.305, 86.31, -17.84, 0.009, 133.25, 10.70);
insert into SHOT values (1572, 1530, 1531, 3685, 25.800, 61.00, -6.00, 25.799, 61.00, -6.01, 0.004, 285.36, -62.72);
insert into SHOT values (1573, 1531, 1532, 3685, 7.100, 53.00, -4.00, 7.107, 52.97, -3.95, 0.010, 24.96, 32.43);
insert into SHOT values (1574, 1532, 1533, 3685, 38.500, 0.00, 1.00, 38.496, 0.00, 1.00, 0.005, 180.00, -24.87);
insert into SHOT values (1575, 1533, 1534, 3685, 15.200, 359.00, -10.00, 15.203, 358.97, -10.00, 0.009, 290.09, -3.36);
insert into SHOT values (1576, 1534, 1535, 3685, 19.500, 25.00, -5.00, 19.495, 25.01, -5.00, 0.006, 176.98, -4.60);
insert into SHOT values (1577, 1535, 1536, 3685, 36.100, 53.00, -3.00, 36.110, 53.00, -3.00, 0.010, 64.13, -3.94);
insert into SHOT values (1578, 1536, 1537, 3685, 40.200, 33.00, 1.00, 40.200, 33.00, 1.00, 0.002, 296.60, -50.86);
insert into SHOT values (1579, 1537, 1538, 3685, 32.600, 54.00, -1.00, 32.601, 54.00, -0.98, 0.009, 3.21, 82.86);
insert into SHOT values (1580, 1538, 1539, 3685, 27.200, 36.00, -3.00, 27.193, 36.00, -3.01, 0.010, 228.88, -39.78);
insert into SHOT values (1581, 1539, 1540, 3685, 19.100, 50.00, 5.00, 19.103, 50.01, 5.02, 0.007, 97.07, 51.34);
insert into SHOT values (1582, 1540, 1541, 3685, 25.800, 32.00, -3.00, 25.799, 31.99, -3.00, 0.003, 276.18, 4.78);
insert into SHOT values (1583, 1541, 1542, 3685, 38.600, 24.00, -2.00, 38.599, 24.00, -2.00, 0.003, 198.91, -63.24);
insert into SHOT values (1584, 1542, 1543, 3685, 28.900, 13.00, -4.00, 28.901, 13.01, -4.01, 0.006, 98.38, -40.06);
insert into SHOT values (1585, 1543, 1544, 3685, 14.400, 87.00, 5.00, 14.395, 86.96, 5.02, 0.012, 329.01, 24.72);
insert into SHOT values (1586, 1544, 1545, 3685, 21.600, 118.00, -5.00, 21.604, 118.02, -4.99, 0.008, 173.54, 17.66);
insert into SHOT values (1587, 1545, 1546, 3685, 29.800, 116.00, -3.00, 29.800, 115.99, -3.00, 0.006, 25.44, -3.61);
insert into SHOT values (1588, 1546, 1547, 3685, 28.100, 41.00, 4.00, 28.095, 41.01, 4.00, 0.006, 183.54, -1.58);
insert into SHOT values (1589, 1547, 1548, 3685, 25.300, 26.00, 8.00, 25.300, 25.99, 8.00, 0.004, 302.37, -17.71);
insert into SHOT values (1590, 1548, 1549, 3685, 19.600, 53.00, -5.00, 19.605, 53.01, -5.00, 0.007, 96.23, -15.39);
insert into SHOT values (1591, 1549, 1550, 3685, 34.100, 83.00, 0.00, 34.095, 82.99, 0.00, 0.007, 306.16, 0.00);
insert into SHOT values (1592, 1550, 1551, 3685, 35.800, 105.00, -4.00, 35.806, 105.01, -4.00, 0.008, 149.15, -18.82);
insert into SHOT values (1593, 1551, 1552, 3685, 25.200, 73.00, 2.00, 25.198, 72.98, 2.00, 0.008, 328.00, 3.85);
insert into SHOT values (1594, 1552, 1553, 3685, 38.400, 97.00, 1.00, 38.402, 97.00, 1.00, 0.002, 114.58, -4.41);
insert into SHOT values (1595, 1553, 1554, 3685, 26.900, 105.00, -4.00, 26.901, 105.01, -4.01, 0.006, 181.34, -36.90);
insert into SHOT values (1596, 1554, 1555, 3685, 27.900, 71.00, 2.00, 27.897, 70.99, 2.01, 0.008, 299.24, 54.68);
insert into SHOT values (1597, 1555, 1556, 3685, 26.800, 84.00, -1.00, 26.801, 84.00, -1.00, 0.003, 137.01, -60.65);
insert into SHOT values (1598, 1556, 1557, 3685, 26.200, 46.00, 27.00, 26.210, 46.01, 27.00, 0.010, 64.02, 33.27);
insert into SHOT values (1599, 1557, 1558, 3685, 17.700, 61.00, 40.00, 17.688, 60.99, 40.00, 0.012, 248.51, -37.33);
insert into SHOT values (1600, 1558, 1559, 3685, 17.500, 69.00, 46.00, 17.503, 68.99, 46.00, 0.004, 14.60, 23.29);
insert into SHOT values (1601, 1559, 1560, 3685, 19.500, 124.00, 30.00, 19.498, 123.99, 30.00, 0.003, 353.76, -0.00);
insert into SCRAPS values (3686, 3682, 'snake_track_s1', 1, 62.89585, 8.50084);
 insert into SURVEY values (3813, 71, 'elevationsurveycheck1', 'elevationsurveycheck1.clearwater_master', NULL);
 insert into CENTRELINE values (3814, 3813, NULL, NULL, NULL, 0.00, 0.00, 0.00);
 insert into CENTRELINE values (3815, 3813, NULL, '2009-02-15', NULL, 415.30, 0.00, 0.00);
 insert into SHOT values (1602, 1561, 1562, 3815, 37.600, 59.00, 6.00, 37.598, 59.00, 6.00, 0.003, 282.57, -5.14);
insert into SHOT values (1603, 1561, 1563, 3815, 38.400, 200.00, 5.00, 38.392, 200.00, 4.99, 0.010, 27.58, -41.12);
insert into SHOT values (1604, 1561, 1564, 3815, 54.000, 197.00, 6.00, 54.001, 197.00, 6.00, 0.005, 146.97, -57.37);
insert into SHOT values (1605, 1561, 1565, 3815, 26.300, 317.00, -24.00, 26.303, 316.99, -24.00, 0.005, 247.87, -32.31);
insert into SHOT values (1606, 1565, 1566, 3815, 18.700, 352.00, -8.00, 18.701, 352.02, -7.99, 0.008, 73.01, 18.60);
insert into SHOT values (1607, 1566, 1567, 3815, 36.200, 256.00, -1.00, 36.199, 256.01, -1.00, 0.007, 354.10, 15.82);
insert into SHOT values (1608, 1567, 1568, 3815, 20.700, 291.00, 2.00, 20.705, 290.98, 1.99, 0.008, 240.95, -17.63);
insert into SHOT values (1609, 1568, 1569, 3815, 47.600, 5.00, 0.00, 47.601, 5.00, 0.00, 0.002, 50.76, 0.00);
insert into SHOT values (1610, 1569, 1570, 3815, 34.100, 249.00, -5.00, 34.098, 248.99, -5.00, 0.008, 147.31, 15.37);
insert into SHOT values (1611, 1570, 1571, 3815, 21.300, 296.00, 0.00, 21.297, 296.01, 0.00, 0.005, 58.01, 0.00);
insert into SHOT values (1612, 1571, 1572, 3815, 28.500, 42.00, -3.00, 28.497, 41.99, -3.00, 0.004, 261.63, 20.87);
insert into SHOT values (1613, 1572, 1573, 3815, 26.400, 73.00, -37.00, 26.401, 72.98, -37.00, 0.007, 334.36, -18.41);
insert into SHOT values (1614, 1573, 1574, 3815, 9.700, 310.00, -9.00, 9.720, 311.46, -8.76, 0.248, 34.60, 8.68);
insert into SHOT values (1615, 1574, 1575, 3815, 15.800, 295.00, -18.00, 15.797, 297.18, -17.80, 0.574, 24.69, 5.24);
insert into SURVEY values (3817, 71, 'elevationsurveycheck2', 'elevationsurveycheck2.clearwater_master', NULL);
 insert into CENTRELINE values (3818, 3817, NULL, NULL, NULL, 0.00, 0.00, 0.00);
 insert into CENTRELINE values (3819, 3817, NULL, '2009-02-15', NULL, 590.60, 0.00, 0.00);
 insert into SHOT values (1616, 1576, 1577, 3819, 46.200, 82.00, 22.00, 46.280, 86.75, 22.69, 3.589, 176.59, 8.70);
insert into SHOT values (1617, 1577, 1578, 3819, 17.800, 130.00, -9.00, 17.835, 132.49, -9.26, 0.770, 219.61, -6.38);
insert into SHOT values (1618, 1578, 1579, 3819, 34.800, 56.00, -13.00, 34.743, 58.12, -14.59, 1.576, 159.93, -35.78);
insert into SHOT values (1619, 1579, 1580, 3819, 12.300, 124.00, -7.00, 12.309, 125.84, -7.19, 0.394, 214.38, -5.98);
insert into SHOT values (1620, 1580, 1581, 3819, 26.000, 75.00, -4.00, 25.957, 77.61, -4.64, 1.217, 169.43, -13.61);
insert into SHOT values (1621, 1581, 1582, 3819, 36.100, 101.00, 19.00, 36.155, 105.53, 18.88, 2.703, 191.66, -1.12);
insert into SHOT values (1622, 1582, 1583, 3819, 15.600, 144.00, 24.00, 15.648, 145.92, 23.34, 0.515, 221.41, -16.37);
insert into SHOT values (1623, 1583, 1584, 3819, 20.300, 181.00, 9.00, 20.389, 182.39, 8.26, 0.560, 257.02, -26.03);
insert into SHOT values (1624, 1584, 1585, 3819, 15.600, 135.00, -1.00, 15.643, 137.23, -1.28, 0.614, 222.23, -7.28);
insert into SHOT values (1625, 1585, 1586, 3819, 44.300, 68.00, -3.00, 44.328, 71.81, -4.02, 3.049, 160.31, -15.05);
insert into SHOT values (1626, 1586, 1587, 3819, 21.500, 69.00, 5.00, 21.429, 70.92, 4.82, 0.723, 165.15, -5.86);
insert into SHOT values (1627, 1587, 1588, 3819, 12.400, 18.00, 7.00, 12.292, 17.60, 6.96, 0.138, 236.42, -8.86);
insert into SHOT values (1628, 1588, 1589, 3819, 21.400, 30.00, -0.50, 21.292, 29.99, -0.91, 0.189, 212.87, -54.38);
insert into SHOT values (1629, 1589, 1590, 3819, 39.700, 58.00, -2.00, 39.653, 60.62, -2.86, 1.908, 151.58, -18.15);
insert into SHOT values (1630, 1590, 1591, 3819, 12.000, 67.00, 0.00, 11.912, 68.06, -0.24, 0.244, 179.05, -11.83);
insert into SHOT values (1631, 1591, 1592, 3819, 23.800, 62.00, 2.00, 23.726, 63.80, 1.67, 0.763, 158.20, -10.61);
insert into SHOT values (1632, 1592, 1593, 3819, 17.400, 66.00, 14.00, 17.314, 67.44, 14.21, 0.436, 169.85, 5.34);
insert into SHOT values (1633, 1593, 1594, 3819, 34.000, 60.00, -6.00, 33.946, 62.38, -7.04, 1.531, 156.24, -23.32);
insert into SHOT values (1634, 1594, 1595, 3819, 21.400, 51.00, -4.00, 21.309, 52.09, -4.58, 0.469, 156.21, -26.24);
insert into SHOT values (1635, 1595, 1596, 3819, 31.100, 80.00, 1.00, 31.089, 83.37, 0.50, 1.848, 171.91, -8.49);
insert into SHOT values (1636, 1596, 1597, 3819, 9.900, 51.00, 3.00, 9.798, 51.51, 2.87, 0.137, 189.99, -11.87);
insert into SHOT values (1637, 1597, 1598, 3819, 14.200, 130.00, 14.00, 14.224, 132.01, 13.66, 0.492, 215.88, -8.81);
insert into SHOT values (1638, 1598, 1599, 3819, 10.200, 56.00, -2.00, 10.104, 56.72, -2.27, 0.167, 183.94, -15.32);
insert into SHOT values (1639, 1599, 1600, 3819, 22.600, 48.00, -1.00, 22.506, 49.00, -1.45, 0.442, 152.49, -23.39);
insert into SHOT values (1640, 1600, 1601, 3819, 16.100, 65.00, -8.00, 16.020, 66.33, -8.54, 0.407, 170.91, -20.00);
insert into SHOT values (1641, 1601, 1602, 3819, 13.900, 134.00, -7.00, 13.929, 136.00, -7.22, 0.485, 222.31, -6.63);
insert into SURVEY values (3821, 71, 'elevationsurveycheck3', 'elevationsurveycheck3.clearwater_master', NULL);
 insert into CENTRELINE values (3822, 3821, NULL, NULL, NULL, 0.00, 0.00, 0.00);
 insert into CENTRELINE values (3823, 3821, NULL, '2009-02-15', NULL, 405.54, 0.00, 0.00);
 insert into SHOT values (1642, 1603, 1604, 3823, 24.140, 285.00, -1.00, 24.137, 285.01, -1.00, 0.005, 51.87, 14.71);
insert into SHOT values (1643, 1604, 1605, 3823, 35.640, 255.00, 0.00, 35.643, 255.01, 0.00, 0.006, 314.39, 0.00);
insert into SHOT values (1644, 1605, 1606, 3823, 45.990, 257.00, 5.00, 45.990, 257.00, 5.00, 0.004, 168.90, 23.42);
insert into SHOT values (1645, 1606, 1607, 3823, 23.200, 255.00, -19.00, 23.192, 254.99, -19.00, 0.009, 106.48, 19.57);
insert into SHOT values (1646, 1607, 1608, 3823, 28.990, 209.00, -3.50, 28.984, 209.01, -3.50, 0.008, 348.71, -1.44);
insert into SHOT values (1647, 1608, 1609, 3823, 17.670, 279.00, 19.50, 17.668, 278.98, 19.51, 0.006, 166.02, 15.67);
insert into SHOT values (1648, 1609, 1610, 3823, 10.540, 302.00, 22.00, 10.543, 302.00, 22.00, 0.003, 299.09, 30.58);
insert into SHOT values (1649, 1610, 1611, 3823, 27.510, 248.00, -6.50, 27.518, 248.00, -6.51, 0.009, 263.46, -38.83);
insert into SHOT values (1650, 1611, 1612, 3823, 44.830, 272.00, -30.50, 44.826, 272.00, -30.50, 0.005, 59.55, 37.53);
insert into SHOT values (1651, 1612, 1613, 3823, 17.960, 346.00, -45.00, 17.958, 346.01, -45.01, 0.003, 136.02, -6.19);
insert into SHOT values (1652, 1613, 1614, 3823, 16.290, 262.00, -18.00, 16.291, 261.98, -18.02, 0.007, 153.18, -54.92);
insert into SHOT values (1653, 1614, 1615, 3823, 43.630, 259.50, -29.00, 43.628, 259.51, -29.00, 0.005, 9.42, 28.69);
insert into SHOT values (1654, 1615, 1616, 3823, 29.510, 249.00, -20.00, 29.511, 249.00, -19.99, 0.004, 212.80, 47.29);
insert into SHOT values (1655, 1616, 1617, 3823, 39.640, 174.00, -1.00, 39.633, 174.00, -1.00, 0.008, 337.20, 13.73);
insert into SURVEY values (3825, 71, 'elevationsurveycheck4', 'elevationsurveycheck4.clearwater_master', NULL);
 insert into CENTRELINE values (3826, 3825, NULL, NULL, NULL, 0.00, 0.00, 0.00);
 insert into CENTRELINE values (3827, 3825, NULL, '2009-02-15', NULL, 540.63, 0.00, 0.00);
 insert into SHOT values (1656, 1618, 1619, 3827, 39.500, 217.00, -1.00, 39.508, 216.99, -1.00, 0.009, 192.49, -4.04);
insert into SHOT values (1657, 1619, 1620, 3827, 27.100, 190.00, 3.00, 27.099, 190.00, 3.00, 0.002, 341.20, 43.11);
insert into SHOT values (1658, 1620, 1621, 3827, 26.230, 214.00, 0.00, 26.221, 213.99, 0.00, 0.009, 53.45, 0.00);
insert into SHOT values (1659, 1621, 1622, 3827, 29.190, 215.00, 0.00, 29.193, 215.01, 0.00, 0.007, 278.17, 0.00);
insert into SHOT values (1660, 1622, 1623, 3827, 21.250, 194.00, 3.00, 21.248, 193.99, 2.99, 0.004, 82.10, -29.18);
insert into SHOT values (1661, 1623, 1624, 3827, 29.450, 190.00, -6.00, 29.457, 190.01, -6.00, 0.008, 212.94, -12.32);
insert into SHOT values (1662, 1624, 1625, 3827, 30.550, 199.00, 7.00, 30.549, 199.00, 6.99, 0.004, 81.81, -57.36);
insert into SHOT values (1663, 1625, 1626, 3827, 29.940, 206.00, 9.00, 29.941, 205.99, 9.01, 0.007, 113.52, 60.89);
insert into SHOT values (1664, 1626, 1627, 3827, 32.180, 225.00, 6.00, 32.180, 225.00, 5.99, 0.004, 45.00, -89.05);
insert into SHOT values (1665, 1627, 1628, 3827, 8.400, 218.00, 4.00, 8.398, 218.02, 4.03, 0.005, 341.79, 50.52);
insert into SHOT values (1666, 1628, 1629, 3827, 36.580, 249.00, -9.00, 36.582, 249.00, -9.01, 0.008, 181.89, -73.24);
insert into SHOT values (1667, 1629, 1630, 3827, 27.810, 236.00, -15.00, 27.807, 236.00, -14.98, 0.008, 357.12, 80.75);
insert into SHOT values (1668, 1630, 1631, 3827, 38.990, 217.00, 7.00, 38.992, 217.00, 7.00, 0.004, 182.34, -27.00);
insert into SHOT values (1669, 1631, 1632, 3827, 34.200, 217.00, -4.00, 34.194, 217.00, -4.01, 0.008, 15.90, -31.47);
insert into SHOT values (1670, 1632, 1633, 3827, 34.680, 232.00, -3.00, 34.678, 232.00, -2.99, 0.005, 22.04, 67.98);
insert into SHOT values (1671, 1633, 1634, 3827, 32.820, 220.00, 3.00, 32.824, 220.00, 3.00, 0.005, 222.35, 30.94);
insert into SHOT values (1672, 1634, 1635, 3827, 39.200, 229.00, -3.00, 39.196, 229.00, -3.01, 0.010, 60.87, -61.07);
insert into SHOT values (1673, 1635, 1636, 3827, 22.560, 212.00, -17.00, 22.565, 212.01, -16.98, 0.010, 241.53, 35.06);
insert into SURVEY values (3829, 71, 'elevationsurveycheck5', 'elevationsurveycheck5.clearwater_master', NULL);
 insert into CENTRELINE values (3830, 3829, NULL, NULL, NULL, 0.00, 0.00, 0.00);
 insert into CENTRELINE values (3831, 3829, NULL, '2009-02-15', NULL, 41.13, 0.00, 0.00);
 insert into SHOT values (1674, 1637, 1638, 3831, 28.420, 233.00, -16.00, 28.423, 233.00, -16.01, 0.007, 296.65, -70.42);
insert into SHOT values (1675, 1638, 1639, 3831, 12.710, 276.00, -35.00, 12.706, 276.01, -35.01, 0.005, 68.71, 1.90);
insert into SURVEY values (3833, 71, 'elevationsurveycheck6', 'elevationsurveycheck6.clearwater_master', NULL);
 insert into CENTRELINE values (3834, 3833, NULL, NULL, NULL, 0.00, 0.00, 0.00);
 insert into CENTRELINE values (3835, 3833, NULL, '2009-02-15', NULL, 554.35, 0.00, 0.00);
 insert into SHOT values (1676, 1640, 1641, 3835, 12.710, 276.00, -35.00, 12.706, 276.01, -35.01, 0.005, 68.71, 1.90);
insert into SHOT values (1677, 1641, 1642, 3835, 43.850, 279.00, -25.00, 43.846, 278.99, -25.00, 0.008, 161.62, 13.88);
insert into SHOT values (1678, 1642, 1643, 3835, 8.300, 250.00, 1.00, 8.299, 250.06, 1.04, 0.010, 348.21, 31.14);
insert into SHOT values (1679, 1643, 1644, 3835, 31.930, 212.00, -10.50, 31.936, 212.00, -10.50, 0.006, 209.83, -11.39);
insert into SHOT values (1680, 1644, 1645, 3835, 15.030, 209.00, 11.50, 15.029, 209.00, 11.51, 0.004, 13.96, 64.31);
insert into SHOT values (1681, 1645, 1646, 3835, 40.240, 206.00, 3.00, 40.239, 205.99, 2.99, 0.009, 109.60, -43.86);
insert into SHOT values (1682, 1646, 1647, 3835, 21.980, 214.00, 1.00, 21.981, 214.00, 0.99, 0.004, 236.89, -74.95);
insert into SHOT values (1683, 1647, 1648, 3835, 32.730, 259.00, -24.00, 32.727, 259.01, -24.00, 0.006, 10.66, 24.97);
insert into SHOT values (1684, 1648, 1649, 3835, 24.020, 177.00, 22.00, 24.020, 177.01, 22.00, 0.006, 274.46, 19.23);
insert into SHOT values (1685, 1649, 1650, 3835, 25.440, 198.00, 6.50, 25.440, 198.00, 6.50, 0.001, 127.16, 5.85);
insert into SHOT values (1686, 1650, 1651, 3835, 30.590, 211.00, 5.50, 30.589, 211.00, 5.50, 0.003, 89.25, -37.75);
insert into SHOT values (1687, 1651, 1652, 3835, 24.730, 226.00, -12.00, 24.734, 225.99, -11.99, 0.007, 175.29, 14.25);
insert into SHOT values (1688, 1652, 1653, 3835, 27.520, 260.00, -19.00, 27.523, 260.02, -19.00, 0.010, 331.20, -2.17);
insert into SHOT values (1689, 1653, 1654, 3835, 18.640, 206.00, 12.00, 18.642, 205.99, 12.01, 0.006, 133.98, 50.58);
insert into SHOT values (1690, 1654, 1655, 3835, 18.880, 183.00, 13.00, 18.877, 182.99, 12.98, 0.008, 72.13, -67.58);
insert into SHOT values (1691, 1655, 1656, 3835, 38.990, 212.00, 0.00, 38.993, 211.99, 0.00, 0.005, 161.37, 0.00);
insert into SHOT values (1692, 1656, 1657, 3835, 21.550, 224.00, -3.00, 21.550, 224.00, -2.98, 0.008, 310.07, 84.03);
insert into SHOT values (1693, 1657, 1658, 3835, 31.590, 216.00, -0.50, 31.587, 216.01, -0.51, 0.008, 336.36, -34.02);
insert into SHOT values (1694, 1658, 1659, 3835, 58.910, 214.00, 0.00, 58.910, 214.00, 0.00, 0.002, 124.21, 0.00);
insert into SHOT values (1695, 1659, 1660, 3835, 14.520, 222.00, -5.00, 14.522, 222.00, -5.02, 0.005, 243.41, -73.46);
insert into SHOT values (1696, 1660, 1661, 3835, 12.200, 299.00, -23.00, 12.194, 298.99, -22.98, 0.009, 154.74, 54.35);
insert into SURVEY values (3837, 71, 'elevationsurveycheck7', 'elevationsurveycheck7.clearwater_master', NULL);
 insert into CENTRELINE values (3838, 3837, NULL, NULL, NULL, 0.00, 0.00, 0.00);
 insert into CENTRELINE values (3839, 3837, NULL, '2009-02-15', NULL, 142.50, 0.00, 0.00);
 insert into SHOT values (1697, 1662, 1663, 3839, 18.500, 321.00, -21.00, 18.499, 320.99, -21.00, 0.002, 200.68, -4.54);
insert into SHOT values (1698, 1663, 1664, 3839, 8.000, 231.00, -23.00, 8.004, 231.06, -23.02, 0.009, 301.55, -26.59);
insert into SHOT values (1699, 1664, 1665, 3839, 2.600, 273.00, -12.00, 2.600, 272.93, -11.99, 0.003, 185.56, 10.38);
insert into SHOT values (1700, 1665, 1666, 3839, 6.500, 221.00, -27.00, 6.499, 221.01, -26.99, 0.001, 336.46, 42.69);
insert into SHOT values (1701, 1666, 1667, 3839, 5.400, 301.00, -24.00, 5.394, 301.04, -24.07, 0.009, 95.08, -22.92);
insert into SHOT values (1702, 1667, 1668, 3839, 17.500, 22.00, -15.00, 17.506, 21.98, -15.00, 0.008, 342.64, -5.08);
insert into SHOT values (1703, 1668, 1669, 3839, 25.400, 41.00, 6.00, 25.395, 41.00, 6.01, 0.007, 209.54, 43.21);
insert into SHOT values (1704, 1669, 1670, 3839, 46.800, 44.00, 0.00, 46.804, 44.00, 0.00, 0.005, 359.86, 0.00);
insert into SHOT values (1705, 1670, 1671, 3839, 11.800, 323.00, -19.00, 11.797, 323.02, -19.00, 0.005, 95.95, 20.55);
insert into SURVEY values (3841, 71, 'berangs_to_inflation', 'berangs_to_inflation.clearwater_master', NULL);
 insert into CENTRELINE values (3842, 3841, NULL, NULL, NULL, 0.00, 0.00, 0.00);
 insert into MAPS values (3843, 3841, 'berangs_to_inflation_m', NULL, 1, 3101.550, 106.040);
 insert into MAPITEMS values (3843, 4, 3845);
 insert into MAPITEMS values (3843, 4, 3857);
 insert into MAPITEMS values (3843, 4, 3874);
 insert into MAPITEMS values (3843, 4, 3907);
 insert into CENTRELINE values (3844, 3841, NULL, '2011-02-19', NULL, 3101.55, 0.00, 0.00);
 insert into PERSON values (4, 'Veno', 'Enar');
insert into TOPO values (4, 3844);
 insert into PERSON values (5, 'Mark', 'Richardson');
insert into TOPO values (5, 3844);
 insert into PERSON values (6, 'Robbie', 'Shone');
insert into TOPO values (6, 3844);
 insert into PERSON values (7, 'Tim', 'allen');
insert into TOPO values (7, 3844);
 insert into SHOT values (1706, 1672, 1673, 3844, 4.400, 298.00, -42.00, 4.401, 298.05, -41.92, 0.007, 329.36, 36.22);
insert into SHOT values (1707, 1673, 1674, 3844, 5.090, 275.00, -71.00, 5.087, 274.85, -71.00, 0.005, 169.31, 30.82);
insert into SHOT values (1708, 1674, 1675, 3844, 9.010, 40.00, -30.00, 9.017, 40.01, -30.01, 0.007, 59.03, -44.26);
insert into SHOT values (1709, 1675, 1676, 3844, 7.730, 295.00, 3.00, 7.733, 294.97, 3.04, 0.007, 238.42, 50.36);
insert into SHOT values (1710, 1676, 1677, 3844, 21.460, 6.00, -4.00, 21.460, 6.01, -4.01, 0.004, 101.17, -52.43);
insert into SHOT values (1711, 1677, 1678, 3844, 23.640, 354.00, -2.00, 23.644, 354.00, -1.99, 0.006, 353.25, 52.53);
insert into SHOT values (1712, 1678, 1679, 3844, 19.880, 40.00, -1.00, 19.878, 39.98, -1.01, 0.008, 296.70, -22.19);
insert into SHOT values (1713, 1679, 1680, 3844, 16.350, 357.00, -0.50, 16.343, 357.02, -0.49, 0.009, 140.92, 16.61);
insert into SHOT values (1714, 1680, 1681, 3844, 20.770, 43.00, -1.00, 20.770, 42.99, -1.02, 0.008, 305.42, -64.29);
insert into SHOT values (1715, 1681, 1682, 3844, 16.470, 73.00, -1.00, 16.473, 72.98, -0.97, 0.009, 20.98, 52.29);
insert into SHOT values (1716, 1682, 1683, 3844, 27.370, 64.00, 1.00, 27.370, 64.02, 0.98, 0.011, 149.57, -45.99);
insert into SHOT values (1717, 1683, 1684, 3844, 18.410, 20.00, 0.00, 18.408, 19.98, 0.00, 0.007, 272.25, 0.00);
insert into SHOT values (1718, 1684, 1685, 3844, 10.760, 51.00, -9.00, 10.761, 51.00, -8.98, 0.004, 24.59, 57.40);
insert into SHOT values (1719, 1685, 1686, 3844, 23.800, 285.00, -2.00, 23.796, 285.01, -2.00, 0.006, 52.51, 5.48);
insert into SHOT values (1720, 1686, 1687, 3844, 27.880, 302.00, 1.00, 27.879, 302.00, 1.01, 0.004, 180.61, 61.01);
insert into SHOT values (1721, 1687, 1688, 3844, 13.810, 28.00, 0.00, 13.805, 27.99, 0.00, 0.005, 224.14, 0.00);
insert into SHOT values (1722, 1688, 1689, 3844, 28.730, 20.00, 0.00, 28.734, 20.01, 0.00, 0.005, 55.03, 0.00);
insert into SHOT values (1723, 1689, 1690, 3844, 32.290, 30.00, -2.00, 32.290, 29.99, -2.01, 0.007, 300.76, -27.25);
insert into SHOT values (1724, 1690, 1691, 3844, 25.070, 121.00, 1.00, 25.074, 121.00, 1.01, 0.005, 89.47, 31.12);
insert into SHOT values (1725, 1691, 1692, 3844, 25.800, 60.00, 0.00, 25.797, 60.00, 0.00, 0.003, 270.00, 0.00);
insert into SHOT values (1726, 1692, 1693, 3844, 12.240, 2.00, -5.00, 12.234, 2.02, -5.02, 0.008, 143.38, -23.28);
insert into SHOT values (1727, 1693, 1694, 3844, 9.820, 44.00, 0.00, 9.823, 43.97, 0.00, 0.006, 345.75, 0.00);
insert into SHOT values (1728, 1694, 1695, 3844, 21.610, 6.00, 0.00, 21.609, 6.00, 0.00, 0.002, 144.84, 0.00);
insert into SHOT values (1729, 1695, 1696, 3844, 14.320, 19.00, 4.00, 14.313, 19.01, 4.01, 0.007, 186.50, 8.97);
insert into SHOT values (1730, 1696, 1697, 3844, 39.500, 34.00, -1.00, 39.504, 33.99, -1.00, 0.009, 329.28, -3.87);
insert into SHOT values (1731, 1697, 1698, 3844, 21.070, 20.00, -2.00, 21.063, 20.00, -2.01, 0.009, 195.21, -31.81);
insert into SHOT values (1732, 1698, 1699, 3844, 36.240, 95.00, 0.00, 36.247, 94.99, 0.00, 0.012, 42.84, 0.00);
insert into SHOT values (1733, 1699, 1700, 3844, 20.630, 103.00, -4.00, 20.627, 103.00, -3.98, 0.009, 256.15, 75.44);
insert into SHOT values (1734, 1700, 1701, 3844, 32.240, 66.00, -1.00, 32.241, 66.00, -1.01, 0.008, 123.81, -73.72);
insert into SHOT values (1735, 1701, 1702, 3844, 35.800, 39.00, -2.00, 35.792, 39.00, -2.00, 0.008, 230.64, -4.45);
insert into SHOT values (1736, 1703, 1704, 3844, 22.980, 115.00, -4.00, 22.985, 115.00, -4.02, 0.008, 116.56, -58.86);
insert into SHOT values (1737, 1704, 1705, 3844, 21.050, 193.00, -1.50, 21.056, 192.99, -1.50, 0.008, 151.18, 7.82);
insert into SHOT values (1738, 1705, 1706, 3844, 39.680, 138.00, 5.00, 39.676, 137.99, 5.00, 0.006, 359.33, 16.03);
insert into SHOT values (1739, 1706, 1707, 3844, 42.120, 188.00, 0.00, 42.121, 188.01, 0.00, 0.008, 270.65, 0.00);
insert into SHOT values (1740, 1707, 1708, 3844, 21.740, 229.00, -6.00, 21.738, 228.98, -5.99, 0.010, 125.78, 14.83);
insert into SHOT values (1741, 1708, 1709, 3844, 26.940, 293.00, 1.50, 26.943, 293.01, 1.49, 0.009, 359.24, -35.46);
insert into SHOT values (1742, 1709, 1710, 3844, 20.890, 225.00, 0.00, 20.895, 225.02, 0.00, 0.009, 279.71, 0.00);
insert into SHOT values (1743, 1710, 1711, 3844, 45.910, 273.00, 0.50, 45.905, 273.00, 0.50, 0.006, 116.43, -6.08);
insert into SHOT values (1744, 1711, 1702, 3844, 33.180, 239.00, 1.00, 33.185, 239.00, 1.00, 0.005, 224.05, 10.40);
insert into SHOT values (1745, 1703, 1712, 3844, 9.970, 240.00, 7.00, 9.971, 239.99, 6.97, 0.005, 182.26, -66.80);
insert into SHOT values (1746, 1712, 1713, 3844, 11.290, 264.00, 5.00, 11.286, 263.97, 5.03, 0.009, 128.81, 40.81);
insert into SHOT values (1747, 1713, 1714, 3844, 27.780, 280.00, -7.00, 27.787, 280.00, -7.01, 0.008, 288.63, -35.39);
insert into SHOT values (1748, 1714, 1715, 3844, 15.290, 265.00, -23.00, 15.288, 264.99, -22.99, 0.006, 163.87, 51.03);
insert into SHOT values (1749, 1715, 1716, 3844, 43.310, 287.00, 0.00, 43.314, 287.01, 0.00, 0.008, 341.70, 0.00);
insert into SHOT values (1750, 1716, 1717, 3844, 38.220, 259.00, 0.00, 38.214, 258.99, 0.00, 0.011, 133.06, 0.00);
insert into SHOT values (1751, 1717, 1718, 3844, 28.890, 280.00, -3.00, 28.898, 280.00, -3.02, 0.011, 271.30, -45.42);
insert into SHOT values (1752, 1718, 1719, 3844, 17.480, 252.00, -2.00, 17.473, 252.02, -2.00, 0.009, 27.53, 0.26);
insert into SHOT values (1753, 1719, 1720, 3844, 22.730, 257.00, 0.00, 22.734, 256.98, 0.00, 0.007, 200.52, 0.00);
insert into SHOT values (1754, 1720, 1721, 3844, 29.840, 262.00, 1.00, 29.835, 262.00, 1.00, 0.006, 65.79, -7.94);
insert into SHOT values (1755, 1721, 1722, 3844, 12.060, 263.00, -3.00, 12.066, 262.99, -2.99, 0.007, 250.18, 9.93);
insert into SHOT values (1756, 1722, 1723, 3844, 34.440, 241.00, -3.00, 34.437, 241.01, -3.00, 0.005, 8.92, 31.43);
insert into SHOT values (1757, 1723, 1724, 3844, 41.140, 271.00, 2.00, 41.132, 271.00, 2.01, 0.010, 74.26, 25.16);
insert into SHOT values (1758, 1724, 1725, 3844, 8.480, 275.00, 9.00, 8.485, 275.00, 8.95, 0.009, 270.17, -46.29);
insert into SHOT values (1759, 1725, 1726, 3844, 34.400, 281.00, -9.00, 34.397, 281.00, -9.00, 0.004, 143.47, 19.71);
insert into SHOT values (1760, 1726, 1727, 3844, 36.160, 300.00, 5.00, 36.162, 300.00, 5.00, 0.004, 251.97, -21.81);
insert into SHOT values (1761, 1727, 1728, 3844, 31.480, 257.00, 9.00, 31.475, 257.01, 9.01, 0.009, 52.31, 37.90);
insert into SHOT values (1762, 1729, 1730, 3844, 20.960, 352.00, 1.50, 20.962, 351.99, 1.50, 0.004, 285.55, 18.07);
insert into SHOT values (1763, 1730, 1731, 3844, 46.000, 58.00, 2.00, 46.002, 58.00, 2.01, 0.006, 112.03, 50.35);
insert into SHOT values (1764, 1731, 1732, 3844, 20.090, 17.00, -40.00, 20.089, 17.01, -40.03, 0.010, 176.52, -40.90);
insert into SHOT values (1765, 1732, 1733, 3844, 24.400, 103.00, 5.00, 24.394, 102.98, 5.01, 0.010, 332.29, 20.81);
insert into SHOT values (1766, 1733, 1734, 3844, 21.600, 126.00, 10.00, 21.604, 126.01, 10.00, 0.007, 173.94, -6.75);
insert into SHOT values (1767, 1734, 1735, 3844, 27.180, 58.00, -19.00, 27.178, 57.99, -19.00, 0.005, 289.88, -13.47);
insert into SHOT values (1768, 1735, 1728, 3844, 11.860, 15.00, -35.00, 11.864, 15.02, -34.97, 0.008, 43.21, 17.93);
insert into SHOT values (1769, 1729, 1736, 3844, 35.140, 161.00, 27.00, 35.142, 161.01, 26.99, 0.008, 211.13, -25.30);
insert into SHOT values (1770, 1736, 1737, 3844, 32.780, 85.00, 19.00, 32.777, 85.00, 19.02, 0.010, 257.96, 51.36);
insert into SHOT values (1771, 1737, 1738, 3844, 22.660, 73.00, 20.00, 22.667, 72.99, 19.99, 0.008, 57.79, -1.22);
insert into SHOT values (1772, 1738, 1739, 3844, 10.090, 85.00, 23.00, 10.087, 85.00, 22.99, 0.004, 281.24, -43.61);
insert into SHOT values (1773, 1739, 1740, 3844, 6.370, 33.00, 1.00, 6.369, 33.02, 0.99, 0.002, 142.19, -31.38);
insert into SHOT values (1774, 1740, 1741, 3844, 19.290, 49.00, 8.50, 19.293, 48.99, 8.49, 0.004, 23.30, -17.47);
insert into SHOT values (1775, 1741, 1742, 3844, 21.500, 0.00, -7.50, 21.493, 0.00, -7.49, 0.009, 180.00, 46.15);
insert into SHOT values (1776, 1742, 1743, 3844, 60.900, 45.00, 1.00, 60.898, 44.99, 1.00, 0.008, 301.03, -21.37);
insert into SHOT values (1777, 1743, 1744, 3844, 20.090, 13.00, 5.00, 20.091, 13.02, 5.00, 0.008, 94.37, -6.87);
insert into SHOT values (1778, 1744, 1745, 3844, 30.300, 273.00, 23.00, 30.307, 273.00, 23.00, 0.007, 272.33, 6.96);
insert into SHOT values (1779, 1745, 1746, 3844, 15.970, 243.00, -1.00, 15.964, 242.99, -1.00, 0.007, 96.93, -10.04);
insert into SHOT values (1780, 1746, 1747, 3844, 57.060, 263.00, 2.00, 57.060, 263.00, 2.00, 0.001, 153.76, -73.13);
insert into SHOT values (1781, 1747, 1748, 3844, 84.220, 264.00, 4.50, 84.220, 264.00, 4.50, 0.004, 173.40, 29.94);
insert into SHOT values (1782, 1748, 1749, 3844, 41.360, 270.00, -1.00, 41.366, 270.00, -1.00, 0.007, 270.00, 16.21);
insert into SHOT values (1783, 1749, 1750, 3844, 42.760, 335.00, -30.00, 42.766, 335.01, -29.99, 0.008, 0.56, 0.00);
insert into SHOT values (1784, 1750, 1751, 3844, 29.800, 39.00, 6.00, 29.797, 39.00, 5.99, 0.005, 205.93, -64.92);
insert into SHOT values (1785, 1751, 1752, 3844, 8.810, 128.00, 8.00, 8.814, 127.97, 8.02, 0.007, 77.06, 36.12);
insert into SHOT values (1786, 1752, 1753, 3844, 25.680, 33.00, 2.00, 25.672, 32.99, 1.99, 0.011, 243.23, -35.41);
insert into SHOT values (1787, 1753, 1754, 3844, 56.630, 38.00, -1.00, 56.631, 38.00, -0.99, 0.009, 12.92, 77.85);
insert into SHOT values (1788, 1754, 1755, 3844, 52.020, 57.00, -8.00, 52.028, 57.00, -8.00, 0.008, 62.55, -1.58);
insert into SHOT values (1789, 1755, 1756, 3844, 36.160, 15.00, -6.00, 36.154, 15.01, -6.00, 0.007, 160.06, -2.06);
insert into SHOT values (1790, 1756, 1757, 3844, 42.650, 3.00, 1.00, 42.655, 3.00, 0.99, 0.007, 340.09, -39.61);
insert into SHOT values (1791, 1757, 1758, 3844, 16.370, 12.00, 12.00, 16.367, 12.00, 11.99, 0.004, 160.04, -54.35);
insert into SHOT values (1792, 1758, 1759, 3844, 18.220, 83.00, -3.00, 18.221, 82.99, -2.99, 0.004, 12.92, 53.34);
insert into SHOT values (1793, 1759, 1760, 3844, 35.000, 46.00, -10.00, 34.995, 46.00, -10.01, 0.006, 230.14, -21.98);
insert into SHOT values (1794, 1760, 1761, 3844, 36.370, 28.00, 0.00, 36.365, 28.00, 0.00, 0.005, 239.08, 0.00);
insert into SHOT values (1795, 1761, 1762, 3844, 49.900, 33.00, -2.00, 49.910, 33.01, -2.00, 0.011, 57.25, 7.84);
insert into SHOT values (1796, 1762, 1763, 3844, 32.000, 36.00, -1.00, 31.993, 36.00, -1.00, 0.008, 233.70, -11.09);
insert into SHOT values (1797, 1763, 1764, 3844, 15.630, 5.00, -12.00, 15.630, 4.99, -12.00, 0.003, 263.78, -7.78);
insert into SHOT values (1798, 1764, 1765, 3844, 8.360, 21.00, -30.00, 8.362, 21.04, -29.99, 0.006, 80.55, 0.00);
insert into SHOT values (1799, 1765, 1766, 3844, 35.550, 35.00, -5.00, 35.547, 35.00, -4.99, 0.009, 269.22, 70.01);
insert into SHOT values (1800, 1765, 1767, 3844, 15.800, 346.00, -44.00, 15.798, 346.00, -43.98, 0.006, 348.35, 69.63);
insert into SHOT values (1801, 1767, 1768, 3844, 54.340, 280.00, -28.00, 54.339, 280.00, -28.00, 0.002, 163.35, 34.18);
insert into SHOT values (1802, 1768, 1769, 3844, 54.470, 218.00, -5.00, 54.472, 218.00, -5.00, 0.004, 261.26, -45.73);
insert into SHOT values (1803, 1769, 1770, 3844, 21.620, 197.00, 10.00, 21.617, 196.99, 9.99, 0.007, 76.57, -39.49);
insert into SHOT values (1804, 1770, 1771, 3844, 43.150, 213.00, 0.00, 43.151, 213.00, 0.00, 0.002, 139.29, 0.00);
insert into SHOT values (1805, 1771, 1772, 3844, 33.280, 261.00, -24.00, 33.278, 261.01, -23.99, 0.009, 345.92, 44.83);
insert into SHOT values (1806, 1772, 1773, 3844, 23.410, 177.00, 21.00, 23.415, 177.01, 21.00, 0.006, 218.23, 5.63);
insert into SHOT values (1807, 1773, 1774, 3844, 26.320, 195.00, 7.00, 26.315, 195.00, 6.98, 0.009, 20.08, -62.81);
insert into SHOT values (1808, 1774, 1775, 3844, 51.200, 222.00, -2.00, 51.204, 222.00, -1.99, 0.008, 198.37, 57.38);
insert into SHOT values (1809, 1775, 1776, 3844, 42.790, 232.00, -8.00, 42.791, 232.00, -8.01, 0.005, 159.56, -63.60);
insert into SHOT values (1810, 1776, 1777, 3844, 19.100, 183.00, 10.00, 19.096, 182.99, 10.01, 0.007, 47.57, 28.95);
insert into SHOT values (1811, 1777, 1778, 3844, 39.020, 211.00, 0.00, 39.025, 211.00, 0.00, 0.005, 223.97, 0.00);
insert into SHOT values (1812, 1778, 1779, 3844, 53.690, 220.00, -1.00, 53.691, 220.01, -1.00, 0.006, 303.71, -31.86);
insert into SHOT values (1813, 1779, 1780, 3844, 58.900, 214.00, -1.00, 58.897, 214.00, -1.00, 0.004, 26.69, -32.53);
insert into SHOT values (1814, 1780, 1781, 3844, 14.560, 223.00, -9.00, 14.562, 223.00, -8.97, 0.008, 222.30, 65.50);
insert into SHOT values (1815, 1781, 1782, 3844, 25.640, 309.00, -27.00, 25.639, 309.01, -27.00, 0.005, 55.30, 3.53);
insert into SHOT values (1816, 1782, 1783, 3844, 6.370, 304.00, -20.00, 6.365, 303.96, -20.03, 0.008, 161.04, -9.87);
insert into SHOT values (1817, 1783, 1784, 3844, 6.520, 230.00, -24.00, 6.519, 230.11, -23.98, 0.011, 320.23, 9.70);
insert into SCRAPS values (3845, 3841, 'BerangsSP1', 1, 18.26324, 7.97045);
 insert into SCRAPS values (3857, 3841, 'BerangsSP2', 1, 22.68840, 1.42310);
 insert into SCRAPS values (3874, 3841, 'BerangsSP3', 1, 30.65996, 1.78994);
 insert into SCRAPS values (3907, 3841, 'BerangsSP6', 1, 15.68162, 1.64594);
 insert into SURVEY values (3918, 71, 'upskirt', 'upskirt.clearwater_master', NULL);
 insert into CENTRELINE values (3919, 3918, NULL, NULL, NULL, 0.00, 0.00, 0.00);
 insert into CENTRELINE values (3920, 3918, NULL, '2014-04-23', NULL, 954.71, 0.00, 0.00);
 insert into PERSON values (8, 'Colin', 'Boothroyd');
insert into TOPO values (8, 3920);
 insert into PERSON values (9, 'Dave', 'Nixon');
insert into TOPO values (9, 3920);
 insert into PERSON values (10, 'Tony', 'White');
insert into TOPO values (10, 3920);
 insert into SHOT values (1818, 1785, 1786, 3920, 28.300, 301.00, 83.00, 28.300, 300.96, 83.02, 0.009, 135.13, 6.05);
insert into SHOT values (1819, 1786, 1787, 3920, 20.600, 37.50, 1.50, 20.598, 37.48, 1.50, 0.007, 292.17, 6.45);
insert into SHOT values (1820, 1787, 1788, 3920, 25.800, 219.78, -7.14, 25.798, 219.79, -7.15, 0.005, 358.43, -40.74);
insert into SHOT values (1821, 1787, 1789, 3920, 16.890, 31.13, 6.85, 16.894, 31.12, 6.83, 0.007, 5.38, -39.43);
insert into SHOT values (1822, 1789, 1790, 3920, 11.510, 17.36, 2.96, 11.509, 17.36, 2.99, 0.006, 164.50, 79.06);
insert into SHOT values (1823, 1790, 1791, 3920, 22.140, 66.73, 39.83, 22.138, 66.75, 39.83, 0.007, 174.22, -7.52);
insert into SHOT values (1824, 1790, 1792, 3920, 12.920, 14.30, 31.66, 12.915, 14.33, 31.67, 0.008, 150.27, -10.77);
insert into SHOT values (1825, 1792, 1793, 3920, 18.410, 13.75, 4.25, 18.415, 13.73, 4.24, 0.009, 330.91, -29.26);
insert into SHOT values (1826, 1793, 1794, 3920, 5.640, 72.26, -9.26, 5.635, 72.31, -9.19, 0.010, 196.51, 49.91);
insert into SHOT values (1827, 1794, 1795, 3920, 14.320, 42.10, 0.07, 14.323, 42.09, 0.04, 0.009, 354.17, -56.61);
insert into SHOT values (1828, 1795, 1796, 3920, 14.400, 23.82, -2.96, 14.395, 23.84, -2.95, 0.007, 160.07, 30.19);
insert into SHOT values (1829, 1796, 1797, 3920, 13.020, 37.02, -0.31, 13.024, 37.01, -0.31, 0.005, 10.40, 5.37);
insert into SHOT values (1830, 1797, 1798, 3920, 19.150, 0.95, -5.89, 19.154, 0.96, -5.90, 0.007, 48.31, -40.95);
insert into SHOT values (1831, 1798, 1799, 3920, 19.950, 7.44, 11.32, 19.943, 7.43, 11.34, 0.009, 202.80, 27.37);
insert into SHOT values (1832, 1799, 1800, 3920, 16.040, 31.72, -8.72, 16.045, 31.73, -8.71, 0.006, 48.73, 17.65);
insert into SHOT values (1833, 1800, 1801, 3920, 18.920, 2.89, -4.11, 18.923, 2.89, -4.12, 0.005, 331.10, -52.63);
insert into SHOT values (1834, 1801, 1802, 3920, 15.990, 24.48, 0.31, 15.985, 24.46, 0.32, 0.007, 247.57, 29.19);
insert into SHOT values (1835, 1802, 1803, 3920, 5.980, 50.85, 8.77, 5.984, 50.90, 8.75, 0.007, 101.29, -14.34);
insert into SHOT values (1836, 1803, 1804, 3920, 30.030, 11.08, -16.66, 30.026, 11.06, -16.66, 0.009, 250.44, -3.92);
insert into SHOT values (1837, 1804, 1805, 3920, 18.660, 36.59, 2.64, 18.668, 36.61, 2.64, 0.010, 69.09, 3.10);
insert into SHOT values (1838, 1805, 1806, 3920, 28.330, 346.81, -31.49, 28.332, 346.79, -31.49, 0.008, 265.78, -13.46);
insert into SHOT values (1839, 1806, 1807, 3920, 32.510, 57.46, 29.89, 32.509, 57.46, 29.89, 0.002, 232.62, -37.49);
insert into SHOT values (1840, 1807, 1808, 3920, 6.220, 7.85, 7.72, 6.226, 7.92, 7.75, 0.010, 63.16, 25.94);
insert into SHOT values (1841, 1808, 1809, 3920, 16.540, 48.94, 32.49, 16.536, 48.95, 32.48, 0.006, 173.32, -49.18);
insert into SHOT values (1842, 1809, 1810, 3920, 6.450, 34.98, -2.22, 6.446, 34.95, -2.22, 0.005, 260.19, -1.70);
insert into SHOT values (1843, 1810, 1811, 3920, 9.000, 15.75, -8.52, 9.004, 15.77, -8.49, 0.006, 48.82, 32.57);
insert into SHOT values (1844, 1811, 1812, 3920, 11.460, 2.91, -18.94, 11.455, 2.91, -18.95, 0.006, 183.02, -3.47);
insert into SHOT values (1845, 1812, 1813, 3920, 7.280, 0.27, -4.40, 7.282, 0.24, -4.41, 0.005, 290.07, -18.36);
insert into SHOT values (1846, 1813, 1814, 3920, 37.020, 22.93, -1.69, 37.021, 22.93, -1.69, 0.004, 88.23, 30.33);
insert into SHOT values (1847, 1814, 1815, 3920, 13.630, 343.74, -29.04, 13.633, 343.72, -29.05, 0.005, 273.26, -47.27);
insert into SHOT values (1848, 1815, 1816, 3920, 13.020, 27.56, -9.50, 13.023, 27.54, -9.46, 0.011, 345.86, 56.52);
insert into SHOT values (1849, 1816, 1817, 3920, 16.150, 64.60, 30.63, 16.151, 64.61, 30.59, 0.011, 96.64, -51.14);
insert into SHOT values (1850, 1817, 1818, 3920, 5.010, 353.88, -0.47, 5.009, 353.81, -0.46, 0.006, 257.76, 10.30);
insert into SHOT values (1851, 1818, 1819, 3920, 24.600, 28.00, 2.12, 24.595, 28.00, 2.12, 0.006, 190.99, -0.16);
insert into SHOT values (1852, 1819, 1820, 3920, 17.380, 344.01, -22.11, 17.379, 344.03, -22.11, 0.006, 79.26, 15.59);
insert into SHOT values (1853, 1820, 1821, 3920, 19.550, 31.46, -0.93, 19.554, 31.45, -0.94, 0.007, 342.62, -23.30);
insert into SHOT values (1854, 1821, 1822, 3920, 12.400, 30.77, 12.85, 12.392, 30.77, 12.87, 0.009, 212.72, 13.98);
insert into SHOT values (1855, 1822, 1823, 3920, 31.790, 20.23, -3.71, 31.794, 20.23, -3.71, 0.005, 6.19, -39.70);
insert into SHOT values (1856, 1823, 1824, 3920, 4.560, 34.29, 10.61, 4.560, 34.36, 10.61, 0.006, 121.86, 3.96);
insert into SHOT values (1857, 1824, 1825, 3920, 20.080, 342.17, -30.62, 20.076, 342.17, -30.60, 0.008, 98.11, 81.90);
insert into SHOT values (1858, 1825, 1826, 3920, 10.040, 309.40, -20.40, 10.043, 309.44, -20.40, 0.007, 13.39, -2.68);
insert into SHOT values (1859, 1826, 1827, 3920, 17.630, 291.18, -4.36, 17.628, 291.18, -4.36, 0.002, 129.88, 8.17);
insert into SHOT values (1860, 1827, 1828, 3920, 10.150, 243.02, -22.43, 10.162, 243.03, -22.45, 0.012, 248.57, -36.80);
insert into SHOT values (1861, 1828, 1829, 3920, 11.210, 302.28, 9.17, 11.205, 302.30, 9.19, 0.007, 92.43, 29.01);
insert into SHOT values (1862, 1829, 1830, 3920, 12.100, 337.48, -7.80, 12.105, 337.50, -7.79, 0.007, 13.78, 19.00);
insert into SHOT values (1863, 1826, 1831, 3920, 8.810, 339.68, 31.64, 8.808, 339.63, 31.64, 0.007, 235.24, -13.40);
insert into SHOT values (1864, 1831, 1832, 3920, 10.340, 357.49, -22.28, 10.341, 357.48, -22.28, 0.002, 319.38, 8.95);
insert into SHOT values (1865, 1832, 1833, 3920, 15.950, 2.89, -6.46, 15.952, 2.89, -6.48, 0.006, 33.02, -72.70);
insert into SHOT values (1866, 1833, 1834, 3920, 9.650, 347.95, -12.82, 9.647, 347.97, -12.82, 0.005, 115.85, 14.20);
insert into SHOT values (1867, 1834, 1835, 3920, 11.640, 353.50, -39.35, 11.637, 353.49, -39.36, 0.003, 198.16, 6.95);
insert into SHOT values (1868, 1835, 1836, 3920, 10.820, 23.88, 3.02, 10.818, 23.86, 3.02, 0.004, 269.76, -0.65);
insert into SHOT values (1869, 1836, 1837, 3920, 15.350, 31.86, 11.19, 15.351, 31.86, 11.19, 0.002, 73.43, 34.01);
insert into SHOT values (1870, 1833, 1838, 3920, 8.920, 161.00, 5.54, 8.925, 161.01, 5.53, 0.006, 185.35, -11.96);
insert into SHOT values (1871, 1838, 1839, 3920, 16.130, 143.22, 20.41, 16.125, 143.21, 20.44, 0.010, 349.94, 30.69);
insert into SHOT values (1872, 1839, 1840, 3920, 4.130, 160.68, -12.07, 4.139, 160.67, -11.99, 0.010, 156.38, 20.73);
insert into SHOT values (1873, 1840, 1841, 3920, 9.820, 185.97, -0.58, 9.814, 185.97, -0.58, 0.006, 11.80, -5.33);
insert into SHOT values (1874, 1841, 1842, 3920, 21.720, 106.06, 39.60, 21.715, 106.06, 39.59, 0.005, 264.91, -63.56);
insert into SHOT values (1875, 1842, 1843, 3920, 9.180, 15.84, 0.76, 9.181, 15.87, 0.75, 0.005, 98.02, -21.13);
insert into SHOT values (1876, 1843, 1844, 3920, 11.260, 8.81, 20.00, 11.254, 8.81, 20.01, 0.006, 185.23, -10.60);
insert into SHOT values (1877, 1844, 1845, 3920, 14.230, 35.00, 11.41, 14.234, 34.99, 11.43, 0.006, 349.89, 51.50);
insert into SHOT values (1878, 1845, 1846, 3920, 6.900, 357.27, 43.67, 6.900, 357.25, 43.62, 0.007, 334.07, -40.61);
insert into SHOT values (1879, 1842, 1847, 3920, 14.700, 224.19, -12.08, 14.703, 224.18, -12.09, 0.005, 187.66, -49.87);
insert into SHOT values (1880, 1847, 1848, 3920, 12.380, 214.11, -12.76, 12.381, 214.10, -12.74, 0.005, 160.56, 54.09);
insert into SHOT values (1881, 1787, 1849, 3920, 5.540, 324.04, 87.99, 5.543, 325.49, 87.99, 0.006, 56.45, 34.70);
insert into SHOT values (1882, 1787, 1850, 3920, 9.000, 171.46, 56.76, 9.003, 171.49, 56.76, 0.004, 242.14, 41.10);
insert into SHOT values (1883, 1787, 1851, 3920, 0.720, 312.80, -76.40, 0.720, 315.00, -76.37, 0.007, 40.35, -1.65);
insert into SHOT values (1884, 1787, 1852, 3920, 2.600, 102.90, 14.75, 2.598, 102.88, 14.71, 0.003, 326.93, -51.24);
insert into SHOT values (1885, 1787, 1853, 3920, 26.860, 206.36, 6.23, 26.853, 206.35, 6.22, 0.009, 48.50, -32.61);
insert into SHOT values (1886, 1787, 1854, 3920, 13.030, 204.01, 29.94, 13.024, 204.00, 29.94, 0.007, 46.08, -27.95);
insert into SHOT values (1887, 1787, 1855, 3920, 21.450, 188.05, 25.71, 21.441, 188.03, 25.71, 0.010, 46.78, -31.29);
insert into SHOT values (1888, 1787, 1856, 3920, 1.860, 174.64, -12.88, 1.856, 174.60, -13.08, 0.008, 6.74, -45.42);
insert into SHOT values (1889, 1787, 1857, 3920, 5.550, 303.81, 2.32, 5.554, 303.83, 2.27, 0.007, 331.21, -43.66);
insert into SHOT values (1890, 1787, 1858, 3920, 8.840, 263.24, -12.52, 8.840, 263.28, -12.54, 0.007, 357.97, -32.16);
insert into SHOT values (1891, 1787, 1859, 3920, 18.340, 245.20, -13.29, 18.340, 245.19, -13.30, 0.006, 139.70, -43.05);
insert into SHOT values (1892, 1787, 1860, 3920, 21.100, 229.77, -4.81, 21.099, 229.77, -4.81, 0.002, 100.15, -17.80);
insert into SHOT values (1893, 1787, 1861, 3920, 8.040, 344.36, -7.66, 8.037, 344.34, -7.65, 0.004, 209.43, 24.47);
insert into SHOT values (1894, 1793, 1862, 3920, 4.120, 109.81, 68.93, 4.125, 110.15, 68.96, 0.010, 203.68, 31.90);
insert into SHOT values (1895, 1793, 1863, 3920, 2.000, 87.95, -66.64, 1.993, 87.83, -66.64, 0.007, 303.08, 63.74);
insert into SHOT values (1896, 1793, 1864, 3920, 2.380, 338.36, -9.89, 2.379, 338.47, -9.92, 0.005, 82.39, -14.59);
insert into SHOT values (1897, 1793, 1865, 3920, 4.090, 122.06, 2.95, 4.090, 122.09, 2.94, 0.003, 221.36, -11.08);
insert into SHOT values (1898, 1793, 1866, 3920, 11.970, 152.41, 33.15, 11.978, 152.44, 33.15, 0.009, 190.84, 28.90);
insert into SHOT values (1899, 1794, 1867, 3920, 4.560, 152.96, 45.47, 4.563, 152.87, 45.42, 0.006, 105.38, -6.62);
insert into SHOT values (1900, 1794, 1868, 3920, 5.400, 268.13, 87.17, 5.396, 267.80, 87.24, 0.007, 101.36, -27.35);
insert into SHOT values (1901, 1794, 1869, 3920, 5.090, 17.45, -69.97, 5.100, 17.61, -69.91, 0.013, 46.46, -38.40);
insert into SHOT values (1902, 1794, 1870, 3920, 6.270, 324.35, 11.43, 6.273, 324.40, 11.40, 0.007, 17.19, -21.64);
insert into SHOT values (1903, 1794, 1871, 3920, 19.040, 105.05, 31.98, 19.040, 105.03, 31.97, 0.007, 44.80, -38.18);
insert into SHOT values (1904, 1801, 1872, 3920, 4.790, 98.33, 77.25, 4.787, 98.75, 77.30, 0.009, 221.17, -11.74);
insert into SHOT values (1905, 1801, 1873, 3920, 1.680, 43.51, -62.20, 1.672, 43.96, -62.27, 0.010, 176.16, 36.37);
insert into SHOT values (1906, 1801, 1874, 3920, 0.690, 293.09, 16.94, 0.693, 293.09, 16.78, 0.003, 292.03, -18.99);
insert into SHOT values (1907, 1801, 1875, 3920, 8.600, 93.31, 30.39, 8.595, 93.33, 30.41, 0.006, 254.40, -5.46);
insert into SHOT values (1908, 1801, 1876, 3920, 30.660, 86.72, 40.02, 30.661, 86.73, 40.03, 0.005, 204.75, 46.23);
insert into SHOT values (1909, 1805, 1877, 3920, 0.860, 80.11, 45.86, 0.862, 80.38, 46.01, 0.004, 180.31, 44.61);
insert into SHOT values (1910, 1805, 1878, 3920, 5.280, 292.54, 56.71, 5.279, 292.50, 56.66, 0.005, 254.58, -46.13);
insert into SHOT values (1911, 1805, 1879, 3920, 5.950, 304.19, -51.00, 5.947, 304.11, -50.98, 0.006, 212.68, 39.14);
insert into SHOT values (1912, 1805, 1880, 3920, 6.900, 295.31, -5.40, 6.901, 295.33, -5.40, 0.003, 359.50, -11.41);
insert into SHOT values (1913, 1806, 1881, 3920, 3.800, 328.73, 86.27, 3.798, 330.26, 86.35, 0.009, 98.86, -13.04);
insert into SHOT values (1914, 1806, 1882, 3920, 11.590, 241.58, 51.83, 11.589, 241.57, 51.82, 0.002, 209.87, -55.25);
insert into SHOT values (1915, 1806, 1883, 3920, 16.600, 271.24, 46.83, 16.599, 271.26, 46.85, 0.007, 46.70, 27.24);
insert into SHOT values (1916, 1806, 1884, 3920, 11.650, 67.62, 55.35, 11.657, 67.65, 55.35, 0.008, 110.94, 48.46);
insert into SHOT values (1917, 1806, 1885, 3920, 5.610, 76.42, 62.35, 5.610, 76.44, 62.36, 0.002, 206.50, 24.82);
insert into SHOT values (1918, 1806, 1886, 3920, 9.770, 197.31, 60.39, 9.775, 197.23, 60.41, 0.009, 101.96, 42.29);
insert into SHOT values (1919, 1806, 1887, 3920, 5.980, 322.75, -60.00, 5.981, 322.75, -60.01, 0.001, 254.95, -81.38);
insert into SHOT values (1920, 1806, 1888, 3920, 7.610, 242.08, 6.55, 7.610, 242.08, 6.56, 0.002, 83.87, 80.45);
insert into SHOT values (1921, 1806, 1889, 3920, 8.860, 303.87, 37.94, 8.859, 303.85, 37.97, 0.005, 157.52, 29.34);
insert into SHOT values (1922, 1806, 1890, 3920, 9.450, 334.78, 23.64, 9.449, 334.77, 23.65, 0.002, 216.07, 16.55);
insert into SHOT values (1923, 1806, 1891, 3920, 12.760, 1.72, 27.25, 12.760, 1.72, 27.24, 0.003, 338.72, -61.46);
insert into SHOT values (1924, 1806, 1892, 3920, 20.020, 33.47, 41.22, 20.020, 33.49, 41.21, 0.006, 107.65, -22.54);
insert into SHOT values (1925, 1806, 1893, 3920, 7.010, 255.65, -5.81, 7.004, 255.62, -5.82, 0.007, 103.48, -3.29);
insert into SHOT values (1926, 1806, 1894, 3920, 9.280, 277.01, -21.62, 9.278, 276.99, -21.63, 0.004, 137.42, -11.46);
insert into SHOT values (1927, 1806, 1895, 3920, 14.680, 297.23, -29.86, 14.682, 297.25, -29.86, 0.005, 2.99, -13.02);
insert into SHOT values (1928, 1806, 1896, 3920, 20.230, 318.87, -35.49, 20.227, 318.89, -35.48, 0.007, 54.13, 40.37);
insert into SHOT values (1929, 1806, 1897, 3920, 8.410, 351.97, -33.46, 8.408, 351.97, -33.41, 0.007, 2.37, 69.50);
insert into SHOT values (1930, 1806, 1898, 3920, 1.480, 105.98, 10.01, 1.479, 105.95, 10.12, 0.003, 317.23, 58.32);
insert into SHOT values (1931, 1808, 1899, 3920, 4.600, 338.98, 80.68, 4.600, 338.63, 80.73, 0.006, 207.34, 6.80);
insert into SHOT values (1932, 1808, 1900, 3920, 10.340, 90.27, 51.47, 10.340, 90.27, 51.48, 0.002, 290.05, 49.48);
insert into SHOT values (1933, 1808, 1901, 3920, 18.650, 120.61, 50.23, 18.644, 120.65, 50.23, 0.011, 237.84, -26.45);
insert into SHOT values (1934, 1808, 1902, 3920, 7.510, 337.22, -49.05, 7.511, 337.18, -49.02, 0.005, 293.98, 25.18);
insert into SHOT values (1935, 1808, 1903, 3920, 6.220, 7.99, 7.98, 6.219, 7.93, 7.95, 0.007, 270.26, -29.45);
insert into SHOT values (1936, 1808, 1904, 3920, 5.200, 285.54, -11.45, 5.198, 285.48, -11.43, 0.006, 177.87, 22.71);
insert into SHOT values (1937, 1808, 1905, 3920, 21.290, 318.74, -32.98, 21.288, 318.72, -32.99, 0.006, 202.26, -8.61);
insert into SHOT values (1938, 1808, 1906, 3920, 16.960, 330.76, -31.85, 16.961, 330.75, -31.85, 0.003, 255.96, -4.81);
insert into SHOT values (1939, 1808, 1907, 3920, 14.770, 344.26, -25.22, 14.769, 344.24, -25.21, 0.006, 258.59, 32.69);
insert into SHOT values (1940, 1808, 1908, 3920, 14.450, 357.11, -12.84, 14.449, 357.11, -12.84, 0.001, 156.20, 55.89);
insert into SHOT values (1941, 1808, 1909, 3920, 17.970, 359.20, -1.94, 17.962, 359.20, -1.95, 0.008, 174.56, -11.76);
insert into SHOT values (1942, 1808, 1910, 3920, 33.770, 12.34, -4.22, 33.768, 12.33, -4.23, 0.009, 267.27, -33.60);
insert into SHOT values (1943, 1808, 1911, 3920, 22.910, 16.92, 0.60, 22.901, 16.91, 0.60, 0.010, 225.81, 0.52);
insert into SHOT values (1944, 1808, 1912, 3920, 13.170, 23.67, 9.32, 13.164, 23.64, 9.31, 0.009, 249.51, -19.55);
insert into SHOT values (1945, 1808, 1913, 3920, 10.240, 33.80, 14.12, 10.236, 33.79, 14.14, 0.005, 243.33, 21.44);
insert into SHOT values (1946, 1808, 1914, 3920, 13.880, 43.52, 28.20, 13.878, 43.51, 28.21, 0.004, 266.68, 16.34);
insert into SHOT values (1947, 1808, 1915, 3920, 5.190, 81.80, 31.02, 5.185, 81.85, 30.99, 0.007, 207.62, -42.94);
insert into SHOT values (1948, 1808, 1916, 3920, 24.280, 51.22, 32.92, 24.269, 51.22, 32.92, 0.011, 236.89, -28.18);
insert into SHOT values (1949, 1808, 1917, 3920, 10.720, 56.27, 39.20, 10.716, 56.29, 39.18, 0.006, 160.58, -59.83);
insert into SHOT values (1950, 1808, 1918, 3920, 8.990, 151.27, 35.49, 8.988, 151.33, 35.50, 0.009, 261.32, 5.03);
insert into SHOT values (1951, 1808, 1919, 3920, 8.270, 163.78, 37.29, 8.270, 163.85, 37.29, 0.008, 252.61, -2.63);
insert into SHOT values (1952, 1814, 1920, 3920, 3.860, 325.88, 79.54, 3.864, 326.08, 79.58, 0.005, 92.79, 53.30);
insert into SHOT values (1953, 1814, 1921, 3920, 2.090, 348.68, -60.12, 2.088, 348.37, -60.09, 0.006, 260.40, 20.90);
insert into SHOT values (1954, 1814, 1922, 3920, 4.800, 290.43, -13.74, 4.801, 290.46, -13.73, 0.003, 345.29, 1.78);
insert into SHOT values (1955, 1814, 1923, 3920, 16.850, 305.46, -37.82, 16.847, 305.46, -37.82, 0.003, 138.21, 40.15);
insert into SHOT values (1956, 1814, 1924, 3920, 13.450, 129.67, 42.00, 13.448, 129.68, 42.01, 0.004, 279.87, 2.93);
insert into SHOT values (1957, 1817, 1925, 3920, 4.160, 123.84, 45.60, 4.161, 123.91, 45.74, 0.011, 276.38, 45.80);
insert into SHOT values (1958, 1817, 1926, 3920, 5.580, 3.47, 78.05, 5.580, 3.48, 78.08, 0.003, 178.78, 15.83);
insert into SHOT values (1959, 1817, 1927, 3920, 1.950, 310.16, -54.26, 1.946, 310.00, -54.29, 0.005, 173.95, 31.03);
insert into SHOT values (1960, 1817, 1928, 3920, 4.390, 308.60, -4.02, 4.394, 308.52, -3.91, 0.011, 254.54, 44.67);
insert into SHOT values (1961, 1818, 1929, 3920, 4.470, 33.48, 80.95, 4.475, 33.92, 81.01, 0.009, 161.73, 39.72);
insert into SHOT values (1962, 1818, 1930, 3920, 2.840, 271.27, -10.17, 2.835, 271.23, -10.16, 0.005, 112.64, 15.99);
insert into SHOT values (1963, 1818, 1931, 3920, 4.410, 321.84, -38.75, 4.405, 321.86, -38.80, 0.007, 130.53, 2.81);
insert into SHOT values (1964, 1818, 1932, 3920, 5.200, 89.61, 33.96, 5.209, 89.60, 33.96, 0.009, 84.81, 36.24);
insert into SHOT values (1965, 1824, 1933, 3920, 6.610, 116.10, 45.42, 6.613, 116.07, 45.42, 0.004, 72.11, 27.03);
insert into SHOT values (1966, 1824, 1934, 3920, 3.080, 8.08, 80.01, 3.087, 7.52, 80.03, 0.008, 281.06, 52.20);
insert into SHOT values (1967, 1824, 1935, 3920, 3.600, 298.81, -52.95, 3.599, 298.93, -52.90, 0.006, 6.81, 33.89);
insert into SHOT values (1968, 1824, 1936, 3920, 4.710, 283.67, -6.97, 4.708, 283.74, -6.95, 0.006, 28.34, 15.00);
insert into SHOT values (1969, 1825, 1937, 3920, 11.880, 358.38, 64.64, 11.877, 358.31, 64.61, 0.009, 301.55, -35.65);
insert into SHOT values (1970, 1825, 1938, 3920, 3.820, 223.08, -6.37, 3.817, 223.08, -6.47, 0.007, 46.15, -55.83);
insert into SHOT values (1971, 1825, 1939, 3920, 7.040, 253.81, -43.94, 7.044, 253.85, -43.96, 0.006, 332.79, -51.84);
insert into SHOT values (1972, 1825, 1940, 3920, 11.030, 33.11, 32.31, 11.027, 33.09, 32.29, 0.006, 303.80, -64.03);
insert into SHOT values (1973, 1828, 1941, 3920, 25.680, 300.95, 70.07, 25.685, 300.96, 70.09, 0.011, 104.61, 46.92);
insert into SHOT values (1974, 1828, 1942, 3920, 15.190, 215.41, 53.22, 15.192, 215.42, 53.23, 0.005, 355.85, 54.90);
insert into SHOT values (1975, 1828, 1943, 3920, 27.790, 245.93, 65.41, 27.786, 245.94, 65.43, 0.011, 52.99, 1.66);
insert into SHOT values (1976, 1828, 1944, 3920, 25.540, 283.40, 58.32, 25.541, 283.41, 58.34, 0.010, 78.59, 35.13);
insert into SHOT values (1977, 1828, 1945, 3920, 29.750, 296.16, 50.27, 29.748, 296.19, 50.28, 0.010, 48.99, 1.82);
insert into SHOT values (1978, 1828, 1946, 3920, 42.920, 304.32, 52.92, 42.918, 304.32, 52.92, 0.003, 95.56, -28.40);
insert into SHOT values (1979, 1828, 1947, 3920, 20.270, 314.91, 48.37, 20.268, 314.94, 48.37, 0.007, 63.82, -6.31);
insert into SHOT values (1980, 1828, 1948, 3920, 28.210, 82.53, 71.86, 28.212, 82.54, 71.86, 0.003, 138.27, 40.12);
insert into SHOT values (1981, 1828, 1949, 3920, 26.910, 100.28, 60.01, 26.915, 100.27, 60.00, 0.006, 85.00, 30.14);
insert into SHOT values (1982, 1828, 1950, 3920, 3.500, 158.22, 0.54, 3.501, 158.20, 0.65, 0.007, 89.61, 78.67);
insert into SHOT values (1983, 1828, 1951, 3920, 4.650, 284.31, -36.27, 4.648, 284.37, -36.27, 0.004, 38.59, 11.79);
insert into SHOT values (1984, 1828, 1952, 3920, 9.670, 182.61, 5.81, 9.669, 182.56, 5.82, 0.008, 87.55, 7.79);
insert into SHOT values (1985, 1828, 1953, 3920, 11.570, 192.73, 30.15, 11.570, 192.70, 30.14, 0.005, 104.45, -14.28);
insert into SHOT values (1986, 1828, 1954, 3920, 4.590, 342.49, 6.16, 4.588, 342.52, 6.26, 0.008, 124.03, 63.92);
insert into SHOT values (1987, 1828, 1955, 3920, 10.930, 334.46, 40.22, 10.929, 334.51, 40.24, 0.009, 92.16, 15.18);
insert into SHOT values (1988, 1828, 1956, 3920, 11.520, 0.38, 5.76, 11.519, 0.40, 5.78, 0.006, 111.68, 41.81);
insert into SHOT values (1989, 1828, 1957, 3920, 8.170, 27.10, 8.88, 8.175, 27.10, 8.87, 0.005, 34.17, -13.13);
insert into SHOT values (1990, 1828, 1958, 3920, 9.920, 51.07, 20.69, 9.922, 51.08, 20.72, 0.005, 150.89, 72.55);
insert into SHOT values (1991, 1828, 1959, 3920, 44.540, 92.39, 24.54, 44.548, 92.39, 24.54, 0.009, 92.70, 8.53);
insert into SHOT values (1992, 1828, 1960, 3920, 32.820, 99.45, 14.92, 32.827, 99.45, 14.92, 0.008, 114.02, -1.29);
insert into SHOT values (1993, 1828, 1961, 3920, 15.880, 106.41, 0.60, 15.886, 106.38, 0.61, 0.010, 52.14, 20.79);
insert into SHOT values (1994, 1828, 1962, 3920, 7.420, 112.18, -13.56, 7.419, 112.16, -13.56, 0.003, 10.78, -5.09);
insert into SHOT values (1995, 1829, 1963, 3920, 22.260, 234.46, 83.45, 22.255, 234.62, 83.45, 0.009, 327.33, -33.56);
insert into SHOT values (1996, 1829, 1964, 3920, 2.090, 343.82, -53.36, 2.094, 343.74, -53.35, 0.004, 311.04, -42.69);
insert into SHOT values (1997, 1829, 1965, 3920, 5.660, 226.88, 33.80, 5.662, 226.98, 33.80, 0.009, 305.33, 9.18);
insert into SHOT values (1998, 1829, 1966, 3920, 45.490, 337.26, 10.88, 45.492, 337.26, 10.88, 0.004, 274.33, 62.11);
insert into SHOT values (1999, 1829, 1967, 3920, 6.080, 63.63, 27.33, 6.080, 63.62, 27.31, 0.002, 37.79, -50.88);
insert into SHOT values (2000, 1831, 1968, 3920, 2.350, 69.44, 52.70, 2.354, 69.54, 52.59, 0.007, 91.01, 5.49);
insert into SHOT values (2001, 1831, 1969, 3920, 17.370, 220.02, 73.91, 17.370, 219.94, 73.91, 0.007, 120.17, 3.70);
insert into SHOT values (2002, 1831, 1970, 3920, 3.590, 283.08, -49.00, 3.587, 283.03, -49.06, 0.005, 126.08, -6.59);
insert into SHOT values (2003, 1831, 1971, 3920, 5.760, 288.12, 6.10, 5.756, 288.12, 6.08, 0.004, 110.68, -30.17);
insert into SHOT values (2004, 1837, 1972, 3920, 4.060, 137.05, 61.96, 4.054, 136.92, 62.00, 0.008, 356.60, -26.21);
insert into SHOT values (2005, 1837, 1973, 3920, 14.350, 113.70, 46.59, 14.353, 113.68, 46.61, 0.007, 2.55, 54.58);
insert into SHOT values (2006, 1837, 1974, 3920, 1.300, 356.25, -59.72, 1.301, 356.53, -59.44, 0.007, 25.92, 21.91);
insert into SHOT values (2007, 1837, 1975, 3920, 2.920, 276.16, -22.84, 2.914, 276.20, -22.82, 0.007, 77.36, 31.23);
insert into SHOT values (2008, 1837, 1976, 3920, 2.400, 91.01, 33.40, 2.397, 90.86, 33.42, 0.006, 328.00, -10.42);
insert into SHOT values (2009, 1842, 1977, 3920, 2.700, 205.31, 66.37, 2.697, 205.14, 66.33, 0.005, 121.66, -49.00);
insert into SHOT values (2010, 1842, 1978, 3920, 2.380, 356.13, -60.33, 2.379, 356.09, -60.47, 0.006, 185.12, -20.54);
insert into SHOT values (2011, 1842, 1979, 3920, 2.720, 2.70, -6.82, 2.722, 2.76, -6.75, 0.005, 51.05, 40.05);
insert into SHOT values (2012, 1842, 1980, 3920, 8.900, 209.66, 2.05, 8.900, 209.65, 2.06, 0.002, 127.64, 43.44);
insert into SCRAPS values (3921, 3918, 'upskirt_s1', 1, 17.78339, 1.30787);
 insert into SCRAPS values (4018, 3918, 'upskirt_s2', 1, 5.62072, 0.31783);
 insert into MAPS values (4104, 3918, 'upskirt_m', NULL, 1, 954.710, 45.420);
 insert into MAPITEMS values (4104, 4, 3921);
 insert into MAPITEMS values (4104, 4, 4018);
 insert into SURVEY values (4106, 71, 'upskirt_lower', 'upskirt_lower.clearwater_master', NULL);
 insert into CENTRELINE values (4107, 4106, NULL, NULL, NULL, 0.00, 0.00, 0.00);
 insert into CENTRELINE values (4108, 4106, NULL, '2014-04-19', NULL, 702.65, 0.00, 0.00);
 insert into TOPO values (8, 4108);
 insert into TOPO values (9, 4108);
 insert into TOPO values (10, 4108);
 insert into SHOT values (2013, 1981, 1982, 4108, 15.920, 10.45, -43.85, 15.920, 10.44, -43.85, 0.003, 260.92, -23.89);
insert into SHOT values (2014, 1981, 1983, 4108, 10.160, 199.71, 4.62, 10.164, 199.67, 4.63, 0.008, 139.43, 11.15);
insert into SHOT values (2015, 1983, 1984, 4108, 20.850, 95.37, -7.50, 20.848, 95.36, -7.50, 0.005, 348.92, 17.44);
insert into SHOT values (2016, 1984, 1985, 4108, 23.870, 88.67, -11.57, 23.872, 88.68, -11.58, 0.004, 154.48, -39.18);
insert into SHOT values (2017, 1985, 1986, 4108, 11.630, 81.36, -12.71, 11.625, 81.33, -12.72, 0.009, 312.19, -8.12);
insert into SHOT values (2018, 1986, 1987, 4108, 8.050, 74.04, 30.68, 8.053, 74.08, 30.69, 0.006, 135.31, 26.32);
insert into SHOT values (2019, 1987, 1988, 4108, 10.180, 86.94, 6.34, 10.176, 86.94, 6.32, 0.005, 268.24, -51.44);
insert into SHOT values (2020, 1988, 1989, 4108, 37.930, 81.06, 6.64, 37.932, 81.07, 6.65, 0.007, 156.10, 38.27);
insert into SHOT values (2021, 1989, 1990, 4108, 30.500, 75.04, -20.55, 30.502, 75.02, -20.56, 0.009, 351.08, -25.97);
insert into SHOT values (2022, 1990, 1991, 4108, 16.510, 61.21, -8.51, 16.508, 61.22, -8.50, 0.005, 178.54, 40.81);
insert into SHOT values (2023, 1991, 1992, 4108, 10.920, 92.76, 6.35, 10.920, 92.75, 6.36, 0.003, 350.94, 40.28);
insert into SHOT values (2024, 1992, 1993, 4108, 21.680, 104.64, 32.90, 21.675, 104.64, 32.89, 0.006, 289.75, -70.90);
insert into SHOT values (2025, 1992, 1994, 4108, 12.950, 342.44, -31.86, 12.948, 342.42, -31.89, 0.008, 193.70, -33.65);
insert into SHOT values (2026, 1992, 1995, 4108, 25.020, 51.95, 15.60, 25.021, 51.96, 15.60, 0.005, 132.82, 20.36);
insert into SHOT values (2027, 1995, 1996, 4108, 9.360, 89.19, 50.40, 9.355, 89.13, 50.42, 0.008, 314.82, -14.02);
insert into SHOT values (2028, 1996, 1997, 4108, 6.460, 49.99, 25.91, 6.455, 50.03, 25.90, 0.006, 185.57, -25.33);
insert into SHOT values (2029, 1997, 1998, 4108, 26.470, 65.19, 23.46, 26.479, 65.20, 23.46, 0.009, 83.53, 12.58);
insert into SHOT values (2030, 1998, 1999, 4108, 21.670, 28.22, 12.18, 21.663, 28.21, 12.18, 0.008, 234.24, -14.82);
insert into SHOT values (2031, 1999, 2000, 4108, 22.690, 92.17, 36.15, 22.688, 92.16, 36.14, 0.006, 22.14, -50.27);
insert into SHOT values (2032, 2000, 2001, 4108, 9.900, 212.00, -3.00, 9.897, 212.02, -2.95, 0.009, 346.66, 62.19);
insert into SHOT values (2033, 2001, 2002, 4108, 9.800, 200.00, 20.00, 9.805, 199.99, 19.98, 0.007, 183.06, -15.71);
insert into SHOT values (2034, 2002, 2003, 4108, 8.000, 242.00, -43.00, 7.997, 242.03, -43.06, 0.010, 41.32, -23.91);
insert into SHOT values (2035, 2003, 2004, 4108, 10.600, 264.00, -31.00, 10.604, 264.00, -30.99, 0.004, 266.13, -8.90);
insert into SHOT values (2036, 2004, 2005, 4108, 6.100, 184.00, -5.00, 6.108, 183.96, -4.98, 0.009, 154.08, 10.49);
insert into SHOT values (2037, 2005, 2006, 4108, 16.200, 227.00, -17.00, 16.194, 227.01, -16.98, 0.009, 2.36, 48.82);
insert into SHOT values (2038, 2006, 2007, 4108, 8.900, 289.00, -40.00, 8.909, 288.99, -40.03, 0.010, 275.37, -68.27);
insert into SHOT values (2039, 2007, 2008, 4108, 14.600, 257.00, -33.00, 14.599, 256.97, -32.99, 0.006, 172.20, 17.11);
insert into SHOT values (2040, 2008, 2009, 4108, 16.000, 254.00, -39.00, 15.997, 254.03, -39.01, 0.008, 19.79, -6.37);
insert into SHOT values (2041, 2009, 2010, 4108, 14.200, 304.00, -31.00, 14.202, 303.95, -30.98, 0.012, 235.13, 17.63);
insert into SHOT values (2042, 2000, 2011, 4108, 16.660, 26.89, 9.06, 16.658, 26.89, 9.08, 0.007, 196.33, 62.48);
insert into SHOT values (2043, 2011, 2012, 4108, 12.240, 28.81, 11.27, 12.244, 28.83, 11.26, 0.006, 70.49, -20.79);
insert into SHOT values (2044, 2012, 2013, 4108, 8.310, 48.49, 20.40, 8.308, 48.49, 20.43, 0.005, 231.59, 45.69);
insert into SHOT values (2045, 2013, 2014, 4108, 11.460, 41.56, 17.87, 11.460, 41.51, 17.83, 0.012, 325.98, -32.36);
insert into SHOT values (2046, 2014, 2015, 4108, 11.790, 301.28, -33.48, 11.782, 301.26, -33.48, 0.008, 143.64, 28.03);
insert into SHOT values (2047, 2015, 2016, 4108, 7.280, 331.29, -49.47, 7.277, 331.32, -49.46, 0.004, 74.47, 50.51);
insert into SHOT values (2048, 2016, 2017, 4108, 9.250, 326.05, -39.17, 9.258, 326.02, -39.19, 0.009, 283.67, -55.21);
insert into SHOT values (2049, 2017, 2018, 4108, 12.580, 15.41, 17.70, 12.580, 15.44, 17.73, 0.008, 123.74, 38.87);
insert into SHOT values (2050, 2018, 2019, 4108, 20.640, 76.17, 27.80, 20.640, 76.15, 27.78, 0.009, 15.43, -46.79);
insert into SHOT values (2051, 2018, 2020, 4108, 26.670, 21.19, -6.70, 26.671, 21.18, -6.70, 0.006, 305.16, 16.82);
insert into SHOT values (2052, 2020, 2021, 4108, 4.930, 259.27, -42.02, 4.931, 259.30, -42.01, 0.002, 321.94, 2.20);
insert into SHOT values (2053, 2020, 2022, 4108, 8.700, 51.96, 32.14, 8.700, 51.95, 32.15, 0.003, 285.78, 40.60);
insert into SHOT values (2054, 2022, 2023, 4108, 12.670, 35.23, 19.62, 12.673, 35.25, 19.59, 0.007, 74.99, -37.15);
insert into SHOT values (2055, 2023, 2024, 4108, 9.290, 14.74, -21.58, 9.288, 14.76, -21.61, 0.006, 156.13, -32.43);
insert into SHOT values (2056, 2024, 2025, 4108, 8.410, 351.49, -3.71, 8.411, 351.44, -3.68, 0.009, 270.17, 27.36);
insert into SHOT values (2057, 2025, 2026, 4108, 6.920, 323.80, 9.30, 6.918, 323.82, 9.32, 0.004, 103.17, 26.86);
insert into SHOT values (2058, 2026, 2027, 4108, 8.290, 68.54, -16.87, 8.291, 68.48, -16.90, 0.009, 336.82, -27.08);
insert into SHOT values (2059, 2027, 2028, 4108, 9.970, 82.11, 26.44, 9.976, 82.15, 26.43, 0.009, 126.49, 4.71);
insert into SHOT values (2060, 2028, 2029, 4108, 7.660, 67.02, 32.04, 7.654, 66.95, 32.04, 0.010, 302.19, -21.66);
insert into SHOT values (2061, 2028, 2030, 4108, 3.190, 147.87, 3.49, 3.182, 147.86, 3.42, 0.008, 331.89, -29.92);
insert into SHOT values (2062, 2030, 2031, 4108, 5.600, 81.64, -42.26, 5.595, 81.67, -42.22, 0.007, 191.46, 66.17);
insert into SHOT values (2063, 2031, 2032, 4108, 8.070, 78.35, 17.03, 8.072, 78.34, 17.00, 0.005, 56.56, -45.90);
insert into SHOT values (2064, 2032, 2033, 4108, 7.410, 109.85, -45.22, 7.412, 109.93, -45.20, 0.008, 175.42, -1.92);
insert into SHOT values (2065, 2033, 2034, 4108, 7.540, 104.93, -55.65, 7.534, 104.85, -55.64, 0.008, 352.56, 39.48);
insert into SHOT values (2066, 1990, 2035, 4108, 10.850, 336.03, 86.52, 10.850, 335.77, 86.52, 0.003, 233.61, 0.13);
insert into SHOT values (2067, 1990, 2036, 4108, 1.760, 110.41, -71.00, 1.757, 110.32, -70.87, 0.005, 93.36, 54.10);
insert into SHOT values (2068, 1990, 2037, 4108, 1.600, 359.17, -63.51, 1.597, 359.19, -63.59, 0.004, 174.62, 29.24);
insert into SHOT values (2069, 1990, 2038, 4108, 3.670, 342.30, -3.22, 3.668, 342.36, -3.13, 0.007, 100.49, 56.23);
insert into SHOT values (2070, 1990, 2039, 4108, 4.290, 127.74, 11.62, 4.288, 127.74, 11.71, 0.007, 303.86, 58.67);
insert into SHOT values (2071, 1999, 2040, 4108, 8.720, 27.67, 75.44, 8.722, 27.61, 75.39, 0.009, 13.24, 0.28);
insert into SHOT values (2072, 1999, 2041, 4108, 25.690, 98.48, 46.80, 25.696, 98.47, 46.80, 0.008, 62.10, 21.58);
insert into SHOT values (2073, 1999, 2042, 4108, 1.890, 341.63, -64.53, 1.896, 342.23, -64.41, 0.011, 35.41, -19.17);
insert into SHOT values (2074, 1999, 2043, 4108, 22.430, 292.22, -52.23, 22.432, 292.23, -52.22, 0.005, 336.99, 4.18);
insert into SHOT values (2075, 1999, 2044, 4108, 9.330, 304.06, -6.60, 9.336, 304.10, -6.58, 0.010, 349.17, 14.07);
insert into SHOT values (2076, 1999, 2045, 4108, 19.580, 344.67, -43.34, 19.585, 344.70, -43.33, 0.008, 37.72, -12.32);
insert into SHOT values (2077, 1999, 2046, 4108, 15.640, 316.49, -37.71, 15.647, 316.51, -37.71, 0.007, 347.83, -28.59);
insert into SHOT values (2078, 1999, 2047, 4108, 13.860, 9.78, 12.41, 13.861, 9.78, 12.42, 0.002, 50.29, 58.09);
insert into SHOT values (2079, 1999, 2048, 4108, 21.320, 47.71, 38.75, 21.318, 47.71, 38.74, 0.005, 3.04, -68.17);
insert into SHOT values (2080, 1999, 2049, 4108, 10.960, 122.76, 35.99, 10.958, 122.70, 36.00, 0.009, 16.42, -3.68);
insert into SHOT values (2081, 1999, 2050, 4108, 24.500, 135.65, 39.31, 24.496, 135.64, 39.31, 0.006, 346.85, -11.66);
insert into SHOT values (2082, 1999, 2051, 4108, 17.150, 165.24, 28.95, 17.149, 165.21, 28.95, 0.007, 75.12, -11.42);
insert into SHOT values (2083, 1999, 2052, 4108, 33.900, 131.18, 43.05, 33.901, 131.17, 43.04, 0.005, 78.45, -15.18);
insert into SHOT values (2084, 2000, 2053, 4108, 6.530, 286.66, 81.02, 6.530, 286.48, 81.00, 0.004, 237.82, 0.54);
insert into SHOT values (2085, 2000, 2054, 4108, 6.610, 271.65, -47.94, 6.607, 271.68, -47.87, 0.009, 303.73, 59.22);
insert into SHOT values (2086, 2000, 2055, 4108, 12.260, 73.12, -50.41, 12.256, 73.12, -50.37, 0.009, 69.35, 64.79);
insert into SHOT values (2087, 2000, 2056, 4108, 17.760, 339.61, -6.25, 17.761, 339.61, -6.24, 0.004, 28.84, 60.30);
insert into SHOT values (2088, 2000, 2057, 4108, 19.000, 197.87, 19.32, 18.996, 197.87, 19.34, 0.007, 21.60, 36.45);
insert into SHOT values (2089, 2014, 2058, 4108, 5.860, 268.64, 76.66, 5.868, 268.30, 76.69, 0.011, 167.93, 45.09);
insert into SHOT values (2090, 2014, 2059, 4108, 17.570, 31.68, 66.13, 17.574, 31.72, 66.13, 0.007, 94.80, 25.03);
insert into SHOT values (2091, 2014, 2060, 4108, 1.130, 217.88, -47.01, 1.125, 217.61, -46.80, 0.007, 120.59, 61.23);
insert into SHOT values (2092, 2014, 2061, 4108, 2.620, 295.26, 0.65, 2.608, 295.19, 0.66, 0.012, 130.46, 1.30);
insert into SHOT values (2093, 2014, 2062, 4108, 6.640, 127.17, 43.83, 6.645, 127.20, 43.80, 0.007, 152.81, 14.01);
insert into SHOT values (2094, 2017, 2063, 4108, 6.470, 86.52, 48.11, 6.471, 86.55, 48.15, 0.005, 222.91, 49.42);
insert into SHOT values (2095, 2017, 2064, 4108, 3.860, 316.77, 75.13, 3.859, 316.64, 75.13, 0.002, 221.11, -17.50);
insert into SHOT values (2096, 2017, 2065, 4108, 1.060, 336.77, -59.32, 1.059, 337.22, -59.21, 0.005, 48.05, 20.05);
insert into SHOT values (2097, 2017, 2066, 4108, 7.000, 286.21, -20.89, 6.999, 286.25, -20.84, 0.007, 358.34, 54.23);
insert into SHOT values (2098, 2017, 2067, 4108, 12.320, 195.96, 3.40, 12.315, 195.96, 3.40, 0.005, 20.82, -8.17);
insert into SHOT values (2099, 2025, 2068, 4108, 3.630, 225.10, 79.15, 3.624, 225.00, 79.20, 0.007, 59.90, -47.76);
insert into SHOT values (2100, 2025, 2069, 4108, 5.230, 251.95, -1.32, 5.229, 251.95, -1.32, 0.001, 86.95, 20.33);
insert into SHOT values (2101, 2025, 2070, 4108, 4.600, 267.98, -32.36, 4.596, 268.08, -32.36, 0.008, 24.78, 15.25);
insert into SHOT values (2102, 2025, 2071, 4108, 6.210, 76.98, 39.25, 6.215, 76.92, 39.22, 0.008, 35.27, 6.37);
insert into SHOT values (2103, 1983, 2072, 4108, 30.910, 287.25, 86.09, 30.913, 287.32, 86.08, 0.009, 305.10, 12.69);
insert into SHOT values (2104, 1983, 2073, 4108, 33.200, 351.40, 50.49, 33.200, 351.40, 50.48, 0.007, 344.24, -38.06);
insert into SHOT values (2105, 1983, 2074, 4108, 1.620, 95.15, -71.23, 1.626, 94.40, -71.29, 0.009, 7.03, -41.97);
insert into SHOT values (2106, 1983, 2075, 4108, 8.510, 74.81, -1.36, 8.510, 74.80, -1.35, 0.002, 336.23, 65.33);
insert into SHOT values (2107, 1983, 2076, 4108, 32.740, 352.50, 43.86, 32.740, 352.50, 43.85, 0.008, 13.76, -45.38);
insert into SCRAPS values (4109, 4106, 'upskirt_lower_s1', 1, 5.85618, 0.23892);
 insert into SCRAPS values (4152, 4106, 'upskirt_lower_s2', 1, 7.11753, 0.30084);
 insert into MAPS values (4231, 4106, 'upskirtLowerPlan', NULL, 1, 702.650, 63.520);
 insert into MAPITEMS values (4231, 4, 4109);
 insert into MAPITEMS values (4231, 4, 4152);
 insert into SURVEY values (4233, 71, 'quattro_formaggio', 'quattro_formaggio.clearwater_master', NULL);
 insert into CENTRELINE values (4234, 4233, NULL, NULL, NULL, 0.00, 0.00, 0.00);
 insert into CENTRELINE values (4235, 4233, 'Quattro_Formaggio', '2014-04-17', NULL, 731.50, 0.00, 468.30);
 insert into TOPO values (8, 4235);
 insert into TOPO values (9, 4235);
 insert into PERSON values (11, 'Frank', 'Tully');
insert into TOPO values (11, 4235);
 insert into TOPO values (10, 4235);
 insert into SHOT values (2108, 2077, 2078, 4235, 22.100, 34.00, 1.00, 22.103, 34.01, 1.01, 0.006, 74.09, 48.05);
insert into SHOT_FLAG values(2108, 'dpl');
insert into SHOT values (2109, 2078, 2079, 4235, 21.600, 61.00, 13.00, 21.605, 60.99, 13.00, 0.007, 20.32, 8.66);
insert into SHOT_FLAG values(2109, 'dpl');
insert into SHOT values (2110, 2079, 2080, 4235, 6.800, 344.00, 20.00, 6.799, 344.01, 20.04, 0.005, 151.35, 57.59);
insert into SHOT_FLAG values(2110, 'dpl');
insert into SHOT values (2111, 2080, 2081, 4235, 8.000, 86.00, 15.00, 8.001, 85.99, 14.99, 0.002, 55.79, -17.87);
insert into SHOT_FLAG values(2111, 'dpl');
insert into SHOT values (2112, 2081, 2082, 4235, 7.400, 7.00, 3.00, 7.395, 7.00, 2.95, 0.009, 187.13, -56.55);
insert into SHOT_FLAG values(2112, 'dpl');
insert into SHOT values (2113, 2082, 2083, 4235, 9.700, 356.00, -20.00, 9.704, 355.98, -19.94, 0.011, 329.88, 42.44);
insert into SHOT_FLAG values(2113, 'dpl');
insert into SHOT values (2114, 2082, 2084, 4235, 16.700, 24.00, 9.00, 16.699, 23.97, 9.03, 0.012, 280.35, 39.90);
insert into SHOT_FLAG values(2114, 'dpl');
insert into SHOT values (2115, 2084, 2085, 4235, 11.800, 40.00, 9.00, 11.806, 40.03, 8.97, 0.011, 76.97, -34.22);
insert into SHOT_FLAG values(2115, 'dpl');
insert into SHOT values (2116, 2085, 2086, 4235, 9.000, 328.00, 0.00, 8.998, 327.99, 0.00, 0.003, 196.63, 0.00);
insert into SHOT_FLAG values(2116, 'dpl');
insert into SHOT values (2117, 2086, 2087, 4235, 8.100, 336.00, -15.00, 8.103, 335.96, -14.95, 0.010, 287.47, 38.58);
insert into SHOT_FLAG values(2117, 'dpl');
insert into SHOT values (2118, 2087, 2088, 4235, 12.600, 17.00, -17.00, 12.601, 17.04, -17.03, 0.010, 112.51, -38.57);
insert into SHOT_FLAG values(2118, 'dpl');
insert into SHOT values (2119, 2088, 2089, 4235, 21.400, 46.00, -15.00, 21.401, 46.00, -15.00, 0.002, 38.00, -49.81);
insert into SHOT_FLAG values(2119, 'dpl');
insert into SHOT values (2120, 2089, 2090, 4235, 15.100, 318.00, 0.00, 15.103, 317.98, 0.00, 0.006, 256.36, 0.00);
insert into SHOT_FLAG values(2120, 'dpl');
insert into SHOT values (2121, 2090, 2091, 4235, 11.300, 22.00, -4.00, 11.346, 22.06, -4.04, 0.048, 35.41, -14.03);
insert into SHOT_FLAG values(2121, 'dpl');
insert into SHOT values (2122, 2091, 2092, 4235, 24.200, 14.00, -32.00, 24.237, 14.22, -31.46, 0.244, 42.22, 45.46);
insert into SHOT_FLAG values(2122, 'dpl');
insert into SHOT values (2123, 2092, 2093, 4235, 14.200, 357.00, 1.00, 14.237, 357.34, 0.89, 0.097, 63.38, -16.67);
insert into SHOT_FLAG values(2123, 'dpl');
insert into SHOT values (2124, 2093, 2094, 4235, 18.300, 306.00, -1.00, 18.306, 306.98, -1.13, 0.316, 35.61, -7.37);
insert into SHOT_FLAG values(2124, 'dpl');
insert into SHOT values (2125, 2094, 2095, 4235, 5.000, 283.00, 0.00, 4.994, 283.31, 0.00, 0.028, 25.15, 0.00);
insert into SHOT_FLAG values(2125, 'dpl');
insert into SHOT values (2126, 2095, 2096, 4235, 8.400, 309.00, -20.00, 8.415, 309.51, -20.01, 0.072, 28.78, -5.63);
insert into SHOT_FLAG values(2126, 'dpl');
insert into SHOT values (2127, 2096, 2097, 4235, 18.100, 42.00, -35.00, 18.138, 41.77, -34.56, 0.155, 13.42, 36.26);
insert into SHOT_FLAG values(2127, 'dpl');
insert into SHOT values (2128, 2097, 2098, 4235, 19.700, 39.00, 29.00, 19.734, 38.80, 28.38, 0.224, 14.75, -49.75);
insert into SHOT_FLAG values(2128, 'dpl');
insert into SHOT values (2129, 2098, 2099, 4235, 19.400, 10.00, -9.00, 19.435, 10.26, -8.97, 0.095, 77.86, 2.92);
insert into SHOT_FLAG values(2129, 'dpl');
insert into SHOT values (2130, 2099, 2100, 4235, 15.200, 84.00, -13.00, 15.223, 83.30, -13.02, 0.182, 0.22, -3.38);
insert into SHOT_FLAG values(2130, 'dpl');
insert into SHOT values (2131, 2100, 2101, 4235, 16.300, 22.00, 12.00, 16.342, 22.06, 11.72, 0.092, 38.37, -48.90);
insert into SHOT_FLAG values(2131, 'dpl');
insert into SHOT values (2132, 2101, 2102, 4235, 11.000, 24.00, -21.00, 11.037, 24.03, -20.86, 0.046, 30.96, 15.04);
insert into SHOT_FLAG values(2132, 'dpl');
insert into SHOT values (2133, 2100, 2103, 4235, 11.800, 184.00, -14.00, 11.797, 183.96, -13.98, 0.010, 79.56, 27.94);
insert into SHOT_FLAG values(2133, 'dpl');
insert into SHOT values (2134, 2103, 2104, 4235, 8.400, 123.00, -17.00, 8.393, 123.00, -17.04, 0.010, 305.85, -25.25);
insert into SHOT_FLAG values(2134, 'dpl');
insert into SHOT values (2135, 2104, 2105, 4235, 11.900, 59.00, -7.00, 11.903, 59.03, -7.00, 0.007, 119.66, 2.13);
insert into SHOT_FLAG values(2135, 'dpl');
insert into SHOT values (2136, 2105, 2106, 4235, 25.000, 14.00, 2.00, 24.997, 13.99, 2.02, 0.009, 239.05, 55.90);
insert into SHOT_FLAG values(2136, 'dpl');
insert into SHOT values (2137, 2106, 2107, 4235, 3.800, 123.00, -23.00, 3.804, 122.87, -23.06, 0.010, 51.43, -32.54);
insert into SHOT_FLAG values(2137, 'dpl');
insert into SHOT values (2138, 2106, 2108, 4235, 18.800, 137.00, 24.00, 18.795, 137.01, 23.98, 0.007, 283.61, -64.47);
insert into SHOT_FLAG values(2138, 'dpl');
insert into SHOT values (2139, 2108, 2109, 4235, 18.300, 92.00, -6.00, 18.301, 91.98, -5.99, 0.006, 14.51, 28.30);
insert into SHOT_FLAG values(2139, 'dpl');
insert into SHOT values (2140, 2109, 2110, 4235, 18.900, 64.00, 32.00, 18.903, 64.03, 32.01, 0.009, 147.22, 31.29);
insert into SHOT_FLAG values(2140, 'dpl');
insert into SHOT values (2141, 2111, 2112, 4235, 14.500, 266.00, -40.00, 14.500, 265.97, -40.00, 0.005, 173.52, 4.62);
insert into SHOT values (2142, 2112, 2113, 4235, 4.200, 330.00, -10.00, 4.199, 329.96, -10.01, 0.003, 222.91, -13.62);
insert into SHOT values (2143, 2113, 2114, 4235, 23.400, 336.00, -11.00, 23.405, 336.01, -11.01, 0.008, 25.58, -38.29);
insert into SHOT values (2144, 2115, 2114, 4235, 22.700, 50.00, -19.00, 22.701, 49.99, -19.00, 0.004, 333.65, 5.53);
insert into SHOT values (2145, 2116, 2114, 4235, 17.400, 76.00, -2.00, 17.398, 75.99, -2.01, 0.005, 317.51, -32.98);
insert into SHOT values (2146, 2116, 2117, 4235, 23.400, 322.00, -23.00, 23.403, 322.01, -22.99, 0.007, 10.92, 25.51);
insert into SHOT values (2147, 2117, 2118, 4235, 18.500, 356.00, -36.00, 18.504, 355.98, -36.01, 0.008, 266.59, -44.97);
insert into SHOT values (2148, 2119, 2118, 4235, 5.700, 55.00, 25.00, 5.699, 54.93, 24.91, 0.011, 346.20, -51.35);
insert into SHOT values (2149, 2119, 2120, 4235, 7.900, 212.00, -3.00, 7.900, 212.00, -3.05, 0.007, 57.48, -83.54);
insert into SHOT values (2150, 2114, 2121, 4235, 9.100, 34.00, -27.00, 9.096, 33.98, -27.00, 0.005, 243.94, 16.34);
insert into SHOT values (2151, 2121, 2122, 4235, 4.700, 111.00, -15.00, 4.701, 111.03, -14.92, 0.007, 151.20, 61.55);
insert into SHOT values (2152, 2122, 2123, 4235, 1.900, 82.00, -52.00, 1.904, 81.66, -51.99, 0.008, 12.73, -20.63);
insert into SHOT values (2153, 2123, 2124, 4235, 4.200, 149.00, -61.00, 4.199, 149.04, -60.92, 0.006, 164.57, 35.28);
insert into SHOT values (2154, 2124, 2125, 4235, 10.000, 131.00, 28.00, 9.994, 131.00, 27.99, 0.007, 305.76, -46.04);
insert into SHOT values (2155, 2125, 2126, 4235, 14.700, 115.00, 40.00, 14.704, 115.00, 39.99, 0.004, 102.84, 13.35);
insert into SHOT values (2156, 2126, 2127, 4235, 17.700, 120.00, 45.00, 17.697, 120.01, 44.98, 0.006, 154.41, -68.05);
insert into SHOT values (2157, 2127, 2128, 4235, 7.200, 167.00, 65.00, 7.202, 167.06, 65.06, 0.008, 317.27, 34.70);
insert into SHOT values (2158, 2128, 2129, 4235, 3.500, 287.00, 47.00, 3.497, 286.84, 47.06, 0.008, 161.15, 1.80);
insert into SHOT values (2159, 2129, 2097, 4235, 3.400, 184.00, 24.00, 3.391, 184.07, 24.01, 0.010, 338.56, -17.67);
insert into SHOT values (2160, 2102, 2130, 4235, 4.300, 36.00, -28.00, 4.342, 35.88, -27.87, 0.044, 25.55, -14.82);
insert into SHOT values (2161, 2130, 2131, 4235, 18.700, 0.00, -90.00, 18.702, 1.91, -89.08, 0.300, 1.91, -0.00);
insert into SHOT values (2162, 2131, 2132, 4235, 14.500, 39.00, 3.00, 14.534, 38.82, 2.84, 0.070, 347.46, -33.73);
insert into SHOT values (2163, 2132, 2133, 4235, 23.800, 356.00, -20.00, 23.834, 356.58, -19.77, 0.247, 70.07, 18.88);
insert into SHOT values (2164, 2133, 2134, 4235, 13.700, 26.00, 2.00, 13.707, 26.02, 2.01, 0.009, 63.23, 11.87);
insert into SHOT values (2165, 2133, 2135, 4235, 9.200, 39.00, 10.00, 9.246, 38.90, 9.84, 0.055, 20.44, -18.61);
insert into SHOT values (2166, 2135, 2136, 4235, 4.500, 68.00, 46.00, 4.507, 67.76, 45.77, 0.023, 31.54, -17.51);
insert into SHOT values (2167, 2137, 2138, 4235, 26.200, 125.00, 75.00, 26.202, 125.03, 75.01, 0.005, 263.42, 30.01);
insert into SHOT values (2168, 2137, 2139, 4235, 18.100, 330.00, -31.00, 18.095, 329.98, -31.00, 0.007, 203.20, 18.12);
insert into SHOT values (2169, 2139, 2140, 4235, 6.400, 350.00, -26.00, 6.407, 350.00, -26.02, 0.007, 347.56, -40.23);
insert into SHOT values (2170, 2140, 2141, 4235, 11.600, 4.00, -33.00, 11.592, 4.01, -32.98, 0.009, 164.33, 57.03);
insert into SHOT values (2171, 2141, 2136, 4235, 18.400, 314.00, -42.00, 18.408, 313.99, -42.01, 0.009, 289.15, -63.03);
insert into SHOT values (2172, 2136, 2142, 4235, 19.800, 67.00, 34.00, 19.827, 66.41, 33.45, 0.255, 13.62, -33.80);
insert into SHOT values (2173, 2142, 2143, 4235, 12.600, 77.00, 37.00, 12.621, 76.53, 36.63, 0.119, 25.08, -26.42);
insert into SHOT values (2174, 2143, 2144, 4235, 6.200, 114.00, 59.00, 6.194, 113.67, 59.02, 0.020, 8.57, -13.13);
insert into SHOT values (2175, 2144, 2145, 4235, 4.800, 338.00, 32.00, 4.814, 338.33, 31.85, 0.030, 30.00, -6.92);
insert into SHOT values (2176, 2145, 2146, 4235, 20.200, 35.00, 28.00, 20.236, 34.82, 27.39, 0.225, 12.08, -50.45);
insert into SHOT values (2177, 2146, 2147, 4235, 5.800, 40.00, 0.00, 5.842, 39.93, -0.10, 0.044, 30.58, -13.12);
insert into SHOT values (2178, 2147, 2148, 4235, 4.100, 0.00, -3.00, 4.136, 0.14, -3.05, 0.037, 15.68, -8.34);
insert into SHOT values (2179, 2148, 2149, 4235, 17.300, 42.00, 3.00, 17.338, 41.75, 2.84, 0.098, 339.67, -27.67);
insert into SHOT values (2180, 2149, 2150, 4235, 3.000, 33.00, -21.00, 3.037, 32.91, -21.03, 0.037, 25.16, -23.44);
insert into SHOT values (2181, 2150, 2151, 4235, 15.800, 147.00, 38.00, 15.781, 146.41, 38.21, 0.141, 35.19, 13.37);
insert into SHOT values (2182, 2151, 2152, 4235, 12.500, 130.00, 30.00, 12.490, 129.37, 30.03, 0.119, 34.39, -0.00);
insert into SHOT values (2183, 2152, 2153, 4235, 20.300, 206.00, 17.00, 20.263, 206.01, 17.16, 0.069, 22.60, 40.62);
insert into SHOT values (2184, 2153, 2154, 4235, 14.600, 5.00, 43.00, 14.635, 5.26, 42.41, 0.162, 25.79, -32.57);
insert into SHOT values (2185, 2154, 2155, 4235, 13.700, 310.00, 48.00, 13.703, 310.51, 47.79, 0.096, 14.36, -18.99);
insert into SHOT values (2186, 2155, 2156, 4235, 30.100, 191.00, 12.00, 30.062, 190.61, 12.12, 0.215, 86.89, 13.99);
insert into SHOT values (2187, 2156, 2157, 4235, 8.900, 166.00, 39.00, 8.872, 165.68, 39.22, 0.058, 27.59, 8.91);
insert into SHOT values (2188, 2157, 2158, 4235, 20.400, 230.00, -11.00, 20.371, 230.44, -11.32, 0.196, 338.51, -33.36);
insert into SHOT values (2189, 2158, 2159, 4235, 19.100, 247.00, -33.00, 19.076, 247.60, -33.54, 0.246, 12.80, -33.96);
insert into SHOT values (2190, 2152, 2160, 4235, 10.700, 104.00, 37.00, 10.700, 104.02, 37.01, 0.003, 210.28, 10.57);
insert into SHOT values (2191, 2150, 2161, 4235, 7.300, 1.00, -36.00, 7.304, 0.97, -35.97, 0.006, 328.82, 7.99);
insert into SHOT values (2192, 2161, 2162, 4235, 11.500, 67.00, 17.00, 11.509, 67.00, 17.03, 0.011, 66.50, 46.41);
insert into SHOT values (2193, 2162, 2163, 4235, 10.100, 1.00, 14.00, 10.091, 0.99, 13.99, 0.009, 186.94, -21.73);
insert into SHOT values (2194, 2163, 2164, 4235, 11.000, 25.00, 15.00, 11.001, 25.00, 15.01, 0.003, 308.26, 80.41);
insert into SHOT values (2195, 2164, 2165, 4235, 9.000, 38.00, -2.00, 8.997, 37.95, -2.04, 0.010, 286.35, -36.78);
insert into SHOT values (2196, 2165, 2166, 4235, 4.600, 96.00, -20.00, 4.600, 95.97, -19.96, 0.004, 30.82, 57.04);
insert into SHOT values (2197, 2166, 2167, 4235, 7.100, 35.00, 4.00, 7.102, 35.06, 3.96, 0.009, 103.54, -34.25);
insert into SHOT values (2198, 2167, 2168, 4235, 13.200, 352.00, -32.00, 13.202, 351.99, -31.97, 0.007, 336.33, 43.83);
insert into SHOT values (2199, 2165, 2169, 4235, 14.300, 158.00, 34.00, 14.303, 157.96, 34.01, 0.010, 77.50, 21.12);
insert into SCRAPS values (4236, 4233, 'quattro_formaggio_s1', 1, 19.96561, 0.96696);
 insert into SCRAPS values (4316, 4233, 'quattro_formaggio_s5', 1, 1.17272, 0.36386);
 insert into SCRAPS values (4322, 4233, 'quattro_formaggio_s2', 1, 22.40538, 1.15005);
 insert into SCRAPS values (4382, 4233, 'quattro_formaggio_s3', 1, 16.82135, 2.14878);
 insert into SCRAPS values (4419, 4233, 'quattro-formaggio_s4', 1, 13.17438, 1.56646);
 insert into MAPS values (4464, 4233, 'quattroFormaggioPlan', 'Quattro Formaggio', 1, 731.500, 116.980);
 insert into MAPITEMS values (4464, 4, 4316);
 insert into MAPITEMS values (4464, 4, 4419);
 insert into MAPITEMS values (4464, 4, 4236);
 insert into MAPITEMS values (4464, 4, 4382);
 insert into MAPITEMS values (4464, 4, 4322);
 insert into SURVEY values (4466, 71, 'boom_boom', 'boom_boom.clearwater_master', NULL);
 insert into CENTRELINE values (4467, 4466, NULL, NULL, NULL, 0.00, 0.00, 0.00);
 insert into SCRAPS values (4468, 4466, 'boom_boom_s1', 1, 52.08681, 4.39664);
 insert into SCRAPS values (4505, 4466, 'boom_boom_c2', 2, 0.00000, 0.00000);
 insert into SCRAPS values (4508, 4466, 'boom_boom_c12', 2, 0.00000, 0.00000);
 insert into SCRAPS values (4511, 4466, 'boom_boom_s2', 1, 37.55954, 1.08485);
 insert into SCRAPS values (4584, 4466, 'boom_boom_c20', 2, 0.00000, 0.00000);
 insert into SCRAPS values (4587, 4466, 'boom_boom_c34', 2, 0.00000, 0.00000);
 insert into SCRAPS values (4590, 4466, 'boom_boom_c41', 2, 0.00000, 0.00000);
 insert into SCRAPS values (4593, 4466, 'boom_boom_s3', 1, 9.01165, 0.46092);
 insert into SCRAPS values (4642, 4466, 'boom_boom_c26', 2, 0.00000, 0.00000);
 insert into MAPS values (4647, 4466, 'boom_boom_m', NULL, 1, 667.917, 87.900);
 insert into MAPITEMS values (4647, 4, 4468);
 insert into MAPITEMS values (4647, 4, 4511);
 insert into MAPITEMS values (4647, 4, 4593);
 insert into CENTRELINE values (4648, 4466, NULL, '2011-07-06', NULL, 667.92, 0.00, 0.00);
 insert into SHOT values (2200, 2170, 2171, 4648, 17.450, 181.93, 7.44, 17.412, 181.56, 7.42, 0.118, 73.56, -4.65);
insert into SHOT values (2201, 2171, 2172, 4648, 4.010, 138.67, 39.25, 3.992, 138.41, 39.32, 0.023, 358.07, -18.12);
insert into SHOT values (2202, 2172, 2173, 4648, 5.670, 214.77, 20.49, 5.633, 214.81, 20.58, 0.038, 29.89, -7.12);
insert into SHOT values (2203, 2173, 2174, 4648, 8.820, 113.79, 45.52, 8.822, 113.33, 45.48, 0.050, 30.53, -3.48);
insert into SHOT values (2204, 2174, 2175, 4648, 8.880, 164.25, 22.76, 8.851, 163.92, 22.80, 0.056, 42.22, -5.58);
insert into SHOT values (2205, 2175, 2176, 4648, 12.870, 186.94, -1.24, 12.832, 186.72, -1.34, 0.067, 59.13, -18.63);
insert into SHOT values (2206, 2176, 2177, 4648, 12.360, 228.41, -6.52, 12.320, 228.68, -6.67, 0.076, 355.54, -20.31);
insert into SHOT values (2207, 2177, 2178, 4648, 7.630, 151.89, 5.63, 7.603, 151.50, 5.59, 0.058, 34.23, -8.44);
insert into SHOT values (2208, 2177, 2179, 4648, 16.386, 355.63, -39.60, 16.391, 355.59, -39.61, 0.010, 277.69, -32.75);
insert into SHOT values (2209, 2179, 2180, 4648, 19.189, 335.86, -33.03, 19.185, 335.89, -33.04, 0.009, 95.37, -3.02);
insert into SHOT values (2210, 2180, 2181, 4648, 9.062, 4.14, 6.76, 9.066, 4.08, 6.78, 0.011, 294.86, 17.23);
insert into SHOT values (2211, 2178, 2182, 4648, 24.580, 203.76, 9.33, 24.543, 203.72, 9.38, 0.046, 48.17, 19.11);
insert into SHOT values (2212, 2182, 2183, 4648, 6.980, 166.21, 35.85, 6.948, 165.99, 36.06, 0.046, 14.36, 2.56);
insert into SHOT values (2213, 2183, 2184, 4648, 15.400, 165.35, 26.03, 15.372, 164.83, 26.21, 0.139, 54.71, 13.27);
insert into SHOT values (2214, 2184, 2185, 4648, 13.940, 203.34, 11.95, 13.903, 203.30, 12.00, 0.040, 35.96, 5.23);
insert into SHOT values (2215, 2185, 2186, 4648, 30.690, 203.36, 12.86, 30.653, 203.29, 13.03, 0.103, 54.87, 50.46);
insert into SHOT values (2216, 2186, 2187, 4648, 26.500, 125.81, 4.47, 26.491, 125.80, 4.46, 0.011, 327.29, -29.39);
insert into SHOT values (2217, 2187, 2188, 4648, 23.000, 102.23, 7.18, 23.000, 102.25, 7.19, 0.008, 196.38, 40.45);
insert into SHOT values (2218, 2188, 2189, 4648, 10.690, 210.24, -15.75, 10.693, 210.23, -15.79, 0.009, 131.11, -75.64);
insert into SHOT values (2219, 2189, 2190, 4648, 14.300, 202.18, 10.12, 14.294, 202.17, 10.15, 0.010, 37.79, 44.92);
insert into SHOT values (2220, 2190, 2191, 4648, 18.710, 181.66, 26.22, 18.709, 181.67, 26.20, 0.008, 239.46, -55.77);
insert into SHOT values (2221, 2191, 2192, 4648, 6.540, 167.83, 18.96, 6.544, 167.87, 18.99, 0.007, 225.66, 42.98);
insert into SHOT values (2222, 2192, 2193, 4648, 12.150, 211.96, 7.21, 12.143, 211.98, 7.19, 0.008, 3.98, -35.86);
insert into SHOT values (2223, 2193, 2194, 4648, 22.770, 124.76, 31.57, 22.770, 124.75, 31.57, 0.002, 68.53, -25.87);
insert into SHOT values (2224, 2194, 2195, 4648, 10.110, 80.51, 32.40, 10.111, 80.56, 32.42, 0.008, 174.85, 20.58);
insert into SHOT values (2225, 2195, 2196, 4648, 14.380, 56.08, -48.20, 14.384, 56.09, -48.18, 0.007, 77.84, -0.48);
insert into SHOT values (2226, 2196, 2197, 4648, 18.360, 103.02, -26.82, 18.355, 103.02, -26.81, 0.006, 290.36, 43.76);
insert into SHOT values (2227, 2197, 2198, 4648, 11.850, 93.62, 1.19, 11.846, 93.63, 1.16, 0.007, 242.68, -54.92);
insert into SHOT values (2228, 2198, 2199, 4648, 7.970, 90.14, -6.66, 7.973, 90.14, -6.63, 0.006, 99.79, 48.33);
insert into SHOT values (2229, 2199, 2200, 4648, 25.820, 71.22, 28.00, 25.816, 71.22, 28.00, 0.004, 278.75, -23.48);
insert into SHOT values (2230, 2200, 2201, 4648, 4.200, 55.30, 32.83, 4.201, 55.27, 32.87, 0.003, 301.10, 59.51);
insert into SHOT values (2231, 2201, 2202, 4648, 11.640, 318.84, 40.40, 11.639, 318.89, 40.38, 0.009, 33.53, -28.61);
insert into SHOT values (2232, 2202, 2203, 4648, 7.820, 244.18, 44.79, 7.824, 244.17, 44.77, 0.005, 236.54, 8.14);
insert into SHOT values (2233, 2189, 2204, 4648, 17.330, 53.65, -8.61, 17.331, 53.64, -8.59, 0.006, 353.16, 47.86);
insert into SHOT values (2234, 2204, 2205, 4648, 17.760, 98.87, -28.23, 17.759, 98.86, -28.23, 0.003, 351.31, 14.07);
insert into SHOT values (2235, 2205, 2206, 4648, 15.540, 80.01, -3.25, 15.540, 80.02, -3.25, 0.002, 171.15, 33.78);
insert into SHOT values (2236, 2188, 2207, 4648, 9.780, 355.63, -19.23, 9.785, 355.65, -19.27, 0.010, 55.09, -63.45);
insert into SHOT values (2237, 2207, 2208, 4648, 32.560, 23.64, 1.40, 32.560, 23.64, 1.41, 0.005, 298.41, 59.84);
insert into SHOT values (2238, 2208, 2209, 4648, 8.220, 5.11, -9.67, 8.219, 5.10, -9.67, 0.002, 240.06, 20.26);
insert into SHOT values (2239, 2209, 2210, 4648, 18.310, 22.85, -5.13, 18.308, 22.88, -5.14, 0.010, 123.53, -15.61);
insert into SHOT values (2240, 2210, 2211, 4648, 25.000, 345.00, 0.00, 25.004, 344.98, 0.00, 0.010, 281.02, 0.00);
insert into SHOT values (2241, 2209, 2212, 4648, 16.970, 341.71, -37.81, 16.966, 341.74, -37.81, 0.008, 88.41, 24.17);
insert into SHOT values (2242, 2186, 2213, 4648, 5.140, 163.79, 2.47, 5.102, 163.59, 2.36, 0.043, 8.93, -15.48);
insert into SHOT values (2243, 2213, 2214, 4648, 5.820, 236.05, -10.38, 5.785, 236.25, -10.46, 0.042, 26.91, -1.90);
insert into SHOT values (2244, 2214, 2215, 4648, 6.310, 188.33, -1.87, 6.277, 188.16, -1.92, 0.039, 38.18, -6.10);
insert into SHOT values (2245, 2215, 2216, 4648, 18.840, 246.54, -31.92, 18.826, 247.15, -32.45, 0.242, 8.49, -34.95);
insert into SHOT values (2246, 2216, 2217, 4648, 9.610, 345.37, -34.94, 9.632, 345.74, -34.75, 0.064, 39.86, 12.57);
insert into SHOT values (2247, 2174, 2218, 4648, 2.020, 44.64, 75.04, 2.019, 45.00, 74.98, 0.004, 105.99, -22.28);
insert into SHOT values (2248, 2174, 2219, 4648, 3.010, 160.58, 70.96, 3.007, 160.46, 70.84, 0.007, 138.14, -45.34);
insert into SHOT values (2249, 2174, 2220, 4648, 0.660, 141.90, -82.97, 0.665, 140.19, -83.25, 0.006, 2.53, -54.27);
insert into SHOT values (2250, 2174, 2221, 4648, 1.340, 103.05, -81.33, 1.346, 104.04, -81.19, 0.008, 143.73, -44.30);
insert into SHOT values (2251, 2174, 2222, 4648, 3.680, 57.49, 5.74, 3.682, 57.48, 5.61, 0.009, 46.48, -69.14);
insert into SHOT values (2252, 2174, 2223, 4648, 1.510, 37.66, -4.19, 1.508, 37.71, -4.18, 0.002, 182.75, 8.45);
insert into SHOT values (2253, 2174, 2224, 4648, 2.490, 220.02, 6.30, 2.492, 219.92, 6.22, 0.006, 161.61, -33.61);
insert into SHOT values (2254, 2178, 2225, 4648, 7.540, 9.98, 87.82, 7.535, 10.12, 87.84, 0.005, 173.23, -61.26);
insert into SHOT values (2255, 2178, 2226, 4648, 8.780, 352.85, 85.72, 8.784, 352.98, 85.72, 0.005, 95.92, 70.75);
insert into SHOT values (2256, 2178, 2227, 4648, 1.500, 122.39, -80.23, 1.501, 123.69, -80.32, 0.006, 233.55, -15.95);
insert into SHOT values (2257, 2178, 2228, 4648, 1.540, 289.82, -66.08, 1.543, 289.59, -66.05, 0.004, 236.36, -36.19);
insert into SHOT values (2258, 2178, 2229, 4648, 5.920, 103.46, 9.74, 5.916, 103.49, 9.73, 0.005, 246.83, -17.72);
insert into SHOT values (2259, 2178, 2230, 4648, 0.980, 101.10, 16.66, 0.978, 101.07, 16.63, 0.002, 300.06, -32.55);
insert into SHOT values (2260, 2178, 2231, 4648, 1.280, 278.82, 17.77, 1.284, 278.46, 17.68, 0.009, 218.48, -4.23);
insert into SHOT values (2261, 2178, 2232, 4648, 5.170, 286.07, 10.35, 5.173, 286.08, 10.36, 0.004, 307.22, 17.83);
insert into SHOT values (2262, 2193, 2233, 4648, 5.810, 177.48, 82.79, 5.816, 176.86, 82.78, 0.010, 100.79, 36.32);
insert into SHOT values (2263, 2193, 2234, 4648, 5.290, 101.66, 74.68, 5.298, 101.95, 74.67, 0.011, 171.14, 46.33);
insert into SHOT values (2264, 2193, 2235, 4648, 1.490, 238.41, -85.03, 1.486, 237.53, -84.97, 0.005, 181.04, 61.57);
insert into SHOT values (2265, 2193, 2236, 4648, 4.150, 95.34, 36.05, 4.155, 95.47, 36.14, 0.011, 185.38, 44.97);
insert into SHOT values (2266, 2193, 2237, 4648, 8.280, 84.04, 7.65, 8.289, 84.06, 7.70, 0.011, 104.58, 42.99);
insert into SHOT values (2267, 2193, 2238, 4648, 8.720, 230.87, -2.95, 8.719, 230.83, -2.96, 0.007, 128.87, -10.28);
insert into SHOT values (2268, 2193, 2239, 4648, 12.140, 212.02, 6.97, 12.144, 212.02, 7.00, 0.007, 194.10, 65.52);
insert into SHOT values (2269, 2195, 2240, 4648, 6.920, 57.44, 86.16, 6.926, 57.34, 86.16, 0.006, 314.53, 81.40);
insert into SHOT values (2270, 2195, 2241, 4648, 9.970, 136.21, 60.95, 9.972, 136.17, 60.98, 0.006, 358.00, 41.94);
insert into SHOT values (2271, 2195, 2242, 4648, 1.680, 237.38, -87.89, 1.681, 239.04, -88.01, 0.004, 32.10, -16.10);
insert into SHOT values (2272, 2195, 2243, 4648, 9.510, 350.13, 1.43, 9.514, 350.13, 1.45, 0.005, 354.29, 35.90);
insert into SHOT values (2273, 2195, 2244, 4648, 1.260, 146.63, 26.54, 1.258, 146.59, 26.44, 0.003, 359.07, -65.18);
insert into SHOT values (2274, 2199, 2245, 4648, 4.170, 359.46, 46.16, 4.173, 359.41, 46.16, 0.004, 302.80, 34.54);
insert into SHOT values (2275, 2199, 2246, 4648, 1.740, 24.43, 82.35, 1.735, 23.20, 82.43, 0.007, 261.25, -37.57);
insert into SHOT values (2276, 2199, 2247, 4648, 2.840, 157.25, -2.92, 2.836, 157.15, -3.03, 0.008, 29.27, -39.43);
insert into SHOT values (2277, 2199, 2248, 4648, 2.780, 159.67, -0.60, 2.772, 159.73, -0.62, 0.009, 319.08, -5.74);
insert into SHOT values (2278, 2200, 2249, 4648, 7.140, 51.65, 87.07, 7.140, 51.58, 87.03, 0.005, 46.79, -7.32);
insert into SHOT values (2279, 2200, 2250, 4648, 1.560, 150.56, -80.91, 1.559, 150.26, -81.07, 0.005, 346.21, 4.90);
insert into SHOT values (2280, 2200, 2251, 4648, 0.180, 357.04, -16.98, 0.177, 356.63, -16.36, 0.003, 209.99, 49.13);
insert into SHOT values (2281, 2200, 2252, 4648, 3.170, 306.25, 26.10, 3.172, 306.43, 26.19, 0.010, 40.65, 31.45);
insert into SHOT values (2282, 2200, 2253, 4648, 4.040, 146.74, 4.58, 4.043, 146.74, 4.54, 0.004, 151.82, -41.62);
insert into SHOT values (2283, 2205, 2254, 4648, 1.190, 0.29, 83.73, 1.187, 0.00, 83.71, 0.003, 273.23, -77.12);
insert into SHOT values (2284, 2205, 2255, 4648, 1.190, 316.76, -87.71, 1.191, 315.00, -87.96, 0.005, 150.98, -10.16);
insert into SHOT values (2285, 2205, 2256, 4648, 2.000, 357.99, 5.06, 1.999, 357.99, 5.17, 0.004, 187.30, 74.66);
insert into SHOT values (2286, 2205, 2257, 4648, 26.770, 79.79, -3.19, 26.773, 79.81, -3.19, 0.009, 148.75, -2.03);
insert into SHOT values (2287, 2205, 2258, 4648, 0.960, 159.93, -0.53, 0.968, 160.07, -0.59, 0.008, 176.07, -7.63);
insert into SHOT values (2288, 2208, 2259, 4648, 0.740, 320.77, 78.20, 0.735, 323.13, 78.23, 0.008, 64.02, -34.50);
insert into SHOT values (2289, 2208, 2260, 4648, 1.060, 309.13, -76.67, 1.058, 308.29, -76.77, 0.004, 185.68, 18.73);
insert into SHOT values (2290, 2208, 2261, 4648, 2.060, 279.45, -13.93, 2.059, 279.51, -14.05, 0.005, 52.97, -55.00);
insert into SHOT values (2291, 2208, 2262, 4648, 32.550, 23.68, 1.39, 32.550, 23.68, 1.39, 0.001, 125.66, 21.46);
insert into SHOT values (2292, 2208, 2263, 4648, 4.120, 129.04, 33.46, 4.122, 129.10, 33.42, 0.005, 176.51, -17.40);
insert into SURVEY values (4650, 71, 'jetstream', 'jetstream.clearwater_master', NULL);
 insert into CENTRELINE values (4651, 4650, NULL, NULL, NULL, 0.00, 0.00, 0.00);
 insert into CENTRELINE values (4652, 4650, NULL, '2011-07-06', NULL, 2060.46, 0.00, 0.00);
 insert into SHOT values (2293, 2264, 2265, 4652, 22.741, 193.20, 4.00, 22.745, 193.20, 4.01, 0.005, 175.80, 44.10);
insert into SHOT values (2294, 2265, 2266, 4652, 6.665, 108.28, 13.79, 6.666, 108.27, 13.71, 0.009, 85.56, -66.52);
insert into SHOT values (2295, 2265, 2267, 4652, 1.040, 252.58, -11.49, 1.037, 252.81, -11.69, 0.006, 25.30, -26.64);
insert into SHOT values (2296, 2265, 2268, 4652, 10.555, 102.36, 75.15, 10.552, 102.39, 75.16, 0.004, 248.55, -43.29);
insert into SHOT values (2297, 2265, 2269, 4652, 1.413, 149.65, -64.45, 1.416, 149.20, -64.69, 0.008, 19.31, -39.61);
insert into SHOT values (2298, 2265, 2270, 4652, 11.207, 57.79, 39.24, 11.200, 57.76, 39.21, 0.011, 310.41, -60.14);
insert into SHOT values (2299, 2270, 2271, 4652, 6.582, 21.29, 14.02, 6.584, 21.30, 14.07, 0.006, 95.11, 76.10);
insert into SHOT values (2300, 2270, 2272, 4652, 8.648, 191.91, 11.68, 8.652, 191.85, 11.74, 0.013, 113.50, 47.50);
insert into SHOT values (2301, 2270, 2273, 4652, 3.400, 165.08, 81.53, 3.406, 164.85, 81.61, 0.008, 15.19, 60.25);
insert into SHOT values (2302, 2270, 2274, 4652, 0.686, 116.68, -70.45, 0.681, 115.46, -70.03, 0.009, 57.84, 48.19);
insert into SHOT values (2303, 2270, 2275, 4652, 18.735, 61.99, 30.80, 18.741, 61.99, 30.81, 0.008, 43.69, 63.35);
insert into SHOT values (2304, 2275, 2276, 4652, 3.390, 301.16, -3.89, 3.386, 301.20, -3.89, 0.004, 90.62, -0.25);
insert into SHOT values (2305, 2275, 2277, 4652, 15.742, 112.12, 45.00, 15.739, 112.12, 45.00, 0.003, 306.29, -27.40);
insert into SHOT values (2306, 2275, 2278, 4652, 7.988, 47.46, 78.83, 7.981, 47.63, 78.85, 0.009, 181.50, -46.98);
insert into SHOT values (2307, 2275, 2279, 4652, 1.163, 358.64, -75.30, 1.167, 0.00, -75.61, 0.010, 125.72, -30.43);
insert into SHOT values (2308, 2275, 2280, 4652, 17.029, 11.57, 4.31, 17.024, 11.59, 4.31, 0.007, 143.84, 1.78);
insert into SHOT values (2309, 2280, 2281, 4652, 2.784, 293.37, 6.08, 2.783, 293.42, 5.98, 0.005, 33.10, -65.16);
insert into SHOT values (2310, 2280, 2282, 4652, 6.624, 117.34, 23.51, 6.619, 117.37, 23.51, 0.006, 266.67, -22.78);
insert into SHOT values (2311, 2280, 2283, 4652, 10.763, 339.71, 85.16, 10.758, 339.37, 85.16, 0.007, 250.90, -40.62);
insert into SHOT values (2312, 2280, 2284, 4652, 2.022, 202.23, -52.76, 2.022, 202.58, -52.76, 0.008, 290.72, -2.05);
insert into SHOT values (2313, 2280, 2285, 4652, 8.249, 312.23, 27.22, 8.246, 312.24, 27.20, 0.004, 98.55, -63.25);
insert into SHOT values (2314, 2280, 2286, 4652, 53.651, 313.45, 57.55, 53.649, 313.45, 57.55, 0.005, 333.11, -55.02);
insert into SHOT values (2315, 2280, 2287, 4652, 42.533, 319.76, 64.73, 42.531, 319.76, 64.73, 0.003, 281.16, -71.17);
insert into SHOT values (2316, 2280, 2288, 4652, 22.905, 335.07, 54.81, 22.907, 335.05, 54.81, 0.006, 270.07, 9.24);
insert into SHOT values (2317, 2280, 2289, 4652, 9.726, 359.92, 39.54, 9.725, 359.92, 39.53, 0.002, 136.18, -68.52);
insert into SHOT values (2318, 2280, 2290, 4652, 4.925, 22.81, -2.18, 4.929, 22.82, -2.21, 0.005, 31.08, -33.47);
insert into SHOT values (2319, 2280, 2291, 4652, 8.827, 315.57, -30.35, 8.826, 315.59, -30.35, 0.002, 79.68, 2.69);
insert into SHOT values (2320, 2280, 2292, 4652, 5.544, 68.66, 11.79, 5.541, 68.59, 11.77, 0.008, 315.83, -21.38);
insert into SHOT values (2321, 2280, 2293, 4652, 6.234, 87.44, 51.83, 6.234, 87.47, 51.82, 0.003, 148.92, -23.39);
insert into SHOT values (2322, 2280, 2294, 4652, 9.407, 132.35, 80.55, 9.407, 132.37, 80.56, 0.002, 287.81, 23.33);
insert into SHOT values (2323, 2280, 2295, 4652, 6.393, 141.84, 51.72, 6.390, 141.88, 51.78, 0.008, 300.20, 10.73);
insert into SHOT values (2324, 2280, 2296, 4652, 8.774, 172.07, 27.76, 8.771, 172.08, 27.72, 0.007, 266.21, -80.02);
insert into SHOT values (2325, 2280, 2297, 4652, 7.321, 177.41, 16.64, 7.312, 177.46, 16.61, 0.012, 316.13, -32.55);
insert into SHOT values (2326, 2298, 2280, 4652, 18.458, 142.27, -46.39, 18.455, 142.28, -46.38, 0.005, 227.77, 76.20);
insert into SHOT values (2327, 2298, 2299, 4652, 5.000, 197.54, -2.88, 5.000, 197.60, -2.87, 0.005, 286.69, 13.06);
insert into SHOT values (2328, 2298, 2300, 4652, 0.914, 59.90, -1.69, 0.914, 59.79, -1.25, 0.007, 347.46, 75.01);
insert into SHOT values (2329, 2298, 2301, 4652, 10.984, 135.48, 72.91, 10.984, 135.50, 72.93, 0.004, 294.85, 15.58);
insert into SHOT values (2330, 2298, 2302, 4652, 1.208, 55.32, -68.93, 1.209, 54.46, -69.16, 0.008, 292.09, -19.76);
insert into SHOT values (2331, 2298, 2303, 4652, 21.525, 264.01, 74.71, 21.533, 264.04, 74.70, 0.009, 296.27, 52.54);
insert into SHOT values (2332, 2304, 2303, 4652, 7.525, 164.97, 26.43, 7.528, 164.95, 26.43, 0.003, 128.76, 10.27);
insert into SHOT values (2333, 2304, 2305, 4652, 4.380, 206.38, 7.10, 4.385, 206.33, 7.07, 0.006, 168.95, -12.29);
insert into SHOT values (2334, 2304, 2306, 4652, 2.449, 14.25, 2.95, 2.450, 14.43, 2.81, 0.010, 93.60, -37.09);
insert into SHOT values (2335, 2304, 2307, 4652, 20.456, 222.26, 81.40, 20.450, 222.08, 81.40, 0.011, 130.73, -32.66);
insert into SHOT values (2336, 2304, 2308, 4652, 1.460, 226.42, -84.41, 1.467, 225.00, -84.47, 0.008, 122.95, -62.57);
insert into SHOT values (2337, 2304, 2309, 4652, 5.063, 239.50, 1.32, 5.062, 239.48, 1.25, 0.007, 128.62, -76.22);
insert into SHOT values (2338, 2304, 2310, 4652, 7.293, 266.69, 7.93, 7.291, 266.67, 7.88, 0.007, 157.65, -62.71);
insert into SHOT values (2339, 2304, 2311, 4652, 6.754, 287.38, 6.98, 6.746, 287.38, 6.98, 0.008, 107.75, -5.29);
insert into SHOT values (2340, 2304, 2312, 4652, 4.515, 321.36, 5.59, 4.512, 321.42, 5.60, 0.006, 88.31, 1.93);
insert into SHOT values (2341, 2304, 2313, 4652, 9.415, 305.97, 39.85, 9.411, 305.93, 39.85, 0.006, 181.02, -28.04);
insert into SHOT values (2342, 2304, 2314, 4652, 14.832, 267.02, 49.81, 14.826, 267.00, 49.83, 0.009, 105.79, -1.90);
insert into SHOT values (2343, 2304, 2315, 4652, 25.899, 287.97, 54.20, 25.893, 287.96, 54.20, 0.007, 168.94, -54.59);
insert into SHOT values (2344, 2304, 2316, 4652, 22.159, 250.17, 80.51, 22.152, 250.12, 80.52, 0.009, 95.26, -39.90);
insert into SHOT values (2345, 2304, 2317, 4652, 52.731, 235.14, 74.61, 52.730, 235.13, 74.61, 0.003, 114.10, -2.82);
insert into SHOT values (2346, 2304, 2318, 4652, 51.635, 264.82, 66.43, 51.627, 264.80, 66.43, 0.010, 153.53, -47.73);
insert into SHOT values (2347, 2304, 2319, 4652, 22.050, 287.33, 66.91, 22.044, 287.30, 66.92, 0.008, 139.92, -24.98);
insert into SHOT values (2348, 2304, 2320, 4652, 15.349, 294.92, 83.46, 15.349, 294.80, 83.49, 0.009, 140.55, 5.89);
insert into SHOT values (2349, 2304, 2321, 4652, 25.363, 256.33, 68.05, 25.358, 256.33, 68.05, 0.005, 75.09, -64.34);
insert into SHOT values (2350, 2321, 2322, 4652, 4.788, 122.42, 3.03, 4.795, 122.46, 2.99, 0.008, 149.54, -21.85);
insert into SHOT values (2351, 2321, 2323, 4652, 5.719, 305.55, -14.51, 5.715, 305.59, -14.49, 0.006, 78.30, 31.52);
insert into SHOT values (2352, 2321, 2324, 4652, 29.233, 320.62, 85.07, 29.238, 320.66, 85.08, 0.007, 115.28, 49.91);
insert into SHOT values (2353, 2321, 2325, 4652, 24.190, 41.63, -71.67, 24.187, 41.70, -71.67, 0.009, 135.13, 16.61);
insert into SHOT values (2354, 2321, 2326, 4652, 4.762, 21.74, -8.65, 4.762, 21.82, -8.70, 0.008, 115.57, -28.81);
insert into SHOT values (2355, 2321, 2327, 4652, 5.164, 223.11, 61.20, 5.169, 223.05, 61.20, 0.006, 177.76, 51.21);
insert into SHOT values (2356, 2327, 2328, 4652, 8.732, 94.25, 37.82, 8.730, 94.24, 37.79, 0.005, 45.47, -68.64);
insert into SHOT values (2357, 2327, 2329, 4652, 9.587, 332.96, 1.46, 9.587, 333.01, 1.43, 0.009, 61.77, -28.40);
insert into SHOT values (2358, 2327, 2330, 4652, 27.200, 14.75, 85.38, 27.199, 14.80, 85.38, 0.003, 58.96, -32.30);
insert into SHOT values (2359, 2327, 2331, 4652, 13.371, 6.38, -48.61, 13.380, 6.36, -48.62, 0.010, 329.76, -61.44);
insert into SHOT values (2360, 2327, 2332, 4652, 12.649, 176.36, 44.62, 12.642, 176.37, 44.62, 0.007, 342.79, -40.92);
insert into SHOT values (2361, 2332, 2333, 4652, 24.614, 94.84, 37.82, 24.617, 94.84, 37.81, 0.006, 84.76, -26.63);
insert into SHOT values (2362, 2332, 2334, 4652, 10.985, 298.69, 11.45, 10.977, 298.66, 11.46, 0.010, 151.96, -3.88);
insert into SHOT values (2363, 2332, 2335, 4652, 11.886, 36.39, 78.45, 11.891, 36.63, 78.45, 0.011, 125.53, 25.26);
insert into SHOT values (2364, 2332, 2336, 4652, 22.103, 358.68, -40.02, 22.099, 358.68, -40.02, 0.004, 181.56, 54.81);
insert into SHOT values (2365, 2332, 2337, 4652, 7.209, 228.35, 25.74, 7.210, 228.31, 25.73, 0.005, 153.67, -8.98);
insert into SHOT values (2366, 2337, 2338, 4652, 8.649, 76.81, -4.62, 8.647, 76.79, -4.64, 0.006, 309.66, -36.64);
insert into SHOT values (2367, 2337, 2339, 4652, 18.004, 75.52, 13.01, 18.009, 75.51, 13.00, 0.007, 54.70, -25.10);
insert into SHOT values (2368, 2337, 2340, 4652, 24.596, 76.54, 25.12, 24.596, 76.55, 25.12, 0.004, 151.69, -18.47);
insert into SHOT values (2369, 2337, 2341, 4652, 4.214, 76.79, 44.40, 4.215, 76.75, 44.42, 0.003, 330.42, 35.52);
insert into SHOT values (2370, 2337, 2342, 4652, 11.765, 63.46, 67.26, 11.765, 63.49, 67.26, 0.003, 144.24, -10.98);
insert into SHOT values (2371, 2337, 2343, 4652, 9.773, 225.22, 76.92, 9.774, 225.18, 76.91, 0.002, 181.92, 15.07);
insert into SHOT values (2372, 2337, 2344, 4652, 9.876, 230.12, 49.43, 9.876, 230.11, 49.41, 0.003, 211.00, -45.69);
insert into SHOT values (2373, 2337, 2345, 4652, 16.289, 262.74, 41.05, 16.286, 262.75, 41.07, 0.007, 67.23, 24.01);
insert into SHOT values (2374, 2337, 2346, 4652, 5.468, 288.17, 26.58, 5.466, 288.25, 26.63, 0.009, 50.85, 22.64);
insert into SHOT values (2375, 2337, 2347, 4652, 6.851, 285.46, 59.10, 6.852, 285.50, 59.11, 0.003, 24.26, 30.65);
insert into SHOT values (2376, 2337, 2348, 4652, 6.118, 308.42, 4.39, 6.118, 308.41, 4.41, 0.002, 227.04, 58.77);
insert into SHOT values (2377, 2337, 2349, 4652, 10.207, 342.20, 31.03, 10.207, 342.23, 31.02, 0.005, 57.82, -19.71);
insert into SHOT values (2378, 2337, 2350, 4652, 9.719, 328.59, 67.49, 9.722, 328.61, 67.47, 0.005, 349.19, 18.14);
insert into SHOT values (2379, 2337, 2351, 4652, 11.975, 42.07, 70.57, 11.973, 42.05, 70.55, 0.004, 16.73, -44.71);
insert into SHOT values (2380, 2337, 2352, 4652, 9.560, 97.89, 16.27, 9.560, 97.89, 16.28, 0.002, 228.16, 77.64);
insert into SHOT values (2381, 2337, 2353, 4652, 17.870, 74.60, 15.34, 17.877, 74.59, 15.34, 0.007, 56.51, 21.50);
insert into SHOT values (2382, 2353, 2354, 4652, 6.747, 15.24, -3.91, 6.743, 15.26, -3.91, 0.005, 172.62, 0.92);
insert into SHOT values (2383, 2353, 2355, 4652, 22.418, 238.00, -0.73, 22.419, 238.00, -0.74, 0.005, 180.04, -74.27);
insert into SHOT values (2384, 2353, 2356, 4652, 6.995, 128.93, 83.14, 6.990, 129.19, 83.11, 0.007, 179.48, -44.60);
insert into SHOT values (2385, 2353, 2357, 4652, 6.219, 42.43, -27.71, 6.213, 42.42, -27.72, 0.006, 230.80, 16.74);
insert into SHOT values (2386, 2353, 2358, 4652, 7.442, 131.03, 11.12, 7.439, 131.11, 11.08, 0.012, 233.36, -26.33);
insert into SHOT values (2387, 2358, 2359, 4652, 5.973, 62.69, -3.91, 5.980, 62.66, -3.84, 0.011, 40.77, 42.93);
insert into SHOT values (2388, 2358, 2360, 4652, 7.097, 246.18, 7.38, 7.089, 246.17, 7.46, 0.012, 74.04, 42.90);
insert into SHOT values (2389, 2358, 2361, 4652, 7.009, 195.61, 83.21, 7.009, 195.38, 83.20, 0.004, 122.27, 2.59);
insert into SHOT values (2390, 2358, 2362, 4652, 3.659, 164.39, -36.64, 3.651, 164.35, -36.66, 0.009, 359.72, 25.30);
insert into SHOT values (2391, 2358, 2363, 4652, 15.780, 151.07, -5.75, 15.781, 151.05, -5.75, 0.005, 74.87, 10.63);
insert into SHOT values (2392, 2363, 2364, 4652, 7.514, 51.13, -13.53, 7.519, 51.11, -13.54, 0.006, 21.83, -19.51);
insert into SHOT values (2393, 2363, 2365, 4652, 7.383, 214.37, 5.31, 7.385, 214.36, 5.36, 0.007, 178.02, 72.26);
insert into SHOT values (2394, 2363, 2366, 4652, 9.619, 141.35, 78.00, 9.620, 141.30, 78.01, 0.002, 26.58, 29.74);
insert into SHOT values (2395, 2363, 2367, 4652, 3.772, 102.62, -52.83, 3.765, 102.69, -52.82, 0.007, 242.01, 52.14);
insert into SHOT values (2396, 2363, 2368, 4652, 22.173, 106.51, 3.60, 22.177, 106.51, 3.62, 0.008, 111.73, 66.43);
insert into SHOT values (2397, 2368, 2369, 4652, 1.860, 18.85, 0.43, 1.859, 18.82, 0.31, 0.004, 258.24, -76.46);
insert into SHOT values (2398, 2368, 2370, 4652, 3.587, 205.66, 38.95, 3.581, 205.74, 38.92, 0.007, 335.70, -45.13);
insert into SHOT values (2399, 2368, 2371, 4652, 9.919, 142.54, 79.83, 9.915, 142.67, 79.85, 0.006, 272.38, -31.18);
insert into SHOT values (2400, 2368, 2372, 4652, 1.498, 117.14, -57.71, 1.499, 116.89, -57.92, 0.007, 337.12, -33.76);
insert into SHOT values (2401, 2368, 2373, 4652, 10.163, 117.53, 17.07, 10.157, 117.54, 17.06, 0.006, 275.83, -31.76);
insert into SHOT values (2402, 2373, 2374, 4652, 0.675, 120.32, 13.80, 0.678, 120.07, 13.65, 0.004, 77.45, -13.38);
insert into SHOT values (2403, 2373, 2375, 4652, 5.926, 248.70, 23.14, 5.929, 248.71, 23.14, 0.003, 259.45, 21.60);
insert into SHOT values (2404, 2373, 2376, 4652, 10.499, 223.76, 61.27, 10.491, 223.79, 61.27, 0.008, 5.63, -52.72);
insert into SHOT values (2405, 2373, 2377, 4652, 1.081, 192.08, -62.63, 1.078, 191.77, -62.94, 0.007, 33.86, -0.09);
insert into SHOT values (2406, 2373, 2378, 4652, 30.748, 173.08, 1.22, 30.742, 173.07, 1.21, 0.011, 41.24, -26.33);
insert into SHOT values (2407, 2378, 2379, 4652, 13.436, 7.75, 13.74, 13.433, 7.75, 13.74, 0.003, 180.20, -28.95);
insert into SHOT values (2408, 2378, 2380, 4652, 3.213, 175.17, 34.51, 3.214, 175.24, 34.49, 0.003, 238.38, -5.41);
insert into SHOT values (2409, 2378, 2381, 4652, 5.377, 285.60, 86.31, 5.382, 284.83, 86.25, 0.008, 245.43, 29.40);
insert into SHOT values (2410, 2378, 2382, 4652, 2.926, 46.26, -46.99, 2.925, 46.22, -47.02, 0.002, 271.72, -11.47);
insert into SHOT values (2411, 2378, 2383, 4652, 28.955, 48.39, 5.63, 28.948, 48.39, 5.63, 0.007, 223.21, -5.00);
insert into SHOT values (2412, 2383, 2384, 4652, 7.464, 14.69, 45.14, 7.462, 14.75, 45.14, 0.006, 120.19, -7.34);
insert into SHOT values (2413, 2383, 2385, 4652, 4.304, 185.76, 11.23, 4.304, 185.71, 11.26, 0.004, 85.69, 26.02);
insert into SHOT values (2414, 2383, 2386, 4652, 10.609, 28.03, 81.49, 10.617, 28.03, 81.47, 0.009, 27.92, 58.59);
insert into SHOT values (2415, 2383, 2387, 4652, 1.788, 286.84, -78.64, 1.786, 286.39, -78.55, 0.005, 235.16, 39.92);
insert into SHOT values (2416, 2383, 2388, 4652, 4.021, 131.62, 1.20, 4.025, 131.57, 1.28, 0.007, 88.65, 50.96);
insert into SHOT values (2417, 2383, 2389, 4652, 11.790, 118.24, -7.47, 11.790, 118.23, -7.46, 0.003, 49.04, 54.93);
insert into SHOT values (2418, 2389, 2390, 4652, 0.218, 80.93, 8.96, 0.214, 81.87, 8.05, 0.006, 213.85, -39.75);
insert into SHOT values (2419, 2389, 2391, 4652, 8.227, 251.46, 40.26, 8.228, 251.42, 40.28, 0.005, 147.79, 36.21);
insert into SHOT values (2420, 2389, 2392, 4652, 12.274, 235.27, 63.02, 12.276, 235.31, 63.02, 0.005, 303.90, 23.10);
insert into SHOT values (2421, 2389, 2393, 4652, 1.450, 221.18, -64.90, 1.448, 221.71, -64.81, 0.007, 300.44, 27.89);
insert into SHOT values (2422, 2389, 2394, 4652, 12.434, 169.93, -0.88, 12.432, 169.95, -0.88, 0.004, 284.70, 13.65);
insert into SHOT values (2423, 2394, 2395, 4652, 1.271, 94.71, 16.78, 1.279, 94.69, 16.82, 0.008, 90.63, 22.98);
insert into SHOT values (2424, 2394, 2396, 4652, 1.732, 255.68, 13.79, 1.732, 255.55, 13.69, 0.005, 182.69, -35.68);
insert into SHOT values (2425, 2394, 2397, 4652, 14.154, 219.20, 47.09, 14.157, 219.19, 47.10, 0.004, 161.36, 56.29);
insert into SHOT values (2426, 2394, 2398, 4652, 2.969, 221.45, -44.40, 2.969, 221.36, -44.47, 0.005, 90.51, -32.68);
insert into SHOT values (2427, 2394, 2399, 4652, 9.641, 179.90, -9.79, 9.641, 179.88, -9.79, 0.004, 80.22, -10.91);
insert into SHOT values (2428, 2399, 2400, 4652, 7.119, 30.73, 4.00, 7.116, 30.76, 4.03, 0.006, 166.18, 36.43);
insert into SHOT values (2429, 2399, 2401, 4652, 3.907, 203.60, 29.20, 3.914, 203.64, 29.21, 0.008, 224.19, 30.75);
insert into SHOT values (2430, 2399, 2402, 4652, 7.908, 276.50, 84.04, 7.913, 276.26, 84.02, 0.007, 234.61, 42.94);
insert into SHOT values (2431, 2399, 2403, 4652, 4.203, 41.69, -43.20, 4.207, 41.70, -43.20, 0.004, 47.36, -43.22);
insert into SHOT values (2432, 2399, 2404, 4652, 12.676, 53.54, 10.51, 12.669, 53.55, 10.51, 0.008, 211.11, -16.16);
insert into SHOT values (2433, 2404, 2405, 4652, 5.144, 324.68, 15.70, 5.141, 324.70, 15.69, 0.004, 100.99, -32.69);
insert into SHOT values (2434, 2404, 2406, 4652, 6.009, 109.48, 27.95, 6.015, 109.46, 27.96, 0.007, 88.70, 31.86);
insert into SHOT values (2435, 2404, 2407, 4652, 5.068, 307.27, 79.66, 5.072, 307.38, 79.71, 0.006, 102.44, 47.21);
insert into SHOT values (2436, 2404, 2408, 4652, 1.724, 31.17, -42.75, 1.730, 31.20, -42.56, 0.008, 35.03, 1.74);
insert into SHOT values (2437, 2404, 2409, 4652, 16.457, 185.09, 13.35, 16.458, 185.09, 13.35, 0.001, 143.94, 5.26);
insert into SHOT values (2438, 2404, 2410, 4652, 21.819, 51.52, 1.18, 21.825, 51.51, 1.18, 0.007, 26.99, 5.52);
insert into SHOT values (2439, 2410, 2411, 4652, 8.823, 321.16, 2.17, 8.818, 321.13, 2.21, 0.009, 185.03, 38.90);
insert into SHOT values (2440, 2410, 2412, 4652, 5.603, 141.20, 19.28, 5.599, 141.22, 19.29, 0.004, 293.65, -0.35);
insert into SHOT values (2441, 2410, 2413, 4652, 4.520, 46.23, 76.05, 4.523, 46.49, 76.06, 0.006, 140.41, 33.96);
insert into SHOT values (2442, 2410, 2414, 4652, 7.206, 44.51, -41.18, 7.203, 44.48, -41.15, 0.006, 317.74, 56.00);
insert into SHOT values (2443, 2410, 2415, 4652, 28.440, 81.91, 8.15, 28.437, 81.91, 8.15, 0.004, 233.87, -29.26);
insert into SHOT values (2444, 2410, 2416, 4652, 25.230, 109.03, 19.51, 25.232, 109.04, 19.52, 0.007, 196.18, 33.01);
insert into SHOT values (2445, 2410, 2417, 4652, 16.824, 106.52, 40.96, 16.826, 106.55, 40.96, 0.007, 183.76, 10.23);
insert into SHOT values (2446, 2410, 2418, 4652, 15.332, 77.65, 41.00, 15.330, 77.67, 41.01, 0.006, 215.17, 12.30);
insert into SHOT values (2447, 2410, 2419, 4652, 14.463, 56.15, 30.84, 14.460, 56.17, 30.87, 0.010, 203.72, 36.24);
insert into SHOT values (2448, 2410, 2420, 4652, 5.633, 158.67, 33.92, 5.641, 158.70, 33.95, 0.009, 182.44, 48.49);
insert into SHOT values (2449, 2410, 2421, 4652, 12.330, 47.55, 19.79, 12.331, 47.55, 19.81, 0.005, 224.27, 81.34);
insert into SHOT values (2450, 2410, 2422, 4652, 8.578, 46.80, -17.11, 8.578, 46.83, -17.08, 0.006, 120.54, 41.13);
insert into SHOT values (2451, 2410, 2423, 4652, 12.920, 29.79, -17.58, 12.921, 29.79, -17.57, 0.003, 39.46, 60.25);
insert into SHOT values (2452, 2410, 2424, 4652, 16.159, 4.11, -17.21, 16.153, 4.13, -17.21, 0.007, 147.43, 8.58);
insert into SHOT values (2453, 2410, 2425, 4652, 12.133, 345.87, -3.81, 12.134, 345.85, -3.78, 0.008, 271.20, 53.46);
insert into SHOT values (2454, 2410, 2426, 4652, 6.480, 317.73, 44.93, 6.482, 317.65, 44.96, 0.007, 221.52, 29.06);
insert into SHOT values (2455, 2410, 2427, 4652, 7.699, 305.55, 12.85, 7.698, 305.51, 12.83, 0.006, 214.71, -23.82);
insert into SHOT values (2456, 2410, 2428, 4652, 21.864, 11.28, 2.02, 21.865, 11.27, 2.02, 0.004, 292.55, -8.74);
insert into SHOT values (2457, 2428, 2429, 4652, 2.998, 310.45, 16.81, 2.995, 310.47, 16.89, 0.005, 116.41, 34.34);
insert into SHOT values (2458, 2428, 2430, 4652, 8.306, 114.73, 16.10, 8.310, 114.74, 16.14, 0.007, 132.96, 71.30);
insert into SHOT values (2459, 2428, 2431, 4652, 5.525, 87.53, 71.36, 5.531, 87.74, 71.32, 0.010, 136.78, 29.87);
insert into SHOT values (2460, 2428, 2432, 4652, 5.332, 50.61, -24.79, 5.335, 50.69, -24.71, 0.011, 101.78, 31.90);
insert into SHOT values (2461, 2428, 2433, 4652, 14.816, 74.57, 9.21, 14.818, 74.58, 9.20, 0.003, 118.01, -29.12);
insert into SHOT values (2462, 2433, 2434, 4652, 11.271, 306.50, -0.67, 11.269, 306.48, -0.66, 0.004, 185.26, 25.28);
insert into SHOT values (2463, 2433, 2435, 4652, 0.681, 110.24, -25.93, 0.682, 109.90, -25.18, 0.010, 70.75, 53.82);
insert into SHOT values (2464, 2433, 2436, 4652, 7.263, 322.38, 60.35, 7.267, 322.36, 60.43, 0.010, 151.30, 49.73);
insert into SHOT values (2465, 2433, 2437, 4652, 1.636, 333.49, -55.18, 1.631, 333.16, -55.23, 0.007, 207.09, 24.75);
insert into SHOT values (2466, 2433, 2438, 4652, 23.310, 341.32, -4.77, 23.304, 341.32, -4.75, 0.010, 180.78, 56.21);
insert into SHOT values (2467, 2439, 2438, 4652, 7.838, 245.12, -16.77, 7.840, 245.11, -16.75, 0.004, 214.87, 24.96);
insert into SHOT values (2468, 2439, 2440, 4652, 4.617, 299.14, -13.40, 4.616, 299.19, -13.40, 0.004, 43.75, -0.28);
insert into SHOT values (2469, 2439, 2441, 4652, 8.433, 82.07, 9.38, 8.432, 82.05, 9.35, 0.005, 342.16, -63.35);
insert into SHOT values (2470, 2439, 2442, 4652, 4.648, 54.36, 66.87, 4.642, 54.39, 66.91, 0.007, 224.60, -38.70);
insert into SHOT values (2471, 2439, 2443, 4652, 7.810, 332.95, -45.87, 7.810, 332.96, -45.91, 0.006, 136.07, -44.38);
insert into SHOT values (2472, 2439, 2444, 4652, 20.988, 22.30, -12.64, 20.991, 22.29, -12.66, 0.008, 336.40, -70.93);
insert into SHOT values (2473, 2444, 2445, 4652, 0.807, 319.91, -10.36, 0.807, 320.10, -9.99, 0.006, 24.59, 60.07);
insert into SHOT values (2474, 2444, 2446, 4652, 7.373, 119.01, 10.79, 7.377, 118.97, 10.78, 0.007, 68.29, -2.62);
insert into SHOT values (2475, 2444, 2447, 4652, 8.654, 100.03, 74.21, 8.657, 100.02, 74.21, 0.003, 83.37, 65.99);
insert into SHOT values (2476, 2444, 2448, 4652, 3.391, 80.76, -48.77, 3.394, 80.75, -48.71, 0.004, 74.36, 3.66);
insert into SHOT values (2477, 2444, 2449, 4652, 8.315, 66.66, 9.78, 8.310, 66.69, 9.84, 0.011, 209.51, 45.75);
insert into SHOT values (2478, 2449, 2450, 4652, 8.109, 282.73, 24.07, 8.106, 282.80, 24.02, 0.011, 12.68, -39.87);
insert into SHOT values (2479, 2449, 2451, 4652, 2.475, 149.16, 14.53, 2.470, 149.04, 14.54, 0.007, 14.20, -7.38);
insert into SHOT values (2480, 2449, 2452, 4652, 8.580, 256.60, 72.86, 8.581, 256.73, 72.87, 0.006, 357.63, 10.01);
insert into SHOT values (2481, 2449, 2453, 4652, 4.597, 215.42, -58.08, 4.592, 215.26, -58.13, 0.009, 85.05, 12.13);
insert into SHOT values (2482, 2449, 2454, 4652, 18.853, 10.71, 4.97, 18.859, 10.74, 4.96, 0.011, 62.12, -17.02);
insert into SHOT values (2483, 2454, 2455, 4652, 6.606, 305.59, -3.50, 6.614, 305.57, -3.47, 0.009, 288.02, 21.33);
insert into SHOT values (2484, 2454, 2456, 4652, 1.806, 120.01, 15.32, 1.799, 120.11, 15.47, 0.009, 278.05, 18.67);
insert into SHOT values (2485, 2454, 2457, 4652, 10.919, 56.88, 69.35, 10.919, 56.89, 69.39, 0.007, 231.70, 21.41);
insert into SHOT values (2486, 2454, 2458, 4652, 1.532, 99.38, -56.19, 1.529, 99.46, -56.16, 0.003, 225.14, 62.68);
insert into SHOT values (2487, 2454, 2459, 4652, 6.280, 23.60, 4.53, 6.281, 23.54, 4.57, 0.008, 296.93, 29.36);
insert into SHOT values (2488, 2459, 2460, 4652, 6.967, 276.78, -3.03, 6.968, 276.77, -3.04, 0.003, 225.79, -41.71);
insert into SHOT values (2489, 2459, 2461, 4652, 7.649, 99.49, 38.99, 7.652, 99.48, 38.95, 0.007, 87.92, -23.22);
insert into SHOT values (2490, 2459, 2462, 4652, 8.008, 58.89, 82.96, 8.000, 59.24, 82.98, 0.010, 182.57, -46.97);
insert into SHOT values (2491, 2459, 2463, 4652, 1.288, 16.67, -73.33, 1.293, 17.45, -73.52, 0.008, 134.52, -47.45);
insert into SHOT values (2492, 2459, 2464, 4652, 9.823, 113.48, 16.67, 9.820, 113.49, 16.63, 0.008, 234.29, -81.06);
insert into SHOT values (2493, 2459, 2465, 4652, 16.580, 24.71, -3.58, 16.579, 24.72, -3.60, 0.006, 132.81, -52.40);
insert into SHOT values (2494, 2465, 2466, 4652, 5.286, 306.37, 21.46, 5.285, 306.40, 21.42, 0.005, 24.35, -52.44);
insert into SHOT values (2495, 2465, 2467, 4652, 5.738, 137.14, 12.11, 5.738, 137.09, 12.07, 0.006, 57.20, -39.72);
insert into SHOT values (2496, 2465, 2468, 4652, 13.150, 76.08, 71.56, 13.156, 76.10, 71.56, 0.006, 103.47, 62.18);
insert into SHOT values (2497, 2465, 2469, 4652, 4.559, 54.94, -38.64, 4.555, 54.97, -38.73, 0.008, 221.10, -23.83);
insert into SHOT values (2498, 2465, 2470, 4652, 23.498, 15.53, 1.84, 23.500, 15.53, 1.85, 0.006, 49.13, 66.40);
insert into SHOT values (2499, 2465, 2471, 4652, 7.642, 15.44, 1.69, 7.638, 15.42, 1.73, 0.007, 230.54, 44.46);
insert into SHOT values (2500, 2465, 2472, 4652, 8.578, 15.53, 1.62, 8.575, 15.50, 1.60, 0.006, 255.29, -22.74);
insert into SHOT values (2501, 2472, 2473, 4652, 3.841, 261.68, 25.39, 3.839, 261.71, 25.46, 0.005, 58.70, 36.99);
insert into SHOT values (2502, 2472, 2474, 4652, 17.041, 69.22, 7.47, 17.043, 69.24, 7.48, 0.007, 148.68, 40.78);
insert into SHOT values (2503, 2472, 2475, 4652, 14.380, 56.26, 53.89, 14.384, 56.25, 53.88, 0.005, 42.91, 32.64);
insert into SHOT values (2504, 2472, 2476, 4652, 2.201, 4.92, -39.74, 2.200, 5.07, -39.53, 0.009, 52.12, 49.19);
insert into SHOT values (2505, 2472, 2477, 4652, 16.751, 59.18, 11.74, 16.755, 59.20, 11.74, 0.006, 116.37, 15.16);
insert into SHOT values (2506, 2472, 2478, 4652, 2.159, 57.49, -16.22, 2.157, 57.61, -16.15, 0.005, 156.72, 34.09);
insert into SHOT values (2507, 2472, 2479, 4652, 18.326, 74.24, -14.08, 18.327, 74.24, -14.05, 0.009, 53.74, 67.37);
insert into SHOT values (2508, 2472, 2480, 4652, 21.317, 68.77, 40.48, 21.322, 68.78, 40.47, 0.006, 103.52, 12.57);
insert into SHOT values (2509, 2472, 2481, 4652, 15.392, 3.99, 6.82, 15.397, 4.01, 6.83, 0.008, 58.94, 15.95);
insert into SHOT values (2510, 2481, 2482, 4652, 8.510, 257.04, 3.39, 8.512, 257.01, 3.37, 0.006, 195.04, -32.92);
insert into SHOT values (2511, 2481, 2483, 4652, 12.741, 51.16, 10.54, 12.732, 51.16, 10.54, 0.009, 229.02, -4.02);
insert into SHOT values (2512, 2481, 2484, 4652, 7.063, 68.27, 81.98, 7.068, 68.42, 82.04, 0.009, 228.13, 40.00);
insert into SHOT values (2513, 2481, 2485, 4652, 0.739, 338.42, -67.51, 0.736, 337.07, -67.45, 0.007, 244.55, 22.72);
insert into SHOT values (2514, 2481, 2486, 4652, 24.667, 56.72, 27.21, 24.664, 56.74, 27.22, 0.008, 176.50, 6.96);
insert into SHOT values (2515, 2481, 2487, 4652, 18.774, 304.70, -23.63, 18.771, 304.70, -23.62, 0.005, 153.55, 71.72);
insert into SHOT values (2516, 2481, 2488, 4652, 28.560, 299.55, -11.11, 28.559, 299.55, -11.10, 0.004, 202.22, 66.57);
insert into SHOT values (2517, 2481, 2489, 4652, 23.119, 294.59, 1.51, 23.121, 294.57, 1.51, 0.009, 215.54, 5.20);
insert into SHOT values (2518, 2481, 2490, 4652, 19.201, 296.28, 13.42, 19.205, 296.28, 13.43, 0.005, 281.20, 44.43);
insert into SHOT values (2519, 2481, 2491, 4652, 16.362, 311.67, 17.98, 16.361, 311.64, 17.98, 0.008, 214.34, -4.84);
insert into SHOT values (2520, 2481, 2492, 4652, 12.805, 339.52, 14.45, 12.801, 339.50, 14.48, 0.008, 193.73, 36.48);
insert into SHOT values (2521, 2481, 2493, 4652, 19.439, 356.44, -1.34, 19.433, 356.43, -1.33, 0.008, 208.01, 33.22);
insert into SHOT values (2522, 2481, 2494, 4652, 28.496, 26.37, 3.61, 28.495, 26.37, 3.62, 0.006, 264.62, 72.17);
insert into SHOT values (2523, 2481, 2495, 4652, 9.335, 83.75, 22.15, 9.331, 83.75, 22.16, 0.005, 254.82, 4.71);
insert into SHOT values (2524, 2481, 2496, 4652, 24.151, 19.78, -4.67, 24.149, 19.77, -4.68, 0.007, 263.91, -32.46);
insert into SHOT values (2525, 2481, 2497, 4652, 18.058, 19.79, -4.68, 18.052, 19.78, -4.67, 0.007, 216.48, 29.19);
insert into SHOT values (2526, 2497, 2498, 4652, 12.906, 291.06, -8.05, 12.901, 291.06, -8.07, 0.006, 110.94, -25.44);
insert into SHOT values (2527, 2497, 2499, 4652, 4.495, 113.79, 22.13, 4.494, 113.79, 22.09, 0.003, 189.08, -83.73);
insert into SHOT values (2528, 2497, 2500, 4652, 3.565, 275.25, 84.20, 3.558, 274.76, 84.17, 0.007, 202.79, -64.52);
insert into SHOT values (2529, 2497, 2501, 4652, 0.872, 313.93, -64.22, 0.874, 313.92, -64.62, 0.007, 134.86, -47.33);
insert into SHOT values (2530, 2497, 2502, 4652, 28.292, 248.55, -9.93, 28.294, 248.55, -9.93, 0.003, 297.66, -26.99);
insert into SHOT values (2531, 2497, 2503, 4652, 22.967, 244.53, -13.82, 22.964, 244.53, -13.83, 0.006, 80.46, -39.31);
insert into SHOT values (2532, 2497, 2504, 4652, 24.232, 26.31, 5.17, 24.230, 26.32, 5.16, 0.006, 135.11, -36.55);
insert into SHOT values (2533, 2504, 2505, 4652, 16.037, 301.92, -13.84, 16.042, 301.94, -13.81, 0.010, 335.05, 39.49);
insert into SHOT values (2534, 2504, 2506, 4652, 1.977, 115.87, 32.35, 1.973, 115.64, 32.50, 0.009, 342.32, 13.05);
insert into SHOT values (2535, 2504, 2507, 4652, 2.372, 59.64, 76.49, 2.376, 59.74, 76.47, 0.004, 92.38, 62.94);
insert into SHOT values (2536, 2504, 2508, 4652, 0.698, 77.47, -77.80, 0.695, 74.05, -77.91, 0.009, 333.48, 14.05);
insert into SHOT values (2537, 2504, 2509, 4652, 15.988, 12.88, -5.87, 15.992, 12.86, -5.85, 0.009, 319.10, 32.83);
insert into SHOT values (2538, 2509, 2510, 4652, 11.958, 278.64, -12.97, 11.959, 278.64, -13.00, 0.006, 129.69, -81.76);
insert into SHOT values (2539, 2509, 2511, 4652, 3.324, 102.68, 42.27, 3.320, 102.68, 42.19, 0.006, 105.87, -87.08);
insert into SHOT values (2540, 2509, 2512, 4652, 1.931, 1.20, 75.69, 1.931, 1.19, 75.60, 0.003, 0.09, -21.04);
insert into SHOT values (2541, 2509, 2513, 4652, 8.483, 290.04, -42.66, 8.484, 290.06, -42.67, 0.003, 14.45, -32.87);
insert into SHOT values (2542, 2509, 2514, 4652, 20.571, 347.30, -4.22, 20.568, 347.30, -4.24, 0.007, 176.63, -62.04);
insert into SHOT values (2543, 2514, 2515, 4652, 12.286, 261.39, -1.23, 12.281, 261.38, -1.21, 0.006, 103.20, 37.45);
insert into SHOT values (2544, 2514, 2516, 4652, 13.610, 96.02, 9.94, 13.608, 96.00, 9.94, 0.006, 343.35, 6.32);
insert into SHOT values (2545, 2514, 2517, 4652, 3.779, 324.73, 80.96, 3.777, 325.24, 80.92, 0.006, 28.73, -19.09);
insert into SHOT values (2546, 2514, 2518, 4652, 0.422, 257.09, -69.49, 0.415, 257.91, -69.84, 0.007, 53.62, 45.74);
insert into SHOT values (2547, 2514, 2519, 4652, 24.410, 359.33, -5.64, 24.410, 359.34, -5.64, 0.004, 92.42, -14.40);
insert into SHOT values (2548, 2519, 2520, 4652, 8.191, 281.11, 19.94, 8.198, 281.15, 19.97, 0.010, 325.24, 40.74);
insert into SHOT values (2549, 2519, 2521, 4652, 12.966, 98.58, 15.83, 12.962, 98.58, 15.85, 0.006, 282.56, 32.83);
insert into SHOT values (2550, 2519, 2522, 4652, 6.869, 359.04, 75.45, 6.871, 359.01, 75.42, 0.005, 346.64, 15.41);
insert into SHOT values (2551, 2519, 2523, 4652, 1.213, 20.88, -69.98, 1.214, 21.04, -69.87, 0.003, 44.87, -6.01);
insert into SHOT values (2552, 2519, 2524, 4652, 23.905, 138.16, 10.60, 23.899, 138.16, 10.61, 0.007, 325.77, 21.44);
insert into SHOT values (2553, 2519, 2525, 4652, 14.654, 10.19, 6.33, 14.660, 10.20, 6.34, 0.007, 33.21, 35.50);
insert into SHOT values (2554, 2525, 2526, 4652, 13.484, 339.54, 12.44, 13.479, 339.50, 12.42, 0.011, 227.06, -25.22);
insert into SHOT values (2555, 2525, 2527, 4652, 14.323, 117.59, 14.22, 14.319, 117.60, 14.23, 0.006, 273.44, 16.94);
insert into SHOT values (2556, 2525, 2528, 4652, 8.089, 118.16, 88.86, 8.092, 119.74, 88.86, 0.005, 204.96, 30.21);
insert into SHOT values (2557, 2525, 2529, 4652, 1.831, 62.80, -54.91, 1.829, 62.70, -55.10, 0.007, 259.64, -15.86);
insert into SHOT values (2558, 2525, 2530, 4652, 4.226, 236.79, -7.81, 4.235, 236.76, -7.74, 0.011, 225.76, 23.48);
insert into SHOT values (2559, 2530, 2531, 4652, 19.043, 138.34, 8.98, 19.045, 138.32, 8.97, 0.008, 69.26, -17.65);
insert into SHOT values (2560, 2530, 2532, 4652, 16.291, 334.16, 9.88, 16.293, 334.19, 9.86, 0.009, 44.84, -35.26);
insert into SHOT values (2561, 2530, 2533, 4652, 9.622, 276.99, 71.22, 9.611, 277.06, 71.23, 0.011, 56.87, -60.38);
insert into SHOT values (2562, 2530, 2534, 4652, 1.480, 244.33, -69.56, 1.481, 244.44, -69.86, 0.008, 56.31, -24.38);
insert into SHOT values (2563, 2530, 2535, 4652, 11.315, 294.96, -1.63, 11.315, 295.00, -1.67, 0.012, 29.52, -44.68);
insert into SHOT values (2564, 2535, 2536, 4652, 5.879, 220.12, 6.76, 5.883, 220.07, 6.83, 0.010, 160.04, 53.23);
insert into SHOT values (2565, 2535, 2537, 4652, 6.638, 8.99, 3.61, 6.634, 8.95, 3.63, 0.007, 236.51, 18.09);
insert into SHOT values (2566, 2535, 2538, 4652, 10.960, 295.75, 77.28, 10.957, 295.61, 77.31, 0.009, 156.82, -6.33);
insert into SHOT values (2567, 2535, 2539, 4652, 2.730, 227.15, -60.62, 2.730, 227.12, -60.67, 0.002, 65.89, -28.04);
insert into SHOT values (2568, 2535, 2540, 4652, 45.052, 313.46, -29.78, 45.043, 313.46, -29.78, 0.009, 157.80, 40.65);
insert into SHOT values (2569, 2525, 2541, 4652, 33.242, 309.83, 25.91, 33.244, 309.82, 25.90, 0.010, 258.10, -33.65);
insert into SHOT values (2570, 2525, 2542, 4652, 8.234, 28.89, -4.12, 8.230, 28.84, -4.11, 0.008, 265.32, 11.38);
insert into SHOT values (2571, 2542, 2543, 4652, 3.817, 318.36, 2.91, 3.816, 318.40, 2.85, 0.005, 69.36, -50.37);
insert into SHOT values (2572, 2542, 2544, 4652, 19.305, 117.38, 9.82, 19.304, 117.39, 9.81, 0.003, 212.48, -48.29);
insert into SHOT values (2573, 2542, 2545, 4652, 9.519, 45.52, 81.12, 9.514, 45.55, 81.11, 0.005, 74.30, -71.42);
insert into SHOT values (2574, 2542, 2546, 4652, 1.318, 110.08, -64.75, 1.318, 110.67, -64.54, 0.008, 164.32, 15.96);
insert into SHOT values (2575, 2542, 2547, 4652, 9.560, 6.97, -9.39, 9.559, 7.00, -9.39, 0.006, 112.00, -2.44);
insert into SHOT values (2576, 2547, 2548, 4652, 5.389, 323.78, -15.18, 5.390, 323.83, -15.16, 0.005, 37.85, 12.20);
insert into SHOT values (2577, 2547, 2549, 4652, 11.580, 127.06, 2.24, 11.575, 127.06, 2.23, 0.006, 311.28, -27.08);
insert into SHOT values (2578, 2547, 2550, 4652, 8.615, 83.92, 74.37, 8.609, 83.82, 74.34, 0.008, 25.33, -54.43);
insert into SHOT values (2579, 2547, 2551, 4652, 1.649, 328.94, -58.70, 1.648, 328.92, -58.85, 0.004, 152.68, -12.92);
insert into SHOT values (2580, 2547, 2552, 4652, 11.241, 294.48, -14.79, 11.238, 294.47, -14.80, 0.004, 157.17, -6.18);
insert into SHOT values (2581, 2547, 2553, 4652, 22.675, 32.10, 5.52, 22.673, 32.09, 5.52, 0.004, 279.29, -18.01);
insert into SHOT values (2582, 2553, 2554, 4652, 14.027, 306.30, 8.62, 14.029, 306.29, 8.61, 0.004, 262.91, -38.69);
insert into SHOT values (2583, 2553, 2555, 4652, 14.092, 105.35, 7.02, 14.094, 105.34, 7.01, 0.004, 47.11, -32.77);
insert into SHOT values (2584, 2553, 2556, 4652, 7.311, 179.11, 79.33, 7.306, 179.15, 79.35, 0.006, 343.59, -51.66);
insert into SHOT values (2585, 2553, 2557, 4652, 1.075, 227.99, -63.76, 1.080, 227.56, -63.95, 0.007, 121.13, -57.47);
insert into SHOT values (2586, 2553, 2558, 4652, 13.632, 182.47, -55.58, 13.637, 182.45, -55.59, 0.005, 127.61, -61.02);
insert into SHOT values (2587, 2553, 2559, 4652, 23.456, 291.79, 30.33, 23.453, 291.78, 30.32, 0.007, 189.97, -41.82);
insert into SHOT values (2588, 2553, 2560, 4652, 33.403, 117.05, 8.69, 33.407, 117.05, 8.69, 0.006, 146.84, 35.36);
insert into SHOT values (2589, 2553, 2561, 4652, 13.715, 38.30, 13.91, 13.717, 38.29, 13.92, 0.004, 337.71, 48.33);
insert into SHOT values (2590, 2561, 2562, 4652, 13.633, 268.55, 1.56, 13.630, 268.53, 1.56, 0.006, 145.17, -10.31);
insert into SHOT values (2591, 2561, 2563, 4652, 11.941, 140.22, -10.88, 11.953, 140.22, -10.90, 0.012, 139.60, -29.51);
insert into SHOT values (2592, 2561, 2564, 4652, 2.441, 186.79, 71.63, 2.437, 186.67, 71.45, 0.009, 171.13, -46.91);
insert into SHOT values (2593, 2561, 2565, 4652, 0.944, 146.64, -75.15, 0.954, 146.31, -74.66, 0.013, 138.72, -35.52);
insert into SHOT values (2594, 2561, 2566, 4652, 13.477, 298.99, 12.55, 13.467, 298.98, 12.52, 0.012, 130.07, -43.83);
insert into SHOT values (2595, 2561, 2567, 4652, 3.610, 3.12, -29.05, 3.612, 3.09, -29.16, 0.007, 236.43, -73.35);
insert into SHOT values (2596, 2561, 2568, 4652, 17.072, 338.55, 22.18, 17.067, 338.55, 22.17, 0.006, 164.03, -51.89);
insert into SHOT values (2597, 2561, 2569, 4652, 18.236, 19.10, 28.55, 18.227, 19.10, 28.55, 0.009, 193.02, -38.51);
insert into SHOT values (2598, 2561, 2570, 4652, 31.406, 50.29, 8.38, 31.410, 50.30, 8.37, 0.010, 98.33, -42.16);
insert into SHOT values (2599, 2561, 2571, 4652, 19.851, 105.88, 6.29, 19.852, 105.88, 6.28, 0.005, 123.36, -69.64);
insert into SHOT values (2600, 2561, 2572, 4652, 24.699, 89.82, 11.41, 24.697, 89.83, 11.40, 0.009, 187.02, -45.27);
insert into SHOT values (2601, 2561, 2573, 4652, 18.499, 63.59, 30.46, 18.493, 63.60, 30.44, 0.008, 212.37, -68.75);
insert into SHOT values (2602, 2561, 2574, 4652, 9.541, 65.71, -14.74, 9.539, 65.74, -14.76, 0.006, 181.94, -23.72);
insert into SHOT values (2603, 2561, 2575, 4652, 30.268, 357.94, 19.99, 30.260, 357.94, 19.98, 0.010, 157.80, -48.22);
insert into SHOT values (2604, 2561, 2576, 4652, 31.713, 356.59, 11.18, 31.707, 356.59, 11.18, 0.006, 175.20, 10.24);
insert into SHOT values (2605, 2561, 2577, 4652, 22.802, 15.55, 13.80, 22.800, 15.56, 13.80, 0.005, 131.43, 10.99);
insert into SHOT values (2606, 2561, 2578, 4652, 18.615, 26.42, 22.19, 18.610, 26.43, 22.19, 0.006, 173.05, -4.64);
insert into SHOT values (2607, 2561, 2579, 4652, 17.458, 14.94, 13.65, 17.458, 14.96, 13.65, 0.006, 102.75, 0.73);
insert into SHOT values (2608, 2561, 2580, 4652, 36.980, 70.78, 14.51, 36.982, 70.79, 14.50, 0.009, 137.23, -35.85);
insert into SHOT values (2609, 2580, 2581, 4652, 10.927, 347.01, 4.35, 10.930, 347.01, 4.35, 0.004, 344.85, 19.32);
insert into SHOT values (2610, 2580, 2582, 4652, 6.876, 173.56, 11.86, 6.868, 173.59, 11.85, 0.009, 324.78, -20.93);
insert into SHOT values (2611, 2580, 2583, 4652, 24.139, 47.30, 80.68, 24.138, 47.28, 80.69, 0.003, 249.58, -6.23);
insert into SHOT values (2612, 2580, 2584, 4652, 1.631, 42.85, -56.38, 1.630, 42.75, -56.54, 0.005, 243.57, -21.44);
insert into SHOT values (2613, 2580, 2585, 4652, 9.016, 191.39, 0.43, 9.018, 191.38, 0.44, 0.003, 165.00, 51.22);
insert into SHOT values (2614, 2580, 2586, 4652, 7.445, 224.36, 30.00, 7.445, 224.37, 29.98, 0.003, 263.28, -49.82);
insert into SHOT values (2615, 2580, 2587, 4652, 6.807, 265.04, 57.08, 6.814, 265.04, 57.08, 0.007, 268.07, 53.29);
insert into SHOT values (2616, 2580, 2588, 4652, 16.577, 299.43, 56.60, 16.580, 299.46, 56.59, 0.007, 340.07, 6.31);
insert into SHOT values (2617, 2580, 2589, 4652, 8.933, 316.00, 74.53, 8.936, 316.02, 74.48, 0.008, 321.28, 4.76);
insert into SHOT values (2618, 2580, 2590, 4652, 7.170, 356.36, 53.13, 7.177, 356.27, 53.10, 0.010, 314.12, 22.70);
insert into SHOT values (2619, 2580, 2591, 4652, 10.462, 18.49, 18.23, 10.466, 18.47, 18.21, 0.007, 347.18, -24.66);
insert into SHOT values (2620, 2580, 2592, 4652, 12.429, 50.34, -5.74, 12.427, 50.35, -5.73, 0.004, 188.78, 47.45);
insert into SHOT values (2621, 2580, 2593, 4652, 20.563, 288.84, -28.89, 20.563, 288.86, -28.88, 0.008, 353.73, 37.00);
insert into SHOT values (2622, 2580, 2594, 4652, 22.144, 272.21, -23.82, 22.140, 272.21, -23.82, 0.004, 113.84, 47.35);
insert into SHOT values (2623, 2580, 2595, 4652, 34.396, 254.09, -19.39, 34.393, 254.10, -19.39, 0.005, 28.60, -7.95);
insert into SHOT values (2624, 2580, 2596, 4652, 41.401, 239.09, -18.81, 41.406, 239.10, -18.81, 0.006, 283.93, -9.47);
insert into SHOT values (2625, 2580, 2597, 4652, 17.285, 220.45, -14.23, 17.285, 220.45, -14.23, 0.001, 140.98, -77.95);
insert into SHOT values (2626, 2580, 2598, 4652, 13.085, 208.04, -11.61, 13.084, 208.06, -11.60, 0.006, 300.38, 31.25);
insert into SHOT values (2627, 2580, 2599, 4652, 12.131, 66.99, -0.54, 12.125, 66.99, -0.52, 0.007, 252.31, 37.79);
insert into SHOT values (2628, 2580, 2600, 4652, 25.978, 35.63, 85.72, 25.983, 35.57, 85.71, 0.006, 7.90, 46.44);
insert into SHOT values (2629, 2580, 2601, 4652, 15.943, 35.96, 41.46, 15.942, 35.94, 41.48, 0.007, 260.55, 34.14);
insert into SHOT values (2630, 2580, 2602, 4652, 18.729, 64.73, 18.47, 18.730, 64.70, 18.49, 0.010, 327.16, 39.14);
insert into SHOT values (2631, 2580, 2603, 4652, 17.031, 123.44, 34.84, 17.027, 123.44, 34.85, 0.005, 303.79, 4.60);
insert into SHOT values (2632, 2580, 2604, 4652, 8.936, 153.34, 29.28, 8.932, 153.30, 29.29, 0.006, 25.57, -3.64);
insert into SHOT values (2633, 2580, 2605, 4652, 23.104, 116.81, 80.05, 23.107, 116.82, 80.06, 0.005, 280.89, 49.08);
insert into SHOT values (2634, 2580, 2606, 4652, 17.018, 50.75, 15.51, 17.022, 50.74, 15.50, 0.005, 15.39, -8.41);
insert into SHOT values (2635, 2606, 2607, 4652, 0.453, 336.30, 27.07, 0.458, 335.32, 27.28, 0.009, 274.69, 26.00);
insert into SHOT values (2636, 2606, 2608, 4652, 4.242, 108.27, 13.87, 4.242, 108.26, 13.91, 0.003, 326.58, 67.56);
insert into SHOT values (2637, 2606, 2609, 4652, 2.226, 52.77, 56.97, 2.225, 52.75, 57.18, 0.008, 236.06, 27.12);
insert into SHOT values (2638, 2606, 2610, 4652, 1.575, 26.89, -69.71, 1.565, 26.57, -69.94, 0.012, 224.62, 36.04);
insert into SHOT values (2639, 2606, 2611, 4652, 15.054, 7.09, -10.06, 15.055, 7.09, -10.06, 0.001, 31.17, -22.19);
insert into SHOT values (2640, 2606, 2612, 4652, 9.820, 32.45, -4.23, 9.814, 32.44, -4.21, 0.008, 228.68, 34.66);
insert into SHOT values (2641, 2606, 2613, 4652, 4.872, 70.24, 7.98, 4.871, 70.25, 8.02, 0.004, 211.46, 69.14);
insert into SHOT values (2642, 2606, 2614, 4652, 6.522, 140.86, 18.89, 6.521, 140.92, 18.88, 0.007, 232.19, -13.24);
insert into SHOT values (2643, 2606, 2615, 4652, 16.648, 155.40, 36.90, 16.654, 155.42, 36.90, 0.007, 201.11, 37.01);
insert into SHOT values (2644, 2606, 2616, 4652, 18.702, 184.84, 28.83, 18.707, 184.87, 28.83, 0.009, 239.72, 10.66);
insert into SHOT values (2645, 2606, 2617, 4652, 17.505, 208.67, 9.05, 17.511, 208.68, 9.07, 0.009, 249.45, 44.25);
insert into SHOT values (2646, 2606, 2618, 4652, 25.195, 224.64, -7.57, 25.195, 224.64, -7.57, 0.002, 311.31, -32.75);
insert into SHOT values (2647, 2606, 2619, 4652, 38.028, 235.94, -9.32, 38.031, 235.94, -9.32, 0.004, 205.79, -22.18);
insert into SHOT values (2648, 2606, 2620, 4652, 6.425, 137.93, 8.59, 6.424, 138.00, 8.60, 0.008, 238.85, 2.52);
insert into SHOT values (2649, 2606, 2621, 4652, 14.639, 131.24, 36.02, 14.640, 131.27, 36.02, 0.006, 214.61, 12.44);
insert into SHOT values (2650, 2580, 2622, 4652, 5.463, 344.58, 4.83, 5.466, 344.56, 4.83, 0.003, 312.31, 0.29);
insert into SHOT values (2651, 2622, 2623, 4652, 8.333, 9.16, -27.12, 8.332, 9.16, -27.14, 0.003, 197.34, -30.05);
insert into SHOT values (2652, 2623, 2624, 4652, 0.602, 358.85, -7.83, 0.605, 359.05, -7.59, 0.005, 27.82, 25.50);
insert into SHOT values (2653, 2623, 2625, 4652, 0.937, 135.70, 5.88, 0.939, 135.87, 6.11, 0.005, 198.39, 52.45);
insert into SHOT values (2654, 2623, 2626, 4652, 0.850, 100.72, 73.08, 0.855, 99.46, 73.47, 0.010, 333.01, 45.19);
insert into SHOT values (2655, 2623, 2627, 4652, 2.225, 66.46, -62.08, 2.223, 66.37, -61.87, 0.009, 51.28, 43.94);
insert into SHOT values (2656, 2623, 2628, 4652, 5.092, 89.56, -4.30, 5.094, 89.55, -4.28, 0.003, 67.93, 33.77);
insert into SHOT values (2657, 2623, 2629, 4652, 8.154, 75.54, -19.65, 8.158, 75.53, -19.63, 0.005, 58.84, 22.34);
insert into SHOT values (2658, 2623, 2630, 4652, 17.811, 48.75, -23.24, 17.815, 48.76, -23.24, 0.006, 97.55, -20.40);
insert into SHOT values (2659, 2630, 2631, 4652, 12.189, 308.99, 9.18, 12.195, 308.96, 9.20, 0.009, 262.99, 36.06);
insert into SHOT values (2660, 2630, 2632, 4652, 0.481, 105.72, -4.41, 0.479, 105.78, -3.59, 0.007, 267.71, 76.79);
insert into SHOT values (2661, 2630, 2633, 4652, 10.807, 354.51, 83.45, 10.811, 354.43, 83.44, 0.005, 324.60, 44.88);
insert into SHOT values (2662, 2630, 2634, 4652, 1.293, 61.53, -77.35, 1.290, 59.74, -77.56, 0.010, 299.37, 8.96);
insert into SHOT values (2663, 2630, 2635, 4652, 10.176, 37.25, -5.36, 10.179, 37.22, -5.36, 0.006, 334.41, 5.57);
insert into SHOT values (2664, 2635, 2636, 4652, 26.318, 73.73, 32.37, 26.318, 73.75, 32.37, 0.008, 166.70, -1.85);
insert into SHOT values (2665, 2630, 2637, 4652, 23.448, 346.36, -7.86, 23.455, 346.36, -7.84, 0.010, 341.82, 40.25);
insert into SHOT values (2666, 2637, 2638, 4652, 8.881, 226.65, 2.78, 8.881, 226.64, 2.78, 0.001, 151.14, -39.52);
insert into SHOT values (2667, 2637, 2639, 4652, 7.437, 87.14, 17.02, 7.435, 87.18, 17.05, 0.006, 206.66, 30.27);
insert into SHOT values (2668, 2637, 2640, 4652, 6.910, 188.09, 77.71, 6.909, 188.19, 77.67, 0.005, 218.54, -18.78);
insert into SHOT values (2669, 2637, 2641, 4652, 1.323, 233.37, -85.79, 1.324, 233.13, -85.67, 0.003, 225.08, -11.10);
insert into SHOT values (2670, 2637, 2642, 4652, 8.731, 37.99, 15.20, 8.727, 37.96, 15.21, 0.006, 266.86, 7.66);
insert into SHOT values (2671, 2637, 2643, 4652, 17.751, 321.89, -13.27, 17.747, 321.89, -13.29, 0.007, 144.13, -47.44);
insert into SHOT values (2672, 2643, 2644, 4652, 12.901, 232.29, 4.25, 12.903, 232.29, 4.27, 0.004, 251.99, 63.43);
insert into SHOT values (2673, 2643, 2645, 4652, 7.328, 63.24, 13.25, 7.320, 63.22, 13.27, 0.009, 259.73, 2.63);
insert into SHOT values (2674, 2643, 2646, 4652, 8.797, 187.27, 68.04, 8.797, 187.34, 68.06, 0.005, 311.48, 14.36);
insert into SHOT values (2675, 2643, 2647, 4652, 1.011, 71.85, -50.58, 1.010, 71.85, -50.55, 0.001, 292.70, 87.37);
insert into SHOT values (2676, 2643, 2648, 4652, 14.526, 233.35, 15.10, 14.533, 233.38, 15.12, 0.010, 280.68, 35.24);
insert into SHOT values (2677, 2643, 2649, 4652, 21.165, 338.64, 1.44, 21.162, 338.63, 1.46, 0.010, 215.81, 53.03);
insert into SHOT values (2678, 2649, 2650, 4652, 9.412, 262.63, 42.32, 9.406, 262.65, 42.30, 0.008, 32.23, -64.93);
insert into SHOT values (2679, 2649, 2651, 4652, 10.208, 69.21, 35.87, 10.206, 69.18, 35.87, 0.005, 318.64, -14.68);
insert into SHOT values (2680, 2649, 2652, 4652, 9.510, 318.51, 84.92, 9.507, 318.37, 84.91, 0.003, 249.98, -49.37);
insert into SHOT values (2681, 2649, 2653, 4652, 1.783, 24.50, -74.63, 1.783, 23.84, -74.71, 0.006, 269.66, -7.34);
insert into SHOT values (2682, 2649, 2654, 4652, 16.563, 347.29, -5.65, 16.565, 347.28, -5.65, 0.004, 290.72, 9.66);
insert into SHOT values (2683, 2654, 2655, 4652, 4.537, 287.18, 15.09, 4.534, 287.28, 15.09, 0.008, 39.93, -8.19);
insert into SHOT values (2684, 2654, 2656, 4652, 11.255, 96.59, -0.43, 11.255, 96.58, -0.46, 0.006, 348.85, -73.29);
insert into SHOT values (2685, 2654, 2657, 4652, 14.494, 23.12, 81.80, 14.488, 23.09, 81.80, 0.006, 234.55, -69.96);
insert into SHOT values (2686, 2654, 2658, 4652, 2.733, 16.85, -52.79, 2.735, 16.90, -52.86, 0.004, 152.76, -59.14);
insert into SHOT values (2687, 2654, 2659, 4652, 6.511, 325.29, 23.08, 6.514, 325.33, 23.04, 0.007, 7.11, -21.53);
insert into SHOT values (2688, 2654, 2660, 4652, 12.206, 328.92, 56.94, 12.202, 328.93, 56.88, 0.013, 340.26, -51.86);
insert into SHOT values (2689, 2654, 2661, 4652, 14.612, 23.96, 63.84, 14.609, 23.98, 63.82, 0.007, 52.19, -47.01);
insert into SHOT values (2690, 2654, 2662, 4652, 12.516, 88.82, 43.92, 12.520, 88.79, 43.89, 0.008, 56.35, -12.69);
insert into SHOT values (2691, 2654, 2663, 4652, 14.206, 115.27, 10.46, 14.209, 115.24, 10.42, 0.012, 62.86, -49.47);
insert into SHOT values (2692, 2654, 2664, 4652, 12.819, 148.91, 2.18, 12.822, 148.89, 2.15, 0.009, 93.28, -55.32);
insert into SHOT values (2693, 2654, 2665, 4652, 10.081, 77.83, 7.49, 10.081, 77.81, 7.47, 0.005, 352.95, -54.20);
insert into SHOT values (2694, 2654, 2666, 4652, 12.450, 49.38, -9.44, 12.453, 49.36, -9.48, 0.009, 333.84, -58.99);
insert into SHOT values (2695, 2654, 2667, 4652, 15.639, 47.79, -22.52, 15.641, 47.78, -22.52, 0.004, 355.70, -2.35);
insert into SHOT values (2696, 2654, 2668, 4652, 12.211, 3.13, -2.72, 12.212, 3.15, -2.72, 0.004, 76.63, -7.26);
insert into SHOT values (2697, 2654, 2669, 4652, 12.426, 17.26, 10.92, 12.424, 17.26, 10.90, 0.004, 185.00, -68.36);
insert into SHOT values (2698, 2654, 2670, 4652, 42.327, 38.49, 16.55, 42.326, 38.49, 16.54, 0.008, 320.65, -65.22);
insert into SHOT values (2699, 2654, 2671, 4652, 42.248, 58.66, 21.01, 42.253, 58.66, 21.00, 0.011, 35.89, -39.74);
insert into SHOT values (2700, 2654, 2672, 4652, 35.102, 66.36, 26.33, 35.099, 66.35, 26.32, 0.010, 356.83, -62.46);
insert into SHOT values (2701, 2654, 2673, 4652, 20.785, 351.23, 39.55, 20.782, 351.24, 39.54, 0.006, 78.80, -53.34);
insert into SHOT values (2702, 2654, 2674, 4652, 21.412, 341.63, 31.86, 21.411, 341.63, 31.85, 0.003, 64.30, -55.47);
insert into SHOT values (2703, 2654, 2675, 4652, 10.588, 355.31, 14.19, 10.586, 355.31, 14.16, 0.006, 230.50, -80.78);
insert into SHOT values (2704, 2654, 2676, 4652, 6.302, 53.23, -25.51, 6.310, 53.21, -25.53, 0.009, 36.43, -41.62);
insert into SHOT values (2705, 2676, 2677, 4652, 7.230, 342.39, 13.86, 7.231, 342.34, 13.84, 0.007, 265.11, -17.00);
insert into SHOT values (2706, 2676, 2678, 4652, 12.099, 148.11, 17.17, 12.104, 148.11, 17.15, 0.006, 148.39, -16.31);
insert into SHOT values (2707, 2676, 2679, 4652, 14.096, 112.97, 85.41, 14.095, 112.93, 85.40, 0.002, 81.40, -29.04);
insert into SHOT values (2708, 2676, 2680, 4652, 17.460, 79.24, -36.14, 17.459, 79.25, -36.15, 0.004, 224.27, -38.97);
insert into SHOT values (2709, 2676, 2681, 4652, 6.416, 58.44, 44.92, 6.416, 58.41, 44.92, 0.003, 331.74, -10.55);
insert into SHOT values (2710, 2676, 2682, 4652, 19.891, 69.61, -37.71, 19.892, 69.62, -37.72, 0.004, 182.74, -52.40);
insert into SHOT values (2711, 2682, 2683, 4652, 2.713, 1.17, -8.14, 2.707, 1.07, -8.07, 0.008, 223.45, 30.48);
insert into SHOT values (2712, 2682, 2684, 4652, 5.276, 181.81, 45.06, 5.283, 181.84, 45.06, 0.008, 204.28, 44.14);
insert into SHOT values (2713, 2682, 2685, 4652, 3.376, 317.12, 70.18, 3.380, 317.12, 70.18, 0.004, 317.90, 68.00);
insert into SHOT values (2714, 2682, 2686, 4652, 2.477, 349.18, -57.79, 2.474, 349.11, -57.65, 0.007, 325.90, 56.51);
insert into SHOT values (2715, 2682, 2687, 4652, 13.216, 76.63, 39.04, 13.221, 76.65, 39.05, 0.008, 138.27, 49.51);
insert into SHOT values (2716, 2687, 2688, 4652, 2.920, 299.15, 13.83, 2.923, 299.09, 13.86, 0.004, 253.81, 27.05);
insert into SHOT values (2717, 2687, 2689, 4652, 9.743, 109.40, 23.29, 9.740, 109.39, 23.28, 0.004, 338.72, -39.37);
insert into SHOT values (2718, 2687, 2690, 4652, 20.556, 6.91, 82.84, 20.551, 6.71, 82.82, 0.012, 308.23, -28.51);
insert into SHOT values (2719, 2687, 2691, 4652, 1.081, 127.64, -51.49, 1.082, 127.72, -51.75, 0.005, 289.38, -52.40);
insert into SHOT values (2720, 2687, 2692, 4652, 4.830, 47.12, 21.11, 4.831, 47.07, 21.11, 0.004, 335.23, 5.68);
insert into SHOT values (2721, 2692, 2693, 4652, 3.869, 9.23, 14.00, 3.872, 9.19, 13.90, 0.008, 334.66, -50.09);
insert into SHOT values (2722, 2692, 2694, 4652, 7.141, 156.26, 9.26, 7.137, 156.31, 9.27, 0.008, 281.86, 6.83);
insert into SHOT values (2723, 2692, 2695, 4652, 17.806, 99.33, 77.77, 17.804, 99.31, 77.78, 0.003, 306.26, -36.54);
insert into SHOT values (2724, 2692, 2696, 4652, 1.401, 117.60, -38.91, 1.399, 117.98, -38.99, 0.008, 231.09, -0.24);
insert into SHOT values (2725, 2692, 2697, 4652, 37.828, 65.03, 50.13, 37.825, 65.02, 50.13, 0.005, 317.58, -34.88);
insert into SHOT values (2726, 2692, 2698, 4652, 16.154, 45.09, 2.77, 16.148, 45.08, 2.77, 0.007, 259.55, -5.26);
insert into SHOT values (2727, 2692, 2699, 4652, 18.083, 70.78, -0.27, 18.077, 70.78, -0.29, 0.007, 240.30, -40.36);
insert into SHOT values (2728, 2692, 2700, 4652, 11.944, 325.94, 33.01, 11.947, 325.95, 33.02, 0.004, 348.52, 53.03);
insert into SHOT values (2729, 2700, 2701, 4652, 16.456, 191.12, 14.68, 16.456, 191.12, 14.68, 0.000, 107.39, -57.31);
insert into SHOT values (2730, 2700, 2702, 4652, 1.310, 86.15, 14.95, 1.305, 86.37, 14.65, 0.010, 209.35, -54.28);
insert into SHOT values (2731, 2700, 2703, 4652, 9.894, 295.32, 79.42, 9.887, 295.15, 79.44, 0.009, 163.09, -38.71);
insert into SHOT values (2732, 2700, 2704, 4652, 1.011, 278.98, -71.91, 1.020, 279.16, -72.06, 0.009, 4.48, -83.63);
insert into SHOT values (2733, 2700, 2705, 4652, 3.296, 285.97, 26.12, 3.299, 285.87, 26.08, 0.007, 228.75, -9.49);
insert into SHOT values (2734, 2705, 2706, 4652, 8.667, 299.73, 18.01, 8.670, 299.74, 18.00, 0.004, 314.21, 4.93);
insert into SHOT values (2735, 2705, 2707, 4652, 5.193, 93.66, 6.85, 5.198, 93.67, 6.85, 0.005, 100.72, 7.67);
insert into SHOT values (2736, 2705, 2708, 4652, 9.021, 12.21, 83.13, 9.015, 12.24, 83.09, 0.008, 18.45, -47.88);
insert into SHOT values (2737, 2705, 2709, 4652, 2.720, 59.11, -41.16, 2.721, 59.18, -41.13, 0.003, 116.66, 3.97);
insert into SHOT values (2738, 2705, 2710, 4652, 17.839, 350.60, 7.67, 17.837, 350.59, 7.67, 0.003, 231.26, -16.09);
insert into SHOT values (2739, 2710, 2711, 4652, 6.326, 260.63, 20.32, 6.320, 260.68, 20.28, 0.009, 28.48, -45.62);
insert into SHOT values (2740, 2710, 2712, 4652, 7.622, 71.86, -1.07, 7.632, 71.83, -1.13, 0.013, 47.61, -35.00);
insert into SHOT values (2741, 2710, 2713, 4652, 14.624, 331.11, 82.98, 14.620, 331.29, 82.97, 0.008, 34.14, -35.11);
insert into SHOT values (2742, 2710, 2714, 4652, 3.053, 327.81, -43.02, 3.055, 328.02, -43.17, 0.012, 83.68, -37.71);
insert into SHOT values (2743, 2710, 2715, 4652, 31.862, 357.85, 0.61, 31.864, 357.86, 0.61, 0.006, 66.99, 7.84);
insert into SHOT values (2744, 2715, 2716, 4652, 2.720, 291.19, 27.12, 2.724, 291.27, 27.08, 0.006, 330.87, 0.74);
insert into SHOT values (2745, 2715, 2717, 4652, 11.076, 96.90, -12.27, 11.073, 96.90, -12.31, 0.008, 272.98, -53.11);
insert into SHOT values (2746, 2715, 2718, 4652, 6.004, 78.31, 67.16, 6.000, 78.35, 67.17, 0.004, 224.60, -46.38);
insert into SHOT values (2747, 2715, 2719, 4652, 11.253, 104.34, -37.69, 11.254, 104.30, -37.69, 0.006, 25.33, -0.38);
insert into SHOT values (2748, 2715, 2720, 4652, 22.077, 25.22, 5.16, 22.076, 25.22, 5.15, 0.006, 143.41, -69.74);
insert into SHOT values (2749, 2720, 2721, 4652, 7.107, 255.02, 1.22, 7.111, 255.08, 1.21, 0.009, 317.41, -8.35);
insert into SHOT values (2750, 2720, 2722, 4652, 7.480, 72.44, 0.39, 7.480, 72.41, 0.38, 0.004, 338.85, -14.47);
insert into SHOT values (2751, 2720, 2723, 4652, 5.627, 131.14, 74.31, 5.628, 131.26, 74.37, 0.007, 280.76, 23.54);
insert into SHOT values (2752, 2720, 2724, 4652, 1.150, 104.74, -71.06, 1.151, 104.04, -71.20, 0.006, 348.84, -24.06);
insert into SHOT values (2753, 2720, 2725, 4652, 12.889, 110.77, -2.12, 12.883, 110.74, -2.09, 0.011, 337.55, 39.81);
insert into SHOT values (2754, 2720, 2726, 4652, 11.224, 113.13, -53.23, 11.224, 113.13, -53.22, 0.002, 119.33, 31.03);
insert into SHOT values (2755, 2720, 2727, 4652, 21.227, 333.31, 5.46, 21.227, 333.31, 5.46, 0.001, 54.97, 9.65);
insert into SHOT values (2756, 2727, 2728, 4652, 9.464, 250.47, 15.93, 9.467, 250.49, 15.94, 0.005, 307.49, 33.09);
insert into SHOT values (2757, 2727, 2729, 4652, 13.727, 37.71, 14.30, 13.728, 37.67, 14.30, 0.009, 317.84, -3.46);
insert into SHOT values (2758, 2727, 2730, 4652, 9.935, 317.40, 77.63, 9.941, 317.47, 77.63, 0.007, 10.23, 58.88);
insert into SHOT values (2759, 2727, 2731, 4652, 1.331, 349.58, -49.29, 1.336, 349.46, -49.10, 0.007, 334.25, -8.88);
insert into SHOT values (2760, 2727, 2732, 4652, 10.856, 319.64, 8.53, 10.860, 319.61, 8.53, 0.008, 264.96, -1.82);
insert into SHOT values (2761, 2732, 2733, 4652, 8.618, 252.75, 22.65, 8.614, 252.73, 22.67, 0.006, 105.08, 11.72);
insert into SHOT values (2762, 2732, 2734, 4652, 14.773, 70.38, 5.80, 14.780, 70.37, 5.79, 0.008, 50.48, -20.63);
insert into SHOT values (2763, 2732, 2735, 4652, 12.166, 15.65, 80.11, 12.172, 15.76, 80.07, 0.011, 38.72, 25.43);
insert into SHOT values (2764, 2732, 2736, 4652, 2.031, 62.00, -46.69, 2.034, 61.78, -46.68, 0.006, 359.20, -19.74);
insert into SHOT values (2765, 2732, 2737, 4652, 8.392, 327.59, -8.59, 8.391, 327.65, -8.57, 0.009, 57.94, 21.47);
insert into SHOT values (2766, 2737, 2738, 4652, 10.980, 191.88, 19.09, 10.986, 191.89, 19.07, 0.007, 212.90, -8.18);
insert into SHOT values (2767, 2737, 2739, 4652, 10.842, 225.15, 19.78, 10.850, 225.16, 19.77, 0.009, 235.68, 6.48);
insert into SHOT values (2768, 2737, 2740, 4652, 20.962, 253.98, 9.51, 20.962, 253.97, 9.50, 0.006, 167.01, -35.48);
insert into SHOT values (2769, 2737, 2741, 4652, 47.462, 272.39, 8.94, 47.466, 272.38, 8.93, 0.009, 226.03, -36.88);
insert into SHOT values (2770, 2737, 2742, 4652, 45.112, 291.52, 10.05, 45.116, 291.51, 10.05, 0.008, 237.21, -16.58);
insert into SHOT values (2771, 2737, 2743, 4652, 20.097, 313.57, 11.43, 20.097, 313.58, 11.42, 0.005, 35.27, -35.18);
insert into SHOT values (2772, 2737, 2744, 4652, 21.729, 354.52, 8.19, 21.730, 354.50, 8.18, 0.008, 278.50, -41.45);
insert into SHOT values (2773, 2737, 2745, 4652, 30.602, 40.53, 8.64, 30.598, 40.54, 8.65, 0.006, 189.29, 26.32);
insert into SHOT values (2774, 2737, 2746, 4652, 24.935, 73.01, 7.95, 24.926, 73.02, 7.96, 0.010, 231.04, 7.45);
insert into SHOT values (2775, 2737, 2747, 4652, 18.433, 64.04, 45.33, 18.432, 64.05, 45.34, 0.003, 205.66, 19.68);
insert into SHOT values (2776, 2737, 2748, 4652, 17.501, 356.99, 70.13, 17.502, 356.92, 70.13, 0.008, 268.81, 6.71);
insert into SHOT values (2777, 2737, 2749, 4652, 17.055, 296.58, 49.20, 17.055, 296.54, 49.20, 0.007, 210.25, -4.26);
insert into SHOT values (2778, 2737, 2750, 4652, 7.694, 329.78, -27.85, 7.701, 329.74, -27.87, 0.008, 285.66, -42.42);
insert into SHOT values (2779, 2737, 2751, 4652, 15.741, 25.15, -20.24, 15.741, 25.12, -20.26, 0.008, 279.42, -32.72);
insert into SHOT values (2780, 2737, 2752, 4652, 10.702, 277.83, -13.31, 10.706, 277.83, -13.34, 0.007, 294.75, -65.45);
insert into SHOT values (2781, 2737, 2753, 4652, 3.430, 194.15, -6.39, 3.436, 194.24, -6.35, 0.008, 234.79, 11.99);
insert into SHOT values (2782, 2737, 2754, 4652, 2.942, 126.09, -12.19, 2.942, 126.23, -12.16, 0.007, 212.06, 9.63);
insert into SHOT values (2783, 2737, 2755, 4652, 32.255, 273.96, 2.29, 32.262, 273.95, 2.29, 0.010, 233.26, 6.96);
insert into SHOT values (2784, 2755, 2756, 4652, 4.926, 173.39, 10.24, 4.920, 173.36, 10.19, 0.008, 20.60, -45.13);
insert into SHOT values (2785, 2755, 2757, 4652, 21.694, 10.76, 23.13, 21.695, 10.77, 23.12, 0.006, 83.46, -18.41);
insert into SHOT values (2786, 2755, 2758, 4652, 17.555, 18.91, 84.37, 17.555, 18.96, 84.37, 0.002, 68.45, -9.03);
insert into SHOT values (2787, 2755, 2759, 4652, 1.153, 333.63, -69.54, 1.154, 335.32, -69.34, 0.013, 45.36, 1.20);
insert into SHOT values (2788, 2755, 2760, 4652, 15.156, 329.00, 7.44, 15.162, 329.02, 7.43, 0.009, 1.40, -17.18);
insert into SHOT values (2789, 2755, 2761, 4652, 22.667, 328.91, 7.44, 22.665, 328.93, 7.43, 0.008, 69.46, -37.04);
insert into SHOT values (2790, 2755, 2762, 4652, 15.179, 329.05, 7.48, 15.181, 329.06, 7.46, 0.007, 359.55, -63.32);
insert into SHOT values (2791, 2755, 2763, 4652, 3.787, 272.60, 10.56, 3.777, 272.62, 10.52, 0.010, 82.93, -23.86);
insert into SHOT values (2792, 2755, 2764, 4652, 13.482, 57.87, 14.33, 13.488, 57.88, 14.29, 0.011, 70.90, -38.81);
insert into SHOT values (2793, 2755, 2765, 4652, 8.461, 78.42, 78.45, 8.461, 78.42, 78.45, 0.001, 99.21, 39.66);
insert into SHOT values (2794, 2755, 2766, 4652, 2.223, 345.42, -63.92, 2.227, 345.82, -63.90, 0.008, 55.18, -24.53);
insert into SHOT values (2795, 2755, 2767, 4652, 31.944, 205.20, -10.41, 31.933, 205.19, -10.41, 0.011, 41.93, 10.42);
insert into SHOT values (2796, 2755, 2768, 4652, 21.781, 345.94, 2.64, 21.783, 345.96, 2.63, 0.008, 55.85, -24.77);
insert into SHOT values (2797, 2768, 2769, 4652, 4.847, 217.31, 24.58, 4.851, 217.26, 24.61, 0.006, 158.32, 40.24);
insert into SHOT values (2798, 2768, 2770, 4652, 2.793, 31.59, 10.83, 2.798, 31.61, 10.92, 0.007, 42.57, 49.76);
insert into SHOT values (2799, 2768, 2771, 4652, 4.427, 273.77, 68.83, 4.430, 273.93, 68.78, 0.007, 316.02, 14.59);
insert into SHOT values (2800, 2768, 2772, 4652, 1.156, 274.06, -72.23, 1.155, 273.27, -72.32, 0.005, 158.89, 9.01);
insert into SHOT values (2801, 2768, 2773, 4652, 18.686, 311.13, 9.08, 18.689, 311.13, 9.08, 0.004, 329.66, 17.91);
insert into SHOT values (2802, 2755, 2774, 4652, 32.588, 204.85, -16.17, 32.587, 204.85, -16.18, 0.006, 74.27, -54.81);
insert into SHOT values (2803, 2774, 2775, 4652, 0.946, 136.54, 26.82, 0.945, 136.44, 27.06, 0.004, 345.80, 47.77);
insert into SHOT values (2804, 2774, 2776, 4652, 11.945, 319.94, 21.24, 11.942, 319.96, 21.26, 0.006, 103.64, 25.00);
insert into SHOT values (2805, 2774, 2777, 4652, 12.581, 299.96, 77.67, 12.580, 299.90, 77.66, 0.003, 235.58, -15.33);
insert into SHOT values (2806, 2774, 2778, 4652, 1.625, 245.02, -69.08, 1.624, 245.22, -69.35, 0.008, 49.79, -15.22);
insert into SHOT values (2807, 2774, 2779, 4652, 8.883, 261.00, 1.02, 8.881, 260.99, 1.03, 0.003, 105.27, 38.78);
insert into SHOT values (2808, 2779, 2780, 4652, 3.685, 154.45, -2.97, 3.686, 154.41, -2.95, 0.003, 86.41, 18.36);
insert into SHOT values (2809, 2779, 2781, 4652, 6.826, 318.65, 12.33, 6.832, 318.64, 12.34, 0.006, 312.43, 21.73);
insert into SHOT values (2810, 2779, 2782, 4652, 9.172, 219.29, 79.51, 9.173, 219.41, 79.51, 0.004, 313.43, 20.24);
insert into SHOT values (2811, 2779, 2783, 4652, 1.001, 259.95, -62.38, 1.005, 260.13, -62.32, 0.004, 287.86, -43.78);
insert into SHOT values (2812, 2779, 2784, 4652, 6.839, 226.77, -10.59, 6.838, 226.81, -10.62, 0.006, 336.76, -32.92);
insert into SHOT values (2813, 2784, 2785, 4652, 6.626, 146.76, -3.76, 6.629, 146.72, -3.72, 0.007, 90.62, 37.93);
insert into SHOT values (2814, 2784, 2786, 4652, 6.752, 288.16, 30.58, 6.751, 288.15, 30.63, 0.006, 116.99, 52.65);
insert into SHOT values (2815, 2784, 2787, 4652, 9.490, 190.62, 77.48, 9.495, 190.65, 77.50, 0.006, 336.79, 68.93);
insert into SHOT values (2816, 2784, 2788, 4652, 0.870, 199.44, -76.82, 0.863, 197.53, -76.66, 0.010, 116.02, 46.59);
insert into SHOT values (2817, 2784, 2789, 4652, 9.895, 89.01, -26.68, 9.894, 89.03, -26.67, 0.004, 182.93, 46.61);
insert into SHOT values (2818, 2784, 2790, 4652, 10.364, 89.15, -26.63, 10.367, 89.13, -26.59, 0.009, 68.29, 38.07);
insert into SHOT values (2819, 2784, 2791, 4652, 10.345, 89.06, -26.46, 10.345, 89.07, -26.46, 0.002, 182.07, -15.80);
insert into SHOT values (2820, 2784, 2792, 4652, 10.784, 207.39, 19.64, 10.786, 207.37, 19.67, 0.006, 128.39, 59.42);
insert into SHOT values (2821, 2792, 2793, 4652, 15.638, 120.94, -0.62, 15.636, 120.94, -0.62, 0.002, 260.28, -20.89);
insert into SHOT values (2822, 2792, 2794, 4652, 8.089, 337.46, 5.92, 8.090, 337.42, 5.89, 0.007, 257.78, -35.94);
insert into SHOT values (2823, 2792, 2795, 4652, 7.214, 99.33, 74.58, 7.209, 99.31, 74.59, 0.005, 289.30, -55.74);
insert into SHOT values (2824, 2792, 2796, 4652, 1.576, 95.83, -55.82, 1.581, 95.84, -55.97, 0.006, 265.42, -82.56);
insert into SHOT values (2825, 2792, 2797, 4652, 14.186, 190.01, 33.17, 14.183, 190.04, 33.17, 0.007, 301.32, -12.20);
insert into SHOT values (2826, 2797, 2798, 4652, 9.692, 84.04, 2.89, 9.694, 84.07, 2.90, 0.006, 152.46, 13.19);
insert into SHOT values (2827, 2797, 2799, 4652, 3.526, 299.76, 2.23, 3.519, 299.85, 2.28, 0.009, 82.54, 17.80);
insert into SHOT values (2828, 2797, 2800, 4652, 4.155, 107.13, 62.77, 4.152, 107.10, 62.70, 0.006, 90.47, -55.09);
insert into SHOT values (2829, 2797, 2801, 4652, 0.680, 67.97, -56.69, 0.683, 68.20, -56.52, 0.004, 91.08, -24.13);
insert into SHOT values (2830, 2797, 2802, 4652, 35.734, 101.28, 36.87, 35.737, 101.27, 36.86, 0.005, 70.83, -4.82);
insert into SHOT values (2831, 2797, 2803, 4652, 12.269, 237.36, -6.31, 12.263, 237.33, -6.32, 0.009, 106.96, -9.47);
insert into SHOT values (2832, 2803, 2804, 4652, 19.328, 120.27, 24.99, 19.330, 120.27, 25.00, 0.005, 355.10, 81.87);
insert into SHOT values (2833, 2803, 2805, 4652, 3.431, 308.54, -15.10, 3.427, 308.50, -15.05, 0.006, 165.96, 43.23);
insert into SHOT values (2834, 2803, 2806, 4652, 2.088, 190.20, 76.86, 2.086, 190.84, 76.74, 0.007, 244.51, -26.83);
insert into SHOT values (2835, 2803, 2807, 4652, 0.928, 202.90, -77.37, 0.923, 202.83, -77.10, 0.006, 198.69, 59.60);
insert into SHOT values (2836, 2803, 2808, 4652, 5.567, 234.69, -20.33, 5.567, 234.67, -20.28, 0.005, 182.37, 56.62);
insert into SHOT values (2837, 2808, 2809, 4652, 12.315, 109.95, 37.05, 12.315, 109.93, 37.05, 0.004, 17.02, 1.05);
insert into SHOT values (2838, 2808, 2810, 4652, 3.130, 334.36, -1.50, 3.132, 334.25, -1.65, 0.010, 262.26, -52.81);
insert into SHOT values (2839, 2808, 2811, 4652, 3.979, 149.53, 76.36, 3.972, 149.88, 76.36, 0.009, 257.79, -48.73);
insert into SHOT values (2840, 2808, 2812, 4652, 0.473, 239.52, -59.15, 0.476, 240.26, -59.46, 0.005, 342.28, -50.96);
insert into SHOT values (2841, 2808, 2813, 4652, 25.290, 274.47, -36.73, 25.295, 274.47, -36.74, 0.006, 276.29, -63.80);
insert into SHOT values (2842, 2808, 2814, 4652, 13.086, 314.77, -43.28, 13.089, 314.74, -43.26, 0.007, 275.69, 11.09);
insert into SHOT values (2843, 2808, 2815, 4652, 17.442, 205.73, 7.32, 17.437, 205.74, 7.31, 0.005, 4.98, -26.65);
insert into SHOT values (2844, 2815, 2816, 4652, 15.566, 120.73, 27.38, 15.564, 120.72, 27.39, 0.004, 335.72, 21.94);
insert into SHOT values (2845, 2815, 2817, 4652, 3.035, 258.44, 18.70, 3.038, 258.38, 18.62, 0.006, 222.08, -30.15);
insert into SHOT values (2846, 2815, 2818, 4652, 3.077, 146.62, 69.78, 3.079, 146.91, 69.82, 0.006, 249.22, 25.63);
insert into SHOT values (2847, 2815, 2819, 4652, 1.085, 129.44, -36.80, 1.083, 129.38, -36.86, 0.002, 333.40, -1.59);
insert into SHOT values (2848, 2815, 2820, 4652, 17.592, 195.79, -9.98, 17.592, 195.81, -9.98, 0.006, 290.41, -11.96);
insert into SHOT values (2849, 2820, 2821, 4652, 23.141, 133.93, 37.71, 23.141, 133.92, 37.70, 0.007, 77.62, -39.67);
insert into SHOT values (2850, 2820, 2822, 4652, 3.094, 314.80, -1.87, 3.092, 314.87, -1.85, 0.004, 76.45, 12.44);
insert into SHOT values (2851, 2820, 2823, 4652, 6.977, 244.19, 75.92, 6.980, 244.19, 75.91, 0.003, 243.27, 49.63);
insert into SHOT values (2852, 2820, 2824, 4652, 1.481, 253.59, -74.61, 1.484, 253.86, -74.54, 0.004, 289.24, -33.79);
insert into SHOT values (2853, 2820, 2825, 4652, 35.564, 151.19, 40.68, 35.569, 151.19, 40.67, 0.009, 160.62, -12.16);
insert into SHOT values (2854, 2820, 2826, 4652, 18.785, 209.49, 7.64, 18.786, 209.47, 7.65, 0.007, 126.72, 21.45);
insert into SHOT values (2855, 2826, 2827, 4652, 9.526, 88.33, 13.79, 9.519, 88.33, 13.80, 0.008, 272.96, -4.99);
insert into SHOT values (2856, 2826, 2828, 4652, 7.209, 310.79, 11.00, 7.208, 310.76, 10.96, 0.007, 216.96, -55.63);
insert into SHOT values (2857, 2826, 2829, 4652, 4.414, 69.98, 78.32, 4.412, 69.74, 78.29, 0.005, 5.64, -32.40);
insert into SHOT values (2858, 2826, 2830, 4652, 2.440, 64.51, -42.75, 2.437, 64.44, -42.93, 0.008, 261.59, -26.67);
insert into SHOT values (2859, 2826, 2831, 4652, 17.714, 0.72, -1.36, 17.716, 0.71, -1.36, 0.004, 313.32, 7.02);
insert into SHOT values (2860, 2737, 2832, 4652, 21.458, 350.56, 5.30, 21.462, 350.55, 5.29, 0.007, 298.75, -18.04);
insert into SHOT values (2861, 2737, 2833, 4652, 12.175, 194.92, 27.16, 12.179, 194.92, 27.16, 0.004, 199.50, 40.12);
insert into SHOT values (2862, 2737, 2834, 4652, 17.272, 24.73, 75.94, 17.267, 24.67, 75.95, 0.007, 257.39, -39.64);
insert into SHOT values (2863, 2737, 2835, 4652, 1.273, 48.08, -68.19, 1.269, 48.47, -68.39, 0.007, 197.78, 16.67);
insert into SHOT values (2864, 2737, 2836, 4652, 26.359, 51.05, -4.99, 26.359, 51.04, -4.98, 0.004, 327.23, 43.63);
insert into SHOT values (2865, 2836, 2837, 4652, 11.403, 333.07, 7.13, 11.398, 333.03, 7.11, 0.011, 215.02, -29.18);
insert into SHOT values (2866, 2836, 2838, 4652, 13.078, 136.72, 26.21, 13.078, 136.76, 26.18, 0.011, 206.35, -34.21);
insert into SHOT values (2867, 2836, 2839, 4652, 8.273, 55.96, 73.01, 8.270, 55.98, 73.04, 0.005, 224.84, -23.18);
insert into SHOT values (2868, 2836, 2840, 4652, 3.923, 358.76, -54.79, 3.926, 358.73, -54.85, 0.005, 217.43, -69.93);
insert into SHOT values (2869, 2836, 2841, 4652, 15.720, 54.45, 6.38, 15.717, 54.46, 6.36, 0.008, 192.54, -64.32);
insert into SHOT values (2870, 2841, 2842, 4652, 3.678, 336.14, 21.75, 3.676, 336.14, 21.88, 0.008, 156.27, 57.06);
insert into SHOT values (2871, 2841, 2843, 4652, 17.016, 152.63, 20.40, 17.012, 152.63, 20.40, 0.004, 327.09, -17.71);
insert into SHOT values (2872, 2841, 2844, 4652, 13.407, 104.05, 75.01, 13.405, 104.04, 75.03, 0.004, 294.95, -9.97);
insert into SHOT values (2873, 2841, 2845, 4652, 1.921, 135.24, -57.54, 1.921, 135.00, -57.49, 0.005, 62.52, 10.94);
insert into SHOT values (2874, 2841, 2846, 4652, 24.386, 77.38, 5.56, 24.381, 77.38, 5.58, 0.009, 239.49, 52.08);
insert into SHOT values (2875, 2846, 2847, 4652, 13.427, 317.51, 19.39, 13.422, 317.53, 19.36, 0.009, 83.47, -56.84);
insert into SHOT values (2876, 2846, 2848, 4652, 24.298, 143.95, 8.55, 24.292, 143.94, 8.55, 0.007, 357.94, -20.02);
insert into SHOT values (2877, 2846, 2849, 4652, 11.814, 72.56, 76.04, 11.810, 72.45, 76.02, 0.008, 9.29, -40.68);
insert into SHOT values (2878, 2846, 2850, 4652, 1.240, 354.91, -51.84, 1.242, 355.49, -52.12, 0.010, 111.40, -30.29);
insert into SHOT values (2879, 2846, 2851, 4652, 37.651, 353.85, 3.31, 37.648, 353.86, 3.30, 0.008, 105.13, -28.68);
insert into SHOT values (2880, 2846, 2852, 4652, 46.453, 359.85, 4.97, 46.454, 359.85, 4.96, 0.005, 32.53, -64.03);
insert into SHOT values (2881, 2846, 2853, 4652, 46.203, 12.12, 5.98, 46.206, 12.12, 5.98, 0.005, 36.89, -46.13);
insert into SHOT values (2882, 2846, 2854, 4652, 74.674, 28.11, 4.85, 74.675, 28.11, 4.85, 0.004, 89.10, -58.51);
insert into SHOT values (2883, 2846, 2855, 4652, 60.123, 48.92, 0.06, 60.124, 48.92, 0.06, 0.004, 353.97, -50.04);
insert into SHOT values (2884, 2846, 2856, 4652, 48.660, 60.52, 0.87, 48.667, 60.52, 0.86, 0.012, 38.89, -47.92);
insert into SHOT values (2885, 2846, 2857, 4652, 48.363, 72.13, 0.04, 48.363, 72.13, 0.04, 0.004, 154.90, -80.25);
insert into SHOT values (2886, 2846, 2858, 4652, 48.653, 87.04, 2.05, 48.656, 87.04, 2.05, 0.003, 104.41, -7.27);
insert into SHOT values (2887, 2846, 2859, 4652, 41.445, 103.48, 4.25, 41.451, 103.47, 4.25, 0.009, 59.25, -9.19);
insert into SHOT values (2888, 2846, 2860, 4652, 39.787, 117.17, 1.99, 39.792, 117.17, 1.99, 0.006, 122.41, -16.36);
insert into SHOT values (2889, 2846, 2861, 4652, 23.096, 132.01, 4.81, 23.093, 132.01, 4.79, 0.007, 349.11, -66.77);
insert into SHOT values (2890, 2846, 2862, 4652, 19.493, 96.92, 39.50, 19.493, 96.91, 39.46, 0.012, 74.99, -46.58);
insert into SHOT values (2891, 2846, 2863, 4652, 16.596, 64.93, 56.42, 16.594, 64.94, 56.39, 0.008, 84.65, -49.00);
insert into SHOT values (2892, 2846, 2864, 4652, 21.048, 22.60, 48.62, 21.049, 22.60, 48.60, 0.006, 32.79, -29.98);
insert into SHOT values (2893, 2846, 2865, 4652, 27.441, 4.93, 33.92, 27.442, 4.94, 33.91, 0.005, 43.83, -34.20);
insert into SHOT values (2894, 2846, 2866, 4652, 27.122, 350.13, 22.24, 27.117, 350.14, 22.23, 0.007, 130.46, -51.61);
insert into SHOT values (2895, 2846, 2867, 4652, 14.033, 327.71, 17.53, 14.025, 327.74, 17.51, 0.011, 103.13, -38.45);
insert into SHOT values (2896, 2846, 2868, 4652, 19.694, 298.90, 30.51, 19.687, 298.91, 30.49, 0.009, 89.16, -63.69);
insert into SHOT values (2897, 2846, 2869, 4652, 16.689, 260.05, 37.05, 16.678, 260.05, 37.05, 0.011, 80.93, -29.41);
insert into SHOT values (2898, 2846, 2870, 4652, 23.474, 267.52, -0.80, 23.474, 267.53, -0.81, 0.006, 357.24, -21.75);
insert into SHOT values (2899, 2846, 2871, 4652, 34.841, 6.74, -31.80, 34.845, 6.75, -31.80, 0.006, 53.19, -3.23);
insert into SHOT values (2900, 2846, 2872, 4652, 39.423, 24.92, -37.86, 39.430, 24.93, -37.86, 0.008, 62.14, -37.80);
insert into SHOT values (2901, 2846, 2873, 4652, 49.533, 47.06, -35.69, 49.542, 47.06, -35.69, 0.010, 65.65, -14.15);
insert into SHOT values (2902, 2846, 2874, 4652, 48.042, 67.09, -32.69, 48.049, 67.09, -32.69, 0.008, 87.65, -21.95);
insert into SHOT values (2903, 2846, 2875, 4652, 22.786, 87.73, -34.81, 22.792, 87.73, -34.81, 0.007, 99.23, -21.21);
insert into SHOT values (2904, 2846, 2876, 4652, 90.516, 48.09, -0.79, 90.523, 48.09, -0.79, 0.007, 47.42, -16.85);
insert into SHOT values (2905, 2846, 2877, 4652, 90.855, 44.46, -1.62, 90.854, 44.46, -1.62, 0.002, 205.21, -56.26);
insert into SHOT values (2906, 2846, 2878, 4652, 48.705, 56.82, 2.35, 48.704, 56.82, 2.34, 0.007, 171.31, -70.93);
insert into SHOT values (2907, 2846, 2879, 4652, 89.833, 49.93, -1.19, 89.843, 49.93, -1.19, 0.011, 62.35, -22.41);
insert into SHOT values (2908, 2846, 2880, 4652, 47.991, 41.83, 42.73, 47.989, 41.83, 42.73, 0.005, 348.72, -56.54);
insert into SHOT values (2909, 2846, 2881, 4652, 81.156, 23.13, 9.05, 81.164, 23.13, 9.05, 0.011, 47.25, -29.26);
insert into SHOT values (2910, 2846, 2882, 4652, 57.071, 93.85, 2.51, 57.073, 93.85, 2.50, 0.010, 124.48, -72.54);
insert into SHOT values (2911, 2846, 2883, 4652, 8.420, 151.41, 1.17, 8.419, 151.39, 1.16, 0.003, 40.98, -39.29);
insert into SHOT values (2912, 2883, 2884, 4652, 45.763, 58.42, -0.66, 45.767, 58.43, -0.66, 0.008, 120.88, -20.29);
insert into SHOT values (2913, 2883, 2885, 4652, 18.050, 195.32, 3.73, 18.048, 195.32, 3.72, 0.005, 327.02, -64.18);
insert into SHOT values (2914, 2883, 2886, 4652, 10.964, 126.14, 82.06, 10.966, 125.89, 82.04, 0.008, 65.09, 8.29);
insert into SHOT values (2915, 2883, 2887, 4652, 1.712, 150.78, -75.31, 1.716, 151.07, -75.34, 0.005, 240.38, -60.68);
insert into SHOT values (2916, 2883, 2888, 4652, 14.690, 120.79, 12.23, 14.696, 120.78, 12.22, 0.007, 97.78, -14.97);
insert into SHOT values (2917, 2883, 2889, 4652, 12.598, 143.80, 30.10, 12.604, 143.80, 30.10, 0.006, 148.98, 19.37);
insert into SHOT values (2918, 2883, 2890, 4652, 11.284, 199.06, 40.32, 11.282, 199.07, 40.32, 0.002, 344.27, -37.38);
insert into SHOT values (2919, 2883, 2891, 4652, 12.009, 233.14, 41.33, 12.006, 233.12, 41.34, 0.005, 96.40, -7.49);
insert into SHOT values (2920, 2883, 2892, 4652, 10.517, 208.51, 67.26, 10.517, 208.52, 67.27, 0.002, 10.55, 11.84);
insert into SHOT values (2921, 2883, 2893, 4652, 10.816, 130.62, 69.35, 10.815, 130.54, 69.34, 0.006, 55.20, -10.75);
insert into SHOT values (2922, 2883, 2894, 4652, 14.377, 105.24, 45.81, 14.378, 105.22, 45.81, 0.005, 14.23, 15.67);
insert into SHOT values (2923, 2883, 2895, 4652, 17.521, 93.98, 34.10, 17.525, 93.99, 34.08, 0.008, 114.59, -22.33);
insert into SHOT values (2924, 2883, 2896, 4652, 14.380, 162.96, -16.33, 14.380, 162.93, -16.36, 0.010, 56.22, -42.80);
insert into SHOT values (2925, 2896, 2897, 4652, 58.729, 34.09, 7.59, 58.729, 34.09, 7.59, 0.003, 124.61, 64.63);
insert into SHOT values (2926, 2896, 2898, 4652, 12.087, 173.34, -13.41, 12.088, 173.36, -13.39, 0.005, 242.31, 38.13);
insert into SHOT values (2927, 2896, 2899, 4652, 9.100, 151.34, 81.95, 9.100, 151.43, 81.94, 0.002, 213.52, -8.75);
insert into SHOT values (2928, 2896, 2900, 4652, 1.464, 214.00, -71.41, 1.457, 213.69, -71.24, 0.008, 162.27, 67.02);
insert into SHOT values (2929, 2896, 2901, 4652, 35.412, 173.59, 14.53, 35.417, 173.60, 14.54, 0.010, 235.12, 33.12);
insert into SHOT values (2930, 2896, 2902, 4652, 14.201, 93.43, -6.09, 14.195, 93.45, -6.07, 0.010, 227.13, 40.98);
insert into SHOT values (2931, 2902, 2903, 4652, 44.434, 28.65, 24.47, 44.431, 28.65, 24.46, 0.005, 207.66, -75.27);
insert into SHOT values (2932, 2902, 2904, 4652, 6.402, 169.29, -1.19, 6.403, 169.29, -1.25, 0.007, 149.29, -81.76);
insert into SHOT values (2933, 2902, 2905, 4652, 5.736, 67.07, 86.69, 5.730, 67.25, 86.64, 0.008, 79.01, -51.71);
insert into SHOT values (2934, 2902, 2906, 4652, 2.193, 157.51, -51.44, 2.197, 157.19, -51.52, 0.009, 67.05, -33.84);
insert into SHOT values (2935, 2902, 2907, 4652, 13.315, 58.41, 16.92, 13.311, 58.42, 16.90, 0.006, 198.49, -58.73);
insert into SHOT values (2936, 2907, 2908, 4652, 51.346, 345.07, 27.87, 51.350, 345.08, 27.88, 0.009, 66.11, 57.54);
insert into SHOT values (2937, 2907, 2909, 4652, 9.211, 154.85, 1.34, 9.209, 154.80, 1.37, 0.010, 49.72, 28.39);
insert into SHOT values (2938, 2907, 2910, 4652, 6.115, 282.93, 87.65, 6.115, 284.04, 87.68, 0.006, 48.36, 1.40);
insert into SHOT values (2939, 2907, 2911, 4652, 2.711, 186.58, -41.38, 2.709, 186.50, -41.36, 0.004, 75.91, 33.41);
insert into SHOT values (2940, 2907, 2912, 4652, 10.709, 40.56, 7.95, 10.713, 40.57, 7.94, 0.004, 56.48, -15.48);
insert into SHOT values (2941, 2912, 2913, 4652, 14.901, 32.92, 8.40, 14.906, 32.90, 8.41, 0.007, 347.12, 28.25);
insert into SHOT values (2942, 2912, 2914, 4652, 5.406, 178.62, -0.48, 5.402, 178.62, -0.42, 0.007, 357.45, 51.24);
insert into SHOT values (2943, 2912, 2915, 4652, 9.008, 96.32, 84.85, 9.016, 96.42, 84.88, 0.009, 254.93, 65.53);
insert into SHOT values (2944, 2912, 2916, 4652, 0.960, 100.32, -60.35, 0.957, 99.66, -60.13, 0.007, 28.61, 36.63);
insert into SHOT values (2945, 2912, 2917, 4652, 18.640, 87.85, 2.34, 18.639, 87.85, 2.34, 0.002, 313.77, -29.61);
insert into SHOT values (2946, 2917, 2918, 4652, 2.018, 6.14, 22.74, 2.018, 6.17, 22.74, 0.001, 116.24, -3.18);
insert into SHOT values (2947, 2917, 2919, 4652, 8.214, 223.00, 8.51, 8.214, 223.00, 8.54, 0.005, 12.12, 74.68);
insert into SHOT values (2948, 2917, 2920, 4652, 4.876, 169.35, 65.12, 4.884, 169.35, 65.11, 0.008, 167.35, 58.49);
insert into SHOT values (2949, 2917, 2921, 4652, 2.655, 180.99, -55.46, 2.646, 180.76, -55.47, 0.011, 49.62, 41.60);
insert into SHOT values (2950, 2917, 2922, 4652, 23.667, 82.86, 26.32, 23.671, 82.85, 26.33, 0.007, 17.23, 61.84);
insert into SHOT values (2951, 2922, 2923, 4652, 5.457, 335.48, 28.99, 5.452, 335.48, 28.96, 0.006, 161.11, -58.28);
insert into SHOT values (2952, 2922, 2924, 4652, 12.916, 163.23, 14.98, 12.920, 163.23, 14.98, 0.004, 180.22, 22.04);
insert into SHOT values (2953, 2922, 2925, 4652, 7.792, 295.40, 84.83, 7.791, 295.46, 84.86, 0.004, 105.38, -3.87);
insert into SHOT values (2954, 2922, 2926, 4652, 2.651, 219.17, -45.29, 2.658, 219.14, -45.31, 0.008, 206.11, -52.78);
insert into SHOT values (2955, 2922, 2927, 4652, 8.293, 52.25, 16.29, 8.286, 52.25, 16.26, 0.008, 230.15, -50.25);
insert into SHOT values (2956, 2927, 2928, 4652, 8.170, 342.39, 12.88, 8.171, 342.38, 12.94, 0.009, 201.30, 81.67);
insert into SHOT values (2957, 2927, 2929, 4652, 14.704, 138.26, 6.60, 14.708, 138.25, 6.60, 0.006, 99.77, -0.36);
insert into SHOT values (2958, 2927, 2930, 4652, 14.302, 98.96, 87.20, 14.307, 99.06, 87.20, 0.005, 185.95, 76.75);
insert into SHOT values (2959, 2927, 2931, 4652, 1.684, 77.62, -51.06, 1.688, 77.53, -50.89, 0.007, 63.58, -1.46);
insert into SHOT values (2960, 2927, 2932, 4652, 13.989, 7.54, -4.95, 13.992, 7.54, -4.92, 0.008, 18.53, 61.21);
insert into SHOT values (2961, 2927, 2933, 4652, 9.499, 25.91, 29.49, 9.506, 25.95, 29.49, 0.009, 68.47, 27.19);
insert into SHOT values (2962, 2927, 2934, 4652, 13.501, 42.31, 32.50, 13.507, 42.33, 32.51, 0.008, 96.23, 48.60);
insert into SHOT values (2963, 2927, 2935, 4652, 14.384, 62.80, 29.79, 14.393, 62.80, 29.79, 0.009, 61.35, 24.15);
insert into SHOT values (2964, 2927, 2936, 4652, 14.598, 79.24, 24.53, 14.605, 79.24, 24.56, 0.010, 78.87, 71.58);
insert into SHOT values (2965, 2927, 2937, 4652, 15.537, 96.77, 17.82, 15.540, 96.76, 17.84, 0.007, 22.92, 52.64);
insert into SHOT values (2966, 2927, 2938, 4652, 15.955, 125.27, 11.05, 15.958, 125.25, 11.05, 0.006, 68.07, 19.41);
insert into SHOT values (2967, 2927, 2939, 4652, 15.698, 154.35, 4.64, 15.697, 154.32, 4.64, 0.008, 56.46, 0.77);
insert into SHOT values (2968, 2927, 2940, 4652, 16.626, 179.51, 2.41, 16.625, 179.48, 2.41, 0.008, 85.06, 6.27);
insert into SHOT values (2969, 2927, 2941, 4652, 10.272, 162.63, 63.07, 10.274, 162.62, 63.07, 0.002, 87.48, 59.21);
insert into SHOT values (2970, 2927, 2942, 4652, 16.211, 205.37, 81.95, 16.219, 205.32, 81.96, 0.009, 65.62, 71.45);
insert into SHOT values (2971, 2927, 2943, 4652, 18.510, 303.06, 75.36, 18.510, 303.04, 75.37, 0.002, 157.03, 22.97);
insert into SHOT values (2972, 2927, 2944, 4652, 12.312, 311.62, 60.10, 12.316, 311.70, 60.13, 0.011, 65.86, 37.32);
insert into SHOT values (2973, 2927, 2945, 4652, 10.568, 305.01, 44.84, 10.570, 305.05, 44.89, 0.011, 83.92, 46.98);
insert into SHOT values (2974, 2927, 2946, 4652, 9.291, 247.04, 58.55, 9.292, 247.03, 58.58, 0.005, 74.39, 46.29);
insert into SHOT values (2975, 2927, 2947, 4652, 12.731, 234.49, 81.01, 12.736, 234.63, 81.03, 0.008, 353.56, 44.16);
insert into SHOT values (2976, 2927, 2948, 4652, 9.943, 352.17, -2.57, 9.942, 352.19, -2.54, 0.007, 96.92, 61.00);
insert into SHOT values (2977, 2948, 2949, 4652, 1.865, 267.12, -6.59, 1.865, 267.21, -6.77, 0.007, 6.24, -62.50);
insert into SHOT values (2978, 2948, 2950, 4652, 0.616, 40.44, 20.31, 0.618, 40.82, 19.86, 0.007, 86.54, -35.83);
insert into SHOT values (2979, 2948, 2951, 4652, 2.172, 136.32, 70.16, 2.169, 136.10, 70.17, 0.004, 15.93, -43.46);
insert into SHOT values (2980, 2948, 2952, 4652, 4.899, 1.83, -60.12, 4.901, 1.88, -60.13, 0.003, 72.85, -45.83);
insert into SHOT values (2981, 2948, 2953, 4652, 3.844, 310.93, -57.42, 3.845, 311.08, -57.43, 0.006, 44.29, -9.21);
insert into SHOT values (2982, 2953, 2954, 4652, 2.806, 240.78, -21.52, 2.810, 240.69, -21.50, 0.006, 197.30, -6.56);
insert into SHOT values (2983, 2953, 2955, 4652, 1.223, 48.43, 4.78, 1.222, 48.33, 4.69, 0.003, 306.25, -40.60);
insert into SHOT values (2984, 2953, 2956, 4652, 0.806, 347.35, 86.43, 0.802, 348.69, 86.35, 0.005, 43.88, -72.14);
insert into SHOT values (2985, 2953, 2957, 4652, 0.806, 356.96, -69.49, 0.810, 355.91, -69.73, 0.007, 248.28, -43.28);
insert into SHOT values (2986, 2953, 2958, 4652, 5.003, 264.50, -30.59, 5.008, 264.41, -30.61, 0.009, 203.18, -27.10);
insert into SHOT values (2987, 2958, 2959, 4652, 3.710, 234.88, 14.62, 3.711, 234.98, 14.67, 0.007, 324.93, 29.23);
insert into SHOT values (2988, 2958, 2960, 4652, 2.839, 19.19, 1.68, 2.838, 19.14, 1.82, 0.007, 268.05, 67.63);
insert into SHOT values (2989, 2958, 2961, 4652, 7.486, 237.57, 77.34, 7.491, 237.48, 77.38, 0.008, 91.91, 51.31);
insert into SHOT values (2990, 2958, 2962, 4652, 2.470, 327.79, -50.69, 2.471, 328.03, -50.62, 0.007, 33.98, 8.69);
insert into SHOT values (2991, 2958, 2963, 4652, 23.941, 301.21, -17.10, 23.942, 301.22, -17.10, 0.003, 18.52, -7.45);
insert into SHOT values (2992, 2963, 2964, 4652, 2.248, 286.07, 1.94, 2.249, 286.02, 2.04, 0.004, 209.42, 60.57);
insert into SHOT values (2993, 2963, 2965, 4652, 21.321, 121.51, 13.54, 21.319, 121.50, 13.56, 0.009, 331.40, 63.20);
insert into SHOT values (2994, 2963, 2966, 4652, 4.037, 270.69, 81.71, 4.042, 270.99, 81.75, 0.006, 34.12, 55.12);
insert into SHOT values (2995, 2963, 2967, 4652, 1.543, 174.39, -47.97, 1.540, 174.45, -47.77, 0.006, 207.76, 70.90);
insert into SHOT values (2996, 2963, 2968, 4652, 29.289, 173.50, 31.40, 29.290, 173.50, 31.40, 0.001, 182.21, 8.05);
insert into SHOT values (2997, 2963, 2969, 4652, 22.225, 163.41, 49.76, 22.229, 163.41, 49.77, 0.005, 124.78, 79.15);
insert into SHOT values (2998, 2963, 2970, 4652, 13.975, 4.01, -19.23, 13.971, 4.00, -19.22, 0.005, 223.03, 34.98);
insert into SHOT values (2999, 2970, 2971, 4652, 5.405, 267.55, 15.55, 5.403, 267.58, 15.57, 0.004, 42.79, 16.28);
insert into SHOT values (3000, 2970, 2972, 4652, 8.681, 78.90, 20.01, 8.686, 78.91, 19.99, 0.006, 93.98, -5.06);
insert into SHOT values (3001, 2970, 2973, 4652, 6.240, 39.35, 74.59, 6.246, 39.14, 74.55, 0.009, 350.24, 28.71);
insert into SHOT values (3002, 2970, 2974, 4652, 0.851, 0.32, -77.79, 0.849, 0.00, -77.76, 0.002, 271.15, 60.12);
insert into SHOT values (3003, 2970, 2975, 4652, 16.053, 301.58, -11.78, 16.056, 301.58, -11.79, 0.004, 277.00, -49.22);
insert into SHOT values (3004, 2975, 2976, 4652, 6.113, 173.75, 29.58, 6.110, 173.73, 29.62, 0.005, 14.77, 26.28);
insert into SHOT values (3005, 2975, 2977, 4652, 16.341, 330.05, 11.17, 16.340, 330.06, 11.19, 0.006, 99.93, 50.31);
insert into SHOT values (3006, 2975, 2978, 4652, 11.033, 334.41, 82.22, 11.042, 334.64, 82.22, 0.010, 59.79, 55.41);
insert into SHOT values (3007, 2975, 2979, 4652, 1.879, 307.76, -67.52, 1.871, 308.16, -67.62, 0.010, 89.64, 37.87);
insert into SHOT values (3008, 2975, 2980, 4652, 10.294, 277.41, 4.98, 10.296, 277.45, 5.01, 0.010, 356.11, 40.75);
insert into SHOT values (3009, 2980, 2981, 4652, 16.299, 144.59, 34.25, 16.299, 144.58, 34.24, 0.005, 81.97, -40.45);
insert into SHOT values (3010, 2980, 2982, 4652, 19.972, 10.10, 40.73, 19.972, 10.12, 40.72, 0.006, 90.96, -15.52);
insert into SHOT values (3011, 2980, 2983, 4652, 17.386, 255.65, 78.15, 17.379, 255.53, 78.17, 0.012, 120.22, -28.21);
insert into SHOT values (3012, 2980, 2984, 4652, 1.246, 242.82, -72.62, 1.247, 242.74, -72.67, 0.001, 89.39, -39.10);
insert into SHOT values (3013, 2980, 2985, 4652, 11.909, 147.77, 44.28, 11.912, 147.78, 44.24, 0.009, 159.45, -28.55);
insert into SHOT values (3014, 2980, 2986, 4652, 13.968, 151.52, 67.02, 13.973, 151.46, 66.98, 0.012, 124.84, 2.37);
insert into SHOT values (3015, 2980, 2987, 4652, 13.027, 208.44, 81.18, 13.024, 208.36, 81.17, 0.005, 160.84, -37.64);
insert into SHOT values (3016, 2980, 2988, 4652, 19.301, 293.34, 62.90, 19.297, 293.33, 62.91, 0.005, 139.22, -23.61);
insert into SHOT values (3017, 2980, 2989, 4652, 21.805, 298.00, 49.48, 21.795, 298.01, 49.49, 0.010, 96.57, -33.04);
insert into SHOT values (3018, 2980, 2990, 4652, 27.225, 308.89, 36.19, 27.218, 308.88, 36.19, 0.008, 155.41, -45.63);
insert into SHOT values (3019, 2980, 2991, 4652, 31.817, 312.23, 28.27, 31.809, 312.24, 28.28, 0.010, 113.16, 3.54);
insert into SHOT values (3020, 2980, 2992, 4652, 5.898, 306.66, 7.74, 5.891, 306.71, 7.71, 0.009, 85.88, -27.70);
insert into SHOT values (3021, 2980, 2993, 4652, 18.957, 71.55, -11.81, 18.964, 71.57, -11.81, 0.008, 106.97, -0.88);
insert into SHOT values (3022, 2993, 2994, 4652, 14.534, 322.42, 14.87, 14.534, 322.40, 14.87, 0.004, 230.41, 2.73);
insert into SHOT values (3023, 2993, 2995, 4652, 10.403, 119.66, 27.17, 10.401, 119.67, 27.17, 0.002, 267.66, -7.97);
insert into SHOT values (3024, 2993, 2996, 4652, 11.294, 13.01, 84.36, 11.295, 13.03, 84.37, 0.002, 175.01, 24.75);
insert into SHOT values (3025, 2993, 2997, 4652, 7.779, 55.93, -47.12, 7.774, 55.95, -47.16, 0.007, 221.61, 2.39);
insert into SHOT values (3026, 2993, 2998, 4652, 14.260, 45.71, -1.23, 14.253, 45.71, -1.25, 0.008, 224.12, -27.71);
insert into SHOT values (3027, 2998, 2999, 4652, 9.991, 321.90, 11.74, 9.989, 321.93, 11.73, 0.007, 69.34, -24.74);
insert into SHOT values (3028, 2998, 3000, 4652, 8.240, 144.91, 25.73, 8.240, 144.88, 25.75, 0.006, 35.82, 30.04);
insert into SHOT values (3029, 2998, 3001, 4652, 9.842, 353.85, 79.23, 9.844, 353.76, 79.22, 0.004, 295.87, 22.47);
insert into SHOT values (3030, 2998, 3002, 4652, 1.181, 33.84, -74.38, 1.185, 33.69, -74.11, 0.007, 26.41, -21.73);
insert into SHOT values (3031, 2998, 3003, 4652, 17.065, 45.18, 1.64, 17.070, 45.17, 1.64, 0.006, 3.10, 14.71);
insert into SHOT values (3032, 3003, 3004, 4652, 10.170, 324.09, 30.27, 10.168, 324.08, 30.30, 0.006, 158.43, 39.31);
insert into SHOT values (3033, 3003, 3005, 4652, 13.872, 144.76, 30.30, 13.871, 144.76, 30.31, 0.003, 340.12, 27.65);
insert into SHOT values (3034, 3003, 3006, 4652, 18.957, 18.77, 80.51, 18.960, 18.84, 80.51, 0.005, 81.01, 29.29);
insert into SHOT values (3035, 3003, 3007, 4652, 1.013, 8.00, -68.36, 1.011, 7.70, -68.34, 0.003, 271.95, 38.83);
insert into SHOT values (3036, 3003, 3008, 4652, 11.417, 351.91, 19.50, 11.411, 351.93, 19.50, 0.007, 137.97, -8.99);
insert into SHOT values (3037, 3003, 3009, 4652, 11.525, 351.76, 19.61, 11.521, 351.79, 19.63, 0.008, 126.81, 15.23);
insert into SHOT values (3038, 3009, 3010, 4652, 6.102, 270.17, 27.58, 6.101, 270.21, 27.53, 0.007, 340.20, -50.77);
insert into SHOT values (3039, 3009, 3011, 4652, 14.982, 151.42, 2.05, 14.982, 151.43, 2.03, 0.007, 232.57, -61.26);
insert into SHOT values (3040, 3009, 3012, 4652, 10.459, 94.17, 71.84, 10.460, 94.05, 71.85, 0.007, 350.77, 15.40);
insert into SHOT values (3041, 3009, 3013, 4652, 1.315, 142.44, -65.22, 1.317, 142.50, -65.69, 0.011, 319.13, -33.62);
insert into SHOT values (3042, 3009, 3014, 4652, 16.683, 319.35, 15.97, 16.685, 319.35, 15.97, 0.002, 304.83, -1.87);
insert into SHOT values (3043, 3009, 3015, 4652, 14.874, 72.64, 9.58, 14.866, 72.62, 9.56, 0.011, 294.50, -30.05);
insert into SHOT values (3044, 3015, 3016, 4652, 3.837, 327.16, 14.01, 3.834, 327.29, 14.04, 0.009, 76.74, 6.84);
insert into SHOT values (3045, 3015, 3017, 4652, 3.938, 324.74, 10.24, 3.930, 324.79, 10.26, 0.008, 121.14, -0.45);
insert into SHOT values (3046, 3015, 3018, 4652, 14.848, 125.12, 14.20, 14.854, 125.10, 14.22, 0.010, 81.51, 50.87);
insert into SHOT values (3047, 3015, 3019, 4652, 8.178, 123.66, 68.21, 8.184, 123.59, 68.22, 0.008, 51.41, 56.67);
insert into SHOT values (3048, 3015, 3020, 4652, 1.495, 105.09, -51.18, 1.494, 104.77, -50.95, 0.008, 52.22, 36.35);
insert into SHOT values (3049, 3015, 3021, 4652, 26.658, 136.61, 23.43, 26.666, 136.61, 23.42, 0.009, 126.09, 0.15);
insert into SHOT values (3050, 3015, 3022, 4652, 13.121, 40.91, 2.32, 13.125, 40.92, 2.31, 0.005, 65.05, -13.12);
insert into SHOT values (3051, 3022, 3023, 4652, 15.702, 313.96, 4.65, 15.703, 313.94, 4.68, 0.009, 230.21, 50.21);
insert into SHOT values (3052, 3022, 3024, 4652, 9.542, 104.42, 3.23, 9.547, 104.46, 3.24, 0.009, 156.46, 16.01);
insert into SHOT values (3053, 3022, 3025, 4652, 6.095, 36.09, 75.47, 6.094, 36.19, 75.52, 0.006, 187.57, -0.60);
insert into SHOT values (3054, 3022, 3026, 4652, 1.059, 354.42, -57.07, 1.050, 353.99, -56.92, 0.010, 233.66, 60.58);
insert into SHOT values (3055, 3022, 3027, 4652, 22.819, 25.26, -8.97, 22.814, 25.27, -8.95, 0.009, 160.95, 57.88);
insert into SHOT values (3056, 3027, 3028, 4652, 8.217, 300.13, 12.73, 8.213, 300.12, 12.73, 0.004, 147.11, -9.87);
insert into SHOT values (3057, 3027, 3029, 4652, 11.657, 116.61, 31.68, 11.655, 116.59, 31.67, 0.004, 12.29, -29.86);
insert into SHOT values (3058, 3027, 3030, 4652, 9.534, 31.56, 82.26, 9.527, 31.35, 82.23, 0.009, 340.87, -48.84);
insert into SHOT values (3059, 3027, 3031, 4652, 2.648, 35.34, -47.45, 2.645, 35.20, -47.50, 0.006, 263.01, 7.34);
insert into SHOT values (3060, 3027, 3032, 4652, 0.221, 151.16, 23.42, 0.221, 150.95, 21.23, 0.008, 137.27, -67.72);
insert into SHOT values (3061, 3027, 3033, 4652, 11.590, 153.73, 22.41, 11.587, 153.75, 22.37, 0.009, 230.83, -70.30);
insert into SHOT values (3062, 3027, 3034, 4652, 23.643, 355.93, -5.75, 23.648, 355.93, -5.75, 0.005, 355.92, -13.31);
insert into SHOT values (3063, 3034, 3035, 4652, 6.064, 254.91, 0.99, 6.070, 254.91, 0.94, 0.008, 255.38, -37.72);
insert into SHOT values (3064, 3034, 3036, 4652, 14.249, 77.01, 28.67, 14.244, 77.01, 28.65, 0.007, 264.02, -71.07);
insert into SHOT values (3065, 3034, 3037, 4652, 8.077, 32.74, 82.52, 8.078, 32.93, 82.54, 0.005, 163.16, 20.55);
insert into SHOT values (3066, 3034, 3038, 4652, 0.727, 232.83, -74.68, 0.726, 231.34, -74.65, 0.005, 142.24, 13.14);
insert into SCRAPS values (4653, 4650, 'jetstream_s0', 1, 0.15768, 0.01358);
 insert into SCRAPS values (4688, 4650, 'jetstream_s1', 1, 0.15721, 0.02703);
 insert into SCRAPS values (4720, 4650, 'jetstream_s2', 1, 0.09570, 0.01313);
 insert into SCRAPS values (4743, 4650, 'jetstream_s3', 1, 25.86068, 0.16645);
 insert into SCRAPS values (4803, 4650, 'jetstream_s4', 1, 100.00000, 6.27218);
 insert into SCRAPS values (4884, 4650, 'jetstream_s5', 1, 0.14120, 0.01838);
 insert into SCRAPS values (4925, 4650, 'jetstream_s6', 1, 0.19864, 0.00493);
 insert into SCRAPS values (5050, 4650, 'jetstream_ext_s1', 3, 27.67094, 5.74005);
 insert into SCRAPS values (5074, 4650, 'jetstream_ext_s2', 3, 55.88743, 6.04280);
 insert into SCRAPS values (5134, 4650, 'jetstream_ext_s3', 3, 0.09659, 0.00268);
 insert into MAPS values (5162, 4650, 'jetstreamPlan', 'Jetstream, Clearwater Cave', 1, 2060.464, 121.910);
 insert into MAPITEMS values (5162, 4, 4688);
 insert into MAPITEMS values (5162, 4, 4720);
 insert into MAPITEMS values (5162, 4, 4743);
 insert into MAPITEMS values (5162, 4, 4803);
 insert into MAPITEMS values (5162, 4, 4884);
 insert into MAPITEMS values (5162, 4, 4925);
 insert into MAPITEMS values (5162, 4, 4653);
 insert into MAPS values (5163, 4650, 'jetstreamExt', NULL, 3, 2060.464, 121.910);
 insert into MAPITEMS values (5163, 4, 5050);
 insert into MAPITEMS values (5163, 4, 5074);
 insert into MAPITEMS values (5163, 4, 5134);
 insert into SURVEY values (5165, 71, 'nesters', 'nesters.clearwater_master', NULL);
 insert into CENTRELINE values (5166, 5165, NULL, NULL, NULL, 0.00, 0.00, 0.00);
 insert into CENTRELINE values (5167, 5165, NULL, '2014-04-20', NULL, 1370.10, 0.00, 339.90);
 insert into SHOT values (3067, 3039, 3040, 5167, 19.600, 65.00, -2.00, 19.607, 65.00, -1.99, 0.008, 76.48, 28.60);
insert into SHOT_FLAG values(3067, 'dpl');
insert into SHOT values (3068, 3040, 3041, 5167, 54.700, 36.00, -4.00, 54.694, 36.00, -4.00, 0.008, 213.05, -33.70);
insert into SHOT_FLAG values(3068, 'dpl');
insert into SHOT values (3069, 3041, 3042, 5167, 42.800, 20.00, 5.00, 42.803, 19.99, 5.00, 0.005, 326.71, -3.03);
insert into SHOT_FLAG values(3069, 'dpl');
insert into SHOT values (3070, 3042, 3043, 5167, 23.300, 108.00, 22.00, 23.305, 108.01, 22.00, 0.006, 136.59, 16.12);
insert into SHOT_FLAG values(3070, 'dpl');
insert into SHOT values (3071, 3043, 3044, 5167, 28.100, 63.00, -4.00, 28.105, 63.00, -4.00, 0.005, 43.23, 1.66);
insert into SHOT_FLAG values(3071, 'dpl');
insert into SHOT values (3072, 3044, 3045, 5167, 11.300, 80.00, -37.00, 11.293, 80.04, -37.02, 0.010, 226.48, 2.83);
insert into SHOT_FLAG values(3072, 'dpl');
insert into SHOT values (3073, 3045, 3046, 5167, 12.700, 134.00, -4.00, 12.704, 133.98, -3.97, 0.009, 84.23, 41.52);
insert into SHOT_FLAG values(3073, 'dpl');
insert into SHOT values (3074, 3044, 3047, 5167, 16.700, 164.00, 17.00, 16.700, 164.01, 17.03, 0.008, 309.02, 70.73);
insert into SHOT_FLAG values(3074, 'dpl');
insert into SHOT values (3075, 3047, 3048, 5167, 7.200, 68.00, -31.00, 7.199, 68.01, -31.02, 0.003, 228.99, -30.49);
insert into SHOT_FLAG values(3075, 'dpl');
insert into SHOT values (3076, 3048, 3049, 5167, 5.400, 84.00, 16.00, 5.398, 84.03, 16.02, 0.004, 222.57, 23.91);
insert into SHOT_FLAG values(3076, 'dpl');
insert into SHOT values (3077, 3049, 3050, 5167, 8.600, 56.00, 26.00, 8.600, 56.02, 26.00, 0.003, 141.87, 0.16);
insert into SHOT_FLAG values(3077, 'dpl');
insert into SHOT values (3078, 3051, 3052, 5167, 7.000, 171.10, 20.50, 7.004, 171.14, 20.56, 0.010, 242.99, 60.04);
insert into SHOT_FLAG values(3078, 'dpl');
insert into SHOT values (3079, 3052, 3053, 5167, 16.900, 156.50, -6.10, 16.900, 156.50, -6.11, 0.004, 308.67, -77.71);
insert into SHOT_FLAG values(3079, 'dpl');
insert into SHOT values (3080, 3053, 3054, 5167, 7.800, 119.70, 33.00, 7.799, 119.70, 33.02, 0.003, 296.04, 35.74);
insert into SHOT_FLAG values(3080, 'dpl');
insert into SHOT values (3081, 3054, 3055, 5167, 22.300, 203.00, 21.50, 22.297, 202.98, 21.49, 0.008, 98.74, -22.77);
insert into SHOT_FLAG values(3081, 'dpl');
insert into SHOT values (3082, 3055, 3056, 5167, 17.800, 165.60, 32.00, 17.797, 165.61, 32.00, 0.005, 284.06, -31.62);
insert into SHOT_FLAG values(3082, 'dpl');
insert into SHOT values (3083, 3056, 3057, 5167, 19.000, 177.00, 31.10, 19.006, 177.01, 31.11, 0.007, 204.34, 58.92);
insert into SHOT_FLAG values(3083, 'dpl');
insert into SHOT values (3084, 3057, 3039, 5167, 18.700, 238.90, 27.30, 18.696, 238.91, 27.28, 0.008, 338.72, -62.25);
insert into SHOT_FLAG values(3084, 'dpl');
insert into SHOT values (3085, 3039, 3058, 5167, 22.600, 200.00, 27.00, 22.604, 199.97, 26.99, 0.010, 136.83, -1.01);
insert into SHOT values (3086, 3058, 3059, 5167, 28.100, 241.00, 35.00, 28.096, 241.02, 35.01, 0.010, 12.83, 14.50);
insert into SHOT values (3087, 3059, 3060, 5167, 11.700, 209.00, 50.00, 11.700, 209.02, 49.98, 0.005, 239.45, -30.77);
insert into SHOT values (3088, 3058, 3061, 5167, 4.800, 150.00, -11.00, 4.796, 150.06, -10.94, 0.008, 275.30, 44.77);
insert into SHOT values (3089, 3061, 3062, 5167, 6.400, 75.00, -2.00, 6.403, 74.96, -1.97, 0.006, 21.95, 34.28);
insert into SHOT values (3090, 3062, 3063, 5167, 5.000, 28.00, 52.00, 5.002, 28.06, 51.96, 0.005, 67.31, -0.59);
insert into SHOT values (3091, 3063, 3064, 5167, 4.800, 82.00, 33.00, 4.792, 81.99, 33.00, 0.008, 267.71, -33.50);
insert into SHOT values (3092, 3064, 3065, 5167, 17.400, 129.00, 17.00, 17.399, 129.00, 17.01, 0.004, 319.07, 50.46);
insert into SHOT values (3093, 3065, 3066, 5167, 11.600, 248.00, 2.00, 11.594, 247.95, 1.98, 0.012, 129.39, -23.05);
insert into SHOT values (3094, 3066, 3067, 5167, 8.700, 262.00, -30.00, 8.708, 262.00, -29.97, 0.009, 260.99, 0.00);
insert into SHOT values (3095, 3065, 3068, 5167, 16.100, 60.00, -7.00, 16.102, 60.00, -7.03, 0.008, 89.78, -83.36);
insert into SHOT values (3096, 3068, 3069, 5167, 19.600, 47.00, -5.00, 19.595, 47.01, -4.98, 0.010, 179.87, 52.63);
insert into SHOT values (3097, 3069, 3070, 5167, 20.700, 56.00, 25.00, 20.701, 56.01, 24.97, 0.011, 96.55, -50.22);
insert into SHOT values (3098, 3070, 3071, 5167, 9.100, 126.00, 19.00, 9.098, 125.96, 19.05, 0.010, 352.65, 44.36);
insert into SHOT values (3099, 3068, 3072, 5167, 36.500, 107.00, 20.00, 36.544, 103.05, 19.64, 2.382, 17.91, -4.91);
insert into SHOT values (3100, 3072, 3073, 5167, 30.900, 135.00, 31.00, 30.842, 132.91, 31.84, 1.062, 27.43, 19.54);
insert into SHOT values (3101, 3073, 3074, 5167, 12.100, 142.00, -13.00, 12.025, 141.15, -13.66, 0.235, 20.55, -30.13);
insert into SHOT values (3102, 3074, 3075, 5167, 10.300, 185.00, -19.00, 10.224, 185.31, -19.78, 0.167, 341.31, -39.68);
insert into SHOT values (3103, 3075, 3076, 5167, 10.700, 178.00, 3.00, 10.598, 178.16, 2.76, 0.116, 341.58, -25.64);
insert into SHOT values (3104, 3076, 3077, 5167, 9.700, 172.00, 10.00, 9.607, 171.98, 9.95, 0.093, 353.97, -15.13);
insert into SHOT values (3105, 3077, 3078, 5167, 8.300, 113.00, 16.00, 8.249, 111.91, 15.90, 0.161, 5.72, -9.96);
insert into SHOT values (3106, 3078, 3079, 5167, 24.600, 208.00, 9.00, 24.537, 209.79, 8.70, 0.772, 302.08, -10.33);
insert into SHOT values (3107, 3079, 3080, 5167, 26.400, 196.00, 5.00, 26.399, 196.00, 5.00, 0.001, 310.59, -38.69);
insert into SHOT values (3108, 3079, 3081, 5167, 10.600, 289.00, -17.00, 10.655, 290.29, -17.14, 0.236, 8.55, -9.97);
insert into SHOT values (3109, 3081, 3082, 5167, 7.100, 202.00, -27.00, 7.037, 202.54, -27.60, 0.114, 349.17, -18.85);
insert into SHOT values (3110, 3082, 3083, 5167, 2.400, 306.00, -37.00, 2.466, 306.75, -36.89, 0.071, 331.21, -30.34);
insert into SHOT values (3111, 3083, 3084, 5167, 15.400, 218.00, -3.00, 15.338, 219.46, -3.51, 0.419, 318.77, -18.64);
insert into SHOT values (3112, 3084, 3085, 5167, 25.200, 273.00, -24.00, 25.248, 275.92, -24.40, 1.185, 5.87, -8.75);
insert into SHOT values (3113, 3085, 3086, 5167, 20.200, 220.00, -5.00, 20.207, 220.00, -5.00, 0.007, 226.82, 4.46);
insert into SHOT values (3114, 3085, 3087, 5167, 50.000, 2.00, -20.00, 50.102, 1.05, -19.19, 1.056, 294.70, 36.68);
insert into SHOT values (3115, 3087, 3088, 5167, 7.300, 340.00, -9.00, 7.394, 340.22, -9.10, 0.099, 357.59, -16.47);
insert into SHOT values (3116, 3088, 3089, 5167, 13.000, 4.00, 29.00, 13.075, 3.72, 27.81, 0.286, 347.69, -45.03);
insert into SHOT values (3117, 3089, 3090, 5167, 20.000, 6.00, 5.00, 20.094, 5.41, 4.22, 0.353, 305.08, -48.19);
insert into SHOT values (3118, 3090, 3091, 5167, 8.300, 295.00, 4.00, 8.354, 296.04, 3.71, 0.166, 4.99, -13.58);
insert into SHOT values (3119, 3091, 3068, 5167, 10.100, 339.00, -9.00, 10.200, 339.30, -9.14, 0.115, 7.96, -20.33);
insert into SHOT values (3120, 3072, 3092, 5167, 57.200, 27.00, 27.00, 57.197, 26.99, 27.00, 0.008, 265.23, 12.42);
insert into SHOT values (3121, 3072, 3093, 5167, 26.900, 172.00, -15.00, 26.898, 172.01, -15.00, 0.007, 274.95, 19.76);
insert into SHOT values (3122, 3078, 3094, 5167, 26.400, 30.00, 4.00, 26.395, 30.01, 4.00, 0.008, 163.72, -11.55);
insert into SHOT values (3123, 3094, 3095, 5167, 26.100, 30.00, -4.00, 26.097, 29.98, -4.00, 0.008, 282.35, 4.38);
insert into SHOT values (3124, 3095, 3096, 5167, 14.300, 84.00, -2.00, 14.307, 84.02, -2.00, 0.008, 118.79, -6.69);
insert into SHOT values (3125, 3096, 3097, 5167, 20.800, 39.00, 5.00, 20.805, 38.99, 4.99, 0.007, 359.56, -22.44);
insert into SHOT values (3126, 3097, 3098, 5167, 25.700, 27.00, 0.00, 25.698, 26.98, 0.00, 0.008, 278.52, 0.00);
insert into SHOT values (3127, 3098, 3099, 5167, 21.100, 337.00, 0.00, 21.096, 337.01, 0.00, 0.005, 120.93, 0.00);
insert into SHOT values (3128, 3099, 3100, 5167, 12.000, 339.00, -4.00, 11.995, 338.99, -4.02, 0.006, 180.61, -27.24);
insert into SHOT values (3129, 3096, 3101, 5167, 23.400, 104.00, 35.00, 23.399, 103.98, 35.00, 0.007, 9.61, -13.03);
insert into SHOT values (3130, 3101, 3102, 5167, 7.000, 97.00, 14.00, 6.998, 97.02, 13.97, 0.004, 212.62, -52.22);
insert into SHOT values (3131, 3102, 3103, 5167, 7.600, 22.00, -7.00, 7.593, 21.97, -6.96, 0.009, 234.87, 41.25);
insert into SHOT values (3132, 3103, 3104, 5167, 7.900, 322.00, -7.00, 7.897, 322.05, -7.06, 0.010, 81.50, -43.75);
insert into SHOT values (3133, 3104, 3105, 5167, 14.900, 41.00, 15.00, 14.898, 41.00, 15.02, 0.005, 227.62, 50.44);
insert into SHOT values (3134, 3103, 3106, 5167, 12.500, 40.00, -5.00, 12.504, 40.02, -5.00, 0.006, 81.25, -5.45);
insert into SHOT values (3135, 3106, 3107, 5167, 12.000, 53.00, 0.00, 11.996, 53.00, 0.00, 0.004, 243.85, 0.00);
insert into SHOT values (3136, 3102, 3108, 5167, 13.400, 159.00, 36.00, 13.400, 159.02, 36.02, 0.006, 278.91, 35.98);
insert into SHOT values (3137, 3108, 3109, 5167, 8.500, 249.00, 41.00, 8.503, 248.99, 41.01, 0.004, 224.83, 66.90);
insert into SHOT values (3138, 3109, 3110, 5167, 7.900, 207.00, 52.00, 7.892, 206.93, 52.02, 0.010, 65.93, -30.83);
insert into SHOT values (3139, 3110, 3111, 5167, 5.500, 174.00, 26.00, 5.502, 174.08, 25.98, 0.008, 241.09, -7.72);
insert into SHOT values (3140, 3111, 3112, 5167, 6.500, 215.00, -10.00, 6.496, 215.01, -10.02, 0.004, 24.06, -18.09);
insert into SHOT values (3141, 3112, 3113, 5167, 26.200, 199.00, 16.00, 26.206, 199.00, 15.99, 0.007, 184.43, -13.49);
insert into SHOT values (3142, 3113, 3114, 5167, 30.000, 6.00, -46.00, 30.003, 6.00, -45.99, 0.005, 20.54, 2.36);
insert into SHOT values (3143, 3113, 3115, 5167, 54.800, 197.00, -1.00, 54.793, 197.00, -0.99, 0.010, 356.42, 40.31);
insert into SHOT values (3144, 3115, 3116, 5167, 8.200, 219.00, 32.00, 8.198, 218.93, 31.97, 0.010, 132.34, -32.10);
insert into SHOT values (3145, 3116, 3117, 5167, 3.800, 170.00, 42.00, 3.804, 170.00, 42.09, 0.007, 340.37, 81.34);
insert into SHOT values (3146, 3111, 3118, 5167, 20.000, 122.00, -35.00, 20.003, 121.98, -34.99, 0.007, 75.20, 13.02);
insert into SHOT values (3147, 3101, 3119, 5167, 21.100, 354.00, 19.00, 21.100, 353.99, 19.00, 0.005, 255.98, 6.15);
insert into SHOT values (3148, 3119, 3120, 5167, 21.600, 14.00, 9.00, 21.600, 14.00, 9.00, 0.002, 253.23, 39.53);
insert into SHOT values (3149, 3120, 3121, 5167, 26.500, 356.00, 25.00, 26.501, 356.01, 25.00, 0.006, 75.86, 6.37);
insert into SHOT values (3150, 3121, 3122, 5167, 8.200, 15.00, 39.00, 8.196, 15.02, 39.02, 0.006, 173.20, -4.45);
insert into SHOT values (3151, 3121, 3123, 5167, 3.400, 40.00, -39.00, 3.394, 39.92, -39.10, 0.009, 243.99, -1.90);
insert into SHOT values (3152, 3123, 3124, 5167, 4.200, 318.00, -35.00, 4.201, 318.06, -35.00, 0.004, 32.86, -14.18);
insert into SHOT values (3153, 3124, 3125, 5167, 12.700, 0.00, -90.00, 12.700, 90.00, -90.00, 0.000, 0.00, -21.83);
insert into SHOT values (3154, 3126, 3101, 5167, 7.700, 21.00, -6.00, 7.702, 21.04, -5.96, 0.008, 81.88, 40.30);
insert into SHOT values (3155, 3126, 3127, 5167, 11.700, 185.00, -2.00, 11.701, 185.00, -1.96, 0.009, 208.99, 77.44);
insert into SHOT values (3156, 3127, 3128, 5167, 7.600, 208.00, 6.00, 7.597, 208.02, 5.97, 0.006, 336.78, -48.10);
insert into SHOT values (3157, 3128, 3129, 5167, 5.100, 224.00, 23.00, 5.100, 223.96, 22.97, 0.004, 159.47, -40.37);
insert into SHOT values (3158, 3129, 3130, 5167, 7.800, 186.00, 8.00, 7.798, 185.95, 8.03, 0.009, 76.47, 30.35);
insert into SHOT values (3159, 3130, 3131, 5167, 6.400, 213.00, -17.00, 6.409, 213.02, -16.97, 0.010, 223.22, 6.96);
insert into SHOT values (3160, 3131, 3132, 5167, 8.100, 274.00, -21.00, 8.099, 274.02, -21.06, 0.008, 55.06, -58.83);
insert into SHOT values (3161, 3132, 3133, 5167, 11.600, 200.00, 34.00, 11.597, 200.02, 34.03, 0.008, 352.96, 25.91);
insert into SHOT values (3162, 3133, 3134, 5167, 8.200, 160.00, 29.00, 8.202, 160.02, 29.03, 0.005, 257.75, 56.70);
insert into SHOT values (3163, 3134, 3135, 5167, 11.900, 166.00, 44.00, 11.898, 166.01, 43.97, 0.008, 192.11, -56.72);
insert into SHOT values (3164, 3134, 3136, 5167, 16.100, 31.00, -5.00, 16.094, 31.01, -5.03, 0.010, 184.06, -40.69);
insert into SHOT values (3165, 3136, 3137, 5167, 25.600, 160.00, 52.00, 25.605, 160.00, 52.01, 0.007, 307.88, 84.18);
insert into SHOT values (3166, 3073, 3138, 5167, 11.500, 56.00, 5.00, 11.504, 55.99, 4.99, 0.005, 32.03, -27.37);
insert into SHOT values (3167, 3138, 3139, 5167, 7.400, 136.00, -18.00, 7.400, 135.98, -18.03, 0.004, 23.46, -49.31);
insert into SHOT values (3168, 3139, 3140, 5167, 7.400, 176.00, 10.00, 7.400, 176.07, 10.04, 0.010, 268.80, 30.91);
insert into SHOT values (3169, 3140, 3141, 5167, 4.200, 77.00, -10.00, 4.200, 77.01, -10.01, 0.001, 202.46, -54.86);
insert into SHOT values (3170, 3141, 3142, 5167, 18.300, 160.00, 42.00, 18.306, 159.97, 42.00, 0.010, 93.97, 29.44);
insert into SHOT values (3171, 3073, 3143, 5167, 19.400, 20.00, -4.00, 19.404, 20.00, -3.99, 0.006, 12.54, 36.19);
insert into SHOT values (3172, 3143, 3144, 5167, 15.500, 356.00, -5.00, 15.498, 355.99, -5.03, 0.010, 220.32, -63.83);
insert into SHOT values (3173, 3144, 3145, 5167, 4.300, 46.00, -8.00, 4.298, 45.95, -7.89, 0.009, 303.68, 66.48);
insert into SHOT values (3174, 3145, 3146, 5167, 10.300, 19.00, 2.00, 10.300, 19.05, 2.00, 0.009, 108.50, 3.34);
insert into SCRAPS values (5168, 5165, 'nesters_s1', 1, 25.10502, 2.34090);
 insert into SCRAPS values (5216, 5165, 'nesters_s2', 1, 15.79645, 1.31621);
 insert into SCRAPS values (5250, 5165, 'nesters_s3', 1, 73.74721, 14.00423);
 insert into SCRAPS values (5286, 5165, 'nesters_s4', 1, 14.52368, 1.13614);
 insert into SCRAPS values (5394, 5165, 'nesters_s5', 1, 10.30799, 0.96948);
 insert into SCRAPS values (5459, 5165, 'nesters_s6', 1, 6.34525, 0.02678);
 insert into MAPS values (5549, 5165, 'nestersPlan', 'Nesters Cave<br>Clearwater<br>Gunung Api<br>Mulu<br>Sarawak', 1, 1370.100, 135.130);
 insert into MAPITEMS values (5549, 4, 5168);
 insert into MAPITEMS values (5549, 4, 5216);
 insert into MAPITEMS values (5549, 4, 5250);
 insert into MAPITEMS values (5549, 4, 5286);
 insert into MAPITEMS values (5549, 4, 5394);
 insert into MAPITEMS values (5549, 4, 5459);
 insert into MAPS values (5550, 5165, 'nesters_m', 'Nesters Cave<br>Clearwater<br>Gunung Api<br>Mulu<br>Sarawak', 1, 1370.100, 135.130);
 insert into MAPITEMS values (5550, 4, 5168);
 insert into MAPITEMS values (5550, 4, 5216);
 insert into MAPITEMS values (5550, 4, 5250);
 insert into MAPITEMS values (5550, 4, 5286);
 insert into MAPITEMS values (5550, 4, 5394);
 insert into MAPITEMS values (5550, 4, 5459);
 insert into SURVEY values (5552, 71, 'c_o_w_ent_to_scumring_mainline_1', 'c_o_w_ent_to_scumring_mainline_1.clearwater_master', NULL);
 insert into CENTRELINE values (5553, 5552, NULL, NULL, NULL, 0.00, 0.00, 0.00);
 insert into CENTRELINE values (5554, 5552, NULL, '2014-04-29', NULL, 334.33, 0.00, 0.00);
 insert into SHOT values (3175, 3147, 3148, 5554, 18.690, 46.52, 18.13, 18.694, 46.51, 18.11, 0.010, 11.23, -36.04);
insert into SHOT values (3176, 3148, 3149, 5554, 12.670, 72.69, 37.97, 12.668, 72.69, 38.00, 0.008, 251.89, 38.16);
insert into SHOT values (3177, 3149, 3150, 5554, 16.580, 60.16, 34.00, 16.584, 60.17, 33.98, 0.007, 85.50, -11.50);
insert into SHOT values (3178, 3150, 3151, 5554, 26.070, 66.84, 25.53, 26.064, 66.84, 25.55, 0.010, 255.80, 25.43);
insert into SHOT values (3179, 3151, 3152, 5554, 29.640, 110.69, 16.46, 29.644, 110.68, 16.44, 0.012, 69.51, -44.50);
insert into SHOT values (3180, 3152, 3153, 5554, 18.750, 63.24, 28.13, 18.749, 63.25, 28.17, 0.012, 220.53, 55.95);
insert into SHOT values (3181, 3153, 3154, 5554, 10.640, 53.04, 1.18, 10.642, 53.02, 1.13, 0.010, 357.88, -66.40);
insert into SHOT values (3182, 3154, 3155, 5554, 31.430, 76.76, -20.83, 31.433, 76.76, -20.82, 0.008, 67.99, 49.26);
insert into SHOT values (3183, 3155, 3156, 5554, 22.050, 52.28, -7.12, 22.041, 52.28, -7.14, 0.012, 229.40, -35.96);
insert into SHOT values (3184, 3156, 3157, 5554, 10.290, 18.80, 3.72, 10.290, 18.81, 3.73, 0.003, 119.65, 67.10);
insert into SHOT values (3185, 3157, 3158, 5554, 30.700, 63.72, 15.86, 30.703, 63.71, 15.86, 0.005, 11.90, 0.78);
insert into SHOT values (3186, 3158, 3159, 5554, 37.250, 76.69, -8.24, 37.255, 76.69, -8.24, 0.006, 59.32, -13.42);
insert into SHOT values (3187, 3159, 3160, 5554, 37.060, 75.57, 0.85, 37.052, 75.57, 0.85, 0.008, 238.57, 1.58);
insert into SHOT values (3188, 3160, 3161, 5554, 26.230, 92.56, -0.28, 26.236, 92.56, -0.26, 0.011, 76.45, 50.79);
insert into SHOT values (3189, 3161, 3162, 5554, 6.280, 130.35, -12.23, 6.281, 130.44, -12.32, 0.014, 229.74, -44.94);
insert into SHOT values (3190, 3147, 3163, 5554, 33.230, 23.65, 51.33, 33.227, 23.65, 51.32, 0.005, 54.66, -77.04);
insert into SHOT values (3191, 3147, 3164, 5554, 22.890, 354.89, 74.92, 22.890, 354.90, 74.90, 0.009, 2.86, -11.70);
insert into SHOT values (3192, 3147, 3165, 5554, 21.310, 266.03, 81.38, 21.311, 266.05, 81.37, 0.004, 286.94, 10.44);
insert into SHOT values (3193, 3147, 3166, 5554, 25.430, 216.02, 62.56, 25.428, 216.04, 62.58, 0.008, 9.40, 7.09);
insert into SHOT values (3194, 3147, 3167, 5554, 41.140, 198.45, 84.69, 41.137, 198.53, 84.69, 0.006, 287.28, -32.94);
insert into SHOT values (3195, 3147, 3168, 5554, 1.280, 241.90, -67.00, 1.280, 242.40, -67.18, 0.006, 11.99, -17.12);
insert into SHOT values (3196, 3147, 3169, 5554, 19.990, 295.93, 7.04, 19.990, 295.95, 7.04, 0.005, 23.04, -0.21);
insert into SHOT values (3197, 3147, 3170, 5554, 48.920, 301.51, -34.82, 48.919, 301.51, -34.82, 0.003, 271.69, 75.00);
insert into SHOT values (3198, 3147, 3171, 5554, 49.070, 345.02, -13.13, 49.077, 345.02, -13.13, 0.008, 17.24, -24.11);
insert into SHOT values (3199, 3147, 3172, 5554, 48.810, 6.65, 4.50, 48.817, 6.64, 4.50, 0.009, 327.64, 2.54);
insert into SHOT values (3200, 3147, 3173, 5554, 59.350, 25.36, 14.64, 59.348, 25.36, 14.64, 0.005, 276.53, -5.09);
insert into SHOT values (3201, 3147, 3174, 5554, 63.790, 39.61, 30.23, 63.793, 39.60, 30.22, 0.011, 4.95, -35.52);
insert into SHOT values (3202, 3147, 3175, 5554, 21.740, 255.80, -7.82, 21.740, 255.81, -7.83, 0.004, 355.71, -30.80);
insert into SHOT values (3203, 3147, 3176, 5554, 37.670, 242.02, -29.67, 37.673, 242.03, -29.67, 0.008, 322.56, -22.20);
insert into SHOT values (3204, 3147, 3177, 5554, 46.580, 262.90, -38.83, 46.583, 262.91, -38.83, 0.007, 338.64, -35.03);
insert into SHOT values (3205, 3147, 3178, 5554, 17.640, 239.52, -42.38, 17.640, 239.52, -42.38, 0.001, 207.68, 16.44);
insert into SHOT values (3206, 3147, 3179, 5554, 39.300, 222.99, 2.84, 39.303, 223.00, 2.84, 0.006, 286.24, 26.50);
insert into SHOT values (3207, 3147, 3180, 5554, 47.530, 201.45, -21.24, 47.528, 201.45, -21.24, 0.003, 10.15, -19.66);
insert into SHOT values (3208, 3147, 3181, 5554, 28.940, 220.67, 43.07, 28.936, 220.68, 43.07, 0.006, 336.56, -27.26);
insert into SHOT values (3209, 3147, 3182, 5554, 23.550, 174.87, 25.65, 23.545, 174.86, 25.65, 0.006, 22.67, -42.14);
insert into SHOT values (3210, 3147, 3183, 5554, 23.680, 147.97, 25.03, 23.681, 147.97, 25.03, 0.001, 105.72, 67.68);
insert into SHOT values (3211, 3147, 3184, 5554, 5.820, 135.80, -7.30, 5.811, 135.77, -7.32, 0.010, 331.79, -2.84);
insert into SHOT values (3212, 3147, 3185, 5554, 8.260, 163.75, -19.34, 8.259, 163.75, -19.38, 0.005, 339.23, -59.12);
insert into SHOT values (3213, 3147, 3186, 5554, 18.420, 188.39, -22.87, 18.421, 188.40, -22.87, 0.004, 275.51, -18.62);
insert into SHOT values (3214, 3147, 3187, 5554, 58.880, 205.27, -11.33, 58.876, 205.28, -11.33, 0.010, 328.30, -14.85);
insert into SHOT values (3215, 3147, 3188, 5554, 51.180, 222.11, -4.37, 51.175, 222.12, -4.37, 0.008, 354.89, -1.72);
insert into SHOT values (3216, 3147, 3189, 5554, 22.980, 214.91, -38.42, 22.980, 214.93, -38.42, 0.008, 305.09, 1.93);
insert into SHOT values (3217, 3147, 3190, 5554, 4.380, 186.63, -36.91, 4.373, 186.74, -36.97, 0.010, 327.11, 2.49);
insert into SHOT values (3218, 3148, 3191, 5554, 28.340, 162.91, 86.81, 28.344, 163.06, 86.81, 0.006, 233.09, 42.19);
insert into SHOT values (3219, 3148, 3192, 5554, 26.400, 8.15, 78.46, 26.402, 8.18, 78.48, 0.009, 170.91, 24.27);
insert into SHOT values (3220, 3148, 3193, 5554, 33.790, 154.26, 69.00, 33.795, 154.26, 69.00, 0.005, 154.51, 59.46);
insert into SHOT values (3221, 3148, 3194, 5554, 31.420, 146.95, 45.59, 31.423, 146.95, 45.60, 0.005, 255.54, 75.80);
insert into SHOT values (3222, 3148, 3195, 5554, 1.420, 312.05, -58.09, 1.415, 311.76, -57.97, 0.007, 224.02, 54.92);
insert into SHOT values (3223, 3148, 3196, 5554, 39.200, 356.27, 0.10, 39.193, 356.27, 0.10, 0.007, 178.80, 12.91);
insert into SHOT values (3224, 3148, 3197, 5554, 37.760, 359.17, 3.30, 37.757, 359.16, 3.31, 0.008, 228.84, 50.75);
insert into SHOT values (3225, 3148, 3198, 5554, 25.800, 0.82, 40.50, 25.798, 0.82, 40.52, 0.008, 186.74, 33.08);
insert into SHOT values (3226, 3148, 3199, 5554, 41.180, 276.85, -26.36, 41.183, 276.85, -26.35, 0.007, 260.58, 39.33);
insert into SHOT values (3227, 3148, 3200, 5554, 41.800, 313.47, -22.54, 41.799, 313.47, -22.54, 0.004, 248.14, 61.57);
insert into SHOT values (3228, 3148, 3201, 5554, 41.900, 33.98, 30.21, 41.896, 33.98, 30.22, 0.012, 231.41, 36.38);
insert into SHOT values (3229, 3148, 3202, 5554, 51.270, 43.13, 40.84, 51.263, 43.13, 40.85, 0.011, 225.03, 10.93);
insert into SHOT values (3230, 3148, 3203, 5554, 33.770, 182.80, 5.08, 33.773, 182.81, 5.08, 0.007, 247.65, -1.70);
insert into SHOT values (3231, 3148, 3204, 5554, 29.600, 166.78, 42.17, 29.607, 166.80, 42.18, 0.012, 245.92, 47.86);
insert into SHOT values (3232, 3148, 3205, 5554, 30.490, 172.17, 17.55, 30.492, 172.17, 17.56, 0.006, 243.59, 85.37);
insert into SHOT values (3233, 3148, 3206, 5554, 71.130, 209.64, -11.23, 71.133, 209.64, -11.23, 0.007, 260.35, 20.83);
insert into SHOT values (3234, 3148, 3207, 5554, 43.670, 227.84, -9.33, 43.679, 227.84, -9.33, 0.009, 227.26, -1.21);
insert into SHOT values (3235, 3148, 3208, 5554, 39.240, 87.65, 42.82, 39.240, 87.65, 42.84, 0.012, 268.72, 47.15);
insert into SHOT values (3236, 3149, 3209, 5554, 27.680, 257.94, 87.26, 27.681, 257.75, 87.27, 0.006, 131.43, 17.12);
insert into SHOT values (3237, 3149, 3210, 5554, 21.560, 335.53, 56.77, 21.554, 335.54, 56.77, 0.007, 133.04, -39.62);
insert into SHOT values (3238, 3149, 3211, 5554, 22.600, 265.56, 73.62, 22.596, 265.59, 73.63, 0.006, 51.21, -26.68);
insert into SHOT values (3239, 3149, 3212, 5554, 30.240, 200.21, 55.97, 30.237, 200.19, 55.97, 0.007, 79.14, -10.94);
insert into SHOT values (3240, 3149, 3213, 5554, 2.930, 324.64, -60.46, 2.930, 324.88, -60.50, 0.006, 72.44, -7.84);
insert into SHOT values (3241, 3149, 3214, 5554, 38.180, 324.38, -18.33, 38.181, 324.38, -18.33, 0.004, 229.58, -47.32);
insert into SHOT values (3242, 3149, 3215, 5554, 39.160, 343.92, -10.24, 39.160, 343.93, -10.24, 0.004, 68.86, 21.04);
insert into SHOT values (3243, 3149, 3216, 5554, 23.690, 342.46, 23.08, 23.691, 342.45, 23.09, 0.004, 254.36, 56.99);
insert into SHOT values (3244, 3149, 3217, 5554, 20.400, 280.62, 11.49, 20.400, 280.61, 11.48, 0.006, 196.39, -39.15);
insert into SHOT values (3245, 3149, 3218, 5554, 33.820, 166.76, 9.18, 33.820, 166.75, 9.17, 0.007, 100.23, -58.02);
insert into SHOT values (3246, 3149, 3219, 5554, 28.970, 193.41, 33.47, 28.973, 193.40, 33.47, 0.006, 122.04, 29.60);
insert into SHOT values (3247, 3149, 3220, 5554, 39.610, 186.37, -2.84, 39.613, 186.37, -2.84, 0.004, 194.04, 40.61);
insert into SHOT values (3248, 3149, 3221, 5554, 17.370, 138.89, 0.68, 17.373, 138.90, 0.69, 0.005, 181.43, 47.59);
insert into SHOT values (3249, 3149, 3222, 5554, 54.770, 163.09, 8.04, 54.775, 163.09, 8.04, 0.007, 119.19, -3.28);
insert into SHOT values (3250, 3149, 3223, 5554, 18.990, 112.75, 26.48, 18.994, 112.73, 26.48, 0.006, 55.29, 24.99);
insert into SHOT values (3251, 3149, 3224, 5554, 68.370, 89.13, 39.48, 68.374, 89.13, 39.48, 0.005, 104.39, -2.81);
insert into SHOT values (3252, 3150, 3225, 5554, 36.840, 159.25, 85.07, 36.836, 159.27, 85.07, 0.004, 290.21, -64.26);
insert into SHOT values (3253, 3150, 3226, 5554, 21.950, 340.22, 55.86, 21.951, 340.21, 55.87, 0.003, 213.01, 49.77);
insert into SHOT values (3254, 3150, 3227, 5554, 28.810, 350.62, 76.21, 28.809, 350.61, 76.22, 0.006, 187.97, 4.39);
insert into SHOT values (3255, 3150, 3228, 5554, 42.100, 108.12, 66.36, 42.101, 108.12, 66.37, 0.005, 274.19, 33.27);
insert into SHOT values (3256, 3150, 3229, 5554, 21.860, 131.07, 50.27, 21.857, 131.08, 50.27, 0.004, 262.64, -24.69);
insert into SHOT values (3257, 3150, 3230, 5554, 1.140, 296.76, -60.40, 1.141, 296.11, -60.16, 0.008, 243.89, 8.66);
insert into SHOT values (3258, 3150, 3231, 5554, 25.220, 345.24, -3.06, 25.218, 345.23, -3.07, 0.006, 231.98, -37.28);
insert into SHOT values (3259, 3150, 3232, 5554, 22.440, 343.52, 0.34, 22.443, 343.51, 0.33, 0.006, 297.42, -33.01);
insert into SHOT values (3260, 3150, 3233, 5554, 19.680, 340.07, 35.26, 19.682, 340.07, 35.25, 0.004, 320.80, -15.36);
insert into SHOT values (3261, 3150, 3234, 5554, 36.790, 255.66, -7.30, 36.795, 255.66, -7.29, 0.007, 250.06, 40.52);
insert into SHOT values (3262, 3150, 3235, 5554, 13.600, 164.54, -0.43, 13.601, 164.56, -0.42, 0.006, 244.63, 19.78);
insert into SHOT values (3263, 3150, 3236, 5554, 13.490, 197.02, 10.65, 13.495, 197.06, 10.63, 0.010, 252.21, -17.26);
insert into SHOT values (3264, 3150, 3237, 5554, 20.060, 207.04, 4.64, 20.061, 207.04, 4.63, 0.003, 195.26, -63.39);
insert into SHOT values (3265, 3150, 3238, 5554, 41.840, 215.86, 0.46, 41.842, 215.86, 0.47, 0.005, 199.20, 64.64);
insert into SHOT values (3266, 3150, 3239, 5554, 50.890, 230.89, 0.34, 50.892, 230.89, 0.34, 0.004, 293.29, -28.96);
insert into SHOT values (3267, 3150, 3240, 5554, 44.510, 237.38, -2.75, 44.515, 237.38, -2.74, 0.008, 225.98, 44.78);
insert into SHOT values (3268, 3151, 3241, 5554, 31.480, 7.77, 82.28, 31.476, 7.88, 82.28, 0.010, 89.65, -29.45);
insert into SHOT values (3269, 3151, 3242, 5554, 21.180, 344.81, 50.83, 21.179, 344.83, 50.83, 0.005, 94.30, -3.59);
insert into SHOT values (3270, 3151, 3243, 5554, 28.070, 336.89, 69.25, 28.071, 336.91, 69.25, 0.005, 47.36, 9.36);
insert into SHOT values (3271, 3151, 3244, 5554, 29.860, 263.84, 83.07, 29.858, 263.78, 83.07, 0.004, 149.47, -25.14);
insert into SHOT values (3272, 3151, 3245, 5554, 37.530, 117.66, 71.82, 37.527, 117.66, 71.80, 0.012, 115.66, -34.12);
insert into SHOT values (3273, 3151, 3246, 5554, 28.600, 145.83, 50.33, 28.601, 145.82, 50.31, 0.009, 127.24, -30.99);
insert into SHOT values (3274, 3151, 3247, 5554, 4.630, 57.22, -50.16, 4.639, 57.22, -50.13, 0.009, 56.60, -33.69);
insert into SHOT values (3275, 3151, 3248, 5554, 21.600, 338.27, 1.41, 21.599, 338.28, 1.41, 0.005, 77.82, -17.67);
insert into SHOT values (3276, 3151, 3249, 5554, 34.480, 343.19, -23.74, 34.474, 343.20, -23.74, 0.009, 115.21, 7.91);
insert into SHOT values (3277, 3151, 3250, 5554, 64.240, 358.48, -27.15, 64.241, 358.49, -27.16, 0.009, 104.30, -42.38);
insert into SHOT values (3278, 3151, 3251, 5554, 19.680, 345.96, 24.48, 19.681, 345.98, 24.46, 0.008, 51.07, -36.48);
insert into SHOT values (3279, 3151, 3252, 5554, 22.950, 300.45, -3.66, 22.948, 300.46, -3.67, 0.007, 54.63, -44.03);
insert into SHOT values (3280, 3151, 3253, 5554, 0.350, 154.84, 15.14, 0.356, 154.18, 14.65, 0.008, 123.44, -10.49);
insert into SHOT values (3281, 3151, 3254, 5554, 36.770, 148.32, 35.57, 36.770, 148.31, 35.57, 0.004, 48.15, 15.95);
insert into SHOT values (3282, 3151, 3255, 5554, 22.920, 160.42, 23.13, 22.922, 160.40, 23.12, 0.007, 100.81, -27.52);
insert into SHOT values (3283, 3151, 3256, 5554, 17.070, 177.58, 11.56, 17.071, 177.57, 11.56, 0.004, 106.95, -10.22);
insert into SHOT values (3284, 3151, 3257, 5554, 19.000, 206.30, 6.04, 19.001, 206.29, 6.04, 0.002, 129.07, 20.21);
insert into SHOT values (3285, 3151, 3258, 5554, 53.190, 263.08, -17.78, 53.192, 263.08, -17.79, 0.008, 11.05, -72.38);
insert into SHOT values (3286, 3151, 3259, 5554, 37.960, 157.13, 30.53, 37.962, 157.13, 30.52, 0.005, 140.94, -40.14);
insert into SHOT values (3287, 3152, 3260, 5554, 31.540, 312.17, 74.06, 31.542, 312.14, 74.07, 0.006, 182.50, 28.60);
insert into SHOT values (3288, 3152, 3261, 5554, 48.640, 3.08, 47.63, 48.642, 3.08, 47.64, 0.005, 212.99, 62.49);
insert into SHOT values (3289, 3152, 3262, 5554, 33.180, 346.50, 73.88, 33.185, 346.51, 73.88, 0.005, 15.82, 64.29);
insert into SHOT values (3290, 3152, 3263, 5554, 16.330, 119.37, 80.02, 16.336, 119.47, 80.04, 0.010, 252.40, 46.98);
insert into SHOT values (3291, 3152, 3264, 5554, 11.480, 146.24, 64.01, 11.482, 146.34, 64.00, 0.010, 216.52, 5.82);
insert into SHOT values (3292, 3152, 3265, 5554, 4.350, 305.92, -51.18, 4.344, 305.90, -51.09, 0.009, 278.44, 79.70);
insert into SHOT values (3293, 3152, 3266, 5554, 35.310, 0.32, -1.46, 35.312, 0.31, -1.44, 0.012, 285.74, 52.48);
insert into SHOT values (3294, 3152, 3267, 5554, 27.080, 255.72, 11.86, 27.088, 255.72, 11.87, 0.009, 246.51, 30.68);
insert into SHOT values (3295, 3152, 3268, 5554, 55.640, 277.39, 1.38, 55.648, 277.38, 1.38, 0.009, 241.26, 0.06);
insert into SHOT values (3296, 3152, 3269, 5554, 47.200, 293.79, -2.70, 47.208, 293.79, -2.70, 0.009, 278.91, 21.64);
insert into SHOT values (3297, 3152, 3270, 5554, 41.780, 311.69, -2.39, 41.783, 311.68, -2.39, 0.009, 244.42, 14.86);
insert into SHOT values (3298, 3152, 3271, 5554, 35.740, 331.90, 0.17, 35.737, 331.89, 0.18, 0.010, 220.81, 22.94);
insert into SHOT values (3299, 3152, 3272, 5554, 33.030, 342.78, 1.63, 33.025, 342.77, 1.63, 0.009, 220.56, 3.01);
insert into SHOT values (3300, 3152, 3273, 5554, 34.970, 4.11, 2.92, 34.965, 4.11, 2.93, 0.010, 212.96, 56.40);
insert into SHOT values (3301, 3152, 3274, 5554, 47.140, 30.11, 13.45, 47.141, 30.11, 13.46, 0.005, 158.69, 82.36);
insert into SHOT values (3302, 3152, 3275, 5554, 81.020, 270.94, 19.53, 81.023, 270.94, 19.53, 0.006, 211.26, 57.72);
insert into SHOT values (3303, 3152, 3276, 5554, 27.140, 182.95, 3.24, 27.140, 182.96, 3.25, 0.008, 277.38, 47.73);
insert into SHOT values (3304, 3152, 3277, 5554, 19.790, 157.13, -5.13, 19.788, 157.13, -5.10, 0.010, 341.89, 82.15);
insert into SHOT values (3305, 3152, 3278, 5554, 24.080, 174.75, 7.93, 24.081, 174.76, 7.95, 0.008, 262.05, 73.59);
insert into SHOT values (3306, 3152, 3279, 5554, 21.270, 199.55, 24.52, 21.276, 199.56, 24.52, 0.006, 228.39, 25.20);
insert into SHOT values (3307, 3152, 3280, 5554, 22.670, 233.67, 33.98, 22.680, 233.67, 33.99, 0.011, 241.14, 57.35);
insert into SHOT values (3308, 3153, 3281, 5554, 39.590, 4.37, 68.04, 39.582, 4.38, 68.04, 0.008, 136.51, -69.92);
insert into SHOT values (3309, 3153, 3282, 5554, 7.620, 143.46, 59.40, 7.610, 143.40, 59.40, 0.011, 5.02, -53.76);
insert into SHOT values (3310, 3153, 3283, 5554, 13.870, 273.22, 85.24, 13.868, 273.48, 85.23, 0.006, 350.92, -21.76);
insert into SHOT values (3311, 3153, 3284, 5554, 29.180, 294.07, 63.86, 29.177, 294.09, 63.85, 0.009, 342.63, -37.69);
insert into SHOT values (3312, 3153, 3285, 5554, 34.720, 309.28, 48.84, 34.714, 309.28, 48.83, 0.010, 327.79, -73.24);
insert into SHOT values (3313, 3153, 3286, 5554, 45.460, 348.81, 51.58, 45.453, 348.81, 51.58, 0.008, 140.81, -62.55);
insert into SHOT values (3314, 3153, 3287, 5554, 3.090, 60.78, -60.49, 3.093, 60.58, -60.42, 0.007, 13.07, -6.89);
insert into SHOT values (3315, 3153, 3288, 5554, 34.900, 313.06, 0.12, 34.902, 313.06, 0.11, 0.004, 334.77, -60.35);
insert into SHOT values (3316, 3153, 3289, 5554, 32.720, 354.04, 26.86, 32.717, 354.04, 26.86, 0.004, 157.11, -54.51);
insert into SHOT values (3317, 3153, 3290, 5554, 30.850, 356.63, -3.29, 30.855, 356.63, -3.31, 0.010, 6.78, -66.54);
insert into SHOT values (3318, 3153, 3291, 5554, 42.380, 16.84, 14.08, 42.386, 16.84, 14.08, 0.006, 12.84, -0.52);
insert into SHOT values (3319, 3153, 3292, 5554, 52.880, 289.04, -6.97, 52.885, 289.05, -6.97, 0.008, 339.69, -23.49);
insert into SHOT values (3320, 3153, 3293, 5554, 9.210, 137.72, 16.24, 9.208, 137.70, 16.21, 0.006, 27.14, -65.81);
insert into SHOT values (3321, 3153, 3294, 5554, 13.110, 120.05, 21.64, 13.109, 120.04, 21.62, 0.005, 41.30, -57.57);
insert into SHOT values (3322, 3154, 3295, 5554, 27.020, 33.25, 85.71, 27.026, 33.30, 85.71, 0.006, 100.22, 72.43);
insert into SHOT values (3323, 3154, 3296, 5554, 54.490, 359.02, 52.51, 54.494, 359.02, 52.51, 0.005, 289.50, 56.04);
insert into SHOT values (3324, 3154, 3297, 5554, 40.790, 355.65, 73.95, 40.788, 355.68, 73.96, 0.007, 132.74, -0.30);
insert into SHOT values (3325, 3154, 3298, 5554, 25.040, 256.76, 86.54, 25.046, 256.61, 86.54, 0.007, 165.06, 54.51);
insert into SHOT values (3326, 3154, 3299, 5554, 14.700, 179.02, 61.17, 14.703, 179.03, 61.17, 0.003, 206.21, 35.54);
insert into SHOT values (3327, 3154, 3300, 5554, 26.880, 97.18, 45.13, 26.883, 97.18, 45.12, 0.005, 87.24, -1.26);
insert into SHOT values (3328, 3154, 3301, 5554, 2.280, 121.35, -57.30, 2.272, 121.36, -57.23, 0.009, 293.51, 76.39);
insert into SHOT values (3329, 3154, 3302, 5554, 24.740, 336.71, 1.18, 24.741, 336.71, 1.18, 0.001, 341.89, 33.38);
insert into SHOT values (3330, 3154, 3303, 5554, 34.620, 2.51, 30.67, 34.621, 2.50, 30.67, 0.004, 286.88, 7.96);
insert into SHOT values (3331, 3154, 3304, 5554, 57.900, 57.80, 15.32, 57.899, 57.80, 15.32, 0.005, 308.43, 26.32);
insert into SHOT values (3332, 3154, 3305, 5554, 6.300, 130.35, 8.09, 6.299, 130.38, 8.12, 0.005, 244.91, 41.66);
insert into SHOT values (3333, 3154, 3306, 5554, 12.970, 180.84, 33.59, 12.970, 180.85, 33.61, 0.006, 332.44, 51.69);
insert into SHOT values (3334, 3154, 3307, 5554, 12.800, 181.65, 24.74, 12.801, 181.63, 24.75, 0.006, 85.80, 33.85);
insert into SHOT values (3335, 3155, 3308, 5554, 58.170, 20.39, 76.27, 58.172, 20.39, 76.27, 0.003, 191.74, 57.27);
insert into SHOT values (3336, 3155, 3309, 5554, 40.840, 12.05, 46.13, 40.838, 12.03, 46.13, 0.009, 273.41, -13.73);
insert into SHOT values (3337, 3155, 3310, 5554, 63.590, 340.71, 57.89, 63.587, 340.70, 57.89, 0.006, 228.47, -26.75);
insert into SHOT values (3338, 3155, 3311, 5554, 66.200, 295.69, 52.20, 66.205, 295.69, 52.20, 0.007, 278.26, 15.44);
insert into SHOT values (3339, 3155, 3312, 5554, 59.830, 298.55, 67.78, 59.825, 298.54, 67.77, 0.010, 239.77, -46.42);
insert into SHOT values (3340, 3155, 3313, 5554, 58.290, 279.95, 56.77, 58.296, 279.95, 56.76, 0.008, 274.68, 12.99);
insert into SHOT values (3341, 3155, 3314, 5554, 1.600, 353.26, -49.20, 1.594, 352.81, -49.37, 0.011, 221.51, 6.18);
insert into SHOT values (3342, 3155, 3315, 5554, 28.170, 343.79, 37.36, 28.169, 343.77, 37.35, 0.010, 267.22, -23.64);
insert into SHOT values (3343, 3155, 3316, 5554, 9.250, 33.61, 10.82, 9.238, 33.59, 10.79, 0.013, 234.02, -29.59);
insert into SHOT values (3344, 3155, 3317, 5554, 32.930, 37.27, 26.97, 32.923, 37.27, 26.97, 0.008, 206.80, -36.92);
insert into SHOT values (3345, 3155, 3318, 5554, 28.130, 327.38, 29.10, 28.128, 327.38, 29.10, 0.002, 185.50, -15.58);
insert into SHOT values (3346, 3155, 3319, 5554, 37.580, 44.92, 22.96, 37.576, 44.92, 22.96, 0.004, 241.29, 6.47);
insert into SHOT values (3347, 3155, 3320, 5554, 1.620, 156.36, 2.62, 1.623, 156.76, 2.47, 0.012, 229.96, -19.18);
insert into SHOT values (3348, 3155, 3321, 5554, 33.650, 56.42, 33.24, 33.639, 56.42, 33.24, 0.011, 228.16, -27.50);
insert into SHOT values (3349, 3158, 3322, 5554, 54.340, 243.42, 84.24, 54.345, 243.43, 84.24, 0.005, 274.62, 57.79);
insert into SHOT values (3350, 3158, 3323, 5554, 27.580, 241.19, 72.53, 27.581, 241.17, 72.54, 0.005, 89.55, 23.87);
insert into SHOT values (3351, 3158, 3324, 5554, 28.060, 222.57, 81.95, 28.067, 222.53, 81.94, 0.009, 196.03, 45.41);
insert into SHOT values (3352, 3158, 3325, 5554, 25.730, 254.39, 67.02, 25.730, 254.40, 67.03, 0.006, 57.16, 18.67);
insert into SHOT values (3353, 3158, 3326, 5554, 1.390, 92.81, -66.73, 1.384, 93.12, -66.55, 0.008, 153.72, 63.63);
insert into SHOT values (3354, 3158, 3327, 5554, 0.980, 343.08, -3.42, 0.973, 343.24, -3.54, 0.008, 141.45, -11.51);
insert into SHOT values (3355, 3158, 3328, 5554, 5.380, 156.88, 7.32, 5.385, 156.84, 7.36, 0.007, 117.19, 40.51);
insert into SHOT values (3356, 3159, 3329, 5554, 37.650, 331.30, 82.02, 37.654, 331.28, 82.03, 0.007, 179.30, 44.18);
insert into SHOT values (3357, 3159, 3330, 5554, 45.050, 272.84, 60.00, 45.056, 272.82, 60.00, 0.009, 203.79, 40.05);
insert into SHOT values (3358, 3159, 3331, 5554, 44.240, 282.64, 71.85, 44.242, 282.61, 71.85, 0.006, 207.90, 10.63);
insert into SHOT values (3359, 3159, 3332, 5554, 38.050, 358.56, 80.80, 38.049, 358.49, 80.80, 0.007, 257.66, -4.20);
insert into SHOT values (3360, 3159, 3333, 5554, 42.260, 38.44, 73.30, 42.262, 38.45, 73.30, 0.003, 172.72, 53.28);
insert into SHOT values (3361, 3159, 3334, 5554, 15.110, 59.27, 62.52, 15.112, 59.28, 62.54, 0.007, 229.67, 47.97);
insert into SHOT values (3362, 3159, 3335, 5554, 16.920, 69.01, 50.21, 16.917, 69.05, 50.22, 0.009, 179.00, -8.08);
insert into SHOT values (3363, 3159, 3336, 5554, 18.470, 322.05, 67.62, 18.471, 321.99, 67.62, 0.008, 224.27, 8.90);
insert into SHOT values (3364, 3159, 3337, 5554, 17.570, 22.92, 58.62, 17.566, 22.92, 58.64, 0.007, 204.46, -0.65);
insert into SHOT values (3365, 3159, 3338, 5554, 1.070, 9.61, -82.22, 1.069, 8.13, -82.40, 0.005, 236.07, 1.71);
insert into SHOT values (3366, 3159, 3339, 5554, 4.970, 328.28, 19.96, 4.970, 328.22, 20.00, 0.006, 226.69, 32.59);
insert into SHOT values (3367, 3159, 3340, 5554, 2.610, 153.43, 2.50, 2.614, 153.63, 2.63, 0.012, 218.77, 31.38);
insert into SHOT values (3368, 3161, 3341, 5554, 20.210, 221.65, 80.04, 20.205, 221.76, 80.03, 0.009, 285.51, -36.90);
insert into SHOT values (3369, 3161, 3342, 5554, 11.680, 197.66, 51.20, 11.682, 197.64, 51.17, 0.007, 177.51, -23.35);
insert into SHOT values (3370, 3161, 3343, 5554, 25.680, 251.55, 71.50, 25.677, 251.54, 71.50, 0.003, 199.84, -66.20);
insert into SHOT values (3371, 3161, 3344, 5554, 30.440, 265.82, 62.72, 30.439, 265.81, 62.71, 0.007, 239.92, -35.76);
insert into SHOT values (3372, 3161, 3345, 5554, 10.920, 67.02, 71.71, 10.911, 66.96, 71.72, 0.010, 292.39, -56.85);
insert into SHOT values (3373, 3161, 3346, 5554, 1.520, 142.05, -75.83, 1.528, 142.52, -75.67, 0.009, 169.92, -43.05);
insert into SHOT values (3374, 3161, 3347, 5554, 0.320, 335.32, 13.40, 0.317, 335.10, 12.78, 0.005, 180.43, -55.55);
insert into SHOT values (3375, 3161, 3348, 5554, 13.190, 75.70, 40.07, 13.188, 75.72, 40.07, 0.003, 197.83, -12.06);
insert into SHOT values (3376, 3161, 3349, 5554, 5.450, 178.88, 5.19, 5.453, 178.94, 5.16, 0.008, 240.97, -23.30);
insert into SHOT values (3377, 3161, 3350, 5554, 5.830, 201.41, 27.48, 5.834, 201.41, 27.46, 0.005, 202.37, -2.13);
insert into SHOT values (3378, 3162, 3351, 5554, 14.370, 173.36, 53.12, 14.371, 173.34, 53.15, 0.009, 24.36, 39.14);
insert into SHOT values (3379, 3162, 3352, 5554, 11.870, 123.31, 62.68, 11.876, 123.25, 62.67, 0.008, 75.98, 28.52);
insert into SHOT values (3380, 3162, 3353, 5554, 11.030, 73.75, 64.54, 11.035, 73.74, 64.50, 0.009, 68.01, 7.89);
insert into SHOT values (3381, 3162, 3354, 5554, 10.360, 47.08, 55.60, 10.365, 47.08, 55.58, 0.006, 41.92, 17.89);
insert into SHOT values (3382, 3162, 3355, 5554, 9.830, 13.29, 47.37, 9.836, 13.28, 47.40, 0.008, 332.72, 83.16);
insert into SHOT values (3383, 3162, 3356, 5554, 12.820, 323.55, 64.03, 12.824, 323.62, 64.04, 0.008, 50.90, 33.36);
insert into SHOT values (3384, 3162, 3357, 5554, 19.320, 287.16, 82.13, 19.321, 287.20, 82.15, 0.008, 93.77, 14.41);
insert into SHOT values (3385, 3162, 3358, 5554, 14.710, 220.34, 73.47, 14.718, 220.35, 73.48, 0.008, 274.82, 84.27);
insert into SHOT values (3386, 3162, 3359, 5554, 13.840, 179.56, 61.62, 13.839, 179.56, 61.66, 0.009, 356.38, 22.29);
insert into SHOT values (3387, 3162, 3360, 5554, 6.660, 342.36, 24.77, 6.669, 342.40, 24.82, 0.012, 19.67, 51.95);
insert into SHOT values (3388, 3162, 3361, 5554, 13.010, 118.23, 20.56, 13.016, 118.21, 20.56, 0.008, 75.80, 7.61);
insert into SHOT values (3389, 3162, 3362, 5554, 39.170, 101.11, 40.78, 39.177, 101.10, 40.78, 0.010, 45.38, 37.53);
insert into SHOT values (3390, 3162, 3363, 5554, 40.800, 86.18, 38.50, 40.801, 86.18, 38.50, 0.003, 10.96, 26.81);
insert into SHOT values (3391, 3162, 3364, 5554, 46.590, 74.15, 33.69, 46.601, 74.15, 33.69, 0.011, 74.16, 36.29);
insert into SHOT values (3392, 3162, 3365, 5554, 59.560, 85.70, 19.51, 59.570, 85.70, 19.52, 0.012, 85.04, 48.01);
insert into SHOT values (3393, 3162, 3366, 5554, 56.350, 88.83, 29.72, 56.354, 88.83, 29.72, 0.005, 73.79, 55.03);
insert into SHOT values (3394, 3162, 3367, 5554, 57.520, 81.51, 26.25, 57.531, 81.51, 26.26, 0.013, 62.83, 49.73);
insert into SHOT values (3395, 3162, 3368, 5554, 59.070, 79.43, 20.54, 59.076, 79.43, 20.54, 0.007, 49.79, 42.65);
insert into SHOT values (3396, 3162, 3369, 5554, 47.570, 74.15, 21.80, 47.574, 74.14, 21.80, 0.008, 9.96, 30.20);
insert into SHOT values (3397, 3162, 3370, 5554, 29.270, 31.96, 3.52, 29.276, 31.97, 3.52, 0.007, 57.87, 22.94);
insert into SHOT values (3398, 3162, 3371, 5554, 27.290, 36.99, 13.30, 27.296, 36.98, 13.30, 0.007, 5.44, 15.43);
insert into SHOT values (3399, 3162, 3372, 5554, 50.190, 39.04, 9.88, 50.199, 39.04, 9.89, 0.011, 48.95, 45.52);
insert into SHOT values (3400, 3162, 3373, 5554, 50.980, 41.85, 11.11, 50.989, 41.85, 11.12, 0.011, 32.56, 38.11);
insert into SHOT values (3401, 3162, 3374, 5554, 43.360, 44.29, 11.49, 43.363, 44.28, 11.49, 0.005, 345.79, 32.53);
insert into SHOT values (3402, 3162, 3375, 5554, 39.720, 48.86, 12.64, 39.724, 48.86, 12.65, 0.009, 48.25, 74.89);
insert into SHOT values (3403, 3162, 3376, 5554, 20.410, 61.36, 3.47, 20.413, 61.35, 3.48, 0.007, 0.36, 41.22);
insert into SHOT values (3404, 3162, 3377, 5554, 10.940, 87.36, -5.87, 10.938, 87.31, -5.82, 0.012, 352.92, 45.14);
insert into SHOT values (3405, 3162, 3378, 5554, 5.440, 338.66, -9.05, 5.443, 338.73, -8.98, 0.010, 39.43, 35.97);
insert into SHOT values (3406, 3162, 3379, 5554, 8.090, 8.88, -6.34, 8.097, 8.94, -6.31, 0.011, 56.43, 17.63);
insert into SHOT values (3407, 3162, 3380, 5554, 10.800, 18.70, -5.59, 10.809, 18.70, -5.57, 0.010, 23.66, 11.90);
insert into SHOT values (3408, 3162, 3381, 5554, 6.000, 206.04, 1.22, 5.999, 206.01, 1.24, 0.004, 94.97, 33.46);
insert into SHOT values (3409, 3162, 3382, 5554, 24.220, 187.33, 17.88, 24.219, 187.33, 17.89, 0.004, 24.44, 62.39);
insert into SHOT values (3410, 3162, 3383, 5554, 18.260, 190.39, 44.97, 18.259, 190.40, 45.00, 0.008, 358.50, 36.67);
insert into SHOT values (3411, 3162, 3384, 5554, 4.290, 226.29, -3.29, 4.286, 226.23, -3.21, 0.009, 94.45, 46.34);
insert into SHOT values (3412, 3162, 3385, 5554, 26.940, 197.23, 0.62, 26.941, 197.23, 0.64, 0.009, 232.06, 84.72);
insert into SHOT values (3413, 3162, 3386, 5554, 10.040, 134.48, -1.10, 10.043, 134.44, -1.08, 0.009, 66.94, 17.86);
insert into SURVEY values (5556, 71, 'c_o_w_ent_to_scumring_mainline_2', 'c_o_w_ent_to_scumring_mainline_2.clearwater_master', NULL);
 insert into CENTRELINE values (5557, 5556, NULL, NULL, NULL, 0.00, 0.00, 0.00);
 insert into CENTRELINE values (5558, 5556, NULL, '2014-04-29', NULL, 2952.74, 0.00, 0.00);
 insert into SHOT values (3414, 3387, 3388, 5558, 20.410, 199.60, -26.82, 20.403, 199.61, -26.83, 0.009, 0.44, -7.73);
insert into SHOT values (3415, 3388, 3389, 5558, 20.970, 254.65, -40.33, 20.974, 254.63, -40.32, 0.009, 207.09, 9.51);
insert into SHOT values (3416, 3389, 3390, 5558, 21.360, 220.14, -25.83, 21.354, 220.15, -25.85, 0.009, 28.35, -21.26);
insert into SHOT values (3417, 3390, 3391, 5558, 17.540, 223.08, 16.57, 17.538, 223.07, 16.56, 0.004, 106.77, -38.24);
insert into SHOT values (3418, 3391, 3392, 5558, 28.550, 193.49, -1.46, 28.557, 193.49, -1.44, 0.010, 197.76, 46.60);
insert into SHOT values (3419, 3392, 3393, 5558, 17.050, 240.18, -4.43, 17.050, 240.19, -4.44, 0.005, 331.61, -39.54);
insert into SHOT values (3420, 3393, 3394, 5558, 25.850, 192.72, 5.07, 25.853, 192.72, 5.06, 0.005, 188.20, -55.00);
insert into SHOT values (3421, 3394, 3395, 5558, 17.470, 195.54, 1.69, 17.467, 195.55, 1.71, 0.006, 338.03, 47.65);
insert into SHOT values (3422, 3395, 3396, 5558, 28.480, 173.92, 8.73, 28.478, 173.92, 8.73, 0.004, 317.35, -48.85);
insert into SHOT values (3423, 3396, 3397, 5558, 51.570, 196.65, -5.00, 51.570, 196.65, -4.99, 0.005, 219.10, 86.93);
insert into SHOT values (3424, 3397, 3398, 5558, 28.800, 228.44, 11.27, 28.799, 228.43, 11.27, 0.005, 118.54, 17.14);
insert into SHOT values (3425, 3398, 3399, 5558, 15.560, 219.37, -15.87, 15.565, 219.39, -15.88, 0.008, 273.92, -39.48);
insert into SHOT values (3426, 3399, 3400, 5558, 16.680, 244.06, 20.75, 16.673, 244.06, 20.76, 0.007, 65.15, 3.35);
insert into SHOT values (3427, 3400, 3401, 5558, 3.360, 249.76, 3.14, 3.362, 249.78, 3.07, 0.005, 286.60, -60.36);
insert into SHOT values (3428, 3401, 3402, 5558, 46.670, 247.32, -11.93, 46.669, 247.32, -11.92, 0.008, 163.13, 64.04);
insert into SHOT values (3429, 3402, 3403, 5558, 37.520, 211.28, 4.82, 37.516, 211.28, 4.82, 0.004, 40.09, -36.85);
insert into SHOT values (3430, 3403, 3404, 5558, 21.870, 248.72, -11.62, 21.872, 248.71, -11.63, 0.007, 167.71, -41.41);
insert into SHOT values (3431, 3404, 3405, 5558, 28.190, 200.70, -1.83, 28.184, 200.71, -1.83, 0.007, 354.67, 1.89);
insert into SHOT values (3432, 3405, 3406, 5558, 24.530, 252.41, -2.06, 24.532, 252.41, -2.06, 0.003, 229.71, 33.16);
insert into SHOT values (3433, 3406, 3407, 5558, 24.840, 216.03, 3.06, 24.840, 216.03, 3.07, 0.004, 138.42, 84.12);
insert into SHOT values (3434, 3407, 3408, 5558, 21.140, 230.45, -1.24, 21.144, 230.45, -1.25, 0.005, 236.86, -31.74);
insert into SHOT values (3435, 3408, 3409, 5558, 9.600, 214.59, 6.66, 9.598, 214.57, 6.64, 0.005, 94.92, -46.99);
insert into SHOT values (3436, 3409, 3410, 5558, 22.300, 221.55, -3.89, 22.302, 221.56, -3.88, 0.004, 276.71, 42.66);
insert into SHOT values (3437, 3410, 3411, 5558, 50.360, 207.54, 6.77, 50.357, 207.54, 6.77, 0.005, 47.60, 44.98);
insert into SHOT values (3438, 3411, 3412, 5558, 17.460, 224.43, -2.34, 17.460, 224.42, -2.36, 0.008, 130.51, -65.56);
insert into SHOT values (3439, 3412, 3413, 5558, 26.900, 221.25, -10.44, 26.904, 221.26, -10.43, 0.008, 267.45, 31.54);
insert into SHOT values (3440, 3413, 3414, 5558, 28.340, 216.03, -0.59, 28.337, 216.01, -0.59, 0.009, 105.00, 11.14);
insert into SHOT values (3441, 3414, 3415, 5558, 49.770, 213.60, 0.06, 49.771, 213.61, 0.06, 0.009, 300.06, -13.37);
insert into SHOT values (3442, 3415, 3416, 5558, 29.550, 214.67, 0.44, 29.549, 214.67, 0.45, 0.004, 337.58, 49.30);
insert into SHOT values (3443, 3416, 3417, 5558, 49.530, 206.99, 2.68, 49.530, 206.98, 2.67, 0.008, 125.91, -51.12);
insert into SHOT values (3444, 3417, 3418, 5558, 29.340, 239.05, -4.99, 29.341, 239.06, -4.99, 0.004, 305.56, 29.86);
insert into SHOT values (3445, 3418, 3419, 5558, 31.140, 182.95, -0.56, 31.143, 182.95, -0.55, 0.006, 137.43, 49.36);
insert into SHOT values (3446, 3419, 3420, 5558, 43.200, 201.01, -0.89, 43.198, 201.02, -0.89, 0.005, 312.97, 12.58);
insert into SHOT values (3447, 3420, 3421, 5558, 17.350, 221.68, 4.89, 17.353, 221.65, 4.89, 0.010, 149.74, 5.69);
insert into SHOT values (3448, 3421, 3422, 5558, 52.500, 221.72, 0.26, 52.497, 221.73, 0.25, 0.010, 340.56, -52.74);
insert into SHOT values (3449, 3422, 3423, 5558, 22.420, 246.46, 20.42, 22.420, 246.46, 20.44, 0.008, 58.25, 68.16);
insert into SHOT values (3450, 3423, 3424, 5558, 11.780, 259.09, 3.13, 11.781, 259.07, 3.11, 0.005, 182.60, -40.41);
insert into SHOT values (3451, 3424, 3425, 5558, 28.310, 206.72, 4.00, 28.306, 206.73, 3.99, 0.007, 339.73, -40.36);
insert into SHOT values (3452, 3425, 3426, 5558, 22.860, 208.45, 7.13, 22.868, 208.45, 7.13, 0.008, 212.36, 19.59);
insert into SHOT values (3453, 3426, 3427, 5558, 43.080, 233.04, -14.72, 43.077, 233.04, -14.73, 0.005, 59.88, -41.32);
insert into SHOT values (3454, 3427, 3428, 5558, 29.410, 236.73, -10.09, 29.408, 236.74, -10.09, 0.005, 350.08, 29.29);
insert into SHOT values (3455, 3428, 3429, 5558, 29.310, 235.85, -5.26, 29.309, 235.84, -5.25, 0.010, 145.63, 45.00);
insert into SHOT values (3456, 3429, 3430, 5558, 44.790, 254.80, 8.05, 44.793, 254.80, 8.05, 0.004, 231.25, -32.08);
insert into SHOT values (3457, 3430, 3431, 5558, 31.510, 235.17, 2.44, 31.508, 235.17, 2.44, 0.002, 75.00, -42.85);
insert into SHOT values (3458, 3431, 3432, 5558, 27.010, 201.75, -10.95, 27.011, 201.76, -10.95, 0.004, 276.45, 9.93);
insert into SHOT values (3459, 3432, 3433, 5558, 27.300, 218.25, 4.26, 27.297, 218.24, 4.26, 0.005, 90.99, 24.53);
insert into SHOT values (3460, 3433, 3434, 5558, 43.320, 218.70, 0.49, 43.318, 218.71, 0.49, 0.009, 321.99, -3.04);
insert into SHOT values (3461, 3434, 3435, 5558, 4.590, 274.30, -11.78, 4.589, 274.21, -11.82, 0.008, 174.37, -22.91);
insert into SHOT values (3462, 3435, 3436, 5558, 20.140, 232.71, -4.37, 20.131, 232.71, -4.36, 0.010, 45.21, 27.12);
insert into SHOT values (3463, 3436, 3437, 5558, 21.570, 226.43, -10.79, 21.580, 226.43, -10.79, 0.010, 233.88, -10.59);
insert into SHOT values (3464, 3437, 3438, 5558, 27.110, 250.03, -0.79, 27.104, 250.02, -0.80, 0.010, 105.32, -38.65);
insert into SHOT values (3465, 3438, 3439, 5558, 15.160, 223.96, 2.99, 15.155, 223.98, 2.99, 0.008, 353.17, -5.69);
insert into SHOT values (3466, 3439, 3440, 5558, 9.250, 260.86, -3.69, 9.257, 260.84, -3.65, 0.009, 239.83, 35.76);
insert into SHOT values (3467, 3440, 3441, 5558, 23.990, 265.95, -21.97, 23.990, 265.95, -21.98, 0.006, 60.41, -61.47);
insert into SHOT values (3468, 3441, 3442, 5558, 28.500, 295.91, -32.62, 28.497, 295.91, -32.62, 0.004, 58.29, 60.17);
insert into SHOT values (3469, 3442, 3443, 5558, 13.500, 206.37, 4.28, 13.499, 206.37, 4.29, 0.003, 342.49, 57.35);
insert into SHOT values (3470, 3443, 3444, 5558, 23.370, 188.80, 14.15, 23.375, 188.81, 14.14, 0.007, 208.78, -24.73);
insert into SHOT values (3471, 3444, 3445, 5558, 19.670, 275.29, -17.93, 19.664, 275.31, -17.92, 0.009, 47.51, 39.16);
insert into SHOT values (3472, 3445, 3446, 5558, 19.120, 228.36, 22.30, 19.121, 228.34, 22.28, 0.008, 176.58, -41.32);
insert into SHOT values (3473, 3446, 3447, 5558, 8.630, 289.59, 29.28, 8.630, 289.64, 29.27, 0.006, 15.57, -6.64);
insert into SHOT values (3474, 3447, 3448, 5558, 27.840, 239.84, 8.50, 27.847, 239.83, 8.51, 0.009, 206.84, 34.96);
insert into SHOT values (3475, 3448, 3449, 5558, 21.450, 268.54, 11.60, 21.454, 268.55, 11.59, 0.008, 317.40, -23.19);
insert into SHOT values (3476, 3449, 3450, 5558, 20.250, 282.54, 3.53, 20.241, 282.55, 3.54, 0.010, 80.14, 18.41);
insert into SHOT values (3477, 3450, 3451, 5558, 13.100, 286.53, 6.54, 13.102, 286.51, 6.53, 0.005, 227.01, -25.54);
insert into SHOT values (3478, 3451, 3452, 5558, 3.940, 306.58, 64.08, 3.937, 306.74, 64.06, 0.006, 39.47, -37.77);
insert into SHOT values (3479, 3452, 3453, 5558, 2.270, 328.73, 59.19, 2.270, 328.36, 59.19, 0.008, 239.80, 2.78);
insert into SHOT values (3480, 3453, 3454, 5558, 3.670, 257.85, 51.85, 3.670, 257.75, 51.96, 0.008, 114.50, 29.72);
insert into SHOT values (3481, 3454, 3455, 5558, 4.760, 200.63, 50.64, 4.758, 200.78, 50.66, 0.008, 308.95, -2.23);
insert into SHOT values (3482, 3455, 3456, 5558, 3.100, 254.95, 39.70, 3.098, 254.91, 39.73, 0.003, 101.39, -3.04);
insert into SHOT values (3483, 3456, 3457, 5558, 3.750, 123.16, 17.99, 3.745, 123.20, 18.04, 0.006, 278.70, 17.08);
insert into SHOT values (3484, 3457, 3458, 5558, 5.220, 244.24, 42.74, 5.218, 244.17, 42.72, 0.005, 143.92, -29.41);
insert into SHOT values (3485, 3458, 3459, 5558, 1.520, 223.14, 65.74, 1.514, 223.70, 65.72, 0.009, 332.66, -41.89);
insert into SHOT values (3486, 3459, 3460, 5558, 6.390, 296.98, 26.26, 6.386, 297.01, 26.31, 0.007, 88.50, 22.07);
insert into SHOT values (3487, 3460, 3461, 5558, 3.460, 307.16, 32.81, 3.461, 307.03, 32.90, 0.009, 200.34, 36.46);
insert into SHOT values (3488, 3461, 3462, 5558, 13.610, 257.34, 12.88, 13.605, 257.33, 12.87, 0.007, 113.90, -34.84);
insert into SHOT values (3489, 3462, 3463, 5558, 18.990, 292.89, -19.12, 18.991, 292.89, -19.12, 0.001, 335.01, 6.39);
insert into SHOT values (3490, 3463, 3464, 5558, 21.840, 291.41, -15.79, 21.843, 291.40, -15.78, 0.006, 249.70, 32.11);
insert into SHOT values (3491, 3464, 3465, 5558, 32.600, 260.86, -4.15, 32.598, 260.87, -4.15, 0.005, 19.24, -8.95);
insert into SHOT values (3492, 3465, 3466, 5558, 5.060, 297.78, -26.30, 5.063, 297.69, -26.26, 0.008, 237.36, 13.89);
insert into SHOT values (3493, 3466, 3467, 5558, 14.790, 222.23, -5.54, 14.787, 222.22, -5.55, 0.005, 87.97, -28.09);
insert into SHOT values (3494, 3467, 3468, 5558, 19.480, 189.38, 2.79, 19.473, 189.38, 2.80, 0.007, 9.40, 14.75);
insert into SHOT values (3495, 3468, 3469, 5558, 19.990, 187.72, -4.08, 19.992, 187.72, -4.10, 0.008, 227.44, -75.17);
insert into SHOT values (3496, 3469, 3470, 5558, 30.790, 238.77, -3.27, 30.786, 238.76, -3.26, 0.009, 111.58, 47.11);
insert into SHOT values (3497, 3470, 3471, 5558, 18.130, 168.26, -3.40, 18.130, 168.27, -3.42, 0.005, 258.26, -62.50);
insert into SHOT values (3498, 3471, 3472, 5558, 12.630, 244.22, 1.47, 12.630, 244.23, 1.50, 0.006, 326.16, 76.55);
insert into SHOT values (3499, 3472, 3473, 5558, 21.410, 239.10, -6.69, 21.414, 239.11, -6.70, 0.007, 270.79, -55.90);
insert into SHOT values (3500, 3473, 3474, 5558, 45.070, 195.00, 6.09, 45.071, 195.00, 6.09, 0.002, 211.30, -42.27);
insert into SHOT values (3501, 3474, 3475, 5558, 14.290, 252.51, -16.82, 14.283, 252.51, -16.81, 0.008, 81.19, 38.41);
insert into SHOT values (3502, 3475, 3476, 5558, 30.850, 246.73, -25.32, 30.851, 246.73, -25.31, 0.005, 214.38, 44.81);
insert into SHOT values (3503, 3476, 3477, 5558, 45.600, 258.97, 3.52, 45.595, 258.98, 3.52, 0.008, 22.13, 2.02);
insert into SHOT values (3504, 3477, 3478, 5558, 8.750, 259.35, -13.88, 8.752, 259.35, -13.88, 0.002, 265.63, -27.98);
insert into SHOT values (3505, 3478, 3479, 5558, 10.280, 357.60, -30.41, 10.276, 357.61, -30.46, 0.010, 171.01, -38.58);
insert into SHOT values (3506, 3479, 3480, 5558, 4.820, 274.80, -25.23, 4.823, 274.86, -25.15, 0.009, 315.27, 32.06);
insert into SHOT values (3507, 3480, 3481, 5558, 6.230, 201.16, -7.95, 6.236, 201.16, -7.93, 0.007, 205.01, 14.36);
insert into SHOT values (3508, 3481, 3482, 5558, 4.580, 324.01, -49.56, 4.584, 324.17, -49.58, 0.010, 42.80, -26.40);
insert into SHOT values (3509, 3482, 3483, 5558, 3.350, 195.17, -46.13, 3.346, 195.23, -46.07, 0.006, 286.52, 63.06);
insert into SHOT values (3510, 3483, 3484, 5558, 3.160, 6.47, -20.47, 3.161, 6.60, -20.56, 0.008, 104.09, -36.54);
insert into SHOT values (3511, 3484, 3485, 5558, 4.280, 77.21, -10.88, 4.272, 77.19, -10.93, 0.009, 266.95, -13.67);
insert into SHOT values (3512, 3485, 3486, 5558, 3.730, 338.69, -29.39, 3.731, 338.72, -29.37, 0.003, 25.46, 11.38);
insert into SHOT values (3513, 3486, 3487, 5558, 6.000, 280.57, -47.44, 6.000, 280.51, -47.44, 0.005, 188.87, -7.43);
insert into SHOT values (3514, 3487, 3488, 5558, 5.070, 238.73, 16.36, 5.061, 238.73, 16.41, 0.010, 57.37, 11.42);
insert into SHOT values (3515, 3488, 3489, 5558, 30.720, 220.97, 1.72, 30.729, 220.97, 1.72, 0.009, 233.60, -13.21);
insert into SHOT values (3516, 3489, 3490, 5558, 26.780, 240.30, -3.08, 26.782, 240.30, -3.08, 0.002, 244.61, -31.14);
insert into SHOT values (3517, 3490, 3491, 5558, 20.410, 262.81, 0.08, 20.410, 262.82, 0.08, 0.005, 353.52, 18.30);
insert into SHOT values (3518, 3491, 3492, 5558, 26.210, 254.34, -3.42, 26.207, 254.34, -3.41, 0.005, 44.08, 48.97);
insert into SHOT values (3519, 3492, 3493, 5558, 47.450, 251.07, 0.89, 47.454, 251.06, 0.89, 0.009, 191.47, 18.95);
insert into SHOT values (3520, 3493, 3494, 5558, 29.060, 251.60, -2.10, 29.053, 251.61, -2.11, 0.010, 41.39, -30.26);
insert into SHOT values (3521, 3494, 3495, 5558, 33.550, 208.16, 0.64, 33.552, 208.15, 0.65, 0.007, 141.32, 53.32);
insert into SHOT values (3522, 3495, 3496, 5558, 14.380, 201.58, -2.52, 14.383, 201.60, -2.55, 0.010, 261.69, -51.22);
insert into SHOT values (3523, 3496, 3497, 5558, 14.640, 286.56, 3.76, 14.639, 286.59, 3.76, 0.007, 22.06, -0.43);
insert into SHOT values (3524, 3497, 3498, 5558, 22.400, 260.00, -2.76, 22.397, 259.99, -2.76, 0.006, 139.43, -12.38);
insert into SHOT values (3525, 3498, 3499, 5558, 8.980, 256.91, 6.13, 8.983, 256.93, 6.13, 0.004, 302.95, 15.04);
insert into SHOT values (3526, 3499, 3500, 5558, 26.130, 222.46, -4.00, 26.132, 222.47, -3.99, 0.004, 277.32, 39.86);
insert into SHOT values (3527, 3500, 3501, 5558, 37.790, 198.34, -0.99, 37.795, 198.34, -0.99, 0.006, 191.12, 30.63);
insert into SHOT values (3528, 3501, 3502, 5558, 17.630, 183.97, -0.12, 17.632, 183.97, -0.13, 0.004, 165.74, -51.84);
insert into SHOT values (3529, 3502, 3503, 5558, 9.340, 207.90, 3.14, 9.336, 207.88, 3.13, 0.005, 63.12, -20.17);
insert into SHOT values (3530, 3503, 3504, 5558, 38.250, 190.74, -24.41, 38.246, 190.74, -24.40, 0.007, 47.50, 81.30);
insert into SHOT values (3531, 3504, 3505, 5558, 10.740, 311.19, 21.10, 10.738, 311.20, 21.07, 0.007, 12.57, -78.19);
insert into SHOT values (3532, 3505, 3506, 5558, 7.560, 247.12, -7.40, 7.560, 247.16, -7.37, 0.007, 329.87, 33.30);
insert into SHOT values (3533, 3506, 3507, 5558, 21.760, 203.89, 3.42, 21.761, 203.90, 3.42, 0.004, 274.72, 30.10);
insert into SHOT values (3534, 3507, 3508, 5558, 27.000, 195.33, 14.28, 27.003, 195.31, 14.28, 0.009, 124.46, 0.99);
insert into SHOT values (3535, 3508, 3509, 5558, 27.780, 209.22, 2.47, 27.778, 209.23, 2.46, 0.008, 331.02, -68.25);
insert into SHOT values (3536, 3509, 3510, 5558, 30.720, 193.19, -2.00, 30.720, 193.20, -2.00, 0.005, 286.49, 23.99);
insert into SHOT values (3537, 3510, 3511, 5558, 15.810, 264.15, -1.47, 15.807, 264.15, -1.45, 0.006, 70.21, 64.66);
insert into SHOT values (3538, 3511, 3512, 5558, 23.380, 226.20, 8.66, 23.380, 226.19, 8.66, 0.003, 132.66, -6.07);
insert into SHOT values (3539, 3512, 3513, 5558, 10.900, 346.84, 25.84, 10.899, 346.80, 25.84, 0.007, 248.79, -7.09);
insert into SHOT values (3540, 3513, 3514, 5558, 23.720, 340.00, 12.75, 23.718, 340.01, 12.74, 0.006, 87.89, -61.55);
insert into SHOT values (3541, 3514, 3515, 5558, 8.300, 24.50, -14.14, 8.298, 24.53, -14.16, 0.005, 148.77, -27.85);
insert into SHOT values (3542, 3515, 3516, 5558, 9.660, 350.37, 3.05, 9.661, 350.33, 3.09, 0.009, 266.50, 43.56);
insert into SHOT values (3543, 3516, 3517, 5558, 17.040, 358.08, -19.28, 17.045, 358.11, -19.29, 0.011, 62.15, -19.95);
insert into SHOT values (3544, 3517, 3518, 5558, 7.320, 328.43, -6.87, 7.320, 328.39, -6.83, 0.008, 250.23, 45.34);
insert into SHOT values (3545, 3518, 3519, 5558, 9.970, 273.63, 28.79, 9.970, 273.67, 28.78, 0.007, 0.72, -12.92);
insert into SHOT values (3546, 3519, 3520, 5558, 9.160, 276.38, 4.33, 9.162, 276.35, 4.32, 0.006, 208.62, -15.66);
insert into SHOT values (3547, 3520, 3521, 5558, 8.290, 22.47, -18.29, 8.287, 22.49, -18.29, 0.004, 155.65, 22.29);
insert into SHOT values (3548, 3521, 3522, 5558, 7.920, 21.67, -7.68, 7.926, 21.67, -7.69, 0.006, 16.37, -14.65);
insert into SHOT values (3549, 3522, 3523, 5558, 23.670, 12.65, -22.15, 23.671, 12.65, -22.16, 0.006, 226.84, -75.59);
insert into SHOT values (3550, 3523, 3524, 5558, 41.350, 250.95, 0.29, 41.347, 250.94, 0.29, 0.006, 127.74, 6.50);
insert into SHOT values (3551, 3524, 3525, 5558, 17.180, 205.46, 2.00, 17.178, 205.46, 2.00, 0.002, 21.90, 10.55);
insert into SHOT values (3552, 3525, 3526, 5558, 35.250, 226.58, -2.07, 35.250, 226.59, -2.06, 0.006, 311.02, 35.72);
insert into SHOT values (3553, 3526, 3527, 5558, 12.430, 241.66, 0.09, 12.430, 241.66, 0.09, 0.001, 20.34, 39.09);
insert into SHOT values (3554, 3527, 3528, 5558, 24.560, 225.18, 5.04, 24.561, 225.17, 5.05, 0.007, 144.00, 20.88);
insert into SHOT values (3555, 3398, 3529, 5558, 34.570, 312.37, 11.29, 34.573, 312.37, 11.28, 0.009, 314.43, -57.33);
insert into SHOT values (3556, 3400, 3530, 5558, 58.740, 291.01, 14.98, 58.736, 291.01, 14.98, 0.006, 163.08, -35.03);
insert into SHOT values (3557, 3404, 3531, 5558, 53.070, 134.36, 36.00, 53.071, 134.37, 36.01, 0.009, 255.33, 42.81);
insert into SHOT values (3558, 3406, 3532, 5558, 66.250, 158.60, 33.37, 66.256, 158.60, 33.37, 0.007, 162.11, -3.09);
insert into SHOT values (3559, 3414, 3533, 5558, 22.470, 118.61, 27.56, 22.466, 118.62, 27.58, 0.009, 260.87, 24.25);
insert into SHOT values (3560, 3416, 3534, 5558, 9.270, 149.25, 70.19, 9.269, 149.19, 70.18, 0.004, 91.07, -20.89);
insert into SHOT values (3561, 3416, 3535, 5558, 1.100, 225.27, -72.89, 1.099, 225.00, -72.79, 0.003, 182.16, 30.40);
insert into SHOT values (3562, 3416, 3536, 5558, 7.960, 109.55, 10.07, 7.966, 109.59, 10.05, 0.009, 148.92, -11.89);
insert into SHOT values (3563, 3416, 3537, 5558, 53.460, 98.29, 32.91, 53.464, 98.30, 32.90, 0.013, 138.21, -26.46);
insert into SHOT values (3564, 3416, 3538, 5558, 34.940, 155.24, 33.47, 34.944, 155.24, 33.47, 0.005, 137.08, 7.27);
insert into SHOT values (3565, 3416, 3539, 5558, 45.570, 123.54, 38.81, 45.572, 123.54, 38.81, 0.003, 97.07, -10.47);
insert into SHOT values (3566, 3416, 3540, 5558, 34.290, 177.21, 30.73, 34.289, 177.20, 30.73, 0.006, 87.56, -20.26);
insert into SHOT values (3567, 3416, 3541, 5558, 37.380, 187.41, 26.92, 37.385, 187.39, 26.91, 0.013, 136.32, -16.57);
insert into SHOT values (3568, 3416, 3542, 5558, 32.660, 76.91, 30.06, 32.666, 76.92, 30.05, 0.008, 105.52, 2.97);
insert into SHOT values (3569, 3416, 3543, 5558, 2.570, 287.87, 11.30, 2.560, 287.86, 11.26, 0.010, 111.23, -21.23);
insert into SHOT values (3570, 3418, 3544, 5558, 9.780, 192.68, 81.00, 9.781, 192.41, 80.97, 0.009, 141.72, 2.48);
insert into SHOT values (3571, 3418, 3545, 5558, 2.310, 265.44, -58.62, 2.309, 265.24, -58.56, 0.005, 192.43, 25.37);
insert into SHOT values (3572, 3418, 3546, 5558, 21.890, 113.09, 31.05, 21.891, 113.11, 31.05, 0.005, 192.75, -5.82);
insert into SHOT values (3573, 3418, 3547, 5558, 13.680, 260.34, 19.93, 13.681, 260.33, 19.91, 0.004, 220.14, -50.66);
insert into SHOT values (3574, 3418, 3548, 5558, 36.780, 299.67, 9.20, 36.773, 299.67, 9.20, 0.007, 106.91, -3.51);
insert into SHOT values (3575, 3418, 3549, 5558, 33.740, 318.69, 11.67, 33.740, 318.69, 11.68, 0.006, 87.23, 64.77);
insert into SHOT values (3576, 3418, 3550, 5558, 32.000, 332.29, 13.98, 31.999, 332.29, 13.98, 0.001, 224.41, -28.57);
insert into SHOT values (3577, 3431, 3551, 5558, 6.620, 175.81, 76.77, 6.616, 175.83, 76.77, 0.004, 325.36, -74.10);
insert into SHOT values (3578, 3431, 3552, 5558, 32.310, 122.74, 21.79, 32.302, 122.74, 21.79, 0.009, 317.03, -25.45);
insert into SHOT values (3579, 3431, 3553, 5558, 40.370, 183.07, 6.60, 40.365, 183.07, 6.60, 0.005, 335.13, -0.14);
insert into SHOT values (3580, 3431, 3554, 5558, 25.780, 159.77, 10.34, 25.774, 159.76, 10.35, 0.007, 2.65, 22.03);
insert into SHOT values (3581, 3431, 3555, 5558, 26.860, 125.74, 19.44, 26.859, 125.73, 19.44, 0.005, 15.23, 5.46);
insert into SHOT values (3582, 3431, 3556, 5558, 33.790, 91.49, 29.35, 33.786, 91.48, 29.35, 0.007, 334.24, -16.66);
insert into SHOT values (3583, 3431, 3557, 5558, 40.430, 71.83, 27.70, 40.429, 71.82, 27.69, 0.008, 348.50, -25.50);
insert into SHOT values (3584, 3431, 3558, 5558, 35.350, 22.58, 18.34, 35.354, 22.57, 18.33, 0.009, 332.58, -19.43);
insert into SHOT values (3585, 3431, 3559, 5558, 11.280, 270.32, -7.05, 11.286, 270.36, -7.07, 0.011, 323.87, -30.92);
insert into SHOT values (3586, 3431, 3560, 5558, 6.880, 231.12, -39.20, 6.878, 231.17, -39.23, 0.007, 4.01, -13.89);
insert into SHOT values (3587, 3431, 3561, 5558, 9.920, 245.01, -2.66, 9.916, 245.04, -2.66, 0.007, 14.42, 3.33);
insert into SHOT values (3588, 3431, 3562, 5558, 12.870, 285.92, -1.22, 12.876, 285.91, -1.20, 0.008, 275.55, 31.91);
insert into SHOT values (3589, 3431, 3563, 5558, 35.520, 301.14, 7.14, 35.525, 301.14, 7.13, 0.007, 314.89, -41.40);
insert into SHOT values (3590, 3431, 3564, 5558, 53.090, 297.10, 15.20, 53.092, 297.10, 15.20, 0.002, 301.17, 9.28);
insert into SHOT values (3591, 3431, 3565, 5558, 41.760, 321.72, 18.93, 41.761, 321.72, 18.93, 0.003, 38.87, 49.78);
insert into SHOT values (3592, 3431, 3566, 5558, 43.500, 333.23, 20.34, 43.503, 333.23, 20.34, 0.004, 16.45, -2.52);
insert into SHOT values (3593, 3431, 3567, 5558, 41.750, 356.22, 21.10, 41.754, 356.22, 21.10, 0.004, 331.35, 1.71);
insert into SHOT values (3594, 3431, 3568, 5558, 34.560, 11.12, 21.18, 34.560, 11.11, 21.19, 0.006, 265.00, 34.13);
insert into SHOT values (3595, 3433, 3569, 5558, 39.510, 335.31, -10.30, 39.512, 335.31, -10.31, 0.006, 281.26, -67.06);
insert into SHOT values (3596, 3433, 3570, 5558, 32.000, 303.60, -14.14, 32.003, 303.59, -14.14, 0.005, 243.96, -30.34);
insert into SHOT values (3597, 3442, 3571, 5558, 8.820, 209.00, 80.74, 8.825, 209.09, 80.75, 0.005, 304.45, 64.71);
insert into SHOT values (3598, 3442, 3572, 5558, 1.140, 182.35, -72.06, 1.135, 181.64, -72.04, 0.006, 79.08, 45.59);
insert into SHOT values (3599, 3442, 3573, 5558, 20.420, 159.96, 29.97, 20.420, 159.97, 29.97, 0.002, 230.94, -17.72);
insert into SHOT values (3600, 3442, 3574, 5558, 7.960, 31.29, 19.53, 7.961, 31.32, 19.52, 0.004, 103.18, -15.30);
insert into SHOT values (3601, 3442, 3575, 5558, 23.700, 3.17, 15.60, 23.697, 3.16, 15.59, 0.005, 228.66, -47.97);
insert into SHOT values (3602, 3442, 3576, 5558, 19.350, 298.36, -26.03, 19.349, 298.36, -26.03, 0.002, 24.78, 58.11);
insert into SHOT values (3603, 3442, 3577, 5558, 29.710, 239.94, -3.96, 29.709, 239.93, -3.96, 0.005, 143.58, 21.65);
insert into SHOT values (3604, 3473, 3578, 5558, 44.350, 7.97, -8.04, 44.350, 7.97, -8.04, 0.003, 84.58, 69.47);
insert into SHOT values (3605, 3473, 3579, 5558, 50.540, 2.79, -8.99, 50.539, 2.79, -8.98, 0.007, 81.67, 88.74);
insert into SURVEY values (5560, 71, 'downdraught', 'downdraught.clearwater_master', NULL);
 insert into CENTRELINE values (5561, 5560, NULL, NULL, NULL, 0.00, 0.00, 0.00);
 insert into CENTRELINE values (5562, 5560, NULL, '2014-05-02', NULL, 268.65, 0.00, 0.00);
 insert into PERSON values (12, 'Hugh St', ' Lawrence');
insert into TOPO values (12, 5562);
 insert into PERSON values (13, 'Mark', 'Brown');
insert into TOPO values (13, 5562);
 insert into PERSON values (14, 'Carl', 'Clark');
insert into TOPO values (14, 5562);
 insert into SHOT values (3606, 3580, 3581, 5562, 18.390, 251.45, -21.29, 18.386, 251.45, -21.30, 0.006, 76.00, -29.80);
insert into SHOT values (3607, 3581, 3582, 5562, 12.100, 268.62, -22.88, 12.103, 268.61, -22.85, 0.007, 253.84, 39.53);
insert into SHOT values (3608, 3582, 3583, 5562, 8.920, 256.72, -22.96, 8.918, 256.69, -22.97, 0.005, 131.84, -4.73);
insert into SHOT values (3609, 3583, 3584, 5562, 14.900, 132.07, -28.97, 14.901, 132.05, -28.98, 0.006, 37.26, -30.00);
insert into SHOT values (3610, 3584, 3585, 5562, 15.880, 234.15, -28.11, 15.887, 234.14, -28.09, 0.010, 225.11, 12.62);
insert into SHOT values (3611, 3585, 3586, 5562, 10.020, 255.75, -29.33, 10.015, 255.74, -29.36, 0.007, 87.57, -14.96);
insert into SHOT values (3612, 3585, 3587, 5562, 9.210, 108.83, -13.28, 9.213, 108.80, -13.24, 0.009, 62.44, 39.67);
insert into SHOT values (3613, 3587, 3588, 5562, 10.310, 72.03, 6.95, 10.305, 72.01, 6.91, 0.009, 296.95, -53.37);
insert into SHOT values (3614, 3588, 3589, 5562, 28.460, 71.43, 6.86, 28.465, 71.43, 6.86, 0.005, 73.75, 7.05);
insert into SHOT values (3615, 3589, 3590, 5562, 22.090, 87.31, -0.51, 22.085, 87.33, -0.49, 0.011, 215.57, 38.85);
insert into SHOT values (3616, 3583, 3591, 5562, 9.390, 255.54, -29.38, 9.388, 255.56, -29.41, 0.006, 44.58, -36.43);
insert into SHOT values (3617, 3591, 3592, 5562, 8.200, 216.88, -41.66, 8.201, 216.91, -41.65, 0.003, 275.79, 10.20);
insert into SHOT values (3618, 3592, 3593, 5562, 21.980, 259.76, -32.94, 21.977, 259.76, -32.94, 0.003, 105.25, 33.70);
insert into SHOT values (3619, 3580, 3594, 5562, 8.870, 17.11, 58.39, 8.874, 17.15, 58.42, 0.007, 146.30, 56.40);
insert into SHOT values (3620, 3594, 3595, 5562, 15.170, 73.00, 21.16, 15.170, 72.99, 21.14, 0.007, 14.67, -56.89);
insert into SHOT values (3621, 3595, 3596, 5562, 10.180, 325.83, 61.16, 10.182, 325.79, 61.17, 0.004, 215.86, 37.15);
insert into SHOT values (3622, 3596, 3597, 5562, 10.160, 305.73, 64.74, 10.161, 305.71, 64.75, 0.002, 195.52, 38.45);
insert into SHOT values (3623, 3597, 3598, 5562, 4.760, 299.01, 43.99, 4.752, 299.04, 43.98, 0.008, 99.36, -49.91);
insert into SHOT values (3624, 3598, 3599, 5562, 9.010, 246.56, 19.68, 9.016, 246.61, 19.71, 0.010, 306.46, 35.81);
insert into SHOT values (3625, 3599, 3600, 5562, 3.960, 285.18, 51.84, 3.956, 285.17, 51.82, 0.004, 116.70, -67.75);
insert into SHOT values (3626, 3600, 3601, 5562, 11.190, 322.11, 33.97, 11.186, 322.09, 33.97, 0.005, 188.63, -32.76);
insert into SHOT values (3627, 3601, 3602, 5562, 5.500, 269.37, 18.83, 5.497, 269.34, 18.90, 0.008, 117.41, 38.73);
insert into SHOT values (3628, 3595, 3603, 5562, 13.000, 354.74, 73.93, 12.997, 354.73, 73.94, 0.004, 181.71, -30.67);
insert into SHOT values (3629, 3595, 3604, 5562, 0.350, 132.42, -84.95, 0.351, 135.00, -85.38, 0.003, 285.92, -25.46);
insert into SHOT values (3630, 3595, 3605, 5562, 2.130, 333.32, 9.40, 2.122, 333.31, 9.49, 0.009, 155.17, 14.07);
insert into SHOT values (3631, 3595, 3606, 5562, 1.320, 129.63, 11.21, 1.325, 129.69, 11.31, 0.006, 146.26, 34.27);
insert into SHOT values (3632, 3584, 3607, 5562, 4.950, 212.44, 70.09, 4.959, 212.47, 70.01, 0.011, 218.11, 32.12);
insert into SHOT values (3633, 3584, 3608, 5562, 10.160, 198.01, 46.70, 10.168, 198.05, 46.70, 0.009, 238.21, 41.30);
insert into SHOT values (3634, 3584, 3609, 5562, 1.810, 227.58, -86.56, 1.804, 225.00, -86.40, 0.010, 178.51, 44.99);
insert into SHOT values (3635, 3584, 3610, 5562, 2.720, 103.17, 20.01, 2.714, 103.38, 20.04, 0.012, 228.15, -3.68);
insert into SHOT values (3636, 3584, 3611, 5562, 8.750, 135.79, 23.19, 8.750, 135.86, 23.22, 0.011, 239.84, 24.60);
insert into SHOT values (3637, 3584, 3612, 5562, 7.740, 177.64, -20.16, 7.737, 177.71, -20.11, 0.012, 267.74, 39.33);
insert into SHOT values (3638, 3584, 3613, 5562, 4.630, 233.62, -28.25, 4.634, 233.66, -28.20, 0.007, 262.21, 12.87);
insert into SHOT values (3639, 3584, 3614, 5562, 4.550, 264.58, 22.26, 4.560, 264.56, 22.30, 0.010, 254.10, 37.92);
insert into SHOT values (3640, 3585, 3615, 5562, 4.300, 259.80, 66.50, 4.298, 259.93, 66.46, 0.006, 325.71, -37.37);
insert into SHOT values (3641, 3585, 3616, 5562, 3.610, 148.69, -80.13, 3.613, 148.88, -80.13, 0.004, 230.07, -59.15);
insert into SHOT values (3642, 3585, 3617, 5562, 4.750, 154.56, 3.71, 4.751, 154.52, 3.74, 0.005, 83.61, 34.39);
insert into SHOT values (3643, 3585, 3618, 5562, 8.740, 162.34, 41.35, 8.742, 162.34, 41.39, 0.006, 347.55, 72.40);
insert into SHOT values (3644, 3585, 3619, 5562, 9.060, 109.67, -12.20, 9.060, 109.66, -12.17, 0.005, 61.17, 71.47);
insert into SHOT values (3645, 3585, 3620, 5562, 3.820, 317.71, 4.53, 3.820, 317.77, 4.50, 0.004, 38.59, -24.07);
insert into SHOT values (3646, 3586, 3621, 5562, 5.220, 270.90, 75.91, 5.229, 270.90, 75.83, 0.012, 270.24, 36.94);
insert into SHOT values (3647, 3586, 3622, 5562, 4.810, 117.45, 77.96, 4.815, 117.33, 77.99, 0.006, 351.47, 66.37);
insert into SHOT values (3648, 3586, 3623, 5562, 2.220, 296.80, -66.34, 2.218, 296.57, -66.22, 0.006, 250.58, 33.74);
insert into SHOT values (3649, 3586, 3624, 5562, 3.490, 145.68, -81.38, 3.489, 146.00, -81.45, 0.005, 292.26, 6.20);
insert into SHOT values (3650, 3586, 3625, 5562, 6.410, 180.32, 21.19, 6.405, 180.38, 21.24, 0.010, 314.50, 18.07);
insert into SHOT values (3651, 3586, 3626, 5562, 30.760, 251.16, -37.66, 30.759, 251.17, -37.65, 0.006, 316.30, 35.42);
insert into SHOT values (3652, 3586, 3627, 5562, 4.860, 161.84, 0.05, 4.861, 161.90, 0.12, 0.008, 246.24, 48.13);
insert into SHOT values (3653, 3586, 3628, 5562, 2.730, 335.90, 24.99, 2.734, 335.92, 25.11, 0.007, 16.81, 78.83);
insert into SHOT values (3654, 3586, 3629, 5562, 33.500, 264.84, -34.75, 33.502, 264.85, -34.74, 0.010, 310.99, 30.08);
insert into SHOT values (3655, 3586, 3630, 5562, 2.950, 331.12, 6.21, 2.954, 331.08, 6.22, 0.004, 299.68, 12.19);
insert into SHOT values (3656, 3588, 3631, 5562, 5.000, 51.62, 81.16, 4.998, 51.93, 81.23, 0.007, 198.32, -4.66);
insert into SHOT values (3657, 3588, 3632, 5562, 15.940, 321.80, 61.52, 15.938, 321.79, 61.53, 0.004, 170.83, -16.57);
insert into SHOT values (3658, 3588, 3633, 5562, 1.340, 1.82, -78.70, 1.336, 2.20, -78.77, 0.005, 145.71, 53.77);
insert into SHOT values (3659, 3588, 3634, 5562, 3.900, 339.61, 15.37, 3.897, 339.59, 15.48, 0.008, 177.72, 52.16);
insert into SHOT values (3660, 3588, 3635, 5562, 0.400, 162.25, -1.60, 0.399, 162.47, -1.44, 0.002, 293.10, 29.52);
insert into SHOT values (3661, 3590, 3636, 5562, 2.340, 45.37, 75.06, 2.340, 45.00, 74.94, 0.006, 6.26, -8.22);
insert into SHOT values (3662, 3590, 3637, 5562, 1.100, 323.17, -82.52, 1.099, 326.31, -82.46, 0.008, 47.33, 4.60);
insert into SHOT values (3663, 3590, 3638, 5562, 3.500, 356.93, 3.66, 3.502, 356.88, 3.60, 0.005, 306.23, -43.25);
insert into SHOT values (3664, 3590, 3639, 5562, 10.190, 57.47, 32.65, 10.186, 57.42, 32.61, 0.011, 329.46, -46.00);
insert into SHOT values (3665, 3590, 3640, 5562, 11.270, 64.25, -7.37, 11.275, 64.24, -7.39, 0.007, 35.14, -39.76);
insert into SHOT values (3666, 3590, 3641, 5562, 15.810, 86.35, -21.74, 15.816, 86.33, -21.75, 0.008, 40.05, -31.29);
insert into SHOT values (3667, 3590, 3642, 5562, 0.230, 177.69, 0.44, 0.230, 177.51, 0.00, 0.002, 104.86, -66.85);
insert into SURVEY values (5564, 71, 'downdraughtsnowslope', 'downdraughtsnowslope.clearwater_master', NULL);
 insert into CENTRELINE values (5565, 5564, NULL, NULL, NULL, 0.00, 0.00, 0.00);
 insert into CENTRELINE values (5566, 5564, NULL, '2014-05-11', NULL, 51.58, 0.00, 0.00);
 insert into SHOT values (3668, 3643, 3644, 5566, 4.530, 239.28, -53.61, 4.514, 242.46, -50.05, 0.321, 277.23, 35.50);
insert into SHOT values (3669, 3644, 3643, 5566, 4.550, 65.71, 46.41, 4.514, 62.46, 50.05, 0.337, 279.70, 29.25);
insert into SHOT values (3670, 3644, 3645, 5566, 15.420, 219.97, -36.34, 15.422, 219.97, -36.34, 0.003, 229.86, -64.78);
insert into SHOT values (3671, 3645, 3646, 5566, 6.390, 242.40, -59.89, 6.390, 242.47, -59.92, 0.006, 9.16, -23.25);
insert into SHOT values (3672, 3646, 3647, 5566, 11.900, 318.35, -53.38, 11.898, 318.31, -53.38, 0.005, 212.10, 12.36);
insert into SHOT values (3673, 3647, 3648, 5566, 8.790, 337.85, -31.15, 8.786, 337.90, -31.11, 0.010, 67.90, 45.51);
insert into SURVEY values (5568, 71, 'helic', 'helic.clearwater_master', NULL);
 insert into CENTRELINE values (5569, 5568, NULL, NULL, NULL, 0.00, 0.00, 0.00);
 insert into CENTRELINE values (5570, 5568, NULL, '2014-04-30', NULL, 29.16, 0.00, 0.00);
 insert into SHOT values (3674, 3649, 3650, 5570, 0.484, 231.71, -1.89, 0.485, 231.71, -2.37, 0.004, 231.52, -84.17);
insert into SHOT values (3675, 3649, 3651, 5570, 2.160, 31.01, -10.89, 2.152, 31.06, -10.98, 0.009, 199.18, -12.88);
insert into SHOT values (3676, 3649, 3652, 5570, 0.719, 196.86, 84.50, 0.714, 195.95, 84.15, 0.007, 180.18, -54.56);
insert into SHOT values (3677, 3649, 3653, 5570, 1.727, 176.43, -79.27, 1.732, 176.53, -78.99, 0.010, 180.13, -19.37);
insert into SHOT values (3678, 3649, 3654, 5570, 4.791, 331.29, -25.46, 4.789, 331.24, -25.48, 0.004, 207.23, -5.69);
insert into SHOT values (3679, 3649, 3655, 5570, 1.681, 40.55, 9.76, 1.669, 40.56, 9.66, 0.012, 218.57, -23.80);
insert into SHOT values (3680, 3649, 3656, 5570, 0.212, 239.31, 2.16, 0.220, 239.93, 0.00, 0.011, 256.53, -44.81);
insert into SHOT values (3681, 3649, 3657, 5570, 0.338, 97.13, 84.52, 0.332, 108.43, 84.53, 0.009, 198.70, -45.57);
insert into SHOT values (3682, 3649, 3658, 5570, 1.867, 124.79, -84.24, 1.869, 126.25, -84.29, 0.006, 231.49, -26.06);
insert into SHOT values (3683, 3649, 3659, 5570, 5.798, 160.97, -30.14, 5.809, 161.06, -30.18, 0.014, 206.39, -38.30);
insert into SHOT values (3684, 3649, 3660, 5570, 2.162, 354.61, 0.42, 2.160, 354.42, 0.27, 0.009, 251.00, -38.63);
insert into SHOT values (3685, 3649, 3661, 5570, 1.008, 166.75, -0.06, 1.016, 166.92, -0.56, 0.013, 186.67, -45.16);
insert into SHOT values (3686, 3649, 3662, 5570, 0.763, 322.82, 79.00, 0.754, 320.71, 79.13, 0.011, 198.61, -54.84);
insert into SHOT values (3687, 3649, 3663, 5570, 1.918, 46.46, -80.02, 1.918, 47.49, -80.23, 0.009, 186.06, -6.46);
insert into SHOT values (3688, 3649, 3664, 5570, 8.038, 66.83, 29.82, 8.032, 66.86, 29.79, 0.008, 197.40, -60.25);
insert into SHOT values (3689, 3664, 3665, 5570, 2.822, 328.20, -3.78, 2.822, 328.06, -3.66, 0.009, 242.72, 41.05);
insert into SHOT values (3690, 3664, 3666, 5570, 0.379, 141.34, -3.94, 0.379, 142.52, -3.03, 0.010, 232.54, 37.72);
insert into SHOT values (3691, 3664, 3667, 5570, 1.582, 1.95, 69.38, 1.583, 2.05, 69.26, 0.003, 18.08, -10.98);
insert into SHOT values (3692, 3664, 3668, 5570, 1.320, 67.41, -83.55, 1.318, 65.22, -83.76, 0.008, 293.75, 12.30);
insert into SHOT values (3693, 3664, 3669, 5570, 4.966, 24.44, 31.13, 4.968, 24.46, 31.15, 0.003, 89.02, 65.06);
insert into SHOT values (3694, 3669, 3670, 5570, 0.359, 301.43, -2.55, 0.364, 301.50, -3.15, 0.006, 306.87, -39.02);
insert into SHOT values (3695, 3669, 3671, 5570, 2.781, 122.26, 4.83, 2.778, 122.31, 4.75, 0.005, 255.34, -50.15);
insert into SHOT values (3696, 3669, 3672, 5570, 2.074, 192.23, 61.45, 2.073, 192.22, 61.40, 0.002, 181.07, -54.65);
insert into SHOT values (3697, 3669, 3673, 5570, 1.777, 173.63, -81.83, 1.778, 175.43, -81.89, 0.008, 276.91, -7.30);
insert into SHOT values (3698, 3669, 3674, 5570, 5.571, 118.45, 25.33, 5.564, 118.50, 25.32, 0.008, 260.81, -25.03);
insert into SHOT values (3699, 3674, 3675, 5570, 1.904, 41.91, 16.83, 1.911, 41.89, 17.04, 0.010, 35.53, 62.21);
insert into SHOT values (3700, 3674, 3676, 5570, 0.642, 212.92, -25.07, 0.640, 212.32, -24.97, 0.007, 107.10, 17.83);
insert into SHOT values (3701, 3674, 3677, 5570, 3.254, 96.92, 80.02, 3.259, 97.13, 80.03, 0.006, 175.12, 68.50);
insert into SHOT values (3702, 3674, 3678, 5570, 0.962, 318.81, -86.20, 0.962, 321.34, -86.18, 0.003, 44.49, -2.32);
insert into SCRAPS values (5571, 5568, 'helic_s1', 1, 0.25586, 0.05126);
 insert into MAPS values (5594, 5568, 'helicPlan', NULL, 1, 29.164, 11.860);
 insert into MAPITEMS values (5594, 4, 5571);
 insert into SURVEY values (5596, 71, 'squeezy_bypass', 'squeezy_bypass.clearwater_master', NULL);
 insert into CENTRELINE values (5597, 5596, NULL, NULL, NULL, 0.00, 0.00, 0.00);
 insert into CENTRELINE values (5598, 5596, NULL, '2014-05-01', NULL, 92.20, 0.00, 0.00);
 insert into TOPO values (13, 5598);
 insert into TOPO values (9, 5598);
 insert into SHOT values (3703, 3679, 3680, 5598, 12.830, 345.00, -36.00, 12.860, 345.35, -35.73, 0.093, 32.13, 19.70);
insert into SHOT values (3704, 3680, 3681, 5598, 12.500, 262.00, -34.00, 12.483, 262.48, -34.33, 0.113, 24.54, -26.29);
insert into SHOT values (3705, 3681, 3682, 5598, 10.300, 353.60, -28.00, 10.335, 353.85, -27.80, 0.064, 32.82, 14.03);
insert into SHOT values (3706, 3682, 3683, 5598, 11.600, 225.30, -13.10, 11.563, 225.47, -13.35, 0.071, 10.62, -35.14);
insert into SHOT values (3707, 3683, 3684, 5598, 5.700, 218.00, -11.00, 5.661, 218.13, -11.10, 0.042, 20.71, -3.27);
insert into SHOT values (3708, 3684, 3685, 5598, 6.170, 192.00, -16.00, 6.131, 191.96, -16.19, 0.044, 17.59, -12.11);
insert into SHOT values (3709, 3685, 3686, 5598, 27.560, 119.00, -82.40, 27.566, 118.70, -82.49, 0.048, 323.00, -14.59);
insert into SHOT values (3710, 3686, 3687, 5598, 5.540, 296.00, 19.00, 5.546, 296.37, 18.94, 0.035, 13.40, -6.00);
insert into SURVEY values (5600, 71, 'and_finally', 'and_finally.clearwater_master', NULL);
 insert into CENTRELINE values (5601, 5600, NULL, NULL, NULL, 0.00, 0.00, 0.00);
 insert into CENTRELINE values (5602, 5600, NULL, '2011-07-06', NULL, 248.01, 0.00, 0.00);
 insert into SHOT values (3711, 3688, 3689, 5602, 13.651, 92.93, 4.71, 13.654, 92.95, 4.71, 0.005, 147.77, -9.63);
insert into SHOT values (3712, 3688, 3690, 5602, 11.412, 248.37, 11.70, 11.413, 248.37, 11.68, 0.005, 248.03, -62.81);
insert into SHOT values (3713, 3688, 3691, 5602, 7.337, 162.89, 71.13, 7.335, 162.86, 71.10, 0.004, 138.10, -43.78);
insert into SHOT values (3714, 3688, 3692, 5602, 0.637, 49.82, -68.30, 0.635, 50.19, -68.34, 0.003, 178.51, 43.44);
insert into SHOT values (3715, 3688, 3693, 5602, 32.222, 117.31, 9.13, 32.225, 117.31, 9.12, 0.005, 148.32, -33.09);
insert into SHOT values (3716, 3693, 3694, 5602, 6.594, 354.86, 1.22, 6.598, 354.87, 1.22, 0.004, 8.80, -5.57);
insert into SHOT values (3717, 3693, 3695, 5602, 4.370, 179.18, 24.76, 4.372, 179.13, 24.75, 0.004, 123.70, -3.50);
insert into SHOT values (3718, 3693, 3696, 5602, 6.815, 70.07, 71.19, 6.815, 70.08, 71.15, 0.004, 76.97, -13.35);
insert into SHOT values (3719, 3693, 3697, 5602, 0.868, 75.84, -58.48, 0.868, 75.96, -58.50, 0.001, 179.96, -3.78);
insert into SHOT values (3720, 3693, 3698, 5602, 16.853, 306.49, -8.08, 16.862, 306.50, -8.08, 0.009, 323.76, -7.64);
insert into SHOT values (3721, 3693, 3699, 5602, 15.034, 245.18, -5.08, 15.030, 245.20, -5.08, 0.006, 16.01, 10.94);
insert into SHOT values (3722, 3693, 3700, 5602, 39.757, 286.52, -4.62, 39.755, 286.52, -4.62, 0.004, 47.68, 40.29);
insert into SHOT values (3723, 3693, 3701, 5602, 31.636, 60.67, 24.65, 31.643, 60.66, 24.66, 0.008, 25.55, 41.18);
insert into SHOT values (3724, 3701, 3702, 5602, 4.190, 311.80, 50.62, 4.189, 311.79, 50.66, 0.003, 137.14, 26.91);
insert into SHOT values (3725, 3701, 3703, 5602, 13.062, 154.32, -15.80, 13.063, 154.35, -15.81, 0.008, 245.77, -26.04);
insert into SHOT values (3726, 3701, 3704, 5602, 6.596, 129.21, 86.77, 6.590, 130.60, 86.79, 0.011, 237.58, -30.34);
insert into SHOT values (3727, 3701, 3705, 5602, 0.790, 80.23, -56.98, 0.794, 80.54, -57.56, 0.009, 234.33, -55.44);
insert into SHOT values (3728, 3701, 3706, 5602, 15.904, 78.33, 57.86, 15.895, 78.33, 57.87, 0.009, 256.61, -48.08);
insert into SHOT values (3729, 3701, 3707, 5602, 12.392, 123.28, -22.66, 12.397, 123.30, -22.68, 0.008, 180.06, -49.26);
insert into SHOT values (3730, 3707, 3708, 5602, 6.740, 1.73, 16.53, 6.742, 1.68, 16.55, 0.006, 286.52, 23.99);
insert into SHOT values (3731, 3707, 3709, 5602, 7.590, 157.42, -9.18, 7.589, 157.47, -9.17, 0.007, 257.35, 6.99);
insert into SHOT values (3732, 3707, 3710, 5602, 6.830, 48.23, 80.38, 6.836, 48.20, 80.40, 0.006, 255.78, 77.77);
insert into SHOT values (3733, 3707, 3711, 5602, 1.310, 86.33, -49.03, 1.306, 85.96, -49.28, 0.009, 305.05, -5.75);
insert into SHOT values (3734, 3707, 3712, 5602, 16.140, 51.61, 17.12, 16.140, 51.61, 17.12, 0.002, 358.88, -49.98);
insert into SHOT values (3735, 3707, 3713, 5602, 23.020, 82.70, -9.57, 23.014, 82.68, -9.55, 0.011, 315.19, 41.69);
insert into SHOT values (3736, 3707, 3714, 5602, 7.060, 122.62, 30.12, 7.060, 122.62, 30.19, 0.008, 298.93, 61.08);
insert into SHOT values (3737, 3707, 3715, 5602, 11.130, 355.97, 50.23, 11.133, 355.97, 50.26, 0.006, 170.75, 65.82);
insert into SHOT values (3738, 3707, 3716, 5602, 16.610, 56.82, -27.84, 16.606, 56.81, -27.82, 0.008, 305.44, 63.94);
insert into SHOT values (3739, 3707, 3717, 5602, 32.190, 97.53, -29.26, 32.188, 97.53, -29.26, 0.004, 280.32, 78.50);
insert into SHOT values (3740, 3707, 3718, 5602, 10.545, 96.91, -28.93, 10.543, 96.91, -28.93, 0.002, 279.73, 26.50);
insert into SHOT values (3741, 3718, 3719, 5602, 11.051, 351.86, 7.13, 11.055, 351.88, 7.12, 0.006, 28.13, -16.54);
insert into SHOT values (3742, 3718, 3720, 5602, 5.030, 151.24, 31.83, 5.025, 151.15, 31.83, 0.008, 30.76, -20.79);
insert into SHOT values (3743, 3718, 3721, 5602, 8.070, 326.69, 79.54, 8.075, 326.63, 79.49, 0.009, 315.97, 27.81);
insert into SHOT values (3744, 3718, 3722, 5602, 6.510, 84.58, -50.88, 6.510, 84.55, -50.87, 0.002, 23.98, 15.83);
insert into SHOT values (3745, 3718, 3723, 5602, 16.679, 93.89, -30.64, 16.681, 93.88, -30.63, 0.004, 37.03, 4.15);
insert into SHOT values (3746, 3723, 3724, 5602, 2.410, 76.41, -6.26, 2.401, 76.43, -6.22, 0.009, 251.24, 17.14);
insert into SHOT values (3747, 3723, 3725, 5602, 6.460, 187.72, -24.74, 6.464, 187.73, -24.69, 0.007, 196.99, 28.88);
insert into SHOT values (3748, 3723, 3726, 5602, 3.020, 215.75, 77.30, 3.024, 215.84, 77.28, 0.005, 240.89, 58.31);
insert into SHOT values (3749, 3723, 3727, 5602, 1.390, 154.32, -62.62, 1.386, 155.04, -62.52, 0.009, 240.97, 28.12);
insert into SHOT values (3750, 3723, 3728, 5602, 28.260, 313.84, 53.67, 28.262, 313.81, 53.68, 0.008, 213.27, 22.74);
insert into SHOT values (3751, 3723, 3729, 5602, 17.930, 12.86, 43.35, 17.930, 12.85, 43.36, 0.003, 238.13, 40.06);
insert into SHOT values (3752, 3723, 3730, 5602, 11.039, 112.93, -37.04, 11.034, 112.93, -37.06, 0.006, 299.97, -3.89);
insert into SHOT values (3753, 3730, 3731, 5602, 4.150, 2.80, 5.25, 4.142, 2.78, 5.26, 0.008, 193.77, 1.95);
insert into SHOT values (3754, 3730, 3732, 5602, 6.670, 190.77, -11.05, 6.678, 190.73, -11.05, 0.010, 159.84, -9.45);
insert into SHOT values (3755, 3730, 3733, 5602, 1.870, 190.63, 78.29, 1.870, 190.44, 78.08, 0.007, 179.91, -8.80);
insert into SHOT values (3756, 3730, 3734, 5602, 1.320, 137.09, -70.23, 1.320, 136.79, -69.94, 0.007, 116.40, 18.12);
insert into SHOT values (3757, 3730, 3735, 5602, 14.410, 100.31, -11.52, 14.409, 100.32, -11.53, 0.004, 210.50, -32.57);
insert into SHOT values (3758, 3735, 3736, 5602, 8.020, 22.80, -6.77, 8.019, 22.83, -6.73, 0.007, 115.27, 52.30);
insert into SHOT values (3759, 3735, 3737, 5602, 3.320, 183.66, -13.39, 3.327, 183.54, -13.38, 0.009, 137.92, -7.18);
insert into SHOT values (3760, 3735, 3738, 5602, 0.800, 105.01, 72.29, 0.810, 106.26, 72.01, 0.012, 144.66, 42.79);
insert into SHOT values (3761, 3735, 3739, 5602, 1.440, 137.81, -74.28, 1.436, 137.05, -73.98, 0.010, 96.65, 37.39);
insert into SHOT values (3762, 3735, 3740, 5602, 20.332, 86.60, -27.73, 20.336, 86.59, -27.72, 0.006, 60.94, 6.16);
insert into SHOT values (3763, 3740, 3741, 5602, 4.070, 345.25, 5.92, 4.065, 345.24, 5.93, 0.005, 171.81, 2.57);
insert into SHOT values (3764, 3740, 3742, 5602, 5.730, 149.98, -21.93, 5.736, 150.01, -21.90, 0.008, 174.77, 0.03);
insert into SHOT values (3765, 3740, 3743, 5602, 1.580, 80.99, 81.63, 1.587, 82.57, 81.60, 0.010, 154.70, 45.73);
insert into SHOT values (3766, 3740, 3744, 5602, 1.110, 80.03, -44.93, 1.104, 80.42, -44.97, 0.008, 213.31, 28.47);
insert into SHOT values (3767, 3740, 3745, 5602, 8.586, 92.48, 1.93, 8.583, 92.54, 1.94, 0.009, 199.59, 5.18);
insert into SHOT values (3768, 3745, 3746, 5602, 1.890, 6.58, 17.87, 1.893, 6.69, 17.84, 0.005, 51.94, 0.44);
insert into SHOT values (3769, 3745, 3747, 5602, 1.800, 153.75, -15.54, 1.796, 153.58, -15.50, 0.007, 29.12, 20.07);
insert into SHOT values (3770, 3745, 3748, 5602, 1.980, 83.81, 73.96, 1.989, 83.77, 73.85, 0.009, 80.60, 48.89);
insert into SHOT values (3771, 3745, 3749, 5602, 2.390, 112.52, -68.33, 2.389, 111.92, -68.29, 0.009, 30.73, 6.66);
insert into SHOT values (3772, 3745, 3750, 5602, 5.380, 108.35, -39.11, 5.375, 108.30, -39.10, 0.006, 331.82, 38.10);
insert into SHOT values (3773, 3750, 3751, 5602, 1.270, 180.19, 14.31, 1.268, 180.00, 14.15, 0.006, 81.79, -43.43);
insert into SHOT values (3774, 3750, 3752, 5602, 1.270, 180.96, 9.15, 1.266, 180.92, 9.09, 0.004, 15.37, -27.23);
insert into SHOT values (3775, 3750, 3753, 5602, 7.211, 281.24, 62.45, 7.207, 281.24, 62.45, 0.004, 94.66, -68.93);
insert into SHOT values (3776, 3750, 3754, 5602, 0.741, 241.40, -37.03, 0.742, 241.70, -37.31, 0.005, 348.86, -49.19);
insert into SHOT values (3777, 3755, 3750, 5602, 8.259, 264.69, 1.17, 8.267, 264.72, 1.18, 0.009, 297.05, 8.45);
insert into SHOT values (3778, 3755, 3756, 5602, 2.911, 358.21, 0.69, 2.912, 358.03, 0.59, 0.010, 273.98, -29.06);
insert into SHOT values (3779, 3755, 3757, 5602, 1.160, 160.75, 7.93, 1.153, 161.09, 7.98, 0.010, 298.00, -0.21);
insert into SHOT values (3780, 3755, 3758, 5602, 4.630, 12.74, 70.79, 4.629, 12.49, 70.75, 0.008, 304.48, -16.91);
insert into SHOT values (3781, 3755, 3759, 5602, 1.120, 43.24, -79.34, 1.119, 43.03, -79.43, 0.002, 244.32, 17.41);
insert into SHOT values (3782, 3755, 3760, 5602, 17.440, 317.61, 77.79, 17.446, 317.63, 77.77, 0.008, 330.13, 34.04);
insert into SHOT values (3783, 3755, 3761, 5602, 12.970, 69.96, 74.61, 12.964, 69.93, 74.62, 0.006, 277.46, -53.00);
insert into SHOT values (3784, 3755, 3762, 5602, 7.320, 90.71, 48.27, 7.317, 90.71, 48.27, 0.003, 280.78, -54.74);
insert into SHOT values (3785, 3755, 3763, 5602, 6.331, 92.96, 9.57, 6.326, 92.94, 9.55, 0.006, 297.50, -26.31);
insert into SHOT values (3786, 3755, 3764, 5602, 17.630, 74.03, 3.68, 17.625, 74.03, 3.68, 0.005, 262.49, -18.48);
insert into SHOT values (3787, 3755, 3765, 5602, 6.801, 58.08, -42.32, 6.797, 58.02, -42.36, 0.008, 278.20, -7.43);
insert into SHOT values (3788, 3755, 3766, 5602, 13.050, 67.49, -1.23, 13.049, 67.46, -1.23, 0.006, 329.36, 1.27);
insert into SHOT values (3789, 3766, 3767, 5602, 4.320, 326.71, 0.32, 4.318, 326.71, 0.27, 0.004, 133.25, -69.71);
insert into SHOT values (3790, 3766, 3768, 5602, 6.260, 157.15, -1.79, 6.264, 157.16, -1.83, 0.006, 175.74, -47.54);
insert into SHOT values (3791, 3766, 3769, 5602, 6.170, 339.62, 86.37, 6.173, 339.27, 86.33, 0.006, 313.89, 23.40);
insert into SHOT values (3792, 3766, 3770, 5602, 1.019, 332.92, -54.12, 1.021, 333.00, -54.37, 0.005, 133.03, -59.49);
insert into SHOT values (3793, 3766, 3771, 5602, 17.910, 68.12, 39.17, 17.904, 68.13, 39.18, 0.007, 227.87, -19.48);
insert into SHOT values (3794, 3771, 3772, 5602, 7.411, 318.23, -7.20, 7.411, 318.31, -7.21, 0.010, 51.36, -6.56);
insert into SHOT values (3795, 3771, 3773, 5602, 0.990, 136.03, 37.15, 0.988, 135.52, 37.39, 0.008, 15.22, 14.60);
insert into SHOT values (3796, 3771, 3774, 5602, 1.990, 13.48, 72.56, 1.991, 13.57, 72.57, 0.002, 89.19, 56.67);
insert into SHOT values (3797, 3771, 3775, 5602, 0.990, 342.78, -79.59, 0.986, 343.61, -79.65, 0.005, 106.31, 50.25);
insert into SHOT values (3798, 3771, 3776, 5602, 7.703, 73.71, 27.45, 7.702, 73.69, 27.45, 0.003, 332.90, -17.00);
insert into SHOT values (3799, 3776, 3777, 5602, 2.830, 342.88, 14.87, 2.826, 342.96, 14.97, 0.008, 127.87, 29.73);
insert into SHOT values (3800, 3776, 3778, 5602, 1.200, 132.74, -1.10, 1.204, 132.31, -0.95, 0.010, 64.27, 17.21);
insert into SHOT values (3801, 3776, 3779, 5602, 1.910, 102.76, 83.47, 1.913, 102.80, 83.23, 0.009, 103.95, 15.89);
insert into SHOT values (3802, 3776, 3780, 5602, 1.490, 110.44, -76.67, 1.492, 109.98, -76.39, 0.008, 90.21, -1.01);
insert into SHOT values (3803, 3776, 3781, 5602, 6.207, 36.98, -25.43, 6.211, 37.03, -25.36, 0.010, 76.10, 32.84);
insert into SHOT values (3804, 3781, 3782, 5602, 2.900, 346.19, -11.56, 2.901, 346.16, -11.53, 0.002, 297.94, 29.24);
insert into SHOT values (3805, 3781, 3783, 5602, 1.030, 111.48, -24.93, 1.033, 111.35, -25.22, 0.006, 22.69, -69.47);
insert into SHOT values (3806, 3781, 3784, 5602, 0.671, 2.60, 53.77, 0.666, 1.47, 54.15, 0.010, 232.32, -7.13);
insert into SHOT values (3807, 3781, 3785, 5602, 0.620, 338.85, -66.57, 0.621, 338.63, -66.57, 0.002, 274.19, -46.81);
insert into SHOT values (3808, 3781, 3786, 5602, 12.700, 329.92, 75.21, 12.700, 329.79, 75.22, 0.007, 223.19, 5.98);
insert into SHOT values (3809, 3781, 3787, 5602, 3.522, 44.36, -33.66, 3.518, 44.45, -33.67, 0.006, 176.17, 19.65);
insert into SHOT values (3810, 3787, 3788, 5602, 12.236, 343.39, 72.99, 12.236, 343.29, 72.98, 0.007, 268.82, -6.06);
insert into SHOT values (3811, 3787, 3789, 5602, 7.901, 343.58, 70.95, 7.895, 343.60, 70.89, 0.010, 350.82, -52.23);
insert into SHOT values (3812, 3787, 3790, 5602, 0.470, 359.32, -26.13, 0.479, 358.67, -26.02, 0.010, 328.24, -17.59);
insert into SCRAPS values (5603, 5600, 'and_finally_s1', 1, 38.34863, 2.10711);
 insert into SCRAPS values (5629, 5600, 'and_finally_s2', 1, 0.49552, 0.01637);
 insert into SCRAPS values (5673, 5600, 'and_finally_s3', 1, 0.00000, 0.00000);
 insert into SCRAPS values (5682, 5600, 'and_finally_s4', 1, 0.01194, 0.00004);
 insert into SCRAPS values (5691, 5600, 'and_finally_ext_s1', 3, 0.06309, 0.00881);
 insert into SCRAPS values (5724, 5600, 'and_finally_ext_s2', 3, 0.05108, 0.01899);
 insert into SCRAPS values (5737, 5600, 'and_finally_ext_s3', 3, 0.01387, 0.00272);
 insert into MAPS values (5746, 5600, 'andFinallyPlan', NULL, 1, 248.012, 54.380);
 insert into MAPITEMS values (5746, 4, 5603);
 insert into MAPITEMS values (5746, 4, 5629);
 insert into MAPITEMS values (5746, 4, 5673);
 insert into MAPITEMS values (5746, 4, 5682);
 insert into MAPS values (5747, 5600, 'andFinallyExt', NULL, 3, 248.012, 54.380);
 insert into MAPITEMS values (5747, 4, 5691);
 insert into MAPITEMS values (5747, 4, 5724);
 insert into MAPITEMS values (5747, 4, 5737);
 insert into MAPS values (5748, 5600, 'and_finally_m', NULL, 1, 248.012, 54.380);
 insert into MAPITEMS values (5748, 4, 5603);
 insert into MAPITEMS values (5748, 4, 5629);
 insert into MAPITEMS values (5748, 4, 5673);
 insert into MAPITEMS values (5748, 4, 5682);
 insert into SURVEY values (5750, 71, 'creedence', 'creedence.clearwater_master', NULL);
 insert into CENTRELINE values (5751, 5750, NULL, NULL, NULL, 0.00, 0.00, 0.00);
 insert into CENTRELINE values (5752, 5750, NULL, '2011-07-06', NULL, 1255.97, 0.00, 0.00);
 insert into TOPO values (8, 5752);
 insert into TOPO values (9, 5752);
 insert into TOPO values (10, 5752);
 insert into SHOT values (3813, 3791, 3792, 5752, 6.013, 276.25, 6.65, 6.015, 276.24, 6.59, 0.007, 265.89, -64.93);
insert into SHOT values (3814, 3791, 3793, 5752, 14.083, 71.18, 22.38, 14.077, 71.18, 22.38, 0.006, 261.26, -18.70);
insert into SHOT values (3815, 3791, 3794, 5752, 7.706, 141.02, 87.09, 7.700, 142.25, 87.08, 0.010, 225.99, -35.60);
insert into SHOT values (3816, 3791, 3795, 5752, 1.090, 120.96, -71.60, 1.095, 121.83, -71.83, 0.008, 239.20, -44.31);
insert into SHOT values (3817, 3791, 3796, 5752, 3.411, 31.79, 19.85, 3.406, 31.85, 19.91, 0.007, 181.42, 14.08);
insert into SHOT values (3818, 3796, 3797, 5752, 6.697, 274.24, -3.17, 6.699, 274.29, -3.17, 0.006, 344.59, 3.29);
insert into SHOT values (3819, 3796, 3798, 5752, 12.107, 83.46, 25.87, 12.103, 83.46, 25.86, 0.004, 254.95, -42.25);
insert into SHOT values (3820, 3796, 3799, 5752, 6.658, 1.82, 83.76, 6.650, 1.57, 83.70, 0.011, 335.95, -49.44);
insert into SHOT values (3821, 3796, 3800, 5752, 0.462, 14.68, -45.56, 0.467, 14.04, -45.01, 0.007, 344.42, -1.09);
insert into SHOT values (3822, 3796, 3801, 5752, 9.319, 52.45, 21.10, 9.316, 52.43, 21.08, 0.006, 293.69, -56.22);
insert into SHOT values (3823, 3801, 3802, 5752, 16.323, 301.00, -9.74, 16.325, 301.01, -9.73, 0.004, 358.13, 19.39);
insert into SHOT values (3824, 3801, 3803, 5752, 4.756, 110.95, 22.91, 4.752, 110.88, 22.91, 0.007, 349.09, -12.48);
insert into SHOT values (3825, 3801, 3804, 5752, 3.915, 354.23, 65.54, 3.910, 354.32, 65.56, 0.005, 133.54, -41.53);
insert into SHOT values (3826, 3801, 3805, 5752, 0.971, 55.29, -42.11, 0.969, 55.20, -42.14, 0.002, 265.20, 27.16);
insert into SHOT values (3827, 3801, 3806, 5752, 7.288, 43.20, 3.75, 7.288, 43.22, 3.78, 0.004, 128.38, 56.98);
insert into SHOT values (3828, 3806, 3807, 5752, 15.611, 325.70, -5.89, 15.612, 325.71, -5.88, 0.003, 22.27, 44.60);
insert into SHOT values (3829, 3806, 3808, 5752, 6.827, 128.28, 32.91, 6.828, 128.27, 32.91, 0.001, 52.84, 34.60);
insert into SHOT values (3830, 3806, 3809, 5752, 6.606, 70.82, 75.35, 6.605, 70.81, 75.33, 0.003, 61.16, -28.42);
insert into SHOT values (3831, 3806, 3810, 5752, 1.298, 24.75, -64.85, 1.302, 24.70, -65.00, 0.005, 224.49, -75.01);
insert into SHOT values (3832, 3806, 3811, 5752, 13.038, 51.68, -3.77, 13.043, 51.68, -3.78, 0.005, 43.16, -31.57);
insert into SHOT values (3833, 3811, 3812, 5752, 1.961, 84.67, -61.85, 1.961, 84.41, -61.88, 0.004, 344.01, -12.75);
insert into SHOT values (3834, 3811, 3813, 5752, 11.082, 324.48, 0.94, 11.085, 324.47, 0.93, 0.003, 301.18, -33.10);
insert into SHOT values (3835, 3811, 3814, 5752, 10.651, 185.18, 19.14, 10.649, 185.19, 19.13, 0.003, 306.17, -49.49);
insert into SHOT values (3836, 3811, 3815, 5752, 9.161, 246.81, 76.63, 9.159, 246.94, 76.62, 0.006, 326.36, -28.37);
insert into SHOT values (3837, 3811, 3816, 5752, 0.894, 149.30, -80.42, 0.892, 151.70, -80.48, 0.006, 250.86, 13.65);
insert into SHOT values (3838, 3811, 3817, 5752, 27.975, 155.08, 49.96, 27.975, 155.09, 49.97, 0.004, 294.17, 36.37);
insert into SHOT values (3839, 3811, 3818, 5752, 18.315, 118.58, 44.10, 18.317, 118.57, 44.11, 0.005, 4.29, 65.77);
insert into SHOT values (3840, 3811, 3819, 5752, 2.840, 133.11, -19.01, 2.835, 133.04, -18.94, 0.007, 357.18, 45.38);
insert into SHOT values (3841, 3811, 3820, 5752, 6.431, 67.91, -20.66, 6.425, 67.92, -20.69, 0.006, 242.86, -8.89);
insert into SHOT values (3842, 3811, 3821, 5752, 13.193, 66.36, 14.76, 13.188, 66.33, 14.76, 0.008, 301.48, -8.17);
insert into SHOT values (3843, 3811, 3822, 5752, 9.772, 64.32, 53.29, 9.766, 64.31, 53.30, 0.006, 253.28, -40.56);
insert into SHOT values (3844, 3811, 3823, 5752, 13.290, 34.30, 15.43, 13.289, 34.31, 15.45, 0.005, 167.73, 51.69);
insert into SHOT values (3845, 3811, 3824, 5752, 11.463, 328.39, -14.07, 11.465, 328.38, -14.08, 0.004, 285.41, -56.35);
insert into SHOT values (3846, 3811, 3825, 5752, 11.196, 345.36, 29.00, 11.194, 345.32, 29.02, 0.007, 229.53, 17.30);
insert into SHOT values (3847, 3811, 3826, 5752, 35.375, 338.33, 0.26, 35.374, 338.32, 0.26, 0.009, 238.83, -3.41);
insert into SHOT values (3848, 3811, 3827, 5752, 17.400, 75.46, 15.47, 17.397, 75.46, 15.47, 0.003, 267.57, -24.88);
insert into SHOT values (3849, 3827, 3828, 5752, 0.373, 3.24, 4.77, 0.372, 3.09, 4.63, 0.002, 222.15, -34.10);
insert into SHOT values (3850, 3827, 3829, 5752, 12.922, 168.11, 10.50, 12.920, 168.10, 10.52, 0.006, 36.29, 53.97);
insert into SHOT values (3851, 3827, 3830, 5752, 5.552, 139.57, 81.36, 5.552, 139.40, 81.41, 0.005, 349.57, 11.46);
insert into SHOT values (3852, 3827, 3831, 5752, 1.543, 108.81, -73.54, 1.542, 108.85, -73.68, 0.004, 284.10, -3.39);
insert into SHOT values (3853, 3827, 3832, 5752, 13.384, 99.12, -4.23, 13.386, 99.14, -4.24, 0.005, 164.79, -31.60);
insert into SHOT values (3854, 3832, 3833, 5752, 3.840, 341.26, 10.82, 3.847, 341.33, 10.79, 0.008, 12.08, -5.85);
insert into SHOT values (3855, 3832, 3834, 5752, 8.323, 169.01, 23.52, 8.324, 169.04, 23.58, 0.010, 287.95, 59.15);
insert into SHOT values (3856, 3832, 3835, 5752, 7.374, 282.54, 74.24, 7.379, 282.65, 74.20, 0.008, 316.15, 24.21);
insert into SHOT values (3857, 3832, 3836, 5752, 0.947, 53.86, -83.32, 0.947, 52.13, -83.08, 0.005, 11.65, 6.34);
insert into SHOT values (3858, 3832, 3837, 5752, 25.997, 67.62, -1.69, 26.001, 67.61, -1.68, 0.009, 14.70, 47.15);
insert into SHOT values (3859, 3837, 3838, 5752, 4.830, 356.68, 31.28, 4.830, 356.67, 31.31, 0.003, 223.77, 57.80);
insert into SHOT values (3860, 3837, 3839, 5752, 6.007, 162.75, 3.06, 6.009, 162.74, 3.05, 0.002, 138.54, -19.89);
insert into SHOT values (3861, 3837, 3840, 5752, 8.178, 81.52, 77.60, 8.170, 81.45, 77.63, 0.010, 278.54, -45.97);
insert into SHOT values (3862, 3837, 3841, 5752, 5.244, 141.19, -41.70, 5.243, 141.23, -41.74, 0.004, 283.89, -20.78);
insert into SHOT values (3863, 3837, 3842, 5752, 18.419, 94.86, 5.15, 18.420, 94.88, 5.14, 0.007, 167.31, -29.35);
insert into SHOT values (3864, 3842, 3843, 5752, 12.232, 6.82, 4.15, 12.238, 6.78, 4.17, 0.012, 306.18, 23.87);
insert into SHOT values (3865, 3842, 3844, 5752, 0.536, 145.03, 14.04, 0.527, 145.38, 14.29, 0.010, 307.25, -0.19);
insert into SHOT values (3866, 3842, 3845, 5752, 6.664, 23.31, 45.87, 6.666, 23.20, 45.82, 0.011, 324.85, -16.62);
insert into SHOT values (3867, 3842, 3846, 5752, 10.436, 37.70, -35.58, 10.437, 37.68, -35.56, 0.005, 354.51, 25.23);
insert into SHOT values (3868, 3842, 3847, 5752, 23.833, 68.25, -9.71, 23.826, 68.23, -9.71, 0.010, 298.65, -1.60);
insert into SHOT values (3869, 3847, 3848, 5752, 13.227, 342.03, 38.84, 13.228, 342.08, 38.86, 0.010, 89.59, 28.97);
insert into SHOT values (3870, 3847, 3849, 5752, 5.653, 145.97, 22.31, 5.653, 145.91, 22.35, 0.007, 37.68, 37.16);
insert into SHOT values (3871, 3847, 3850, 5752, 12.602, 28.39, 76.69, 12.598, 28.42, 76.69, 0.004, 166.52, -55.89);
insert into SHOT values (3872, 3847, 3851, 5752, 2.416, 72.72, -51.38, 2.418, 72.65, -51.40, 0.003, 3.03, -48.78);
insert into SHOT values (3873, 3847, 3852, 5752, 31.675, 59.58, 8.72, 31.674, 59.59, 8.72, 0.004, 156.51, -35.01);
insert into SHOT values (3874, 3852, 3853, 5752, 6.738, 337.36, 3.12, 6.739, 337.36, 3.15, 0.003, 344.57, 82.11);
insert into SHOT values (3875, 3852, 3854, 5752, 5.133, 154.53, 24.49, 5.137, 154.53, 24.50, 0.004, 156.66, 35.85);
insert into SHOT values (3876, 3852, 3855, 5752, 6.048, 30.24, 73.64, 6.054, 30.33, 73.66, 0.007, 130.24, 68.65);
insert into SHOT values (3877, 3852, 3856, 5752, 0.903, 49.29, -59.14, 0.897, 49.40, -59.09, 0.006, 207.70, 65.25);
insert into SHOT values (3878, 3852, 3857, 5752, 15.347, 26.23, -7.93, 15.351, 26.23, -7.90, 0.009, 20.55, 54.05);
insert into SHOT values (3879, 3857, 3858, 5752, 3.659, 304.68, 20.96, 3.654, 304.62, 20.84, 0.010, 182.04, -64.78);
insert into SHOT values (3880, 3857, 3859, 5752, 9.165, 142.86, 10.74, 9.167, 142.85, 10.69, 0.009, 120.07, -63.44);
insert into SHOT values (3881, 3857, 3860, 5752, 10.305, 57.45, 78.23, 10.296, 57.45, 78.23, 0.009, 242.34, -75.82);
insert into SHOT values (3882, 3857, 3861, 5752, 1.231, 45.76, -74.95, 1.232, 46.27, -75.03, 0.003, 161.60, -21.13);
insert into SHOT values (3883, 3857, 3862, 5752, 19.166, 57.35, 9.02, 19.166, 57.36, 9.01, 0.006, 137.09, -57.00);
insert into SHOT values (3884, 3862, 3863, 5752, 0.972, 350.86, 19.15, 0.976, 350.64, 19.14, 0.006, 309.74, 11.97);
insert into SHOT values (3885, 3862, 3864, 5752, 10.402, 166.94, 2.64, 10.400, 166.93, 2.65, 0.003, 41.60, 16.74);
insert into SHOT values (3886, 3862, 3865, 5752, 10.585, 183.37, 64.81, 10.588, 183.43, 64.80, 0.006, 243.39, 15.65);
insert into SHOT values (3887, 3862, 3866, 5752, 10.464, 171.25, -49.01, 10.462, 171.28, -49.03, 0.006, 312.26, -15.29);
insert into SHOT values (3888, 3862, 3867, 5752, 9.312, 278.00, -1.51, 9.314, 278.03, -1.48, 0.007, 337.78, 48.11);
insert into SHOT values (3889, 3862, 3868, 5752, 34.906, 87.78, -3.43, 34.909, 87.78, -3.43, 0.003, 84.00, -30.81);
insert into SHOT values (3890, 3868, 3869, 5752, 5.638, 342.00, 4.04, 5.640, 341.98, 4.07, 0.004, 301.22, 48.73);
insert into SHOT values (3891, 3868, 3870, 5752, 2.088, 164.74, 17.19, 2.093, 164.92, 17.23, 0.008, 221.82, 21.16);
insert into SHOT values (3892, 3868, 3871, 5752, 20.243, 7.13, 85.16, 20.242, 7.08, 85.17, 0.005, 202.72, -8.99);
insert into SHOT values (3893, 3868, 3872, 5752, 1.593, 30.99, -55.12, 1.587, 31.07, -54.99, 0.007, 134.59, 78.92);
insert into SHOT values (3894, 3868, 3873, 5752, 31.239, 73.28, 0.58, 31.233, 73.27, 0.59, 0.008, 295.10, 26.87);
insert into SHOT values (3895, 3873, 3874, 5752, 10.459, 357.09, 14.65, 10.452, 357.11, 14.63, 0.009, 147.90, -36.80);
insert into SHOT values (3896, 3873, 3875, 5752, 4.835, 196.63, 2.63, 4.836, 196.60, 2.61, 0.004, 132.94, -30.92);
insert into SHOT values (3897, 3873, 3876, 5752, 7.969, 54.22, 78.99, 7.968, 54.33, 78.96, 0.006, 88.16, -23.59);
insert into SHOT values (3898, 3873, 3877, 5752, 1.718, 200.52, -50.01, 1.723, 200.07, -50.01, 0.010, 130.41, -22.10);
insert into SHOT values (3899, 3873, 3878, 5752, 17.174, 46.15, 2.86, 17.172, 46.16, 2.87, 0.004, 174.12, 47.08);
insert into SHOT values (3900, 3873, 3879, 5752, 23.574, 84.56, -42.38, 23.577, 84.56, -42.37, 0.005, 101.16, -0.91);
insert into SHOT values (3901, 3873, 3880, 5752, 14.334, 104.92, 13.65, 14.335, 104.93, 13.64, 0.005, 172.82, -36.02);
insert into SHOT values (3902, 3873, 3881, 5752, 19.644, 82.14, 42.67, 19.642, 82.16, 42.66, 0.007, 158.43, -36.91);
insert into SHOT values (3903, 3873, 3882, 5752, 34.902, 80.68, 8.64, 34.900, 80.69, 8.64, 0.009, 182.93, -21.19);
insert into SHOT values (3904, 3873, 3883, 5752, 33.119, 66.70, 6.80, 33.121, 66.72, 6.80, 0.010, 143.08, -8.16);
insert into SHOT values (3905, 3873, 3884, 5752, 25.103, 67.89, -13.41, 25.109, 67.90, -13.40, 0.007, 96.51, 14.37);
insert into SHOT values (3906, 3873, 3885, 5752, 30.646, 80.89, -12.23, 30.652, 80.90, -12.22, 0.008, 105.86, 14.36);
insert into SHOT values (3907, 3873, 3886, 5752, 22.109, 70.07, -30.44, 22.106, 70.09, -30.44, 0.008, 179.25, 9.13);
insert into SHOT values (3908, 3873, 3887, 5752, 11.678, 58.25, -18.87, 11.679, 58.28, -18.88, 0.007, 145.81, -27.67);
insert into SHOT values (3909, 3873, 3888, 5752, 9.796, 55.53, 57.61, 9.796, 55.55, 57.59, 0.004, 89.41, -27.01);
insert into SHOT values (3910, 3873, 3889, 5752, 9.972, 9.29, -43.70, 9.970, 9.34, -43.72, 0.008, 128.27, -3.79);
insert into SHOT values (3911, 3873, 3890, 5752, 56.577, 69.60, 7.81, 56.577, 69.61, 7.81, 0.009, 158.25, 11.71);
insert into SHOT values (3912, 3868, 3891, 5752, 21.623, 271.61, -13.67, 21.631, 271.61, -13.66, 0.008, 267.71, 1.11);
insert into SHOT values (3913, 3891, 3892, 5752, 4.454, 318.17, 22.63, 4.453, 318.16, 22.72, 0.007, 151.58, 58.97);
insert into SHOT values (3914, 3891, 3893, 5752, 2.403, 60.91, -19.37, 2.407, 61.07, -19.16, 0.012, 103.57, 37.13);
insert into SHOT values (3915, 3891, 3894, 5752, 2.786, 45.23, 51.66, 2.792, 45.23, 51.65, 0.006, 46.82, 48.94);
insert into SHOT values (3916, 3891, 3895, 5752, 1.998, 47.95, -44.40, 2.001, 47.83, -44.39, 0.004, 359.74, -28.11);
insert into SHOT values (3917, 3891, 3896, 5752, 8.336, 27.56, -17.00, 8.340, 27.56, -17.01, 0.004, 30.29, -40.46);
insert into SHOT values (3918, 3896, 3897, 5752, 1.283, 338.39, 21.30, 1.283, 338.38, 21.49, 0.004, 170.05, 70.98);
insert into SHOT values (3919, 3896, 3898, 5752, 1.789, 178.44, 14.93, 1.793, 178.34, 15.19, 0.010, 124.68, 68.51);
insert into SHOT values (3920, 3896, 3899, 5752, 3.617, 21.64, 80.72, 3.617, 22.17, 80.72, 0.005, 113.83, 3.62);
insert into SHOT values (3921, 3896, 3900, 5752, 1.029, 56.24, -76.55, 1.028, 56.98, -76.58, 0.003, 161.30, 13.77);
insert into SHOT values (3922, 3896, 3901, 5752, 5.667, 101.71, -24.14, 5.670, 101.70, -24.04, 0.010, 93.86, 50.73);
insert into SHOT values (3923, 3901, 3902, 5752, 0.895, 0.45, 4.74, 0.893, 0.00, 4.50, 0.008, 254.74, -28.59);
insert into SHOT values (3924, 3901, 3903, 5752, 1.514, 159.16, 10.35, 1.512, 159.13, 10.29, 0.003, 4.28, -46.07);
insert into SHOT values (3925, 3901, 3904, 5752, 1.447, 62.30, 86.42, 1.443, 63.43, 86.45, 0.005, 179.96, -64.41);
insert into SHOT values (3926, 3901, 3905, 5752, 1.082, 48.09, -75.25, 1.084, 48.01, -75.63, 0.007, 231.33, -29.67);
insert into SHOT values (3927, 3901, 3906, 5752, 11.196, 74.98, -37.60, 11.190, 74.96, -37.62, 0.008, 278.90, 8.97);
insert into SHOT values (3928, 3906, 3907, 5752, 3.506, 8.71, -1.24, 3.501, 8.71, -1.31, 0.006, 189.56, -40.57);
insert into SHOT values (3929, 3906, 3908, 5752, 0.948, 162.53, 9.10, 0.954, 162.72, 9.04, 0.007, 188.12, 0.53);
insert into SHOT values (3930, 3906, 3909, 5752, 1.256, 38.14, 82.14, 1.252, 40.24, 82.18, 0.008, 142.39, -33.16);
insert into SHOT values (3931, 3906, 3910, 5752, 2.385, 50.13, -57.03, 2.385, 50.31, -56.98, 0.004, 117.78, 11.81);
insert into SHOT values (3932, 3906, 3911, 5752, 17.145, 102.70, -25.07, 17.149, 102.72, -25.08, 0.008, 178.43, -41.86);
insert into SHOT values (3933, 3911, 3912, 5752, 0.791, 29.48, -2.75, 0.794, 29.48, -2.89, 0.003, 28.18, -39.32);
insert into SHOT values (3934, 3911, 3913, 5752, 0.974, 169.39, 19.50, 0.974, 169.30, 19.81, 0.006, 21.32, 61.78);
insert into SHOT values (3935, 3911, 3914, 5752, 1.073, 89.42, 68.46, 1.077, 88.57, 68.19, 0.009, 45.26, 12.78);
insert into SHOT values (3936, 3911, 3915, 5752, 1.238, 97.93, -48.61, 1.238, 97.73, -48.69, 0.003, 346.29, -22.03);
insert into SHOT values (3937, 3867, 3916, 5752, 1.514, 304.44, 34.34, 1.508, 304.20, 34.32, 0.008, 171.90, -29.83);
insert into SHOT values (3938, 3867, 3917, 5752, 3.152, 75.23, 7.82, 3.150, 75.34, 7.66, 0.011, 175.36, -55.40);
insert into SHOT values (3939, 3867, 3918, 5752, 2.670, 21.03, 63.73, 2.666, 21.35, 63.70, 0.008, 117.12, -32.49);
insert into SHOT values (3940, 3867, 3919, 5752, 0.465, 357.36, -32.67, 0.469, 357.06, -33.66, 0.009, 242.66, -76.15);
insert into SHOT values (3941, 3867, 3920, 5752, 16.760, 22.32, 14.48, 16.757, 22.31, 14.48, 0.003, 238.27, -11.64);
insert into SHOT values (3942, 3920, 3921, 5752, 3.922, 286.53, 39.60, 3.917, 286.57, 39.66, 0.007, 88.36, 0.19);
insert into SHOT values (3943, 3920, 3922, 5752, 1.092, 113.52, 5.05, 1.096, 113.75, 4.71, 0.009, 156.17, -43.47);
insert into SHOT values (3944, 3920, 3923, 5752, 2.997, 334.71, 64.26, 2.994, 334.82, 64.41, 0.009, 138.51, 2.39);
insert into SHOT values (3945, 3920, 3924, 5752, 3.543, 38.97, -40.71, 3.538, 39.09, -40.76, 0.008, 173.27, 6.02);
insert into SHOT values (3946, 3920, 3925, 5752, 10.068, 49.66, 5.08, 10.071, 49.69, 5.07, 0.007, 104.93, -13.16);
insert into SHOT values (3947, 3925, 3926, 5752, 2.168, 349.34, 17.31, 2.164, 349.12, 17.20, 0.010, 240.15, -31.68);
insert into SHOT values (3948, 3925, 3927, 5752, 2.980, 153.84, 11.40, 2.979, 153.79, 11.42, 0.003, 46.71, 18.78);
insert into SHOT values (3949, 3925, 3928, 5752, 10.963, 23.74, 84.30, 10.965, 23.75, 84.28, 0.004, 26.56, 18.13);
insert into SHOT values (3950, 3925, 3929, 5752, 1.533, 18.13, -69.76, 1.533, 17.74, -69.97, 0.007, 231.39, -14.46);
insert into SHOT values (3951, 3925, 3930, 5752, 4.710, 89.23, -6.38, 4.710, 89.27, -6.46, 0.007, 187.98, -66.09);
insert into SHOT values (3952, 3930, 3931, 5752, 1.874, 358.08, 26.87, 1.875, 357.94, 26.96, 0.005, 259.59, 36.58);
insert into SHOT values (3953, 3930, 3932, 5752, 2.312, 185.88, 8.63, 2.309, 186.04, 8.72, 0.008, 303.08, 23.87);
insert into SHOT values (3954, 3930, 3933, 5752, 5.670, 4.98, 82.41, 5.670, 4.57, 82.37, 0.006, 307.99, -2.91);
insert into SHOT values (3955, 3930, 3934, 5752, 1.077, 94.01, -76.16, 1.072, 94.40, -75.92, 0.007, 123.47, 57.89);
insert into SHOT values (3956, 3930, 3935, 5752, 8.971, 71.98, -29.40, 8.968, 71.96, -29.38, 0.005, 314.29, 50.62);
insert into SHOT values (3957, 3935, 3936, 5752, 0.776, 68.42, -68.18, 0.777, 67.83, -67.96, 0.004, 24.51, 5.37);
insert into SHOT values (3958, 3935, 3937, 5752, 0.383, 166.38, -28.88, 0.384, 166.37, -27.93, 0.007, 165.81, 49.92);
insert into SHOT values (3959, 3935, 3938, 5752, 0.602, 96.68, 69.93, 0.608, 95.44, 69.69, 0.008, 50.07, 35.97);
insert into SHOT values (3960, 3935, 3939, 5752, 0.732, 177.06, -86.94, 0.731, 180.00, -86.86, 0.002, 244.03, 23.22);
insert into SHOT values (3961, 3925, 3940, 5752, 8.468, 22.92, 39.48, 8.464, 22.88, 39.47, 0.007, 270.25, -36.66);
insert into SHOT values (3962, 3940, 3941, 5752, 2.150, 299.10, 15.16, 2.147, 299.16, 15.12, 0.004, 76.65, -34.20);
insert into SHOT values (3963, 3940, 3942, 5752, 0.312, 91.86, 27.46, 0.318, 92.05, 28.16, 0.007, 107.09, 60.62);
insert into SHOT values (3964, 3940, 3943, 5752, 1.626, 316.82, 58.65, 1.629, 316.91, 58.58, 0.004, 340.25, 22.67);
insert into SHOT values (3965, 3940, 3944, 5752, 1.705, 351.96, -53.18, 1.700, 352.11, -53.14, 0.006, 121.24, 55.12);
insert into SHOT values (3966, 3940, 3945, 5752, 3.534, 359.68, -23.48, 3.534, 359.82, -23.52, 0.008, 99.33, -13.37);
insert into SHOT values (3967, 3945, 3946, 5752, 2.019, 330.99, 6.91, 2.021, 330.75, 7.10, 0.011, 250.26, 39.94);
insert into SHOT values (3968, 3945, 3947, 5752, 1.720, 118.74, 2.80, 1.717, 118.96, 3.01, 0.010, 237.97, 38.75);
insert into SHOT values (3969, 3945, 3948, 5752, 3.534, 0.82, 72.73, 3.539, 0.55, 72.74, 0.007, 280.74, 46.22);
insert into SHOT values (3970, 3945, 3949, 5752, 2.728, 73.96, -50.83, 2.721, 73.78, -50.84, 0.009, 303.09, 34.71);
insert into SHOT values (3971, 3945, 3950, 5752, 6.559, 66.61, 13.79, 6.555, 66.58, 13.86, 0.009, 280.58, 44.88);
insert into SHOT values (3972, 3950, 3951, 5752, 1.971, 314.01, 3.90, 1.963, 313.97, 3.80, 0.009, 145.48, -28.15);
insert into SHOT values (3973, 3950, 3952, 5752, 0.480, 91.56, 6.34, 0.483, 91.19, 5.95, 0.005, 46.17, -34.86);
insert into SHOT values (3974, 3950, 3953, 5752, 1.151, 331.81, 49.79, 1.149, 331.70, 50.01, 0.005, 168.25, 11.22);
insert into SHOT values (3975, 3950, 3954, 5752, 2.269, 10.81, -64.68, 2.267, 10.73, -64.75, 0.004, 212.23, 15.29);
insert into SHOT values (3976, 3950, 3955, 5752, 5.130, 353.87, -17.00, 5.132, 353.92, -17.00, 0.004, 60.29, -1.71);
insert into SHOT values (3977, 3955, 3956, 5752, 0.602, 283.55, -16.90, 0.602, 283.07, -17.39, 0.007, 180.36, -45.25);
insert into SHOT values (3978, 3955, 3957, 5752, 1.173, 50.14, -14.46, 1.168, 50.39, -14.88, 0.011, 193.31, -40.89);
insert into SHOT values (3979, 3955, 3958, 5752, 0.840, 340.90, 60.81, 0.835, 339.78, 60.98, 0.010, 219.87, -19.72);
insert into SHOT values (3980, 3955, 3959, 5752, 1.744, 318.08, -57.62, 1.750, 317.60, -57.74, 0.011, 230.61, -42.60);
insert into SHOT values (3981, 3955, 3960, 5752, 5.642, 253.49, -35.93, 5.642, 253.47, -35.92, 0.002, 174.55, 22.38);
insert into SHOT values (3982, 3811, 3961, 5752, 19.309, 287.34, 1.07, 19.310, 287.33, 1.07, 0.004, 204.30, -7.70);
insert into SHOT values (3983, 3811, 3962, 5752, 13.994, 40.17, 11.11, 13.988, 40.15, 11.13, 0.009, 249.60, 22.62);
insert into SHOT values (3984, 3811, 3963, 5752, 9.368, 107.80, 88.42, 9.363, 108.43, 88.45, 0.007, 260.08, -36.37);
insert into SHOT values (3985, 3811, 3964, 5752, 0.632, 19.45, -55.55, 0.633, 19.44, -55.26, 0.003, 18.27, 20.87);
insert into SHOT values (3986, 3811, 3965, 5752, 24.836, 335.56, -2.91, 24.838, 335.54, -2.91, 0.008, 259.45, 6.31);
insert into SHOT values (3987, 3965, 3966, 5752, 5.963, 262.93, 2.29, 5.960, 262.96, 2.31, 0.005, 41.21, 21.27);
insert into SHOT values (3988, 3965, 3967, 5752, 3.032, 62.46, 20.50, 3.032, 62.53, 20.47, 0.004, 149.82, -26.87);
insert into SHOT values (3989, 3965, 3968, 5752, 5.232, 321.56, 77.70, 5.229, 321.58, 77.74, 0.005, 135.74, -24.41);
insert into SHOT values (3990, 3965, 3969, 5752, 1.103, 24.35, -36.03, 1.102, 24.55, -36.13, 0.004, 140.15, -19.21);
insert into SHOT values (3991, 3965, 3970, 5752, 15.064, 0.24, 0.13, 15.070, 0.27, 0.11, 0.010, 48.19, -24.30);
insert into SHOT values (3992, 3970, 3971, 5752, 3.117, 277.68, -8.62, 3.121, 277.63, -8.47, 0.009, 252.45, 49.46);
insert into SHOT values (3993, 3970, 3972, 5752, 7.182, 124.30, 20.34, 7.184, 124.35, 20.37, 0.007, 211.15, 31.10);
insert into SHOT values (3994, 3970, 3973, 5752, 5.057, 72.56, 65.43, 5.055, 72.52, 65.49, 0.006, 268.10, 8.36);
insert into SHOT values (3995, 3970, 3974, 5752, 1.216, 73.35, -67.38, 1.214, 73.89, -67.30, 0.005, 154.46, 28.99);
insert into SHOT values (3996, 3970, 3975, 5752, 3.102, 325.83, 1.13, 3.096, 325.80, 1.11, 0.006, 162.47, -10.54);
insert into SHOT values (3997, 3970, 3976, 5752, 15.858, 79.28, -0.37, 15.857, 79.28, -0.36, 0.003, 289.25, 67.95);
insert into SHOT values (3998, 3976, 3977, 5752, 9.616, 297.33, 10.72, 9.618, 297.27, 10.73, 0.010, 219.61, 7.49);
insert into SHOT values (3999, 3976, 3978, 5752, 2.461, 93.79, 39.31, 2.462, 93.91, 39.32, 0.004, 179.78, 12.50);
insert into SHOT values (4000, 3976, 3979, 5752, 6.558, 343.02, 75.21, 6.557, 342.97, 75.21, 0.002, 224.24, -24.60);
insert into SHOT values (4001, 3976, 3980, 5752, 1.206, 334.18, -61.20, 1.207, 334.32, -61.44, 0.005, 134.46, -36.61);
insert into SHOT values (4002, 3976, 3981, 5752, 27.338, 353.74, 3.18, 27.335, 353.73, 3.19, 0.006, 229.18, 35.85);
insert into SHOT values (4003, 3981, 3982, 5752, 7.573, 293.98, 4.92, 7.567, 293.95, 4.93, 0.008, 149.15, 3.83);
insert into SHOT values (4004, 3981, 3983, 5752, 3.858, 92.83, -4.92, 3.859, 92.83, -4.91, 0.001, 103.80, 43.43);
insert into SHOT values (4005, 3981, 3984, 5752, 9.948, 52.74, 85.25, 9.945, 52.85, 85.22, 0.006, 73.89, -40.19);
insert into SHOT values (4006, 3981, 3985, 5752, 1.142, 341.97, -67.01, 1.140, 341.57, -67.14, 0.005, 205.24, 15.83);
insert into SHOT values (4007, 3981, 3986, 5752, 17.490, 6.49, -4.70, 17.491, 6.49, -4.72, 0.007, 334.81, -85.25);
insert into SHOT values (4008, 3986, 3987, 5752, 7.506, 237.76, 0.68, 7.511, 237.73, 0.69, 0.006, 195.75, 8.28);
insert into SHOT values (4009, 3986, 3988, 5752, 15.983, 98.39, 6.98, 15.990, 98.41, 7.00, 0.011, 134.77, 46.21);
insert into SHOT values (4010, 3986, 3989, 5752, 6.670, 179.64, 81.78, 6.679, 179.40, 81.74, 0.011, 147.86, 48.53);
insert into SHOT values (4011, 3986, 3990, 5752, 1.100, 135.90, -73.30, 1.097, 136.27, -73.14, 0.005, 179.54, 50.20);
insert into SHOT values (4012, 3986, 3991, 5752, 11.441, 156.25, 20.55, 11.448, 156.23, 20.56, 0.008, 128.59, 29.67);
insert into SHOT values (4013, 3986, 3992, 5752, 7.258, 210.47, 23.75, 7.265, 210.46, 23.79, 0.008, 196.80, 57.74);
insert into SHOT values (4014, 3986, 3993, 5752, 10.737, 264.71, 16.21, 10.732, 264.71, 16.23, 0.007, 84.84, 23.11);
insert into SHOT values (4015, 3986, 3994, 5752, 11.309, 300.51, 9.83, 11.307, 300.48, 9.88, 0.012, 179.04, 52.30);
insert into SHOT values (4016, 3986, 3995, 5752, 27.385, 275.95, 5.90, 27.382, 275.94, 5.91, 0.007, 139.30, 45.79);
insert into SHOT values (4017, 3986, 3996, 5752, 6.966, 344.92, 20.61, 6.962, 344.96, 20.69, 0.012, 131.64, 43.11);
insert into SHOT values (4018, 3986, 3997, 5752, 9.375, 27.87, 14.43, 9.373, 27.92, 14.46, 0.009, 136.90, 24.17);
insert into SHOT values (4019, 3986, 3998, 5752, 8.425, 84.59, 44.12, 8.427, 84.59, 44.15, 0.005, 259.20, 75.50);
insert into SHOT values (4020, 3986, 3999, 5752, 7.254, 307.21, 50.12, 7.253, 307.22, 50.17, 0.006, 122.44, 33.55);
insert into SHOT values (4021, 3986, 4000, 5752, 10.483, 73.49, -0.87, 10.484, 73.48, -0.82, 0.009, 16.46, 81.87);
insert into SHOT values (4022, 4000, 4001, 5752, 7.985, 317.69, 1.72, 7.981, 317.69, 1.65, 0.010, 132.03, -70.01);
insert into SHOT values (4023, 4000, 4002, 5752, 7.323, 102.73, 8.26, 7.324, 102.75, 8.24, 0.004, 160.20, -32.32);
insert into SHOT values (4024, 4000, 4003, 5752, 4.717, 86.17, 75.47, 4.711, 86.12, 75.46, 0.006, 320.27, -78.60);
insert into SHOT values (4025, 4000, 4004, 5752, 5.160, 75.47, -24.80, 5.166, 75.55, -24.84, 0.010, 132.39, -36.18);
insert into SHOT values (4026, 4000, 4005, 5752, 18.388, 48.73, -20.06, 18.386, 48.73, -20.07, 0.005, 215.13, -37.18);
insert into SHOT values (4027, 4005, 4006, 5752, 2.436, 29.42, -1.36, 2.437, 29.51, -1.41, 0.005, 108.57, -28.86);
insert into SHOT values (4028, 4005, 4007, 5752, 5.766, 181.13, 8.73, 5.767, 181.11, 8.68, 0.006, 128.59, -59.28);
insert into SHOT values (4029, 4005, 4008, 5752, 9.871, 164.12, 85.14, 9.865, 163.96, 85.16, 0.007, 15.03, -50.62);
insert into SHOT values (4030, 4005, 4009, 5752, 1.806, 178.82, -61.13, 1.804, 178.68, -61.15, 0.003, 48.69, 29.61);
insert into SHOT values (4031, 4005, 4010, 5752, 13.025, 100.24, -22.85, 13.033, 100.22, -22.85, 0.009, 65.64, -13.14);
insert into SHOT values (4032, 4010, 4011, 5752, 8.858, 328.71, 8.53, 8.853, 328.69, 8.51, 0.007, 183.03, -33.46);
insert into SHOT values (4033, 4010, 4012, 5752, 2.663, 155.15, 20.24, 2.665, 155.18, 20.20, 0.003, 180.14, -24.65);
insert into SHOT values (4034, 4010, 4013, 5752, 7.555, 11.71, 66.77, 7.549, 11.65, 66.82, 0.010, 211.39, -15.26);
insert into SHOT values (4035, 4010, 4014, 5752, 1.988, 338.78, -60.99, 1.985, 338.53, -61.21, 0.009, 186.80, -9.20);
insert into SHOT values (4036, 4010, 4015, 5752, 15.673, 32.00, 20.75, 15.669, 31.98, 20.74, 0.007, 275.88, -22.61);
insert into SHOT values (4037, 4015, 4016, 5752, 1.388, 3.64, 3.97, 1.387, 3.73, 4.14, 0.005, 131.90, 54.25);
insert into SHOT values (4038, 4015, 4017, 5752, 8.361, 156.44, 22.38, 8.366, 156.45, 22.41, 0.007, 184.41, 63.82);
insert into SHOT values (4039, 4015, 4018, 5752, 5.095, 113.52, 70.17, 5.103, 113.46, 70.15, 0.009, 92.82, 53.75);
insert into SHOT values (4040, 4015, 4019, 5752, 1.263, 44.40, -68.08, 1.260, 45.00, -68.25, 0.007, 179.05, 13.84);
insert into SHOT values (4041, 4015, 4020, 5752, 12.572, 72.42, 6.32, 12.570, 72.44, 6.35, 0.008, 205.85, 52.83);
insert into SHOT values (4042, 4020, 4021, 5752, 4.866, 289.42, -1.88, 4.861, 289.48, -1.89, 0.007, 66.03, -2.85);
insert into SHOT values (4043, 4020, 4022, 5752, 8.111, 93.41, 14.27, 8.114, 93.43, 14.27, 0.004, 127.46, 9.99);
insert into SHOT values (4044, 4020, 4023, 5752, 12.604, 66.09, 55.99, 12.601, 66.09, 55.95, 0.010, 62.39, -54.09);
insert into SHOT values (4045, 4020, 4024, 5752, 1.849, 58.71, -41.53, 1.857, 58.82, -41.49, 0.008, 81.26, -29.48);
insert into SHOT values (4046, 4020, 4025, 5752, 16.679, 67.32, 29.35, 16.679, 67.35, 29.33, 0.010, 132.98, -31.54);
insert into SHOT values (4047, 4020, 4026, 5752, 20.910, 6.72, -13.21, 20.914, 6.74, -13.21, 0.009, 68.28, -10.84);
insert into SHOT values (4048, 4026, 4027, 5752, 6.665, 297.89, -15.75, 6.665, 297.88, -15.76, 0.001, 206.10, -48.71);
insert into SHOT values (4049, 4026, 4028, 5752, 4.246, 64.72, -7.06, 4.246, 64.71, -7.03, 0.002, 333.93, 72.60);
insert into SHOT values (4050, 4026, 4029, 5752, 3.973, 338.31, 73.87, 3.975, 338.10, 73.95, 0.007, 200.17, 29.61);
insert into SHOT values (4051, 4026, 4030, 5752, 1.190, 328.89, -63.21, 1.189, 328.67, -63.07, 0.004, 285.23, 37.33);
insert into SHOT values (4052, 4026, 4031, 5752, 13.989, 19.32, 4.71, 13.982, 19.32, 4.72, 0.007, 200.98, 10.59);
insert into SHOT values (4053, 4031, 4032, 5752, 3.439, 294.01, 1.03, 3.438, 294.03, 1.00, 0.002, 45.64, -54.40);
insert into SHOT values (4054, 4031, 4033, 5752, 0.642, 81.34, 10.41, 0.638, 80.84, 9.93, 0.009, 319.31, -42.75);
insert into SHOT values (4055, 4031, 4034, 5752, 3.072, 3.58, 74.90, 3.067, 3.58, 74.85, 0.006, 1.31, -77.71);
insert into SHOT values (4056, 4031, 4035, 5752, 3.583, 298.35, -64.41, 3.582, 298.55, -64.39, 0.006, 21.22, 15.65);
insert into SHOT values (4057, 4031, 4036, 5752, 4.648, 353.34, 1.69, 4.653, 353.33, 1.60, 0.009, 347.70, -52.15);
insert into SHOT values (4058, 4036, 4037, 5752, 1.009, 307.76, -21.75, 1.005, 307.61, -21.61, 0.006, 166.81, 44.32);
insert into SHOT values (4059, 4036, 4038, 5752, 3.032, 79.48, 13.15, 3.029, 79.45, 13.17, 0.003, 288.11, 4.10);
insert into SHOT values (4060, 4036, 4039, 5752, 0.816, 52.21, 76.83, 0.821, 53.75, 76.91, 0.007, 141.92, 47.61);
insert into SHOT values (4061, 4036, 4040, 5752, 1.151, 58.59, -73.43, 1.148, 58.74, -73.42, 0.003, 187.87, 71.35);
insert into SHOT values (4062, 4036, 4041, 5752, 25.373, 116.15, 35.94, 25.380, 116.17, 35.95, 0.010, 180.93, 50.34);
insert into SHOT values (4063, 4036, 4042, 5752, 27.649, 43.13, 6.66, 27.651, 43.14, 6.67, 0.007, 113.09, 30.83);
insert into SHOT values (4064, 4042, 4043, 5752, 6.999, 303.74, -24.90, 7.003, 303.77, -24.91, 0.005, 347.38, -38.15);
insert into SHOT values (4065, 4042, 4044, 5752, 9.282, 122.96, 24.35, 9.279, 122.98, 24.38, 0.006, 277.39, 28.97);
insert into SHOT values (4066, 4042, 4045, 5752, 4.232, 93.54, 69.13, 4.236, 93.43, 69.22, 0.008, 302.95, 44.87);
insert into SHOT values (4067, 4042, 4046, 5752, 0.951, 90.39, -62.65, 0.944, 90.00, -62.89, 0.009, 293.31, 31.99);
insert into SHOT values (4068, 4042, 4047, 5752, 39.508, 35.06, 10.92, 39.504, 35.06, 10.93, 0.008, 225.48, 46.84);
insert into SHOT values (4069, 4047, 4048, 5752, 4.122, 306.40, 7.54, 4.126, 306.45, 7.52, 0.005, 349.79, -9.70);
insert into SHOT values (4070, 4047, 4049, 5752, 3.794, 122.47, 21.79, 3.789, 122.47, 21.69, 0.009, 300.83, -73.01);
insert into SHOT values (4071, 4047, 4050, 5752, 3.555, 31.17, 73.91, 3.551, 30.96, 73.79, 0.009, 0.42, -39.45);
insert into SHOT values (4072, 4047, 4051, 5752, 1.309, 64.87, -62.36, 1.310, 64.70, -62.33, 0.002, 5.83, -10.24);
insert into SHOT values (4073, 4047, 4052, 5752, 28.344, 41.68, -0.03, 28.346, 41.68, -0.04, 0.006, 71.34, -66.73);
insert into SHOT values (4074, 4052, 4053, 5752, 10.664, 309.96, -18.90, 10.668, 309.94, -18.87, 0.008, 272.34, 31.98);
insert into SHOT values (4075, 4052, 4054, 5752, 1.082, 111.42, 7.28, 1.082, 111.31, 7.43, 0.004, 23.54, 53.47);
insert into SHOT values (4076, 4052, 4055, 5752, 2.659, 341.35, 53.91, 2.663, 341.45, 53.83, 0.006, 8.42, 12.03);
insert into SHOT values (4077, 4052, 4056, 5752, 7.101, 332.63, -47.70, 7.104, 332.63, -47.65, 0.007, 333.93, 17.82);
insert into SHOT values (4078, 4052, 4057, 5752, 24.295, 21.92, 2.42, 24.296, 21.92, 2.43, 0.005, 314.36, 62.96);
insert into SHOT values (4079, 4057, 4058, 5752, 7.389, 307.71, -21.86, 7.395, 307.72, -21.83, 0.007, 318.54, 9.64);
insert into SHOT values (4080, 4057, 4059, 5752, 4.254, 82.86, 8.54, 4.249, 82.89, 8.53, 0.005, 235.58, -18.60);
insert into SHOT values (4081, 4057, 4060, 5752, 1.156, 25.45, 63.98, 1.158, 25.56, 63.88, 0.003, 44.83, 21.66);
insert into SHOT values (4082, 4057, 4061, 5752, 1.331, 352.23, -71.52, 1.339, 351.87, -71.53, 0.008, 303.79, -64.98);
insert into SHOT values (4083, 4057, 4062, 5752, 8.470, 30.09, 8.15, 8.473, 30.05, 8.14, 0.007, 326.31, -6.55);
insert into SHOT values (4084, 4062, 4063, 5752, 2.146, 264.38, -0.96, 2.141, 264.37, -1.07, 0.007, 88.63, -36.91);
insert into SHOT values (4085, 4062, 4064, 5752, 3.917, 88.49, 3.92, 3.920, 88.53, 3.80, 0.009, 130.22, -59.35);
insert into SHOT values (4086, 4062, 4065, 5752, 1.290, 28.94, 78.92, 1.283, 29.74, 79.13, 0.009, 179.69, -40.57);
insert into SHOT values (4087, 4062, 4066, 5752, 1.016, 251.95, -71.28, 1.024, 250.46, -71.27, 0.012, 179.80, -40.83);
insert into SHOT values (4088, 4005, 4067, 5752, 4.666, 210.81, 9.06, 4.667, 210.79, 9.00, 0.005, 178.28, -62.15);
insert into SHOT values (4089, 4005, 4068, 5752, 2.485, 35.47, 13.40, 2.489, 35.59, 13.24, 0.009, 80.13, -38.62);
insert into SHOT values (4090, 4005, 4069, 5752, 11.182, 352.27, 84.96, 11.183, 352.37, 84.98, 0.004, 148.11, 17.01);
insert into SHOT values (4091, 4005, 4070, 5752, 0.712, 332.79, -63.54, 0.712, 333.43, -63.93, 0.006, 112.92, -25.19);
insert into SHOT values (4092, 4005, 4071, 5752, 18.229, 302.40, 11.35, 18.231, 302.41, 11.36, 0.004, 4.19, 35.97);
insert into SHOT values (4093, 4071, 4072, 5752, 2.451, 209.12, 16.40, 2.453, 208.96, 16.33, 0.008, 144.46, -15.52);
insert into SHOT values (4094, 4071, 4073, 5752, 2.115, 351.55, 31.15, 2.112, 351.74, 31.07, 0.007, 93.84, -34.03);
insert into SHOT values (4095, 4071, 4074, 5752, 9.464, 301.41, 69.28, 9.459, 301.41, 69.33, 0.009, 123.16, -11.51);
insert into SHOT values (4096, 4071, 4075, 5752, 1.282, 94.43, -68.66, 1.289, 94.86, -68.54, 0.009, 129.14, -43.19);
insert into SHOT values (4097, 4071, 4076, 5752, 7.915, 321.67, -54.65, 7.917, 321.65, -54.68, 0.005, 177.91, -61.63);
insert into SHOT values (4098, 4071, 4077, 5752, 8.742, 327.88, -31.07, 8.745, 327.88, -31.12, 0.009, 144.26, -75.72);
insert into SHOT values (4099, 4071, 4078, 5752, 7.627, 327.27, 43.25, 7.620, 327.28, 43.24, 0.008, 131.88, -50.34);
insert into SHOT values (4100, 4071, 4079, 5752, 19.746, 282.35, 48.52, 19.738, 282.32, 48.53, 0.010, 139.54, -19.61);
insert into SHOT values (4101, 4071, 4080, 5752, 13.479, 247.08, -34.26, 13.480, 247.07, -34.27, 0.003, 152.99, -50.61);
insert into SHOT values (4102, 4071, 4081, 5752, 0.776, 77.03, 14.01, 0.780, 77.06, 13.34, 0.010, 80.84, -50.97);
insert into SHOT values (4103, 4071, 4082, 5752, 2.413, 220.87, 19.13, 2.416, 220.74, 19.09, 0.006, 163.97, -6.96);
insert into SHOT values (4104, 4071, 4083, 5752, 10.460, 325.72, 57.94, 10.450, 325.74, 57.97, 0.012, 137.13, -24.19);
insert into SHOT values (4105, 4071, 4084, 5752, 1.750, 213.24, -56.96, 1.753, 213.02, -57.01, 0.005, 123.23, -39.74);
insert into SHOT values (4106, 4085, 4086, 5752, 6.515, 141.43, 46.92, 6.507, 141.48, 46.88, 0.010, 258.54, -62.54);
insert into SHOT values (4107, 4086, 4087, 5752, 2.256, 42.89, 33.52, 2.259, 42.85, 33.59, 0.005, 358.08, 64.37);
insert into SHOT values (4108, 4086, 4088, 5752, 4.718, 240.50, 32.25, 4.719, 240.42, 32.27, 0.006, 151.13, 22.22);
insert into SHOT values (4109, 4086, 4089, 5752, 7.854, 39.62, 74.12, 7.858, 39.70, 74.16, 0.008, 184.53, 46.71);
insert into SHOT values (4110, 4086, 4090, 5752, 3.797, 332.96, -68.31, 3.788, 333.25, -68.31, 0.011, 89.39, 45.70);
insert into SHOT values (4111, 4086, 4071, 5752, 1.398, 120.11, 0.04, 1.398, 120.05, 0.41, 0.009, 25.85, 80.75);
insert into SHOT values (4112, 3986, 4091, 5752, 7.981, 217.65, 12.56, 7.985, 217.65, 12.59, 0.005, 215.60, 58.51);
insert into SHOT values (4113, 3986, 4092, 5752, 6.124, 339.67, 0.84, 6.123, 339.64, 0.84, 0.003, 233.69, 3.93);
insert into SHOT values (4114, 3986, 4093, 5752, 6.297, 299.20, 75.12, 6.301, 299.26, 75.14, 0.005, 54.38, 65.39);
insert into SHOT values (4115, 3986, 4094, 5752, 1.193, 294.93, -72.40, 1.184, 295.11, -72.63, 0.010, 106.07, 44.02);
insert into SHOT values (4116, 3986, 4095, 5752, 19.571, 280.08, 5.87, 19.574, 280.09, 5.89, 0.009, 320.54, 68.36);
insert into SHOT values (4117, 4095, 4096, 5752, 3.660, 211.42, -4.62, 3.665, 211.34, -4.69, 0.009, 165.32, -36.41);
insert into SHOT values (4118, 4095, 4097, 5752, 0.357, 329.62, 5.14, 0.351, 329.04, 4.90, 0.007, 181.52, -16.39);
insert into SHOT values (4119, 4095, 4098, 5752, 6.528, 269.00, 65.70, 6.526, 268.93, 65.75, 0.007, 117.62, 3.06);
insert into SHOT values (4120, 4095, 4099, 5752, 3.664, 186.79, -59.35, 3.673, 186.75, -59.34, 0.009, 170.86, -56.10);
insert into SHOT values (4121, 4095, 4100, 5752, 7.762, 254.00, 0.55, 7.761, 253.99, 0.52, 0.005, 121.81, -75.80);
insert into SHOT values (4122, 4100, 4101, 5752, 0.660, 181.58, 7.57, 0.666, 180.87, 7.76, 0.010, 126.74, 16.93);
insert into SHOT values (4123, 4100, 4102, 5752, 1.015, 330.38, 12.81, 1.016, 330.33, 13.08, 0.005, 244.14, 79.49);
insert into SHOT values (4124, 4100, 4103, 5752, 3.250, 273.67, 40.18, 3.246, 273.48, 40.32, 0.012, 138.26, 14.64);
insert into SHOT values (4125, 4100, 4104, 5752, 2.146, 244.58, -60.55, 2.147, 244.16, -60.56, 0.008, 157.35, -9.56);
insert into SHOT values (4126, 4100, 4105, 5752, 14.972, 265.97, -5.72, 14.971, 265.96, -5.71, 0.004, 168.48, 35.66);
insert into SHOT values (4127, 4105, 4106, 5752, 0.763, 158.62, 16.29, 0.761, 158.34, 16.01, 0.005, 56.83, -48.16);
insert into SHOT values (4128, 4105, 4107, 5752, 0.586, 340.73, 27.88, 0.585, 340.87, 27.50, 0.004, 42.30, -70.78);
insert into SHOT values (4129, 4105, 4108, 5752, 0.842, 126.75, 76.81, 0.844, 126.87, 76.29, 0.008, 129.79, 1.55);
insert into SHOT values (4130, 4105, 4109, 5752, 1.105, 122.79, -42.39, 1.110, 122.52, -42.50, 0.007, 63.17, -48.94);
insert into SHOT values (4131, 4105, 4110, 5752, 3.941, 263.84, -6.51, 3.938, 263.84, -6.56, 0.004, 86.86, -46.84);
insert into SHOT values (4132, 4110, 4111, 5752, 0.408, 189.05, 25.27, 0.416, 189.21, 25.65, 0.008, 199.22, 44.33);
insert into SHOT values (4133, 4110, 4112, 5752, 1.156, 352.67, 4.56, 1.153, 352.50, 4.48, 0.005, 225.55, -24.53);
insert into SHOT values (4134, 4110, 4113, 5752, 3.080, 334.88, 63.28, 3.078, 334.73, 63.31, 0.005, 208.45, -13.99);
insert into SHOT values (4135, 4110, 4114, 5752, 1.182, 254.00, -83.48, 1.178, 252.90, -83.37, 0.005, 198.12, 54.02);
insert into SHOT values (4136, 4110, 4115, 5752, 7.460, 280.77, -63.22, 7.459, 280.81, -63.23, 0.003, 46.70, -2.81);
insert into SHOT values (4137, 4115, 4116, 5752, 1.587, 52.37, 6.95, 1.588, 52.48, 6.87, 0.004, 127.70, -34.05);
insert into SHOT values (4138, 4115, 4117, 5752, 2.630, 223.46, -0.13, 2.631, 223.46, 0.00, 0.006, 223.77, 76.85);
insert into SHOT values (4139, 4115, 4118, 5752, 7.658, 92.93, 82.95, 7.658, 93.04, 82.94, 0.002, 145.97, -2.45);
insert into SHOT values (4140, 4115, 4119, 5752, 1.292, 224.48, -79.50, 1.293, 225.00, -79.28, 0.005, 248.23, 3.86);
insert into SHOT values (4141, 4115, 4120, 5752, 5.866, 129.30, -3.26, 5.865, 129.32, -3.23, 0.004, 253.30, 59.75);
insert into SHOT values (4142, 4120, 4121, 5752, 30.408, 147.87, -66.26, 30.414, 147.88, -66.26, 0.006, 193.57, -58.20);
insert into SHOT values (4143, 4120, 4122, 5752, 16.376, 146.49, -65.54, 16.381, 146.54, -65.53, 0.008, 208.39, -27.20);
insert into SHOT values (4144, 4120, 4123, 5752, 29.678, 153.65, -67.26, 29.677, 153.66, -67.26, 0.002, 272.43, 29.67);
insert into SHOT values (4145, 4115, 4124, 5752, 4.073, 322.50, 23.99, 4.076, 322.42, 24.04, 0.007, 244.98, 37.71);
insert into SHOT values (4146, 4124, 4125, 5752, 1.300, 242.78, -3.97, 1.296, 242.84, -3.98, 0.005, 45.49, 0.05);
insert into SHOT values (4147, 4124, 4126, 5752, 1.656, 49.51, 6.59, 1.656, 49.44, 6.59, 0.002, 329.13, -1.31);
insert into SHOT values (4148, 4124, 4127, 5752, 6.369, 330.37, 68.56, 6.369, 330.35, 68.60, 0.004, 164.90, 24.78);
insert into SHOT values (4149, 4124, 4128, 5752, 1.925, 69.21, -84.04, 1.931, 69.78, -83.98, 0.006, 106.80, -58.80);
insert into SHOT values (4150, 4124, 4129, 5752, 3.021, 340.40, -3.81, 3.021, 340.42, -3.80, 0.001, 73.92, 31.50);
insert into SHOT values (4151, 4129, 4130, 5752, 2.099, 245.30, 6.26, 2.093, 245.28, 6.31, 0.006, 71.47, 10.80);
insert into SHOT values (4152, 4129, 4131, 5752, 0.835, 33.90, -6.19, 0.834, 33.69, -6.19, 0.003, 288.09, 0.63);
insert into SHOT values (4153, 4129, 4132, 5752, 1.795, 356.73, 87.76, 1.791, 0.00, 87.76, 0.005, 90.63, -42.20);
insert into SHOT values (4154, 4129, 4133, 5752, 1.907, 305.80, -79.98, 1.909, 305.13, -80.04, 0.005, 192.23, -26.51);
insert into SHOT values (4155, 4129, 4134, 5752, 12.645, 313.48, -36.80, 12.651, 313.48, -36.81, 0.007, 313.33, -52.62);
insert into SHOT values (4156, 4134, 4135, 5752, 1.478, 217.77, -1.71, 1.477, 217.57, -1.55, 0.007, 114.32, 37.57);
insert into SHOT values (4157, 4134, 4136, 5752, 0.944, 8.76, 9.32, 0.946, 9.26, 9.74, 0.011, 94.73, 41.12);
insert into SHOT values (4158, 4134, 4137, 5752, 0.943, 312.49, 78.13, 0.949, 312.88, 78.39, 0.008, 108.56, 65.95);
insert into SHOT values (4159, 4134, 4138, 5752, 0.321, 203.20, -70.61, 0.319, 201.80, -70.25, 0.004, 135.91, 44.42);
insert into SHOT values (4160, 4134, 4139, 5752, 1.807, 283.07, -3.39, 1.798, 282.88, -3.19, 0.013, 138.10, 32.77);
insert into SHOT values (4161, 4139, 4140, 5752, 0.258, 219.05, 11.64, 0.253, 220.10, 11.38, 0.007, 352.67, -18.08);
insert into SHOT values (4162, 4139, 4141, 5752, 1.428, 19.26, 10.61, 1.431, 19.08, 10.47, 0.006, 329.05, -26.80);
insert into SHOT values (4163, 4139, 4142, 5752, 0.359, 32.97, 82.94, 0.353, 26.57, 82.72, 0.008, 306.62, -51.47);
insert into SHOT values (4164, 4139, 4143, 5752, 0.370, 216.61, -83.22, 0.372, 225.00, -83.46, 0.007, 322.04, -21.95);
insert into SHOT values (4165, 4139, 4144, 5752, 5.699, 328.27, 12.60, 5.700, 328.22, 12.56, 0.006, 264.64, -32.59);
insert into SHOT values (4166, 4144, 4145, 5752, 3.713, 222.16, 3.92, 3.704, 222.15, 3.87, 0.009, 47.05, -23.85);
insert into SHOT values (4167, 4144, 4146, 5752, 1.855, 15.80, -11.48, 1.857, 15.95, -11.49, 0.005, 81.02, -9.01);
insert into SHOT values (4168, 4144, 4147, 5752, 1.559, 264.35, 71.39, 1.560, 265.33, 71.62, 0.011, 29.58, 13.69);
insert into SHOT values (4169, 4144, 4148, 5752, 1.409, 278.78, -84.39, 1.406, 282.99, -84.56, 0.011, 34.31, 11.71);
insert into SHOT values (4170, 4144, 4149, 5752, 11.608, 296.04, 17.77, 11.608, 296.08, 17.76, 0.008, 15.75, -19.92);
insert into SHOT values (4171, 4149, 4150, 5752, 1.315, 194.95, 6.51, 1.323, 194.99, 6.51, 0.008, 200.95, 6.29);
insert into SHOT values (4172, 4149, 4151, 5752, 1.034, 344.46, -1.22, 1.029, 344.21, -1.11, 0.007, 206.99, 16.73);
insert into SHOT values (4173, 4149, 4152, 5752, 2.833, 206.02, 79.52, 2.839, 206.08, 79.38, 0.009, 209.65, 28.11);
insert into SHOT values (4174, 4149, 4153, 5752, 0.907, 79.95, -64.97, 0.906, 81.03, -64.87, 0.008, 162.90, 14.02);
insert into SHOT values (4175, 4149, 4154, 5752, 9.942, 128.37, 13.71, 9.944, 128.40, 13.73, 0.006, 210.44, 35.32);
insert into SHOT values (4176, 4149, 4155, 5752, 4.545, 158.62, 5.92, 4.546, 158.60, 5.93, 0.002, 100.00, 31.86);
insert into SHOT values (4177, 4149, 4156, 5752, 5.126, 150.94, 46.97, 5.130, 150.95, 46.97, 0.004, 158.09, 47.71);
insert into SHOT values (4178, 4149, 4157, 5752, 11.752, 94.98, 45.09, 11.753, 94.98, 45.06, 0.005, 87.01, -33.52);
insert into SHOT values (4179, 4149, 4158, 5752, 15.095, 45.51, 47.04, 15.098, 45.51, 47.04, 0.004, 56.53, 59.41);
insert into SHOT values (4180, 4149, 4159, 5752, 6.758, 55.27, 22.24, 6.756, 55.29, 22.27, 0.004, 193.02, 30.06);
insert into SHOT values (4181, 4149, 4160, 5752, 10.641, 355.48, 49.84, 10.638, 355.49, 49.84, 0.003, 147.53, -56.79);
insert into SHOT values (4182, 4149, 4161, 5752, 11.690, 257.83, 3.47, 11.694, 257.83, 3.48, 0.004, 268.21, 33.76);
insert into SHOT values (4183, 4161, 4162, 5752, 0.292, 185.71, 1.18, 0.292, 185.91, 0.00, 0.006, 297.16, -79.89);
insert into SHOT values (4184, 4161, 4163, 5752, 4.496, 348.79, 4.13, 4.497, 348.82, 4.08, 0.004, 55.31, -60.37);
insert into SHOT values (4185, 4161, 4164, 5752, 3.064, 311.15, 78.30, 3.063, 311.71, 78.39, 0.008, 81.77, -2.44);
insert into SHOT values (4186, 4161, 4165, 5752, 1.421, 172.23, -72.73, 1.425, 171.87, -72.67, 0.005, 124.18, -40.52);
insert into SHOT values (4187, 3806, 4166, 5752, 15.645, 323.95, -11.56, 15.652, 323.97, -11.57, 0.009, 1.39, -32.67);
insert into SHOT values (4188, 3806, 4167, 5752, 5.603, 128.89, 32.35, 5.600, 128.91, 32.39, 0.005, 292.40, 22.39);
insert into SHOT values (4189, 3806, 4168, 5752, 7.478, 25.16, 68.93, 7.482, 25.04, 68.90, 0.008, 335.99, 15.08);
insert into SHOT values (4190, 3806, 4169, 5752, 0.417, 2.74, -63.16, 0.416, 3.01, -62.79, 0.003, 27.27, 43.59);
insert into SHOT values (4191, 3806, 4170, 5752, 14.948, 329.61, -18.26, 14.954, 329.62, -18.28, 0.008, 12.73, -50.43);
insert into SHOT values (4192, 4170, 4171, 5752, 2.164, 288.03, 26.42, 2.165, 288.06, 26.62, 0.008, 86.65, 68.40);
insert into SHOT values (4193, 4170, 4172, 5752, 3.032, 45.52, -10.15, 3.031, 45.54, -10.07, 0.005, 154.96, 73.55);
insert into SHOT values (4194, 4170, 4173, 5752, 2.211, 354.13, 65.99, 2.209, 354.23, 66.11, 0.005, 157.83, 3.31);
insert into SHOT values (4195, 4170, 4174, 5752, 0.986, 43.87, -54.50, 0.984, 44.29, -54.40, 0.005, 131.01, 32.72);
insert into SHOT values (4196, 4170, 4175, 5752, 7.466, 30.28, -50.83, 7.459, 30.32, -50.80, 0.009, 136.57, 68.52);
insert into SHOT values (4197, 4175, 4176, 5752, 4.721, 260.17, 12.34, 4.725, 260.15, 12.22, 0.011, 245.56, -54.61);
insert into SHOT values (4198, 4175, 4177, 5752, 1.716, 62.98, 8.41, 1.713, 62.98, 8.39, 0.003, 242.03, -20.88);
insert into SHOT values (4199, 4175, 4178, 5752, 2.513, 309.46, 73.41, 2.507, 309.40, 73.20, 0.011, 303.50, -49.24);
insert into SHOT values (4200, 4175, 4179, 5752, 1.654, 313.03, -65.73, 1.656, 312.61, -65.78, 0.005, 217.68, -23.78);
insert into SHOT values (4201, 4175, 4180, 5752, 26.355, 340.26, -33.28, 26.363, 340.24, -33.29, 0.012, 283.43, -43.55);
insert into SHOT values (4202, 4180, 4181, 5752, 2.531, 251.21, 7.70, 2.528, 251.13, 7.73, 0.005, 115.14, 10.04);
insert into SHOT values (4203, 4180, 4182, 5752, 7.350, 40.68, 5.96, 7.351, 40.73, 6.01, 0.009, 127.91, 47.56);
insert into SHOT values (4204, 4180, 4183, 5752, 6.793, 17.79, 75.55, 6.794, 17.90, 75.58, 0.005, 152.51, 22.57);
insert into SHOT values (4205, 4180, 4184, 5752, 0.805, 299.46, -60.35, 0.801, 299.20, -60.91, 0.009, 130.99, -2.59);
insert into SHOT values (4206, 4180, 4185, 5752, 20.037, 331.89, -36.43, 20.036, 331.91, -36.44, 0.006, 88.24, -11.77);
insert into SHOT values (4207, 4185, 4186, 5752, 1.809, 257.71, 20.72, 1.806, 257.69, 20.75, 0.003, 87.19, -0.47);
insert into SHOT values (4208, 4185, 4187, 5752, 7.938, 49.93, 2.64, 7.937, 49.96, 2.67, 0.007, 157.70, 42.27);
insert into SHOT values (4209, 4185, 4188, 5752, 17.527, 28.84, 59.46, 17.531, 28.87, 59.47, 0.006, 111.12, 46.18);
insert into SHOT values (4210, 4185, 4189, 5752, 6.326, 38.41, -42.56, 6.317, 38.37, -42.53, 0.010, 256.85, 59.86);
insert into SHOT values (4211, 4185, 4190, 5752, 17.437, 328.29, -29.62, 17.430, 328.27, -29.60, 0.010, 203.94, 53.46);
insert into SHOT values (4212, 4190, 4191, 5752, 4.013, 268.39, 32.75, 4.009, 268.47, 32.77, 0.006, 37.90, -8.65);
insert into SHOT values (4213, 4190, 4192, 5752, 9.351, 58.94, 14.97, 9.350, 58.95, 14.94, 0.006, 116.73, -72.59);
insert into SHOT values (4214, 4190, 4193, 5752, 4.997, 9.33, 84.19, 4.996, 9.09, 84.18, 0.003, 292.84, -31.41);
insert into SHOT values (4215, 4190, 4194, 5752, 1.204, 36.11, -69.54, 1.206, 36.33, -69.52, 0.003, 90.27, -44.74);
insert into SHOT values (4216, 4190, 4195, 5752, 32.511, 205.75, -0.53, 32.508, 205.75, -0.53, 0.004, 69.71, 10.64);
insert into SHOT values (4217, 4190, 4196, 5752, 14.027, 227.52, -4.37, 14.020, 227.52, -4.38, 0.007, 43.16, -9.17);
insert into SHOT values (4218, 4190, 4197, 5752, 4.210, 308.78, 52.72, 4.212, 308.80, 52.68, 0.004, 323.43, 2.70);
insert into SHOT values (4219, 4190, 4198, 5752, 12.572, 19.88, 27.61, 12.572, 19.88, 27.58, 0.008, 25.76, -58.76);
insert into SHOT values (4220, 4190, 4199, 5752, 9.453, 68.22, 45.92, 9.455, 68.23, 45.90, 0.003, 90.31, -12.56);
insert into SHOT values (4221, 4190, 4200, 5752, 9.217, 87.73, 8.82, 9.216, 87.73, 8.80, 0.003, 228.73, -70.58);
insert into SHOT values (4222, 4190, 4201, 5752, 14.616, 352.05, -2.24, 14.621, 352.05, -2.23, 0.006, 359.77, 12.95);
insert into SHOT values (4223, 4201, 4202, 5752, 4.672, 237.39, 17.83, 4.676, 237.38, 17.81, 0.005, 228.60, -6.52);
insert into SHOT values (4224, 4201, 4203, 5752, 3.861, 37.77, 16.69, 3.859, 37.86, 16.56, 0.011, 125.80, -56.31);
insert into SHOT values (4225, 4201, 4204, 5752, 13.452, 334.31, 77.21, 13.443, 334.30, 77.22, 0.009, 165.13, -65.55);
insert into SHOT values (4226, 4201, 4205, 5752, 0.524, 355.13, -52.59, 0.529, 354.64, -52.58, 0.006, 313.39, -42.74);
insert into SHOT values (4227, 4201, 4206, 5752, 32.308, 23.08, 71.19, 32.305, 23.12, 71.19, 0.008, 117.51, -19.49);
insert into SHOT values (4228, 4201, 4207, 5752, 9.529, 305.68, -31.26, 9.534, 305.66, -31.28, 0.006, 254.11, -55.42);
insert into SHOT values (4229, 4207, 4208, 5752, 3.104, 245.70, -25.19, 3.105, 245.62, -25.16, 0.004, 180.53, 15.27);
insert into SHOT values (4230, 4207, 4209, 5752, 3.579, 34.84, 11.02, 3.577, 34.91, 10.96, 0.006, 137.10, -42.52);
insert into SHOT values (4231, 4207, 4210, 5752, 5.317, 15.14, 70.53, 5.315, 15.37, 70.51, 0.008, 95.71, -22.39);
insert into SHOT values (4232, 4207, 4211, 5752, 1.306, 250.56, -76.43, 1.304, 250.35, -76.82, 0.009, 77.50, -2.86);
insert into SHOT values (4233, 4207, 4212, 5752, 14.371, 331.77, -19.15, 14.368, 331.77, -19.14, 0.005, 123.67, 67.30);
insert into SHOT values (4234, 4212, 4213, 5752, 3.261, 248.06, 7.74, 3.255, 247.97, 7.77, 0.008, 110.21, 6.01);
insert into SHOT values (4235, 4212, 4214, 5752, 6.166, 79.56, 14.46, 6.174, 79.59, 14.45, 0.008, 103.23, 2.22);
insert into SHOT values (4236, 4212, 4215, 5752, 2.560, 339.30, 85.88, 2.556, 340.56, 85.96, 0.006, 112.26, -32.00);
insert into SHOT values (4237, 4212, 4216, 5752, 1.767, 330.67, -68.16, 1.765, 330.69, -68.27, 0.004, 147.11, 2.74);
insert into SHOT values (4238, 4212, 4217, 5752, 8.201, 2.88, 19.95, 8.199, 2.90, 19.89, 0.009, 71.92, -71.03);
insert into SHOT values (4239, 4217, 4218, 5752, 8.206, 3.03, 19.70, 8.203, 3.04, 19.74, 0.006, 161.64, 36.29);
insert into SHOT values (4240, 4217, 4219, 5752, 7.815, 246.01, 29.60, 7.815, 246.04, 29.60, 0.003, 325.45, -2.69);
insert into SHOT values (4241, 4217, 4220, 5752, 9.239, 62.21, 87.92, 9.246, 61.93, 87.89, 0.009, 42.45, 55.02);
insert into SHOT values (4242, 4217, 4221, 5752, 1.358, 322.13, -86.63, 1.352, 320.19, -86.69, 0.006, 198.26, 60.66);
insert into SHOT values (4243, 4217, 4222, 5752, 10.904, 25.15, 5.76, 10.904, 25.15, 5.79, 0.006, 237.00, 81.74);
insert into SHOT values (4244, 4217, 4223, 5752, 10.855, 22.09, 6.52, 10.855, 22.12, 6.56, 0.009, 126.39, 54.59);
insert into SHOT values (4245, 4217, 4224, 5752, 19.339, 336.38, 32.72, 19.345, 336.38, 32.73, 0.007, 340.29, 66.15);
insert into SHOT values (4246, 4217, 4225, 5752, 12.640, 10.95, 12.85, 12.643, 10.95, 12.89, 0.009, 317.04, 81.85);
insert into SHOT values (4247, 4217, 4226, 5752, 12.280, 45.87, 8.60, 12.281, 45.90, 8.62, 0.008, 130.69, 29.40);
insert into SHOT values (4248, 4217, 4227, 5752, 12.293, 97.89, -6.50, 12.295, 97.90, -6.49, 0.004, 153.95, 23.21);
insert into SHOT values (4249, 4217, 4228, 5752, 16.481, 312.68, 8.97, 16.485, 312.69, 8.97, 0.005, 332.43, 4.03);
insert into SHOT values (4250, 4228, 4229, 5752, 12.680, 178.31, -3.91, 12.685, 178.28, -3.89, 0.010, 125.96, 28.52);
insert into SHOT values (4251, 4228, 4230, 5752, 1.843, 352.16, 28.55, 1.844, 352.17, 28.86, 0.010, 167.57, 67.25);
insert into SHOT values (4252, 4228, 4231, 5752, 6.803, 288.39, 68.89, 6.804, 288.36, 68.95, 0.007, 120.66, 31.18);
insert into SHOT values (4253, 4228, 4232, 5752, 3.204, 174.49, -51.83, 3.203, 174.52, -51.60, 0.013, 180.79, 44.47);
insert into SHOT values (4254, 4228, 4233, 5752, 11.536, 243.87, 6.93, 11.539, 243.84, 6.97, 0.011, 168.60, 50.48);
insert into SHOT values (4255, 4233, 4234, 5752, 0.647, 158.17, 3.99, 0.647, 158.20, 3.54, 0.005, 180.43, -80.37);
insert into SHOT values (4256, 4233, 4235, 5752, 3.637, 1.88, 8.14, 3.638, 1.91, 8.06, 0.006, 50.03, -63.67);
insert into SHOT values (4257, 4233, 4236, 5752, 5.425, 7.26, 46.24, 5.418, 7.35, 46.19, 0.010, 109.46, -52.86);
insert into SHOT values (4258, 4233, 4237, 5752, 1.359, 81.32, -69.75, 1.365, 81.53, -69.63, 0.007, 101.13, -44.36);
insert into SHOT values (4259, 4233, 4238, 5752, 15.950, 276.11, 32.43, 15.943, 276.10, 32.43, 0.008, 115.68, -27.34);
insert into SHOT values (4260, 4238, 4239, 5752, 0.691, 159.37, 10.93, 0.683, 159.94, 10.97, 0.010, 298.73, -5.65);
insert into SHOT values (4261, 4238, 4240, 5752, 0.686, 156.43, 13.39, 0.682, 156.91, 13.57, 0.007, 283.74, 9.16);
insert into SHOT values (4262, 4238, 4241, 5752, 0.899, 116.74, 71.40, 0.894, 115.64, 71.93, 0.011, 326.02, -10.64);
insert into SHOT values (4263, 4238, 4242, 5752, 0.921, 125.76, -77.00, 0.922, 126.87, -77.47, 0.009, 277.53, -17.64);
insert into SHOT values (4264, 4190, 4243, 5752, 14.716, 180.79, -8.33, 14.718, 180.79, -8.36, 0.008, 130.01, -82.97);
insert into SHOT values (4265, 4190, 4244, 5752, 6.679, 304.87, -1.39, 6.682, 304.88, -1.46, 0.009, 325.35, -68.17);
insert into SHOT values (4266, 4190, 4245, 5752, 5.032, 35.88, 78.08, 5.030, 35.67, 77.99, 0.009, 6.19, -23.79);
insert into SHOT values (4267, 4190, 4246, 5752, 1.271, 25.58, -85.30, 1.275, 26.57, -84.97, 0.009, 39.70, -22.56);
insert into SHOT values (4268, 4190, 4247, 5752, 13.007, 194.98, -27.29, 13.005, 195.00, -27.33, 0.009, 341.71, -43.10);
insert into SHOT values (4269, 4247, 4248, 5752, 2.672, 111.01, 4.59, 2.678, 111.08, 4.71, 0.009, 144.37, 44.66);
insert into SHOT values (4270, 4247, 4249, 5752, 8.746, 273.35, 6.01, 8.744, 273.36, 6.04, 0.006, 60.50, 50.52);
insert into SHOT values (4271, 4247, 4250, 5752, 7.477, 203.59, 73.89, 7.483, 203.60, 73.91, 0.007, 11.94, 78.18);
insert into SHOT values (4272, 4247, 4251, 5752, 1.822, 207.28, -87.74, 1.822, 203.20, -87.60, 0.007, 154.49, 4.89);
insert into SHOT values (4273, 4247, 4252, 5752, 18.632, 212.48, -24.58, 18.638, 212.47, -24.57, 0.007, 190.11, 1.92);
insert into SHOT values (4274, 4252, 4253, 5752, 5.457, 120.56, 40.78, 5.462, 120.54, 40.82, 0.006, 61.96, 70.37);
insert into SHOT values (4275, 4252, 4254, 5752, 10.088, 323.81, -15.76, 10.090, 323.84, -15.76, 0.005, 31.37, -0.16);
insert into SHOT values (4276, 4252, 4255, 5752, 11.955, 293.55, 82.47, 11.953, 293.78, 82.49, 0.008, 56.71, -14.48);
insert into SHOT values (4277, 4252, 4256, 5752, 1.265, 216.99, -66.86, 1.258, 216.63, -67.27, 0.012, 52.17, 15.64);
insert into SHOT values (4278, 4252, 4257, 5752, 18.494, 300.64, -34.95, 18.492, 300.66, -34.94, 0.007, 26.97, 41.62);
insert into SHOT values (4279, 4257, 4258, 5752, 5.719, 225.58, -17.28, 5.718, 225.59, -17.30, 0.002, 8.24, -29.50);
insert into SHOT values (4280, 4257, 4259, 5752, 2.401, 29.74, -8.16, 2.398, 29.80, -8.15, 0.004, 164.57, 11.84);
insert into SHOT values (4281, 4257, 4260, 5752, 2.301, 289.96, 75.93, 2.298, 290.07, 76.06, 0.006, 99.37, -18.55);
insert into SHOT values (4282, 4257, 4261, 5752, 1.697, 200.28, -67.51, 1.699, 199.83, -67.56, 0.006, 102.41, -21.96);
insert into SHOT values (4283, 4257, 4262, 5752, 15.173, 292.94, -38.46, 15.173, 292.94, -38.47, 0.003, 120.39, -59.37);
insert into SHOT values (4284, 4262, 4263, 5752, 2.494, 224.49, -17.48, 2.498, 224.49, -17.47, 0.004, 224.47, -11.67);
insert into SHOT values (4285, 4262, 4264, 5752, 4.688, 8.01, -4.28, 4.688, 7.99, -4.28, 0.002, 295.51, -4.74);
insert into SHOT values (4286, 4262, 4265, 5752, 1.463, 351.92, 70.11, 1.466, 351.87, 70.27, 0.005, 180.83, 56.81);
insert into SHOT values (4287, 4262, 4266, 5752, 2.155, 281.84, -71.54, 2.152, 281.80, -71.45, 0.005, 269.81, 62.38);
insert into SHOT values (4288, 4262, 4267, 5752, 14.510, 267.10, -33.47, 14.510, 267.11, -33.46, 0.004, 325.56, 38.29);
insert into SHOT values (4289, 4267, 4268, 5752, 8.987, 144.78, 0.80, 8.990, 144.74, 0.76, 0.009, 81.28, -35.67);
insert into SHOT values (4290, 4267, 4269, 5752, 1.149, 317.05, 1.45, 1.147, 317.12, 1.50, 0.003, 105.70, 18.69);
insert into SHOT values (4291, 4267, 4270, 5752, 1.960, 147.03, 87.42, 1.962, 147.99, 87.24, 0.007, 161.63, 17.50);
insert into SHOT values (4292, 4267, 4271, 5752, 1.042, 302.94, -63.58, 1.039, 302.66, -63.52, 0.004, 203.09, 54.15);
insert into SHOT values (4293, 4267, 4272, 5752, 2.699, 231.30, -3.14, 2.700, 231.17, -3.19, 0.006, 147.24, -19.95);
insert into SHOT values (4294, 4252, 4273, 5752, 4.060, 116.57, 43.57, 4.065, 116.39, 43.53, 0.011, 57.60, 8.92);
insert into SHOT values (4295, 4252, 4274, 5752, 11.699, 279.02, -4.25, 11.696, 279.03, -4.22, 0.007, 70.92, 68.88);
insert into SHOT values (4296, 4252, 4275, 5752, 13.154, 238.96, 78.73, 13.153, 239.04, 78.75, 0.006, 25.19, -3.29);
insert into SHOT values (4297, 4252, 4276, 5752, 1.122, 294.26, -49.24, 1.120, 295.16, -49.38, 0.012, 41.07, -0.67);
insert into SHOT values (4298, 4252, 4277, 5752, 19.781, 204.21, 36.50, 19.781, 204.21, 36.51, 0.005, 16.39, 54.91);
insert into SHOT values (4299, 4277, 4278, 5752, 3.924, 132.34, 44.63, 3.929, 132.25, 44.63, 0.007, 81.64, 29.05);
insert into SHOT values (4300, 4277, 4279, 5752, 1.522, 138.54, 24.53, 1.525, 138.50, 24.40, 0.004, 125.75, -25.31);
insert into SHOT values (4301, 4277, 4280, 5752, 1.508, 315.90, 25.95, 1.510, 316.19, 25.92, 0.007, 30.13, 0.95);
insert into SHOT values (4302, 4277, 4281, 5752, 2.736, 134.36, 33.14, 2.733, 134.29, 33.04, 0.006, 49.54, -64.76);
insert into SHOT values (4303, 4277, 4282, 5752, 4.866, 204.87, 4.10, 4.863, 204.87, 4.13, 0.004, 19.35, 29.79);
insert into SCRAPS values (5753, 5750, 'creedence_s1', 1, 0.31136, 0.00634);
 insert into SCRAPS values (5834, 5750, 'creedence_s2', 1, 0.23875, 0.00584);
 insert into SCRAPS values (5944, 5750, 'creedence_s3', 1, 0.14500, 0.01130);
 insert into SCRAPS values (6019, 5750, 'creedence_s4', 1, 0.51334, 0.02206);
 insert into SCRAPS values (6047, 5750, 'creedence_s5', 1, 0.14505, 0.03751);
 insert into SCRAPS values (6057, 5750, 'creedence_s6', 1, 0.00000, 0.00000);
 insert into SCRAPS values (6064, 5750, 'creedence_s7', 1, 0.16056, 0.04085);
 insert into SCRAPS values (6071, 5750, 'creedence_ext_s1', 3, 0.15959, 0.00761);
 insert into SCRAPS values (6096, 5750, 'creedence_ext_s2', 3, 0.05349, 0.00526);
 insert into SCRAPS values (6111, 5750, 'creedence_ext_s5', 3, 0.08188, 0.00253);
 insert into SCRAPS values (6134, 5750, 'creedence_ext_s6', 3, 0.04806, 0.00918);
 insert into SCRAPS values (6147, 5750, 'creedence_ext_s7', 3, 0.13812, 0.00990);
 insert into SCRAPS values (6158, 5750, 'creedence_ext_s8', 3, 0.04203, 0.00925);
 insert into SCRAPS values (6166, 5750, 'creedence_ext_s3', 3, 0.06808, 0.01037);
 insert into SCRAPS values (6177, 5750, 'creedence_ext_s4', 3, 0.00000, 0.00000);
 insert into SCRAPS values (6182, 5750, 'creedence_elev300_s1', 4, 0.11942, 0.00608);
 insert into SCRAPS values (6205, 5750, 'creedence_elev300_s2', 4, 0.16493, 0.03559);
 insert into SCRAPS values (6213, 5750, 'creedence_elev300_s3', 4, 0.16980, 0.01979);
 insert into SCRAPS values (6227, 5750, 'creedence_elev300_s4', 4, 0.31702, 0.00923);
 insert into SCRAPS values (6253, 5750, 'creedence_elev300_s5', 4, 0.10486, 0.00962);
 insert into MAPS values (6277, 5750, 'creedencePlan', 'Creedence, Clearwater Cave', 1, 1255.965, 103.080);
 insert into MAPITEMS values (6277, 4, 5753);
 insert into MAPITEMS values (6277, 4, 5834);
 insert into MAPITEMS values (6277, 4, 6019);
 insert into MAPITEMS values (6277, 4, 5944);
 insert into MAPITEMS values (6277, 4, 6047);
 insert into MAPITEMS values (6277, 4, 6057);
 insert into MAPITEMS values (6277, 4, 6064);
 insert into MAPS values (6278, 5750, 'creedenceExt', NULL, 3, 1255.965, 103.080);
 insert into MAPITEMS values (6278, 4, 6071);
 insert into MAPITEMS values (6278, 4, 6096);
 insert into MAPITEMS values (6278, 4, 6166);
 insert into MAPITEMS values (6278, 4, 6177);
 insert into MAPITEMS values (6278, 4, 6111);
 insert into MAPITEMS values (6278, 4, 6134);
 insert into MAPITEMS values (6278, 4, 6147);
 insert into MAPITEMS values (6278, 4, 6158);
 insert into MAPS values (6279, 5750, 'creedenceElev300', NULL, 4, 1255.965, 103.080);
 insert into MAPITEMS values (6279, 4, 6182);
 insert into MAPITEMS values (6279, 4, 6205);
 insert into MAPITEMS values (6279, 4, 6213);
 insert into MAPITEMS values (6279, 4, 6227);
 insert into MAPITEMS values (6279, 4, 6253);
 insert into SURVEY values (6281, 71, 'crucible_offset', 'crucible_offset.clearwater_master', NULL);
 insert into CENTRELINE values (6282, 6281, NULL, NULL, NULL, 0.00, 0.00, 0.00);
 insert into CENTRELINE values (6283, 6281, NULL, '2011-07-06', NULL, 141.98, 0.00, 0.00);
 insert into TOPO values (8, 6283);
 insert into TOPO values (9, 6283);
 insert into TOPO values (10, 6283);
 insert into SHOT values (4304, 4283, 4284, 6283, 13.865, 115.25, 1.13, 13.861, 115.29, 1.16, 0.012, 229.14, 32.39);
insert into SHOT values (4305, 4283, 4285, 6283, 9.074, 207.15, -3.64, 9.079, 207.19, -3.60, 0.010, 254.67, 37.34);
insert into SHOT values (4306, 4283, 4286, 6283, 9.000, 152.73, 81.69, 9.005, 153.04, 81.69, 0.008, 237.53, 32.35);
insert into SHOT values (4307, 4283, 4287, 6283, 1.231, 153.93, -56.71, 1.232, 154.57, -56.75, 0.008, 246.08, -7.53);
insert into SHOT values (4308, 4283, 4288, 6283, 28.954, 172.26, 12.89, 28.957, 172.26, 12.89, 0.003, 203.38, 17.30);
insert into SHOT values (4309, 4288, 4289, 6283, 1.285, 79.32, 15.11, 1.287, 79.32, 15.32, 0.005, 84.24, 79.64);
insert into SHOT values (4310, 4288, 4290, 6283, 2.374, 257.67, 0.51, 2.375, 257.60, 0.48, 0.003, 195.48, -19.54);
insert into SHOT values (4311, 4288, 4291, 6283, 3.822, 237.43, 75.77, 3.827, 237.15, 75.78, 0.007, 157.52, 48.98);
insert into SHOT values (4312, 4288, 4292, 6283, 4.326, 191.24, -48.92, 4.327, 191.35, -48.88, 0.006, 252.56, 8.34);
insert into SHOT values (4313, 4288, 4293, 6283, 10.314, 174.49, -8.36, 10.317, 174.49, -8.36, 0.003, 176.28, -8.75);
insert into SHOT values (4314, 4293, 4294, 6283, 4.413, 96.55, 39.55, 4.413, 96.58, 39.55, 0.002, 195.63, 0.49);
insert into SHOT values (4315, 4293, 4295, 6283, 2.941, 271.09, -0.19, 2.941, 271.17, -0.19, 0.004, 6.36, -3.47);
insert into SHOT values (4316, 4293, 4296, 6283, 5.345, 176.74, 81.86, 5.343, 176.95, 81.92, 0.006, 331.47, -10.25);
insert into SHOT values (4317, 4293, 4297, 6283, 1.195, 212.48, -66.01, 1.193, 212.38, -65.99, 0.002, 98.69, 62.56);
insert into SHOT values (4318, 4293, 4298, 6283, 7.127, 306.87, -44.43, 7.129, 306.94, -44.42, 0.007, 13.69, -7.29);
insert into SHOT values (4319, 4293, 4299, 6283, 26.714, 149.62, 32.94, 26.716, 149.61, 32.95, 0.004, 58.73, 62.90);
insert into SHOT values (4320, 4293, 4300, 6283, 8.396, 185.20, -6.53, 8.399, 185.23, -6.49, 0.007, 234.91, 44.71);
insert into SHOT values (4321, 4300, 4301, 6283, 2.284, 98.75, -3.31, 2.289, 98.56, -3.26, 0.010, 42.74, 11.33);
insert into SHOT values (4322, 4300, 4302, 6283, 1.673, 249.88, -4.18, 1.665, 249.93, -4.13, 0.008, 59.51, 13.99);
insert into SHOT values (4323, 4300, 4303, 6283, 5.969, 148.73, 75.52, 5.969, 148.44, 75.54, 0.008, 42.90, 4.46);
insert into SHOT values (4324, 4300, 4304, 6283, 2.237, 121.53, -47.05, 2.237, 121.29, -47.15, 0.008, 6.62, -20.28);
insert into SHOT values (4325, 4300, 4305, 6283, 15.762, 173.86, 18.17, 15.760, 173.87, 18.15, 0.005, 273.96, -70.70);
insert into SHOT values (4326, 4305, 4306, 6283, 5.197, 23.94, 6.75, 5.202, 23.99, 6.73, 0.007, 62.43, -7.36);
insert into SHOT values (4327, 4305, 4307, 6283, 2.986, 210.77, 31.16, 2.981, 210.69, 31.33, 0.010, 52.72, 28.63);
insert into SHOT values (4328, 4305, 4308, 6283, 5.584, 222.66, 82.50, 5.587, 222.75, 82.58, 0.008, 33.11, 27.80);
insert into SHOT values (4329, 4305, 4309, 6283, 1.184, 132.32, -69.06, 1.179, 131.19, -68.87, 0.010, 55.51, 33.88);
insert into SHOT values (4330, 4305, 4310, 6283, 6.551, 96.49, -15.17, 6.557, 96.44, -15.12, 0.010, 59.16, 25.29);
insert into SHOT values (4331, 4310, 4311, 6283, 1.144, 45.36, -7.63, 1.141, 45.00, -7.55, 0.008, 295.82, 14.10);
insert into SHOT values (4332, 4310, 4312, 6283, 3.829, 215.27, 2.38, 3.827, 215.31, 2.40, 0.004, 344.97, 15.53);
insert into SHOT values (4333, 4310, 4313, 6283, 5.143, 249.03, 69.32, 5.143, 249.08, 69.27, 0.004, 269.93, -21.83);
insert into SHOT values (4334, 4310, 4314, 6283, 2.926, 175.27, -58.81, 2.923, 175.46, -58.79, 0.006, 271.73, 31.70);
insert into SHOT values (4335, 4310, 4315, 6283, 5.122, 152.78, -44.50, 5.122, 152.80, -44.49, 0.002, 218.42, 1.97);
insert into SHOT values (4336, 4315, 4316, 6283, 2.479, 8.05, 30.90, 2.480, 7.83, 30.81, 0.009, 295.85, -19.32);
insert into SHOT values (4337, 4315, 4317, 6283, 3.970, 192.23, 42.01, 3.971, 192.34, 42.06, 0.007, 299.32, 27.34);
insert into SHOT values (4338, 4315, 4318, 6283, 5.093, 291.57, 71.05, 5.097, 291.61, 71.03, 0.004, 315.72, 47.92);
insert into SHOT values (4339, 4315, 4319, 6283, 1.555, 289.28, -42.09, 1.554, 289.22, -42.02, 0.003, 216.87, 61.16);
insert into SHOT values (4340, 4315, 4320, 6283, 4.040, 57.19, -0.09, 4.036, 57.14, -0.14, 0.007, 279.38, -33.23);
insert into SHOT values (4341, 4320, 4321, 6283, 3.306, 86.50, 22.91, 3.308, 86.42, 22.95, 0.005, 6.49, 36.28);
insert into SHOT values (4342, 4320, 4322, 6283, 2.325, 307.78, 26.19, 2.328, 307.80, 26.25, 0.004, 330.63, 61.02);
insert into SHOT values (4343, 4320, 4323, 6283, 3.126, 178.68, 81.18, 3.127, 178.81, 81.17, 0.002, 231.95, 36.12);
insert into SHOT values (4344, 4320, 4324, 6283, 1.066, 141.67, -52.78, 1.069, 141.89, -52.67, 0.004, 178.60, -15.03);
insert into SHOT values (4345, 4320, 4325, 6283, 29.001, 162.18, 35.47, 29.006, 162.18, 35.47, 0.005, 155.20, 16.82);
insert into SHOT values (4346, 4283, 4326, 6283, 13.361, 174.60, -28.77, 13.361, 174.61, -28.77, 0.002, 262.78, 14.85);
insert into SCRAPS values (6284, 6281, 'crucible_offset_s1', 1, 0.35648, 0.01813);
 insert into SCRAPS values (6358, 6281, 'crucible_offset_ext_s1', 3, 0.13947, 0.00336);
 insert into MAPS values (6391, 6281, 'crucibleOffsetPlan', 'Crucible, Clearwater Cave', 1, 141.981, 20.470);
 insert into MAPITEMS values (6391, 4, 6284);
 insert into MAPS values (6392, 6281, 'crucibleExt', NULL, 3, 141.981, 20.470);
 insert into MAPITEMS values (6392, 4, 6358);
 insert into SURVEY values (6394, 71, 'high_noon', 'high_noon.clearwater_master', NULL);
 insert into CENTRELINE values (6395, 6394, NULL, NULL, NULL, 0.00, 0.00, 0.00);
 insert into CENTRELINE values (6396, 6394, NULL, '2011-07-06', NULL, 135.81, 0.00, 0.00);
 insert into SHOT values (4347, 4327, 4328, 6396, 5.159, 62.80, 12.90, 5.159, 62.77, 12.99, 0.009, 296.63, 69.96);
insert into SHOT values (4348, 4327, 4329, 6396, 4.876, 159.26, 16.67, 4.867, 159.27, 16.72, 0.009, 333.60, 7.77);
insert into SHOT values (4349, 4327, 4330, 6396, 6.789, 113.25, 77.11, 6.790, 113.00, 77.15, 0.008, 349.16, 14.63);
insert into SHOT values (4350, 4327, 4331, 6396, 0.903, 88.20, -53.09, 0.900, 87.88, -53.11, 0.004, 325.51, 29.32);
insert into SHOT values (4351, 4327, 4332, 6396, 6.837, 93.78, 15.46, 6.843, 93.74, 15.51, 0.010, 46.85, 49.19);
insert into SHOT values (4352, 4332, 4333, 6396, 0.287, 22.73, 17.41, 0.281, 21.80, 16.55, 0.009, 246.04, -42.71);
insert into SHOT values (4353, 4332, 4334, 6396, 2.692, 170.48, 11.07, 2.694, 170.64, 10.91, 0.011, 237.23, -39.80);
insert into SHOT values (4354, 4332, 4335, 6396, 2.873, 46.44, 71.72, 2.874, 46.35, 71.79, 0.004, 251.79, 31.99);
insert into SHOT values (4355, 4332, 4336, 6396, 1.189, 86.28, -61.33, 1.191, 85.91, -61.87, 0.012, 287.93, -34.90);
insert into SHOT values (4356, 4332, 4337, 6396, 15.909, 96.03, -6.40, 15.907, 96.03, -6.42, 0.007, 288.85, -69.27);
insert into SHOT values (4357, 4337, 4338, 6396, 1.492, 358.67, 10.55, 1.487, 358.43, 10.85, 0.011, 223.01, 38.02);
insert into SHOT values (4358, 4337, 4339, 6396, 0.394, 169.71, 11.13, 0.395, 169.56, 11.70, 0.004, 68.49, 75.58);
insert into SHOT values (4359, 4337, 4340, 6396, 5.487, 33.06, 64.62, 5.488, 33.01, 64.66, 0.004, 250.10, 39.25);
insert into SHOT values (4360, 4337, 4341, 6396, 1.359, 72.39, -63.10, 1.354, 72.76, -63.35, 0.009, 225.13, 12.90);
insert into SHOT values (4361, 4337, 4342, 6396, 14.371, 79.29, 5.39, 14.373, 79.29, 5.39, 0.002, 57.52, 1.81);
insert into SHOT values (4362, 4342, 4343, 6396, 0.238, 6.59, 17.86, 0.235, 5.19, 19.91, 0.011, 229.99, 41.83);
insert into SHOT values (4363, 4342, 4344, 6396, 0.792, 180.51, 8.13, 0.799, 180.73, 8.64, 0.010, 206.76, 50.00);
insert into SHOT values (4364, 4342, 4345, 6396, 1.483, 23.81, 79.51, 1.484, 24.62, 79.75, 0.007, 171.90, 14.13);
insert into SHOT values (4365, 4342, 4346, 6396, 1.456, 57.88, -70.13, 1.456, 58.24, -70.17, 0.003, 164.40, -11.87);
insert into SHOT values (4366, 4342, 4347, 6396, 10.693, 98.44, -12.17, 10.693, 98.47, -12.15, 0.007, 174.98, 35.86);
insert into SHOT values (4367, 4347, 4348, 6396, 1.429, 8.98, 23.21, 1.430, 8.75, 23.06, 0.007, 298.83, -29.07);
insert into SHOT values (4368, 4347, 4349, 6396, 0.678, 173.47, -24.68, 0.675, 173.45, -24.51, 0.004, 358.30, 56.24);
insert into SHOT values (4369, 4347, 4350, 6396, 6.452, 18.83, 61.84, 6.452, 18.79, 61.87, 0.004, 234.81, 26.55);
insert into SHOT values (4370, 4347, 4351, 6396, 1.424, 193.97, -73.27, 1.418, 194.38, -73.51, 0.009, 352.39, 25.36);
insert into SHOT values (4371, 4347, 4352, 6396, 7.299, 27.06, 62.34, 7.295, 27.02, 62.31, 0.006, 330.44, -58.84);
insert into SHOT values (4372, 4347, 4353, 6396, 8.889, 97.79, -36.34, 8.887, 97.79, -36.37, 0.005, 277.09, -31.86);
insert into SHOT values (4373, 4327, 4354, 6396, 5.665, 133.60, 21.61, 5.662, 133.61, 21.66, 0.006, 297.24, 38.52);
insert into SHOT values (4374, 4327, 4355, 6396, 13.764, 297.18, -8.76, 13.765, 297.21, -8.73, 0.009, 11.94, 44.75);
insert into SHOT values (4375, 4327, 4356, 6396, 7.749, 272.41, 81.72, 7.750, 272.58, 81.76, 0.006, 58.17, 16.93);
insert into SHOT values (4376, 4327, 4357, 6396, 1.060, 258.48, -66.63, 1.056, 258.96, -66.70, 0.005, 26.70, 34.37);
insert into SHOT values (4377, 4327, 4358, 6396, 6.277, 213.88, -2.69, 6.269, 213.87, -2.65, 0.009, 44.07, 31.12);
insert into SHOT values (4378, 4358, 4359, 6396, 1.669, 137.81, 19.72, 1.669, 138.09, 19.61, 0.008, 220.99, -21.93);
insert into SHOT values (4379, 4358, 4360, 6396, 13.889, 314.21, -0.27, 13.889, 314.18, -0.29, 0.008, 225.46, -35.01);
insert into SHOT values (4380, 4358, 4361, 6396, 9.362, 219.74, 75.97, 9.362, 219.84, 75.91, 0.011, 242.16, -14.95);
insert into SHOT values (4381, 4358, 4362, 6396, 0.849, 221.50, -65.87, 0.845, 221.50, -65.73, 0.005, 199.44, 89.32);
insert into SHOT values (4382, 4358, 4363, 6396, 17.893, 239.45, 5.46, 17.897, 239.43, 5.45, 0.007, 186.34, -21.39);
insert into SHOT values (4383, 4358, 4364, 6396, 19.461, 271.43, 6.81, 19.464, 271.42, 6.82, 0.004, 226.06, 36.32);
insert into SHOT values (4384, 4358, 4365, 6396, 22.506, 280.43, 6.96, 22.514, 280.41, 6.96, 0.010, 244.25, 15.71);
insert into SHOT values (4385, 4358, 4366, 6396, 12.655, 300.12, 10.60, 12.655, 300.11, 10.61, 0.003, 194.07, 44.46);
insert into SHOT values (4386, 4358, 4367, 6396, 15.118, 338.03, 9.35, 15.118, 337.99, 9.36, 0.011, 247.19, 21.16);
insert into SHOT values (4387, 4358, 4368, 6396, 12.014, 45.20, 16.43, 12.010, 45.18, 16.44, 0.007, 271.75, 15.99);
insert into SHOT values (4388, 4358, 4369, 6396, 20.845, 40.94, 31.87, 20.846, 40.95, 31.88, 0.005, 178.61, 58.20);
insert into SHOT values (4389, 4358, 4370, 6396, 21.698, 19.36, 24.20, 21.694, 19.36, 24.19, 0.005, 201.73, -63.64);
insert into SHOT values (4390, 4358, 4371, 6396, 7.153, 72.18, 43.64, 7.149, 72.20, 43.71, 0.010, 243.05, 21.03);
insert into SHOT values (4391, 4358, 4372, 6396, 25.461, 353.19, -17.73, 25.460, 353.18, -17.72, 0.006, 262.62, 40.33);
insert into SHOT values (4392, 4358, 4373, 6396, 14.248, 326.88, -27.72, 14.251, 326.84, -27.73, 0.010, 247.19, -15.41);
insert into SHOT values (4393, 4358, 4374, 6396, 14.677, 194.56, 2.28, 14.683, 194.57, 2.26, 0.008, 209.87, -31.10);
insert into SHOT values (4394, 4358, 4375, 6396, 15.015, 194.42, 2.92, 15.023, 194.43, 2.94, 0.010, 219.52, 29.72);
insert into SHOT values (4395, 4358, 4376, 6396, 19.534, 312.48, 28.97, 19.537, 312.46, 28.96, 0.006, 258.01, -12.06);
insert into SHOT values (4396, 4376, 4377, 6396, 0.470, 224.56, 10.55, 0.468, 224.12, 11.08, 0.006, 100.49, 42.71);
insert into SHOT values (4397, 4376, 4378, 6396, 0.628, 39.68, 5.57, 0.628, 39.81, 5.49, 0.002, 138.66, -34.56);
insert into SHOT values (4398, 4376, 4379, 6396, 6.051, 142.98, 84.01, 6.053, 142.77, 84.04, 0.005, 357.35, 26.04);
insert into SHOT values (4399, 4376, 4380, 6396, 0.864, 328.38, -59.65, 0.859, 328.13, -59.51, 0.006, 212.53, 69.62);
insert into SHOT values (4400, 4376, 4381, 6396, 2.508, 298.84, 8.99, 2.505, 298.74, 8.96, 0.005, 180.64, -21.20);
insert into SHOT values (4401, 4381, 4382, 6396, 0.841, 217.24, 7.93, 0.837, 217.15, 8.25, 0.006, 52.48, 37.76);
insert into SHOT values (4402, 4381, 4383, 6396, 1.274, 34.56, 19.34, 1.276, 34.48, 19.70, 0.008, 270.74, 76.65);
insert into SHOT values (4403, 4381, 4384, 6396, 5.626, 351.21, 82.25, 5.631, 351.66, 82.26, 0.008, 87.69, 42.21);
insert into SHOT values (4404, 4381, 4385, 6396, 1.627, 279.17, -60.42, 1.621, 279.34, -60.41, 0.006, 55.18, 54.62);
insert into SHOT values (4405, 4381, 4386, 6396, 7.901, 292.49, 1.01, 7.905, 292.54, 1.01, 0.008, 352.78, 5.07);
insert into SHOT values (4406, 4386, 4387, 6396, 0.210, 222.05, 11.79, 0.218, 221.19, 13.23, 0.010, 197.47, 42.62);
insert into SHOT values (4407, 4386, 4388, 6396, 1.059, 19.98, 9.35, 1.058, 20.17, 9.25, 0.004, 124.59, -29.73);
insert into SHOT values (4408, 4386, 4389, 6396, 15.399, 331.71, 76.78, 15.398, 331.69, 76.78, 0.002, 225.02, -33.17);
insert into SHOT values (4409, 4386, 4390, 6396, 2.572, 346.85, -64.05, 2.566, 347.08, -64.17, 0.009, 134.59, 17.53);
insert into SHOT values (4410, 4386, 4391, 6396, 14.822, 308.85, 8.42, 14.818, 308.82, 8.42, 0.007, 189.11, -2.76);
insert into SHOT values (4411, 4391, 4392, 6396, 0.930, 211.98, 11.73, 0.927, 211.94, 11.83, 0.003, 43.53, 15.82);
insert into SHOT values (4412, 4391, 4393, 6396, 0.414, 357.57, 24.38, 0.416, 358.49, 24.09, 0.007, 61.46, -7.47);
insert into SHOT values (4413, 4391, 4394, 6396, 6.483, 277.27, 83.35, 6.483, 277.70, 83.39, 0.007, 43.39, 5.13);
insert into SHOT values (4414, 4391, 4395, 6396, 0.689, 320.98, -50.15, 0.690, 322.35, -50.17, 0.011, 48.73, -5.59);
insert into SHOT values (4415, 4391, 4396, 6396, 12.028, 127.49, -33.18, 12.025, 127.45, -33.18, 0.008, 18.49, 19.38);
insert into SHOT values (4416, 4391, 4397, 6396, 6.567, 285.63, 31.63, 6.567, 285.68, 31.69, 0.008, 53.32, 45.80);
insert into SHOT values (4417, 4397, 4398, 6396, 1.822, 158.32, 11.27, 1.820, 158.32, 11.09, 0.006, 346.90, -85.49);
insert into SHOT values (4418, 4397, 4399, 6396, 0.427, 348.90, 4.30, 0.429, 349.22, 4.01, 0.004, 42.35, -34.50);
insert into SHOT values (4419, 4397, 4400, 6396, 5.735, 101.44, 82.88, 5.735, 101.31, 82.85, 0.004, 73.22, -12.76);
insert into SHOT values (4420, 4397, 4401, 6396, 0.607, 263.44, -45.08, 0.610, 263.37, -44.81, 0.004, 256.15, -2.48);
insert into SHOT values (4421, 4397, 4402, 6396, 2.859, 164.79, 28.86, 2.863, 164.74, 28.82, 0.005, 140.94, 0.51);
insert into SHOT values (4422, 4402, 4403, 6396, 1.169, 158.66, 22.44, 1.160, 158.69, 22.29, 0.009, 333.52, -41.04);
insert into SHOT values (4423, 4402, 4404, 6396, 1.842, 349.58, 2.05, 1.843, 349.36, 1.87, 0.009, 266.25, -39.77);
insert into SHOT values (4424, 4402, 4405, 6396, 4.930, 6.44, 74.79, 4.924, 6.19, 74.72, 0.010, 313.04, -46.46);
insert into SHOT values (4425, 4402, 4406, 6396, 0.982, 152.42, -47.85, 0.979, 152.65, -48.19, 0.007, 308.83, -16.60);
insert into SHOT values (4426, 4402, 4407, 6396, 2.526, 348.17, -4.63, 2.533, 348.11, -4.76, 0.009, 326.14, -41.52);
insert into SHOT values (4427, 4402, 4408, 6396, 0.443, 141.16, 5.05, 0.436, 141.55, 5.26, 0.008, 298.82, 7.43);
insert into SHOT values (4428, 4402, 4409, 6396, 4.985, 8.38, 63.50, 4.983, 8.28, 63.51, 0.004, 262.50, -16.55);
insert into SHOT values (4429, 4402, 4410, 6396, 2.342, 326.45, -48.49, 2.351, 326.51, -48.47, 0.009, 341.29, -42.52);
insert into SHOT values (4430, 4402, 4411, 6396, 8.000, 18.13, 41.52, 8.002, 18.07, 41.48, 0.009, 332.96, -19.72);
insert into SHOT values (4431, 4411, 4412, 6396, 1.339, 272.83, 0.94, 1.341, 272.56, 0.85, 0.007, 204.75, -16.32);
insert into SHOT values (4432, 4411, 4413, 6396, 0.224, 70.23, 24.51, 0.222, 69.78, 23.96, 0.004, 300.48, -54.46);
insert into SHOT values (4433, 4411, 4414, 6396, 1.042, 222.02, 75.63, 1.044, 220.36, 75.43, 0.008, 158.47, 4.06);
insert into SHOT values (4434, 4411, 4415, 6396, 1.489, 35.38, -51.30, 1.488, 35.39, -51.21, 0.002, 45.70, 56.88);
insert into SHOT values (4435, 4411, 4416, 6396, 5.393, 336.15, -33.04, 5.390, 336.10, -33.06, 0.005, 202.46, 4.31);
insert into SHOT values (4436, 4416, 4417, 6396, 0.266, 291.72, 12.81, 0.267, 292.62, 12.99, 0.004, 13.52, 13.92);
insert into SHOT values (4437, 4416, 4418, 6396, 1.730, 73.49, 2.32, 1.732, 73.55, 2.32, 0.003, 114.65, -0.61);
insert into SHOT values (4438, 4416, 4419, 6396, 1.068, 35.86, 76.50, 1.070, 36.87, 76.48, 0.005, 117.58, 18.72);
insert into SHOT values (4439, 4416, 4420, 6396, 1.586, 61.19, -49.54, 1.589, 60.95, -49.61, 0.005, 336.02, -36.61);
insert into SHOT values (4440, 4416, 4421, 6396, 2.903, 21.75, 8.40, 2.907, 21.84, 8.31, 0.008, 65.97, -32.66);
insert into SHOT values (4441, 4421, 4422, 6396, 0.931, 21.93, 9.46, 0.929, 21.80, 9.91, 0.008, 237.59, 63.22);
insert into SHOT values (4442, 4422, 4423, 6396, 1.736, 266.02, 5.52, 1.742, 266.03, 5.27, 0.009, 269.39, -48.35);
insert into SHOT values (4443, 4422, 4424, 6396, 0.950, 144.90, 4.89, 0.944, 144.96, 4.86, 0.006, 315.97, -9.08);
insert into SHOT values (4444, 4422, 4425, 6396, 0.526, 127.92, 44.87, 0.523, 128.42, 44.99, 0.004, 257.50, -14.68);
insert into SHOT values (4445, 4422, 4426, 6396, 0.511, 174.09, -33.24, 0.506, 174.56, -33.57, 0.007, 321.95, 0.91);
insert into SHOT values (4446, 4422, 4427, 6396, 4.247, 41.12, -20.74, 4.246, 41.12, -20.83, 0.007, 223.84, -64.42);
insert into SHOT values (4447, 4422, 4428, 6396, 1.416, 34.35, -19.98, 1.419, 34.29, -20.21, 0.006, 325.86, -75.65);
insert into SHOT values (4448, 4428, 4429, 6396, 2.441, 266.14, -2.91, 2.439, 266.00, -2.82, 0.007, 158.47, 31.79);
insert into SHOT values (4449, 4428, 4430, 6396, 5.847, 282.48, 11.33, 5.850, 282.49, 11.34, 0.003, 294.41, 26.17);
insert into SHOT values (4450, 4428, 4431, 6396, 4.097, 300.50, -6.76, 4.098, 300.41, -6.73, 0.007, 222.06, 18.81);
insert into SHOT values (4451, 4428, 4432, 6396, 11.688, 333.60, -26.32, 11.685, 333.58, -26.32, 0.005, 206.24, 28.42);
insert into SHOT values (4452, 4428, 4433, 6396, 19.383, 325.04, -18.20, 19.381, 325.04, -18.19, 0.004, 126.40, 74.22);
insert into SHOT values (4453, 4428, 4434, 6396, 8.638, 342.24, -26.79, 8.633, 342.25, -26.78, 0.005, 148.71, 40.32);
insert into SHOT values (4454, 4428, 4435, 6396, 16.485, 339.49, -18.61, 16.481, 339.50, -18.61, 0.005, 125.14, 9.28);
insert into SHOT values (4455, 4428, 4436, 6396, 18.026, 329.42, -21.71, 18.024, 329.42, -21.68, 0.008, 2.41, 76.93);
insert into SHOT values (4456, 4428, 4437, 6396, 15.233, 322.25, -22.35, 15.235, 322.24, -22.34, 0.005, 272.88, 28.62);
insert into SHOT values (4457, 4428, 4438, 6396, 9.457, 7.30, -19.56, 9.456, 7.28, -19.52, 0.007, 293.05, 67.83);
insert into SHOT values (4458, 4428, 4439, 6396, 4.683, 355.58, -39.86, 4.679, 355.53, -39.88, 0.005, 216.28, 15.61);
insert into SHOT values (4459, 4428, 4440, 6396, 5.613, 44.88, -17.02, 5.612, 44.92, -16.99, 0.005, 137.93, 35.30);
insert into SHOT values (4460, 4428, 4441, 6396, 14.031, 40.71, 5.67, 14.031, 40.73, 5.69, 0.006, 138.44, 36.84);
insert into SHOT values (4461, 4428, 4442, 6396, 9.321, 51.40, -1.56, 9.318, 51.41, -1.54, 0.005, 211.47, 46.60);
insert into SHOT values (4462, 4428, 4443, 6396, 20.170, 55.31, 15.77, 20.171, 55.30, 15.76, 0.003, 351.07, -33.23);
insert into SHOT values (4463, 4428, 4444, 6396, 7.082, 71.04, 3.51, 7.079, 71.00, 3.56, 0.009, 302.51, 46.12);
insert into SHOT values (4464, 4428, 4445, 6396, 2.451, 101.29, -7.29, 2.448, 101.40, -7.28, 0.006, 225.75, 9.92);
insert into SHOT values (4465, 4428, 4446, 6396, 3.398, 113.71, 24.31, 3.396, 113.83, 24.35, 0.007, 227.98, 9.00);
insert into SHOT values (4466, 4428, 4447, 6396, 9.553, 346.82, -22.09, 9.554, 346.81, -22.07, 0.003, 309.69, 48.78);
insert into SHOT values (4467, 4428, 4448, 6396, 11.614, 334.25, -10.61, 11.613, 334.24, -10.62, 0.003, 198.31, -39.10);
insert into SHOT values (4468, 4428, 4449, 6396, 23.709, 355.60, -0.08, 23.710, 355.60, -0.07, 0.003, 310.04, 65.75);
insert into SHOT values (4469, 4428, 4450, 6396, 10.348, 80.67, 16.14, 10.350, 80.68, 16.16, 0.004, 137.77, 59.27);
insert into SHOT values (4470, 4428, 4451, 6396, 17.808, 81.97, 19.78, 17.806, 81.97, 19.79, 0.005, 254.12, 49.08);
insert into SHOT values (4471, 4428, 4452, 6396, 3.196, 175.53, 50.30, 3.200, 175.52, 50.25, 0.005, 169.28, 11.78);
insert into SHOT values (4472, 4428, 4453, 6396, 3.103, 127.27, 38.04, 3.105, 127.34, 38.20, 0.009, 269.22, 58.68);
insert into SHOT values (4473, 4428, 4454, 6396, 1.702, 222.71, 43.38, 1.704, 222.71, 43.37, 0.002, 222.17, 36.00);
insert into SHOT values (4474, 4428, 4455, 6396, 1.338, 241.81, 1.67, 1.338, 241.90, 1.71, 0.002, 326.15, 24.93);
insert into SHOT values (4475, 4428, 4456, 6396, 1.495, 175.12, -0.92, 1.496, 175.01, -0.77, 0.005, 102.16, 54.06);
insert into SCRAPS values (6397, 6394, 'high_noon_s3', 1, 0.37790, 0.06449);
 insert into SCRAPS values (6411, 6394, 'surface', 1, 0.00000, 0.00000);
 insert into SCRAPS values (6417, 6394, 'high_noon_s4', 1, 0.00000, 0.00000);
 insert into SCRAPS values (6423, 6394, 'high_noon_s1', 1, 0.43146, 0.03311);
 insert into SCRAPS values (6453, 6394, 'high_noon_s2', 1, 0.04473, 0.00415);
 insert into SCRAPS values (6489, 6394, 'high_noon_ext_s1', 3, 0.12321, 0.01048);
 insert into SCRAPS values (6509, 6394, 'high_noon_ext_s2', 3, 0.35932, 0.01252);
 insert into SCRAPS values (6527, 6394, 'doline', 3, 0.10895, 0.00487);
 insert into MAPS values (6536, 6394, 'highNoonPlan', 'High Noon, Clearwater Cave', 1, 135.810, 28.120);
 insert into MAPITEMS values (6536, 4, 6411);
 insert into MAPITEMS values (6536, 4, 6423);
 insert into MAPITEMS values (6536, 4, 6453);
 insert into MAPITEMS values (6536, 4, 6417);
 insert into MAPITEMS values (6536, 4, 6397);
 insert into MAPS values (6537, 6394, 'highNoonExt', NULL, 3, 135.810, 28.120);
 insert into MAPITEMS values (6537, 4, 6489);
 insert into MAPITEMS values (6537, 4, 6509);
 insert into MAPITEMS values (6537, 4, 6527);
 insert into SURVEY values (6539, 71, 'bladerunner', 'bladerunner.clearwater_master', NULL);
 insert into CENTRELINE values (6540, 6539, NULL, NULL, NULL, 0.00, 0.00, 0.00);
 insert into CENTRELINE values (6541, 6539, NULL, '2014-05-10', NULL, 804.30, 0.00, 0.00);
 insert into TOPO values (12, 6541);
 insert into TOPO values (13, 6541);
 insert into TOPO values (11, 6541);
 insert into SHOT values (4476, 4457, 4458, 6541, 15.450, 333.74, 13.63, 15.448, 333.71, 13.63, 0.009, 231.85, -5.39);
insert into SHOT values (4477, 4458, 4459, 6541, 7.570, 329.13, 8.07, 7.564, 329.15, 8.06, 0.007, 119.88, -22.52);
insert into SHOT values (4478, 4459, 4460, 6541, 25.120, 344.33, -10.23, 25.128, 344.33, -10.22, 0.009, 339.49, 8.61);
insert into SHOT values (4479, 4460, 4461, 6541, 28.600, 334.74, 9.37, 28.600, 334.74, 9.38, 0.004, 96.69, 66.94);
insert into SHOT values (4480, 4461, 4462, 6541, 15.960, 350.36, 6.40, 15.954, 350.34, 6.41, 0.008, 211.58, 7.06);
insert into SHOT values (4481, 4462, 4463, 6541, 12.350, 353.97, 29.56, 12.355, 353.97, 29.53, 0.008, 347.71, -20.76);
insert into SHOT values (4482, 4463, 4464, 6541, 12.930, 359.57, -10.59, 12.931, 359.59, -10.61, 0.007, 83.76, -34.53);
insert into SHOT values (4483, 4464, 4465, 6541, 13.470, 1.24, -18.34, 13.468, 1.26, -18.35, 0.005, 130.34, -20.16);
insert into SHOT values (4484, 4465, 4466, 6541, 8.330, 326.14, 44.06, 8.336, 326.10, 44.09, 0.009, 260.34, 56.10);
insert into SHOT values (4485, 4466, 4467, 6541, 16.380, 315.60, 8.89, 16.376, 315.60, 8.89, 0.004, 131.35, -19.59);
insert into SHOT values (4486, 4467, 4468, 6541, 22.500, 55.12, 20.06, 22.504, 55.11, 20.06, 0.005, 26.43, 29.98);
insert into SHOT values (4487, 4468, 4469, 6541, 20.250, 321.60, 3.73, 20.250, 321.57, 3.71, 0.013, 233.68, -35.22);
insert into SHOT values (4488, 4469, 4470, 6541, 10.130, 316.56, -9.65, 10.132, 316.62, -9.66, 0.011, 37.79, -9.84);
insert into SHOT values (4489, 4470, 4471, 6541, 13.260, 323.95, -28.05, 13.258, 323.93, -28.03, 0.006, 245.38, 56.82);
insert into SHOT values (4490, 4471, 4472, 6541, 4.670, 199.29, -8.17, 4.677, 199.30, -8.11, 0.008, 202.92, 25.97);
insert into SHOT values (4491, 4472, 4473, 6541, 4.520, 176.24, -22.39, 4.523, 176.16, -22.49, 0.010, 87.56, -54.37);
insert into SHOT values (4492, 4473, 4474, 6541, 20.220, 202.85, -36.52, 20.215, 202.86, -36.52, 0.005, 1.45, 33.14);
insert into SHOT values (4493, 4468, 4475, 6541, 11.580, 47.29, 18.28, 11.581, 47.28, 18.27, 0.003, 14.38, -49.64);
insert into SHOT values (4494, 4475, 4476, 6541, 16.080, 83.93, 17.34, 16.076, 83.94, 17.34, 0.005, 225.71, -29.61);
insert into SHOT values (4495, 4476, 4477, 6541, 17.920, 112.82, 6.78, 17.918, 112.82, 6.79, 0.005, 307.89, 61.98);
insert into SHOT values (4496, 4477, 4478, 6541, 7.340, 5.86, -16.71, 7.340, 5.88, -16.79, 0.010, 145.86, -67.26);
insert into SHOT values (4497, 4467, 4479, 6541, 21.670, 225.15, -40.39, 21.668, 225.15, -40.39, 0.002, 81.54, 54.98);
insert into SHOT values (4498, 4479, 4480, 6541, 15.720, 230.75, -40.53, 15.727, 230.77, -40.53, 0.009, 267.76, -30.91);
insert into SHOT values (4499, 4480, 4481, 6541, 4.960, 164.98, -36.40, 4.955, 164.88, -36.40, 0.009, 42.45, 22.85);
insert into SHOT values (4500, 4481, 4482, 6541, 17.290, 170.25, -41.21, 17.289, 170.26, -41.21, 0.003, 257.59, 19.60);
insert into SHOT values (4501, 4482, 4483, 6541, 20.140, 224.39, -24.19, 20.143, 224.38, -24.21, 0.008, 138.23, -71.90);
insert into SHOT values (4502, 4483, 4484, 6541, 25.750, 279.30, 8.79, 25.747, 279.30, 8.80, 0.006, 128.22, 52.23);
insert into SHOT values (4503, 4483, 4485, 6541, 20.420, 197.78, -16.83, 20.418, 197.79, -16.82, 0.003, 319.05, 43.42);
insert into SHOT values (4504, 4485, 4486, 6541, 26.550, 223.44, -12.27, 26.552, 223.44, -12.26, 0.004, 208.41, 39.35);
insert into SHOT values (4505, 4486, 4487, 6541, 19.670, 201.29, 19.34, 19.666, 201.30, 19.33, 0.005, 342.50, -49.64);
insert into SHOT values (4506, 4487, 4488, 6541, 12.520, 177.26, 14.63, 12.519, 177.26, 14.62, 0.002, 76.57, -67.62);
insert into SHOT values (4507, 4488, 4489, 6541, 13.560, 157.35, -1.90, 13.563, 157.35, -1.86, 0.010, 161.51, 73.45);
insert into SHOT values (4508, 4489, 4490, 6541, 19.170, 203.59, 20.48, 19.167, 203.57, 20.46, 0.010, 109.50, -45.25);
insert into SHOT values (4509, 4490, 4491, 6541, 17.310, 200.94, 4.73, 17.310, 200.96, 4.74, 0.006, 290.16, 27.82);
insert into SHOT values (4510, 4491, 4492, 6541, 11.420, 276.46, -17.58, 11.422, 276.43, -17.58, 0.005, 207.09, -7.69);
insert into SHOT values (4511, 4492, 4493, 6541, 27.510, 208.60, -10.77, 27.500, 208.60, -10.77, 0.010, 41.07, 3.90);
insert into SHOT values (4512, 4493, 4494, 6541, 32.750, 180.68, 16.57, 32.752, 180.69, 16.57, 0.008, 253.22, 1.03);
insert into SHOT values (4513, 4494, 4495, 6541, 37.360, 183.64, 21.41, 37.359, 183.64, 21.41, 0.003, 313.42, 40.80);
insert into SHOT values (4514, 4495, 4496, 6541, 14.420, 167.58, 32.57, 14.421, 167.55, 32.55, 0.007, 108.85, -22.03);
insert into SHOT values (4515, 4496, 4497, 6541, 25.960, 162.36, 32.42, 25.958, 162.36, 32.43, 0.004, 348.92, 32.73);
insert into SHOT values (4516, 4497, 4498, 6541, 26.140, 163.94, 35.41, 26.141, 163.95, 35.39, 0.010, 209.92, -38.51);
insert into SHOT values (4517, 4498, 4499, 6541, 26.080, 186.79, 32.19, 26.078, 186.79, 32.21, 0.009, 355.36, 45.35);
insert into SHOT values (4518, 4483, 4500, 6541, 17.750, 113.36, -29.02, 17.752, 113.38, -29.01, 0.006, 172.13, 7.92);
insert into SHOT values (4519, 4500, 4501, 6541, 17.670, 175.13, -39.28, 17.659, 175.13, -39.28, 0.011, 351.97, 40.18);
insert into SHOT values (4520, 4501, 4502, 6541, 27.880, 160.91, -22.63, 27.884, 160.90, -22.63, 0.005, 114.18, -29.74);
insert into SHOT values (4521, 4460, 4503, 6541, 7.060, 241.38, 77.03, 7.060, 241.33, 77.03, 0.001, 136.68, 4.84);
insert into SHOT values (4522, 4460, 4504, 6541, 1.780, 242.41, -86.28, 1.784, 239.04, -86.25, 0.008, 160.12, -28.44);
insert into SHOT values (4523, 4460, 4505, 6541, 6.670, 257.87, -72.87, 6.666, 257.66, -72.85, 0.008, 174.24, 29.67);
insert into SHOT values (4524, 4460, 4506, 6541, 5.190, 247.34, -8.62, 5.187, 247.29, -8.65, 0.006, 120.28, -19.16);
insert into SHOT values (4525, 4460, 4507, 6541, 10.890, 227.20, 15.08, 10.889, 227.16, 15.06, 0.008, 137.77, -22.78);
insert into SHOT values (4526, 4460, 4508, 6541, 6.330, 67.24, -3.67, 6.333, 67.29, -3.71, 0.008, 128.55, -37.76);
insert into SHOT values (4527, 4460, 4509, 6541, 26.850, 148.13, 30.50, 26.856, 148.12, 30.50, 0.006, 119.77, 24.25);
insert into SHOT values (4528, 4460, 4510, 6541, 20.280, 140.78, 31.90, 20.285, 140.77, 31.90, 0.005, 112.16, 40.06);
insert into SHOT values (4529, 4460, 4511, 6541, 9.000, 61.36, 8.68, 9.000, 61.39, 8.69, 0.005, 159.38, 20.78);
insert into SHOT values (4530, 4462, 4512, 6541, 11.140, 202.62, 78.76, 11.133, 202.54, 78.78, 0.009, 49.75, -43.11);
insert into SHOT values (4531, 4462, 4513, 6541, 0.480, 340.10, -84.62, 0.483, 348.69, -83.94, 0.010, 34.70, -12.75);
insert into SHOT values (4532, 4462, 4514, 6541, 7.290, 246.70, -59.55, 7.293, 246.70, -59.60, 0.006, 67.24, -57.94);
insert into SHOT values (4533, 4462, 4515, 6541, 6.330, 268.19, -6.31, 6.332, 268.18, -6.35, 0.005, 229.36, -65.41);
insert into SHOT values (4534, 4462, 4516, 6541, 1.000, 111.42, -2.94, 0.999, 111.16, -3.44, 0.010, 3.60, -61.49);
insert into SHOT values (4535, 4463, 4517, 6541, 4.790, 121.14, 79.90, 4.785, 121.43, 79.84, 0.008, 169.56, -45.35);
insert into SHOT values (4536, 4463, 4518, 6541, 1.750, 210.84, -79.43, 1.750, 209.74, -79.38, 0.006, 133.79, 2.76);
insert into SHOT values (4537, 4463, 4519, 6541, 1.000, 254.45, 6.13, 0.993, 254.13, 5.78, 0.011, 113.64, -38.23);
insert into SHOT values (4538, 4463, 4520, 6541, 4.300, 64.34, -0.84, 4.303, 64.39, -0.93, 0.008, 112.18, -55.17);
insert into SHOT values (4539, 4463, 4521, 6541, 15.480, 84.59, 36.51, 15.482, 84.61, 36.50, 0.005, 132.68, -0.36);
insert into SHOT values (4540, 4464, 4522, 6541, 1.750, 47.85, 79.63, 1.748, 47.60, 79.74, 0.004, 248.54, -20.39);
insert into SHOT values (4541, 4464, 4523, 6541, 2.180, 34.43, -82.25, 2.180, 35.31, -82.25, 0.005, 123.18, 1.11);
insert into SHOT values (4542, 4464, 4524, 6541, 1.860, 291.51, -8.48, 1.856, 291.40, -8.36, 0.006, 161.26, 41.79);
insert into SHOT values (4543, 4464, 4525, 6541, 3.900, 106.88, 2.64, 3.904, 106.99, 2.64, 0.009, 167.19, 2.32);
insert into SHOT values (4544, 4464, 4526, 6541, 15.790, 108.63, 42.02, 15.787, 108.65, 42.03, 0.006, 246.18, 2.95);
insert into SHOT values (4545, 4466, 4527, 6541, 12.000, 354.73, 84.70, 11.991, 354.81, 84.71, 0.010, 154.30, -64.36);
insert into SHOT values (4546, 4466, 4528, 6541, 1.600, 79.45, -82.81, 1.603, 78.69, -82.69, 0.005, 43.18, -29.45);
insert into SHOT values (4547, 4466, 4529, 6541, 5.290, 229.92, -3.29, 5.289, 229.92, -3.36, 0.006, 67.85, -80.88);
insert into SHOT values (4548, 4466, 4530, 6541, 13.410, 180.53, -39.37, 13.415, 180.55, -39.37, 0.007, 228.51, -33.95);
insert into SHOT values (4549, 4466, 4531, 6541, 0.180, 44.98, -1.95, 0.184, 45.00, -3.11, 0.006, 45.91, -44.43);
insert into SHOT values (4550, 4467, 4532, 6541, 11.960, 81.05, 79.85, 11.957, 80.98, 79.86, 0.004, 316.50, -44.20);
insert into SHOT values (4551, 4467, 4533, 6541, 3.320, 98.73, -82.21, 3.320, 99.04, -82.29, 0.005, 250.46, -7.16);
insert into SHOT values (4552, 4467, 4534, 6541, 13.300, 21.87, 1.02, 13.298, 21.86, 0.99, 0.008, 256.13, -61.99);
insert into SHOT values (4553, 4467, 4535, 6541, 1.220, 239.88, -38.64, 1.223, 239.96, -38.40, 0.006, 252.50, 16.63);
insert into SHOT values (4554, 4467, 4536, 6541, 45.040, 235.30, -37.08, 45.039, 235.31, -37.09, 0.007, 17.66, -33.99);
insert into SHOT values (4555, 4467, 4537, 6541, 17.650, 257.24, -33.15, 17.646, 257.25, -33.15, 0.005, 31.79, 19.53);
insert into SHOT values (4556, 4467, 4538, 6541, 17.620, 324.85, -3.37, 17.621, 324.84, -3.38, 0.006, 238.86, -47.04);
insert into SHOT values (4557, 4467, 4539, 6541, 13.130, 217.52, -10.01, 13.128, 217.55, -10.00, 0.008, 316.94, 16.95);
insert into SHOT values (4558, 4468, 4540, 6541, 5.040, 147.61, 85.22, 5.038, 148.57, 85.20, 0.008, 222.89, -18.67);
insert into SHOT values (4559, 4468, 4541, 6541, 1.400, 310.00, -79.46, 1.404, 308.66, -79.49, 0.007, 219.66, -31.16);
insert into SHOT values (4560, 4468, 4542, 6541, 20.660, 142.91, 3.30, 20.652, 142.92, 3.28, 0.013, 288.54, -45.17);
insert into SHOT values (4561, 4468, 4543, 6541, 12.820, 154.46, -10.26, 12.815, 154.49, -10.29, 0.011, 284.71, -35.66);
insert into SHOT values (4562, 4468, 4544, 6541, 15.360, 151.19, 11.48, 15.357, 151.20, 11.46, 0.008, 263.24, -60.21);
insert into SHOT values (4563, 4468, 4545, 6541, 46.250, 322.08, 3.13, 46.255, 322.07, 3.12, 0.010, 264.96, -30.59);
insert into SHOT values (4564, 4468, 4546, 6541, 30.320, 61.13, 18.27, 30.315, 61.13, 18.26, 0.006, 249.03, -55.90);
insert into SHOT values (4565, 4468, 4547, 6541, 25.930, 10.27, 18.97, 25.928, 10.27, 18.95, 0.009, 301.37, -76.30);
insert into SHOT values (4566, 4471, 4548, 6541, 6.620, 234.97, 68.37, 6.617, 235.01, 68.35, 0.004, 290.68, -63.00);
insert into SHOT values (4567, 4471, 4549, 6541, 44.260, 63.29, 53.24, 44.259, 63.30, 53.24, 0.006, 195.43, 10.79);
insert into SHOT values (4568, 4471, 4550, 6541, 1.480, 309.30, -78.33, 1.480, 309.56, -78.37, 0.002, 76.89, -19.17);
insert into SHOT values (4569, 4471, 4551, 6541, 5.310, 51.48, 2.14, 5.306, 51.51, 2.16, 0.005, 198.79, 19.09);
insert into SHOT values (4570, 4471, 4552, 6541, 4.470, 253.20, 4.46, 4.474, 253.19, 4.49, 0.005, 242.58, 29.66);
insert into SHOT values (4571, 4471, 4553, 6541, 46.630, 310.65, -38.05, 46.630, 310.65, -38.05, 0.001, 217.69, 22.47);
insert into SHOT values (4572, 4467, 4554, 6541, 17.940, 139.87, 43.78, 17.937, 139.85, 43.78, 0.005, 25.86, -33.50);
insert into SHOT values (4573, 4467, 4555, 6541, 16.850, 142.82, -3.50, 16.848, 142.83, -3.51, 0.004, 270.66, -19.24);
insert into SHOT values (4574, 4467, 4556, 6541, 5.360, 36.88, -12.64, 5.367, 36.85, -12.70, 0.010, 10.54, -47.15);
insert into SHOT values (4575, 4467, 4557, 6541, 13.990, 310.30, -4.58, 13.994, 310.29, -4.59, 0.005, 274.02, -33.54);
insert into SHOT values (4576, 4483, 4558, 6541, 4.120, 180.75, 77.32, 4.122, 180.63, 77.24, 0.006, 162.17, 4.59);
insert into SHOT values (4577, 4483, 4559, 6541, 5.580, 214.33, 79.05, 5.583, 214.29, 79.00, 0.005, 205.48, 17.00);
insert into SHOT values (4578, 4483, 4560, 6541, 1.210, 198.57, -85.18, 1.205, 196.70, -85.03, 0.007, 146.71, 52.86);
insert into SHOT values (4579, 4483, 4561, 6541, 3.250, 190.30, -80.26, 3.247, 190.49, -80.26, 0.004, 299.77, 58.31);
insert into SHOT values (4580, 4483, 4562, 6541, 9.080, 114.14, 15.63, 9.083, 114.16, 15.65, 0.005, 173.30, 42.82);
insert into SHOT values (4581, 4483, 4563, 6541, 11.900, 185.20, -3.87, 11.906, 185.22, -3.85, 0.008, 213.24, 23.81);
insert into SHOT values (4582, 4483, 4564, 6541, 3.420, 283.27, -2.89, 3.415, 283.22, -2.85, 0.006, 132.16, 22.05);
insert into SHOT values (4583, 4483, 4565, 6541, 4.420, 352.81, -3.88, 4.415, 352.83, -3.90, 0.006, 159.52, -9.34);
insert into SHOT values (4584, 4490, 4566, 6541, 1.970, 194.04, 77.66, 1.976, 195.02, 77.60, 0.010, 258.75, 34.52);
insert into SHOT values (4585, 4490, 4567, 6541, 1.180, 153.06, -73.58, 1.179, 153.43, -73.47, 0.003, 203.01, 33.17);
insert into SHOT values (4586, 4490, 4568, 6541, 5.070, 112.40, -1.09, 5.063, 112.41, -1.02, 0.009, 284.26, 43.43);
insert into SHOT values (4587, 4490, 4569, 6541, 6.060, 200.88, 4.64, 6.059, 200.96, 4.64, 0.008, 295.71, -1.59);
insert into SHOT values (4588, 4490, 4570, 6541, 2.060, 272.52, -5.70, 2.062, 272.51, -5.57, 0.005, 266.66, 64.72);
insert into SHOT values (4589, 4491, 4571, 6541, 2.260, 248.58, 81.42, 2.255, 248.84, 81.52, 0.007, 51.07, -43.34);
insert into SHOT values (4590, 4491, 4572, 6541, 0.630, 212.07, -87.40, 0.631, 213.69, -86.72, 0.008, 219.85, -4.92);
insert into SHOT values (4591, 4491, 4573, 6541, 26.550, 182.43, 6.41, 26.549, 182.43, 6.40, 0.004, 282.37, -71.40);
insert into SHOT values (4592, 4491, 4574, 6541, 28.310, 171.54, 7.09, 28.311, 171.55, 7.08, 0.006, 234.99, -48.45);
insert into SHOT values (4593, 4491, 4575, 6541, 6.790, 1.43, -10.10, 6.787, 1.46, -10.10, 0.004, 130.30, 10.07);
insert into SHOT values (4594, 4502, 4576, 6541, 3.070, 121.16, 78.58, 3.071, 121.61, 78.53, 0.006, 181.68, 8.10);
insert into SHOT values (4595, 4502, 4577, 6541, 0.770, 162.07, -87.87, 0.771, 180.00, -87.77, 0.009, 252.54, -3.30);
insert into SHOT values (4596, 4502, 4578, 6541, 44.590, 148.11, -58.56, 44.594, 148.13, -58.57, 0.010, 253.36, -40.51);
insert into SHOT values (4597, 4502, 4579, 6541, 18.350, 172.12, -69.98, 18.351, 172.14, -69.96, 0.007, 189.94, 9.04);
insert into SHOT values (4598, 4502, 4580, 6541, 23.110, 160.44, -64.61, 23.112, 160.49, -64.61, 0.008, 249.56, -15.34);
insert into SHOT values (4599, 4502, 4581, 6541, 4.220, 67.94, -16.91, 4.217, 68.01, -16.96, 0.007, 196.97, -20.70);
insert into SHOT values (4600, 4502, 4582, 6541, 3.080, 241.44, 3.66, 3.080, 241.43, 3.54, 0.007, 210.06, -84.80);
insert into SURVEY values (6543, 71, 'lost_in_translation', 'lost_in_translation.clearwater_master', NULL);
 insert into CENTRELINE values (6544, 6543, NULL, NULL, NULL, 0.00, 0.00, 0.00);
 insert into CENTRELINE values (6545, 6543, NULL, '2014-05-08', NULL, 258.38, 0.00, 0.00);
 insert into TOPO values (9, 6545);
 insert into SHOT values (4601, 4583, 4584, 6545, 9.126, 227.80, -18.11, 9.125, 227.76, -18.13, 0.007, 122.07, -25.91);
insert into SHOT values (4602, 4584, 4585, 6545, 2.640, 152.81, 24.48, 2.638, 152.69, 24.65, 0.010, 16.41, 38.96);
insert into SHOT values (4603, 4584, 4586, 6545, 7.561, 333.87, 3.76, 7.566, 333.91, 3.79, 0.008, 23.49, 30.99);
insert into SHOT values (4604, 4584, 4587, 6545, 11.880, 193.61, 84.64, 11.881, 193.66, 84.68, 0.009, 7.54, 12.66);
insert into SHOT values (4605, 4584, 4588, 6545, 0.980, 127.65, -87.41, 0.981, 123.69, -87.89, 0.009, 324.32, -6.58);
insert into SHOT values (4606, 4584, 4589, 6545, 17.990, 220.94, 43.52, 17.990, 220.96, 43.53, 0.005, 335.78, 22.60);
insert into SHOT values (4607, 4584, 4590, 6545, 16.080, 252.34, 28.06, 16.081, 252.36, 28.08, 0.008, 13.76, 50.94);
insert into SHOT values (4608, 4584, 4591, 6545, 9.950, 282.28, 4.19, 9.956, 282.33, 4.20, 0.011, 338.81, 16.64);
insert into SHOT values (4609, 4584, 4592, 6545, 14.720, 121.73, 54.05, 14.721, 121.70, 54.07, 0.006, 358.08, 37.38);
insert into SHOT values (4610, 4584, 4593, 6545, 13.850, 83.81, 29.82, 13.847, 83.79, 29.84, 0.008, 305.52, 19.94);
insert into SHOT values (4611, 4584, 4594, 6545, 3.561, 49.76, -8.09, 3.562, 49.72, -8.07, 0.003, 334.15, 22.05);
insert into SHOT values (4612, 4584, 4595, 6545, 10.560, 52.41, 47.52, 10.565, 52.34, 47.51, 0.010, 354.22, 10.78);
insert into SHOT values (4613, 4584, 4596, 6545, 7.600, 21.01, 18.53, 7.603, 20.97, 18.56, 0.007, 310.71, 44.99);
insert into SHOT values (4614, 4584, 4597, 6545, 6.770, 345.18, -10.73, 6.779, 345.21, -10.71, 0.010, 8.12, 2.62);
insert into SHOT values (4615, 4584, 4598, 6545, 3.471, 315.76, -34.14, 3.477, 315.70, -34.12, 0.006, 287.75, -18.55);
insert into SHOT values (4616, 4584, 4599, 6545, 9.900, 313.70, 22.22, 9.910, 313.72, 22.23, 0.011, 333.18, 33.94);
insert into SHOT values (4617, 4584, 4600, 6545, 9.989, 282.29, 11.12, 9.993, 282.31, 11.14, 0.006, 319.19, 35.70);
insert into SHOT values (4618, 4584, 4601, 6545, 9.580, 349.17, 33.83, 9.587, 349.14, 33.85, 0.009, 308.10, 47.39);
insert into SHOT values (4619, 4584, 4602, 6545, 10.380, 336.36, 63.61, 10.383, 336.38, 63.60, 0.004, 0.62, 26.14);
insert into SHOT values (4620, 4584, 4603, 6545, 8.489, 279.69, -22.16, 8.489, 279.74, -22.14, 0.007, 358.16, 16.64);
insert into SHOT values (4621, 4603, 4604, 6545, 0.970, 257.59, 3.78, 0.975, 257.54, 3.53, 0.006, 247.11, -37.59);
insert into SHOT values (4622, 4603, 4605, 6545, 2.311, 34.74, -9.44, 2.309, 34.81, -9.47, 0.004, 164.87, -15.54);
insert into SHOT values (4623, 4603, 4606, 6545, 3.390, 327.65, 43.07, 3.387, 327.53, 43.00, 0.007, 246.64, -43.31);
insert into SHOT values (4624, 4603, 4607, 6545, 1.150, 101.31, -86.44, 1.152, 105.95, -86.38, 0.006, 180.20, -20.31);
insert into SHOT values (4625, 4603, 4608, 6545, 11.500, 355.94, -47.48, 11.501, 355.94, -47.50, 0.005, 174.10, -55.58);
insert into SHOT values (4626, 4609, 4603, 6545, 11.099, 176.43, 46.31, 11.101, 176.41, 46.33, 0.005, 55.03, 54.40);
insert into SHOT values (4627, 4610, 4609, 6545, 9.806, 104.96, 45.75, 9.803, 104.99, 45.73, 0.005, 189.59, -47.72);
insert into SHOT values (4628, 4610, 4611, 6545, 2.671, 27.89, 6.13, 2.664, 27.92, 6.25, 0.009, 197.47, 32.13);
insert into SHOT values (4629, 4610, 4612, 6545, 0.540, 170.67, 18.58, 0.544, 171.09, 18.23, 0.006, 211.24, -19.70);
insert into SHOT values (4630, 4610, 4613, 6545, 6.480, 15.15, 74.24, 6.484, 15.14, 74.24, 0.004, 1.17, 72.31);
insert into SHOT values (4631, 4610, 4614, 6545, 1.360, 167.42, -84.38, 1.357, 167.01, -84.36, 0.004, 90.70, 74.01);
insert into SHOT values (4632, 4610, 4615, 6545, 8.590, 277.10, -13.83, 8.592, 277.09, -13.80, 0.005, 252.26, 47.03);
insert into SHOT values (4633, 4610, 4616, 6545, 12.621, 255.43, 14.40, 12.621, 255.41, 14.41, 0.005, 164.09, 14.51);
insert into SHOT values (4634, 4610, 4617, 6545, 12.479, 239.66, 14.19, 12.478, 239.66, 14.20, 0.002, 47.67, 27.55);
insert into SHOT values (4635, 4610, 4618, 6545, 10.510, 270.39, 52.02, 10.508, 270.35, 52.00, 0.006, 211.22, -42.10);
insert into SHOT values (4636, 4610, 4619, 6545, 9.400, 308.90, -16.75, 9.395, 308.91, -16.77, 0.006, 115.23, -9.62);
insert into SHOT values (4637, 4610, 4620, 6545, 3.769, 343.65, -13.84, 3.767, 343.65, -13.82, 0.002, 173.29, 44.88);
insert into SHOT values (4638, 4610, 4621, 6545, 1.950, 185.48, 2.65, 1.951, 185.59, 2.64, 0.004, 256.05, -2.20);
insert into SHOT values (4639, 4622, 4610, 6545, 9.019, 125.80, 17.71, 9.016, 125.76, 17.69, 0.007, 16.44, -30.99);
insert into SHOT values (4640, 4622, 4623, 6545, 0.250, 280.41, 5.50, 0.246, 281.77, 4.66, 0.008, 43.35, -29.77);
insert into SHOT values (4641, 4622, 4624, 6545, 5.540, 98.39, 5.64, 5.545, 98.34, 5.59, 0.009, 52.73, -31.36);
insert into SHOT values (4642, 4622, 4625, 6545, 8.850, 18.37, 84.71, 8.848, 18.43, 84.67, 0.007, 26.85, -20.05);
insert into SHOT values (4643, 4622, 4626, 6545, 1.480, 244.46, -81.26, 1.486, 245.77, -81.51, 0.010, 22.71, -43.61);
insert into SHOT values (4644, 4627, 4622, 6545, 5.569, 235.74, 8.44, 5.575, 235.79, 8.46, 0.008, 278.88, 19.97);
insert into SHOT values (4645, 4627, 4628, 6545, 2.150, 323.32, 11.67, 2.151, 323.29, 11.53, 0.006, 301.39, -61.62);
insert into SHOT values (4646, 4627, 4629, 6545, 1.600, 117.89, 7.65, 1.597, 117.86, 7.55, 0.004, 318.59, -51.61);
insert into SHOT values (4647, 4627, 4630, 6545, 3.170, 296.23, 85.83, 3.169, 297.65, 85.71, 0.009, 338.33, -10.43);
insert into SHOT values (4648, 4627, 4631, 6545, 1.450, 325.88, -84.22, 1.448, 323.13, -84.05, 0.009, 263.71, 17.90);
insert into SHOT values (4649, 4627, 4632, 6545, 8.973, 47.08, -41.26, 8.973, 46.98, -41.28, 0.012, 304.85, -12.17);
insert into SHOT values (4650, 4632, 4633, 6545, 4.300, 292.80, -1.31, 4.295, 292.74, -1.33, 0.007, 153.16, -14.41);
insert into SHOT values (4651, 4622, 4634, 6545, 11.520, 172.63, 27.57, 11.521, 172.63, 27.56, 0.003, 178.63, -36.03);
insert into SHOT values (4652, 4634, 4635, 6545, 3.390, 203.38, 3.31, 3.383, 203.38, 3.22, 0.009, 24.89, -38.80);
insert into SHOT values (4653, 4634, 4636, 6545, 4.930, 330.65, 0.62, 4.930, 330.73, 0.58, 0.008, 63.99, -25.64);
insert into SHOT values (4654, 4634, 4637, 6545, 1.480, 299.98, 77.98, 1.482, 301.61, 78.11, 0.010, 49.37, 14.92);
insert into SHOT values (4655, 4634, 4638, 6545, 1.720, 227.40, -83.79, 1.719, 227.29, -84.09, 0.009, 49.52, -0.58);
insert into SHOT values (4656, 4634, 4639, 6545, 8.319, 300.13, 1.73, 8.321, 300.17, 1.72, 0.006, 15.91, -10.31);
insert into SHOT values (4657, 4639, 4640, 6545, 0.830, 222.65, 3.52, 0.830, 222.55, 3.46, 0.002, 118.05, -33.50);
insert into SHOT values (4658, 4639, 4641, 6545, 0.990, 22.94, 9.13, 0.990, 22.89, 9.30, 0.003, 261.08, 71.17);
insert into SHOT values (4659, 4639, 4642, 6545, 0.710, 343.11, 85.27, 0.712, 338.20, 85.66, 0.007, 206.41, 19.78);
insert into SHOT values (4660, 4639, 4643, 6545, 0.240, 289.18, -72.31, 0.241, 285.95, -72.44, 0.004, 195.80, -18.14);
insert into SHOT values (4661, 4639, 4644, 6545, 3.377, 298.99, -9.79, 3.374, 298.95, -9.73, 0.005, 163.21, 54.75);
insert into SHOT values (4662, 4644, 4645, 6545, 2.690, 212.47, 3.15, 2.683, 212.50, 2.99, 0.010, 18.00, -50.86);
insert into SHOT values (4663, 4644, 4646, 6545, 1.919, 22.48, 3.02, 1.917, 22.41, 2.99, 0.003, 255.26, -21.31);
insert into SHOT values (4664, 4644, 4647, 6545, 1.550, 44.30, 81.40, 1.548, 43.26, 81.32, 0.005, 335.47, -29.62);
insert into SHOT values (4665, 4644, 4648, 6545, 0.770, 196.16, -84.65, 0.773, 195.95, -84.60, 0.004, 181.00, -72.74);
insert into SHOT values (4666, 4644, 4649, 6545, 7.959, 279.42, -17.13, 7.958, 279.46, -17.17, 0.008, 33.24, -43.13);
insert into SHOT values (4667, 4649, 4650, 6545, 2.330, 226.27, 13.68, 2.336, 226.25, 13.62, 0.007, 219.00, -9.11);
insert into SHOT values (4668, 4649, 4651, 6545, 4.670, 23.92, 4.51, 4.662, 23.86, 4.55, 0.010, 233.33, 16.29);
insert into SHOT values (4669, 4649, 4652, 6545, 6.280, 31.98, 82.68, 6.280, 32.08, 82.77, 0.010, 203.43, 7.10);
insert into SHOT values (4670, 4649, 4653, 6545, 1.219, 209.55, -81.49, 1.214, 209.36, -81.30, 0.006, 198.60, 59.83);
insert into SHOT values (4671, 4649, 4654, 6545, 6.630, 74.06, 1.04, 6.626, 74.05, 1.04, 0.004, 262.91, -4.75);
insert into SHOT values (4672, 4654, 4655, 6545, 2.280, 296.44, -4.58, 2.275, 296.45, -4.54, 0.006, 111.34, 21.01);
insert into SHOT values (4673, 4654, 4656, 6545, 0.250, 95.07, 5.51, 0.254, 96.84, 6.79, 0.010, 165.12, 35.88);
insert into SHOT values (4674, 4654, 4657, 6545, 1.210, 354.20, 70.89, 1.206, 354.14, 71.02, 0.005, 179.56, -38.95);
insert into SHOT values (4675, 4654, 4658, 6545, 1.380, 42.05, -84.29, 1.377, 41.99, -84.39, 0.004, 225.10, 48.71);
insert into SHOT values (4676, 4654, 4659, 6545, 3.593, 344.08, -15.73, 3.587, 344.03, -15.69, 0.007, 193.27, 34.41);
insert into SHOT values (4677, 4659, 4660, 6545, 0.290, 304.35, 7.74, 0.291, 303.69, 7.90, 0.004, 232.16, 15.13);
insert into SHOT values (4678, 4659, 4661, 6545, 1.700, 144.85, 15.10, 1.700, 144.67, 15.00, 0.006, 68.40, -27.65);
insert into SHOT values (4679, 4659, 4662, 6545, 0.900, 141.46, 61.22, 0.901, 141.55, 61.21, 0.002, 178.63, 47.30);
insert into SHOT values (4680, 4659, 4663, 6545, 0.640, 177.21, -86.32, 0.641, 180.00, -86.42, 0.003, 297.23, -30.41);
insert into SHOT values (4681, 4659, 4664, 6545, 2.636, 57.94, -0.59, 2.642, 57.99, -0.65, 0.007, 81.95, -24.78);
insert into SHOT values (4682, 4664, 4665, 6545, 5.820, 74.72, -80.96, 5.822, 74.74, -80.99, 0.003, 245.04, -44.21);
insert into SHOT values (4683, 4649, 4666, 6545, 12.720, 322.26, -31.68, 12.722, 322.24, -31.67, 0.004, 268.79, 2.84);
insert into SHOT values (4684, 4666, 4667, 6545, 4.040, 247.89, 6.52, 4.041, 247.91, 6.54, 0.002, 300.50, 39.87);
insert into SHOT values (4685, 4666, 4668, 6545, 2.940, 76.78, 8.59, 2.939, 76.87, 8.61, 0.005, 179.78, 10.30);
insert into SHOT values (4686, 4666, 4669, 6545, 9.611, 315.88, 83.95, 9.613, 315.81, 84.00, 0.009, 144.18, 15.93);
insert into SHOT values (4687, 4666, 4670, 6545, 0.350, 101.89, -83.63, 0.352, 104.04, -83.28, 0.004, 134.97, -37.38);
insert into SHOT values (4688, 4666, 4671, 6545, 5.541, 187.19, 35.86, 5.547, 187.16, 35.87, 0.006, 155.92, 38.73);
insert into SHOT values (4689, 4666, 4672, 6545, 7.600, 252.67, 46.18, 7.596, 252.63, 46.17, 0.005, 127.19, -40.31);
insert into SHOT values (4690, 4666, 4673, 6545, 5.940, 191.29, -33.85, 5.942, 191.22, -33.85, 0.006, 111.67, -11.77);
insert into SHOT values (4691, 4666, 4674, 6545, 18.019, 303.01, 2.63, 18.012, 303.00, 2.64, 0.008, 144.56, 22.85);
insert into SHOT values (4692, 4666, 4675, 6545, 25.569, 359.31, 14.85, 25.565, 359.30, 14.85, 0.005, 216.48, -37.53);
insert into SHOT values (4693, 4666, 4676, 6545, 8.290, 18.96, -3.03, 8.291, 18.96, -3.04, 0.002, 20.89, -66.56);
insert into SHOT values (4694, 4666, 4677, 6545, 18.763, 304.31, -25.33, 18.766, 304.31, -25.33, 0.003, 290.30, -53.84);
insert into SHOT values (4695, 4677, 4678, 6545, 3.099, 279.12, -9.17, 3.097, 279.03, -9.10, 0.006, 171.69, 37.88);
insert into SHOT values (4696, 4677, 4679, 6545, 4.460, 93.56, 16.25, 4.467, 93.61, 16.25, 0.008, 122.64, 14.39);
insert into SHOT values (4697, 4677, 4680, 6545, 11.650, 147.14, 85.58, 11.655, 147.19, 85.55, 0.008, 153.94, 35.64);
insert into SHOT values (4698, 4677, 4681, 6545, 0.880, 121.36, -85.12, 0.874, 119.74, -84.71, 0.009, 99.73, 47.85);
insert into SHOT values (4699, 4677, 4682, 6545, 14.950, 198.72, 7.60, 14.953, 198.69, 7.61, 0.008, 131.44, 19.19);
insert into SHOT values (4700, 4677, 4683, 6545, 5.860, 219.11, 23.09, 5.866, 219.06, 23.09, 0.008, 176.67, 14.21);
insert into SHOT values (4701, 4677, 4684, 6545, 13.560, 181.02, 42.35, 13.564, 181.03, 42.37, 0.005, 264.37, 72.78);
insert into SHOT values (4702, 4677, 4685, 6545, 6.000, 149.05, 41.93, 6.003, 149.01, 41.91, 0.005, 112.55, 8.10);
insert into SHOT values (4703, 4677, 4686, 6545, 10.960, 126.42, 67.41, 10.962, 126.41, 67.40, 0.002, 101.87, 21.58);
insert into SHOT values (4704, 4677, 4687, 6545, 1.330, 331.72, 3.36, 1.322, 331.49, 3.47, 0.010, 185.90, 12.44);
insert into SHOT values (4705, 4677, 4688, 6545, 8.560, 9.48, -15.08, 8.556, 9.47, -15.04, 0.008, 209.17, 69.09);
insert into SHOT values (4706, 4677, 4689, 6545, 7.290, 31.41, -10.28, 7.289, 31.43, -10.27, 0.003, 136.69, 20.80);
insert into SHOT values (4707, 4677, 4690, 6545, 5.850, 49.35, 29.76, 5.853, 49.47, 29.81, 0.012, 139.99, 29.99);
insert into SHOT values (4708, 4677, 4691, 6545, 9.690, 39.30, 65.54, 9.688, 39.33, 65.56, 0.005, 194.70, -3.77);
insert into SHOT values (4709, 4677, 4692, 6545, 6.543, 15.59, 14.86, 6.542, 15.60, 14.88, 0.003, 166.23, 52.21);
insert into SHOT values (4710, 4692, 4693, 6545, 0.360, 277.09, 7.35, 0.356, 276.52, 8.08, 0.007, 133.34, 33.64);
insert into SHOT values (4711, 4692, 4694, 6545, 1.991, 100.98, 2.13, 1.998, 100.97, 2.29, 0.009, 98.73, 41.10);
insert into SHOT values (4712, 4692, 4695, 6545, 10.160, 196.60, 77.51, 10.161, 196.62, 77.48, 0.005, 207.80, 5.30);
insert into SHOT values (4713, 4692, 4696, 6545, 0.800, 134.29, -81.77, 0.798, 135.00, -81.85, 0.003, 269.03, 41.74);
insert into SHOT values (4714, 4692, 4697, 6545, 9.637, 20.78, -4.65, 9.637, 20.79, -4.64, 0.003, 101.45, 28.94);
insert into SHOT values (4715, 4697, 4698, 6545, 3.531, 281.71, 4.99, 3.526, 281.66, 5.04, 0.007, 131.72, 25.90);
insert into SHOT values (4716, 4697, 4699, 6545, 0.610, 108.07, 13.46, 0.608, 108.74, 13.32, 0.007, 213.64, -15.45);
insert into SHOT values (4717, 4697, 4700, 6545, 9.450, 10.57, 77.54, 9.451, 10.48, 77.57, 0.006, 222.91, 23.62);
insert into SHOT values (4718, 4697, 4701, 6545, 0.980, 333.32, -76.46, 0.976, 333.43, -76.76, 0.006, 148.92, 25.27);
insert into SHOT values (4719, 4697, 4702, 6545, 8.679, 29.58, -10.52, 8.676, 29.57, -10.49, 0.005, 246.84, 61.74);
insert into SHOT values (4720, 4702, 4703, 6545, 4.011, 292.19, 18.05, 4.009, 292.19, 18.02, 0.003, 105.43, -66.79);
insert into SHOT values (4721, 4702, 4704, 6545, 2.130, 110.28, 5.44, 2.133, 110.40, 5.38, 0.006, 168.39, -20.54);
insert into SHOT values (4722, 4702, 4705, 6545, 4.320, 6.59, 82.70, 4.314, 7.39, 82.75, 0.010, 127.08, -29.59);
insert into SHOT values (4723, 4702, 4706, 6545, 1.560, 287.24, -83.29, 1.560, 286.39, -83.48, 0.006, 134.54, -6.82);
insert into SHOT values (4724, 4702, 4707, 6545, 2.253, 65.17, -33.61, 2.261, 65.20, -33.57, 0.008, 73.76, -21.29);
insert into SHOT values (4725, 4707, 4708, 6545, 2.020, 297.59, 8.71, 2.017, 297.46, 8.55, 0.008, 184.23, -51.03);
insert into SHOT values (4726, 4707, 4709, 6545, 1.970, 118.92, 6.82, 1.970, 119.05, 6.71, 0.006, 207.63, -40.59);
insert into SHOT values (4727, 4707, 4710, 6545, 4.010, 323.24, 82.65, 4.013, 322.91, 82.64, 0.004, 251.68, 43.14);
insert into SHOT values (4728, 4707, 4711, 6545, 0.410, 259.00, -79.68, 0.408, 255.96, -78.35, 0.010, 232.85, 18.77);
insert into SHOT values (4729, 4707, 4712, 6545, 21.780, 351.90, 18.49, 21.782, 351.87, 18.50, 0.010, 272.23, 15.77);
insert into SHOT values (4730, 4707, 4713, 6545, 14.290, 0.18, -6.74, 14.289, 0.16, -6.75, 0.006, 255.67, -31.22);
insert into SHOT values (4731, 4707, 4714, 6545, 3.300, 93.19, 3.77, 3.293, 93.32, 3.83, 0.011, 228.92, 16.36);
insert into SHOT values (4732, 4707, 4715, 6545, 3.280, 75.19, -4.46, 3.278, 75.28, -4.55, 0.008, 193.70, -39.22);
insert into SHOT values (4733, 4707, 4716, 6545, 12.280, 83.63, 6.37, 12.271, 83.64, 6.36, 0.010, 245.45, -14.14);
insert into SHOT values (4734, 4697, 4717, 6545, 17.070, 311.86, -16.97, 17.066, 311.85, -16.97, 0.006, 182.44, 23.93);
insert into SHOT values (4735, 4717, 4718, 6545, 2.570, 185.85, 12.40, 2.563, 185.96, 12.39, 0.008, 329.16, -12.96);
insert into SHOT values (4736, 4717, 4719, 6545, 1.889, 335.04, 13.59, 1.891, 335.25, 13.46, 0.008, 41.83, -28.16);
insert into SHOT values (4737, 4717, 4720, 6545, 1.360, 277.75, 71.57, 1.361, 277.94, 71.40, 0.004, 296.97, -3.17);
insert into SHOT values (4738, 4717, 4721, 6545, 0.400, 149.62, -85.18, 0.402, 146.31, -84.85, 0.003, 108.50, -24.08);
insert into SHOT values (4739, 4717, 4722, 6545, 6.000, 240.04, 26.94, 5.997, 240.03, 26.97, 0.005, 73.71, 21.02);
insert into SHOT values (4740, 4722, 4723, 6545, 0.859, 255.03, 9.44, 0.860, 254.98, 9.36, 0.002, 231.32, -26.50);
insert into SHOT values (4741, 4722, 4724, 6545, 1.361, 37.23, 7.09, 1.359, 36.87, 6.76, 0.012, 303.05, -43.19);
insert into SHOT values (4742, 4722, 4725, 6545, 2.630, 227.45, 86.03, 2.626, 229.40, 85.97, 0.008, 298.13, -29.04);
insert into SHOT values (4743, 4722, 4726, 6545, 0.950, 208.32, -80.29, 0.954, 209.74, -80.27, 0.005, 284.76, -41.19);
insert into SHOT values (4744, 4722, 4727, 6545, 7.536, 329.99, 39.22, 7.536, 330.01, 39.17, 0.007, 0.55, -48.86);
insert into SHOT values (4745, 4727, 4728, 6545, 1.640, 255.90, 9.41, 1.642, 255.71, 9.46, 0.006, 187.92, 17.51);
insert into SHOT values (4746, 4727, 4729, 6545, 2.400, 69.92, 12.95, 2.393, 69.93, 13.04, 0.008, 245.87, 16.19);
insert into SHOT values (4747, 4727, 4730, 6545, 3.510, 48.28, 85.56, 3.510, 48.01, 85.60, 0.003, 253.56, 10.29);
insert into SHOT values (4748, 4727, 4731, 6545, 0.510, 338.65, -59.22, 0.511, 337.38, -59.42, 0.006, 238.30, -17.43);
insert into SHOT values (4749, 4727, 4732, 6545, 3.816, 334.25, 39.73, 3.816, 334.13, 39.75, 0.006, 236.43, 8.74);
insert into SHOT values (4750, 4732, 4733, 6545, 2.150, 274.71, 7.45, 2.146, 274.85, 7.50, 0.007, 43.23, 10.26);
insert into SHOT values (4751, 4732, 4734, 6545, 0.240, 75.07, 14.22, 0.245, 75.38, 14.17, 0.005, 89.33, 11.35);
insert into SHOT values (4752, 4732, 4735, 6545, 12.670, 266.97, 69.45, 12.666, 267.03, 69.45, 0.006, 13.96, -35.64);
insert into SHOT values (4753, 4732, 4736, 6545, 1.500, 280.30, -78.83, 1.497, 280.12, -79.05, 0.006, 108.35, 14.31);
insert into SHOT values (4754, 4732, 4737, 6545, 4.559, 328.21, -17.25, 4.556, 328.25, -17.24, 0.004, 101.93, 27.16);
insert into SHOT values (4755, 4737, 4738, 6545, 1.580, 264.16, 17.80, 1.582, 264.29, 17.66, 0.006, 311.72, -33.02);
insert into SHOT values (4756, 4737, 4739, 6545, 9.860, 77.89, 4.75, 9.853, 77.89, 4.77, 0.008, 259.26, 24.78);
insert into SHOT values (4757, 4737, 4740, 6545, 9.960, 24.06, 75.61, 9.962, 24.08, 75.61, 0.003, 104.11, 70.52);
insert into SHOT values (4758, 4737, 4741, 6545, 0.699, 312.88, -75.77, 0.703, 312.71, -75.42, 0.006, 306.97, -25.55);
insert into SHOT values (4759, 4737, 4742, 6545, 10.890, 342.52, -6.77, 10.896, 342.52, -6.80, 0.008, 341.77, -48.18);
insert into SHOT values (4760, 4737, 4743, 6545, 5.270, 18.43, -1.57, 5.270, 18.37, -1.63, 0.008, 291.68, -43.67);
insert into SHOT values (4761, 4737, 4744, 6545, 11.540, 42.96, 3.28, 11.538, 42.96, 3.28, 0.002, 225.09, -7.27);
insert into SHOT values (4762, 4737, 4745, 6545, 12.020, 92.77, 2.78, 12.018, 92.77, 2.77, 0.004, 276.39, -58.37);
insert into SHOT values (4763, 4737, 4746, 6545, 8.290, 122.18, 19.26, 8.287, 122.21, 19.24, 0.006, 241.99, -46.43);
insert into SHOT values (4764, 4737, 4747, 6545, 13.520, 104.98, 46.49, 13.514, 104.95, 46.48, 0.008, 342.18, -40.70);
insert into SHOT values (4765, 4737, 4748, 6545, 14.559, 54.84, 74.98, 14.556, 54.83, 75.00, 0.006, 239.33, -16.46);
insert into SHOT values (4766, 4737, 4749, 6545, 11.810, 328.26, 52.72, 11.813, 328.20, 52.73, 0.008, 242.15, 21.00);
insert into SHOT values (4767, 4737, 4750, 6545, 15.630, 303.49, 16.27, 15.636, 303.48, 16.27, 0.007, 277.38, 8.47);
insert into SHOT values (4768, 4737, 4751, 6545, 16.210, 330.67, 2.07, 16.210, 330.65, 2.05, 0.008, 239.64, -44.20);
insert into SHOT values (4769, 4737, 4752, 6545, 10.880, 352.51, -12.91, 10.885, 352.53, -12.90, 0.006, 23.48, 7.70);
insert into SHOT values (4770, 4737, 4753, 6545, 11.680, 269.49, 54.53, 11.680, 269.49, 54.51, 0.004, 277.09, -42.31);
insert into SHOT values (4771, 4737, 4754, 6545, 14.330, 185.25, 68.52, 14.324, 185.25, 68.53, 0.007, 1.48, -41.68);
insert into SHOT values (4772, 4737, 4755, 6545, 3.770, 197.69, 36.66, 3.769, 197.72, 36.66, 0.002, 320.90, -29.92);
insert into SHOT values (4773, 4737, 4756, 6545, 9.820, 313.25, 9.80, 9.821, 313.24, 9.79, 0.002, 259.93, -39.05);
insert into SHOT values (4774, 4756, 4757, 6545, 4.290, 252.97, 18.59, 4.292, 252.99, 18.61, 0.003, 292.16, 45.91);
insert into SHOT values (4775, 4756, 4758, 6545, 2.131, 32.74, -0.73, 2.128, 32.72, -0.81, 0.004, 226.22, -40.49);
insert into SHOT values (4776, 4756, 4759, 6545, 9.650, 2.02, 74.82, 9.648, 2.04, 74.79, 0.006, 11.22, -34.51);
insert into SHOT values (4777, 4756, 4760, 6545, 1.140, 259.68, -72.03, 1.137, 260.27, -71.80, 0.007, 307.09, 41.35);
insert into SHOT values (4778, 4756, 4761, 6545, 13.013, 328.09, 0.99, 13.019, 328.09, 0.97, 0.008, 333.97, -40.00);
insert into SHOT values (4779, 4761, 4762, 6545, 2.550, 266.48, 26.75, 2.549, 266.47, 26.82, 0.004, 93.95, 38.70);
insert into SHOT values (4780, 4761, 4763, 6545, 2.550, 49.50, 6.69, 2.550, 49.64, 6.76, 0.007, 139.13, 24.72);
insert into SHOT values (4781, 4761, 4764, 6545, 10.640, 289.59, 76.43, 10.646, 289.45, 76.46, 0.010, 164.23, 43.83);
insert into SHOT values (4782, 4761, 4765, 6545, 1.481, 39.29, -56.17, 1.477, 39.54, -56.41, 0.008, 194.62, 1.75);
insert into SHOT values (4783, 4761, 4766, 6545, 6.753, 346.70, 2.95, 6.750, 346.71, 2.97, 0.004, 155.15, 35.17);
insert into SHOT values (4784, 4766, 4767, 6545, 2.550, 191.46, 3.17, 2.555, 191.53, 3.14, 0.006, 221.55, -9.23);
insert into SHOT values (4785, 4766, 4768, 6545, 2.330, 39.06, 4.41, 2.325, 39.05, 4.44, 0.006, 225.06, 8.74);
insert into SHOT values (4786, 4766, 4769, 6545, 7.970, 198.75, 82.87, 7.972, 198.80, 82.84, 0.004, 211.80, 23.08);
insert into SHOT values (4787, 4766, 4770, 6545, 0.470, 126.87, -87.56, 0.471, 116.57, -87.28, 0.004, 63.33, -5.45);
insert into SHOT values (4788, 4766, 4771, 6545, 17.776, 268.82, 21.05, 17.781, 268.83, 21.06, 0.007, 293.58, 51.59);
insert into SHOT values (4789, 4771, 4772, 6545, 2.960, 141.72, 1.28, 2.970, 141.70, 1.16, 0.011, 136.16, -32.24);
insert into SHOT values (4790, 4771, 4773, 6545, 1.749, 6.62, 20.48, 1.751, 6.65, 20.39, 0.003, 24.24, -35.61);
insert into SHOT values (4791, 4771, 4774, 6545, 5.971, 61.86, 74.56, 5.968, 61.99, 74.48, 0.010, 88.09, -33.71);
insert into SHOT values (4792, 4771, 4775, 6545, 1.070, 113.21, -63.22, 1.077, 112.89, -63.03, 0.008, 90.01, -34.58);
insert into SHOT values (4793, 4771, 4776, 6545, 5.871, 146.39, -44.64, 5.878, 146.31, -44.64, 0.009, 96.99, -31.63);
insert into SHOT values (4794, 4771, 4777, 6545, 3.023, 239.15, 6.21, 3.022, 239.17, 6.08, 0.007, 2.94, -81.27);
insert into SHOT values (4795, 4777, 4778, 6545, 4.390, 149.32, -4.08, 4.396, 149.28, -4.04, 0.007, 125.24, 18.54);
insert into SHOT values (4796, 4777, 4779, 6545, 0.670, 346.32, 11.89, 0.663, 346.61, 12.20, 0.009, 144.27, 12.74);
insert into SHOT values (4797, 4777, 4780, 6545, 31.150, 229.72, 83.93, 31.154, 229.68, 83.93, 0.005, 98.06, 57.74);
insert into SHOT values (4798, 4777, 4781, 6545, 1.610, 90.38, -84.69, 1.607, 90.00, -84.64, 0.003, 45.54, 65.47);
insert into SHOT values (4799, 4777, 4782, 6545, 31.640, 215.93, 81.56, 31.642, 215.88, 81.57, 0.006, 86.13, 27.78);
insert into SHOT values (4800, 4777, 4783, 6545, 1.470, 174.14, 0.66, 1.478, 174.17, 0.78, 0.008, 180.55, 21.52);
insert into SHOT values (4801, 4777, 4784, 6545, 5.720, 130.33, -45.71, 5.722, 130.34, -45.63, 0.008, 134.41, 32.05);
insert into SHOT values (4802, 4777, 4785, 6545, 1.371, 5.83, 2.68, 1.369, 5.88, 2.93, 0.006, 159.79, 66.40);
insert into SHOT values (4803, 4777, 4786, 6545, 12.940, 2.63, 68.45, 12.941, 2.66, 68.49, 0.009, 166.66, 28.83);
insert into SHOT values (4804, 4777, 4787, 6545, 13.720, 305.91, 71.52, 13.726, 305.92, 71.54, 0.008, 106.21, 72.05);
insert into SCRAPS values (6546, 6543, 'lost_in_translation_s2', 1, 0.38549, 0.01263);
 insert into SCRAPS values (6608, 6543, 'lost_in_translation_ext_s1', 3, 96.59547, 20.53302);
 insert into SCRAPS values (6643, 6543, 'lost_in_translation_s1', 1, 0.04728, 0.00420);
 insert into MAPS values (6653, 6543, 'lostInTranslationPlan', 'Lost In Translation', 1, 258.376, 39.960);
 insert into MAPITEMS values (6653, 4, 6643);
 insert into MAPITEMS values (6653, 4, 6546);
 insert into MAPS values (6654, 6543, 'lost_in_translation_m', NULL, 1, 258.376, 39.960);
 insert into MAPITEMS values (6654, 4, 6643);
 insert into MAPITEMS values (6654, 4, 6546);
 insert into SURVEY values (6656, 71, 'cowarchclimb', 'cowarchclimb.clearwater_master', NULL);
 insert into CENTRELINE values (6657, 6656, NULL, NULL, NULL, 0.00, 0.00, 0.00);
 insert into MAPS values (6658, 6656, 'cowarchclimb_m', NULL, 1, 0.000, 0.000);
 insert into MAPITEMS values (6658, 4, 6660);
 insert into CENTRELINE values (6659, 6656, NULL, '2014-05-13', NULL, 49.92, 0.00, 0.00);
 insert into PERSON values (15, 'Hugh', ' St Lawrence');
insert into TOPO values (15, 6659);
 insert into TOPO values (13, 6659);
 insert into SHOT values (4805, 4788, 4789, 6659, 6.840, 246.05, 51.07, 6.842, 246.00, 51.04, 0.006, 200.93, -9.43);
insert into SHOT values (4806, 4788, 4790, 6659, 10.300, 80.28, 27.71, 10.302, 80.28, 27.71, 0.002, 78.23, 13.49);
insert into SHOT values (4807, 4788, 4791, 6659, 7.800, 197.96, -75.36, 7.795, 197.98, -75.31, 0.008, 204.39, 52.91);
insert into SHOT values (4808, 4792, 4791, 6659, 9.580, 252.72, 1.88, 9.589, 252.70, 1.91, 0.011, 231.26, 31.34);
insert into SHOT values (4809, 4792, 4793, 6659, 15.396, 309.78, 2.66, 15.397, 309.78, 2.68, 0.006, 244.74, 80.66);
insert into SCRAPS values (6660, 6656, 'CowArchClimbSP1', 1, 0.00000, 0.00000);
 insert into SURVEY values (6663, 71, 'fally', 'fally.clearwater_master', NULL);
 insert into CENTRELINE values (6664, 6663, NULL, NULL, NULL, 0.00, 0.00, 0.00);
 insert into SCRAPS values (6665, 6663, 'FallySP1', 1, 0.00000, 0.00000);
 insert into MAPS values (6669, 6663, 'fally_m', NULL, 1, 55.997, 30.960);
 insert into MAPITEMS values (6669, 4, 6665);
 insert into CENTRELINE values (6670, 6663, 'fally', '2014-05-05', NULL, 56.00, 0.00, 0.00);
 insert into SHOT values (4810, 4794, 4795, 6670, 3.770, 264.76, 70.99, 3.765, 264.38, 71.00, 0.009, 159.84, -27.71);
insert into SHOT values (4811, 4794, 4796, 6670, 1.727, 65.84, -48.47, 1.733, 66.34, -48.59, 0.012, 148.60, -35.24);
insert into SHOT values (4812, 4796, 4797, 6670, 6.358, 178.07, -43.24, 6.347, 178.14, -43.26, 0.012, 326.69, 27.11);
insert into SHOT values (4813, 4797, 4798, 6670, 6.188, 153.67, -65.22, 6.193, 153.53, -65.15, 0.011, 119.59, -9.07);
insert into SHOT values (4814, 4798, 4799, 6670, 1.408, 79.11, -10.41, 1.397, 79.10, -10.31, 0.011, 260.66, 23.77);
insert into SHOT values (4815, 4799, 4800, 6670, 12.631, 123.79, -57.87, 12.635, 123.71, -57.87, 0.010, 49.34, -20.75);
insert into SHOT values (4816, 4800, 4801, 6670, 2.012, 95.93, 0.42, 2.011, 95.99, 0.28, 0.005, 208.88, -62.78);
insert into SHOT values (4817, 4801, 4802, 6670, 5.259, 173.48, -42.39, 5.256, 173.50, -42.34, 0.006, 227.27, 75.43);
insert into SHOT values (4818, 4802, 4803, 6670, 16.644, 38.97, -5.70, 16.649, 38.97, -5.69, 0.006, 48.22, 29.11);
insert into SURVEY values (6672, 71, 'snakechimney', 'snakechimney.clearwater_master', NULL);
 insert into CENTRELINE values (6673, 6672, NULL, NULL, NULL, 0.00, 0.00, 0.00);
 insert into MAPS values (6674, 6672, 'snakechimney_m', NULL, 1, 204.500, 40.270);
 insert into MAPITEMS values (6674, 4, 6675);
 insert into MAPITEMS values (6674, 4, 6683);
 insert into SCRAPS values (6675, 6672, 'SnakeChimneySP1', 1, 0.00000, 0.00000);
 insert into SCRAPS values (6683, 6672, 'SnakeChimneySP2', 1, 69.91779, 14.41606);
 insert into CENTRELINE values (6709, 6672, NULL, '2015-10-08', NULL, 204.50, 0.00, 0.00);
 insert into PERSON values (16, 'Hugh St ', 'Lawrence');
insert into TOPO values (16, 6709);
 insert into PERSON values (17, 'Frank', 'Pearson');
insert into TOPO values (17, 6709);
 insert into SHOT values (4819, 4804, 4805, 6709, 5.000, 45.00, 35.00, 5.000, 44.90, 35.03, 0.008, 302.16, 16.28);
insert into SHOT values (4820, 4804, 4806, 6709, 30.000, 210.00, -15.00, 29.995, 210.01, -14.99, 0.007, 348.54, 39.22);
insert into SHOT values (4821, 4806, 4807, 6709, 34.000, 175.00, 10.00, 34.003, 175.00, 9.99, 0.006, 156.43, -43.13);
insert into SHOT values (4822, 4807, 4808, 6709, 14.000, 180.00, 15.00, 13.999, 180.00, 15.03, 0.007, 0.00, 65.62);
insert into SHOT values (4823, 4808, 4809, 6709, 13.000, 223.00, -13.00, 12.999, 223.02, -13.03, 0.007, 342.23, -53.87);
insert into SHOT values (4824, 4809, 4810, 6709, 17.000, 224.00, -5.00, 17.009, 224.00, -4.99, 0.010, 216.52, 9.69);
insert into SHOT values (4825, 4810, 4811, 6709, 4.000, 149.00, 4.00, 4.002, 148.94, 4.01, 0.005, 86.27, 11.30);
insert into SHOT values (4826, 4811, 4812, 6709, 10.300, 121.00, 35.00, 10.297, 120.98, 35.02, 0.006, 338.71, 20.08);
insert into SHOT values (4827, 4810, 4813, 6709, 6.300, 226.00, 4.00, 6.296, 226.03, 4.01, 0.006, 8.02, 5.31);
insert into SHOT values (4828, 4813, 4814, 6709, 4.200, 302.00, 0.00, 4.195, 301.95, 0.00, 0.006, 162.34, 0.00);
insert into SHOT values (4829, 4814, 4815, 6709, 5.300, 287.00, -19.00, 5.301, 287.06, -19.05, 0.007, 25.17, -39.93);
insert into SHOT values (4830, 4815, 4816, 6709, 8.000, 350.00, -35.00, 7.992, 349.98, -34.96, 0.010, 209.22, 64.05);
insert into SHOT values (4831, 4816, 4817, 6709, 6.300, 338.00, -33.00, 6.306, 338.00, -33.06, 0.009, 327.02, -81.43);
insert into SHOT values (4832, 4817, 4818, 6709, 8.700, 11.00, -9.00, 8.705, 11.00, -8.99, 0.005, 4.58, 11.08);
insert into SHOT values (4833, 4818, 4819, 6709, 3.600, 291.00, 33.00, 3.600, 290.96, 32.99, 0.002, 213.58, -16.35);
insert into SHOT values (4834, 4819, 4820, 6709, 2.000, 359.00, -40.00, 1.995, 359.25, -39.91, 0.009, 105.40, 38.58);
insert into SHOT values (4835, 4820, 4821, 6709, 12.600, 0.00, -90.00, 12.600, 90.00, -90.00, 0.000, 0.00, -2.31);
insert into SHOT values (4836, 4822, 4821, 6709, 4.200, 190.00, 36.00, 4.204, 189.99, 35.98, 0.004, 179.48, 19.15);
insert into SHOT values (4837, 4822, 4823, 6709, 3.400, 5.00, -39.00, 3.398, 5.00, -39.03, 0.002, 187.40, -7.83);
insert into SHOT values (4838, 4823, 4824, 6709, 3.300, 274.00, -26.00, 3.302, 273.87, -26.05, 0.008, 189.91, -25.73);
insert into SHOT values (4839, 4824, 4825, 6709, 5.300, 51.00, -48.00, 5.301, 50.84, -48.01, 0.010, 323.46, -7.45);
insert into SHOT values (4840, 4825, 4826, 6709, 4.000, 9.00, -22.00, 3.994, 9.00, -21.90, 0.009, 183.24, 69.92);
insert into SURVEY values (6711, 71, 'snakechim2entrance', 'snakechim2entrance.clearwater_master', NULL);
 insert into CENTRELINE values (6712, 6711, NULL, NULL, NULL, 0.00, 0.00, 0.00);
 insert into CENTRELINE values (6713, 6711, NULL, '2014-05-08', NULL, 266.42, 0.00, 0.00);
 insert into SHOT values (4841, 4827, 4828, 6713, 42.037, 9.42, 2.43, 42.035, 9.43, 2.43, 0.007, 115.44, -19.30);
insert into SHOT values (4842, 4828, 4829, 6713, 29.732, 324.35, 5.63, 29.740, 324.35, 5.63, 0.009, 323.63, 21.32);
insert into SHOT values (4843, 4829, 4830, 6713, 12.844, 308.66, 11.75, 12.840, 308.64, 11.73, 0.008, 187.38, -45.22);
insert into SHOT values (4844, 4830, 4831, 6713, 15.172, 348.86, -12.43, 15.173, 348.87, -12.41, 0.007, 43.09, 56.12);
insert into SHOT values (4845, 4831, 4832, 6713, 27.597, 307.17, -1.61, 27.597, 307.18, -1.62, 0.006, 32.42, -52.76);
insert into SHOT values (4846, 4832, 4833, 6713, 35.098, 288.02, 0.04, 35.099, 288.01, 0.03, 0.009, 205.65, -28.34);
insert into SHOT values (4847, 4833, 4834, 6713, 10.316, 281.21, 11.81, 10.314, 281.25, 11.86, 0.012, 35.55, 45.32);
insert into SHOT values (4848, 4834, 4835, 6713, 25.756, 287.89, 1.84, 25.755, 287.87, 1.82, 0.011, 194.11, -40.55);
insert into SHOT values (4849, 4835, 4836, 6713, 40.583, 269.46, -1.63, 40.588, 269.46, -1.62, 0.007, 294.00, 37.48);
insert into SHOT values (4850, 4836, 4837, 6713, 7.223, 178.13, 12.14, 7.226, 178.05, 12.14, 0.010, 103.46, 5.77);
insert into SHOT values (4851, 4837, 4838, 6713, 20.060, 1.51, -6.95, 20.064, 1.50, -6.96, 0.007, 312.39, -22.71);
insert into SURVEY values (6715, 71, 'strapless', 'strapless.clearwater_master', NULL);
 insert into CENTRELINE values (6716, 6715, NULL, NULL, NULL, 0.00, 0.00, 0.00);
 insert into MAPS values (6717, 6715, 'strapless_m', NULL, 1, 190.900, 32.410);
 insert into MAPITEMS values (6717, 4, 6718);
 insert into SCRAPS values (6718, 6715, 'StraplessSP1', 1, 10.05727, 1.57039);
 insert into CENTRELINE values (6738, 6715, NULL, '2014-04-30', NULL, 190.90, 0.00, 0.00);
 insert into TOPO values (12, 6738);
 insert into TOPO values (13, 6738);
 insert into SHOT values (4852, 4839, 4840, 6738, 20.000, 148.00, 0.00, 19.995, 148.02, 0.00, 0.008, 276.54, 0.00);
insert into SHOT values (4853, 4840, 4841, 6738, 11.140, 212.00, 8.00, 11.132, 211.99, 8.00, 0.008, 47.74, -2.81);
insert into SHOT values (4854, 4841, 4842, 6738, 8.000, 228.00, 8.00, 8.001, 228.02, 7.97, 0.004, 289.38, -49.79);
insert into SHOT values (4855, 4842, 4843, 6738, 6.500, 271.00, 26.00, 6.499, 270.98, 26.01, 0.002, 147.02, 14.12);
insert into SHOT values (4856, 4843, 4844, 6738, 4.940, 174.00, -21.00, 4.943, 174.03, -20.98, 0.004, 211.55, 4.87);
insert into SHOT values (4857, 4844, 4845, 6738, 3.000, 236.00, 2.00, 2.992, 236.04, 1.92, 0.010, 40.49, -28.59);
insert into SHOT values (4858, 4845, 4846, 6738, 2.550, 203.00, 17.00, 2.559, 203.11, 17.05, 0.010, 233.65, 26.56);
insert into SHOT values (4859, 4846, 4847, 6738, 2.970, 233.00, 47.00, 2.965, 232.85, 47.05, 0.008, 97.45, -15.34);
insert into SHOT values (4860, 4847, 4848, 6738, 2.180, 238.00, 6.00, 2.182, 237.99, 6.05, 0.003, 231.39, 50.25);
insert into SHOT values (4861, 4848, 4849, 6738, 3.860, 284.00, 23.00, 3.863, 284.00, 23.01, 0.003, 279.84, 36.18);
insert into SHOT values (4862, 4849, 4850, 6738, 7.130, 214.00, 35.00, 7.131, 214.04, 35.00, 0.005, 296.99, 5.09);
insert into SHOT values (4863, 4850, 4851, 6738, 4.880, 312.00, -13.00, 4.877, 312.01, -13.04, 0.005, 114.85, -29.45);
insert into SHOT values (4864, 4851, 4852, 6738, 1.700, 312.00, 90.00, 1.700, 90.00, 90.00, 0.000, 312.00, -6.40);
insert into SHOT values (4865, 4852, 4853, 6738, 4.440, 217.00, 32.00, 4.442, 217.02, 31.94, 0.006, 234.10, -30.13);
insert into SHOT values (4866, 4853, 4854, 6738, 3.630, 335.00, 39.00, 3.635, 335.07, 39.05, 0.007, 34.21, 54.62);
insert into SHOT values (4867, 4854, 4855, 6738, 4.900, 332.00, 47.00, 4.897, 331.98, 46.97, 0.004, 240.83, -70.50);
insert into SHOT values (4868, 4855, 4856, 6738, 11.500, 277.00, 32.00, 11.498, 277.01, 31.98, 0.004, 354.50, -70.15);
insert into SHOT values (4869, 4853, 4857, 6738, 9.140, 235.00, -35.00, 9.134, 235.01, -35.01, 0.006, 34.60, 24.99);
insert into SHOT values (4870, 4854, 4858, 6738, 7.440, 177.00, 1.00, 7.441, 177.00, 1.00, 0.001, 152.89, 5.90);
insert into SHOT values (4871, 4858, 4859, 6738, 60.000, 208.00, 0.00, 59.995, 208.00, 0.00, 0.007, 346.02, 0.00);
insert into SHOT values (4872, 4855, 4860, 6738, 11.000, 0.00, 90.00, 11.000, 90.00, 90.00, 0.000, 0.00, 0.00);
insert into SURVEY values (6740, 71, 'highandmighty', 'highandmighty.clearwater_master', NULL);
 insert into CENTRELINE values (6741, 6740, NULL, NULL, NULL, 0.00, 0.00, 0.00);
 insert into CENTRELINE values (6742, 6740, NULL, '2017-04-08', NULL, 337.23, 0.00, 0.00);
 insert into SHOT values (4873, 4861, 4862, 6742, 6.010, 33.93, -18.97, 6.003, 33.94, -18.96, 0.007, 203.06, 30.38);
insert into SHOT values (4874, 4861, 4863, 6742, 6.330, 318.61, -9.13, 6.329, 318.63, -9.09, 0.005, 61.33, 59.82);
insert into SHOT values (4875, 4861, 4864, 6742, 8.100, 118.59, 4.42, 8.102, 118.63, 4.46, 0.008, 192.46, 46.33);
insert into SHOT values (4876, 4861, 4865, 6742, 10.220, 353.11, 87.66, 10.218, 353.05, 87.68, 0.005, 179.22, -19.12);
insert into SHOT values (4877, 4861, 4866, 6742, 2.580, 329.29, -61.67, 2.577, 329.44, -61.76, 0.006, 116.65, 9.56);
insert into SHOT values (4878, 4861, 4867, 6742, 2.080, 346.27, 5.99, 2.081, 346.30, 6.07, 0.003, 64.60, 69.65);
insert into SHOT values (4879, 4862, 4868, 6742, 5.140, 340.55, 30.39, 5.137, 340.62, 30.40, 0.006, 96.70, -2.14);
insert into SHOT values (4880, 4862, 4869, 6742, 9.600, 164.20, 17.95, 9.594, 164.17, 17.97, 0.008, 23.51, 9.53);
insert into SHOT values (4881, 4862, 4870, 6742, 13.080, 174.34, 84.56, 13.079, 173.97, 84.57, 0.009, 62.66, -7.15);
insert into SHOT values (4882, 4862, 4871, 6742, 0.960, 167.35, -78.27, 0.960, 165.26, -78.19, 0.007, 86.61, -0.38);
insert into SHOT values (4883, 4872, 4862, 6742, 20.070, 276.15, 3.93, 20.072, 276.13, 3.94, 0.007, 205.56, 38.32);
insert into SHOT values (4884, 4872, 4873, 6742, 10.520, 208.65, 28.06, 10.523, 208.64, 28.06, 0.004, 162.34, 23.23);
insert into SHOT values (4885, 4872, 4874, 6742, 6.900, 3.36, 11.72, 6.895, 3.40, 11.71, 0.006, 138.40, -14.70);
insert into SHOT values (4886, 4872, 4875, 6742, 12.760, 179.85, 86.74, 12.761, 180.00, 86.72, 0.005, 203.45, 7.74);
insert into SHOT values (4887, 4872, 4876, 6742, 2.620, 217.58, -69.40, 2.617, 217.49, -69.42, 0.003, 75.95, 47.61);
insert into SHOT values (4888, 4877, 4878, 6742, 14.970, 168.46, 11.33, 14.979, 168.45, 11.32, 0.009, 157.02, -6.21);
insert into SHOT values (4889, 4877, 4879, 6742, 23.870, 3.42, -3.00, 23.865, 3.42, -3.00, 0.005, 202.57, -8.05);
insert into SHOT values (4890, 4877, 4880, 6742, 11.370, 300.60, 84.86, 11.376, 300.09, 84.87, 0.011, 200.68, 32.12);
insert into SHOT values (4891, 4877, 4881, 6742, 6.200, 32.76, -48.88, 6.196, 32.87, -48.91, 0.010, 157.51, 4.01);
insert into SHOT values (4892, 4877, 4872, 6742, 13.550, 289.40, -11.37, 13.549, 289.39, -11.37, 0.003, 183.72, 27.90);
insert into SHOT values (4893, 4877, 4882, 6742, 1.930, 66.34, -1.47, 1.931, 66.49, -1.48, 0.005, 146.64, -5.46);
insert into SHOT values (4894, 4877, 4883, 6742, 11.020, 240.73, 11.56, 11.023, 240.73, 11.57, 0.003, 235.97, 34.89);
insert into SHOT values (4895, 4877, 4884, 6742, 8.460, 3.12, 78.08, 8.461, 3.29, 78.11, 0.007, 134.36, 19.49);
insert into SHOT values (4896, 4877, 4885, 6742, 2.200, 313.39, -60.77, 2.197, 313.10, -60.91, 0.008, 175.10, -0.95);
insert into SHOT values (4897, 4877, 4886, 6742, 18.800, 214.56, 19.11, 18.804, 214.57, 19.12, 0.006, 255.40, 58.76);
insert into SHOT values (4898, 4886, 4887, 6742, 26.200, 16.01, 12.72, 26.195, 16.02, 12.72, 0.006, 167.69, 10.70);
insert into SHOT values (4899, 4886, 4888, 6742, 18.800, 207.31, -6.85, 18.802, 207.29, -6.84, 0.007, 140.16, 20.30);
insert into SHOT values (4900, 4886, 4889, 6742, 7.210, 124.02, -7.32, 7.212, 124.00, -7.33, 0.003, 70.18, -25.07);
insert into SHOT values (4901, 4886, 4890, 6742, 2.730, 300.56, 3.69, 2.722, 300.53, 3.58, 0.010, 131.09, -35.95);
insert into SHOT values (4902, 4886, 4891, 6742, 4.380, 185.97, 70.16, 4.380, 185.79, 70.15, 0.005, 108.17, -0.25);
insert into SHOT values (4903, 4886, 4892, 6742, 3.000, 132.62, -50.49, 3.010, 132.68, -50.42, 0.011, 144.06, -30.19);
insert into SHOT values (4904, 4888, 4893, 6742, 10.880, 126.45, 21.16, 10.877, 126.46, 21.12, 0.008, 220.63, -72.27);
insert into SHOT values (4905, 4888, 4894, 6742, 2.190, 277.25, -1.72, 2.189, 277.35, -1.83, 0.006, 21.97, -46.55);
insert into SHOT values (4906, 4888, 4895, 6742, 7.240, 84.57, 67.71, 7.230, 84.56, 67.71, 0.010, 272.10, -67.25);
insert into SHOT values (4907, 4888, 4896, 6742, 3.440, 155.92, -49.48, 3.443, 155.96, -49.55, 0.005, 285.10, -68.33);
insert into SHOT values (4908, 4877, 4897, 6742, 18.590, 0.90, -4.84, 18.589, 0.90, -4.84, 0.002, 213.88, -41.05);
insert into SHOT values (4909, 4877, 4898, 6742, 8.220, 329.62, -10.04, 8.215, 329.63, -10.02, 0.005, 128.16, 34.62);
insert into SHOT values (4910, 4877, 4899, 6742, 2.070, 77.17, -4.54, 2.066, 77.38, -4.44, 0.009, 193.58, 24.48);
insert into SHOT values (4911, 4877, 4900, 6742, 8.340, 351.55, 67.38, 8.340, 351.57, 67.40, 0.004, 154.77, 25.83);
insert into SHOT values (4912, 4877, 4901, 6742, 1.720, 340.07, -66.31, 1.711, 340.23, -66.58, 0.012, 150.11, 24.37);
insert into SHOT values (4913, 4897, 4902, 6742, 1.760, 276.33, -0.83, 1.760, 276.20, -0.65, 0.007, 192.78, 53.07);
insert into SHOT values (4914, 4897, 4903, 6742, 3.630, 104.11, 2.75, 3.635, 104.19, 2.84, 0.009, 149.57, 39.62);
insert into SHOT values (4915, 4897, 4904, 6742, 9.040, 142.82, 80.07, 9.046, 143.06, 80.04, 0.010, 194.63, 33.41);
insert into SHOT values (4916, 4897, 4905, 6742, 1.020, 280.63, -78.29, 1.010, 278.53, -78.45, 0.012, 157.06, 44.61);
insert into SHOT values (4917, 4897, 4906, 6742, 12.960, 49.74, 44.00, 12.966, 49.79, 44.02, 0.010, 130.22, 44.04);
insert into SHOT values (4918, 4906, 4907, 6742, 8.940, 15.21, 42.05, 8.937, 15.19, 42.00, 0.009, 337.73, -60.78);
insert into SHOT values (4919, 4906, 4908, 6742, 2.170, 284.99, 3.78, 2.178, 284.93, 3.69, 0.009, 269.66, -20.00);
insert into SHOT values (4920, 4906, 4909, 6742, 10.940, 103.77, 5.10, 10.936, 103.76, 5.09, 0.006, 316.40, -26.21);
insert into SHOT values (4921, 4906, 4910, 6742, 3.400, 171.17, 81.39, 3.398, 172.03, 81.45, 0.009, 290.08, -11.00);
insert into SHOT values (4922, 4906, 4911, 6742, 2.450, 142.95, -71.35, 2.447, 142.84, -71.46, 0.006, 338.82, 13.36);
insert into SHOT values (4923, 4907, 4912, 6742, 2.710, 286.63, 0.37, 2.712, 286.50, 0.42, 0.007, 211.49, 20.98);
insert into SHOT values (4924, 4907, 4913, 6742, 2.030, 105.31, -2.41, 2.025, 105.48, -2.26, 0.009, 234.32, 34.97);
insert into SHOT values (4925, 4907, 4914, 6742, 7.370, 114.02, -0.90, 7.369, 114.03, -0.86, 0.006, 248.72, 79.94);
insert into SHOT values (4926, 4907, 4915, 6742, 1.220, 338.83, 85.98, 1.223, 339.44, 85.99, 0.003, 74.60, 72.96);
insert into SHOT values (4927, 4907, 4916, 6742, 2.880, 232.22, -77.53, 2.878, 232.21, -77.56, 0.003, 57.03, 48.84);
insert into SHOT values (4928, 4907, 4917, 6742, 2.750, 105.73, 2.24, 2.747, 105.86, 2.30, 0.008, 224.76, 19.54);
insert into SHOT values (4929, 4917, 4918, 6742, 4.540, 276.69, -12.67, 4.540, 276.74, -12.60, 0.007, 349.87, 55.03);
insert into SHOT values (4930, 4917, 4919, 6742, 6.270, 86.08, 2.82, 6.272, 86.06, 2.83, 0.003, 50.05, 27.53);
insert into SHOT values (4931, 4917, 4920, 6742, 4.320, 292.00, 82.17, 4.320, 292.17, 82.24, 0.006, 94.71, 2.78);
insert into SHOT values (4932, 4917, 4921, 6742, 0.480, 238.65, -88.74, 0.480, 270.00, -88.81, 0.006, 349.82, -1.19);
insert into SHOT values (4933, 4917, 4922, 6742, 10.400, 342.27, 37.91, 10.404, 342.27, 37.89, 0.005, 344.59, 0.02);
insert into SHOT values (4934, 4922, 4923, 6742, 1.640, 312.93, 1.21, 1.635, 312.77, 1.40, 0.009, 175.62, 38.36);
insert into SHOT values (4935, 4922, 4924, 6742, 4.400, 123.28, 4.62, 4.405, 123.29, 4.69, 0.007, 133.95, 48.55);
insert into SHOT values (4936, 4922, 4925, 6742, 1.330, 293.43, 85.40, 1.334, 293.96, 85.76, 0.009, 107.05, 27.50);
insert into SHOT values (4937, 4922, 4926, 6742, 1.800, 124.57, -81.60, 1.800, 124.29, -81.49, 0.004, 102.94, 10.94);
insert into SHOT values (4938, 4922, 4927, 6742, 11.910, 75.03, 42.97, 11.912, 75.04, 42.97, 0.003, 135.64, 51.49);
insert into SHOT values (4939, 4927, 4928, 6742, 4.800, 336.97, 7.41, 4.799, 336.99, 7.42, 0.002, 104.39, 23.27);
insert into SHOT values (4940, 4927, 4929, 6742, 1.740, 164.50, 2.18, 1.746, 164.37, 2.30, 0.008, 130.09, 28.63);
insert into SHOT values (4941, 4927, 4930, 6742, 3.620, 44.40, 75.88, 3.620, 44.54, 75.87, 0.002, 114.36, -15.12);
insert into SHOT values (4942, 4927, 4931, 6742, 1.840, 126.33, -81.16, 1.842, 126.47, -81.07, 0.004, 138.43, -29.24);
insert into SHOT values (4943, 4927, 4932, 6742, 14.150, 61.01, 37.53, 14.154, 61.01, 37.52, 0.005, 72.34, 1.78);
insert into SHOT values (4944, 4932, 4933, 6742, 9.530, 355.72, -6.43, 9.527, 355.70, -6.45, 0.006, 221.70, -29.35);
insert into SHOT values (4945, 4932, 4934, 6742, 3.630, 176.32, -7.89, 3.632, 176.33, -7.91, 0.003, 203.75, -41.26);
insert into SHOT values (4946, 4932, 4935, 6742, 2.270, 263.18, 71.21, 2.272, 262.97, 71.11, 0.005, 231.61, 10.84);
insert into SHOT values (4947, 4932, 4936, 6742, 3.110, 273.54, -72.10, 3.112, 273.58, -72.00, 0.006, 279.35, -5.13);
insert into SHOT values (4948, 4932, 4937, 6742, 7.890, 102.52, 30.73, 7.888, 102.52, 30.72, 0.002, 285.27, -63.13);
insert into SHOT values (4949, 4937, 4938, 6742, 0.480, 23.79, 4.22, 0.481, 23.36, 4.77, 0.006, 302.52, 51.84);
insert into SHOT values (4950, 4937, 4939, 6742, 1.590, 169.19, -1.66, 1.589, 169.11, -1.44, 0.006, 59.49, 69.84);
insert into SHOT values (4951, 4937, 4940, 6742, 0.800, 331.80, 76.56, 0.801, 330.64, 76.76, 0.005, 208.86, 23.36);
insert into SHOT values (4952, 4937, 4941, 6742, 0.340, 123.21, -68.50, 0.333, 124.99, -68.51, 0.008, 247.66, 54.03);
insert into SHOT values (4953, 4937, 4942, 6742, 3.480, 111.16, 46.47, 3.483, 111.31, 46.59, 0.010, 227.14, 44.45);
insert into SHOT values (4954, 4942, 4943, 6742, 1.700, 297.92, -11.34, 1.698, 297.95, -11.55, 0.006, 99.44, -63.65);
insert into SHOT values (4955, 4942, 4944, 6742, 0.490, 82.66, -12.11, 0.496, 82.87, -12.81, 0.009, 104.04, -55.35);
insert into SHOT values (4956, 4942, 4945, 6742, 0.870, 206.28, 83.47, 0.866, 203.96, 83.47, 0.006, 108.68, -47.31);
insert into SHOT values (4957, 4942, 4946, 6742, 3.230, 220.74, -80.96, 3.229, 220.97, -81.03, 0.005, 15.02, -1.47);
insert into SHOT values (4958, 4942, 4947, 6742, 6.410, 357.66, 52.52, 6.406, 357.80, 52.47, 0.012, 72.78, -34.90);
insert into SHOT values (4959, 4947, 4948, 6742, 0.950, 241.77, 4.14, 0.956, 241.82, 4.20, 0.006, 250.73, 14.47);
insert into SHOT values (4960, 4947, 4949, 6742, 0.780, 86.34, 0.87, 0.772, 86.28, 0.74, 0.009, 271.47, -12.49);
insert into SHOT values (4961, 4947, 4950, 6742, 0.930, 201.75, 81.73, 0.929, 202.62, 81.96, 0.004, 354.21, -4.41);
insert into SHOT values (4962, 4947, 4951, 6742, 1.330, 277.53, -65.38, 1.331, 277.25, -65.38, 0.003, 195.07, -18.60);
insert into SHOT values (4963, 4947, 4952, 6742, 10.250, 27.78, 60.24, 10.251, 27.77, 60.25, 0.003, 223.36, 44.38);
insert into SHOT values (4964, 4952, 4953, 6742, 3.450, 295.05, 8.20, 3.457, 295.07, 8.15, 0.008, 302.84, -15.05);
insert into SHOT values (4965, 4952, 4954, 6742, 15.110, 101.29, -5.93, 15.101, 101.29, -5.93, 0.009, 285.66, 7.03);
insert into SHOT values (4966, 4952, 4955, 6742, 5.120, 61.13, 88.04, 5.123, 59.04, 88.04, 0.007, 328.43, 25.09);
insert into SHOT values (4967, 4952, 4956, 6742, 0.870, 341.53, -78.35, 0.869, 340.56, -78.03, 0.006, 307.80, 20.71);
insert into SHOT values (4968, 4952, 4957, 6742, 16.550, 309.68, 73.53, 16.550, 309.73, 73.52, 0.004, 16.17, -12.32);
insert into SHOT values (4969, 4952, 4958, 6742, 11.330, 70.11, 34.97, 11.328, 70.10, 34.95, 0.004, 336.90, -69.32);
insert into SHOT values (4970, 4952, 4959, 6742, 21.830, 67.98, 66.88, 21.830, 67.99, 66.90, 0.008, 239.48, 23.72);
insert into SHOT values (4971, 4952, 4960, 6742, 22.230, 82.40, 21.69, 22.227, 82.40, 21.70, 0.006, 247.61, 39.73);
insert into SHOT values (4972, 4960, 4961, 6742, 5.990, 335.03, -2.91, 5.994, 335.10, -2.96, 0.011, 37.97, -34.03);
insert into SHOT values (4973, 4960, 4962, 6742, 6.310, 163.98, -11.40, 6.306, 163.94, -11.43, 0.007, 29.24, -24.61);
insert into SHOT values (4974, 4960, 4963, 6742, 2.690, 331.95, 77.97, 2.690, 332.53, 77.91, 0.006, 35.05, -8.28);
insert into SHOT values (4975, 4960, 4964, 6742, 1.750, 61.70, -59.46, 1.751, 61.70, -59.60, 0.004, 241.90, -39.54);
insert into SHOT values (4976, 4960, 4965, 6742, 17.510, 323.95, -27.44, 17.512, 323.98, -27.44, 0.008, 41.48, -7.68);
insert into SHOT values (4977, 4960, 4966, 6742, 13.330, 99.46, 25.87, 13.326, 99.45, 25.85, 0.007, 322.36, -74.86);
insert into SHOT values (4978, 4966, 4967, 6742, 2.170, 336.49, -6.32, 2.172, 336.52, -6.34, 0.003, 9.50, -26.49);
insert into SHOT values (4979, 4966, 4968, 6742, 2.590, 153.22, -12.95, 2.588, 153.13, -12.95, 0.004, 38.64, 5.53);
insert into SHOT values (4980, 4966, 4969, 6742, 0.810, 79.75, 72.90, 0.817, 80.54, 72.68, 0.008, 112.93, 43.54);
insert into SHOT values (4981, 4966, 4970, 6742, 0.730, 81.45, -63.72, 0.726, 81.12, -63.51, 0.005, 11.00, 66.44);
insert into SHOT values (4982, 4966, 4971, 6742, 6.960, 69.39, 47.42, 6.966, 69.37, 47.43, 0.006, 42.68, 58.42);
insert into SHOT values (4983, 4971, 4972, 6742, 3.670, 323.07, 8.63, 3.669, 323.07, 8.62, 0.001, 166.61, -55.00);
insert into SHOT values (4984, 4971, 4973, 6742, 0.940, 149.93, 13.08, 0.938, 149.79, 12.94, 0.004, 27.22, -45.56);
insert into SHOT values (4985, 4971, 4974, 6742, 1.270, 280.98, 59.07, 1.270, 280.62, 59.15, 0.004, 169.30, 7.74);
insert into SHOT values (4986, 4971, 4975, 6742, 1.450, 183.27, -76.82, 1.448, 183.47, -76.80, 0.002, 273.89, 57.64);
insert into SHOT values (4987, 4971, 4976, 6742, 9.430, 3.01, 63.69, 9.425, 3.02, 63.70, 0.005, 172.26, -38.77);
insert into SHOT values (4988, 4976, 4977, 6742, 1.390, 320.34, -2.36, 1.393, 320.25, -2.47, 0.005, 282.83, -36.71);
insert into SHOT values (4989, 4976, 4978, 6742, 1.730, 139.21, -0.14, 1.730, 139.22, 0.00, 0.004, 222.14, 86.25);
insert into SHOT values (4990, 4976, 4979, 6742, 1.380, 15.24, 76.92, 1.375, 14.93, 76.95, 0.005, 237.65, -59.42);
insert into SHOT values (4991, 4976, 4980, 6742, 1.610, 133.80, -77.83, 1.605, 133.78, -78.05, 0.008, 314.70, 28.63);
insert into SHOT values (4992, 4976, 4981, 6742, 3.570, 109.13, 56.57, 3.571, 108.99, 56.57, 0.005, 22.01, 7.25);
insert into SHOT values (4993, 4981, 4982, 6742, 1.390, 320.00, 0.00, 1.391, 319.67, 0.00, 0.008, 233.65, 0.00);
insert into SHOT values (4994, 4981, 4983, 6742, 1.000, 120.00, 0.00, 0.995, 120.17, 0.00, 0.006, 270.00, 0.00);
insert into SHOT values (4995, 4981, 4984, 6742, 1.000, 10.00, 80.00, 0.995, 10.01, 80.01, 0.005, 188.65, -78.00);
insert into SHOT values (4996, 4981, 4985, 6742, 0.800, 180.00, -80.00, 0.802, 180.00, -79.95, 0.002, 180.00, -63.34);
insert into SHOT values (4997, 4861, 4986, 6742, 4.290, 175.28, 15.12, 4.293, 175.29, 15.12, 0.003, 197.12, 20.30);
insert into SHOT values (4998, 4861, 4987, 6742, 7.290, 338.08, 11.05, 7.283, 338.06, 11.08, 0.008, 172.59, 19.81);
insert into SHOT values (4999, 4861, 4988, 6742, 9.960, 257.80, 66.69, 9.962, 257.69, 66.70, 0.008, 162.68, 21.66);
insert into SHOT values (5000, 4861, 4989, 6742, 1.500, 222.64, -66.75, 1.503, 222.27, -66.69, 0.005, 166.12, -21.69);
insert into SHOT values (5001, 4861, 4990, 6742, 9.780, 255.61, -28.32, 9.781, 255.61, -28.32, 0.001, 240.51, -28.56);
insert into SHOT values (5002, 4990, 4991, 6742, 1.820, 173.39, 3.61, 1.826, 173.38, 3.77, 0.008, 170.86, 43.18);
insert into SHOT values (5003, 4990, 4992, 6742, 4.720, 343.65, 9.67, 4.715, 343.63, 9.65, 0.006, 182.15, -30.69);
insert into SHOT values (5004, 4990, 4993, 6742, 13.250, 267.43, 87.33, 13.255, 267.23, 87.32, 0.006, 235.58, 46.85);
insert into SHOT values (5005, 4990, 4994, 6742, 1.470, 342.49, -72.47, 1.467, 342.80, -72.57, 0.004, 125.03, 23.79);
insert into SHOT values (5006, 4990, 4995, 6742, 21.210, 246.38, 83.05, 21.216, 246.33, 83.05, 0.006, 139.13, 69.06);
insert into SHOT values (5007, 4990, 4996, 6742, 29.970, 253.06, 9.62, 29.964, 253.06, 9.62, 0.007, 93.85, 14.11);
insert into SHOT values (5008, 4996, 4997, 6742, 5.640, 106.27, 12.71, 5.638, 106.26, 12.71, 0.002, 313.87, -23.75);
insert into SHOT values (5009, 4996, 4998, 6742, 5.830, 293.53, 6.81, 5.832, 293.51, 6.80, 0.003, 246.28, -25.83);
insert into SHOT values (5010, 4996, 4999, 6742, 8.370, 177.99, 77.93, 8.365, 178.04, 77.92, 0.005, 238.35, -71.82);
insert into SHOT values (5011, 4996, 5000, 6742, 1.320, 183.68, -54.84, 1.322, 183.76, -54.81, 0.002, 220.27, -24.09);
insert into SHOT values (5012, 4996, 5001, 6742, 20.900, 100.90, 59.14, 20.896, 100.92, 59.15, 0.008, 248.39, -7.82);
insert into SHOT values (5013, 4996, 5002, 6742, 10.160, 239.55, 36.98, 10.164, 239.52, 36.95, 0.008, 205.20, -12.10);
insert into SHOT values (5014, 4996, 5003, 6742, 22.510, 221.78, -10.18, 22.515, 221.80, -10.18, 0.009, 281.20, -10.40);
insert into SHOT values (5015, 5003, 5004, 6742, 1.710, 148.97, -15.20, 1.715, 149.10, -15.21, 0.006, 186.17, -15.43);
insert into SHOT values (5016, 5003, 5005, 6742, 10.280, 323.45, 12.47, 10.273, 323.47, 12.48, 0.008, 114.76, 1.76);
insert into SHOT values (5017, 5003, 5006, 6742, 5.200, 270.96, 77.49, 5.202, 271.02, 77.56, 0.007, 79.71, 28.70);
insert into SHOT values (5018, 5003, 5007, 6742, 2.000, 221.89, -64.64, 2.003, 221.69, -64.66, 0.004, 139.76, -41.99);
insert into SHOT values (5019, 5003, 5008, 6742, 49.890, 64.95, 34.23, 49.893, 64.96, 34.24, 0.008, 162.90, 49.61);
insert into SHOT values (5020, 5003, 5009, 6742, 34.490, 262.17, -6.33, 34.490, 262.17, -6.33, 0.003, 59.05, 86.90);
insert into SHOT values (5021, 5009, 5010, 6742, 5.080, 182.16, -2.39, 5.088, 182.14, -2.37, 0.008, 170.80, 12.77);
insert into SHOT values (5022, 5009, 5011, 6742, 8.990, 347.89, 3.03, 8.982, 347.90, 3.00, 0.010, 156.25, -31.88);
insert into SHOT values (5023, 5009, 5012, 6742, 7.650, 267.82, 79.88, 7.649, 267.44, 79.90, 0.009, 160.09, -5.94);
insert into SHOT values (5024, 5009, 5013, 6742, 2.440, 209.00, -52.15, 2.441, 208.79, -52.24, 0.007, 95.29, -29.55);
insert into SHOT values (5025, 5009, 5014, 6742, 13.920, 60.52, -43.31, 13.921, 60.55, -43.32, 0.006, 151.84, -17.29);
insert into SHOT values (5026, 5009, 5015, 6742, 22.500, 72.19, -40.51, 22.505, 72.20, -40.51, 0.006, 124.78, -48.41);
insert into SURVEY values (6744, 71, 'queenofthesouth', 'queenofthesouth.clearwater_master', NULL);
 insert into CENTRELINE values (6745, 6744, NULL, NULL, NULL, 0.00, 0.00, 0.00);
 insert into CENTRELINE values (6746, 6744, 'queenofthesouth', '2017-04-18', NULL, 273.40, 0.00, 0.00);
 insert into SHOT values (5027, 5016, 5017, 6746, 21.000, 186.00, 20.00, 21.004, 186.02, 19.99, 0.009, 237.96, -15.75);
insert into SHOT values (5028, 5017, 5018, 6746, 6.170, 185.00, -2.50, 6.169, 184.93, -2.51, 0.007, 84.70, -6.81);
insert into SHOT values (5029, 5018, 5019, 6746, 32.800, 249.50, -23.00, 32.800, 249.51, -23.01, 0.005, 8.25, -47.40);
insert into SHOT values (5030, 5019, 5020, 6746, 17.000, 183.00, -6.00, 16.996, 183.02, -5.98, 0.009, 305.64, 47.71);
insert into SHOT values (5031, 5020, 5021, 6746, 28.430, 285.00, -4.00, 28.426, 285.00, -4.01, 0.008, 93.94, -57.26);
insert into SHOT values (5032, 5021, 5022, 6746, 19.800, 260.00, 12.00, 19.809, 259.98, 12.00, 0.010, 225.05, 18.93);
insert into SHOT values (5033, 5022, 5023, 6746, 1.000, 0.00, 90.00, 1.000, 90.00, 90.00, 0.000, 0.00, 0.00);
insert into SHOT values (5034, 5023, 5024, 6746, 26.300, 242.50, -16.00, 26.295, 242.50, -16.01, 0.006, 52.83, -7.15);
insert into SHOT values (5035, 5024, 5025, 6746, 9.230, 287.00, -6.50, 9.229, 286.99, -6.47, 0.005, 182.13, 75.65);
insert into SHOT values (5036, 5025, 5026, 6746, 16.870, 257.00, -8.50, 16.873, 257.01, -8.52, 0.008, 317.88, -55.91);
insert into SHOT values (5037, 5026, 5027, 6746, 12.120, 245.00, 0.00, 12.115, 245.00, 0.00, 0.005, 64.39, 0.00);
insert into SHOT values (5038, 5027, 5028, 6746, 2.960, 218.00, 14.00, 2.967, 217.94, 14.04, 0.008, 194.67, 29.19);
insert into SHOT values (5039, 5025, 5029, 6746, 12.700, 30.00, -10.00, 12.698, 29.99, -10.02, 0.006, 247.94, -50.79);
insert into SHOT values (5040, 5029, 5030, 6746, 7.580, 88.00, 7.50, 7.580, 87.94, 7.50, 0.008, 355.75, 4.51);
insert into SHOT values (5041, 5030, 5031, 6746, 9.970, 24.00, -15.00, 9.964, 24.04, -15.01, 0.008, 158.63, 2.95);
insert into SHOT values (5042, 5032, 5031, 6746, 9.640, 253.00, 2.50, 9.641, 252.98, 2.50, 0.004, 179.95, -6.64);
insert into SHOT values (5043, 5033, 5034, 6746, 14.770, 321.05, 10.56, 14.770, 321.04, 10.57, 0.004, 227.75, 46.70);
insert into SHOT values (5044, 5033, 5035, 6746, 5.210, 130.55, -0.90, 5.213, 130.57, -0.88, 0.004, 152.63, 26.03);
insert into SHOT values (5045, 5033, 5036, 6746, 11.770, 31.06, 70.11, 11.771, 30.99, 70.13, 0.006, 267.85, 19.42);
insert into SHOT values (5046, 5033, 5037, 6746, 2.530, 6.72, -55.42, 2.530, 6.78, -55.30, 0.005, 26.55, 34.53);
insert into SHOT values (5047, 5033, 5027, 6746, 20.500, 51.09, 15.54, 20.503, 51.08, 15.53, 0.005, 16.67, -24.04);
insert into SHOT values (5048, 5027, 5038, 6746, 1.330, 324.65, -12.89, 1.323, 324.46, -12.67, 0.010, 179.18, 41.93);
insert into SHOT values (5049, 5027, 5039, 6746, 0.700, 138.27, -10.66, 0.700, 139.13, -10.70, 0.010, 230.05, -2.86);
insert into SHOT values (5050, 5027, 5040, 6746, 3.270, 358.98, 26.37, 3.274, 358.83, 26.48, 0.011, 275.29, 43.88);
insert into SHOT values (5051, 5027, 5041, 6746, 1.740, 29.48, -52.58, 1.738, 29.48, -52.56, 0.002, 217.64, 74.39);
insert into SHOT values (5052, 5033, 5042, 6746, 7.890, 118.75, 0.71, 7.891, 118.71, 0.73, 0.006, 33.83, 21.48);
insert into SHOT values (5053, 5033, 5043, 6746, 8.550, 268.13, 23.63, 8.552, 268.17, 23.65, 0.006, 349.26, 27.04);
insert into SHOT values (5054, 5033, 5044, 6746, 12.020, 168.67, 72.32, 12.018, 168.63, 72.31, 0.004, 103.15, -37.96);
insert into SHOT values (5055, 5033, 5045, 6746, 1.740, 162.81, -62.86, 1.742, 163.16, -62.87, 0.005, 249.34, -17.93);
insert into SHOT values (5056, 5033, 5046, 6746, 19.330, 185.13, 11.90, 19.332, 185.13, 11.91, 0.004, 133.21, 66.96);
insert into SHOT values (5057, 5046, 5047, 6746, 1.840, 103.74, -10.66, 1.834, 103.80, -10.68, 0.007, 265.50, 3.20);
insert into SHOT values (5058, 5046, 5048, 6746, 1.830, 279.23, 3.08, 1.837, 279.41, 3.12, 0.009, 317.57, 10.16);
insert into SHOT values (5059, 5046, 5049, 6746, 2.050, 274.06, 41.62, 2.050, 274.11, 41.56, 0.003, 318.27, -38.30);
insert into SHOT values (5060, 5046, 5050, 6746, 3.210, 92.94, -40.04, 3.210, 92.80, -40.16, 0.009, 324.42, -33.57);
insert into SHOT values (5061, 5033, 5051, 6746, 14.670, 284.28, 23.85, 14.667, 284.28, 23.85, 0.003, 79.95, -31.93);
insert into SHOT values (5062, 5033, 5052, 6746, 13.570, 243.83, 13.16, 13.572, 243.82, 13.16, 0.003, 201.47, 11.42);
insert into SHOT values (5063, 5033, 5053, 6746, 15.190, 9.94, 0.01, 15.188, 9.93, 0.00, 0.004, 225.93, -42.91);
insert into SURVEY values (6748, 71, 'eastern', 'eastern.clearwater_master', NULL);
 insert into CENTRELINE values (6749, 6748, NULL, NULL, NULL, 0.00, 0.00, 0.00);
 insert into CENTRELINE values (6750, 6748, NULL, '2014-04-13', NULL, 1441.49, 0.00, 0.00);
 insert into SHOT values (5064, 5054, 5055, 6750, 25.330, 197.17, -2.37, 25.329, 197.17, -2.38, 0.003, 71.05, -63.12);
insert into SHOT values (5065, 5054, 5056, 6750, 13.080, 120.14, 31.07, 13.078, 120.11, 31.07, 0.006, 12.35, -4.01);
insert into SHOT values (5066, 5054, 5057, 6750, 2.170, 279.93, 2.21, 2.173, 279.81, 2.11, 0.007, 226.22, -32.96);
insert into SHOT values (5067, 5054, 5058, 6750, 8.360, 93.22, 63.13, 8.352, 93.19, 63.12, 0.008, 311.98, -65.71);
insert into SHOT values (5068, 5054, 5059, 6750, 2.090, 217.07, -50.47, 2.095, 217.04, -50.66, 0.008, 52.96, -73.76);
insert into SHOT values (5069, 5055, 5060, 6750, 6.900, 103.69, 26.99, 6.895, 103.65, 27.00, 0.007, 323.49, -12.84);
insert into SHOT values (5070, 5055, 5061, 6750, 3.490, 271.61, -0.99, 3.492, 271.64, -0.98, 0.003, 315.90, 6.27);
insert into SHOT values (5071, 5055, 5062, 6750, 4.990, 114.27, 72.06, 4.992, 114.23, 72.09, 0.003, 326.37, 50.84);
insert into SHOT values (5072, 5055, 5063, 6750, 1.360, 258.68, -74.37, 1.360, 259.00, -74.36, 0.002, 339.70, -8.07);
insert into SHOT values (5073, 5055, 5064, 6750, 15.260, 77.49, 49.05, 15.254, 77.46, 49.04, 0.008, 312.27, -46.34);
insert into SHOT values (5074, 5055, 5065, 6750, 10.650, 207.98, 0.59, 10.648, 208.01, 0.59, 0.006, 321.60, 3.23);
insert into SHOT values (5075, 5065, 5066, 6750, 9.820, 147.84, 19.58, 9.828, 147.84, 19.56, 0.009, 145.02, -5.68);
insert into SHOT values (5076, 5065, 5067, 6750, 2.690, 343.92, 7.36, 2.686, 343.88, 7.27, 0.006, 197.10, -51.79);
insert into SHOT values (5077, 5065, 5068, 6750, 6.360, 46.31, 80.95, 6.360, 46.61, 80.91, 0.007, 98.89, -7.04);
insert into SHOT values (5078, 5065, 5069, 6750, 0.870, 13.67, -83.46, 0.875, 18.43, -83.78, 0.011, 133.67, -31.89);
insert into SHOT values (5079, 5065, 5070, 6750, 39.810, 250.55, -17.14, 39.809, 250.55, -17.14, 0.004, 159.67, 39.34);
insert into SHOT values (5080, 5070, 5071, 6750, 8.220, 179.75, 1.40, 8.223, 179.72, 1.39, 0.005, 121.42, -9.73);
insert into SHOT values (5081, 5070, 5072, 6750, 7.320, 314.63, 15.33, 7.316, 314.66, 15.30, 0.007, 83.05, -52.58);
insert into SHOT values (5082, 5070, 5073, 6750, 9.900, 249.95, 67.63, 9.895, 249.98, 67.62, 0.005, 342.63, -69.74);
insert into SHOT values (5083, 5070, 5074, 6750, 1.440, 329.99, -62.94, 1.448, 329.93, -62.95, 0.008, 319.23, -64.71);
insert into SHOT values (5084, 5070, 5075, 6750, 13.960, 155.76, 18.45, 13.963, 155.76, 18.41, 0.010, 147.95, -53.23);
insert into SHOT values (5085, 5070, 5076, 6750, 16.100, 335.42, 62.33, 16.093, 335.42, 62.31, 0.009, 357.02, -83.36);
insert into SHOT values (5086, 5070, 5077, 6750, 19.590, 245.74, -46.54, 19.588, 245.72, -46.55, 0.006, 124.69, -4.77);
insert into SHOT values (5087, 5070, 5078, 6750, 48.950, 242.12, -38.15, 49.040, 240.51, -36.12, 2.053, 196.84, 40.28);
insert into SHOT values (5088, 5078, 5079, 6750, 3.700, 135.41, -4.28, 3.702, 135.44, -4.34, 0.005, 186.25, -58.04);
insert into SHOT values (5089, 5078, 5080, 6750, 2.080, 308.46, -5.86, 2.081, 308.53, -5.79, 0.004, 4.05, 37.56);
insert into SHOT values (5090, 5078, 5081, 6750, 11.420, 139.38, 80.47, 11.418, 139.50, 80.45, 0.005, 191.06, -25.87);
insert into SHOT values (5091, 5078, 5082, 6750, 0.820, 349.15, -58.36, 0.820, 349.22, -58.58, 0.003, 158.49, -35.40);
insert into SHOT values (5092, 5078, 5083, 6750, 16.360, 115.73, 55.12, 16.360, 115.72, 55.11, 0.003, 51.82, -20.60);
insert into SHOT values (5093, 5078, 5084, 6750, 34.300, 247.11, -39.94, 34.360, 245.84, -38.54, 1.026, 200.78, 36.50);
insert into SHOT values (5094, 5084, 5085, 6750, 2.090, 141.04, -0.02, 2.090, 140.83, 0.00, 0.008, 48.65, 5.34);
insert into SHOT values (5095, 5084, 5086, 6750, 1.990, 338.48, 4.23, 1.991, 338.73, 4.32, 0.009, 64.77, 20.00);
insert into SHOT values (5096, 5084, 5087, 6750, 11.320, 349.32, 82.89, 11.327, 349.33, 82.88, 0.008, 353.87, 65.85);
insert into SHOT values (5097, 5084, 5088, 6750, 0.430, 4.56, -49.03, 0.426, 6.12, -48.65, 0.009, 97.83, 31.40);
insert into SHOT values (5098, 5084, 5089, 6750, 20.170, 266.06, 60.62, 20.173, 266.06, 60.63, 0.005, 91.99, 64.24);
insert into SHOT values (5099, 5084, 5090, 6750, 11.110, 213.09, -11.77, 11.169, 213.07, -11.57, 0.071, 209.03, 21.73);
insert into SHOT values (5100, 5090, 5091, 6750, 3.660, 158.72, 7.60, 3.660, 158.67, 7.54, 0.005, 81.62, -50.08);
insert into SHOT values (5101, 5090, 5092, 6750, 5.530, 348.43, 5.10, 5.523, 348.47, 5.09, 0.008, 142.57, -11.51);
insert into SHOT values (5102, 5090, 5093, 6750, 7.560, 109.34, 84.85, 7.561, 109.77, 84.84, 0.005, 183.46, 5.62);
insert into SHOT values (5103, 5090, 5094, 6750, 0.620, 124.80, -54.64, 0.628, 124.99, -54.32, 0.009, 134.23, -30.25);
insert into SHOT values (5104, 5090, 5095, 6750, 13.400, 262.02, 41.56, 13.422, 261.31, 41.02, 0.178, 210.22, -26.49);
insert into SHOT values (5105, 5095, 5096, 6750, 6.470, 111.67, -11.63, 6.470, 111.67, -11.59, 0.004, 84.74, 80.66);
insert into SHOT values (5106, 5095, 5097, 6750, 5.030, 266.61, -1.38, 5.030, 266.58, -1.37, 0.003, 185.56, 23.14);
insert into SHOT values (5107, 5095, 5098, 6750, 16.270, 287.67, 76.30, 16.272, 287.68, 76.31, 0.003, 76.48, 61.05);
insert into SHOT values (5108, 5095, 5099, 6750, 1.340, 263.46, -77.91, 1.340, 263.88, -77.87, 0.002, 329.33, 6.95);
insert into SHOT values (5109, 5095, 5100, 6750, 7.390, 194.73, 7.62, 7.453, 194.90, 7.56, 0.067, 213.87, 0.06);
insert into SHOT values (5110, 5100, 5101, 6750, 5.300, 93.20, -0.01, 5.298, 93.14, 0.00, 0.006, 343.48, 8.61);
insert into SHOT values (5111, 5100, 5102, 6750, 2.740, 266.42, 1.01, 2.746, 266.45, 1.04, 0.006, 280.45, 16.17);
insert into SHOT values (5112, 5100, 5103, 6750, 8.010, 94.66, 77.98, 8.005, 94.48, 77.99, 0.008, 334.84, -35.68);
insert into SHOT values (5113, 5100, 5104, 6750, 1.720, 94.86, -52.10, 1.721, 94.90, -52.23, 0.004, 260.06, -44.60);
insert into SHOT values (5114, 5100, 5105, 6750, 20.490, 121.14, 14.06, 20.487, 121.15, 14.04, 0.008, 236.23, -71.82);
insert into SHOT values (5115, 5105, 5106, 6750, 6.420, 21.74, -2.66, 6.424, 21.77, -2.59, 0.010, 56.57, 55.11);
insert into SHOT values (5116, 5105, 5107, 6750, 5.280, 193.49, -10.53, 5.271, 193.50, -10.49, 0.009, 6.91, 31.86);
insert into SHOT values (5117, 5105, 5108, 6750, 3.070, 115.05, 80.98, 3.078, 114.44, 80.97, 0.010, 46.25, 55.45);
insert into SHOT values (5118, 5105, 5109, 6750, 1.190, 238.81, -68.80, 1.181, 239.26, -68.63, 0.010, 326.83, 70.15);
insert into SHOT values (5119, 5105, 5110, 6750, 23.160, 97.88, -29.01, 23.156, 97.86, -29.01, 0.008, 336.43, 13.04);
insert into SHOT values (5120, 5110, 5111, 6750, 2.170, 9.76, -6.97, 2.168, 9.90, -6.89, 0.007, 119.86, 30.73);
insert into SHOT values (5121, 5110, 5112, 6750, 8.720, 211.09, 8.60, 8.725, 211.05, 8.63, 0.009, 161.06, 41.26);
insert into SHOT values (5122, 5110, 5113, 6750, 5.800, 338.26, 59.82, 5.801, 338.20, 59.92, 0.010, 180.10, 36.44);
insert into SHOT values (5123, 5110, 5114, 6750, 1.450, 337.34, -78.94, 1.445, 338.20, -79.26, 0.010, 133.04, 17.38);
insert into SHOT values (5124, 5070, 5115, 6750, 2.400, 74.53, 5.72, 2.398, 74.45, 5.50, 0.010, 333.16, -69.76);
insert into SHOT values (5125, 5070, 5116, 6750, 8.080, 185.37, 8.84, 8.081, 185.39, 8.83, 0.003, 249.97, -29.70);
insert into SHOT values (5126, 5070, 5117, 6750, 12.460, 159.81, 26.48, 12.460, 159.81, 26.45, 0.006, 162.61, -65.59);
insert into SHOT values (5127, 5070, 5118, 6750, 1.540, 356.49, -83.85, 1.548, 356.42, -84.06, 0.010, 178.77, -62.19);
insert into SHOT values (5128, 5070, 5119, 6750, 13.430, 159.20, 22.39, 13.399, 158.35, 22.70, 0.199, 51.83, 15.87);
insert into SHOT values (5129, 5119, 5120, 6750, 2.540, 95.98, -6.61, 2.541, 95.91, -6.78, 0.008, 12.11, -68.99);
insert into SHOT values (5130, 5119, 5121, 6750, 0.910, 262.73, 14.57, 0.907, 262.79, 14.70, 0.004, 68.32, 15.33);
insert into SHOT values (5131, 5119, 5122, 6750, 1.720, 256.89, -21.38, 1.720, 257.01, -21.48, 0.004, 358.09, -42.11);
insert into SHOT values (5132, 5119, 5123, 6750, 0.440, 184.32, 84.82, 0.432, 180.00, 84.69, 0.009, 97.38, -69.80);
insert into SHOT values (5133, 5119, 5124, 6750, 17.290, 166.78, -1.56, 17.248, 165.73, -1.56, 0.319, 68.77, 0.13);
insert into SHOT values (5134, 5124, 5125, 6750, 6.810, 96.01, -3.60, 6.810, 96.00, -3.54, 0.008, 26.21, 76.69);
insert into SHOT values (5135, 5124, 5126, 6750, 3.540, 206.36, 1.53, 3.539, 206.35, 1.62, 0.006, 57.48, 75.05);
insert into SHOT values (5136, 5124, 5127, 6750, 3.050, 96.12, 60.62, 3.053, 96.13, 60.60, 0.003, 102.18, 45.33);
insert into SHOT values (5137, 5124, 5128, 6750, 0.690, 103.86, -74.02, 0.685, 102.53, -74.39, 0.008, 321.19, 25.28);
insert into SHOT values (5138, 5124, 5129, 6750, 10.590, 159.29, 7.66, 10.550, 158.57, 7.79, 0.140, 51.15, 7.54);
insert into SHOT values (5139, 5129, 5130, 6750, 2.200, 132.14, 7.10, 2.197, 132.03, 7.06, 0.005, 14.06, -21.41);
insert into SHOT values (5140, 5129, 5131, 6750, 7.010, 291.70, -11.01, 7.009, 291.76, -11.02, 0.007, 29.98, -10.42);
insert into SHOT values (5141, 5129, 5132, 6750, 3.630, 201.22, 84.23, 3.628, 200.92, 84.24, 0.003, 84.56, -37.44);
insert into SHOT values (5142, 5129, 5133, 6750, 2.280, 229.91, -84.25, 2.281, 228.58, -84.30, 0.006, 121.32, -14.81);
insert into SHOT values (5143, 5129, 5134, 6750, 7.470, 299.12, -64.91, 7.466, 299.07, -64.88, 0.006, 242.08, 58.53);
insert into SHOT values (5144, 5129, 5135, 6750, 7.110, 225.15, -27.73, 7.054, 225.33, -27.98, 0.067, 28.51, -1.44);
insert into SHOT values (5145, 5135, 5136, 6750, 3.880, 69.47, 2.97, 3.882, 69.46, 2.95, 0.002, 49.34, -31.04);
insert into SHOT values (5146, 5135, 5137, 6750, 7.330, 240.55, -6.99, 7.328, 240.51, -7.05, 0.010, 118.10, -52.40);
insert into SHOT values (5147, 5135, 5138, 6750, 7.360, 124.42, 81.72, 7.357, 124.29, 81.68, 0.007, 98.80, -29.82);
insert into SHOT values (5148, 5135, 5139, 6750, 1.400, 136.53, -51.92, 1.406, 135.94, -52.14, 0.012, 41.87, -41.83);
insert into SHOT values (5149, 5135, 5140, 6750, 7.800, 248.41, -56.30, 7.798, 248.42, -56.33, 0.005, 59.33, -8.92);
insert into SHOT values (5150, 5135, 5141, 6750, 14.360, 281.56, -22.67, 14.361, 281.58, -22.69, 0.007, 20.70, -46.86);
insert into SHOT values (5151, 5135, 5142, 6750, 11.450, 96.40, -3.09, 11.457, 96.37, -3.10, 0.009, 60.54, -17.11);
insert into SHOT values (5152, 5142, 5143, 6750, 2.250, 356.62, 6.03, 2.247, 356.41, 6.13, 0.010, 245.64, 22.31);
insert into SHOT values (5153, 5142, 5144, 6750, 3.140, 158.54, -5.45, 3.140, 158.61, -5.48, 0.004, 255.94, -25.64);
insert into SHOT values (5154, 5142, 5145, 6750, 7.990, 353.95, 73.91, 7.992, 353.77, 73.93, 0.008, 252.61, 23.33);
insert into SHOT values (5155, 5142, 5146, 6750, 1.730, 329.35, -68.59, 1.730, 328.57, -68.54, 0.009, 247.77, 4.05);
insert into SHOT values (5156, 5142, 5147, 6750, 50.490, 86.24, -5.70, 50.488, 86.25, -5.71, 0.007, 205.56, -46.19);
insert into SHOT values (5157, 5147, 5148, 6750, 5.780, 350.72, -1.10, 5.786, 350.75, -1.09, 0.007, 15.89, 7.86);
insert into SHOT values (5158, 5147, 5149, 6750, 0.160, 163.60, 9.20, 0.158, 165.07, 10.94, 0.007, 288.26, 42.41);
insert into SHOT values (5159, 5147, 5150, 6750, 5.660, 354.87, 58.06, 5.665, 354.82, 58.12, 0.008, 224.25, 64.88);
insert into SHOT values (5160, 5147, 5151, 6750, 1.680, 12.73, -67.80, 1.675, 12.72, -67.70, 0.006, 8.45, 81.26);
insert into SHOT values (5161, 5147, 5152, 6750, 51.490, 70.07, -1.45, 51.491, 70.07, -1.45, 0.005, 349.68, 34.94);
insert into SHOT values (5162, 5152, 5153, 6750, 3.550, 15.77, 4.05, 3.551, 15.72, 4.04, 0.003, 311.92, -12.70);
insert into SHOT values (5163, 5152, 5154, 6750, 6.930, 186.44, -4.54, 6.936, 186.48, -4.55, 0.008, 223.99, -11.10);
insert into SHOT values (5164, 5152, 5155, 6750, 5.600, 299.61, 88.13, 5.603, 299.36, 88.12, 0.003, 255.56, 68.71);
insert into SHOT values (5165, 5152, 5156, 6750, 1.280, 57.42, -73.09, 1.275, 57.17, -73.18, 0.006, 262.63, 51.10);
insert into SHOT values (5166, 5152, 5157, 6750, 26.210, 275.97, -8.89, 26.215, 275.96, -8.89, 0.006, 238.17, 4.03);
insert into SHOT values (5167, 5152, 5158, 6750, 39.780, 98.70, -23.08, 39.774, 98.71, -23.08, 0.008, 227.46, 33.64);
insert into SHOT values (5168, 5158, 5159, 6750, 5.410, 119.33, -6.81, 5.415, 119.28, -6.79, 0.007, 78.86, 12.29);
insert into SHOT values (5169, 5158, 5160, 6750, 15.040, 254.27, -10.72, 15.035, 254.29, -10.73, 0.008, 33.27, -17.90);
insert into SHOT values (5170, 5158, 5161, 6750, 8.260, 219.13, 81.52, 8.259, 218.96, 81.58, 0.010, 60.77, 1.74);
insert into SHOT values (5171, 5158, 5162, 6750, 5.120, 235.61, -67.67, 5.122, 235.49, -67.72, 0.007, 103.34, -36.00);
insert into SHOT values (5172, 5158, 5163, 6750, 8.590, 70.09, 12.84, 8.594, 70.12, 12.84, 0.006, 111.47, 10.28);
insert into SHOT values (5173, 5158, 5164, 6750, 22.390, 202.25, -27.60, 22.388, 202.25, -27.62, 0.009, 34.30, -50.30);
insert into SHOT values (5174, 5164, 5165, 6750, 8.030, 67.60, 1.32, 8.028, 67.59, 1.36, 0.006, 290.94, 65.51);
insert into SHOT values (5175, 5164, 5166, 6750, 5.920, 228.25, -3.95, 5.921, 228.29, -3.87, 0.009, 304.72, 59.15);
insert into SHOT values (5176, 5164, 5167, 6750, 12.080, 165.71, 89.57, 12.080, 167.47, 89.56, 0.003, 227.92, 6.06);
insert into SHOT values (5177, 5164, 5168, 6750, 2.790, 127.45, -65.00, 2.784, 127.45, -64.83, 0.010, 127.59, 60.04);
insert into SHOT values (5178, 5164, 5169, 6750, 4.440, 59.58, 65.51, 4.440, 59.68, 65.49, 0.003, 124.14, -9.09);
insert into SHOT values (5179, 5164, 5170, 6750, 16.650, 118.57, -2.20, 16.650, 118.58, -2.20, 0.004, 208.70, -12.61);
insert into SHOT values (5180, 5164, 5171, 6750, 16.290, 194.76, -6.73, 16.296, 194.75, -6.73, 0.006, 165.12, -8.69);
insert into SHOT values (5181, 5164, 5172, 6750, 14.950, 142.37, -24.58, 14.952, 142.38, -24.58, 0.003, 193.56, -23.81);
insert into SHOT values (5182, 5170, 5173, 6750, 8.880, 358.10, 3.93, 8.886, 358.13, 3.94, 0.007, 32.93, 11.43);
insert into SHOT values (5183, 5170, 5174, 6750, 4.520, 154.40, 0.66, 4.518, 154.29, 0.76, 0.012, 49.75, 40.45);
insert into SHOT values (5184, 5170, 5175, 6750, 3.810, 6.65, 82.33, 3.815, 6.71, 82.26, 0.006, 12.76, 39.07);
insert into SHOT values (5185, 5170, 5176, 6750, 1.620, 80.92, -64.26, 1.614, 81.07, -63.96, 0.011, 101.05, 59.88);
insert into SHOT values (5186, 5170, 5177, 6750, 16.450, 236.56, -38.86, 16.451, 236.56, -38.85, 0.002, 221.20, 32.18);
insert into SHOT values (5187, 5170, 5178, 6750, 13.360, 124.39, 42.09, 13.362, 124.40, 42.11, 0.005, 264.43, 73.22);
insert into SHOT values (5188, 5170, 5179, 6750, 12.220, 47.06, -0.45, 12.227, 47.05, -0.42, 0.009, 38.23, 39.97);
insert into SHOT values (5189, 5179, 5180, 6750, 0.250, 353.77, 9.10, 0.245, 352.87, 9.39, 0.006, 210.76, 4.19);
insert into SHOT values (5190, 5179, 5181, 6750, 4.310, 184.43, -4.50, 4.316, 184.40, -4.52, 0.007, 162.91, -16.04);
insert into SHOT values (5191, 5179, 5182, 6750, 3.810, 131.40, 73.94, 3.809, 131.54, 73.91, 0.003, 191.92, -23.28);
insert into SHOT values (5192, 5179, 5183, 6750, 1.550, 195.70, -78.32, 1.554, 196.19, -78.01, 0.010, 212.73, -12.55);
insert into SHOT values (5193, 5179, 5184, 6750, 12.890, 98.60, 19.56, 12.889, 98.62, 19.54, 0.007, 173.41, -55.69);
insert into SHOT values (5194, 5184, 5185, 6750, 4.310, 348.18, 10.13, 4.308, 348.16, 10.16, 0.004, 197.76, 33.08);
insert into SHOT values (5195, 5184, 5186, 6750, 2.770, 156.85, -6.89, 2.771, 156.88, -6.84, 0.003, 218.24, 51.49);
insert into SHOT values (5196, 5184, 5187, 6750, 5.960, 16.20, 79.01, 5.959, 16.36, 79.01, 0.003, 109.84, -12.28);
insert into SHOT values (5197, 5184, 5188, 6750, 1.420, 352.40, -61.69, 1.421, 352.35, -61.59, 0.003, 339.43, 3.45);
insert into SHOT values (5198, 5184, 5189, 6750, 16.970, 70.03, 10.09, 16.970, 70.01, 10.11, 0.008, 323.04, 54.84);
insert into SHOT values (5199, 5189, 5190, 6750, 32.950, 90.19, -3.97, 32.949, 90.19, -3.97, 0.002, 217.11, 45.36);
insert into SHOT values (5200, 5189, 5191, 6750, 2.270, 351.32, 2.41, 2.267, 351.37, 2.27, 0.006, 131.54, -60.86);
insert into SHOT values (5201, 5189, 5192, 6750, 8.330, 172.27, -4.18, 8.338, 172.26, -4.20, 0.009, 161.55, -19.31);
insert into SHOT values (5202, 5189, 5193, 6750, 7.130, 65.31, 82.35, 7.123, 65.61, 82.38, 0.010, 200.23, -43.49);
insert into SHOT values (5203, 5189, 5194, 6750, 1.900, 144.07, -60.45, 1.907, 144.11, -60.53, 0.007, 173.38, -80.08);
insert into SHOT values (5204, 5189, 5195, 6750, 10.880, 185.23, 31.78, 10.888, 185.21, 31.75, 0.010, 162.40, -0.29);
insert into SHOT values (5205, 5189, 5196, 6750, 13.970, 78.70, -2.15, 13.970, 78.72, -2.17, 0.008, 175.20, -47.24);
insert into SHOT values (5206, 5190, 5197, 6750, 3.600, 340.50, -2.62, 3.600, 340.51, -2.71, 0.005, 85.16, -85.27);
insert into SHOT values (5207, 5190, 5198, 6750, 9.560, 357.97, 3.26, 9.551, 357.96, 3.24, 0.009, 192.58, -22.64);
insert into SHOT values (5208, 5190, 5199, 6750, 3.110, 203.53, 3.81, 3.114, 203.51, 3.68, 0.008, 193.13, -52.93);
insert into SHOT values (5209, 5190, 5200, 6750, 12.070, 304.16, 80.74, 12.068, 304.10, 80.73, 0.004, 258.48, -42.97);
insert into SHOT values (5210, 5190, 5201, 6750, 1.520, 149.64, -68.83, 1.525, 149.74, -68.63, 0.007, 158.08, -20.66);
insert into SHOT values (5211, 5190, 5202, 6750, 8.720, 58.16, -5.66, 8.714, 58.20, -5.66, 0.008, 192.57, 0.07);
insert into SHOT values (5212, 5202, 5203, 6750, 5.650, 26.31, -2.09, 5.661, 26.34, -2.13, 0.012, 40.63, -19.09);
insert into SHOT values (5213, 5202, 5204, 6750, 5.700, 178.76, -1.70, 5.694, 178.69, -1.71, 0.009, 47.44, -5.66);
insert into SHOT values (5214, 5202, 5205, 6750, 6.510, 106.16, 77.70, 6.511, 105.83, 77.65, 0.010, 53.10, -3.26);
insert into SHOT values (5215, 5202, 5206, 6750, 1.060, 201.73, -87.21, 1.061, 206.57, -87.58, 0.008, 353.54, -8.95);
insert into SHOT values (5216, 5202, 5207, 6750, 30.410, 90.50, -32.85, 30.415, 90.49, -32.85, 0.006, 51.75, -42.52);
insert into SHOT values (5217, 5207, 5208, 6750, 4.700, 53.43, 9.66, 4.699, 53.43, 9.68, 0.002, 244.14, 45.34);
insert into SHOT values (5218, 5207, 5209, 6750, 7.170, 208.48, -6.71, 7.173, 208.51, -6.73, 0.005, 258.96, -26.47);
insert into SHOT values (5219, 5207, 5210, 6750, 4.670, 190.24, 78.04, 4.671, 190.15, 78.08, 0.003, 41.04, 23.85);
insert into SHOT values (5220, 5207, 5211, 6750, 2.040, 83.95, -70.41, 2.038, 84.12, -70.40, 0.003, 184.82, 42.43);
insert into SHOT values (5221, 5207, 5212, 6750, 28.120, 132.93, -40.56, 28.115, 132.93, -40.56, 0.005, 290.32, 65.80);
insert into SHOT values (5222, 5212, 5213, 6750, 9.400, 29.05, 15.81, 9.402, 29.03, 15.80, 0.004, 333.35, -14.84);
insert into SHOT values (5223, 5212, 5214, 6750, 5.670, 215.83, -3.64, 5.670, 215.80, -3.64, 0.003, 133.26, -0.47);
insert into SHOT values (5224, 5212, 5215, 6750, 3.790, 57.08, 85.01, 3.785, 57.26, 84.95, 0.007, 75.61, -59.06);
insert into SHOT values (5225, 5212, 5216, 6750, 3.820, 32.08, 81.95, 3.818, 32.80, 81.94, 0.007, 118.96, -19.31);
insert into SHOT values (5226, 5212, 5217, 6750, 1.080, 315.60, -72.80, 1.088, 316.27, -72.98, 0.009, 62.14, -64.83);
insert into SHOT values (5227, 5212, 5218, 6750, 20.940, 168.41, -46.41, 20.940, 168.41, -46.42, 0.005, 349.12, -42.17);
insert into SHOT values (5228, 5218, 5219, 6750, 9.490, 86.46, 10.10, 9.494, 86.50, 10.07, 0.009, 144.60, -26.61);
insert into SHOT values (5229, 5218, 5220, 6750, 6.540, 258.20, 3.47, 6.541, 258.16, 3.42, 0.008, 179.37, -49.16);
insert into SHOT values (5230, 5218, 5221, 6750, 2.810, 285.10, 79.98, 2.812, 284.32, 80.07, 0.008, 164.55, 20.52);
insert into SHOT values (5231, 5218, 5222, 6750, 0.320, 131.01, -74.87, 0.323, 130.60, -73.44, 0.009, 126.67, -7.16);
insert into SHOT values (5232, 5218, 5223, 6750, 18.160, 229.27, -15.11, 18.158, 229.26, -15.13, 0.008, 93.49, -47.04);
insert into SHOT values (5233, 5223, 5224, 6750, 7.120, 109.15, -0.41, 7.116, 109.20, -0.40, 0.007, 232.96, 7.41);
insert into SHOT values (5234, 5223, 5225, 6750, 5.080, 279.18, -5.84, 5.079, 279.11, -5.76, 0.009, 189.93, 47.42);
insert into SHOT values (5235, 5223, 5226, 6750, 3.120, 176.92, 76.05, 3.122, 176.95, 76.08, 0.002, 338.83, 60.45);
insert into SHOT values (5236, 5223, 5227, 6750, 0.830, 267.33, -55.05, 0.833, 267.61, -54.76, 0.005, 293.09, 3.25);
insert into SHOT values (5237, 5223, 5228, 6750, 18.920, 196.65, -17.72, 18.922, 196.67, -17.69, 0.011, 241.96, 50.95);
insert into SHOT values (5238, 5223, 5229, 6750, 14.120, 167.17, -14.62, 14.117, 167.18, -14.61, 0.006, 293.21, 42.86);
insert into SHOT values (5239, 5229, 5230, 6750, 9.980, 32.66, 13.43, 9.979, 32.67, 13.44, 0.003, 145.94, 36.98);
insert into SHOT values (5240, 5229, 5231, 6750, 6.220, 181.39, -6.58, 6.222, 181.39, -6.55, 0.004, 182.28, 44.58);
insert into SHOT values (5241, 5229, 5232, 6750, 11.840, 197.81, -25.93, 11.844, 197.82, -25.94, 0.005, 234.73, -34.72);
insert into SHOT values (5242, 5229, 5233, 6750, 5.840, 181.65, 77.40, 5.842, 181.79, 77.34, 0.007, 206.79, 5.02);
insert into SHOT values (5243, 5229, 5234, 6750, 0.790, 63.45, -73.00, 0.785, 64.54, -72.77, 0.007, 133.76, 49.48);
insert into SHOT values (5244, 5229, 5235, 6750, 25.460, 60.16, 18.78, 25.460, 60.17, 18.79, 0.005, 162.11, 40.48);
insert into SHOT values (5245, 5235, 5236, 6750, 0.470, 324.97, 3.54, 0.467, 324.61, 3.68, 0.004, 190.06, 13.16);
insert into SHOT values (5246, 5235, 5237, 6750, 4.760, 138.53, 9.18, 4.758, 138.54, 9.19, 0.002, 298.60, 16.20);
insert into SHOT values (5247, 5235, 5238, 6750, 5.170, 180.80, 86.61, 5.169, 180.00, 86.56, 0.006, 135.32, -8.92);
insert into SHOT values (5248, 5235, 5239, 6750, 1.360, 119.27, -73.15, 1.357, 119.20, -73.32, 0.005, 305.22, 18.70);
insert into SHOT values (5249, 5235, 5240, 6750, 29.860, 57.78, 29.24, 29.854, 57.78, 29.23, 0.007, 236.74, -58.18);
insert into SHOT values (5250, 5240, 5241, 6750, 1.920, 321.86, 1.29, 1.917, 321.99, 1.49, 0.009, 86.91, 51.08);
insert into SHOT values (5251, 5240, 5242, 6750, 0.310, 136.37, -17.76, 0.310, 135.00, -16.86, 0.009, 59.63, 32.01);
insert into SHOT values (5252, 5240, 5243, 6750, 14.420, 345.01, 57.90, 14.423, 345.02, 57.92, 0.005, 135.47, 57.93);
insert into SHOT values (5253, 5240, 5244, 6750, 0.300, 81.04, -77.67, 0.298, 81.87, -76.30, 0.007, 89.81, 24.63);
insert into SHOT values (5254, 5240, 5245, 6750, 19.410, 38.64, 54.18, 19.412, 38.68, 54.18, 0.007, 111.93, 9.38);
insert into SHOT values (5255, 5245, 5246, 6750, 0.520, 149.50, -16.67, 0.520, 149.83, -16.78, 0.003, 254.52, -15.85);
insert into SHOT values (5256, 5245, 5247, 6750, 1.530, 322.01, 4.06, 1.536, 322.16, 4.11, 0.007, 355.15, 13.04);
insert into SHOT values (5257, 5245, 5248, 6750, 1.660, 315.10, 80.33, 1.664, 315.00, 80.21, 0.005, 308.08, 41.61);
insert into SHOT values (5258, 5245, 5249, 6750, 2.000, 100.42, -74.21, 1.994, 99.64, -74.36, 0.011, 328.09, 24.53);
insert into SHOT values (5259, 5245, 5250, 6750, 3.260, 67.93, 9.26, 3.260, 67.90, 9.36, 0.006, 300.97, 69.31);
insert into SHOT values (5260, 5250, 5251, 6750, 2.620, 286.83, -4.55, 2.621, 286.91, -4.59, 0.004, 358.15, -29.49);
insert into SHOT values (5261, 5250, 5252, 6750, 0.430, 106.30, 7.64, 0.430, 106.31, 6.68, 0.007, 112.10, -81.88);
insert into SHOT values (5262, 5250, 5253, 6750, 4.260, 350.56, 84.75, 4.258, 349.82, 84.66, 0.008, 312.10, -14.59);
insert into SHOT values (5263, 5250, 5254, 6750, 1.670, 153.58, -78.63, 1.671, 154.23, -78.89, 0.009, 306.74, -18.91);
insert into SHOT values (5264, 5250, 5255, 6750, 11.950, 18.45, 43.18, 11.948, 18.46, 43.14, 0.009, 29.73, -58.59);
insert into SHOT values (5265, 5255, 5256, 6750, 4.170, 296.31, 12.85, 4.175, 296.25, 12.87, 0.006, 250.58, 23.64);
insert into SHOT values (5266, 5255, 5257, 6750, 3.850, 137.49, -0.31, 3.850, 137.53, -0.30, 0.003, 216.80, 18.58);
insert into SHOT values (5267, 5255, 5258, 6750, 3.440, 320.42, 71.28, 3.443, 320.13, 71.24, 0.007, 261.94, 16.67);
insert into SHOT values (5268, 5255, 5259, 6750, 1.940, 114.53, -75.79, 1.939, 114.94, -75.84, 0.004, 234.82, 9.18);
insert into SHOT values (5269, 5255, 5260, 6750, 5.700, 56.49, 49.44, 5.701, 56.44, 49.42, 0.004, 354.70, -6.56);
insert into SHOT values (5270, 5260, 5261, 6750, 2.020, 349.57, 5.08, 2.013, 349.36, 5.13, 0.011, 213.09, 6.16);
insert into SHOT values (5271, 5260, 5262, 6750, 1.450, 165.95, -4.06, 1.456, 166.06, -3.94, 0.007, 189.30, 20.82);
insert into SHOT values (5272, 5260, 5263, 6750, 2.400, 289.91, 80.06, 2.406, 289.75, 80.08, 0.006, 204.03, 78.89);
insert into SHOT values (5273, 5260, 5264, 6750, 1.430, 134.54, -81.34, 1.427, 136.85, -81.16, 0.010, 201.13, 21.02);
insert into SHOT values (5274, 5260, 5265, 6750, 10.980, 73.67, 11.64, 10.980, 73.69, 11.67, 0.006, 185.32, 51.05);
insert into SHOT values (5275, 5265, 5266, 6750, 1.700, 0.98, -2.40, 1.702, 0.67, -2.36, 0.009, 280.88, 7.35);
insert into SHOT values (5276, 5265, 5267, 6750, 2.560, 166.67, -3.35, 2.563, 166.67, -3.35, 0.003, 166.47, -6.97);
insert into SHOT values (5277, 5265, 5268, 6750, 1.240, 346.15, 68.01, 1.241, 345.07, 67.95, 0.009, 264.76, 1.36);
insert into SHOT values (5278, 5265, 5269, 6750, 1.740, 279.88, -73.43, 1.742, 279.27, -73.44, 0.006, 192.44, -23.21);
insert into SHOT values (5279, 5265, 5270, 6750, 3.760, 88.49, 1.25, 3.752, 88.47, 1.22, 0.008, 276.89, -14.45);
insert into SHOT values (5280, 5270, 5271, 6750, 3.040, 355.18, -2.81, 3.034, 355.27, -2.83, 0.008, 137.54, -7.25);
insert into SHOT values (5281, 5270, 5272, 6750, 2.140, 159.79, -0.61, 2.142, 159.79, -0.53, 0.003, 158.04, 54.11);
insert into SHOT values (5282, 5270, 5273, 6750, 7.440, 343.49, 82.71, 7.439, 343.89, 82.77, 0.010, 121.85, 0.82);
insert into SHOT values (5283, 5270, 5274, 6750, 0.870, 339.01, -73.28, 0.866, 338.63, -73.43, 0.005, 185.32, 41.00);
insert into SHOT values (5284, 5270, 5275, 6750, 5.790, 68.02, -2.29, 5.793, 68.09, -2.28, 0.008, 136.26, 10.32);
insert into SHOT values (5285, 5270, 5276, 6750, 16.800, 286.17, 65.21, 16.796, 286.17, 65.23, 0.006, 107.36, -18.28);
insert into SHOT values (5286, 5277, 5278, 6750, 34.550, 40.96, 41.00, 34.550, 40.96, 41.01, 0.005, 249.82, 43.39);
insert into SHOT values (5287, 5278, 5279, 6750, 3.600, 316.22, -1.25, 3.601, 316.24, -1.27, 0.002, 8.68, -45.75);
insert into SHOT values (5288, 5278, 5280, 6750, 2.350, 114.88, -3.81, 2.354, 114.93, -3.90, 0.006, 141.17, -40.61);
insert into SHOT values (5289, 5278, 5281, 6750, 3.660, 293.08, 58.61, 3.653, 292.92, 58.66, 0.009, 152.79, -27.74);
insert into SHOT values (5290, 5278, 5282, 6750, 1.200, 297.43, -80.36, 1.205, 297.90, -80.82, 0.011, 107.09, -38.46);
insert into SHOT values (5291, 5277, 5283, 6750, 11.420, 226.91, -11.01, 11.417, 226.88, -11.01, 0.007, 108.12, 8.52);
insert into SHOT values (5292, 5277, 5284, 6750, 6.040, 158.62, 0.75, 6.045, 158.66, 0.76, 0.006, 195.52, 8.39);
insert into SHOT values (5293, 5277, 5285, 6750, 3.550, 317.47, -7.97, 3.545, 317.54, -7.95, 0.007, 97.06, 18.66);
insert into SHOT values (5294, 5277, 5286, 6750, 3.960, 207.38, 65.29, 3.962, 207.34, 65.31, 0.003, 92.70, 63.50);
insert into SHOT values (5295, 5277, 5287, 6750, 1.090, 237.88, -83.18, 1.088, 237.53, -83.12, 0.003, 197.61, 61.61);
insert into SHOT values (5296, 5283, 5218, 6750, 7.620, 220.86, -30.78, 7.623, 220.91, -30.77, 0.007, 280.28, -4.11);
insert into SHOT values (5297, 5283, 5288, 6750, 3.150, 140.45, 0.54, 3.147, 140.54, 0.55, 0.006, 257.68, 3.08);
insert into SHOT values (5298, 5283, 5289, 6750, 7.170, 284.27, 7.66, 7.172, 284.25, 7.61, 0.007, 244.08, -57.81);
insert into SHOT values (5299, 5283, 5290, 6750, 1.700, 197.03, 69.53, 1.699, 197.53, 69.40, 0.007, 255.24, -23.57);
insert into SHOT values (5300, 5283, 5291, 6750, 1.200, 191.16, -69.15, 1.200, 192.09, -69.02, 0.008, 262.47, 10.86);
insert into SHOT values (5301, 5218, 5292, 6750, 7.460, 140.80, -15.57, 7.459, 140.82, -15.55, 0.003, 241.01, 47.37);
insert into SHOT values (5302, 5218, 5293, 6750, 4.100, 277.88, -5.98, 4.101, 277.89, -6.02, 0.003, 319.49, -66.29);
insert into SHOT values (5303, 5218, 5294, 6750, 1.930, 197.16, 47.13, 1.929, 196.78, 46.97, 0.010, 126.11, -26.13);
insert into SHOT values (5304, 5218, 5295, 6750, 0.960, 165.08, -76.80, 0.967, 164.74, -76.36, 0.010, 156.48, -31.04);
insert into SHOT values (5305, 5135, 5296, 6750, 7.410, 206.15, -4.65, 7.408, 206.11, -4.65, 0.005, 94.07, 8.16);
insert into SHOT values (5306, 5135, 5297, 6750, 8.320, 343.86, -1.45, 8.320, 343.87, -1.45, 0.002, 76.87, 13.93);
insert into SHOT values (5307, 5135, 5298, 6750, 6.900, 233.09, 79.85, 6.898, 233.04, 79.86, 0.003, 83.54, -41.57);
insert into SHOT values (5308, 5135, 5299, 6750, 3.240, 194.08, -70.63, 3.242, 194.04, -70.69, 0.004, 31.59, -51.30);
insert into SHOT values (5309, 5135, 5300, 6750, 12.830, 283.58, -24.31, 12.814, 284.60, -24.43, 0.210, 21.21, -4.99);
insert into SHOT values (5310, 5300, 5301, 6750, 1.370, 201.67, -7.73, 1.367, 201.64, -7.56, 0.005, 38.74, 64.25);
insert into SHOT values (5311, 5300, 5302, 6750, 0.150, 17.39, -8.93, 0.150, 19.65, -7.66, 0.007, 103.85, 29.17);
insert into SHOT values (5312, 5300, 5303, 6750, 1.110, 247.56, 67.41, 1.113, 247.69, 67.74, 0.007, 56.08, 46.24);
insert into SHOT values (5313, 5300, 5304, 6750, 1.250, 203.39, -72.17, 1.249, 203.20, -72.26, 0.002, 56.43, -0.95);
insert into SHOT values (5314, 5300, 5305, 6750, 14.300, 286.53, -32.86, 14.282, 287.54, -33.01, 0.216, 26.41, -5.58);
insert into SHOT values (5315, 5305, 5306, 6750, 0.510, 189.22, 2.40, 0.508, 190.20, 2.25, 0.009, 289.56, -8.70);
insert into SHOT values (5316, 5305, 5307, 6750, 0.530, 15.77, 0.10, 0.529, 15.35, 0.00, 0.004, 269.29, -12.89);
insert into SHOT values (5317, 5305, 5308, 6750, 0.640, 228.04, 77.66, 0.646, 230.71, 77.29, 0.010, 279.92, 29.62);
insert into SHOT values (5318, 5305, 5309, 6750, 0.310, 153.89, -65.06, 0.305, 155.56, -66.66, 0.011, 314.42, 5.92);
insert into SHOT values (5319, 5305, 5310, 6750, 4.540, 280.65, -28.44, 4.519, 281.17, -28.41, 0.042, 35.90, 16.95);
insert into SHOT values (5320, 5310, 5311, 6750, 4.420, 210.42, -25.70, 4.363, 210.49, -25.96, 0.061, 26.03, 6.37);
insert into SHOT values (5321, 5310, 5312, 6750, 1.180, 144.56, 16.31, 1.179, 144.34, 16.25, 0.004, 50.98, -17.99);
insert into SHOT values (5322, 5310, 5313, 6750, 1.080, 354.28, 11.14, 1.084, 354.08, 10.63, 0.011, 322.05, -50.53);
insert into SHOT values (5323, 5310, 5314, 6750, 2.920, 144.68, 75.10, 2.917, 144.82, 75.18, 0.005, 302.74, -20.52);
insert into SHOT values (5324, 5310, 5315, 6750, 0.840, 36.50, -69.77, 0.843, 35.31, -69.58, 0.007, 336.92, -14.41);
insert into SHOT values (5325, 5311, 5316, 6750, 0.180, 174.69, -6.48, 0.182, 173.66, -6.30, 0.004, 119.08, 4.55);
insert into SHOT values (5326, 5311, 5317, 6750, 1.110, 334.32, -8.77, 1.109, 334.60, -8.82, 0.006, 76.11, -7.80);
insert into SHOT values (5327, 5311, 5318, 6750, 0.580, 217.95, 77.99, 0.571, 217.87, 78.49, 0.010, 39.23, -47.59);
insert into SHOT values (5328, 5311, 5319, 6750, 0.730, 260.93, -89.59, 0.730, 90.00, -90.00, 0.005, 80.93, -0.21);
insert into SHOT values (5329, 5311, 5320, 6750, 5.340, 280.98, -47.85, 5.326, 281.50, -48.03, 0.039, 45.49, -1.43);
insert into SHOT values (5330, 5320, 5321, 6750, 1.330, 305.01, -2.06, 1.330, 304.89, -2.15, 0.004, 208.12, -37.12);
insert into SHOT values (5331, 5320, 5322, 6750, 2.800, 55.60, 21.81, 2.804, 55.64, 21.77, 0.005, 75.32, -3.11);
insert into SHOT values (5332, 5320, 5323, 6750, 1.410, 308.63, 78.27, 1.409, 309.29, 78.36, 0.004, 75.10, -7.76);
insert into SHOT values (5333, 5320, 5324, 6750, 0.280, 313.01, -76.08, 0.279, 315.00, -75.32, 0.004, 349.58, 23.33);
insert into SHOT values (5334, 5320, 5325, 6750, 10.650, 358.81, -6.96, 10.651, 358.81, -6.96, 0.001, 329.29, 30.87);
insert into SHOT values (5335, 5325, 5326, 6750, 3.600, 243.87, -4.31, 3.597, 243.86, -4.30, 0.003, 71.33, 10.09);
insert into SHOT values (5336, 5325, 5327, 6750, 1.730, 67.77, -2.31, 1.728, 67.89, -2.32, 0.004, 181.62, -3.89);
insert into SHOT values (5337, 5325, 5328, 6750, 1.740, 294.83, 79.34, 1.740, 295.77, 79.34, 0.005, 23.58, 0.31);
insert into SHOT values (5338, 5325, 5329, 6750, 1.580, 262.43, -55.73, 1.574, 262.23, -55.66, 0.007, 145.32, 59.20);
insert into SHOT values (5339, 5325, 5330, 6750, 6.830, 309.93, -27.86, 6.831, 309.96, -27.84, 0.005, 5.11, 22.12);
insert into SHOT values (5340, 5330, 5331, 6750, 11.040, 317.77, -62.39, 11.035, 317.70, -62.41, 0.009, 187.75, 18.00);
insert into SHOT values (5341, 5330, 5332, 6750, 3.120, 252.34, 25.52, 3.117, 252.21, 25.46, 0.008, 153.52, -32.64);
insert into SHOT values (5342, 5330, 5333, 6750, 5.000, 62.11, 11.06, 5.000, 62.18, 11.07, 0.006, 152.40, 7.57);
insert into SHOT values (5343, 5330, 5334, 6750, 6.960, 317.55, 78.57, 6.957, 317.36, 78.62, 0.008, 173.11, -14.20);
insert into SHOT values (5344, 5330, 5335, 6750, 2.640, 4.88, -57.14, 2.638, 4.83, -57.30, 0.008, 194.38, -17.82);
insert into SHOT values (5345, 5331, 5336, 6750, 2.020, 249.22, -35.14, 2.019, 249.36, -35.41, 0.010, 36.04, -44.46);
insert into SHOT values (5346, 5331, 5337, 6750, 1.000, 60.22, -40.04, 1.008, 60.44, -40.16, 0.009, 92.59, -50.44);
insert into SHOT values (5347, 5331, 5338, 6750, 9.180, 317.52, 56.66, 9.182, 317.65, 56.65, 0.012, 39.22, 4.00);
insert into SHOT values (5348, 5331, 5339, 6750, 1.200, 318.94, -81.28, 1.204, 319.40, -81.19, 0.005, 349.93, -53.47);
insert into SHOT values (5349, 5320, 5340, 6750, 1.120, 170.22, 4.53, 1.120, 170.20, 4.61, 0.002, 51.39, 74.02);
insert into SHOT values (5350, 5320, 5341, 6750, 1.480, 312.30, -14.21, 1.481, 312.46, -14.07, 0.006, 14.71, 35.89);
insert into SHOT values (5351, 5320, 5342, 6750, 1.440, 275.53, 72.60, 1.446, 275.31, 72.62, 0.006, 222.78, 70.91);
insert into SHOT values (5352, 5320, 5343, 6750, 0.170, 107.17, -79.41, 0.173, 108.43, -79.46, 0.003, 169.09, -74.72);
insert into SHOT values (5353, 5320, 5344, 6750, 5.950, 260.49, -23.74, 5.912, 260.96, -23.85, 0.059, 32.42, 5.22);
insert into SHOT values (5354, 5344, 5345, 6750, 4.200, 131.52, -5.94, 4.203, 131.51, -6.01, 0.006, 110.68, -65.89);
insert into SHOT values (5355, 5344, 5346, 6750, 0.820, 298.73, -22.36, 0.818, 299.28, -22.28, 0.008, 42.34, 14.73);
insert into SHOT values (5356, 5344, 5347, 6750, 1.700, 148.75, 72.02, 1.695, 148.11, 71.78, 0.011, 100.02, -41.51);
insert into SHOT values (5357, 5344, 5348, 6750, 1.110, 162.77, -74.22, 1.112, 162.76, -74.16, 0.003, 160.82, -45.72);
insert into SHOT values (5358, 5344, 5349, 6750, 13.080, 207.98, -2.45, 13.016, 207.92, -2.47, 0.065, 39.08, -0.76);
insert into SHOT values (5359, 5349, 5350, 6750, 4.820, 112.65, 1.16, 4.824, 112.68, 1.19, 0.006, 147.65, 26.00);
insert into SHOT values (5360, 5349, 5351, 6750, 1.370, 281.28, -4.52, 1.371, 281.39, -4.60, 0.004, 347.32, -34.79);
insert into SHOT values (5361, 5349, 5352, 6750, 1.190, 125.31, 68.19, 1.186, 125.84, 68.02, 0.007, 190.01, -46.83);
insert into SHOT values (5362, 5349, 5353, 6750, 1.690, 174.11, -82.42, 1.695, 172.23, -82.47, 0.009, 76.18, -33.02);
insert into SHOT values (5363, 5349, 5354, 6750, 7.840, 307.23, -46.96, 7.841, 307.26, -46.95, 0.003, 9.31, 1.69);
insert into SHOT values (5364, 5349, 5355, 6750, 11.080, 157.99, 6.43, 11.039, 157.20, 6.55, 0.159, 51.65, 6.93);
insert into SHOT values (5365, 5355, 5356, 6750, 6.900, 102.52, 17.58, 6.908, 102.54, 17.52, 0.010, 115.16, -22.94);
insert into SHOT values (5366, 5355, 5357, 6750, 3.300, 290.63, -2.11, 3.294, 290.64, -2.26, 0.011, 106.85, -52.27);
insert into SHOT values (5367, 5355, 5358, 6750, 15.460, 235.93, 81.83, 15.456, 235.80, 81.86, 0.010, 85.45, -17.27);
insert into SHOT values (5368, 5355, 5359, 6750, 0.610, 167.64, -61.05, 0.617, 166.43, -61.08, 0.009, 103.05, -41.74);
insert into SHOT values (5369, 5355, 5360, 6750, 7.790, 218.46, -10.68, 7.730, 218.53, -10.81, 0.063, 29.91, -5.78);
insert into SHOT values (5370, 5360, 5361, 6750, 3.550, 136.72, -10.81, 3.551, 136.74, -10.87, 0.004, 201.71, -69.96);
insert into SHOT values (5371, 5360, 5362, 6750, 8.810, 295.39, -1.00, 8.804, 295.43, -0.98, 0.009, 68.75, 24.08);
insert into SHOT values (5372, 5360, 5363, 6750, 7.660, 317.10, 78.43, 7.656, 317.37, 78.43, 0.009, 51.79, -30.48);
insert into SHOT values (5373, 5360, 5364, 6750, 1.100, 95.42, -85.91, 1.103, 97.13, -85.81, 0.004, 143.80, -41.12);
insert into SHOT values (5374, 5360, 5365, 6750, 24.010, 52.37, 40.22, 24.006, 52.38, 40.22, 0.005, 171.31, -46.53);
insert into SHOT values (5375, 5360, 5366, 6750, 11.200, 323.89, 28.25, 11.197, 323.91, 28.25, 0.005, 97.71, -14.92);
insert into SHOT values (5376, 5360, 5367, 6750, 23.630, 208.89, -28.88, 23.576, 208.81, -29.78, 0.376, 36.26, -52.17);
insert into SHOT values (5377, 5367, 5368, 6750, 2.250, 101.35, 8.35, 2.248, 101.41, 8.44, 0.005, 234.12, 45.28);
insert into SHOT values (5378, 5367, 5369, 6750, 8.900, 289.63, 1.57, 8.901, 289.64, 1.55, 0.004, 341.76, -71.61);
insert into SHOT values (5379, 5367, 5370, 6750, 5.300, 288.79, 80.17, 5.298, 288.63, 80.14, 0.004, 246.76, -30.77);
insert into SHOT values (5380, 5367, 5371, 6750, 1.660, 108.75, -61.84, 1.656, 108.67, -61.85, 0.004, 314.73, 53.63);
insert into SHOT values (5381, 5367, 5372, 6750, 9.500, 110.02, 1.01, 9.495, 110.02, 1.03, 0.006, 291.57, 27.43);
insert into SHOT values (5382, 5367, 5373, 6750, 20.460, 195.95, -8.95, 20.403, 195.52, -9.14, 0.175, 82.08, -19.00);
insert into SHOT values (5383, 5373, 5374, 6750, 0.320, 204.76, 3.40, 0.318, 204.15, 3.60, 0.004, 88.93, 15.10);
insert into SHOT values (5384, 5373, 5375, 6750, 21.900, 29.76, -0.75, 21.900, 29.76, -0.76, 0.003, 93.43, -81.94);
insert into SHOT values (5385, 5373, 5376, 6750, 8.620, 312.90, 78.57, 8.622, 313.11, 78.55, 0.007, 10.68, 7.46);
insert into SHOT values (5386, 5373, 5377, 6750, 1.750, 133.34, -67.53, 1.751, 132.56, -67.67, 0.010, 21.42, -16.40);
insert into SHOT values (5387, 5373, 5378, 6750, 15.960, 339.69, 2.15, 15.964, 339.68, 2.15, 0.005, 303.69, 13.91);
insert into SHOT values (5388, 5373, 5379, 6750, 16.210, 310.88, -7.97, 16.231, 312.25, -7.90, 0.386, 38.08, 2.61);
insert into SHOT values (5389, 5379, 5380, 6750, 11.200, 166.32, 4.07, 11.205, 166.34, 4.09, 0.008, 202.19, 42.29);
insert into SHOT values (5390, 5379, 5381, 6750, 1.100, 341.36, -4.03, 1.100, 341.40, -4.17, 0.003, 68.78, -74.13);
insert into SHOT values (5391, 5379, 5382, 6750, 7.910, 179.52, 75.37, 7.917, 179.43, 75.37, 0.008, 123.92, 58.70);
insert into SHOT values (5392, 5379, 5383, 6750, 1.230, 264.87, -75.05, 1.230, 264.47, -75.33, 0.006, 105.08, -14.64);
insert into SHOT values (5393, 5379, 5384, 6750, 34.910, 233.45, -28.42, 34.907, 233.44, -28.41, 0.009, 141.16, 32.66);
insert into SHOT values (5394, 5384, 5385, 6750, 3.370, 151.89, 1.69, 3.366, 151.99, 1.70, 0.007, 279.52, 4.84);
insert into SHOT values (5395, 5384, 5386, 6750, 10.850, 319.44, -4.91, 10.856, 319.46, -4.91, 0.007, 354.13, -10.45);
insert into SHOT values (5396, 5384, 5387, 6750, 8.570, 215.66, 83.25, 8.570, 215.74, 83.23, 0.003, 240.30, -10.59);
insert into SHOT values (5397, 5384, 5388, 6750, 1.560, 326.87, -78.78, 1.561, 326.82, -78.52, 0.007, 324.75, 1.48);
insert into SHOT values (5398, 5384, 5389, 6750, 12.800, 301.26, -44.44, 12.813, 301.28, -44.43, 0.013, 314.17, -36.12);
insert into SHOT values (5399, 5384, 5390, 6750, 13.800, 76.43, 61.35, 13.800, 76.36, 61.35, 0.008, 346.50, -2.92);
insert into SHOT values (5400, 5384, 5391, 6750, 23.480, 229.36, 3.58, 23.484, 229.38, 3.56, 0.010, 289.73, -36.72);
insert into SHOT values (5401, 5391, 5392, 6750, 7.540, 91.86, 3.32, 7.547, 91.83, 3.34, 0.009, 56.89, 22.90);
insert into SHOT values (5402, 5391, 5393, 6750, 0.800, 275.56, -1.92, 0.794, 275.78, -1.44, 0.009, 66.37, 47.11);
insert into SHOT values (5403, 5391, 5394, 6750, 16.410, 39.00, 77.59, 16.413, 39.02, 77.59, 0.004, 137.16, 74.71);
insert into SHOT values (5404, 5391, 5395, 6750, 1.800, 151.02, -70.09, 1.799, 150.95, -69.92, 0.005, 141.43, 26.55);
insert into SHOT values (5405, 5391, 5396, 6750, 17.010, 155.43, 5.60, 17.014, 155.43, 5.60, 0.004, 167.13, 1.60);
insert into SHOT values (5406, 5396, 5397, 6750, 6.230, 65.54, -3.37, 6.231, 65.50, -3.31, 0.008, 347.81, 51.26);
insert into SHOT values (5407, 5396, 5398, 6750, 4.570, 243.95, -4.09, 4.564, 243.94, -4.02, 0.008, 70.91, 46.77);
insert into SHOT values (5408, 5396, 5399, 6750, 14.760, 85.81, 84.11, 14.768, 85.83, 84.12, 0.008, 222.31, 83.51);
insert into SHOT values (5409, 5396, 5400, 6750, 5.490, 91.18, -74.34, 5.484, 91.16, -74.34, 0.006, 288.01, 74.92);
insert into SHOT values (5410, 5396, 5401, 6750, 20.860, 185.41, 18.75, 20.857, 185.40, 18.77, 0.007, 25.29, 40.95);
insert into SHOT values (5411, 5396, 5402, 6750, 23.670, 192.58, 45.70, 23.666, 192.58, 45.71, 0.005, 7.42, -5.49);
insert into SHOT values (5412, 5396, 5403, 6750, 16.610, 79.77, 26.53, 16.615, 79.77, 26.52, 0.005, 82.54, 9.32);
insert into SHOT values (5413, 5396, 5404, 6750, 23.630, 112.68, 19.24, 23.635, 112.67, 19.24, 0.006, 63.91, 30.67);
insert into SHOT values (5414, 5404, 5405, 6750, 7.280, 345.14, -0.64, 7.285, 345.12, -0.63, 0.005, 321.62, 14.77);
insert into SHOT values (5415, 5404, 5406, 6750, 0.210, 173.75, -6.72, 0.212, 174.56, -5.42, 0.006, 225.24, 50.21);
insert into SHOT values (5416, 5404, 5407, 6750, 10.440, 307.03, 58.15, 10.443, 307.04, 58.14, 0.004, 318.82, 33.34);
insert into SHOT values (5417, 5404, 5408, 6750, 1.770, 137.19, -76.07, 1.772, 136.91, -76.14, 0.003, 9.48, -38.00);
insert into SHOT values (5418, 5404, 5409, 6750, 23.570, 69.68, 17.49, 23.569, 69.67, 17.48, 0.005, 338.49, -45.38);
insert into SHOT values (5419, 5409, 5410, 6750, 1.060, 350.79, 7.21, 1.063, 350.72, 7.57, 0.007, 319.01, 69.75);
insert into SHOT values (5420, 5409, 5411, 6750, 2.220, 164.72, -4.86, 2.224, 164.84, -4.64, 0.011, 205.50, 49.74);
insert into SHOT values (5421, 5409, 5412, 6750, 0.920, 23.05, 88.85, 0.920, 26.57, 88.61, 0.004, 42.63, 2.59);
insert into SHOT values (5422, 5409, 5413, 6750, 1.800, 187.33, -83.19, 1.793, 188.13, -83.20, 0.008, 301.47, 66.03);
insert into SHOT values (5423, 5409, 5414, 6750, 4.580, 98.31, 0.53, 4.578, 98.29, 0.63, 0.008, 318.08, 71.38);
insert into SHOT values (5424, 5414, 5415, 6750, 1.860, 6.71, -12.72, 1.858, 6.65, -12.75, 0.003, 226.06, -9.27);
insert into SHOT values (5425, 5414, 5416, 6750, 2.620, 189.18, -14.17, 2.623, 189.05, -14.35, 0.010, 113.15, -56.40);
insert into SHOT values (5426, 5414, 5417, 6750, 5.520, 7.94, 81.27, 5.514, 8.23, 81.25, 0.007, 87.11, -54.76);
insert into SHOT values (5427, 5414, 5418, 6750, 1.260, 134.62, -84.21, 1.266, 135.00, -84.23, 0.006, 213.61, -82.38);
insert into SHOT values (5428, 5414, 5419, 6750, 8.860, 100.06, -4.82, 8.859, 100.11, -4.86, 0.010, 200.55, -33.54);
insert into SHOT values (5429, 5419, 5420, 6750, 4.070, 12.86, 3.49, 4.071, 12.94, 3.52, 0.006, 95.42, 20.97);
insert into SHOT values (5430, 5419, 5421, 6750, 0.500, 188.55, -2.97, 0.495, 188.13, -2.31, 0.008, 48.26, 46.14);
insert into SHOT values (5431, 5419, 5422, 6750, 4.360, 340.33, 71.53, 4.364, 340.51, 71.58, 0.007, 97.84, 42.58);
insert into SHOT values (5432, 5419, 5423, 6750, 1.280, 17.55, -76.11, 1.280, 18.43, -75.69, 0.010, 46.27, 14.19);
insert into SHOT values (5433, 5419, 5424, 6750, 16.520, 353.95, 52.67, 16.528, 353.99, 52.66, 0.011, 36.17, 22.12);
insert into SHOT values (5434, 5419, 5425, 6750, 12.090, 83.19, -12.81, 12.094, 83.18, -12.80, 0.005, 63.00, 7.20);
insert into SHOT values (5435, 5425, 5426, 6750, 2.660, 355.75, 11.46, 2.660, 355.82, 11.49, 0.004, 86.43, 25.10);
insert into SHOT values (5436, 5425, 5427, 6750, 3.020, 165.99, -4.98, 3.021, 165.96, -4.94, 0.003, 118.58, 49.08);
insert into SHOT values (5437, 5425, 5428, 6750, 7.710, 9.67, 73.32, 7.714, 9.63, 73.34, 0.005, 228.37, 62.47);
insert into SHOT values (5438, 5425, 5429, 6750, 1.510, 37.19, -72.55, 1.509, 36.87, -72.65, 0.004, 258.95, 7.67);
insert into SHOT values (5439, 5425, 5430, 6750, 13.120, 66.52, 36.02, 13.121, 66.50, 36.04, 0.006, 304.40, 51.76);
insert into SHOT values (5440, 5430, 5431, 6750, 3.360, 315.99, -4.71, 3.357, 316.09, -4.78, 0.008, 76.47, -31.18);
insert into SHOT values (5441, 5430, 5432, 6750, 2.730, 157.86, 8.67, 2.731, 157.80, 8.63, 0.003, 93.75, -27.76);
insert into SHOT values (5442, 5430, 5433, 6750, 4.760, 57.83, 80.95, 4.760, 57.99, 80.88, 0.006, 77.75, -6.67);
insert into SHOT values (5443, 5430, 5434, 6750, 0.310, 101.45, -59.27, 0.315, 100.62, -58.91, 0.006, 73.05, -35.43);
insert into SHOT values (5444, 5430, 5435, 6750, 4.420, 28.78, 25.20, 4.425, 28.80, 25.14, 0.007, 44.04, -16.62);
insert into SHOT values (5445, 5435, 5436, 6750, 1.860, 347.48, 9.04, 1.857, 347.40, 8.98, 0.004, 209.19, -31.42);
insert into SHOT values (5446, 5435, 5437, 6750, 4.890, 164.31, 10.61, 4.893, 164.32, 10.60, 0.003, 175.87, -7.61);
insert into SHOT values (5447, 5435, 5438, 6750, 10.770, 4.69, 81.43, 10.769, 4.67, 81.48, 0.010, 187.32, 1.50);
insert into SHOT values (5448, 5435, 5439, 6750, 1.690, 20.81, -82.75, 1.692, 20.22, -83.13, 0.012, 211.65, -17.71);
insert into SHOT values (5449, 5435, 5440, 6750, 7.000, 56.02, 5.84, 6.995, 56.01, 5.83, 0.005, 245.85, -24.57);
insert into SHOT values (5450, 5440, 5441, 6750, 1.690, 32.49, 8.70, 1.693, 32.55, 8.83, 0.005, 71.06, 57.26);
insert into SHOT values (5451, 5440, 5442, 6750, 3.140, 165.95, -6.90, 3.147, 165.92, -6.94, 0.007, 151.71, -22.13);
insert into SHOT values (5452, 5440, 5443, 6750, 4.550, 27.71, 78.82, 4.546, 27.73, 78.82, 0.004, 192.26, -73.91);
insert into SHOT values (5453, 5440, 5444, 6750, 1.010, 172.25, -83.79, 1.006, 169.70, -83.62, 0.007, 108.31, 36.29);
insert into SHOT values (5454, 5396, 5445, 6750, 8.520, 128.27, -8.96, 8.519, 128.25, -8.91, 0.008, 44.38, 62.16);
insert into SHOT values (5455, 5396, 5446, 6750, 5.100, 274.41, -0.89, 5.096, 274.50, -0.90, 0.009, 28.51, -4.98);
insert into SHOT values (5456, 5396, 5447, 6750, 14.380, 110.04, 80.33, 14.384, 109.86, 80.34, 0.009, 5.86, 29.09);
insert into SHOT values (5457, 5396, 5448, 6750, 3.380, 71.16, -64.12, 3.381, 71.08, -64.04, 0.005, 46.07, 11.19);
insert into SHOT values (5458, 5396, 5449, 6750, 15.940, 177.42, 18.36, 15.937, 177.42, 18.36, 0.004, 342.89, -14.56);
insert into SHOT values (5459, 5449, 5450, 6750, 3.450, 116.93, -1.65, 3.454, 116.86, -1.66, 0.006, 70.94, -6.61);
insert into SHOT values (5460, 5449, 5451, 6750, 4.810, 305.97, -1.75, 4.807, 305.94, -1.67, 0.008, 165.09, 59.70);
insert into SHOT values (5461, 5449, 5452, 6750, 8.150, 36.09, 81.46, 8.151, 36.30, 81.42, 0.007, 74.33, 2.83);
insert into SHOT values (5462, 5449, 5453, 6750, 0.630, 11.15, -76.70, 0.627, 12.09, -76.79, 0.004, 138.05, 46.42);
insert into SHOT values (5463, 5449, 5454, 6750, 13.140, 313.99, 20.08, 13.136, 314.01, 20.13, 0.013, 98.90, 43.21);
insert into SHOT values (5464, 5449, 5455, 6750, 4.180, 287.22, -52.81, 4.178, 287.29, -52.84, 0.004, 59.33, -0.93);
insert into SHOT values (5465, 5449, 5456, 6750, 8.510, 251.28, 24.08, 8.505, 251.28, 24.15, 0.012, 67.13, 40.57);
insert into SHOT values (5466, 5456, 5457, 6750, 3.900, 156.17, -1.03, 3.901, 156.26, -1.03, 0.006, 240.66, 0.97);
insert into SHOT values (5467, 5456, 5458, 6750, 6.140, 333.33, -1.59, 6.138, 333.27, -1.59, 0.007, 227.84, 3.05);
insert into SHOT values (5468, 5456, 5459, 6750, 7.000, 268.18, 75.45, 6.995, 268.05, 75.42, 0.007, 209.15, -49.19);
insert into SHOT values (5469, 5456, 5460, 6750, 27.060, 292.62, 78.55, 27.058, 292.55, 78.55, 0.006, 193.55, -13.16);
insert into SHOT values (5470, 5456, 5461, 6750, 0.980, 140.38, -78.28, 0.981, 143.13, -78.23, 0.010, 226.19, -2.57);
insert into SHOT values (5471, 5456, 5462, 6750, 14.440, 201.87, -20.75, 14.440, 201.87, -20.77, 0.004, 0.92, -69.18);
insert into SHOT values (5472, 5462, 5463, 6750, 7.680, 92.25, 20.48, 7.673, 92.31, 20.52, 0.012, 230.14, 13.93);
insert into SHOT values (5473, 5462, 5464, 6750, 2.960, 276.33, 8.03, 2.966, 276.25, 7.95, 0.008, 245.41, -24.71);
insert into SHOT values (5474, 5462, 5465, 6750, 11.610, 278.48, -24.29, 11.615, 278.47, -24.30, 0.005, 261.80, -49.95);
insert into SHOT values (5475, 5462, 5466, 6750, 7.430, 146.34, 86.74, 7.432, 147.43, 86.70, 0.010, 206.73, 12.26);
insert into SHOT values (5476, 5462, 5467, 6750, 0.800, 347.85, -65.95, 0.796, 347.28, -66.47, 0.009, 188.99, 3.58);
insert into SHOT values (5477, 5462, 5468, 6750, 14.600, 195.18, 37.95, 14.609, 195.19, 37.93, 0.010, 210.98, 7.60);
insert into SHOT values (5478, 5468, 5469, 6750, 5.280, 123.46, -3.41, 5.279, 123.39, -3.47, 0.009, 25.40, -41.82);
insert into SHOT values (5479, 5468, 5470, 6750, 3.500, 335.23, -8.13, 3.504, 335.28, -8.20, 0.007, 23.05, -49.53);
insert into SHOT values (5480, 5468, 5471, 6750, 6.210, 11.54, 88.37, 6.213, 12.53, 88.30, 0.009, 33.94, 16.75);
insert into SHOT values (5481, 5468, 5472, 6750, 1.100, 216.23, -76.49, 1.099, 216.87, -76.85, 0.008, 14.46, -3.33);
insert into SHOT values (5482, 5468, 5473, 6750, 11.120, 74.80, -15.29, 11.120, 74.76, -15.28, 0.008, 351.50, 17.20);
insert into SHOT values (5483, 5468, 5474, 6750, 15.000, 193.36, -15.37, 14.999, 193.35, -15.39, 0.005, 44.60, -55.18);
insert into SHOT values (5484, 5468, 5475, 6750, 13.170, 193.44, -15.23, 13.160, 193.43, -15.24, 0.010, 20.62, -1.78);
insert into SHOT values (5485, 5475, 5476, 6750, 1.250, 182.33, -26.72, 1.253, 182.56, -26.54, 0.007, 226.29, 17.73);
insert into SHOT values (5486, 5475, 5477, 6750, 7.600, 345.00, 10.91, 7.592, 344.99, 10.93, 0.009, 170.00, 10.50);
insert into SHOT values (5487, 5475, 5478, 6750, 13.500, 343.09, 33.67, 13.490, 343.07, 33.67, 0.011, 191.85, -24.92);
insert into SHOT values (5488, 5475, 5479, 6750, 8.120, 286.42, 52.80, 8.121, 286.33, 52.82, 0.008, 186.48, 15.58);
insert into SHOT values (5489, 5475, 5480, 6750, 1.170, 50.70, -75.92, 1.175, 50.71, -76.00, 0.005, 222.83, -85.74);
insert into SHOT values (5490, 5475, 5481, 6750, 15.100, 274.65, 5.62, 15.101, 274.62, 5.62, 0.009, 193.91, 8.38);
insert into SHOT values (5491, 5475, 5482, 6750, 11.380, 234.79, -42.34, 11.382, 234.78, -42.37, 0.006, 91.10, -62.81);
insert into SHOT values (5492, 5481, 5483, 6750, 1.210, 183.05, -3.99, 1.205, 182.86, -4.28, 0.009, 38.26, -40.39);
insert into SHOT values (5493, 5481, 5484, 6750, 6.420, 6.49, -10.34, 6.424, 6.45, -10.31, 0.007, 320.76, 20.78);
insert into SHOT values (5494, 5481, 5485, 6750, 6.160, 352.34, 84.71, 6.157, 352.01, 84.64, 0.009, 328.94, -24.31);
insert into SHOT values (5495, 5481, 5486, 6750, 0.740, 76.45, -65.78, 0.743, 76.43, -66.31, 0.007, 257.61, -44.37);
insert into SHOT values (5496, 5481, 5487, 6750, 11.800, 290.44, 29.61, 11.800, 290.48, 29.61, 0.008, 23.06, -2.21);
insert into SHOT values (5497, 5487, 5488, 6750, 1.240, 160.68, 0.96, 1.240, 160.69, 0.92, 0.001, 271.76, -76.31);
insert into SHOT values (5498, 5487, 5489, 6750, 2.280, 350.87, -11.81, 2.278, 350.71, -11.91, 0.008, 239.51, -26.22);
insert into SHOT values (5499, 5487, 5490, 6750, 4.420, 351.95, 78.60, 4.416, 351.40, 78.64, 0.010, 236.66, -16.98);
insert into SHOT values (5500, 5487, 5491, 6750, 0.820, 30.97, -85.67, 0.822, 30.96, -85.93, 0.004, 211.07, -33.02);
insert into SHOT values (5501, 5487, 5492, 6750, 4.200, 178.44, 9.05, 4.204, 178.48, 9.03, 0.005, 217.35, -7.64);
insert into SHOT values (5502, 5487, 5493, 6750, 5.980, 250.50, 17.87, 5.983, 250.52, 17.81, 0.007, 268.39, -45.29);
insert into SHOT values (5503, 5493, 5494, 6750, 2.730, 174.81, 6.32, 2.738, 174.73, 6.29, 0.009, 149.48, -3.33);
insert into SHOT values (5504, 5493, 5495, 6750, 1.630, 4.59, -4.13, 1.629, 4.59, -3.87, 0.007, 190.44, 85.65);
insert into SHOT values (5505, 5493, 5496, 6750, 11.490, 35.94, 79.37, 11.497, 36.17, 79.38, 0.011, 135.24, 40.23);
insert into SHOT values (5506, 5493, 5497, 6750, 0.960, 179.59, -53.33, 0.964, 179.01, -53.01, 0.009, 138.64, 0.03);
insert into SHOT values (5507, 5493, 5498, 6750, 9.510, 274.42, -11.09, 9.506, 274.43, -11.10, 0.005, 80.51, -8.96);
insert into SHOT values (5508, 5498, 5499, 6750, 2.240, 180.49, -5.84, 2.241, 180.51, -5.63, 0.008, 208.91, 76.17);
insert into SHOT values (5509, 5498, 5500, 6750, 0.220, 330.44, -4.52, 0.220, 329.93, -2.61, 0.008, 246.90, 75.04);
insert into SHOT values (5510, 5498, 5501, 6750, 10.390, 162.63, 77.64, 10.392, 162.78, 77.61, 0.008, 208.13, 5.58);
insert into SHOT values (5511, 5498, 5502, 6750, 1.160, 218.35, -73.35, 1.162, 217.87, -72.87, 0.010, 202.01, 7.71);
insert into SHOT values (5512, 5498, 5503, 6750, 28.180, 261.18, -23.75, 28.182, 261.17, -23.75, 0.005, 196.83, -6.45);
insert into SHOT values (5513, 5498, 5504, 6750, 28.130, 251.38, -50.87, 28.134, 251.38, -50.86, 0.007, 254.90, 7.15);
insert into SHOT values (5514, 5498, 5505, 6750, 41.940, 263.32, -8.07, 41.946, 263.32, -8.06, 0.011, 272.53, 46.66);
insert into SHOT values (5515, 5475, 5506, 6750, 5.940, 239.00, -41.12, 5.947, 238.97, -41.11, 0.008, 219.31, -27.88);
insert into SHOT values (5516, 5475, 5507, 6750, 1.260, 139.66, -13.32, 1.262, 139.96, -13.29, 0.007, 214.09, 2.53);
insert into SHOT values (5517, 5475, 5508, 6750, 9.970, 286.97, -17.24, 9.971, 286.91, -17.27, 0.011, 195.46, -28.28);
insert into SHOT values (5518, 5475, 5509, 6750, 2.160, 190.36, 49.06, 2.164, 190.52, 48.86, 0.010, 215.40, -9.95);
insert into SHOT values (5519, 5475, 5510, 6750, 1.100, 127.84, -82.28, 1.100, 132.27, -82.23, 0.012, 215.60, 0.15);
insert into SHOT values (5520, 5506, 5511, 6750, 2.980, 106.64, -5.05, 2.985, 106.61, -5.00, 0.006, 89.68, 21.50);
insert into SHOT values (5521, 5506, 5512, 6750, 2.860, 260.70, -13.48, 2.854, 260.67, -13.37, 0.008, 96.69, 54.96);
insert into SHOT values (5522, 5506, 5513, 6750, 10.210, 25.27, 66.86, 10.211, 25.22, 66.86, 0.004, 300.34, 23.69);
insert into SHOT values (5523, 5506, 5514, 6750, 1.360, 272.71, -87.78, 1.361, 270.00, -87.89, 0.004, 133.52, -15.76);
insert into SHOT values (5524, 5506, 5515, 6750, 7.730, 202.47, -30.35, 7.724, 202.49, -30.33, 0.007, 353.45, 53.98);
insert into SHOT values (5525, 5515, 5516, 6750, 3.150, 80.00, 29.21, 3.147, 80.16, 29.09, 0.011, 162.57, -42.89);
insert into SHOT values (5526, 5515, 5517, 6750, 2.870, 236.11, -6.74, 2.866, 236.03, -6.81, 0.007, 97.16, -27.83);
insert into SHOT values (5527, 5515, 5518, 6750, 1.540, 62.32, 80.68, 1.540, 63.43, 80.81, 0.006, 188.34, 3.18);
insert into SHOT values (5528, 5515, 5519, 6750, 1.090, 238.02, -81.86, 1.092, 235.30, -81.67, 0.008, 173.70, -6.74);
insert into SHOT values (5529, 5515, 5520, 6750, 16.860, 266.41, -37.15, 16.858, 266.37, -37.15, 0.009, 166.72, 11.71);
insert into SHOT values (5530, 5515, 5521, 6750, 8.090, 174.85, 29.06, 8.097, 174.81, 29.04, 0.009, 143.16, 3.17);
insert into SHOT values (5531, 5521, 5522, 6750, 3.740, 96.87, 22.04, 3.737, 96.80, 22.00, 0.006, 338.96, -34.55);
insert into SHOT values (5532, 5521, 5523, 6750, 0.550, 302.87, 18.22, 0.554, 303.39, 17.88, 0.007, 349.37, -16.65);
insert into SHOT values (5533, 5521, 5524, 6750, 2.150, 112.63, 61.28, 2.142, 112.32, 61.35, 0.010, 334.47, -33.41);
insert into SHOT values (5534, 5521, 5525, 6750, 1.420, 93.63, -72.76, 1.424, 92.73, -72.82, 0.008, 359.93, -29.75);
insert into SHOT values (5535, 5521, 5526, 6750, 10.690, 184.77, 15.67, 10.682, 184.80, 15.64, 0.011, 329.78, -41.98);
insert into SHOT values (5536, 5526, 5527, 6750, 1.350, 81.32, 4.58, 1.349, 81.45, 4.68, 0.004, 185.12, 35.39);
insert into SHOT values (5537, 5526, 5528, 6750, 1.050, 229.33, 11.94, 1.052, 229.34, 12.08, 0.003, 238.04, 70.52);
insert into SHOT values (5538, 5526, 5529, 6750, 1.740, 99.80, 46.64, 1.746, 100.09, 46.66, 0.009, 157.32, 34.31);
insert into SHOT values (5539, 5526, 5530, 6750, 0.640, 89.48, -63.80, 0.635, 90.00, -63.84, 0.006, 224.86, 49.56);
insert into SHOT values (5540, 5526, 5531, 6750, 9.880, 111.28, -27.72, 9.879, 111.31, -27.68, 0.008, 177.63, 44.35);
insert into SHOT values (5541, 5526, 5532, 6750, 13.180, 97.39, -35.95, 13.175, 97.43, -35.92, 0.011, 187.26, 44.96);
insert into SHOT values (5542, 5515, 5533, 6750, 2.860, 237.56, -3.58, 2.860, 237.59, -3.61, 0.002, 319.07, -42.76);
insert into SHOT values (5543, 5515, 5534, 6750, 3.980, 337.12, -1.44, 3.972, 337.18, -1.44, 0.009, 129.38, 0.11);
insert into SHOT values (5544, 5515, 5535, 6750, 1.580, 133.69, 89.60, 1.580, 135.00, 89.49, 0.003, 139.63, 0.71);
insert into SHOT values (5545, 5515, 5536, 6750, 1.080, 232.62, -73.01, 1.088, 231.34, -72.89, 0.011, 174.77, -40.19);
insert into SHOT values (5546, 5515, 5537, 6750, 9.900, 274.54, -32.56, 9.903, 274.54, -32.56, 0.003, 257.84, -41.78);
insert into SHOT values (5547, 5537, 5538, 6750, 2.060, 167.51, -8.37, 2.062, 167.26, -8.36, 0.009, 91.09, -0.84);
insert into SHOT values (5548, 5537, 5539, 6750, 1.180, 335.08, -4.68, 1.172, 335.19, -4.89, 0.009, 139.87, -23.43);
insert into SHOT values (5549, 5537, 5540, 6750, 0.400, 161.94, 79.32, 0.397, 156.80, 78.95, 0.008, 86.11, -23.58);
insert into SHOT values (5550, 5537, 5541, 6750, 1.730, 189.43, -85.24, 1.736, 188.13, -85.33, 0.007, 65.31, -57.00);
insert into SHOT values (5551, 5537, 5542, 6750, 11.810, 260.65, -36.70, 11.809, 260.64, -36.72, 0.004, 117.14, -29.89);
insert into SHOT values (5552, 5542, 5543, 6750, 2.630, 196.33, -19.84, 2.633, 196.17, -19.76, 0.009, 136.62, 17.79);
insert into SHOT values (5553, 5542, 5544, 6750, 2.320, 337.87, -23.31, 2.317, 337.90, -23.40, 0.005, 144.41, -23.47);
insert into SHOT values (5554, 5542, 5545, 6750, 0.740, 252.27, 54.33, 0.738, 252.41, 54.36, 0.002, 35.67, -33.99);
insert into SHOT values (5555, 5542, 5546, 6750, 1.290, 185.60, -88.24, 1.291, 180.00, -88.22, 0.004, 98.38, -8.85);
insert into SHOT values (5556, 5100, 5547, 6750, 4.310, 218.98, -7.17, 4.307, 219.02, -7.20, 0.005, 0.01, -25.80);
insert into SHOT values (5557, 5100, 5548, 6750, 7.660, 354.79, 1.15, 7.664, 354.76, 1.12, 0.007, 304.90, -33.88);
insert into SHOT values (5558, 5100, 5549, 6750, 5.020, 203.98, 75.50, 5.020, 203.92, 75.49, 0.002, 152.29, -3.25);
insert into SHOT values (5559, 5100, 5550, 6750, 7.660, 310.84, -28.46, 7.667, 310.85, -28.43, 0.008, 319.37, 2.38);
insert into SHOT values (5560, 5100, 5551, 6750, 2.020, 321.63, -45.54, 2.009, 321.08, -45.79, 0.019, 185.23, 5.18);
insert into SHOT values (5561, 5551, 5552, 6750, 0.940, 136.82, 2.57, 0.942, 137.15, 2.43, 0.006, 206.31, -20.21);
insert into SHOT values (5562, 5551, 5553, 6750, 5.400, 318.51, -6.58, 5.405, 318.47, -6.59, 0.006, 285.17, -10.82);
insert into SHOT values (5563, 5551, 5554, 6750, 4.860, 250.52, 79.05, 4.860, 250.59, 78.93, 0.010, 257.51, -8.69);
insert into SHOT values (5564, 5551, 5555, 6750, 2.330, 302.93, -76.48, 2.326, 303.11, -76.34, 0.007, 324.22, 48.61);
insert into SHOT values (5565, 5551, 5556, 6750, 6.690, 202.55, -40.27, 6.746, 202.70, -39.82, 0.078, 212.86, 3.18);
insert into SHOT values (5566, 5556, 5557, 6750, 1.090, 165.84, -5.80, 1.090, 165.58, -5.79, 0.005, 72.68, 1.75);
insert into SHOT values (5567, 5556, 5558, 6750, 2.120, 308.87, -13.36, 2.119, 309.09, -13.37, 0.008, 46.58, -0.95);
insert into SHOT values (5568, 5556, 5559, 6750, 0.680, 235.01, 69.25, 0.680, 235.62, 70.22, 0.012, 42.13, 20.50);
insert into SHOT values (5569, 5556, 5560, 6750, 0.330, 4.30, -76.06, 0.330, 7.13, -75.86, 0.004, 79.83, 3.92);
insert into SHOT values (5570, 5556, 5561, 6750, 6.230, 241.10, -33.65, 6.268, 240.84, -33.39, 0.053, 214.29, 2.34);
insert into SHOT values (5571, 5561, 5562, 6750, 15.720, 234.74, -58.62, 15.754, 234.45, -57.59, 0.289, 225.24, 24.72);
insert into SHOT values (5572, 5561, 5563, 6750, 1.600, 133.54, -0.43, 1.606, 133.74, -0.36, 0.008, 178.52, 14.34);
insert into SHOT values (5573, 5561, 5564, 6750, 0.590, 331.82, -3.60, 0.592, 331.70, -3.87, 0.004, 296.49, -53.92);
insert into SHOT values (5574, 5561, 5565, 6750, 1.490, 134.31, 29.02, 1.487, 134.38, 28.96, 0.004, 273.66, -50.27);
insert into SHOT values (5575, 5561, 5566, 6750, 1.590, 117.27, -57.18, 1.592, 117.76, -57.34, 0.009, 229.40, -25.67);
insert into SHOT values (5576, 5562, 5567, 6750, 4.600, 103.45, 7.39, 4.605, 103.55, 7.36, 0.010, 159.61, -9.89);
insert into SHOT values (5577, 5562, 5568, 6750, 3.830, 250.11, -0.98, 3.832, 250.00, -1.05, 0.009, 172.02, -31.84);
insert into SHOT values (5578, 5562, 5569, 6750, 7.800, 159.66, 75.83, 7.797, 159.76, 75.84, 0.005, 275.83, -35.70);
insert into SHOT values (5579, 5562, 5570, 6750, 0.680, 171.02, -73.44, 0.681, 171.47, -72.72, 0.009, 181.69, 11.83);
insert into SHOT values (5580, 5562, 5571, 6750, 19.110, 166.69, -8.65, 19.159, 167.81, -8.52, 0.376, 248.90, 5.20);
insert into SHOT values (5581, 5571, 5572, 6750, 2.390, 70.64, 21.74, 2.391, 70.83, 21.59, 0.010, 137.08, -32.89);
insert into SHOT values (5582, 5571, 5573, 6750, 2.660, 257.31, -4.54, 2.665, 257.17, -4.52, 0.008, 202.59, 3.89);
insert into SHOT values (5583, 5571, 5574, 6750, 8.680, 138.69, 82.07, 8.673, 138.72, 82.06, 0.007, 227.18, -84.19);
insert into SHOT values (5584, 5571, 5575, 6750, 0.980, 328.50, -81.33, 0.981, 326.31, -81.54, 0.007, 205.26, -10.31);
insert into SHOT values (5585, 5571, 5576, 6750, 15.630, 125.47, 40.57, 15.631, 126.52, 40.44, 0.221, 209.86, -6.59);
insert into SHOT values (5586, 5576, 5577, 6750, 2.490, 129.93, -10.71, 2.492, 129.87, -10.64, 0.005, 84.53, 35.24);
insert into SHOT values (5587, 5576, 5578, 6750, 4.800, 280.15, -11.89, 4.797, 280.18, -11.91, 0.004, 57.14, -13.99);
insert into SHOT values (5588, 5576, 5579, 6750, 1.160, 182.28, 71.75, 1.161, 181.55, 71.40, 0.008, 147.61, -11.24);
insert into SHOT values (5589, 5576, 5580, 6750, 1.660, 166.92, -79.68, 1.657, 166.43, -79.63, 0.004, 97.05, 49.15);
insert into SHOT values (5590, 5576, 5581, 6750, 3.690, 196.30, 42.70, 3.739, 196.40, 42.37, 0.054, 201.81, 19.10);
insert into SHOT values (5591, 5581, 5582, 6750, 0.570, 9.94, -1.13, 0.569, 10.12, -1.01, 0.002, 129.35, 30.52);
insert into SHOT values (5592, 5581, 5583, 6750, 0.300, 192.15, -5.65, 0.298, 191.69, -5.78, 0.003, 56.80, -7.81);
insert into SHOT values (5593, 5581, 5584, 6750, 1.320, 237.56, 79.76, 1.322, 236.98, 79.60, 0.005, 205.40, 12.65);
insert into SHOT values (5594, 5581, 5585, 6750, 2.170, 199.07, -83.34, 2.175, 198.43, -83.32, 0.006, 133.87, -56.37);
insert into SHOT values (5595, 5581, 5586, 6750, 3.740, 130.80, 61.01, 3.743, 131.22, 60.88, 0.016, 187.82, -5.06);
insert into SHOT values (5596, 5586, 5587, 6750, 0.210, 19.51, 0.19, 0.202, 20.22, 0.00, 0.008, 180.96, -5.01);
insert into SHOT values (5597, 5586, 5588, 6750, 1.260, 200.78, -1.44, 1.263, 200.87, -1.36, 0.004, 233.16, 23.13);
insert into SHOT values (5598, 5586, 5589, 6750, 4.910, 227.25, 70.67, 4.910, 227.23, 70.55, 0.010, 223.98, -18.83);
insert into SHOT values (5599, 5586, 5590, 6750, 2.160, 245.91, -74.99, 2.166, 246.14, -74.78, 0.010, 259.87, -21.36);
insert into SHOT values (5600, 5586, 5591, 6750, 8.430, 149.77, 47.19, 8.449, 150.42, 46.91, 0.079, 206.00, -10.39);
insert into SHOT values (5601, 5591, 5592, 6750, 2.430, 41.59, 1.59, 2.437, 41.67, 1.41, 0.011, 66.72, -41.92);
insert into SHOT values (5602, 5591, 5593, 6750, 6.850, 260.13, -1.80, 6.844, 260.15, -1.84, 0.008, 55.72, -37.10);
insert into SHOT values (5603, 5591, 5594, 6750, 3.800, 350.19, 80.86, 3.797, 350.38, 80.93, 0.006, 149.31, -17.45);
insert into SHOT values (5604, 5591, 5595, 6750, 0.960, 243.73, -75.71, 0.960, 242.35, -75.70, 0.006, 154.14, 2.98);
insert into SHOT values (5605, 5591, 5596, 6750, 13.950, 119.42, 31.80, 13.952, 120.43, 31.74, 0.210, 207.53, -3.01);
insert into SHOT values (5606, 5596, 5597, 6750, 6.980, 331.31, -5.22, 6.974, 331.26, -5.18, 0.010, 201.40, 31.46);
insert into SHOT values (5607, 5596, 5598, 6750, 4.630, 157.65, 19.15, 4.633, 157.71, 19.15, 0.006, 213.75, 11.45);
insert into SHOT values (5608, 5596, 5599, 6750, 7.090, 258.96, 89.06, 7.091, 255.96, 89.00, 0.010, 217.08, 5.63);
insert into SHOT values (5609, 5596, 5600, 6750, 1.320, 113.48, -83.54, 1.318, 114.78, -83.76, 0.006, 262.41, 14.48);
insert into SHOT values (5610, 5596, 5379, 6750, 7.520, 8.19, 0.64, 7.460, 7.86, 0.61, 0.074, 224.10, -3.11);
insert into SURVEY values (6752, 71, 'creedencesiderift', 'creedencesiderift.clearwater_master', NULL);
 insert into CENTRELINE values (6753, 6752, NULL, NULL, NULL, 0.00, 0.00, 0.00);
 insert into CENTRELINE values (6754, 6752, 'creedencesiderift', '2017-04-13', NULL, 60.14, 0.00, 0.00);
 insert into SHOT values (5611, 5601, 5602, 6754, 18.350, 265.00, -3.00, 18.345, 264.99, -3.00, 0.006, 119.39, 3.55);
insert into SHOT values (5612, 5602, 5603, 6754, 20.670, 324.50, -2.00, 20.674, 324.49, -2.00, 0.005, 300.70, 15.76);
insert into SHOT values (5613, 5604, 5602, 6754, 11.030, 241.00, 11.00, 11.030, 241.00, 10.98, 0.005, 193.28, -79.95);
insert into SHOT values (5614, 5604, 5605, 6754, 10.090, 30.00, -32.00, 10.092, 30.01, -32.01, 0.004, 104.42, -62.10);
insert into SURVEY values (6756, 71, 'crucibleslopes', 'crucibleslopes.clearwater_master', NULL);
 insert into CENTRELINE values (6757, 6756, NULL, NULL, NULL, 0.00, 0.00, 0.00);
 insert into CENTRELINE values (6758, 6756, 'crucibleslopes', '2017-04-13', NULL, 226.74, 0.00, 0.00);
 insert into SHOT values (5615, 5606, 5607, 6758, 27.150, 343.00, 36.00, 27.147, 343.00, 36.01, 0.006, 159.50, 16.81);
insert into SHOT values (5616, 5607, 5608, 6758, 11.880, 83.00, 31.00, 11.883, 83.01, 31.00, 0.003, 110.19, 24.65);
insert into SHOT values (5617, 5608, 5609, 6758, 17.870, 313.00, -4.00, 17.874, 313.00, -4.01, 0.005, 313.04, -44.74);
insert into SHOT values (5618, 5609, 5610, 6758, 10.850, 353.50, 24.00, 10.850, 353.51, 23.98, 0.004, 49.79, -48.81);
insert into SHOT values (5619, 5610, 5611, 6758, 5.600, 348.00, 9.00, 5.600, 348.00, 9.04, 0.004, 188.79, 87.26);
insert into SHOT values (5620, 5607, 5612, 6758, 23.160, 300.00, 25.00, 23.165, 300.01, 25.00, 0.006, 337.52, 21.95);
insert into SHOT values (5621, 5612, 5613, 6758, 13.750, 331.00, 35.00, 13.745, 331.00, 34.98, 0.007, 153.19, -79.17);
insert into SHOT values (5622, 5613, 5614, 6758, 16.780, 234.00, 40.00, 16.785, 233.99, 40.00, 0.006, 189.05, 41.60);
insert into SHOT values (5623, 5615, 5616, 6758, 2.930, 36.00, 13.00, 2.932, 36.03, 13.01, 0.002, 80.18, 24.53);
insert into SHOT values (5624, 5616, 5606, 6758, 3.550, 330.00, 28.50, 3.547, 329.98, 28.46, 0.004, 183.12, -64.95);
insert into SHOT values (5625, 5611, 5617, 6758, 5.500, 329.00, 3.20, 5.504, 329.00, 3.23, 0.005, 329.77, 41.32);
insert into SHOT values (5626, 5618, 5617, 6758, 19.110, 185.00, 52.90, 19.107, 185.03, 52.90, 0.007, 302.84, -16.08);
insert into SHOT values (5627, 5618, 5619, 6758, 25.860, 352.00, -40.60, 25.859, 351.98, -40.61, 0.008, 243.52, -6.78);
insert into SHOT values (5628, 5619, 5620, 6758, 42.750, 354.50, -33.40, 42.758, 354.50, -33.40, 0.008, 8.85, -56.39);
insert into SURVEY values (6760, 71, 'franksfolly', 'franksfolly.clearwater_master', NULL);
 insert into CENTRELINE values (6761, 6760, NULL, NULL, NULL, 0.00, 0.00, 0.00);
 insert into CENTRELINE values (6762, 6760, 'franksfolly', '2017-04-14', NULL, 29.27, 0.00, 0.00);
 insert into SHOT values (5629, 5621, 5622, 6762, 8.110, 229.00, 38.10, 8.111, 229.00, 38.06, 0.006, 228.64, -42.48);
insert into SHOT values (5630, 5622, 5623, 6762, 11.820, 191.00, 7.50, 11.818, 191.02, 7.54, 0.009, 312.23, 53.51);
insert into SHOT values (5631, 5623, 5624, 6762, 9.340, 198.00, 34.40, 9.336, 197.99, 34.37, 0.007, 113.23, -76.85);
insert into SURVEY values (6764, 71, 'tight_ripper', 'tight_ripper.clearwater_master', NULL);
 insert into CENTRELINE values (6765, 6764, NULL, NULL, NULL, 0.00, 0.00, 0.00);
 insert into CENTRELINE values (6766, 6764, NULL, '2017-04-17', NULL, 206.58, 0.00, 0.00);
 insert into SHOT values (5632, 5625, 5626, 6766, 0.790, 290.08, -2.26, 0.788, 290.05, -2.18, 0.002, 126.07, 33.61);
insert into SHOT values (5633, 5625, 5627, 6766, 0.950, 87.75, 6.83, 0.948, 87.56, 7.27, 0.008, 319.54, 60.95);
insert into SHOT values (5634, 5625, 5628, 6766, 0.510, 254.36, 82.92, 0.514, 251.57, 82.93, 0.005, 170.10, 51.44);
insert into SHOT values (5635, 5625, 5629, 6766, 0.760, 54.59, -71.95, 0.758, 53.62, -71.85, 0.005, 331.56, 32.72);
insert into SHOT values (5636, 5625, 5630, 6766, 8.880, 29.38, -25.33, 8.886, 29.37, -25.32, 0.007, 21.02, -7.57);
insert into SHOT values (5637, 5630, 5631, 6766, 4.970, 249.38, 7.88, 4.974, 249.32, 7.86, 0.007, 200.35, -11.70);
insert into SHOT values (5638, 5630, 5632, 6766, 2.170, 25.99, 5.14, 2.165, 25.85, 5.30, 0.009, 249.14, 36.34);
insert into SHOT values (5639, 5630, 5633, 6766, 3.460, 254.63, 78.80, 3.466, 254.52, 78.78, 0.006, 226.68, 65.16);
insert into SHOT values (5640, 5630, 5634, 6766, 2.680, 266.78, -70.87, 2.679, 266.75, -70.79, 0.004, 257.91, 32.15);
insert into SHOT values (5641, 5630, 5635, 6766, 10.140, 309.93, -32.95, 10.140, 309.90, -32.92, 0.007, 253.91, 44.50);
insert into SHOT values (5642, 5635, 5636, 6766, 2.800, 254.31, -26.59, 2.803, 254.24, -26.71, 0.007, 169.09, -66.41);
insert into SHOT values (5643, 5635, 5637, 6766, 15.580, 44.40, -22.59, 15.581, 44.44, -22.61, 0.011, 143.15, -29.15);
insert into SHOT values (5644, 5635, 5638, 6766, 0.560, 249.38, 70.91, 0.561, 247.62, 70.87, 0.006, 165.56, 7.98);
insert into SHOT values (5645, 5635, 5639, 6766, 0.740, 279.49, -75.01, 0.745, 278.97, -75.04, 0.006, 218.03, -69.11);
insert into SHOT values (5646, 5635, 5640, 6766, 16.980, 337.72, -45.14, 16.981, 337.72, -45.16, 0.005, 162.26, -51.04);
insert into SHOT values (5647, 5640, 5641, 6766, 1.390, 270.14, -20.01, 1.382, 270.00, -19.88, 0.009, 117.67, 39.36);
insert into SHOT values (5648, 5640, 5642, 6766, 3.810, 67.96, 0.25, 3.809, 67.95, 0.30, 0.004, 280.91, 65.09);
insert into SHOT values (5649, 5640, 5643, 6766, 0.850, 188.26, 87.11, 0.851, 180.00, 87.31, 0.007, 68.61, 9.29);
insert into SHOT values (5650, 5640, 5644, 6766, 1.490, 84.92, -51.76, 1.491, 85.03, -51.72, 0.002, 140.36, 7.48);
insert into SHOT values (5651, 5640, 5645, 6766, 11.520, 6.93, -32.92, 11.520, 6.95, -32.91, 0.003, 82.72, 12.93);
insert into SHOT values (5652, 5645, 5646, 6766, 2.190, 265.53, -8.13, 2.189, 265.50, -8.14, 0.002, 126.51, -9.52);
insert into SHOT values (5653, 5645, 5647, 6766, 1.490, 42.90, 14.15, 1.490, 42.75, 14.38, 0.007, 294.94, 56.14);
insert into SHOT values (5654, 5645, 5648, 6766, 0.610, 273.10, 77.38, 0.614, 274.40, 77.74, 0.006, 47.80, 48.73);
insert into SHOT values (5655, 5645, 5649, 6766, 0.980, 317.08, -69.26, 0.983, 316.17, -69.36, 0.007, 221.54, -32.36);
insert into SHOT values (5656, 5645, 5650, 6766, 2.750, 348.76, -23.35, 2.753, 348.82, -23.32, 0.004, 30.24, -0.63);
insert into SHOT values (5657, 5650, 5651, 6766, 1.280, 265.65, -2.29, 1.285, 265.53, -2.23, 0.006, 237.56, 11.61);
insert into SHOT values (5658, 5650, 5652, 6766, 0.590, 70.32, 3.05, 0.583, 70.94, 2.95, 0.010, 209.46, -8.20);
insert into SHOT values (5659, 5650, 5653, 6766, 0.580, 14.34, 59.83, 0.577, 14.04, 60.00, 0.004, 222.36, -23.73);
insert into SHOT values (5660, 5650, 5654, 6766, 0.310, 153.20, -72.44, 0.306, 156.04, -71.24, 0.009, 198.41, 38.96);
insert into SHOT values (5661, 5650, 5655, 6766, 8.140, 352.05, -35.86, 8.139, 351.98, -35.88, 0.009, 244.15, -10.34);
insert into SHOT values (5662, 5655, 5656, 6766, 1.540, 106.68, -3.99, 1.547, 106.56, -3.71, 0.011, 83.54, 40.34);
insert into SHOT values (5663, 5655, 5657, 6766, 0.490, 290.73, 11.74, 0.482, 291.12, 11.97, 0.009, 88.78, 1.97);
insert into SHOT values (5664, 5655, 5658, 6766, 1.680, 129.32, 77.29, 1.681, 128.42, 77.28, 0.006, 43.85, 11.29);
insert into SHOT values (5665, 5655, 5659, 6766, 2.240, 282.50, -76.51, 2.242, 282.17, -76.54, 0.004, 177.21, -30.13);
insert into SHOT values (5666, 5655, 5660, 6766, 4.650, 184.38, 11.02, 4.649, 184.27, 11.04, 0.009, 83.84, 7.56);
insert into SHOT values (5667, 5655, 5661, 6766, 8.420, 208.17, -10.09, 8.419, 208.14, -10.06, 0.007, 121.38, 51.32);
insert into SHOT values (5668, 5655, 5662, 6766, 9.760, 223.19, -22.46, 9.761, 223.16, -22.47, 0.005, 140.03, -14.51);
insert into SHOT values (5669, 5655, 5663, 6766, 10.230, 54.16, 11.22, 10.237, 54.16, 11.21, 0.007, 50.24, -4.16);
insert into SHOT values (5670, 5663, 5664, 6766, 2.450, 303.74, 2.59, 2.449, 303.50, 2.57, 0.011, 206.77, -3.87);
insert into SHOT values (5671, 5663, 5665, 6766, 4.350, 126.78, 17.07, 4.351, 126.79, 17.11, 0.003, 251.60, 78.37);
insert into SHOT values (5672, 5663, 5666, 6766, 2.400, 10.33, 73.21, 2.401, 10.01, 73.29, 0.005, 244.72, 25.85);
insert into SHOT values (5673, 5663, 5667, 6766, 1.240, 113.58, -75.84, 1.239, 114.90, -75.57, 0.009, 167.07, 14.67);
insert into SHOT values (5674, 5663, 5668, 6766, 14.110, 51.39, 21.18, 14.110, 51.39, 21.19, 0.002, 264.06, 65.69);
insert into SHOT values (5675, 5668, 5669, 6766, 3.690, 291.38, 4.52, 3.694, 291.34, 4.50, 0.005, 257.64, -9.58);
insert into SHOT values (5676, 5668, 5670, 6766, 1.060, 120.08, 8.18, 1.064, 120.22, 8.11, 0.005, 153.17, -10.07);
insert into SHOT values (5677, 5668, 5671, 6766, 1.360, 314.27, 81.18, 1.366, 313.03, 81.36, 0.008, 186.97, 47.34);
insert into SHOT values (5678, 5668, 5672, 6766, 1.860, 351.10, -73.81, 1.863, 351.09, -73.91, 0.004, 174.34, -57.70);
insert into SHOT values (5679, 5668, 5673, 6766, 2.940, 339.57, -5.70, 2.938, 339.58, -5.66, 0.003, 141.09, 47.03);
insert into SHOT values (5680, 5668, 5674, 6766, 12.310, 352.59, 18.82, 12.305, 352.60, 18.82, 0.005, 149.12, -12.30);
insert into SHOT values (5681, 5674, 5675, 6766, 0.930, 293.64, 1.37, 0.936, 293.28, 1.22, 0.009, 251.25, -14.33);
insert into SHOT values (5682, 5674, 5676, 6766, 4.580, 115.56, -1.20, 4.581, 115.61, -1.13, 0.007, 191.24, 53.05);
insert into SHOT values (5683, 5674, 5677, 6766, 1.030, 48.56, 76.45, 1.029, 48.37, 76.46, 0.002, 287.39, -54.46);
insert into SHOT values (5684, 5674, 5678, 6766, 0.740, 41.69, -41.03, 0.737, 41.38, -40.61, 0.007, 337.82, 59.59);
insert into SHOT values (5685, 5674, 5679, 6766, 24.070, 43.56, 36.10, 24.066, 43.56, 36.10, 0.004, 212.64, -26.64);
insert into SHOT values (5686, 5679, 5680, 6766, 1.760, 304.51, -7.14, 1.760, 304.51, -6.85, 0.009, 302.23, 82.63);
insert into SHOT values (5687, 5679, 5681, 6766, 3.720, 137.98, -21.71, 3.710, 137.94, -21.67, 0.010, 335.27, 35.92);
insert into SHOT values (5688, 5679, 5682, 6766, 1.470, 351.84, 72.45, 1.478, 352.23, 72.52, 0.009, 67.18, 69.42);
insert into SHOT values (5689, 5679, 5683, 6766, 1.340, 133.08, -78.34, 1.337, 131.99, -78.39, 0.006, 23.80, 23.36);
insert into SHOT values (5690, 5679, 5684, 6766, 10.700, 111.95, 5.02, 10.693, 111.94, 5.04, 0.008, 304.28, 25.99);
insert into SHOT values (5691, 5684, 5685, 6766, 0.680, 27.19, 10.84, 0.679, 27.72, 11.04, 0.007, 130.12, 18.53);
insert into SHOT values (5692, 5684, 5686, 6766, 1.180, 194.82, -13.99, 1.181, 194.64, -13.72, 0.007, 137.10, 51.31);
insert into SHOT values (5693, 5684, 5687, 6766, 0.600, 72.13, 80.28, 0.599, 73.30, 79.97, 0.004, 106.83, -20.31);
insert into SHOT values (5694, 5684, 5688, 6766, 0.510, 105.58, -76.44, 0.515, 104.04, -76.10, 0.007, 66.28, -38.71);
insert into SHOT values (5695, 5684, 5689, 6766, 4.910, 35.66, 42.52, 4.911, 35.67, 42.53, 0.002, 136.05, 75.25);
insert into SHOT values (5696, 5684, 5690, 6766, 4.170, 195.88, -41.71, 4.171, 195.82, -41.62, 0.008, 162.87, 36.86);
insert into SHOT values (5697, 5691, 5655, 6766, 3.510, 272.70, -41.78, 3.515, 272.62, -41.74, 0.007, 238.90, -12.23);
insert into SHOT values (5698, 5691, 5692, 6766, 1.580, 67.25, 11.26, 1.581, 67.24, 11.30, 0.002, 51.99, 50.39);
insert into SHOT values (5699, 5692, 5693, 6766, 1.210, 76.39, -15.95, 1.208, 76.56, -15.86, 0.005, 191.24, 33.13);
insert into SHOT values (5700, 5692, 5694, 6766, 1.130, 236.77, -40.61, 1.134, 236.86, -40.72, 0.005, 272.40, -61.49);
insert into SHOT values (5701, 5692, 5695, 6766, 0.890, 149.87, 84.41, 0.894, 153.43, 84.26, 0.007, 215.02, 34.63);
insert into SHOT values (5702, 5692, 5696, 6766, 1.120, 107.76, -66.95, 1.117, 108.85, -67.19, 0.010, 230.69, 3.39);
insert into SHOT values (5703, 5692, 5697, 6766, 15.800, 157.44, 17.00, 15.803, 157.47, 17.00, 0.010, 225.92, 3.18);
insert into SHOT values (5704, 5697, 5698, 6766, 0.520, 82.13, -15.08, 0.524, 82.03, -15.50, 0.006, 64.62, -58.24);
insert into SHOT values (5705, 5697, 5699, 6766, 0.610, 247.46, -27.45, 0.607, 248.20, -27.47, 0.008, 359.78, 9.04);
insert into SHOT values (5706, 5697, 5700, 6766, 1.610, 119.47, 65.89, 1.612, 118.89, 65.74, 0.008, 64.44, 3.14);
insert into SHOT values (5707, 5697, 5701, 6766, 1.450, 74.14, -74.07, 1.457, 74.25, -73.86, 0.009, 80.20, -37.96);
insert into SHOT values (5708, 5625, 5702, 6766, 0.920, 108.78, 9.99, 0.922, 108.63, 10.00, 0.003, 52.29, 8.28);
insert into SHOT values (5709, 5625, 5703, 6766, 0.840, 296.08, -14.53, 0.841, 296.25, -14.47, 0.003, 7.70, 16.30);
insert into SHOT values (5710, 5625, 5704, 6766, 0.640, 143.96, 68.62, 0.645, 143.62, 68.53, 0.005, 116.17, 53.04);
insert into SHOT values (5711, 5625, 5705, 6766, 0.620, 144.26, -79.77, 0.620, 146.31, -79.94, 0.004, 261.77, 1.89);
insert into SHOT values (5712, 5625, 5706, 6766, 3.540, 204.97, -0.37, 3.539, 204.90, -0.32, 0.005, 102.35, 32.67);
insert into SHOT values (5713, 5706, 5707, 6766, 3.520, 204.83, -0.12, 3.517, 204.89, -0.16, 0.006, 337.98, -27.92);
insert into SHOT values (5714, 5706, 5708, 6766, 1.960, 122.67, -1.14, 1.948, 122.63, -1.18, 0.012, 309.12, -4.65);
insert into SHOT values (5715, 5706, 5709, 6766, 0.900, 285.44, -22.86, 0.900, 285.38, -22.87, 0.001, 218.19, -20.15);
insert into SHOT values (5716, 5706, 5710, 6766, 1.610, 62.89, -77.82, 1.606, 61.93, -77.78, 0.007, 335.58, 33.32);
insert into SHOT values (5717, 5706, 5711, 6766, 0.990, 326.05, 84.71, 0.995, 323.13, 84.23, 0.011, 295.40, 22.88);
insert into SHOT values (5718, 5706, 5712, 6766, 27.260, 118.80, 43.91, 27.256, 118.80, 43.90, 0.006, 13.98, -78.24);
insert into SHOT values (5719, 5706, 5713, 6766, 3.070, 205.56, -26.02, 3.072, 205.54, -26.07, 0.003, 165.00, -69.52);
insert into SHOT values (5720, 5713, 5714, 6766, 1.740, 136.14, -4.77, 1.738, 136.17, -4.62, 0.005, 279.88, 72.38);
insert into SHOT values (5721, 5713, 5715, 6766, 1.550, 312.35, 40.19, 1.554, 312.27, 40.06, 0.005, 295.49, -2.65);
insert into SHOT values (5722, 5713, 5716, 6766, 1.890, 237.95, 80.24, 1.898, 238.74, 80.06, 0.011, 270.14, 41.08);
insert into SHOT values (5723, 5713, 5717, 6766, 1.640, 246.02, -77.78, 1.638, 246.37, -77.69, 0.004, 290.90, 43.17);
insert into SHOT values (5724, 5713, 5718, 6766, 6.520, 236.51, -28.37, 6.522, 236.59, -28.38, 0.008, 315.46, -13.85);
insert into SHOT values (5725, 5718, 5719, 6766, 1.020, 145.67, 6.97, 1.023, 145.84, 7.30, 0.007, 194.18, 57.09);
insert into SHOT values (5726, 5718, 5720, 6766, 1.390, 323.78, -15.31, 1.386, 323.82, -15.06, 0.008, 126.07, 68.93);
insert into SHOT values (5727, 5718, 5721, 6766, 1.170, 158.77, 71.81, 1.178, 159.08, 72.00, 0.009, 281.29, 74.79);
insert into SHOT values (5728, 5718, 5722, 6766, 0.870, 170.89, -65.75, 0.866, 170.27, -65.80, 0.005, 50.55, 36.09);
insert into SHOT values (5729, 5718, 5723, 6766, 7.890, 249.09, -44.27, 7.887, 249.06, -44.21, 0.009, 213.31, 60.15);
insert into SHOT values (5730, 5630, 5724, 6766, 4.100, 56.29, 6.62, 4.102, 56.31, 6.72, 0.008, 97.67, 73.71);
insert into SHOT values (5731, 5630, 5725, 6766, 7.600, 195.35, 16.96, 7.602, 195.39, 16.98, 0.006, 271.42, 28.28);
insert into SHOT values (5732, 5630, 5726, 6766, 3.830, 90.65, 82.95, 3.829, 91.22, 82.95, 0.005, 180.57, -12.60);
insert into SHOT values (5733, 5630, 5727, 6766, 1.440, 229.91, -76.99, 1.438, 229.97, -76.87, 0.004, 238.25, 52.30);
insert into SHOT values (5734, 5630, 5728, 6766, 24.140, 139.32, 47.68, 24.141, 139.34, 47.68, 0.006, 222.09, 9.10);
insert into SHOT values (5735, 5728, 5729, 6766, 6.840, 23.31, 0.96, 6.841, 23.34, 1.01, 0.007, 102.32, 54.58);
insert into SHOT values (5736, 5728, 5730, 6766, 6.750, 238.51, -6.76, 6.744, 238.49, -6.73, 0.008, 77.17, 36.83);
insert into SHOT values (5737, 5728, 5731, 6766, 2.400, 303.13, 85.79, 2.407, 303.69, 85.70, 0.008, 326.49, 55.54);
insert into SHOT values (5738, 5728, 5732, 6766, 2.090, 21.08, -59.71, 2.084, 21.19, -59.72, 0.006, 166.67, 51.65);
insert into SHOT values (5739, 5733, 5728, 6766, 10.700, 277.10, -46.68, 10.708, 277.12, -46.68, 0.008, 296.45, -42.25);
insert into SHOT values (5740, 5733, 5734, 6766, 3.260, 22.83, 10.13, 3.259, 22.73, 10.07, 0.007, 293.35, -31.01);
insert into SHOT values (5741, 5733, 5735, 6766, 6.220, 234.30, -4.55, 6.225, 234.31, -4.61, 0.008, 249.15, -52.23);
insert into SHOT values (5742, 5733, 5736, 6766, 3.170, 10.30, 69.86, 3.166, 9.98, 69.73, 0.010, 319.82, -37.64);
insert into SHOT values (5743, 5733, 5737, 6766, 0.380, 61.44, -68.19, 0.386, 59.74, -68.90, 0.009, 302.04, -56.75);
insert into SURVEY values (6768, 71, 'tight_ripper2', 'tight_ripper2.clearwater_master', NULL);
 insert into CENTRELINE values (6769, 6768, NULL, NULL, NULL, 0.00, 0.00, 0.00);
 insert into CENTRELINE values (6770, 6768, NULL, '2017-04-17', NULL, 181.11, 0.00, 0.00);
 insert into SHOT values (5744, 5738, 5739, 6770, 8.570, 61.50, -10.44, 8.572, 61.52, -10.42, 0.005, 115.77, 39.37);
insert into SHOT values (5745, 5738, 5740, 6770, 16.490, 203.92, -5.89, 16.495, 203.91, -5.88, 0.006, 172.72, 20.30);
insert into SHOT values (5746, 5738, 5741, 6770, 5.580, 142.95, 71.26, 5.576, 142.94, 71.25, 0.004, 350.62, -79.30);
insert into SHOT values (5747, 5738, 5742, 6770, 1.410, 167.78, -65.21, 1.411, 167.37, -65.09, 0.005, 114.26, 0.75);
insert into SHOT values (5748, 5738, 5743, 6770, 17.630, 35.00, 12.26, 17.627, 35.00, 12.25, 0.005, 213.78, -53.26);
insert into SHOT values (5749, 5743, 5744, 6770, 1.360, 326.16, -1.15, 1.362, 326.08, -0.84, 0.008, 282.42, 68.53);
insert into SHOT values (5750, 5743, 5745, 6770, 2.060, 99.14, -55.14, 2.059, 99.30, -55.18, 0.004, 220.02, 4.95);
insert into SHOT values (5751, 5743, 5746, 6770, 2.400, 72.86, 60.24, 2.406, 72.93, 60.29, 0.007, 123.62, 73.37);
insert into SHOT values (5752, 5743, 5747, 6770, 1.090, 36.79, -64.80, 1.084, 37.12, -64.66, 0.007, 129.01, 67.07);
insert into SHOT values (5753, 5738, 5748, 6770, 31.110, 133.53, -28.31, 31.114, 133.54, -28.30, 0.008, 157.73, 28.66);
insert into SHOT values (5754, 5748, 5749, 6770, 5.000, 59.17, -7.71, 4.996, 59.14, -7.71, 0.005, 278.60, 9.61);
insert into SHOT values (5755, 5748, 5750, 6770, 4.370, 221.40, -13.85, 4.372, 221.47, -13.90, 0.006, 303.24, -38.62);
insert into SHOT values (5756, 5748, 5751, 6770, 1.980, 120.64, 71.94, 1.978, 120.32, 71.91, 0.004, 33.49, -35.82);
insert into SHOT values (5757, 5748, 5752, 6770, 2.080, 53.05, -57.51, 2.083, 53.03, -57.67, 0.006, 240.75, -59.23);
insert into SHOT values (5758, 5748, 5753, 6770, 26.790, 159.72, 14.95, 26.790, 159.72, 14.95, 0.002, 225.49, -32.30);
insert into SHOT values (5759, 5753, 5754, 6770, 2.160, 60.92, 3.77, 2.158, 60.82, 3.72, 0.005, 303.98, -24.81);
insert into SHOT values (5760, 5753, 5755, 6770, 7.940, 241.60, -2.10, 7.938, 241.63, -2.09, 0.004, 355.90, 13.60);
insert into SHOT values (5761, 5753, 5756, 6770, 2.450, 321.99, 79.50, 2.453, 322.13, 79.28, 0.010, 328.38, 6.06);
insert into SHOT values (5762, 5753, 5757, 6770, 1.310, 106.23, -77.06, 1.313, 105.95, -77.18, 0.004, 320.18, -51.60);
insert into SHOT values (5763, 5753, 5758, 6770, 12.640, 165.07, 37.01, 12.639, 165.07, 37.02, 0.003, 350.33, 25.46);
insert into SHOT values (5764, 5758, 5759, 6770, 2.310, 54.70, -0.66, 2.309, 54.52, -0.74, 0.008, 315.47, -24.78);
insert into SHOT values (5765, 5758, 5760, 6770, 6.880, 241.13, -9.93, 6.884, 241.17, -9.95, 0.007, 291.20, -32.09);
insert into SHOT values (5766, 5758, 5761, 6770, 0.350, 38.38, 79.14, 0.346, 38.66, 79.33, 0.004, 209.10, -62.55);
insert into SHOT values (5767, 5758, 5762, 6770, 0.930, 213.22, -59.84, 0.936, 213.69, -59.94, 0.007, 282.45, -55.11);
insert into SHOT values (5768, 5758, 5763, 6770, 6.630, 148.70, 38.08, 6.631, 148.72, 38.09, 0.002, 239.62, 30.69);
insert into SHOT values (5769, 5763, 5764, 6770, 1.260, 106.09, 15.36, 1.260, 105.75, 15.19, 0.008, 21.12, -27.47);
insert into SHOT values (5770, 5763, 5765, 6770, 3.750, 276.66, -31.72, 3.756, 276.66, -31.82, 0.009, 271.69, -78.70);
insert into SHOT values (5771, 5763, 5766, 6770, 0.300, 309.95, 60.92, 0.299, 312.27, 60.24, 0.007, 15.59, -18.26);
insert into SHOT values (5772, 5763, 5767, 6770, 1.810, 334.39, -68.41, 1.817, 334.20, -68.48, 0.007, 254.69, -72.53);
insert into SHOT values (5773, 5763, 5768, 6770, 4.450, 223.64, 37.13, 4.443, 223.74, 37.10, 0.010, 348.42, -38.56);
insert into SHOT values (5774, 5768, 5769, 6770, 2.430, 145.55, 20.09, 2.438, 145.68, 20.16, 0.010, 186.90, 33.04);
insert into SHOT values (5775, 5768, 5770, 6770, 0.410, 334.07, -3.60, 0.403, 333.43, -2.84, 0.010, 187.63, 35.45);
insert into SHOT values (5776, 5768, 5771, 6770, 2.310, 190.78, 72.61, 2.316, 190.82, 72.61, 0.006, 205.96, 70.44);
insert into SHOT values (5777, 5768, 5772, 6770, 0.610, 284.11, -80.25, 0.609, 281.31, -80.35, 0.005, 177.94, 12.91);
insert into SHOT values (5778, 5768, 5773, 6770, 4.610, 210.27, 41.38, 4.612, 210.20, 41.40, 0.005, 124.90, 30.00);
insert into SHOT values (5779, 5773, 5774, 6770, 0.760, 144.17, 13.51, 0.760, 144.37, 13.70, 0.004, 251.28, 42.00);
insert into SHOT values (5780, 5773, 5775, 6770, 0.400, 308.74, 5.79, 0.400, 308.88, 5.74, 0.001, 22.87, -18.68);
insert into SHOT values (5781, 5773, 5776, 6770, 1.350, 268.69, 80.50, 1.348, 267.40, 80.60, 0.006, 150.67, -14.79);
insert into SHOT values (5782, 5773, 5777, 6770, 0.940, 217.69, -61.93, 0.940, 217.65, -61.96, 0.001, 87.49, -53.05);
insert into SHOT values (5783, 5773, 5778, 6770, 2.750, 60.62, 2.74, 2.748, 60.54, 2.71, 0.005, 303.84, -18.77);
insert into SHOT values (5784, 5773, 5779, 6770, 6.750, 251.76, 9.77, 6.750, 251.78, 9.72, 0.006, 314.41, -61.13);
insert into SHOT values (5785, 5773, 5780, 6770, 11.480, 154.47, 72.67, 11.482, 154.56, 72.66, 0.006, 221.49, 11.21);
insert into SHOT values (5786, 5773, 5781, 6770, 1.430, 119.93, -68.55, 1.428, 120.02, -68.66, 0.003, 285.97, 16.02);
insert into SHOT values (5787, 5773, 5782, 6770, 38.240, 155.70, 17.06, 38.240, 155.71, 17.06, 0.004, 248.91, 18.81);
insert into SHOT values (5788, 5782, 5783, 6770, 2.890, 79.24, 2.57, 2.894, 79.23, 2.57, 0.004, 74.86, 6.20);
insert into SHOT values (5789, 5782, 5784, 6770, 1.690, 236.85, -19.63, 1.688, 236.81, -19.73, 0.004, 80.81, -39.43);
insert into SHOT values (5790, 5782, 5785, 6770, 2.970, 75.53, 59.94, 2.969, 75.59, 59.95, 0.002, 196.11, -16.62);
insert into SHOT values (5791, 5782, 5786, 6770, 1.470, 119.03, -68.88, 1.472, 118.95, -68.59, 0.008, 113.35, 9.53);
insert into SHOT values (5792, 5738, 5787, 6770, 10.630, 230.80, 20.30, 10.633, 230.82, 20.31, 0.005, 286.48, 26.49);
insert into SHOT values (5793, 5738, 5788, 6770, 10.970, 358.98, 16.18, 10.967, 358.97, 16.20, 0.006, 212.71, 34.71);
insert into SHOT values (5794, 5738, 5789, 6770, 9.520, 343.67, 79.79, 9.521, 343.82, 79.79, 0.005, 82.43, 9.47);
insert into SHOT values (5795, 5738, 5790, 6770, 1.000, 349.66, -50.30, 1.001, 350.10, -50.29, 0.005, 70.96, -6.96);
insert into SHOT values (5796, 5738, 5791, 6770, 20.820, 301.84, 49.77, 20.821, 301.83, 49.79, 0.007, 138.78, 43.40);
insert into SHOT values (5797, 5791, 5792, 6770, 3.640, 184.22, -10.52, 3.642, 184.33, -10.60, 0.009, 262.40, -38.91);
insert into SHOT values (5798, 5791, 5793, 6770, 1.060, 5.67, 15.96, 1.065, 5.60, 15.80, 0.006, 353.27, -13.97);
insert into SHOT values (5799, 5791, 5794, 6770, 1.970, 191.44, 69.48, 1.967, 191.63, 69.33, 0.007, 223.78, -48.76);
insert into SHOT values (5800, 5791, 5795, 6770, 0.690, 32.63, -74.25, 0.696, 32.01, -74.27, 0.006, 336.38, -67.27);
insert into SHOT values (5801, 5791, 5796, 6770, 18.190, 236.50, 25.26, 18.191, 236.50, 25.25, 0.003, 262.66, -46.82);
insert into SHOT values (5802, 5796, 5797, 6770, 3.120, 139.31, -13.85, 3.120, 139.42, -13.91, 0.007, 238.60, -28.16);
insert into SHOT values (5803, 5796, 5798, 6770, 1.510, 339.47, -16.74, 1.518, 339.44, -16.85, 0.008, 333.64, -37.96);
insert into SHOT values (5804, 5796, 5799, 6770, 5.240, 291.92, 74.06, 5.243, 291.95, 74.01, 0.006, 299.22, 14.55);
insert into SHOT values (5805, 5796, 5800, 6770, 1.170, 309.06, -56.35, 1.174, 309.35, -56.58, 0.007, 66.64, -58.44);
insert into SURVEY values (6772, 71, 'rampy_mcrampface', 'rampy_mcrampface.clearwater_master', NULL);
 insert into CENTRELINE values (6773, 6772, NULL, NULL, NULL, 0.00, 0.00, 0.00);
 insert into CENTRELINE values (6774, 6772, NULL, '2017-04-19', NULL, 88.36, 0.00, 0.00);
 insert into SHOT values (5806, 5801, 5802, 6774, 25.920, 318.91, 8.70, 25.920, 318.91, 8.70, 0.001, 204.72, -47.78);
insert into SHOT values (5807, 5801, 5803, 6774, 5.600, 231.16, 4.16, 5.598, 231.18, 4.20, 0.005, 7.19, 53.40);
insert into SHOT values (5808, 5801, 5804, 6774, 10.010, 43.23, 5.47, 10.014, 43.25, 5.50, 0.008, 91.97, 48.75);
insert into SHOT values (5809, 5801, 5805, 6774, 10.390, 233.82, 84.90, 10.390, 233.88, 84.94, 0.008, 46.48, 8.49);
insert into SHOT values (5810, 5801, 5806, 6774, 1.200, 263.41, -71.80, 1.199, 263.83, -71.92, 0.004, 37.66, -0.50);
insert into SHOT values (5811, 5801, 5807, 6774, 20.260, 110.12, 26.30, 20.267, 110.12, 26.30, 0.007, 111.67, 29.34);
insert into SHOT values (5812, 5807, 5808, 6774, 7.250, 19.04, -4.32, 7.257, 19.04, -4.35, 0.007, 14.37, -31.60);
insert into SHOT values (5813, 5807, 5809, 6774, 9.950, 221.37, -7.14, 9.947, 221.43, -7.16, 0.011, 332.06, -17.54);
insert into SHOT values (5814, 5807, 5810, 6774, 4.840, 75.49, 84.09, 4.836, 74.85, 84.10, 0.007, 334.41, -36.89);
insert into SHOT values (5815, 5807, 5811, 6774, 7.190, 349.44, -61.44, 7.186, 349.44, -61.41, 0.005, 356.76, 80.73);
insert into SHOT values (5816, 5807, 5812, 6774, 18.010, 118.24, 22.37, 18.010, 118.24, 22.39, 0.006, 280.28, 67.35);
insert into SHOT values (5817, 5812, 5813, 6774, 4.340, 24.88, 8.75, 4.346, 24.78, 8.74, 0.010, 331.54, -1.26);
insert into SHOT values (5818, 5812, 5814, 6774, 2.750, 37.63, 81.36, 2.741, 37.15, 81.31, 0.010, 321.61, -67.74);
insert into SHOT values (5819, 5812, 5815, 6774, 3.050, 346.99, -65.48, 3.058, 346.84, -65.39, 0.010, 323.05, -31.08);
insert into SHOT values (5820, 5812, 5816, 6774, 13.570, 152.25, 34.50, 13.562, 152.22, 34.49, 0.010, 21.69, -38.50);
insert into SHOT values (5821, 5816, 5817, 6774, 4.580, 80.43, 6.11, 4.579, 80.52, 6.14, 0.008, 184.87, 19.42);
insert into SHOT values (5822, 5816, 5818, 6774, 8.160, 246.73, 0.63, 8.166, 246.70, 0.63, 0.008, 213.26, 2.06);
insert into SHOT values (5823, 5816, 5819, 6774, 13.630, 40.55, 77.93, 13.630, 40.58, 77.96, 0.006, 207.21, 11.77);
insert into SHOT values (5824, 5816, 5820, 6774, 1.440, 97.84, -85.20, 1.435, 99.46, -85.14, 0.006, 169.97, 53.83);
insert into SHOT values (5825, 5816, 5821, 6774, 36.520, 139.94, 34.19, 36.517, 139.94, 34.19, 0.003, 291.56, -44.37);
insert into SHOT values (5826, 5821, 5822, 6774, 8.390, 14.14, 4.24, 8.386, 14.12, 4.24, 0.005, 228.57, -3.32);
insert into SHOT values (5827, 5821, 5823, 6774, 5.980, 224.17, 6.97, 5.985, 224.18, 7.01, 0.006, 239.08, 42.94);
insert into SHOT values (5828, 5821, 5824, 6774, 10.480, 143.42, 73.34, 10.482, 143.51, 73.31, 0.007, 184.19, -0.63);
insert into SHOT values (5829, 5821, 5825, 6774, 1.760, 234.64, -80.05, 1.757, 234.25, -79.90, 0.006, 206.40, 38.24);
insert into SHOT values (5830, 5821, 5826, 6774, 27.760, 109.79, 7.19, 27.758, 109.80, 7.20, 0.009, 224.96, 37.62);
insert into SURVEY values (6776, 71, 'orange_icing_complete', 'orange_icing_complete.clearwater_master', NULL);
 insert into CENTRELINE values (6777, 6776, NULL, NULL, NULL, 0.00, 0.00, 0.00);
 insert into CENTRELINE values (6778, 6776, NULL, '2017-04-11', NULL, 709.32, 0.00, 0.00);
 insert into SHOT values (5831, 5827, 5828, 6778, 3.070, 10.15, -31.56, 3.062, 10.15, -31.50, 0.008, 191.27, 53.27);
insert into SHOT values (5832, 5827, 5829, 6778, 4.720, 180.37, 26.25, 4.727, 180.41, 26.24, 0.008, 201.25, 18.07);
insert into SHOT values (5833, 5827, 5830, 6778, 4.770, 74.16, 75.12, 4.770, 74.38, 75.12, 0.005, 159.79, -0.52);
insert into SHOT values (5834, 5827, 5831, 6778, 1.270, 54.45, -78.38, 1.267, 54.46, -78.24, 0.005, 55.85, 60.28);
insert into SHOT values (5835, 5827, 5832, 6778, 13.060, 98.91, 14.80, 13.057, 98.93, 14.82, 0.007, 225.04, 32.28);
insert into SHOT values (5836, 5832, 5833, 6778, 9.470, 23.47, 0.54, 9.477, 23.51, 0.54, 0.009, 65.78, 4.56);
insert into SHOT values (5837, 5832, 5834, 6778, 3.760, 235.90, 14.61, 3.758, 235.87, 14.64, 0.003, 93.22, 29.18);
insert into SHOT values (5838, 5832, 5835, 6778, 7.090, 125.81, 70.16, 7.094, 125.73, 70.10, 0.009, 103.58, 5.40);
insert into SHOT values (5839, 5832, 5836, 6778, 2.880, 35.97, -51.16, 2.888, 36.24, -51.18, 0.011, 101.11, -36.07);
insert into SHOT values (5840, 5832, 5837, 6778, 6.030, 205.36, 7.81, 6.028, 205.28, 7.82, 0.009, 100.57, 3.82);
insert into SHOT values (5841, 5832, 5838, 6778, 14.980, 134.18, 45.33, 14.982, 134.15, 45.31, 0.008, 94.58, -23.76);
insert into SHOT values (5842, 5832, 5839, 6778, 6.250, 96.23, 0.65, 6.257, 96.24, 0.64, 0.008, 103.79, -6.84);
insert into SHOT values (5843, 5839, 5840, 6778, 8.840, 64.86, -4.08, 8.840, 64.83, -4.09, 0.005, 329.85, -12.66);
insert into SHOT values (5844, 5839, 5841, 6778, 8.470, 190.18, -8.74, 8.471, 190.18, -8.76, 0.003, 249.37, -82.12);
insert into SHOT values (5845, 5839, 5842, 6778, 6.090, 41.26, 82.32, 6.085, 40.53, 82.30, 0.012, 320.61, -26.87);
insert into SHOT values (5846, 5839, 5843, 6778, 1.950, 186.72, -58.75, 1.950, 186.84, -58.91, 0.006, 340.78, -30.64);
insert into SHOT values (5847, 5839, 5844, 6778, 13.840, 141.95, -17.99, 13.835, 141.95, -18.02, 0.009, 330.90, -39.66);
insert into SHOT values (5848, 5844, 5845, 6778, 8.490, 28.47, -0.95, 8.490, 28.50, -0.94, 0.004, 123.62, 10.63);
insert into SHOT values (5849, 5844, 5846, 6778, 0.450, 189.39, 3.27, 0.456, 188.84, 3.77, 0.009, 153.96, 29.96);
insert into SHOT values (5850, 5844, 5847, 6778, 4.600, 63.48, 76.62, 4.604, 63.68, 76.69, 0.008, 205.01, 39.72);
insert into SHOT values (5851, 5844, 5848, 6778, 2.080, 28.75, -61.42, 2.074, 28.89, -61.37, 0.007, 149.60, 67.17);
insert into SHOT values (5852, 5844, 5849, 6778, 25.390, 62.33, -7.57, 25.390, 62.33, -7.56, 0.005, 351.06, 65.25);
insert into SHOT values (5853, 5849, 5850, 6778, 1.240, 332.47, 13.92, 1.236, 332.15, 14.05, 0.008, 206.80, 11.72);
insert into SHOT values (5854, 5849, 5851, 6778, 5.600, 162.72, 7.31, 5.606, 162.74, 7.28, 0.007, 179.20, -22.14);
insert into SHOT values (5855, 5849, 5852, 6778, 5.980, 108.59, 72.67, 5.982, 108.64, 72.65, 0.003, 142.31, 28.46);
insert into SHOT values (5856, 5849, 5853, 6778, 1.800, 112.36, -67.74, 1.804, 112.43, -67.80, 0.004, 224.35, -78.48);
insert into SHOT values (5857, 5849, 5854, 6778, 5.330, 144.51, 45.04, 5.332, 144.50, 44.99, 0.005, 134.95, -17.14);
insert into SHOT values (5858, 5849, 5855, 6778, 4.830, 50.08, 35.77, 4.828, 50.18, 35.74, 0.007, 137.57, -26.69);
insert into SHOT values (5859, 5849, 5856, 6778, 35.640, 88.92, -5.23, 35.645, 88.93, -5.23, 0.010, 152.42, -7.17);
insert into SHOT values (5860, 5856, 5857, 6778, 7.200, 61.47, -1.32, 7.197, 61.44, -1.27, 0.007, 297.19, 52.47);
insert into SHOT values (5861, 5856, 5858, 6778, 9.560, 238.18, 10.16, 9.563, 238.20, 10.18, 0.006, 289.72, 39.44);
insert into SHOT values (5862, 5856, 5859, 6778, 7.120, 349.58, 84.09, 7.119, 349.14, 84.01, 0.012, 320.46, -10.50);
insert into SHOT values (5863, 5856, 5860, 6778, 2.530, 51.95, -60.87, 2.530, 51.92, -60.86, 0.001, 9.89, -0.05);
insert into SHOT values (5864, 5856, 5861, 6778, 7.910, 25.71, -27.42, 7.909, 25.65, -27.40, 0.008, 302.15, 20.45);
insert into SHOT values (5865, 5856, 5862, 6778, 11.400, 111.73, -9.11, 11.391, 111.71, -9.09, 0.011, 319.56, 27.00);
insert into SHOT values (5866, 5856, 5863, 6778, 19.140, 94.92, 59.46, 19.144, 94.90, 59.47, 0.007, 0.56, 51.56);
insert into SHOT values (5867, 5856, 5864, 6778, 14.060, 197.36, 2.52, 14.056, 197.40, 2.53, 0.011, 306.42, 9.27);
insert into SHOT values (5868, 5864, 5865, 6778, 2.620, 111.97, -0.63, 2.620, 111.96, -0.66, 0.001, 71.47, -69.99);
insert into SHOT values (5869, 5864, 5866, 6778, 9.020, 309.77, -3.87, 9.017, 309.81, -3.88, 0.008, 67.20, -8.92);
insert into SHOT values (5870, 5864, 5867, 6778, 6.860, 289.17, -2.83, 6.858, 289.18, -2.84, 0.002, 86.15, -37.41);
insert into SHOT values (5871, 5864, 5868, 6778, 5.080, 238.70, 82.83, 5.080, 238.57, 82.84, 0.002, 108.61, -8.37);
insert into SHOT values (5872, 5864, 5869, 6778, 3.080, 145.19, -53.58, 3.083, 145.01, -53.56, 0.006, 77.43, -13.99);
insert into SHOT values (5873, 5864, 5870, 6778, 15.160, 242.29, 0.98, 15.152, 242.27, 0.98, 0.010, 100.18, 4.28);
insert into SHOT values (5874, 5864, 5871, 6778, 9.920, 181.02, -0.50, 9.922, 180.98, -0.52, 0.008, 106.50, -26.56);
insert into SHOT values (5875, 5871, 5872, 6778, 6.470, 24.94, -6.20, 6.467, 24.93, -6.21, 0.003, 223.55, -20.93);
insert into SHOT values (5876, 5871, 5873, 6778, 1.310, 229.94, 13.26, 1.313, 230.08, 13.21, 0.004, 278.67, -6.54);
insert into SHOT values (5877, 5871, 5874, 6778, 3.620, 59.07, 78.01, 3.618, 58.64, 78.05, 0.006, 304.31, -9.46);
insert into SHOT values (5878, 5871, 5875, 6778, 3.170, 45.13, -45.25, 3.166, 45.18, -45.29, 0.005, 200.15, 15.09);
insert into SHOT values (5879, 5871, 5876, 6778, 7.800, 159.60, -18.73, 7.794, 159.63, -18.71, 0.008, 306.71, 37.39);
insert into SHOT values (5880, 5871, 5877, 6778, 12.960, 120.05, -13.38, 12.955, 120.04, -13.39, 0.005, 315.81, -10.59);
insert into SHOT values (5881, 5871, 5878, 6778, 15.070, 81.35, -4.73, 15.072, 81.35, -4.72, 0.004, 60.48, 47.26);
insert into SHOT values (5882, 5878, 5879, 6778, 3.060, 31.29, 3.72, 3.058, 31.19, 3.75, 0.006, 275.67, 13.83);
insert into SHOT values (5883, 5878, 5880, 6778, 6.490, 192.44, 38.11, 6.495, 192.43, 38.12, 0.006, 179.50, 53.36);
insert into SHOT values (5884, 5878, 5881, 6778, 7.200, 113.23, 76.17, 7.199, 113.29, 76.18, 0.002, 233.60, -32.99);
insert into SHOT values (5885, 5878, 5882, 6778, 1.720, 72.21, -68.46, 1.719, 72.43, -68.53, 0.003, 203.89, -2.18);
insert into SHOT values (5886, 5878, 5883, 6778, 21.270, 126.29, -8.92, 21.267, 126.31, -8.93, 0.008, 245.76, -14.54);
insert into SHOT values (5887, 5878, 5884, 6778, 21.000, 156.17, -13.71, 20.997, 156.17, -13.72, 0.005, 310.76, -37.84);
insert into SHOT values (5888, 5878, 5885, 6778, 27.830, 152.51, -9.67, 27.830, 152.52, -9.66, 0.007, 230.25, 44.83);
insert into SHOT values (5889, 5878, 5886, 6778, 6.690, 135.20, -19.38, 6.687, 135.26, -19.39, 0.007, 254.26, -0.36);
insert into SHOT values (5890, 5886, 5887, 6778, 7.260, 76.94, 1.37, 7.260, 76.94, 1.34, 0.004, 246.61, -86.67);
insert into SHOT values (5891, 5886, 5888, 6778, 6.720, 230.71, -4.38, 6.713, 230.70, -4.36, 0.007, 62.61, 26.35);
insert into SHOT values (5892, 5886, 5889, 6778, 9.690, 121.74, 65.74, 9.687, 121.65, 65.72, 0.007, 42.00, -35.36);
insert into SHOT values (5893, 5886, 5890, 6778, 5.360, 74.42, -36.78, 5.363, 74.48, -36.76, 0.006, 122.89, -7.45);
insert into SHOT values (5894, 5886, 5891, 6778, 15.200, 102.63, -12.15, 15.200, 102.63, -12.15, 0.001, 177.12, -42.50);
insert into SHOT values (5895, 5886, 5892, 6778, 29.560, 144.04, -42.37, 29.563, 144.03, -42.36, 0.006, 116.43, 8.61);
insert into SHOT values (5896, 5886, 5893, 6778, 10.130, 176.12, -38.69, 10.130, 176.08, -38.67, 0.006, 104.21, 24.44);
insert into SHOT values (5897, 5893, 5894, 6778, 2.710, 166.83, 14.98, 2.709, 166.97, 14.97, 0.007, 261.63, -4.25);
insert into SHOT values (5898, 5893, 5895, 6778, 6.330, 4.02, 8.23, 6.330, 4.03, 8.17, 0.006, 53.22, -80.65);
insert into SHOT values (5899, 5893, 5896, 6778, 11.710, 77.61, 78.43, 11.707, 77.44, 78.44, 0.008, 327.17, -15.90);
insert into SHOT values (5900, 5893, 5897, 6778, 1.190, 141.93, -70.38, 1.187, 142.25, -70.71, 0.008, 305.58, 6.60);
insert into SHOT values (5901, 5893, 5898, 6778, 8.870, 125.29, 20.41, 8.863, 125.30, 20.40, 0.007, 295.53, -28.26);
insert into SHOT values (5902, 5893, 5899, 6778, 11.040, 109.40, -31.22, 11.033, 109.38, -31.23, 0.008, 319.25, 16.27);
insert into SHOT values (5903, 5893, 5900, 6778, 14.560, 96.04, -43.64, 14.562, 96.05, -43.64, 0.003, 129.19, -41.43);
insert into SHOT values (5904, 5893, 5901, 6778, 10.220, 123.31, -47.07, 10.226, 123.28, -47.09, 0.008, 45.07, -61.54);
insert into SHOT values (5905, 5893, 5902, 6778, 16.290, 105.06, -47.53, 16.292, 105.07, -47.54, 0.005, 211.75, -58.18);
insert into SHOT values (5906, 5902, 5903, 6778, 4.830, 265.61, 11.33, 4.828, 265.64, 11.35, 0.003, 38.27, 19.01);
insert into SHOT values (5907, 5902, 5904, 6778, 2.400, 100.96, 4.20, 2.399, 100.84, 4.30, 0.007, 1.17, 39.81);
insert into SHOT values (5908, 5902, 5905, 6778, 5.740, 251.59, 66.73, 5.736, 251.73, 66.75, 0.007, 14.67, -25.73);
insert into SHOT values (5909, 5902, 5906, 6778, 0.970, 232.85, -64.19, 0.967, 233.67, -64.12, 0.007, 326.16, 28.05);
insert into SHOT values (5910, 5902, 5907, 6778, 6.120, 269.91, 23.58, 6.122, 270.00, 23.59, 0.009, 353.45, 11.61);
insert into SHOT values (5911, 5902, 5908, 6778, 3.640, 0.75, 29.23, 3.645, 0.72, 29.24, 0.005, 337.25, 31.75);
insert into SHOT values (5912, 5902, 5909, 6778, 10.020, 347.21, 24.98, 10.022, 347.22, 24.97, 0.003, 14.82, -27.87);
insert into SHOT values (5913, 5902, 5910, 6778, 14.580, 319.36, 29.40, 14.580, 319.37, 29.41, 0.004, 67.24, 38.34);
insert into SHOT values (5914, 5902, 5911, 6778, 11.770, 179.04, -31.43, 11.770, 179.03, -31.44, 0.003, 46.07, -45.58);
insert into SHOT values (5915, 5911, 5912, 6778, 1.940, 98.16, -10.27, 1.939, 98.13, -10.10, 0.006, 23.31, 80.04);
insert into SHOT values (5916, 5911, 5913, 6778, 3.980, 266.13, 1.29, 3.980, 266.11, 1.30, 0.002, 183.24, 15.39);
insert into SHOT values (5917, 5911, 5914, 6778, 10.160, 297.90, 18.09, 10.166, 297.89, 18.11, 0.007, 279.88, 47.07);
insert into SHOT values (5918, 5911, 5915, 6778, 14.210, 290.06, 19.97, 14.216, 290.05, 19.99, 0.008, 257.69, 55.32);
insert into SHOT values (5919, 5911, 5916, 6778, 12.690, 299.25, 35.02, 12.697, 299.25, 35.04, 0.008, 307.77, 66.94);
insert into SHOT values (5920, 5911, 5917, 6778, 19.120, 300.24, 44.96, 19.123, 300.26, 44.95, 0.007, 344.90, -3.84);
insert into SHOT values (5921, 5911, 5918, 6778, 14.930, 279.70, 26.37, 14.939, 279.72, 26.39, 0.012, 322.38, 47.64);
insert into SHOT values (5922, 5911, 5919, 6778, 4.140, 29.76, -19.84, 4.136, 29.73, -19.78, 0.006, 257.55, 59.00);
insert into SHOT values (5923, 5911, 5920, 6778, 5.570, 49.99, -29.79, 5.566, 49.95, -29.73, 0.008, 311.18, 65.81);
insert into SHOT values (5924, 5911, 5921, 6778, 8.920, 65.26, -34.54, 8.915, 65.21, -34.50, 0.010, 326.68, 51.39);
insert into SHOT values (5925, 5911, 5922, 6778, 1.210, 174.39, -81.42, 1.204, 173.66, -81.35, 0.007, 98.33, 69.79);
insert into SHOT values (5926, 5911, 5923, 6778, 8.510, 214.76, -3.88, 8.505, 214.78, -3.84, 0.008, 8.22, 47.27);
insert into SHOT values (5927, 5923, 5924, 6778, 3.670, 126.62, -5.69, 3.671, 126.65, -5.79, 0.006, 213.39, -72.52);
insert into SHOT values (5928, 5923, 5925, 6778, 2.200, 309.60, -0.80, 2.202, 309.47, -0.78, 0.006, 246.44, 7.43);
insert into SHOT values (5929, 5923, 5926, 6778, 2.620, 69.94, 85.26, 2.619, 70.71, 85.36, 0.006, 218.32, -10.83);
insert into SHOT values (5930, 5923, 5927, 6778, 1.440, 218.47, -84.59, 1.447, 219.29, -84.36, 0.009, 236.23, -43.91);
insert into SHOT values (5931, 5923, 5928, 6778, 7.260, 85.47, 2.37, 7.259, 85.49, 2.37, 0.003, 201.21, -4.01);
insert into SHOT values (5932, 5923, 5929, 6778, 9.190, 41.39, -4.00, 9.183, 41.42, -4.00, 0.008, 190.56, 7.64);
insert into SHOT values (5933, 5923, 5930, 6778, 5.160, 292.88, -35.24, 5.167, 292.86, -35.22, 0.008, 281.28, -19.98);
insert into SHOT values (5934, 5923, 5931, 6778, 7.740, 255.08, -10.57, 7.748, 255.09, -10.56, 0.008, 262.77, -1.45);
insert into SHOT values (5935, 5923, 5932, 6778, 15.510, 240.21, 16.35, 15.514, 240.20, 16.32, 0.009, 213.80, -40.80);
insert into SHOT values (5936, 5932, 5933, 6778, 11.710, 143.12, 18.97, 11.707, 143.08, 18.99, 0.010, 26.60, 20.68);
insert into SHOT values (5937, 5932, 5934, 6778, 1.460, 323.69, -9.58, 1.458, 323.77, -9.47, 0.004, 92.24, 50.12);
insert into SHOT values (5938, 5932, 5935, 6778, 1.330, 223.12, -72.70, 1.330, 222.95, -72.67, 0.001, 165.38, -7.09);
insert into SHOT values (5939, 5932, 5936, 6778, 23.700, 83.39, 7.22, 23.705, 83.38, 7.22, 0.006, 50.18, 14.27);
insert into SHOT values (5940, 5932, 5937, 6778, 13.530, 114.58, 14.61, 13.533, 114.55, 14.64, 0.010, 33.11, 45.19);
insert into SHOT values (5941, 5932, 5938, 6778, 8.700, 188.05, 7.66, 8.693, 188.07, 7.67, 0.008, 341.01, 2.48);
insert into SHOT values (5942, 5932, 5939, 6778, 4.890, 163.18, 15.13, 4.893, 163.14, 15.16, 0.006, 109.77, 40.39);
insert into SHOT values (5943, 5939, 5940, 6778, 10.110, 95.37, 3.31, 10.111, 95.34, 3.29, 0.006, 14.24, -38.28);
insert into SHOT values (5944, 5939, 5941, 6778, 6.910, 283.05, -16.91, 6.911, 283.11, -16.91, 0.007, 3.87, -0.75);
insert into SHOT values (5945, 5939, 5942, 6778, 25.280, 41.11, 68.08, 25.279, 41.05, 68.07, 0.011, 331.68, -12.62);
insert into SHOT values (5946, 5939, 5943, 6778, 0.820, 146.77, -80.28, 0.820, 147.53, -80.86, 0.008, 314.69, -12.11);
insert into SHOT values (5947, 5939, 5944, 6778, 52.000, 71.00, 53.03, 52.006, 70.99, 53.03, 0.010, 7.56, 27.72);
insert into SHOT values (5948, 5939, 5945, 6778, 12.610, 234.95, -47.94, 12.610, 234.97, -47.92, 0.005, 287.03, 25.67);
insert into SHOT values (5949, 5945, 5946, 6778, 1.800, 154.47, -7.14, 1.799, 154.44, -7.34, 0.006, 8.44, -75.08);
insert into SHOT values (5950, 5945, 5947, 6778, 2.530, 337.38, 11.76, 2.531, 337.47, 11.62, 0.007, 36.15, -51.41);
insert into SHOT values (5951, 5945, 5948, 6778, 2.460, 284.77, 78.05, 2.463, 284.86, 78.12, 0.004, 86.76, 52.56);
insert into SHOT values (5952, 5945, 5949, 6778, 0.780, 248.07, -66.53, 0.784, 249.23, -66.69, 0.008, 343.10, -35.76);
insert into SHOT values (5953, 5945, 5950, 6778, 7.050, 249.24, 7.85, 7.047, 249.28, 7.83, 0.006, 5.12, -27.69);
insert into SHOT values (5954, 5950, 5951, 6778, 4.290, 94.61, -5.22, 4.292, 94.70, -5.21, 0.007, 166.33, 2.56);
insert into SHOT values (5955, 5950, 5952, 6778, 2.210, 272.48, -1.33, 2.212, 272.33, -1.29, 0.006, 205.44, 11.80);
insert into SHOT values (5956, 5950, 5953, 6778, 3.400, 18.53, 80.24, 3.398, 18.43, 80.36, 0.007, 206.04, -6.24);
insert into SHOT values (5957, 5950, 5954, 6778, 1.080, 57.18, -70.12, 1.075, 57.17, -69.93, 0.006, 55.28, 73.57);
insert into SHOT values (5958, 5950, 5955, 6778, 3.920, 336.80, -17.40, 3.920, 336.86, -17.37, 0.005, 62.57, 28.99);
insert into SHOT values (5959, 5950, 5956, 6778, 6.310, 47.08, -19.89, 6.314, 47.12, -19.91, 0.006, 97.57, -33.80);
insert into SHOT values (5960, 5950, 5957, 6778, 6.840, 176.89, 37.36, 6.841, 176.84, 37.35, 0.005, 104.58, -7.18);
insert into SHOT values (5961, 5957, 5958, 6778, 1.960, 122.49, 32.36, 1.956, 122.63, 32.46, 0.007, 264.00, 8.16);
insert into SHOT values (5962, 5957, 5959, 6778, 4.310, 295.74, 0.27, 4.316, 295.67, 0.27, 0.008, 257.13, -2.25);
insert into SHOT values (5963, 5957, 5960, 6778, 18.160, 347.34, 68.79, 18.160, 347.34, 68.79, 0.000, 192.64, 23.73);
insert into SHOT values (5964, 5957, 5961, 6778, 1.490, 341.03, -73.72, 1.489, 340.25, -73.84, 0.007, 220.11, 2.24);
insert into SHOT values (5965, 5957, 5962, 6778, 17.930, 13.08, 34.02, 17.924, 13.07, 34.03, 0.007, 210.22, -13.24);
insert into SHOT values (5966, 5957, 5963, 6778, 14.990, 334.02, 51.78, 14.996, 333.99, 51.77, 0.009, 292.76, 21.91);
insert into SHOT values (5967, 5957, 5964, 6778, 19.830, 24.27, 57.05, 19.828, 24.26, 57.06, 0.004, 233.83, -3.57);
insert into SHOT values (5968, 5957, 5965, 6778, 10.510, 206.37, -24.35, 10.513, 206.40, -24.32, 0.008, 259.84, 25.13);
insert into SHOT values (5969, 5957, 5966, 6778, 10.130, 225.03, -15.80, 10.134, 225.04, -15.80, 0.005, 252.77, -23.10);
insert into SHOT values (5970, 5957, 5967, 6778, 19.620, 215.39, -25.26, 19.624, 215.39, -25.25, 0.006, 219.35, 21.68);
insert into SHOT values (5971, 5967, 5968, 6778, 6.850, 65.32, -7.39, 6.849, 65.28, -7.38, 0.005, 323.94, 13.66);
insert into SHOT values (5972, 5967, 5969, 6778, 2.210, 251.24, -3.91, 2.212, 251.24, -3.89, 0.003, 248.28, 15.89);
insert into SHOT values (5973, 5967, 5970, 6778, 1.200, 146.17, 84.67, 1.195, 146.31, 84.81, 0.006, 321.60, -55.44);
insert into SHOT values (5974, 5967, 5971, 6778, 0.880, 92.75, -79.99, 0.883, 90.00, -80.22, 0.009, 339.22, -23.39);
insert into SHOT values (5975, 5967, 5972, 6778, 8.400, 8.65, 5.19, 8.400, 8.66, 5.19, 0.002, 102.53, 4.45);
insert into SHOT values (5976, 5967, 5973, 6778, 6.920, 63.95, -3.64, 6.919, 63.88, -3.65, 0.008, 328.12, -4.52);
insert into SHOT values (5977, 5967, 5974, 6778, 13.950, 137.58, -39.45, 13.948, 137.56, -39.44, 0.006, 61.24, 42.66);
insert into SHOT values (5978, 5967, 5975, 6778, 11.090, 170.22, -37.30, 11.087, 170.21, -37.31, 0.004, 22.37, 6.04);
insert into SHOT values (5979, 5967, 5976, 6778, 5.700, 203.48, -21.53, 5.696, 203.47, -21.53, 0.005, 38.47, 23.82);
insert into SHOT values (5980, 5967, 5977, 6778, 16.590, 118.04, -13.99, 16.588, 118.01, -13.99, 0.008, 12.68, 5.06);
insert into SHOT values (5981, 5967, 5978, 6778, 28.890, 105.25, 10.91, 28.891, 105.25, 10.91, 0.003, 33.45, 46.89);
insert into SHOT values (5982, 5978, 5979, 6778, 4.200, 207.53, 3.03, 4.201, 207.54, 3.00, 0.003, 241.30, -51.12);
insert into SHOT values (5983, 5978, 5980, 6778, 10.520, 31.56, 22.07, 10.520, 31.54, 22.05, 0.005, 317.11, -35.79);
insert into SHOT values (5984, 5978, 5981, 6778, 31.410, 10.12, 83.50, 31.412, 10.05, 83.50, 0.005, 265.30, 21.71);
insert into SHOT values (5985, 5978, 5982, 6778, 1.250, 121.82, -73.12, 1.254, 121.50, -73.14, 0.004, 49.21, -61.43);
insert into SHOT values (5986, 5978, 5983, 6778, 24.830, 272.49, 57.52, 24.824, 272.49, 57.51, 0.006, 60.34, -76.67);
insert into SHOT values (5987, 5978, 5984, 6778, 17.190, 64.75, 57.09, 17.191, 64.72, 57.07, 0.007, 24.07, -12.36);
insert into SHOT values (5988, 5978, 5985, 6778, 36.600, 80.77, 45.33, 36.603, 80.76, 45.33, 0.004, 41.49, 18.31);
insert into SHOT values (5989, 5978, 5986, 6778, 35.590, 103.43, 36.38, 35.589, 103.42, 36.38, 0.005, 0.09, 2.55);
insert into SHOT values (5990, 5978, 5987, 6778, 16.240, 169.39, -21.32, 16.241, 169.41, -21.34, 0.008, 269.53, -44.98);
insert into SHOT values (5991, 5978, 5988, 6778, 33.570, 85.95, 35.72, 33.574, 85.94, 35.72, 0.006, 32.69, 9.48);
insert into SHOT values (5992, 5988, 5989, 6778, 4.550, 0.58, -12.71, 4.551, 0.52, -12.69, 0.005, 289.23, 11.63);
insert into SHOT values (5993, 5988, 5990, 6778, 8.120, 185.78, -0.93, 8.123, 185.79, -0.99, 0.009, 225.04, -67.96);
insert into SHOT values (5994, 5988, 5991, 6778, 4.120, 54.27, 78.86, 4.116, 54.29, 78.96, 0.008, 231.93, -16.79);
insert into SHOT values (5995, 5988, 5992, 6778, 1.740, 174.29, -79.67, 1.748, 174.47, -79.74, 0.008, 293.98, -82.08);
insert into SHOT values (5996, 5988, 5993, 6778, 10.510, 30.05, -11.67, 10.509, 30.03, -11.69, 0.006, 279.77, -44.20);
insert into SHOT values (5997, 5988, 5994, 6778, 12.600, 58.22, 18.61, 12.599, 58.21, 18.61, 0.002, 319.35, -34.59);
insert into SHOT values (5998, 5988, 5995, 6778, 7.760, 117.36, 19.35, 7.760, 117.41, 19.34, 0.006, 207.19, -11.61);
insert into SHOT values (5999, 5995, 5996, 6778, 2.110, 72.24, 3.25, 2.103, 72.26, 3.27, 0.007, 247.45, 3.22);
insert into SHOT values (6000, 5995, 5997, 6778, 8.720, 251.27, -18.98, 8.723, 251.26, -19.00, 0.005, 199.64, -59.65);
insert into SHOT values (6001, 5995, 5998, 6778, 2.010, 28.55, 80.80, 2.005, 28.18, 80.89, 0.006, 237.51, -44.26);
insert into SHOT values (6002, 5995, 5999, 6778, 1.700, 48.64, -46.29, 1.702, 48.45, -46.29, 0.004, 335.58, -15.69);
insert into SHOT values (6003, 5995, 6000, 6778, 9.370, 163.39, -7.24, 9.370, 163.44, -7.23, 0.008, 250.10, 6.50);
insert into SHOT values (6004, 6000, 6001, 6778, 5.060, 71.21, 19.09, 5.061, 71.22, 19.03, 0.006, 93.64, -57.48);
insert into SHOT values (6005, 6000, 6002, 6778, 2.320, 253.23, -8.51, 2.314, 253.23, -8.70, 0.010, 73.62, -43.00);
insert into SHOT values (6006, 6000, 6003, 6778, 5.460, 84.94, 82.40, 5.458, 84.45, 82.38, 0.007, 6.28, -17.79);
insert into SHOT values (6007, 6000, 6004, 6778, 1.980, 115.69, -82.60, 1.986, 115.56, -82.63, 0.007, 19.28, -84.87);
insert into SHOT values (6008, 6000, 6005, 6778, 13.520, 107.56, -49.01, 13.526, 107.52, -49.01, 0.009, 42.58, -32.35);
insert into SHOT values (6009, 6000, 6006, 6778, 8.390, 175.05, -25.85, 8.389, 174.98, -25.87, 0.009, 74.70, -11.68);
insert into SHOT values (6010, 6006, 6007, 6778, 4.570, 61.90, 4.45, 4.572, 61.86, 4.39, 0.006, 11.86, -48.52);
insert into SHOT values (6011, 6006, 6008, 6778, 4.290, 212.75, 4.91, 4.290, 212.87, 4.95, 0.010, 301.91, 17.17);
insert into SHOT values (6012, 6006, 6009, 6778, 17.160, 27.49, 82.50, 17.157, 27.37, 82.50, 0.006, 308.24, -32.81);
insert into SHOT values (6013, 6006, 6010, 6778, 1.320, 24.53, -73.53, 1.323, 23.81, -73.69, 0.007, 265.10, -37.66);
insert into SHOT values (6014, 6006, 6011, 6778, 20.580, 129.74, -12.26, 20.573, 129.73, -12.26, 0.008, 328.71, 0.91);
insert into SHOT values (6015, 6006, 6012, 6778, 22.160, 162.11, -12.65, 22.153, 162.11, -12.65, 0.008, 342.39, 22.84);
insert into SHOT values (6016, 6006, 6013, 6778, 22.280, 164.87, -7.26, 22.273, 164.89, -7.27, 0.011, 301.21, -23.58);
insert into SHOT values (6017, 6006, 6014, 6778, 29.110, 140.02, -12.99, 29.102, 140.02, -12.99, 0.008, 315.75, 24.70);
insert into SHOT values (6018, 6006, 6015, 6778, 31.080, 153.46, -11.68, 31.080, 153.46, -11.68, 0.002, 160.20, 65.27);
insert into SHOT values (6019, 6006, 6016, 6778, 30.610, 130.05, -10.99, 30.606, 130.04, -11.00, 0.007, 340.90, -41.08);
insert into SHOT values (6020, 6006, 6017, 6778, 3.900, 262.18, -4.15, 3.906, 262.18, -4.11, 0.007, 263.30, 19.13);
insert into SHOT values (6021, 6006, 6018, 6778, 5.660, 301.18, -7.70, 5.664, 301.23, -7.71, 0.006, 348.13, -14.77);
insert into SHOT values (6022, 6006, 6019, 6778, 14.600, 136.24, -58.17, 14.602, 136.26, -58.20, 0.008, 283.04, -43.95);
insert into SHOT values (6023, 6006, 6020, 6778, 24.540, 139.58, -11.13, 24.538, 139.58, -11.14, 0.004, 299.72, -49.95);
insert into SHOT values (6024, 6020, 6021, 6778, 5.480, 5.46, 13.16, 5.479, 5.49, 13.19, 0.004, 129.58, 38.77);
insert into SHOT values (6025, 6020, 6022, 6778, 4.830, 140.21, 8.57, 4.826, 140.27, 8.58, 0.007, 269.22, 2.14);
insert into SHOT values (6026, 6020, 6023, 6778, 3.440, 107.30, 78.65, 3.436, 107.35, 78.75, 0.007, 281.72, -22.72);
insert into SHOT values (6027, 6020, 6024, 6778, 0.810, 269.03, -83.88, 0.805, 270.00, -83.58, 0.007, 291.79, 53.81);
insert into SHOT values (6028, 6020, 6025, 6778, 7.250, 60.85, 28.11, 7.250, 60.79, 28.14, 0.008, 316.11, 29.79);
insert into SHOT values (6029, 6025, 6026, 6778, 3.440, 335.84, 11.91, 3.436, 335.95, 11.93, 0.008, 98.28, 0.52);
insert into SHOT values (6030, 6025, 6027, 6778, 4.080, 145.46, -4.14, 4.088, 145.49, -4.21, 0.010, 160.90, -32.94);
insert into SHOT values (6031, 6025, 6028, 6778, 3.720, 134.12, 82.72, 3.720, 134.14, 82.68, 0.002, 138.98, -0.29);
insert into SHOT values (6032, 6025, 6029, 6778, 0.870, 342.59, -71.23, 0.873, 342.90, -71.85, 0.010, 152.15, -37.92);
insert into SHOT values (6033, 6025, 6030, 6778, 11.660, 61.68, -0.56, 11.665, 61.70, -0.59, 0.009, 101.10, -44.38);
insert into SHOT values (6034, 6025, 6031, 6778, 33.630, 61.22, 23.79, 33.624, 61.23, 23.78, 0.008, 193.57, -46.88);
insert into SHOT values (6035, 6020, 6032, 6778, 10.360, 257.29, 16.17, 10.365, 257.29, 16.19, 0.006, 257.65, 52.36);
insert into SHOT values (6036, 6020, 6033, 6778, 18.040, 231.97, 22.16, 18.040, 231.98, 22.18, 0.006, 5.10, 60.66);
insert into SHOT values (6037, 6033, 6034, 6778, 7.530, 90.05, -9.74, 7.530, 90.08, -9.79, 0.007, 202.46, -57.97);
insert into SHOT values (6038, 6033, 6035, 6778, 3.020, 263.52, 3.21, 3.024, 263.53, 3.22, 0.004, 274.17, 12.54);
insert into SHOT values (6039, 6033, 6036, 6778, 4.700, 224.64, 78.28, 4.698, 224.58, 78.28, 0.002, 130.00, -61.88);
insert into SHOT values (6040, 6033, 6037, 6778, 0.640, 18.53, -79.21, 0.641, 19.98, -79.48, 0.004, 151.91, -17.85);
insert into SHOT values (6041, 6033, 6038, 6778, 11.900, 168.62, 28.49, 11.902, 168.65, 28.45, 0.010, 208.90, -39.72);
insert into SHOT values (6042, 6038, 6039, 6778, 6.200, 305.60, 21.96, 6.198, 305.65, 21.98, 0.006, 63.69, 13.42);
insert into SHOT values (6043, 6038, 6040, 6778, 5.140, 340.43, 42.35, 5.145, 340.47, 42.41, 0.008, 72.54, 71.22);
insert into SHOT values (6044, 6038, 6041, 6778, 1.210, 49.86, -86.41, 1.203, 50.19, -86.28, 0.008, 60.91, 72.67);
insert into SHOT values (6045, 6038, 6042, 6778, 15.430, 212.77, -6.17, 15.421, 212.78, -6.18, 0.010, 20.29, -9.31);
insert into SHOT values (6046, 6042, 6043, 6778, 17.860, 87.60, 8.95, 17.863, 87.63, 8.95, 0.009, 161.57, 9.04);
insert into SHOT values (6047, 6042, 6044, 6778, 9.240, 303.26, 26.42, 9.240, 303.21, 26.48, 0.012, 183.94, 46.21);
insert into SHOT values (6048, 6042, 6045, 6778, 10.720, 230.18, 78.81, 10.725, 230.05, 78.78, 0.009, 195.51, 25.17);
insert into SHOT values (6049, 6042, 6046, 6778, 0.640, 324.57, -83.37, 0.634, 326.31, -83.47, 0.006, 94.23, 63.56);
insert into SHOT values (6050, 6042, 6047, 6778, 16.780, 341.50, 25.54, 16.777, 341.47, 25.57, 0.011, 216.63, 28.87);
insert into SHOT values (6051, 6042, 6048, 6778, 11.980, 150.79, -3.97, 11.986, 150.82, -3.97, 0.009, 195.48, -3.73);
insert into SHOT values (6052, 6042, 6049, 6778, 14.680, 204.91, -16.13, 14.678, 204.91, -16.10, 0.008, 304.91, 87.69);
insert into SHOT values (6053, 6042, 6050, 6778, 38.550, 43.48, 67.18, 38.555, 43.51, 67.19, 0.012, 166.47, 39.37);
insert into SHOT values (6054, 6042, 6051, 6778, 20.890, 321.92, 28.44, 20.885, 321.90, 28.45, 0.009, 184.81, 8.62);
insert into SHOT values (6055, 6051, 6052, 6778, 6.880, 198.12, 0.96, 6.873, 198.14, 1.00, 0.009, 355.91, 30.90);
insert into SHOT values (6056, 6051, 6053, 6778, 1.100, 12.30, 18.17, 1.110, 12.06, 18.38, 0.012, 343.32, 37.09);
insert into SHOT values (6057, 6051, 6054, 6778, 3.000, 220.21, 88.53, 3.001, 225.00, 88.65, 0.009, 357.94, 6.42);
insert into SHOT values (6058, 6051, 6055, 6778, 1.180, 163.45, -70.13, 1.178, 163.86, -70.38, 0.006, 316.36, -2.33);
insert into SHOT values (6059, 6051, 6056, 6778, 24.950, 276.76, 32.21, 24.948, 276.77, 32.22, 0.006, 33.98, 9.70);
insert into SHOT values (6060, 6042, 6057, 6778, 29.410, 173.53, -7.43, 29.412, 173.54, -7.42, 0.007, 246.57, 25.06);
insert into SHOT values (6061, 6057, 6058, 6778, 7.630, 68.66, 5.25, 7.631, 68.70, 5.26, 0.006, 149.09, 17.81);
insert into SHOT values (6062, 6057, 6059, 6778, 6.690, 246.44, 20.08, 6.682, 246.42, 20.13, 0.010, 81.04, 17.79);
insert into SHOT values (6063, 6057, 6060, 6778, 6.920, 180.79, 89.15, 6.921, 180.00, 89.17, 0.003, 28.14, 14.24);
insert into SHOT values (6064, 6057, 6061, 6778, 0.410, 177.01, -83.33, 0.413, 168.69, -82.91, 0.008, 108.01, -19.35);
insert into SHOT values (6065, 6057, 6062, 6778, 15.540, 290.19, -8.46, 15.533, 290.18, -8.48, 0.009, 128.09, -24.83);
insert into SHOT values (6066, 6057, 6063, 6778, 20.070, 119.20, 2.33, 20.073, 119.19, 2.34, 0.007, 56.66, 34.45);
insert into SHOT values (6067, 6063, 6064, 6778, 5.100, 15.85, 3.77, 5.094, 15.87, 3.71, 0.008, 178.92, -44.21);
insert into SHOT values (6068, 6063, 6065, 6778, 1.090, 173.44, 8.43, 1.098, 173.66, 8.38, 0.009, 199.79, 1.25);
insert into SHOT values (6069, 6063, 6066, 6778, 1.030, 359.77, 77.50, 1.024, 0.00, 77.59, 0.006, 163.02, -61.25);
insert into SHOT values (6070, 6063, 6067, 6778, 0.320, 164.80, -83.61, 0.323, 165.96, -82.66, 0.006, 173.29, -19.32);
insert into SHOT values (6071, 6063, 6068, 6778, 8.180, 52.71, -4.46, 8.181, 52.72, -4.49, 0.004, 114.27, -62.26);
insert into SHOT values (6072, 6068, 6069, 6778, 0.500, 354.06, 4.85, 0.494, 354.17, 4.64, 0.006, 164.28, -21.58);
insert into SHOT values (6073, 6068, 6070, 6778, 7.440, 168.00, 21.20, 7.444, 168.03, 21.18, 0.006, 203.16, -5.03);
insert into SHOT values (6074, 6068, 6071, 6778, 2.290, 77.18, 81.44, 2.295, 78.02, 81.55, 0.008, 202.72, 42.06);
insert into SHOT values (6075, 6068, 6072, 6778, 1.520, 22.64, -86.07, 1.523, 23.96, -86.29, 0.007, 180.95, -30.16);
insert into SHOT values (6076, 6068, 6073, 6778, 12.550, 125.16, 11.26, 12.549, 125.18, 11.26, 0.003, 233.02, -8.88);
insert into SHOT values (6077, 6073, 6074, 6778, 1.840, 105.89, 9.03, 1.843, 105.95, 9.05, 0.004, 137.75, 19.94);
insert into SHOT values (6078, 6073, 6075, 6778, 3.650, 229.83, -11.43, 3.648, 229.76, -11.38, 0.006, 120.62, 37.15);
insert into SHOT values (6079, 6073, 6076, 6778, 2.380, 244.37, 79.54, 2.380, 244.03, 79.50, 0.003, 187.87, -8.17);
insert into SHOT values (6080, 6073, 6077, 6778, 0.930, 330.61, -82.61, 0.927, 329.04, -82.78, 0.005, 197.07, 27.24);
insert into SHOT values (6081, 6073, 6078, 6778, 14.560, 201.03, -10.29, 14.558, 201.03, -10.29, 0.002, 29.58, 24.84);
insert into SHOT values (6082, 6073, 6079, 6778, 21.020, 3.62, 11.02, 21.019, 3.61, 11.03, 0.004, 245.47, 33.81);
insert into SHOT values (6083, 6079, 6080, 6778, 6.420, 158.30, -1.76, 6.421, 158.23, -1.78, 0.008, 73.21, -20.20);
insert into SHOT values (6084, 6079, 6081, 6778, 1.510, 148.03, 61.78, 1.512, 148.08, 61.61, 0.005, 155.56, -6.30);
insert into SHOT values (6085, 6079, 6082, 6778, 2.110, 174.60, -83.73, 2.113, 175.03, -83.73, 0.003, 250.98, -55.77);
insert into SHOT values (6086, 6079, 6083, 6778, 9.300, 216.24, -19.74, 9.297, 216.22, -19.74, 0.005, 88.75, 12.91);
insert into SHOT values (6087, 6079, 6084, 6778, 34.480, 105.72, 22.15, 34.479, 105.72, 22.15, 0.003, 339.82, -1.89);
insert into SHOT values (6088, 6084, 6085, 6778, 4.610, 36.21, 2.35, 4.610, 36.35, 2.36, 0.011, 125.92, 5.03);
insert into SHOT values (6089, 6084, 6086, 6778, 1.510, 196.27, -0.54, 1.510, 196.15, -0.38, 0.005, 100.05, 53.98);
insert into SHOT values (6090, 6084, 6087, 6778, 2.140, 83.45, 71.29, 2.146, 83.39, 71.11, 0.009, 78.06, 20.66);
insert into SHOT values (6091, 6084, 6088, 6778, 0.970, 109.41, -72.91, 0.974, 110.32, -72.80, 0.006, 167.75, -27.71);
insert into SHOT values (6092, 6073, 6089, 6778, 9.060, 205.20, -11.92, 9.057, 205.18, -11.92, 0.005, 77.57, 16.22);
insert into SHOT values (6093, 6089, 6090, 6778, 4.240, 164.19, 20.60, 4.240, 164.21, 20.57, 0.003, 226.53, -44.89);
insert into SHOT values (6094, 6089, 6091, 6778, 8.980, 147.69, 24.56, 8.982, 147.75, 24.54, 0.009, 218.25, -15.57);
insert into SHOT values (6095, 6089, 6092, 6778, 4.700, 320.88, 10.60, 4.699, 320.80, 10.55, 0.008, 231.10, -34.61);
insert into SHOT values (6096, 6089, 6093, 6778, 1.910, 110.40, 86.12, 1.914, 112.62, 86.11, 0.007, 192.95, 40.76);
insert into SHOT values (6097, 6089, 6094, 6778, 0.740, 85.18, -81.31, 0.738, 84.81, -81.40, 0.002, 293.24, 44.44);
insert into SHOT values (6098, 6089, 6095, 6778, 20.780, 234.24, -23.33, 20.785, 234.25, -23.33, 0.006, 277.03, -5.16);
insert into SHOT values (6099, 6095, 6096, 6778, 1.010, 132.17, -3.58, 1.014, 132.20, -3.39, 0.005, 138.56, 35.05);
insert into SHOT values (6100, 6095, 6097, 6778, 1.850, 312.34, 1.15, 1.841, 312.36, 1.25, 0.010, 128.85, 17.31);
insert into SHOT values (6101, 6095, 6098, 6778, 0.700, 282.08, 70.76, 0.697, 280.30, 71.28, 0.010, 146.10, -5.17);
insert into SHOT values (6102, 6095, 6099, 6778, 0.700, 307.94, -82.02, 0.696, 310.60, -82.39, 0.007, 87.84, 25.86);
insert into SHOT values (6103, 6095, 6100, 6778, 7.020, 224.52, 5.91, 7.016, 224.48, 5.89, 0.007, 102.32, -24.80);
insert into SHOT values (6104, 6100, 6101, 6778, 2.240, 139.16, 5.14, 2.242, 139.18, 5.12, 0.003, 154.27, -15.80);
insert into SHOT values (6105, 6100, 6102, 6778, 3.450, 321.01, 10.13, 3.453, 320.97, 10.18, 0.005, 274.89, 45.40);
insert into SHOT values (6106, 6100, 6103, 6778, 2.840, 294.08, 85.30, 2.840, 292.25, 85.20, 0.009, 236.75, -2.86);
insert into SHOT values (6107, 6100, 6104, 6778, 0.860, 14.25, -73.41, 0.857, 14.04, -73.21, 0.005, 347.57, 63.93);
insert into SHOT values (6108, 6100, 6105, 6778, 6.850, 220.49, -26.91, 6.855, 220.49, -26.89, 0.006, 219.96, 2.36);
insert into SHOT values (6109, 6105, 6106, 6778, 2.270, 97.71, 0.78, 2.270, 97.59, 0.76, 0.005, 9.18, -11.16);
insert into SHOT values (6110, 6105, 6107, 6778, 1.080, 271.12, 21.80, 1.077, 271.15, 21.80, 0.003, 81.17, -22.48);
insert into SHOT values (6111, 6105, 6108, 6778, 2.530, 27.04, 86.51, 2.535, 26.57, 86.46, 0.005, 359.68, 58.97);
insert into SHOT values (6112, 6105, 6109, 6778, 1.140, 115.84, -77.26, 1.139, 115.56, -77.06, 0.004, 96.48, 27.22);
insert into SHOT values (6113, 6105, 6110, 6778, 10.850, 148.65, -24.19, 10.846, 148.64, -24.16, 0.006, 18.89, 67.50);
insert into SHOT values (6114, 6105, 6111, 6778, 10.810, 107.91, -13.14, 10.812, 107.92, -13.10, 0.009, 130.69, 60.76);
insert into SHOT values (6115, 6105, 6112, 6778, 7.210, 136.66, -49.88, 7.208, 136.66, -49.85, 0.004, 126.44, 65.15);
insert into SHOT values (6116, 6057, 6113, 6778, 11.660, 271.87, 1.71, 11.651, 271.87, 1.72, 0.009, 92.12, 13.44);
insert into SHOT values (6117, 6113, 6114, 6778, 1.000, 177.07, 8.83, 1.003, 177.11, 8.60, 0.005, 189.22, -47.73);
insert into SHOT values (6118, 6113, 6115, 6778, 4.040, 351.05, -0.47, 4.040, 351.03, -0.43, 0.004, 245.84, 62.23);
insert into SHOT values (6119, 6113, 6116, 6778, 3.640, 328.11, 63.50, 3.643, 328.07, 63.49, 0.003, 296.52, 47.89);
insert into SHOT values (6120, 6113, 6117, 6778, 1.170, 328.88, -84.46, 1.176, 329.04, -84.31, 0.007, 333.84, -56.05);
insert into SHOT values (6121, 6113, 6118, 6778, 9.250, 282.28, -15.21, 9.259, 282.28, -15.22, 0.009, 280.57, -20.83);
insert into SHOT values (6122, 6118, 6119, 6778, 2.690, 190.00, 10.19, 2.693, 190.00, 10.27, 0.005, 185.48, 57.00);
insert into SHOT values (6123, 6118, 6120, 6778, 1.870, 320.73, 6.51, 1.867, 320.91, 6.46, 0.007, 74.85, -17.86);
insert into SHOT values (6124, 6118, 6121, 6778, 5.580, 225.75, 72.53, 5.578, 225.73, 72.51, 0.003, 184.47, -67.24);
insert into SHOT values (6125, 6118, 6122, 6778, 1.290, 202.79, -70.77, 1.291, 202.31, -70.94, 0.005, 69.56, -22.03);
insert into SHOT values (6126, 6118, 6123, 6778, 17.650, 256.84, -24.03, 17.645, 256.83, -24.05, 0.007, 88.93, -20.87);
insert into SHOT values (6127, 6123, 6124, 6778, 1.610, 184.70, -1.60, 1.616, 184.62, -1.42, 0.008, 162.80, 38.08);
insert into SHOT values (6128, 6123, 6125, 6778, 5.060, 10.42, 3.82, 5.054, 10.40, 3.86, 0.007, 209.67, 24.57);
insert into SHOT values (6129, 6123, 6126, 6778, 5.730, 351.58, 82.46, 5.739, 351.54, 82.51, 0.010, 178.53, 68.41);
insert into SHOT values (6130, 6123, 6127, 6778, 0.910, 21.13, -83.69, 0.905, 18.43, -83.98, 0.008, 241.47, 33.07);
insert into SHOT values (6131, 6123, 6128, 6778, 10.350, 274.89, 33.53, 10.354, 274.85, 33.53, 0.007, 213.99, 24.04);
insert into SHOT values (6132, 6128, 6129, 6778, 3.070, 179.58, -1.23, 3.071, 179.63, -1.12, 0.006, 252.46, 66.05);
insert into SHOT values (6133, 6128, 6130, 6778, 5.570, 9.49, -4.31, 5.573, 9.53, -4.32, 0.005, 67.40, -16.94);
insert into SHOT values (6134, 6128, 6131, 6778, 7.460, 31.57, 72.97, 7.456, 31.50, 72.99, 0.005, 249.00, -35.06);
insert into SHOT values (6135, 6128, 6132, 6778, 3.300, 149.74, -77.62, 3.297, 149.45, -77.59, 0.005, 72.38, 41.87);
insert into SHOT values (6136, 6128, 6133, 6778, 6.410, 260.90, -3.18, 6.410, 260.92, -3.13, 0.006, 349.26, 67.85);
insert into SHOT values (6137, 6133, 6134, 6778, 3.540, 179.07, 2.35, 3.543, 179.03, 2.26, 0.007, 143.04, -50.10);
insert into SHOT values (6138, 6133, 6135, 6778, 3.010, 345.15, 1.51, 3.011, 345.18, 1.52, 0.002, 36.99, 19.44);
insert into SHOT values (6139, 6133, 6136, 6778, 4.840, 219.05, 82.99, 4.836, 218.81, 82.99, 0.005, 120.90, -56.97);
insert into SHOT values (6140, 6133, 6137, 6778, 1.330, 58.78, -84.75, 1.336, 61.39, -84.62, 0.009, 117.45, -39.88);
insert into SHOT values (6141, 6133, 6138, 6778, 4.280, 239.09, -20.17, 4.282, 239.16, -20.22, 0.006, 320.86, -41.05);
insert into SHOT values (6142, 6138, 6139, 6778, 1.730, 173.04, 5.62, 1.731, 173.00, 5.64, 0.002, 126.15, 18.86);
insert into SHOT values (6143, 6138, 6140, 6778, 7.260, 336.43, -2.71, 7.254, 336.41, -2.69, 0.008, 181.64, 25.36);
insert into SHOT values (6144, 6138, 6141, 6778, 7.830, 305.13, 74.75, 7.824, 305.08, 74.79, 0.008, 139.44, -32.42);
insert into SHOT values (6145, 6138, 6142, 6778, 1.160, 181.71, -65.90, 1.164, 181.19, -65.63, 0.008, 147.73, -8.17);
insert into SHOT values (6146, 6138, 6143, 6778, 22.670, 291.71, 16.56, 22.659, 291.70, 16.56, 0.012, 133.76, -6.83);
insert into SHOT values (6147, 6138, 6144, 6778, 26.610, 253.80, -32.44, 26.604, 253.78, -32.44, 0.008, 127.51, 28.48);
insert into SHOT values (6148, 6144, 6145, 6778, 3.830, 169.46, -6.14, 3.827, 169.40, -6.15, 0.005, 42.22, -3.92);
insert into SHOT values (6149, 6144, 6146, 6778, 3.000, 336.30, 5.88, 2.997, 336.27, 5.74, 0.008, 191.18, -70.60);
insert into SHOT values (6150, 6144, 6147, 6778, 5.620, 258.00, 82.17, 5.613, 257.96, 82.15, 0.008, 233.31, -79.83);
insert into SHOT values (6151, 6144, 6148, 6778, 1.100, 2.44, -80.33, 1.106, 3.01, -80.10, 0.008, 21.57, -44.13);
insert into SHOT values (6152, 6144, 6149, 6778, 14.520, 248.08, -38.20, 14.524, 248.09, -38.19, 0.004, 266.33, -9.40);
insert into SHOT values (6153, 6149, 6150, 6778, 2.780, 336.77, -1.73, 2.775, 336.86, -1.86, 0.009, 119.97, -41.26);
insert into SHOT values (6154, 6149, 6151, 6778, 3.480, 137.15, -1.19, 3.482, 137.10, -1.32, 0.009, 78.69, -63.20);
insert into SHOT values (6155, 6149, 6152, 6778, 25.720, 94.19, 84.68, 25.721, 94.09, 84.68, 0.005, 21.43, 9.87);
insert into SHOT values (6156, 6149, 6153, 6778, 7.520, 255.81, -46.01, 7.517, 255.80, -46.03, 0.004, 84.67, 5.59);
insert into SHOT values (6157, 6149, 6154, 6778, 13.760, 191.90, -31.59, 13.761, 191.87, -31.60, 0.007, 97.21, -15.99);
insert into SURVEY values (6780, 71, 'jetstream_chandelier', 'jetstream_chandelier.clearwater_master', NULL);
 insert into CENTRELINE values (6781, 6780, NULL, NULL, NULL, 0.00, 0.00, 0.00);
 insert into CENTRELINE values (6782, 6780, NULL, '2017-04-19', NULL, 97.95, 0.00, 0.00);
 insert into SHOT values (6158, 6155, 6156, 6782, 6.180, 310.19, -15.35, 6.176, 310.16, -15.40, 0.008, 156.45, -32.55);
insert into SHOT values (6159, 6155, 6157, 6782, 10.990, 56.54, -18.96, 10.988, 56.54, -18.96, 0.002, 241.92, 28.53);
insert into SHOT values (6160, 6155, 6158, 6782, 11.000, 334.14, 71.94, 10.998, 334.19, 72.00, 0.012, 139.43, 9.68);
insert into SHOT values (6161, 6155, 6159, 6782, 1.640, 323.85, -63.59, 1.638, 323.45, -63.84, 0.009, 178.04, -7.32);
insert into SHOT values (6162, 6155, 6160, 6782, 23.990, 0.64, -22.98, 23.987, 0.65, -22.99, 0.007, 145.51, -34.92);
insert into SHOT values (6163, 6160, 6161, 6782, 2.860, 356.69, -6.12, 2.860, 356.78, -6.02, 0.007, 76.01, 48.66);
insert into SHOT values (6164, 6160, 6162, 6782, 4.400, 138.96, 5.54, 4.401, 138.89, 5.61, 0.008, 54.65, 43.31);
insert into SHOT values (6165, 6160, 6163, 6782, 14.040, 51.15, 81.12, 14.048, 51.18, 81.12, 0.009, 76.98, 75.20);
insert into SHOT values (6166, 6160, 6164, 6782, 0.630, 106.13, -82.56, 0.625, 104.04, -82.42, 0.006, 31.53, 56.36);
insert into SHOT values (6167, 6160, 6165, 6782, 13.930, 105.60, 39.51, 13.934, 105.60, 39.54, 0.008, 275.81, 80.30);
insert into SHOT values (6168, 6165, 6166, 6782, 11.750, 315.99, 2.97, 11.749, 316.00, 2.98, 0.003, 79.01, 23.16);
insert into SHOT values (6169, 6165, 6167, 6782, 1.610, 93.13, 9.59, 1.615, 93.24, 9.62, 0.006, 124.29, 16.80);
insert into SHOT values (6170, 6165, 6168, 6782, 7.500, 320.40, 80.91, 7.493, 320.51, 80.95, 0.008, 119.41, -43.80);
insert into SHOT values (6171, 6165, 6169, 6782, 2.220, 323.31, -60.51, 2.227, 323.55, -60.58, 0.009, 38.86, -58.25);
insert into SHOT values (6172, 6165, 6170, 6782, 5.830, 355.76, 18.66, 5.830, 355.74, 18.61, 0.006, 314.24, -66.96);
insert into SHOT values (6173, 6165, 6171, 6782, 5.910, 355.60, 19.43, 5.911, 355.58, 19.36, 0.007, 321.27, -57.23);
insert into SHOT values (6174, 6171, 6172, 6782, 5.510, 293.46, -1.72, 5.507, 293.44, -1.66, 0.006, 138.95, 57.46);
insert into SHOT values (6175, 6171, 6173, 6782, 1.750, 94.28, 2.31, 1.756, 94.25, 2.28, 0.006, 85.48, -4.85);
insert into SHOT values (6176, 6171, 6174, 6782, 6.370, 243.19, 84.54, 6.369, 242.59, 84.52, 0.007, 171.77, -9.32);
insert into SHOT values (6177, 6171, 6175, 6782, 0.840, 234.46, -63.24, 0.837, 233.75, -63.62, 0.008, 91.15, 0.27);
insert into SHOT values (6178, 6171, 6176, 6782, 20.920, 3.97, -4.02, 20.921, 3.98, -4.00, 0.009, 73.40, 50.61);
insert into SHOT values (6179, 6176, 6177, 6782, 5.310, 248.46, 13.65, 5.312, 248.40, 13.61, 0.006, 183.61, -29.45);
insert into SHOT values (6180, 6176, 6178, 6782, 11.090, 72.66, 4.20, 11.090, 72.70, 4.19, 0.007, 159.16, -17.89);
insert into SHOT values (6181, 6176, 6179, 6782, 12.040, 336.48, 87.78, 12.039, 335.66, 87.81, 0.009, 206.91, -6.41);
insert into SHOT values (6182, 6176, 6180, 6782, 1.130, 341.10, -76.46, 1.132, 340.20, -76.42, 0.005, 266.06, -18.05);
insert into SHOT values (6183, 6176, 6181, 6782, 23.550, 349.64, 21.00, 23.543, 349.65, 21.01, 0.008, 153.01, 3.00);
insert into SHOT values (6184, 6181, 6182, 6782, 3.350, 265.69, 0.28, 3.359, 265.73, 0.17, 0.012, 280.47, -33.37);
insert into SHOT values (6185, 6181, 6183, 6782, 5.240, 105.67, 5.60, 5.239, 105.69, 5.59, 0.002, 218.84, -35.63);
insert into SHOT values (6186, 6181, 6184, 6782, 4.620, 340.54, 78.93, 4.617, 340.35, 78.86, 0.007, 308.82, -35.13);
insert into SHOT values (6187, 6181, 6185, 6782, 0.920, 297.96, -60.99, 0.927, 297.70, -60.85, 0.008, 277.83, -42.28);
insert into SHOT values (6188, 6181, 6186, 6782, 9.650, 27.58, 38.86, 9.644, 27.52, 38.86, 0.010, 267.51, -27.02);
insert into SHOT values (6189, 6181, 6187, 6782, 0.840, 321.76, -20.56, 0.845, 321.68, -20.79, 0.006, 305.37, -51.95);
insert into SHOT values (6190, 6181, 6188, 6782, 1.450, 82.39, -8.88, 1.451, 82.38, -9.12, 0.006, 359.56, -87.41);
insert into SHOT values (6191, 6181, 6189, 6782, 0.910, 59.07, 20.01, 0.907, 58.92, 19.99, 0.004, 278.26, -21.58);
insert into SHOT values (6192, 6181, 6190, 6782, 1.370, 90.01, -61.23, 1.374, 90.00, -61.76, 0.013, 270.70, -44.19);
insert into SURVEY values (6784, 71, 'ginpalace', 'ginpalace.clearwater_master', NULL);
 insert into CENTRELINE values (6785, 6784, NULL, NULL, NULL, 0.00, 0.00, 0.00);
 insert into CENTRELINE values (6786, 6784, 'ginpalace', '2017-04-18', NULL, 170.70, 0.00, 0.00);
 insert into SHOT values (6193, 6191, 6192, 6786, 15.660, 113.00, 20.00, 15.656, 113.01, 20.02, 0.007, 268.39, 34.49);
insert into SHOT values (6194, 6192, 6193, 6786, 25.130, 168.00, 8.90, 25.135, 167.98, 8.88, 0.012, 122.28, -39.46);
insert into SHOT values (6195, 6193, 6194, 6786, 8.350, 244.00, -7.70, 8.348, 244.05, -7.64, 0.012, 339.67, 48.09);
insert into SHOT values (6196, 6194, 6195, 6786, 9.840, 196.00, -2.90, 9.844, 196.00, -2.91, 0.004, 200.02, -31.67);
insert into SHOT values (6197, 6195, 6196, 6786, 12.940, 175.00, -0.60, 12.940, 174.99, -0.62, 0.005, 88.67, -63.24);
insert into SHOT values (6198, 6196, 6197, 6786, 9.470, 228.00, -4.30, 9.472, 228.00, -4.30, 0.003, 242.30, 1.10);
insert into SHOT values (6199, 6197, 6198, 6786, 5.470, 200.00, -11.70, 5.466, 199.99, -11.72, 0.004, 30.79, -11.03);
insert into SHOT values (6200, 6198, 6199, 6786, 5.230, 265.50, -11.80, 5.227, 265.40, -11.81, 0.009, 156.08, -3.05);
insert into SHOT values (6201, 6199, 6200, 6786, 2.290, 274.00, 2.80, 2.299, 274.00, 2.99, 0.012, 273.09, 44.36);
insert into SHOT values (6202, 6200, 6201, 6786, 2.930, 185.00, 29.00, 2.927, 184.93, 29.02, 0.004, 49.26, -6.35);
insert into SHOT values (6203, 6201, 6202, 6786, 13.150, 310.00, -37.00, 13.150, 310.02, -37.03, 0.008, 96.70, -50.38);
insert into SHOT values (6204, 6201, 6203, 6786, 5.980, 242.00, -25.90, 5.981, 242.05, -25.98, 0.010, 356.74, -55.42);
insert into SHOT values (6205, 6203, 6204, 6786, 4.960, 188.00, 5.50, 4.962, 188.03, 5.55, 0.006, 252.95, 56.81);
insert into SHOT values (6206, 6204, 6205, 6786, 40.000, 188.00, 13.50, 40.004, 187.99, 13.50, 0.005, 140.14, 24.25);
insert into SHOT values (6207, 6193, 6206, 6786, 9.300, 115.00, 37.90, 9.303, 114.99, 37.94, 0.007, 326.15, 76.94);
insert into SCRAPS values (6787, 6784, 'ginpalace_s0', 1, 89.28041, 6.73088);
 insert into MAPS values (6819, 6784, 'ginpalacePlan', 'Ginpalace, Clearwater Cave', 1, 170.700, 16.740);
 insert into MAPITEMS values (6819, 4, 6787);
 insert into SURVEY values (6821, 71, 'dadsarmy', 'dadsarmy.clearwater_master', NULL);
 insert into CENTRELINE values (6822, 6821, NULL, NULL, NULL, 0.00, 0.00, 0.00);
 insert into CENTRELINE values (6823, 6821, 'dadsarmy', '2017-04-17', NULL, 88.20, 0.00, 0.00);
 insert into SHOT values (6208, 6207, 6208, 6823, 9.140, 174.00, 28.00, 9.135, 173.95, 28.01, 0.009, 47.35, -6.32);
insert into SHOT values (6209, 6208, 6209, 6823, 5.900, 193.00, 3.90, 5.906, 193.05, 3.88, 0.008, 232.31, -9.88);
insert into SHOT values (6210, 6209, 6210, 6823, 9.900, 168.00, 29.00, 9.901, 168.00, 29.00, 0.001, 207.77, 35.40);
insert into SHOT values (6211, 6210, 6211, 6823, 12.400, 97.00, 40.00, 12.400, 96.95, 40.00, 0.008, 13.65, -4.13);
insert into SHOT values (6212, 6210, 6212, 6823, 6.700, 265.00, -21.80, 6.694, 265.01, -21.84, 0.008, 73.09, -13.74);
insert into SHOT values (6213, 6212, 6213, 6823, 6.300, 227.00, -20.00, 6.300, 226.98, -19.95, 0.005, 187.66, 61.66);
insert into SHOT values (6214, 6213, 6214, 6823, 6.330, 165.00, 8.00, 6.325, 165.01, 8.00, 0.005, 333.65, -10.21);
insert into SHOT values (6215, 6211, 6215, 6823, 5.000, 102.00, 36.00, 5.005, 102.11, 35.98, 0.010, 159.77, 6.40);
insert into SHOT values (6216, 6215, 6216, 6823, 11.430, 117.00, 38.00, 11.425, 116.96, 38.04, 0.011, 329.89, 15.90);
insert into SHOT values (6217, 6216, 6217, 6823, 15.100, 117.00, 38.00, 15.104, 117.02, 37.96, 0.013, 135.13, -29.94);
insert into SURVEY values (6825, 71, 'bodiceripper', 'bodiceripper.clearwater_master', NULL);
 insert into CENTRELINE values (6826, 6825, NULL, NULL, NULL, 0.00, 0.00, 0.00);
 insert into CENTRELINE values (6827, 6825, 'bodiceripper', '2017-04-18', NULL, 155.54, 0.00, 0.00);
 insert into SHOT values (6218, 6218, 6219, 6827, 8.990, 61.50, 5.60, 8.997, 61.52, 5.61, 0.008, 83.48, 20.80);
insert into SHOT values (6219, 6219, 6220, 6827, 11.400, 61.00, 48.70, 11.397, 60.98, 48.68, 0.005, 343.99, -61.70);
insert into SHOT values (6220, 6218, 6221, 6827, 19.740, 241.00, 16.70, 19.735, 240.98, 16.70, 0.008, 117.26, -18.08);
insert into SHOT values (6221, 6221, 6222, 6827, 6.570, 209.00, -2.30, 6.572, 209.06, -2.27, 0.008, 282.42, 25.92);
insert into SHOT values (6222, 6222, 6223, 6827, 5.610, 244.00, 13.50, 5.607, 244.00, 13.51, 0.003, 65.78, 6.62);
insert into SHOT values (6223, 6223, 6224, 6827, 8.260, 71.00, 22.20, 8.259, 71.00, 22.20, 0.001, 278.54, -42.70);
insert into SHOT values (6224, 6224, 6225, 6827, 5.700, 87.00, 2.30, 5.703, 86.98, 2.31, 0.003, 51.23, 22.10);
insert into SHOT values (6225, 6225, 6226, 6827, 13.500, 78.00, 26.00, 13.502, 78.01, 26.01, 0.004, 152.44, 32.75);
insert into SHOT values (6226, 6226, 6227, 6827, 7.370, 80.50, 13.20, 7.373, 80.46, 13.17, 0.007, 28.60, -24.27);
insert into SHOT values (6227, 6227, 6228, 6827, 7.760, 97.50, -9.30, 7.757, 97.51, -9.27, 0.005, 260.17, 58.06);
insert into SHOT values (6228, 6228, 6229, 6827, 5.370, 47.00, 8.30, 5.362, 46.99, 8.26, 0.009, 237.50, -35.09);
insert into SHOT values (6229, 6229, 6230, 6827, 1.340, 0.00, 90.00, 1.340, 90.00, 90.00, 0.000, 0.00, 81.62);
insert into SHOT values (6230, 6230, 6231, 6827, 8.000, 5.00, 6.30, 7.999, 5.05, 6.32, 0.007, 101.60, 16.64);
insert into SHOT values (6231, 6223, 6232, 6827, 3.650, 164.00, -43.00, 3.654, 163.94, -42.95, 0.006, 133.36, -6.96);
insert into SHOT values (6232, 6232, 6233, 6827, 6.700, 210.00, 23.00, 6.703, 210.06, 23.01, 0.007, 279.98, 18.16);
insert into SHOT values (6233, 6233, 6234, 6827, 3.620, 162.00, -11.60, 3.619, 161.92, -11.64, 0.005, 59.22, -23.19);
insert into SHOT values (6234, 6234, 6235, 6827, 6.120, 155.00, -48.70, 6.122, 154.96, -48.71, 0.004, 75.44, -36.54);
insert into SHOT values (6235, 6223, 6236, 6827, 6.000, 320.00, 38.00, 5.997, 319.98, 37.98, 0.004, 204.24, -62.21);
insert into SHOT values (6236, 6236, 6237, 6827, 7.070, 282.50, -2.10, 7.072, 282.50, -2.11, 0.003, 289.78, -21.47);
insert into SHOT values (6237, 6237, 6238, 6827, 12.770, 273.00, -35.00, 12.762, 273.02, -35.00, 0.008, 67.87, 34.18);
insert into SURVEY values (6829, 71, 'leftovers', 'leftovers.clearwater_master', NULL);
 insert into CENTRELINE values (6830, 6829, NULL, NULL, NULL, 0.00, 0.00, 0.00);
 insert into CENTRELINE values (6831, 6829, 'leftovers', '2017-04-18', NULL, 81.07, 0.00, 0.00);
 insert into SHOT values (6238, 6239, 6240, 6831, 27.670, 325.00, -11.50, 27.674, 324.99, -11.51, 0.009, 263.29, -24.09);
insert into SHOT values (6239, 6240, 6241, 6831, 7.060, 345.00, 20.90, 7.058, 345.06, 20.92, 0.007, 96.07, 11.42);
insert into SHOT values (6240, 6241, 6242, 6831, 14.540, 325.00, 6.60, 14.542, 324.98, 6.59, 0.006, 254.30, -11.79);
insert into SHOT values (6241, 6242, 6243, 6831, 7.560, 350.00, 5.00, 7.564, 349.99, 5.01, 0.004, 325.17, 15.87);
insert into SHOT values (6242, 6240, 6244, 6831, 8.970, 91.00, -27.00, 8.977, 91.00, -26.96, 0.009, 93.31, 14.45);
insert into SHOT values (6243, 6244, 6245, 6831, 15.270, 36.00, -28.30, 15.271, 35.98, -28.30, 0.004, 316.53, -9.70);
insert into SURVEY values (6833, 71, 'hospitalramp', 'hospitalramp.clearwater_master', NULL);
 insert into CENTRELINE values (6834, 6833, NULL, NULL, NULL, 0.00, 0.00, 0.00);
 insert into CENTRELINE values (6835, 6833, 'hospitalramp', '2017-04-22', NULL, 95.40, 0.00, 0.00);
 insert into SHOT values (6244, 6246, 6247, 6835, 27.000, 215.00, -47.00, 26.998, 214.98, -46.98, 0.009, 163.64, 45.53);
insert into SHOT values (6245, 6246, 6248, 6835, 11.000, 106.00, 47.00, 11.010, 106.00, 46.98, 0.010, 104.13, 29.85);
insert into SHOT values (6246, 6248, 6249, 6835, 17.660, 188.00, 13.80, 17.666, 188.01, 13.79, 0.008, 205.26, -18.72);
insert into SHOT values (6247, 6249, 6250, 6835, 5.190, 195.00, -23.40, 5.188, 194.97, -23.39, 0.003, 73.14, 22.31);
insert into SHOT values (6248, 6250, 6251, 6835, 4.550, 115.00, -2.90, 4.551, 114.99, -2.90, 0.002, 74.09, 6.87);
insert into SHOT values (6249, 6247, 6252, 6835, 3.000, 115.00, 0.00, 3.002, 115.03, 0.00, 0.002, 153.35, 0.00);
insert into SHOT values (6250, 6252, 6253, 6835, 27.000, 215.00, -50.00, 27.000, 215.00, -50.02, 0.011, 34.70, -40.26);
insert into SURVEY values (6837, 71, 'quatermass', 'quatermass.clearwater_master', NULL);
 insert into CENTRELINE values (6838, 6837, NULL, NULL, NULL, 0.00, 0.00, 0.00);
 insert into CENTRELINE values (6839, 6837, 'quatermass', '2017-04-22', NULL, 80.26, 0.00, 25.60);
 insert into SHOT values (6251, 6254, 6255, 6839, 25.600, 302.00, -26.40, 25.601, 301.99, -26.39, 0.005, 254.01, 32.15);
insert into SHOT_FLAG values(6251, 'dpl');
insert into SHOT values (6252, 6255, 6256, 6839, 8.180, 25.00, -11.70, 8.183, 25.03, -11.70, 0.005, 84.82, -13.95);
insert into SHOT values (6253, 6256, 6257, 6839, 6.770, 354.00, -33.00, 6.774, 354.04, -33.01, 0.006, 46.58, -30.16);
insert into SHOT values (6254, 6257, 6258, 6839, 3.140, 20.00, -2.60, 3.132, 20.00, -2.56, 0.008, 200.48, 16.74);
insert into SHOT values (6255, 6258, 6259, 6839, 22.120, 48.00, 25.40, 22.121, 48.00, 25.40, 0.002, 122.92, 68.51);
insert into SHOT values (6256, 6259, 6260, 6839, 3.490, 42.00, 5.30, 3.492, 41.85, 5.26, 0.009, 324.89, -14.49);
insert into SHOT values (6257, 6260, 6261, 6839, 5.000, 0.00, -90.00, 5.000, 90.00, -90.00, 0.000, 0.00, 0.00);
insert into SHOT values (6258, 6258, 6262, 6839, 4.890, 258.00, 0.40, 4.895, 258.09, 0.35, 0.010, 313.69, -23.22);
insert into SHOT values (6259, 6262, 6263, 6839, 6.670, 265.00, 32.10, 6.666, 264.92, 32.18, 0.013, 130.60, 25.67);
insert into SHOT values (6260, 6263, 6264, 6839, 20.000, 0.00, -90.00, 20.000, 90.00, -90.00, 0.000, 0.00, 0.00);
insert into SURVEY values (6841, 71, 'baba_yaga', 'baba_yaga.clearwater_master', NULL);
 insert into CENTRELINE values (6842, 6841, NULL, NULL, NULL, 0.00, 0.00, 0.00);
 insert into CENTRELINE values (6843, 6841, NULL, '2005-07-02', NULL, 528.83, 0.00, 0.00);
 insert into SHOT values (6261, 6265, 6266, 6843, 0.720, 72.02, -2.49, 0.725, 72.32, -2.37, 0.006, 109.38, 11.75);
insert into SHOT values (6262, 6265, 6267, 6843, 0.730, 230.30, -9.41, 0.727, 230.09, -9.50, 0.004, 89.64, -8.95);
insert into SHOT values (6263, 6265, 6268, 6843, 0.630, 158.68, 75.05, 0.631, 158.20, 75.17, 0.002, 32.97, 38.39);
insert into SHOT values (6264, 6265, 6269, 6843, 1.190, 119.54, -82.37, 1.191, 119.74, -82.22, 0.003, 129.63, -9.25);
insert into SHOT values (6265, 6265, 6270, 6843, 4.590, 334.74, -8.47, 4.594, 334.73, -8.39, 0.008, 327.18, 50.74);
insert into SHOT values (6266, 6270, 6271, 6843, 1.100, 226.40, 4.67, 1.100, 226.11, 4.69, 0.006, 134.94, 4.53);
insert into SHOT values (6267, 6270, 6272, 6843, 0.630, 68.94, 3.39, 0.630, 69.55, 2.73, 0.010, 152.57, -47.06);
insert into SHOT values (6268, 6270, 6273, 6843, 0.900, 213.38, 82.00, 0.899, 208.61, 81.99, 0.010, 121.24, -6.79);
insert into SHOT values (6269, 6270, 6274, 6843, 2.120, 182.70, -78.39, 2.124, 182.66, -78.31, 0.005, 178.53, -41.41);
insert into SHOT values (6270, 6270, 6275, 6843, 8.900, 340.76, -63.50, 8.904, 340.88, -63.53, 0.010, 85.73, -30.52);
insert into SHOT values (6271, 6275, 6276, 6843, 6.420, 154.66, 5.28, 6.419, 154.72, 5.27, 0.007, 248.90, -6.95);
insert into SHOT values (6272, 6275, 6277, 6843, 3.710, 312.73, -4.97, 3.708, 312.59, -4.95, 0.010, 212.38, 8.55);
insert into SHOT values (6273, 6275, 6278, 6843, 6.260, 172.52, 81.54, 6.259, 172.57, 81.48, 0.007, 179.09, -15.33);
insert into SHOT values (6274, 6275, 6279, 6843, 0.700, 349.63, -79.57, 0.701, 345.96, -79.84, 0.009, 237.08, -10.36);
insert into SHOT values (6275, 6275, 6280, 6843, 4.940, 20.71, 16.13, 4.929, 20.66, 16.14, 0.012, 222.70, -11.31);
insert into SHOT values (6276, 6275, 6281, 6843, 18.950, 240.26, -42.39, 18.954, 240.25, -42.36, 0.012, 226.64, 28.40);
insert into SHOT values (6277, 6281, 6282, 6843, 6.270, 154.22, 22.63, 6.269, 154.19, 22.61, 0.004, 67.31, -38.04);
insert into SHOT values (6278, 6281, 6283, 6843, 3.230, 307.32, 30.75, 3.228, 307.53, 30.74, 0.010, 46.87, -8.12);
insert into SHOT values (6279, 6281, 6284, 6843, 17.340, 219.09, 85.96, 17.333, 219.03, 85.95, 0.007, 170.52, -75.16);
insert into SHOT values (6280, 6281, 6285, 6843, 0.460, 63.02, -72.33, 0.464, 61.70, -71.45, 0.009, 39.93, -11.10);
insert into SHOT values (6281, 6281, 6286, 6843, 3.300, 211.54, -43.19, 3.301, 211.58, -43.20, 0.002, 291.44, -42.41);
insert into SHOT values (6282, 6281, 6287, 6843, 16.790, 258.03, -4.42, 16.784, 258.03, -4.44, 0.009, 72.79, -43.54);
insert into SHOT values (6283, 6281, 6288, 6843, 4.210, 276.69, 7.88, 4.208, 276.75, 7.79, 0.009, 23.90, -57.55);
insert into SHOT values (6284, 6288, 6289, 6843, 8.180, 138.76, -33.93, 8.184, 138.76, -33.86, 0.010, 137.63, 34.30);
insert into SHOT values (6285, 6289, 6290, 6843, 28.670, 131.11, -4.43, 28.662, 131.11, -4.44, 0.010, 302.77, -34.07);
insert into SHOT values (6286, 6289, 6291, 6843, 53.310, 176.19, -0.60, 53.301, 176.19, -0.60, 0.010, 346.92, -10.42);
insert into SHOT values (6287, 6289, 6292, 6843, 39.760, 223.19, 6.63, 39.756, 223.19, 6.63, 0.005, 6.69, -7.03);
insert into SHOT values (6288, 6289, 6293, 6843, 18.040, 269.99, 14.71, 18.041, 270.00, 14.71, 0.003, 337.05, -14.23);
insert into SHOT values (6289, 6289, 6294, 6843, 20.750, 310.57, 30.49, 20.756, 310.56, 30.49, 0.008, 276.33, 12.45);
insert into SHOT values (6290, 6289, 6295, 6843, 58.480, 232.78, -2.23, 58.481, 232.79, -2.23, 0.010, 314.48, -26.06);
insert into SHOT values (6291, 6289, 6296, 6843, 33.090, 222.06, 56.34, 33.087, 222.08, 56.34, 0.008, 332.98, -15.79);
insert into SHOT values (6292, 6289, 6297, 6843, 54.580, 178.09, -77.60, 54.582, 178.09, -77.60, 0.005, 350.42, -40.37);
insert into SHOT values (6293, 6289, 6298, 6843, 7.320, 108.49, -78.24, 7.322, 108.43, -78.29, 0.007, 302.70, -32.09);
insert into SHOT values (6294, 6298, 6299, 6843, 49.540, 216.41, -7.01, 49.535, 216.41, -7.00, 0.008, 75.99, 48.59);
insert into SHOT values (6295, 6298, 6300, 6843, 2.400, 77.60, 10.84, 2.398, 77.50, 10.81, 0.005, 330.28, -17.14);
insert into SHOT values (6296, 6298, 6301, 6843, 6.350, 347.83, 88.12, 6.353, 348.69, 88.16, 0.006, 132.89, 32.59);
insert into SHOT values (6297, 6298, 6302, 6843, 56.870, 180.52, -64.81, 56.867, 180.52, -64.81, 0.004, 355.46, 22.98);
insert into SHOT values (6298, 6302, 6303, 6843, 18.840, 14.52, 29.44, 18.837, 14.51, 29.45, 0.005, 228.54, -1.00);
insert into SHOT values (6299, 6302, 6304, 6843, 28.020, 193.19, -15.99, 28.026, 193.20, -15.99, 0.006, 218.50, -12.59);
insert into SHOT values (6300, 6302, 6305, 6843, 68.560, 188.17, 85.88, 68.557, 188.16, 85.88, 0.005, 180.01, -33.57);
insert into SHOT values (6301, 6302, 6306, 6843, 2.590, 214.57, -77.80, 2.588, 214.56, -77.81, 0.002, 39.16, 59.41);
insert into SHOT values (6302, 6302, 6307, 6843, 16.200, 150.30, -15.04, 16.198, 150.31, -15.03, 0.004, 262.27, 68.45);
insert into SHOT values (6303, 6307, 6308, 6843, 13.460, 58.61, 18.39, 13.462, 58.64, 18.36, 0.010, 112.13, -41.26);
insert into SHOT values (6304, 6307, 6309, 6843, 15.750, 186.44, 3.16, 15.752, 186.42, 3.13, 0.010, 129.38, -58.58);
insert into SHOT values (6305, 6307, 6310, 6843, 45.470, 132.45, -10.75, 45.469, 132.45, -10.76, 0.009, 301.60, -75.04);
insert into SHOT values (6306, 6310, 6311, 6843, 33.860, 26.96, 5.70, 33.862, 26.97, 5.71, 0.009, 101.44, 54.87);
insert into SHOT values (6307, 6310, 6312, 6843, 22.450, 184.51, 3.50, 22.452, 184.50, 3.52, 0.010, 121.91, 75.88);
insert into SHOT values (6308, 6310, 6313, 6843, 30.040, 203.69, 73.58, 30.046, 203.67, 73.58, 0.007, 155.34, 49.83);
insert into SHOT values (6309, 6310, 6314, 6843, 0.990, 197.67, -62.78, 0.992, 196.46, -62.46, 0.011, 138.86, 1.84);
insert into SHOT values (6310, 6310, 6315, 6843, 19.440, 92.93, -9.49, 19.440, 92.93, -9.47, 0.005, 85.22, 77.82);
insert into SHOT values (6311, 6315, 6316, 6843, 26.850, 44.64, 0.74, 26.852, 44.65, 0.75, 0.007, 120.07, 27.27);
insert into SHOT values (6312, 6315, 6317, 6843, 15.220, 108.13, 70.53, 15.220, 108.15, 70.53, 0.002, 219.70, 10.49);
insert into SHOT values (6313, 6315, 6318, 6843, 19.280, 193.61, 52.07, 19.283, 193.61, 52.07, 0.003, 221.22, 54.95);
insert into SHOT values (6314, 6315, 6319, 6843, 28.840, 103.44, 7.78, 28.849, 103.45, 7.77, 0.012, 136.71, -19.17);
insert into SHOT values (6315, 6315, 6320, 6843, 24.690, 205.80, -11.69, 24.690, 205.79, -11.68, 0.005, 126.51, 35.14);
insert into SHOT values (6316, 6302, 6321, 6843, 0.180, 135.50, 15.03, 0.184, 137.29, 15.78, 0.007, 197.10, 27.86);
insert into SHOT values (6317, 6302, 6322, 6843, 17.480, 108.18, 11.71, 17.479, 108.18, 11.72, 0.003, 279.90, 51.85);
insert into SHOT values (6318, 6302, 6323, 6843, 19.530, 290.64, 2.67, 19.531, 290.62, 2.67, 0.008, 206.72, 1.71);
insert into SHOT values (6319, 6302, 6324, 6843, 9.300, 219.65, -33.74, 9.304, 219.60, -33.76, 0.009, 139.05, -32.04);
insert into SHOT values (6320, 6324, 6325, 6843, 23.130, 184.74, -9.14, 23.131, 184.75, -9.13, 0.005, 238.79, 50.32);
insert into SHOT values (6321, 6324, 6326, 6843, 19.020, 203.42, -21.69, 19.016, 203.45, -21.70, 0.009, 323.55, -3.15);
insert into SHOT values (6322, 6324, 6327, 6843, 18.570, 261.27, -23.43, 18.575, 261.29, -23.41, 0.011, 305.59, 20.61);
insert into SHOT values (6323, 6324, 6328, 6843, 37.790, 247.05, -36.05, 37.787, 247.06, -36.04, 0.011, 305.32, 55.55);
insert into SHOT values (6324, 6328, 6329, 6843, 10.380, 177.38, -5.91, 10.376, 177.39, -5.92, 0.005, 334.04, -15.10);
insert into SHOT values (6325, 6328, 6330, 6843, 2.950, 327.84, 0.66, 2.952, 327.87, 0.58, 0.005, 2.82, -54.86);
insert into SHOT values (6326, 6328, 6331, 6843, 3.280, 299.35, 81.68, 3.274, 299.29, 81.74, 0.007, 125.43, -50.35);
insert into SHOT values (6327, 6328, 6332, 6843, 1.060, 202.90, -81.30, 1.062, 201.80, -81.25, 0.004, 133.90, -33.51);
insert into SHOT values (6328, 6328, 6333, 6843, 36.880, 258.92, -40.18, 36.883, 258.91, -40.19, 0.008, 159.18, -45.37);
insert into SHOT values (6329, 6333, 6334, 6843, 6.040, 188.47, -2.98, 6.034, 188.49, -2.94, 0.007, 345.51, 32.67);
insert into SHOT values (6330, 6333, 6335, 6843, 4.030, 335.42, -9.85, 4.029, 335.44, -9.86, 0.002, 115.80, -18.15);
insert into SHOT values (6331, 6333, 6336, 6843, 5.150, 332.74, 62.58, 5.150, 332.68, 62.54, 0.004, 295.46, -19.00);
insert into SHOT values (6332, 6333, 6337, 6843, 0.710, 247.01, -78.23, 0.704, 248.96, -78.59, 0.009, 26.86, 34.57);
insert into SHOT values (6333, 6333, 6338, 6843, 22.390, 268.52, -35.52, 22.393, 268.52, -35.52, 0.003, 284.74, -32.56);
insert into SHOT values (6334, 6338, 6339, 6843, 13.570, 170.17, 2.19, 13.570, 170.15, 2.20, 0.005, 78.49, 15.96);
insert into SHOT values (6335, 6338, 6340, 6843, 23.080, 335.83, -7.12, 23.086, 335.83, -7.12, 0.006, 333.22, 6.41);
insert into SHOT values (6336, 6338, 6341, 6843, 28.910, 282.12, 65.98, 28.911, 282.12, 65.99, 0.007, 98.06, 31.50);
insert into SHOT values (6337, 6338, 6342, 6843, 2.150, 226.94, -69.00, 2.141, 227.12, -69.09, 0.010, 25.95, 46.87);
insert into SHOT values (6338, 6338, 6343, 6843, 56.840, 297.70, -18.05, 56.840, 297.70, -18.05, 0.002, 215.28, 46.31);
insert into SHOT values (6339, 6343, 6344, 6843, 43.900, 166.49, 1.87, 43.897, 166.49, 1.87, 0.004, 354.56, -45.11);
insert into SHOT values (6340, 6343, 6345, 6843, 17.290, 70.80, 2.29, 17.297, 70.78, 2.29, 0.010, 29.50, -5.09);
insert into SHOT values (6341, 6343, 6346, 6843, 18.350, 263.17, -5.18, 18.345, 263.18, -5.19, 0.007, 58.10, -27.36);
insert into SHOT values (6342, 6343, 6347, 6843, 17.210, 62.70, 0.35, 17.220, 62.69, 0.37, 0.011, 46.62, 26.24);
insert into SHOT values (6343, 6343, 6348, 6843, 19.210, 334.50, 65.82, 19.217, 334.57, 65.82, 0.012, 43.06, 26.35);
insert into SHOT values (6344, 6343, 6349, 6843, 1.990, 310.33, -54.78, 1.994, 310.76, -54.83, 0.010, 34.09, -26.09);
insert into SHOT values (6345, 6343, 6350, 6843, 46.470, 331.15, -0.59, 46.469, 331.15, -0.59, 0.002, 100.35, -45.59);
insert into SHOT values (6346, 6350, 6351, 6843, 8.390, 249.98, 22.96, 8.389, 250.02, 22.94, 0.006, 342.54, -29.71);
insert into SHOT values (6347, 6350, 6352, 6843, 9.080, 78.51, -10.85, 9.082, 78.49, -10.85, 0.004, 15.93, -11.90);
insert into SHOT values (6348, 6350, 6353, 6843, 25.100, 284.66, 83.48, 25.103, 284.82, 83.47, 0.009, 342.85, 14.43);
insert into SHOT values (6349, 6350, 6354, 6843, 1.780, 40.84, -75.47, 1.777, 40.46, -75.44, 0.004, 316.46, 46.03);
insert into SHOT values (6350, 6350, 6355, 6843, 16.090, 302.72, 16.74, 16.090, 302.73, 16.76, 0.007, 66.69, 58.14);
insert into SHOT values (6351, 6355, 6356, 6843, 5.640, 241.42, 19.15, 5.642, 241.42, 19.14, 0.002, 227.14, -5.11);
insert into SHOT values (6352, 6355, 6357, 6843, 15.320, 38.01, -6.50, 15.324, 37.98, -6.52, 0.010, 333.83, -36.63);
insert into SHOT values (6353, 6355, 6358, 6843, 20.600, 349.04, 69.54, 20.600, 349.03, 69.54, 0.001, 299.50, -23.52);
insert into SHOT values (6354, 6355, 6359, 6843, 0.880, 245.85, -66.24, 0.886, 247.01, -66.13, 0.009, 308.01, -29.18);
insert into SHOT values (6355, 6355, 6360, 6843, 39.220, 318.43, -6.14, 39.229, 318.43, -6.15, 0.010, 317.94, -32.03);
insert into SHOT values (6356, 6360, 6361, 6843, 12.070, 118.27, 5.98, 12.079, 118.27, 5.99, 0.009, 120.59, 16.22);
insert into SHOT values (6357, 6360, 6362, 6843, 16.670, 70.99, 24.90, 16.673, 71.01, 24.90, 0.007, 141.08, 11.23);
insert into SHOT values (6358, 6360, 6363, 6843, 9.980, 141.95, 65.46, 9.985, 141.94, 65.42, 0.008, 138.55, 10.56);
insert into SHOT values (6359, 6360, 6364, 6843, 11.900, 235.36, -18.41, 11.902, 235.35, -18.42, 0.003, 193.21, -41.21);
insert into SHOT values (6360, 6360, 6365, 6843, 9.170, 305.47, -17.48, 9.163, 305.45, -17.46, 0.008, 148.20, 34.74);
insert into SHOT values (6361, 6355, 6366, 6843, 9.080, 162.06, -0.07, 9.073, 162.02, -0.06, 0.009, 20.42, 6.86);
insert into SHOT values (6362, 6355, 6367, 6843, 18.690, 349.89, -15.86, 18.692, 349.88, -15.87, 0.005, 278.99, -28.62);
insert into SHOT values (6363, 6355, 6368, 6843, 23.660, 332.87, 82.86, 23.654, 332.91, 82.85, 0.007, 20.59, -65.67);
insert into SHOT values (6364, 6355, 6369, 6843, 1.140, 137.68, -62.62, 1.143, 137.35, -63.14, 0.011, 338.72, -43.20);
insert into SHOT values (6365, 6355, 6370, 6843, 25.850, 52.60, -34.96, 25.856, 52.59, -34.97, 0.008, 359.71, -72.41);
insert into SHOT values (6366, 6370, 6371, 6843, 6.420, 339.80, 2.87, 6.425, 339.76, 2.94, 0.011, 292.18, 53.00);
insert into SHOT values (6367, 6370, 6372, 6843, 4.630, 117.63, 3.96, 4.627, 117.62, 3.97, 0.003, 313.36, 4.75);
insert into SHOT values (6368, 6370, 6373, 6843, 9.000, 64.79, 82.75, 9.002, 65.01, 82.75, 0.005, 147.66, 23.63);
insert into SHOT values (6369, 6370, 6374, 6843, 0.350, 139.17, -55.82, 0.351, 139.09, -55.61, 0.002, 130.27, -13.49);
insert into SHOT values (6370, 6370, 6375, 6843, 22.600, 37.86, 25.41, 22.604, 37.86, 25.41, 0.004, 24.42, 36.01);
insert into SHOT values (6371, 6370, 6376, 6843, 22.410, 37.69, 25.30, 22.411, 37.70, 25.31, 0.005, 132.77, 35.81);
insert into SHOT values (6372, 6376, 6377, 6843, 2.400, 345.21, 18.85, 2.405, 345.23, 18.92, 0.006, 357.20, 49.05);
insert into SHOT values (6373, 6376, 6378, 6843, 2.380, 151.43, 11.39, 2.378, 151.57, 11.40, 0.006, 260.47, -0.17);
insert into SHOT values (6374, 6376, 6379, 6843, 3.910, 86.89, 81.31, 3.915, 86.12, 81.31, 0.009, 0.83, 31.57);
insert into SHOT values (6375, 6376, 6380, 6843, 1.060, 14.26, -53.06, 1.063, 13.60, -53.11, 0.008, 290.54, -20.62);
insert into SHOT values (6376, 6376, 6381, 6843, 13.560, 73.21, 13.77, 13.554, 73.18, 13.79, 0.011, 302.28, 12.86);
insert into SHOT values (6377, 6381, 6382, 6843, 2.880, 50.49, 7.02, 2.884, 50.53, 6.97, 0.005, 72.93, -21.96);
insert into SHOT values (6378, 6381, 6383, 6843, 1.730, 202.86, -4.81, 1.732, 202.85, -4.97, 0.005, 191.18, -72.86);
insert into SHOT values (6379, 6381, 6384, 6843, 5.250, 118.93, 73.33, 5.251, 118.94, 73.31, 0.003, 127.61, 14.83);
insert into SHOT values (6380, 6381, 6385, 6843, 0.900, 20.39, -60.70, 0.904, 21.32, -60.88, 0.009, 113.51, -35.75);
insert into SHOT values (6381, 6381, 6386, 6843, 11.900, 123.50, 24.51, 11.904, 123.51, 24.52, 0.005, 165.93, 39.74);
insert into SHOT values (6382, 6386, 6387, 6843, 4.400, 11.38, 10.60, 4.402, 11.47, 10.60, 0.007, 89.03, 5.29);
insert into SHOT values (6383, 6386, 6388, 6843, 2.510, 162.11, 12.21, 2.507, 161.93, 12.20, 0.008, 54.25, -6.18);
insert into SHOT values (6384, 6386, 6389, 6843, 10.780, 21.77, 80.39, 10.771, 21.86, 80.38, 0.009, 116.51, -71.89);
insert into SHOT values (6385, 6386, 6390, 6843, 0.250, 32.07, -76.72, 0.257, 30.96, -76.87, 0.007, 339.80, -77.98);
insert into SHOT values (6386, 6386, 6391, 6843, 27.250, 174.10, 56.78, 27.245, 174.08, 56.77, 0.009, 90.27, -50.76);
insert into SURVEY values (6845, 71, 'hall_of_the_three', 'hall_of_the_three.clearwater_master', NULL);
 insert into CENTRELINE values (6846, 6845, NULL, NULL, NULL, 0.00, 0.00, 0.00);
 insert into CENTRELINE values (6847, 6845, NULL, '2017-04-16', NULL, 173.00, 0.00, 0.00);
 insert into SHOT values (6387, 6392, 6393, 6847, 6.680, 217.72, 4.97, 6.684, 217.68, 4.98, 0.006, 165.97, 11.88);
insert into SHOT values (6388, 6392, 6394, 6847, 13.280, 19.04, 0.18, 13.276, 19.04, 0.17, 0.004, 213.92, -22.76);
insert into SHOT values (6389, 6392, 6395, 6847, 13.620, 16.63, 83.98, 13.615, 16.66, 83.97, 0.005, 41.94, -69.77);
insert into SHOT values (6390, 6392, 6396, 6847, 3.220, 197.40, -64.81, 3.217, 197.38, -64.75, 0.004, 184.25, 59.60);
insert into SHOT values (6391, 6392, 6397, 6847, 18.000, 170.45, -1.92, 17.999, 170.46, -1.91, 0.006, 277.03, 33.14);
insert into SHOT values (6392, 6392, 6398, 6847, 21.320, 345.25, -6.96, 21.315, 345.24, -6.95, 0.007, 198.96, 30.95);
insert into SHOT values (6393, 6398, 6399, 6847, 2.860, 266.67, 9.79, 2.855, 266.74, 9.68, 0.008, 44.09, -50.69);
insert into SHOT values (6394, 6398, 6400, 6847, 3.300, 66.36, 14.41, 3.301, 66.40, 14.38, 0.003, 128.77, -25.34);
insert into SHOT values (6395, 6398, 6401, 6847, 5.550, 3.59, 86.12, 5.543, 4.51, 86.06, 0.011, 51.35, -41.24);
insert into SHOT values (6396, 6398, 6402, 6847, 2.290, 237.72, -70.43, 2.293, 237.76, -70.41, 0.003, 256.86, -56.12);
insert into SHOT values (6397, 6398, 6403, 6847, 3.600, 334.04, 4.03, 3.600, 334.08, 3.98, 0.004, 57.87, -52.10);
insert into SHOT values (6398, 6403, 6404, 6847, 0.210, 256.55, 18.00, 0.205, 255.26, 16.98, 0.007, 129.87, -41.51);
insert into SHOT values (6399, 6403, 6405, 6847, 3.840, 88.85, 6.16, 3.843, 88.80, 6.12, 0.005, 41.05, -24.62);
insert into SHOT values (6400, 6403, 6406, 6847, 5.440, 140.81, 86.12, 5.442, 140.60, 86.18, 0.006, 333.84, 22.67);
insert into SHOT values (6401, 6403, 6407, 6847, 1.640, 95.62, -89.46, 1.640, 90.00, -89.30, 0.005, 71.85, -0.86);
insert into SHOT values (6402, 6403, 6408, 6847, 14.160, 354.82, -37.42, 14.158, 354.80, -37.40, 0.006, 270.25, 43.12);
insert into SHOT values (6403, 6408, 6409, 6847, 9.010, 218.62, -6.12, 9.010, 218.61, -6.18, 0.010, 110.46, -79.97);
insert into SHOT values (6404, 6408, 6410, 6847, 2.340, 39.06, -11.76, 2.345, 39.17, -11.81, 0.007, 79.78, -25.20);
insert into SHOT values (6405, 6408, 6411, 6847, 6.620, 205.72, 67.65, 6.618, 205.65, 67.63, 0.004, 129.94, -40.01);
insert into SHOT values (6406, 6408, 6412, 6847, 1.380, 205.76, -78.96, 1.385, 204.62, -79.01, 0.008, 112.41, -46.56);
insert into SHOT values (6407, 6408, 6413, 6847, 1.380, 218.38, -82.23, 1.383, 216.25, -82.27, 0.007, 122.68, -21.06);
insert into SHOT values (6408, 6408, 6414, 6847, 15.580, 272.23, -34.45, 15.577, 272.23, -34.49, 0.010, 89.36, -40.04);
insert into SHOT values (6409, 6414, 6415, 6847, 2.160, 194.52, -3.99, 2.154, 194.55, -3.99, 0.006, 2.30, 2.87);
insert into SHOT values (6410, 6414, 6416, 6847, 4.640, 9.40, -2.25, 4.644, 9.30, -2.22, 0.010, 308.83, 13.10);
insert into SHOT values (6411, 6414, 6417, 6847, 4.640, 330.12, 75.59, 4.646, 329.89, 75.59, 0.008, 255.67, 50.68);
insert into SHOT values (6412, 6414, 6418, 6847, 1.240, 169.27, -77.32, 1.241, 169.51, -77.21, 0.003, 194.73, -5.20);
insert into SHOT values (6413, 6414, 6419, 6847, 7.270, 295.83, -29.69, 7.273, 295.79, -29.67, 0.006, 252.41, 8.84);
insert into SHOT values (6414, 6419, 6420, 6847, 7.290, 295.97, -29.70, 7.289, 296.04, -29.69, 0.008, 22.35, 13.91);
insert into SHOT values (6415, 6419, 6421, 6847, 4.840, 201.24, -29.08, 4.836, 201.22, -29.07, 0.004, 43.06, 34.39);
insert into SHOT values (6416, 6419, 6422, 6847, 1.730, 23.34, -7.99, 1.737, 23.29, -7.94, 0.007, 10.15, 3.79);
insert into SHOT values (6417, 6419, 6423, 6847, 2.030, 304.57, 80.96, 2.035, 304.70, 81.06, 0.006, 110.39, 61.59);
insert into SHOT values (6418, 6419, 6424, 6847, 1.530, 353.01, -81.67, 1.526, 354.81, -81.68, 0.008, 90.08, 28.95);
insert into SHOT values (6419, 6408, 6425, 6847, 3.670, 307.90, -4.72, 3.668, 308.00, -4.85, 0.011, 62.25, -49.20);
insert into SHOT values (6420, 6408, 6426, 6847, 1.950, 78.98, -11.91, 1.959, 78.87, -12.08, 0.012, 53.60, -40.39);
insert into SHOT values (6421, 6408, 6427, 6847, 0.980, 26.29, 70.15, 0.979, 26.57, 69.97, 0.004, 57.68, -29.84);
insert into SHOT values (6422, 6408, 6428, 6847, 1.400, 89.75, -87.85, 1.401, 90.00, -87.55, 0.008, 91.76, -7.50);
insert into SHOT values (6423, 6408, 6429, 6847, 3.150, 28.15, -16.00, 3.151, 28.17, -16.03, 0.002, 82.65, -49.85);
insert into SHOT values (6424, 6429, 6430, 6847, 1.920, 329.00, 3.62, 1.914, 329.14, 3.59, 0.007, 109.75, -9.50);
insert into SHOT values (6425, 6429, 6431, 6847, 0.980, 153.07, 29.03, 0.975, 152.84, 28.82, 0.007, 25.85, -51.66);
insert into SHOT values (6426, 6429, 6432, 6847, 1.670, 20.29, 82.75, 1.664, 21.80, 82.56, 0.010, 71.42, -42.34);
insert into SHOT values (6427, 6429, 6433, 6847, 1.430, 257.71, -73.94, 1.434, 258.11, -74.28, 0.010, 57.22, -36.78);
insert into SHOT values (6428, 6429, 6434, 6847, 11.570, 53.81, 39.34, 11.564, 53.82, 39.33, 0.006, 206.21, -48.02);
insert into SHOT values (6429, 6434, 6435, 6847, 2.360, 7.78, 12.82, 2.363, 7.99, 12.96, 0.011, 89.92, 36.76);
insert into SHOT values (6430, 6434, 6436, 6847, 1.690, 172.34, 17.04, 1.691, 172.17, 17.20, 0.007, 73.25, 44.62);
insert into SHOT values (6431, 6434, 6437, 6847, 0.940, 23.35, 88.09, 0.941, 33.69, 87.80, 0.008, 80.74, 3.89);
insert into SHOT values (6432, 6434, 6438, 6847, 0.560, 208.26, -74.42, 0.560, 208.30, -74.71, 0.003, 26.08, -11.79);
insert into SHOT values (6433, 6434, 6439, 6847, 10.630, 82.43, 42.40, 10.638, 82.40, 42.37, 0.011, 55.69, 11.71);
insert into SHOT values (6434, 6439, 6440, 6847, 1.040, 4.88, 2.86, 1.034, 4.44, 2.77, 0.010, 239.43, -11.02);
insert into SHOT values (6435, 6439, 6441, 6847, 0.250, 170.93, 1.06, 0.253, 170.91, 0.00, 0.006, 169.34, -55.12);
insert into SHOT values (6436, 6439, 6442, 6847, 6.300, 77.29, 75.71, 6.293, 77.31, 75.76, 0.009, 252.89, -34.99);
insert into SHOT values (6437, 6439, 6443, 6847, 1.100, 350.50, -84.12, 1.096, 349.70, -84.14, 0.005, 230.75, 66.76);
insert into SHOT values (6438, 6439, 6444, 6847, 10.010, 122.40, 65.35, 10.011, 122.47, 65.37, 0.006, 239.26, 20.62);
insert into SHOT values (6439, 6445, 6446, 6847, 12.180, 31.00, 10.61, 12.188, 31.00, 10.59, 0.010, 26.50, -15.94);
insert into SHOT values (6440, 6445, 6447, 6847, 8.700, 95.80, 30.05, 8.695, 95.79, 30.02, 0.007, 296.15, -70.66);
insert into SHOT values (6441, 6445, 6448, 6847, 14.760, 37.46, 81.78, 14.753, 37.52, 81.75, 0.012, 53.05, -45.80);
insert into SHOT values (6442, 6445, 6449, 6847, 1.920, 355.08, -63.49, 1.924, 355.35, -63.36, 0.007, 29.61, -14.83);
insert into SHOT values (6443, 6392, 6445, 6847, 19.020, 74.11, 45.54, 19.020, 74.14, 45.56, 0.009, 200.60, 30.59);
insert into SHOT values (6444, 6450, 6445, 6847, 19.620, 308.67, -46.38, 19.615, 308.64, -46.38, 0.008, 196.86, 24.79);
insert into SHOT values (6445, 6451, 6452, 6847, 10.370, 3.40, 23.70, 10.363, 3.44, 23.73, 0.011, 141.76, 9.23);
insert into SHOT values (6446, 6452, 6453, 6847, 23.470, 10.92, 38.10, 23.471, 10.89, 38.09, 0.010, 299.92, -10.22);
insert into SHOT values (6447, 6450, 6451, 6847, 13.240, 149.88, 17.34, 13.236, 149.88, 17.32, 0.007, 311.50, -65.72);
insert into SHOT values (6448, 6451, 6454, 6847, 2.660, 125.90, 9.11, 2.663, 125.87, 9.29, 0.009, 88.23, 74.39);
insert into SHOT values (6449, 6451, 6455, 6847, 10.120, 125.96, 9.16, 10.126, 125.96, 9.21, 0.010, 135.53, 64.08);
insert into SURVEY values (6849, 71, 'crucible_hopper', 'crucible_hopper.clearwater_master', NULL);
 insert into CENTRELINE values (6850, 6849, NULL, NULL, NULL, 0.00, 0.00, 0.00);
 insert into CENTRELINE values (6851, 6849, NULL, '2017-04-11', NULL, 113.93, 0.00, 0.00);
 insert into SHOT values (6450, 6456, 6457, 6851, 0.770, 107.24, 0.83, 0.765, 107.49, 0.75, 0.006, 251.19, -11.59);
insert into SHOT values (6451, 6456, 6458, 6851, 0.680, 263.22, -7.89, 0.681, 263.19, -7.60, 0.004, 247.26, 69.59);
insert into SHOT values (6452, 6456, 6459, 6851, 0.210, 29.61, 80.12, 0.213, 33.69, 80.26, 0.004, 121.15, 50.51);
insert into SHOT values (6453, 6456, 6460, 6851, 0.340, 187.98, -66.37, 0.337, 188.75, -67.01, 0.005, 347.72, 16.37);
insert into SHOT values (6454, 6456, 6461, 6851, 2.690, 171.55, 19.63, 2.686, 171.58, 19.80, 0.009, 339.42, 43.81);
insert into SHOT values (6455, 6461, 6462, 6851, 1.550, 82.19, 0.76, 1.554, 82.23, 0.74, 0.005, 97.68, -7.00);
insert into SHOT values (6456, 6461, 6463, 6851, 2.670, 268.37, 3.93, 2.667, 268.28, 3.87, 0.006, 148.00, -30.98);
insert into SHOT values (6457, 6461, 6464, 6851, 1.460, 38.64, 80.57, 1.459, 39.81, 80.76, 0.007, 174.73, -2.25);
insert into SHOT values (6458, 6461, 6465, 6851, 1.500, 88.69, -77.95, 1.502, 90.00, -78.09, 0.008, 203.18, -21.40);
insert into SHOT values (6459, 6461, 6466, 6851, 3.700, 242.42, 59.97, 3.697, 242.33, 59.94, 0.004, 154.92, -48.14);
insert into SHOT values (6460, 6461, 6467, 6851, 2.700, 288.75, -37.75, 2.702, 288.60, -37.91, 0.010, 165.90, -47.52);
insert into SHOT values (6461, 6461, 6468, 6851, 7.260, 129.38, 42.37, 7.264, 129.41, 42.31, 0.008, 149.55, -18.14);
insert into SHOT values (6462, 6461, 6469, 6851, 9.900, 160.44, 40.70, 9.901, 160.48, 40.65, 0.010, 200.25, -35.47);
insert into SHOT values (6463, 6461, 6470, 6851, 10.670, 154.81, 38.25, 10.673, 154.81, 38.20, 0.010, 154.59, -34.51);
insert into SHOT values (6464, 6470, 6471, 6851, 4.630, 39.20, 5.21, 4.633, 39.11, 5.20, 0.008, 328.38, -3.09);
insert into SHOT values (6465, 6470, 6472, 6851, 0.400, 244.13, 4.61, 0.400, 244.72, 5.74, 0.009, 342.52, 62.08);
insert into SHOT values (6466, 6470, 6473, 6851, 2.360, 14.51, 68.43, 2.364, 14.04, 68.52, 0.009, 270.38, 35.54);
insert into SHOT values (6467, 6470, 6474, 6851, 4.810, 31.90, 49.91, 4.808, 31.79, 49.94, 0.007, 271.93, 1.56);
insert into SHOT values (6468, 6470, 6475, 6851, 0.990, 122.39, -74.46, 0.985, 122.47, -74.65, 0.006, 297.66, 40.38);
insert into SHOT values (6469, 6470, 6476, 6851, 5.610, 136.65, 43.12, 5.609, 136.59, 43.20, 0.009, 353.04, 34.92);
insert into SHOT values (6470, 6470, 6477, 6851, 8.320, 107.43, 36.50, 8.319, 107.41, 36.51, 0.004, 343.45, 17.08);
insert into SHOT values (6471, 6470, 6478, 6851, 7.800, 85.35, 32.10, 7.798, 85.31, 32.15, 0.009, 306.76, 35.11);
insert into SHOT values (6472, 6470, 6479, 6851, 7.530, 68.49, 26.80, 7.531, 68.44, 26.84, 0.008, 331.26, 37.50);
insert into SHOT values (6473, 6470, 6480, 6851, 8.580, 101.49, 37.78, 8.578, 101.49, 37.82, 0.007, 278.61, 33.26);
insert into SHOT values (6474, 6480, 6481, 6851, 2.630, 9.48, 2.44, 2.628, 9.43, 2.40, 0.004, 238.07, -31.02);
insert into SHOT values (6475, 6480, 6482, 6851, 0.280, 191.13, -14.92, 0.274, 190.89, -14.81, 0.006, 22.15, 19.50);
insert into SHOT values (6476, 6480, 6483, 6851, 0.780, 333.00, 42.65, 0.780, 332.99, 42.79, 0.002, 158.81, 50.85);
insert into SHOT values (6477, 6480, 6484, 6851, 1.560, 40.20, -72.18, 1.566, 39.96, -72.05, 0.007, 19.10, -40.49);
insert into SHOT values (6478, 6480, 6485, 6851, 8.120, 89.45, 27.38, 8.118, 89.44, 27.35, 0.004, 357.62, -79.64);
insert into SHOT values (6479, 6480, 6486, 6851, 6.690, 53.76, 18.07, 6.689, 53.76, 18.03, 0.005, 66.20, -86.00);
insert into SHOT values (6480, 6480, 6487, 6851, 4.800, 280.55, 33.47, 4.796, 280.52, 33.54, 0.008, 116.11, 21.58);
insert into SHOT values (6481, 6480, 6488, 6851, 6.480, 283.57, 55.96, 6.477, 283.58, 56.01, 0.006, 100.19, 3.42);
insert into SHOT values (6482, 6480, 6489, 6851, 13.380, 64.76, 21.63, 13.381, 64.73, 21.62, 0.007, 356.55, -17.55);
insert into SHOT values (6483, 6489, 6490, 6851, 1.830, 315.18, 3.83, 1.821, 315.22, 3.78, 0.009, 126.22, -14.36);
insert into SHOT values (6484, 6489, 6491, 6851, 1.590, 141.45, 15.29, 1.593, 141.34, 15.29, 0.004, 97.24, 9.54);
insert into SHOT values (6485, 6489, 6492, 6851, 6.230, 289.18, 74.79, 6.227, 288.99, 74.84, 0.008, 151.73, -12.56);
insert into SHOT values (6486, 6489, 6493, 6851, 0.540, 129.02, -81.71, 0.536, 129.81, -81.62, 0.004, 206.59, 75.88);
insert into SHOT values (6487, 6489, 6494, 6851, 9.340, 300.22, 56.85, 9.338, 300.23, 56.87, 0.003, 101.49, 2.73);
insert into SHOT values (6488, 6489, 6495, 6851, 2.170, 68.71, 27.03, 2.170, 68.75, 27.14, 0.004, 209.77, 61.04);
insert into SHOT values (6489, 6489, 6496, 6851, 3.420, 82.92, -51.82, 3.423, 82.94, -51.81, 0.003, 105.01, -36.87);
insert into SHOT values (6490, 6489, 6497, 6851, 2.790, 132.62, 39.89, 2.793, 132.54, 39.85, 0.005, 95.54, 8.70);
insert into SHOT values (6491, 6489, 6498, 6851, 2.780, 14.61, 5.66, 2.774, 14.69, 5.79, 0.009, 162.57, 38.46);
insert into SHOT values (6492, 6498, 6499, 6851, 0.300, 321.98, -0.65, 0.300, 323.13, -1.91, 0.009, 52.37, -47.61);
insert into SHOT values (6493, 6498, 6500, 6851, 2.180, 133.93, 8.64, 2.174, 133.87, 8.47, 0.009, 337.43, -52.68);
insert into SHOT values (6494, 6498, 6501, 6851, 0.960, 129.06, 40.50, 0.960, 128.90, 40.25, 0.005, 90.16, -47.56);
insert into SHOT values (6495, 6498, 6502, 6851, 0.740, 341.85, -87.52, 0.741, 341.57, -87.55, 0.001, 183.42, -58.31);
insert into SHOT values (6496, 6498, 6503, 6851, 2.840, 106.05, 23.29, 2.841, 106.01, 23.22, 0.004, 68.64, -41.03);
insert into SHOT values (6497, 6498, 6504, 6851, 3.470, 67.58, 18.77, 3.473, 67.49, 18.64, 0.010, 22.51, -41.01);
insert into SHOT values (6498, 6498, 6505, 6851, 9.650, 99.45, 28.09, 9.650, 99.46, 28.06, 0.005, 135.14, -50.28);
insert into SHOT values (6499, 6505, 6506, 6851, 0.540, 359.45, 0.46, 0.540, 358.94, 0.00, 0.006, 270.50, -41.99);
insert into SHOT values (6500, 6505, 6507, 6851, 1.700, 181.07, -0.67, 1.690, 181.02, -0.68, 0.010, 10.31, -0.71);
insert into SHOT values (6501, 6505, 6508, 6851, 1.340, 167.66, 71.18, 1.341, 167.91, 71.31, 0.004, 313.88, 26.39);
insert into SHOT values (6502, 6505, 6509, 6851, 1.430, 127.97, -66.09, 1.429, 127.87, -66.48, 0.010, 313.66, -15.90);
insert into SHOT values (6503, 6505, 6510, 6851, 1.470, 301.98, 59.85, 1.473, 302.41, 59.56, 0.010, 337.44, -6.63);
insert into SHOT values (6504, 6505, 6511, 6851, 4.960, 114.18, 38.96, 4.962, 114.17, 38.96, 0.002, 98.29, 38.63);
insert into SHOT values (6505, 6505, 6512, 6851, 1.830, 130.40, -35.51, 1.823, 130.35, -35.56, 0.008, 321.04, 22.73);
insert into SHOT values (6506, 6505, 6513, 6851, 1.490, 64.13, 18.59, 1.489, 63.98, 18.40, 0.006, 349.09, -52.36);
insert into SHOT values (6507, 6505, 6514, 6851, 1.800, 91.53, 0.21, 1.800, 91.27, 0.32, 0.009, 4.64, 22.82);
insert into SHOT values (6508, 6505, 6515, 6851, 3.780, 74.09, 0.08, 3.776, 74.01, 0.00, 0.008, 306.17, -39.34);
insert into SHOT values (6509, 6515, 6516, 6851, 1.040, 344.48, -1.09, 1.039, 344.36, -0.55, 0.010, 223.05, 75.14);
insert into SHOT values (6510, 6515, 6517, 6851, 6.450, 302.30, 81.47, 6.451, 302.20, 81.47, 0.002, 227.43, 36.76);
insert into SHOT values (6511, 6515, 6518, 6851, 1.520, 116.02, -76.19, 1.515, 115.87, -75.99, 0.007, 101.91, 56.35);
insert into SHOT values (6512, 6515, 6519, 6851, 2.910, 355.70, -19.93, 2.911, 355.81, -19.88, 0.006, 68.85, 19.43);
insert into SHOT values (6513, 6515, 6520, 6851, 4.560, 252.59, -65.92, 4.555, 252.44, -65.95, 0.007, 122.03, 26.92);
insert into SHOT values (6514, 6515, 6521, 6851, 1.060, 263.03, -11.42, 1.059, 262.81, -11.44, 0.004, 161.17, -1.67);
insert into SHOT values (6515, 6515, 6522, 6851, 1.140, 245.18, -6.67, 1.131, 245.26, -6.60, 0.010, 55.46, 14.47);
insert into SHOT values (6516, 6515, 6523, 6851, 2.890, 54.56, 8.32, 2.892, 54.53, 8.35, 0.003, 7.04, 43.89);
insert into SHOT values (6517, 6515, 6524, 6851, 1.370, 85.67, -2.33, 1.375, 85.83, -2.08, 0.008, 123.62, 43.27);
insert into SHOT values (6518, 6515, 6525, 6851, 3.120, 75.68, -20.73, 3.120, 75.73, -20.64, 0.005, 123.10, 54.03);
insert into SHOT values (6519, 6515, 6526, 6851, 1.620, 318.73, 41.12, 1.622, 318.99, 41.27, 0.007, 61.26, 39.13);
insert into SHOT values (6520, 6515, 6527, 6851, 2.110, 306.19, 29.18, 2.107, 306.37, 29.26, 0.007, 71.82, 9.99);
insert into SHOT values (6521, 6515, 6528, 6851, 4.030, 59.55, 30.06, 4.034, 59.54, 30.05, 0.004, 53.07, 19.04);
insert into SHOT values (6522, 6515, 6529, 6851, 8.170, 71.30, 3.45, 8.177, 71.28, 3.51, 0.011, 44.88, 47.94);
insert into SHOT values (6523, 6529, 6530, 6851, 0.650, 323.87, 8.06, 0.650, 323.84, 7.96, 0.001, 289.91, -63.48);
insert into SHOT values (6524, 6529, 6531, 6851, 0.480, 148.04, 5.26, 0.482, 148.63, 4.76, 0.007, 213.90, -36.60);
insert into SHOT values (6525, 6529, 6532, 6851, 2.700, 353.50, 55.46, 2.697, 353.25, 55.41, 0.008, 261.44, -31.00);
insert into SHOT values (6526, 6529, 6533, 6851, 0.680, 161.77, -73.24, 0.680, 162.47, -72.96, 0.004, 199.67, 15.61);
insert into SHOT values (6527, 6529, 6534, 6851, 3.050, 19.09, 64.89, 3.047, 19.00, 64.94, 0.005, 226.69, -21.19);
insert into SHOT values (6528, 6529, 6535, 6851, 1.110, 67.08, 7.65, 1.103, 67.42, 7.29, 0.012, 201.16, -40.64);
insert into SHOT values (6529, 6529, 6536, 6851, 1.000, 288.29, 16.30, 0.998, 288.25, 16.29, 0.002, 132.65, -20.43);
insert into SHOT values (6530, 6529, 6537, 6851, 1.910, 201.07, -3.73, 1.913, 201.19, -3.90, 0.008, 252.90, -48.88);
insert into SHOT values (6531, 6529, 6538, 6851, 2.010, 168.10, -6.25, 2.014, 168.19, -6.27, 0.005, 202.33, -12.57);
insert into SHOT values (6532, 6529, 6539, 6851, 2.620, 141.51, -18.21, 2.622, 141.52, -18.22, 0.003, 152.47, -29.12);
insert into SHOT values (6533, 6456, 6540, 6851, 31.060, 358.13, 14.38, 31.061, 358.13, 14.39, 0.007, 115.76, 72.20);
insert into SHOT values (6534, 6540, 6541, 6851, 26.810, 246.43, 11.06, 26.812, 246.44, 11.05, 0.005, 293.96, -42.82);
insert into SHOT values (6535, 6540, 6542, 6851, 0.500, 70.83, 10.51, 0.495, 70.82, 10.47, 0.005, 251.79, -14.72);
insert into SHOT values (6536, 6540, 6543, 6851, 37.680, 172.86, 79.74, 37.683, 172.90, 79.74, 0.005, 261.04, 30.71);
insert into SHOT values (6537, 6540, 6544, 6851, 77.680, 141.32, 81.39, 77.675, 141.36, 81.39, 0.009, 258.69, -29.32);
insert into SHOT values (6538, 6540, 6545, 6851, 31.310, 177.80, -28.49, 31.314, 177.81, -28.50, 0.008, 253.29, -36.72);
insert into SHOT values (6539, 6540, 6546, 6851, 28.580, 139.46, -0.83, 28.572, 139.46, -0.84, 0.010, 328.18, -35.44);
insert into SHOT values (6540, 6540, 6547, 6851, 26.920, 136.58, 23.47, 26.914, 136.58, 23.47, 0.006, 335.37, -13.49);
insert into SHOT values (6541, 6540, 6548, 6851, 27.540, 266.43, 18.47, 27.537, 266.44, 18.46, 0.008, 6.26, -36.70);
insert into SHOT values (6542, 6540, 6549, 6851, 38.330, 296.47, 43.76, 38.335, 296.46, 43.75, 0.009, 274.14, -3.52);
insert into SHOT values (6543, 6540, 6550, 6851, 34.500, 335.25, 48.18, 34.501, 335.23, 48.18, 0.009, 262.16, -5.61);
insert into SHOT values (6544, 6540, 6551, 6851, 15.070, 334.83, 16.47, 15.071, 334.82, 16.46, 0.004, 278.36, -34.72);
insert into SHOT values (6545, 6540, 6552, 6851, 17.440, 9.33, 26.32, 17.442, 9.31, 26.31, 0.007, 318.16, -22.24);
insert into SHOT values (6546, 6540, 6553, 6851, 16.500, 124.04, -26.60, 16.498, 124.06, -26.61, 0.006, 255.81, -19.26);
insert into SHOT values (6547, 6540, 6554, 6851, 16.830, 174.24, -40.08, 16.831, 174.25, -40.10, 0.005, 314.92, -48.97);
insert into SHOT values (6548, 6540, 6555, 6851, 16.040, 201.59, -32.93, 16.043, 201.61, -32.92, 0.006, 255.31, -3.88);
insert into SHOT values (6549, 6540, 6556, 6851, 22.370, 50.64, 48.26, 22.368, 50.61, 48.26, 0.007, 316.59, -15.21);
insert into SHOT values (6550, 6540, 6557, 6851, 22.390, 51.42, 47.27, 22.384, 51.39, 47.26, 0.011, 311.06, -37.60);
insert into SHOT values (6551, 6557, 6558, 6851, 1.760, 158.63, 6.89, 1.765, 158.56, 7.16, 0.010, 130.68, 63.81);
insert into SHOT values (6552, 6557, 6559, 6851, 0.800, 258.39, -77.48, 0.799, 256.76, -77.38, 0.005, 181.39, 10.84);
insert into SHOT values (6553, 6557, 6560, 6851, 16.510, 181.47, 84.59, 16.514, 181.47, 84.58, 0.005, 180.99, 42.14);
insert into SHOT values (6554, 6557, 6561, 6851, 25.590, 308.46, 23.53, 25.589, 308.46, 23.54, 0.005, 145.14, 47.99);
insert into SHOT values (6555, 6557, 6562, 6851, 17.500, 136.81, 41.95, 17.503, 136.81, 41.95, 0.003, 109.30, 35.10);
insert into SHOT values (6556, 6557, 6563, 6851, 0.780, 45.10, 1.69, 0.778, 45.00, 2.21, 0.007, 261.45, 71.87);
insert into SURVEY values (6853, 71, 'ibun', 'ibun.clearwater_master', NULL);
 insert into CENTRELINE values (6854, 6853, NULL, NULL, NULL, 0.00, 0.00, 0.00);
 insert into CENTRELINE values (6855, 6853, NULL, '2017-04-11', NULL, 70.27, 20.38, 0.00);
 insert into SHOT values (6557, 6564, 6565, 6855, 0.380, 184.35, -22.61, 0.381, 183.27, -23.16, 0.008, 91.87, -30.58);
insert into SHOT values (6558, 6564, 6566, 6855, 1.250, 16.22, -3.46, 1.253, 16.26, -3.66, 0.005, 37.28, -61.84);
insert into SHOT values (6559, 6564, 6567, 6855, 3.460, 340.96, 78.99, 3.454, 341.57, 78.92, 0.010, 46.10, -39.25);
insert into SHOT values (6560, 6564, 6568, 6855, 1.660, 209.58, -84.45, 1.668, 209.74, -84.45, 0.008, 243.17, -83.85);
insert into SHOT values (6561, 6564, 6569, 6855, 25.350, 7.89, -85.50, 25.358, 8.09, -85.50, 0.011, 90.90, -49.42);
insert into SHOT values (6562, 6564, 6570, 6855, 0.360, 195.77, -15.35, 0.356, 195.26, -16.30, 0.008, 46.75, -38.22);
insert into SHOT values (6563, 6564, 6571, 6855, 1.380, 4.18, 9.99, 1.385, 4.21, 9.98, 0.005, 11.66, 7.41);
insert into SHOT values (6564, 6564, 6572, 6855, 3.410, 342.47, 82.75, 3.407, 342.41, 82.75, 0.003, 227.07, -79.27);
insert into SHOT values (6565, 6564, 6573, 6855, 1.020, 242.40, -65.53, 1.019, 242.82, -65.90, 0.007, 37.59, -12.58);
insert into SHOT values (6566, 6564, 6574, 6855, 3.610, 278.25, 51.96, 3.607, 278.28, 51.95, 0.004, 62.05, -61.76);
insert into SHOT values (6567, 6575, 6576, 6855, 2.040, 141.56, -10.87, 2.042, 141.47, -10.72, 0.007, 100.33, 45.82);
insert into SHOT values (6568, 6575, 6577, 6855, 0.600, 336.68, -17.34, 0.596, 336.14, -17.57, 0.007, 208.85, -9.82);
insert into SHOT values (6569, 6575, 6578, 6855, 1.970, 128.81, 3.94, 1.968, 128.80, 4.08, 0.005, 320.46, 63.81);
insert into SHOT values (6570, 6575, 6579, 6855, 1.130, 43.25, -84.27, 1.126, 45.00, -84.23, 0.006, 128.88, 51.48);
insert into SHOT values (6571, 6580, 6575, 6855, 20.380, 235.62, -26.22, 20.381, 235.63, -26.24, 0.007, 347.93, -54.36);
insert into SHOT_FLAG values(6571, 'srf');
insert into SHOT values (6572, 6580, 6581, 6855, 1.100, 59.22, -24.00, 1.101, 58.84, -24.12, 0.007, 329.78, -21.27);
insert into SHOT values (6573, 6580, 6582, 6855, 1.400, 218.80, -28.29, 1.401, 218.73, -28.57, 0.007, 72.98, -68.32);
insert into SHOT values (6574, 6580, 6583, 6855, 1.840, 135.44, -9.33, 1.835, 135.45, -9.41, 0.006, 312.89, -17.41);
insert into SHOT values (6575, 6580, 6584, 6855, 1.130, 109.09, -74.41, 1.132, 109.03, -74.28, 0.003, 102.68, -27.01);
insert into SHOT values (6576, 6580, 6585, 6855, 7.930, 120.07, -47.37, 7.935, 120.05, -47.39, 0.006, 64.45, -66.93);
insert into SHOT values (6577, 6585, 6586, 6855, 1.470, 24.38, 11.46, 1.466, 24.25, 11.41, 0.006, 244.67, -21.67);
insert into SHOT values (6578, 6585, 6587, 6855, 1.040, 195.68, 22.74, 1.036, 195.78, 22.70, 0.004, 347.42, -29.54);
insert into SHOT values (6579, 6585, 6588, 6855, 2.200, 330.10, 76.03, 2.205, 329.59, 76.00, 0.007, 265.45, 43.93);
insert into SHOT values (6580, 6585, 6589, 6855, 0.650, 31.03, -59.84, 0.646, 29.74, -60.06, 0.009, 271.12, 13.52);
insert into SHOT values (6581, 6585, 6590, 6855, 6.800, 65.14, 20.47, 6.801, 65.12, 20.48, 0.003, 350.38, 46.89);
insert into SHOT values (6582, 6590, 6591, 6855, 1.730, 317.99, -8.56, 1.733, 317.84, -8.63, 0.006, 257.57, -25.66);
insert into SHOT values (6583, 6590, 6592, 6855, 1.510, 46.58, 80.12, 1.513, 46.55, 80.04, 0.004, 43.42, 42.26);
insert into SHOT values (6584, 6590, 6593, 6855, 2.370, 232.04, -75.89, 2.373, 231.95, -75.75, 0.007, 224.09, -13.19);
insert into SHOT values (6585, 6590, 6594, 6855, 0.620, 99.38, -35.19, 0.621, 99.09, -35.41, 0.004, 1.84, -46.27);
insert into SHOT values (6586, 6590, 6595, 6855, 12.590, 58.86, -2.94, 12.587, 58.86, -2.91, 0.006, 218.47, 64.86);
insert into SHOT values (6587, 6595, 6596, 6855, 0.830, 323.92, 6.53, 0.835, 323.82, 6.19, 0.007, 309.07, -37.94);
insert into SHOT values (6588, 6595, 6597, 6855, 0.370, 146.12, -2.48, 0.361, 146.31, -3.17, 0.010, 318.64, -23.49);
insert into SHOT values (6589, 6595, 6598, 6855, 2.320, 284.61, 78.43, 2.317, 284.93, 78.41, 0.004, 5.75, -47.23);
insert into SHOT values (6590, 6595, 6599, 6855, 0.890, 75.98, -84.58, 0.894, 75.96, -84.71, 0.004, 256.82, -68.05);
insert into SHOT values (6591, 6595, 6600, 6855, 8.650, 58.85, -6.83, 8.654, 58.81, -6.84, 0.007, 357.85, -10.18);
insert into SHOT values (6592, 6600, 6601, 6855, 0.690, 170.51, -3.41, 0.690, 170.81, -3.32, 0.004, 259.69, 16.05);
insert into SHOT values (6593, 6600, 6602, 6855, 0.460, 348.94, 13.82, 0.453, 348.18, 14.06, 0.009, 207.20, 0.72);
insert into SHOT values (6594, 6600, 6603, 6855, 3.890, 331.08, 71.42, 3.882, 330.95, 71.44, 0.009, 187.10, -55.76);
insert into SHOT values (6595, 6600, 6604, 6855, 1.490, 7.85, -78.88, 1.497, 8.13, -79.11, 0.009, 170.87, -59.30);
insert into SHOT values (6596, 6574, 6600, 6855, 5.340, 258.72, 12.96, 5.336, 258.80, 13.00, 0.009, 23.54, 15.50);
insert into SHOT values (6597, 6574, 6605, 6855, 0.460, 162.36, -6.85, 0.456, 161.97, -7.56, 0.008, 16.96, -43.14);
insert into SHOT values (6598, 6574, 6606, 6855, 1.620, 16.35, 2.85, 1.628, 16.43, 2.82, 0.009, 31.34, -3.61);
insert into SHOT values (6599, 6574, 6607, 6855, 5.320, 52.30, 63.12, 5.318, 52.42, 63.05, 0.009, 97.49, -36.89);
insert into SHOT values (6600, 6574, 6608, 6855, 0.960, 63.18, -68.31, 0.959, 63.43, -68.10, 0.004, 91.40, 31.08);
insert into SURVEY values (6857, 71, 'strobe_pit', 'strobe_pit.clearwater_master', NULL);
 insert into CENTRELINE values (6858, 6857, NULL, NULL, NULL, 0.00, 0.00, 0.00);
 insert into CENTRELINE values (6859, 6857, NULL, '2017-04-11', NULL, 62.66, 0.00, 0.00);
 insert into SHOT values (6601, 6609, 6610, 6859, 1.690, 156.34, -6.01, 1.693, 156.18, -6.10, 0.006, 95.84, -28.84);
insert into SHOT values (6602, 6609, 6611, 6859, 9.620, 331.88, 11.54, 9.617, 331.88, 11.58, 0.007, 140.56, 55.06);
insert into SHOT values (6603, 6609, 6612, 6859, 9.640, 316.66, 74.93, 9.641, 316.62, 74.95, 0.003, 176.01, 27.91);
insert into SHOT values (6604, 6609, 6613, 6859, 0.540, 260.54, -80.01, 0.538, 257.47, -80.13, 0.006, 152.43, 19.24);
insert into SHOT values (6605, 6609, 6614, 6859, 2.840, 304.86, -14.22, 2.839, 304.79, -14.27, 0.004, 196.39, -32.74);
insert into SHOT values (6606, 6609, 6615, 6859, 33.680, 263.27, -8.26, 33.680, 263.26, -8.26, 0.004, 166.54, -18.36);
insert into SHOT values (6607, 6609, 6616, 6859, 33.580, 253.38, -7.96, 33.575, 253.36, -7.96, 0.011, 138.05, 1.17);
insert into SHOT values (6608, 6609, 6617, 6859, 39.090, 271.48, -8.36, 39.088, 271.48, -8.36, 0.004, 57.29, 58.73);
insert into SHOT values (6609, 6609, 6618, 6859, 11.550, 246.81, -8.63, 11.545, 246.78, -8.62, 0.008, 116.68, 22.84);
insert into SHOT values (6610, 6618, 6619, 6859, 0.580, 151.91, 35.78, 0.583, 152.35, 35.64, 0.005, 197.65, 9.83);
insert into SHOT values (6611, 6618, 6620, 6859, 10.020, 341.71, -1.47, 10.021, 341.67, -1.49, 0.007, 264.18, -24.34);
insert into SHOT values (6612, 6618, 6621, 6859, 11.710, 336.33, 69.18, 11.704, 336.33, 69.18, 0.006, 154.08, -67.70);
insert into SHOT values (6613, 6618, 6622, 6859, 1.510, 261.08, -75.06, 1.512, 261.25, -74.88, 0.006, 273.81, -10.88);
insert into SHOT values (6614, 6618, 6623, 6859, 10.230, 51.40, -49.58, 10.230, 51.37, -49.59, 0.005, 295.46, -22.83);
insert into SHOT values (6615, 6618, 6624, 6859, 17.170, 298.70, -68.82, 17.170, 298.71, -68.82, 0.002, 56.02, 5.69);
insert into SHOT values (6616, 6618, 6625, 6859, 28.880, 257.43, -64.10, 28.884, 257.42, -64.09, 0.009, 238.55, -4.99);
insert into SHOT values (6617, 6618, 6626, 6859, 52.390, 252.72, -60.70, 52.392, 252.71, -60.70, 0.005, 160.10, -27.01);
insert into SHOT values (6618, 6618, 6627, 6859, 1.830, 252.38, -60.57, 1.836, 252.57, -60.60, 0.007, 306.12, -58.90);
insert into SHOT values (6619, 6618, 6628, 6859, 1.830, 252.34, -60.62, 1.836, 252.57, -60.60, 0.007, 297.64, -46.49);
insert into SHOT values (6620, 6618, 6629, 6859, 51.460, 252.44, -60.72, 51.466, 252.45, -60.72, 0.007, 304.17, -37.77);
insert into SHOT values (6621, 6618, 6630, 6859, 51.100, 252.58, -62.22, 51.102, 252.58, -62.21, 0.006, 270.61, 4.02);
insert into SHOT values (6622, 6618, 6631, 6859, 51.070, 252.62, -62.18, 51.074, 252.62, -62.18, 0.005, 262.06, -34.26);
insert into SHOT values (6623, 6618, 6632, 6859, 51.140, 252.51, -62.05, 51.143, 252.52, -62.05, 0.006, 18.43, -52.46);
insert into SHOT values (6624, 6618, 6633, 6859, 51.110, 253.15, -63.68, 51.109, 253.15, -63.68, 0.002, 232.07, 37.41);
insert into SURVEY values (6861, 71, 'wind_cave', 'wind_cave.clearwater_master', NULL);
 insert into CENTRELINE values (6862, 6861, NULL, NULL, NULL, 0.00, 0.00, 0.00);
 insert into SCRAPS values (6863, 6861, 'WindCaveSP1', 1, 0.00000, 0.00000);
 insert into CENTRELINE values (6865, 6861, 'wind cave river resurvey', '2017-04-16', NULL, 0.00, 0.00, 0.00);
 insert into SURVEY values (6866, 6861, '4', '4.wind_cave.clearwater_master', NULL);
 insert into CENTRELINE values (6867, 6866, NULL, NULL, NULL, 0.00, 0.00, 0.00);
 insert into CENTRELINE values (6868, 6866, NULL, NULL, NULL, 458.92, 0.00, 0.00);
 insert into SHOT values (6625, 6634, 6635, 6868, 19.880, 269.13, -3.05, 19.893, 268.93, -3.11, 0.073, 188.66, -17.77);
insert into SHOT values (6626, 6635, 6634, 6868, 19.920, 88.70, 3.21, 19.893, 88.93, 3.11, 0.092, 196.22, -22.73);
insert into SHOT values (6627, 6635, 6636, 6868, 26.430, 174.80, 51.56, 26.433, 174.80, 51.55, 0.006, 172.86, -13.88);
insert into SHOT values (6628, 6635, 6637, 6868, 14.040, 272.82, -0.06, 14.047, 272.82, -0.08, 0.009, 263.93, -36.92);
insert into SHOT values (6629, 6637, 6638, 6868, 19.070, 269.60, -2.72, 19.062, 269.58, -2.71, 0.012, 131.08, 24.95);
insert into SHOT values (6630, 6638, 6639, 6868, 34.770, 315.48, -0.60, 34.772, 315.48, -0.61, 0.006, 274.14, -70.64);
insert into SHOT values (6631, 6639, 6640, 6868, 11.830, 350.60, 0.52, 11.829, 350.61, 0.53, 0.003, 107.91, 50.51);
insert into SHOT values (6632, 6640, 6641, 6868, 19.880, 282.66, 3.73, 19.885, 282.66, 3.72, 0.006, 296.77, -33.63);
insert into SHOT values (6633, 6641, 6642, 6868, 36.650, 297.59, 0.16, 36.651, 297.60, 0.17, 0.010, 20.32, 50.41);
insert into SHOT values (6634, 6642, 6643, 6868, 16.070, 32.87, -0.25, 16.063, 32.88, -0.25, 0.007, 193.14, 0.93);
insert into SHOT values (6635, 6643, 6644, 6868, 19.800, 352.60, -1.79, 19.805, 352.60, -1.79, 0.005, 346.34, -18.21);
insert into SHOT values (6636, 6644, 6645, 6868, 19.240, 350.78, 3.92, 19.242, 350.80, 3.90, 0.008, 61.49, -40.18);
insert into SHOT values (6637, 6645, 6646, 6868, 30.460, 307.30, -0.58, 30.456, 307.29, -0.58, 0.008, 188.53, -12.42);
insert into SHOT values (6638, 6646, 6647, 6868, 12.600, 11.96, -0.33, 12.603, 11.95, -0.32, 0.005, 344.39, 33.65);
insert into SHOT values (6639, 6647, 6648, 6868, 17.640, 300.64, 7.14, 17.640, 300.64, 7.13, 0.003, 231.87, -76.64);
insert into SHOT values (6640, 6648, 6649, 6868, 15.820, 357.50, -5.71, 15.823, 357.49, -5.69, 0.006, 315.94, 39.48);
insert into SHOT values (6641, 6649, 6650, 6868, 7.470, 314.09, -7.19, 7.463, 314.07, -7.16, 0.009, 154.90, 33.91);
insert into SHOT values (6642, 6650, 6651, 6868, 29.050, 310.32, 1.03, 29.057, 310.32, 1.03, 0.008, 322.66, -16.10);
insert into SHOT values (6643, 6651, 6652, 6868, 44.620, 281.42, -0.19, 44.613, 281.42, -0.19, 0.008, 126.32, -14.41);
insert into SHOT values (6644, 6652, 6653, 6868, 25.740, 286.46, 1.09, 25.739, 286.46, 1.09, 0.002, 162.00, 9.42);
insert into SHOT values (6645, 6653, 6654, 6868, 21.800, 272.64, 1.48, 21.801, 272.66, 1.47, 0.007, 356.30, -26.08);
insert into SHOT values (6646, 6655, 6654, 6868, 16.560, 171.14, 3.22, 16.554, 171.12, 3.22, 0.007, 27.68, -1.36);
insert into SHOT values (6647, 6655, 6656, 6868, 6.010, 128.54, 0.84, 6.007, 128.51, 0.86, 0.005, 355.14, 24.21);
insert into SURVEY values (6870, 6861, '5', '5.wind_cave.clearwater_master', NULL);
 insert into CENTRELINE values (6871, 6870, NULL, NULL, NULL, 0.00, 0.00, 0.00);
 insert into CENTRELINE values (6872, 6870, NULL, NULL, NULL, 52.13, 0.00, 0.00);
 insert into SHOT values (6648, 6657, 6658, 6872, 31.650, 10.92, 47.79, 31.649, 10.92, 47.78, 0.003, 60.95, -53.57);
insert into SHOT values (6649, 6659, 6658, 6872, 20.480, 254.24, -27.06, 20.478, 254.25, -27.07, 0.005, 34.24, -35.96);
insert into SURVEY values (6875, 71, 'clay_hall_2_streamway', 'clay_hall_2_streamway.clearwater_master', NULL);
 insert into CENTRELINE values (6876, 6875, NULL, NULL, NULL, 0.00, 0.00, 0.00);
 insert into CENTRELINE values (6877, 6875, NULL, '2017-04-13', NULL, 98.57, 0.00, 0.00);
 insert into SHOT values (6650, 6660, 6661, 6877, 9.090, 287.44, -25.16, 9.101, 288.37, -25.44, 0.141, 21.69, -18.77);
insert into SHOT values (6651, 6661, 6660, 6877, 9.110, 109.27, 25.72, 9.101, 108.37, 25.44, 0.137, 23.83, -18.54);
insert into SHOT values (6652, 6661, 6662, 6877, 16.630, 339.54, -4.76, 16.622, 339.54, -4.76, 0.008, 157.17, -0.05);
insert into SHOT values (6653, 6661, 6663, 6877, 5.750, 0.18, 75.93, 5.741, 0.41, 75.99, 0.012, 144.49, -37.83);
insert into SHOT values (6654, 6661, 6664, 6877, 16.120, 265.77, -25.27, 16.117, 265.75, -25.31, 0.013, 121.72, -43.58);
insert into SHOT values (6655, 6664, 6665, 6877, 7.730, 315.38, -4.67, 7.726, 315.37, -4.68, 0.004, 157.96, -9.00);
insert into SHOT values (6656, 6664, 6666, 6877, 17.820, 172.26, 21.40, 17.822, 172.28, 21.42, 0.009, 273.27, 60.29);
insert into SHOT values (6657, 6664, 6667, 6877, 7.500, 246.59, 74.01, 7.501, 246.66, 73.99, 0.004, 281.84, 2.45);
insert into SHOT values (6658, 6664, 6668, 6877, 2.280, 251.67, -64.87, 2.276, 251.94, -64.84, 0.006, 349.04, 42.39);
insert into SHOT values (6659, 6664, 6669, 6877, 5.380, 227.77, -22.70, 5.384, 227.77, -22.61, 0.009, 229.96, 43.71);
insert into SHOT values (6660, 6669, 6670, 6877, 17.010, 150.42, 33.54, 17.011, 150.42, 33.54, 0.002, 89.83, 52.34);
insert into SHOT values (6661, 6669, 6671, 6877, 4.130, 148.09, 13.19, 4.129, 148.01, 13.16, 0.006, 53.25, -22.89);
insert into SHOT values (6662, 6669, 6672, 6877, 9.720, 337.53, 5.17, 9.724, 337.54, 5.13, 0.007, 358.30, -52.65);
insert into SHOT values (6663, 6669, 6673, 6877, 9.570, 136.84, 81.61, 9.572, 136.45, 81.63, 0.010, 29.43, 13.81);
insert into SHOT values (6664, 6669, 6674, 6877, 1.090, 212.43, -82.06, 1.090, 213.69, -82.39, 0.007, 6.00, -3.61);
insert into SHOT values (6665, 6669, 6675, 6877, 17.050, 198.45, 39.89, 17.047, 198.45, 39.88, 0.004, 152.84, -85.05);
insert into SHOT values (6666, 6669, 6676, 6877, 9.210, 219.30, -27.93, 9.206, 219.31, -27.99, 0.010, 29.82, -37.47);
insert into SHOT values (6667, 6676, 6677, 6877, 6.480, 251.06, -45.96, 6.473, 251.08, -45.92, 0.008, 19.69, 74.70);
insert into SHOT values (6668, 6676, 6678, 6877, 2.380, 167.16, -0.95, 2.380, 167.13, -0.96, 0.001, 81.82, -24.60);
insert into SHOT values (6669, 6676, 6679, 6877, 7.940, 159.86, -8.44, 7.944, 159.90, -8.40, 0.009, 214.34, 35.51);
insert into SHOT values (6670, 6676, 6680, 6877, 4.200, 334.85, -10.45, 4.203, 334.80, -10.42, 0.005, 284.77, 20.36);
insert into SHOT values (6671, 6676, 6681, 6877, 1.890, 329.68, -87.00, 1.882, 327.99, -87.13, 0.009, 180.69, 53.99);
insert into SHOT values (6672, 6677, 6682, 6877, 3.020, 143.84, -22.06, 3.022, 143.87, -22.17, 0.006, 260.83, -75.46);
insert into SHOT values (6673, 6677, 6683, 6877, 0.840, 297.71, 8.59, 0.840, 297.18, 8.21, 0.010, 216.98, -35.08);
insert into SHOT values (6674, 6677, 6684, 6877, 1.010, 275.54, 83.96, 1.006, 275.19, 83.70, 0.006, 266.48, -46.09);
insert into SHOT values (6675, 6677, 6685, 6877, 1.110, 263.68, -86.00, 1.113, 262.87, -85.85, 0.004, 244.10, -38.66);
insert into SHOT values (6676, 6677, 6686, 6877, 5.090, 156.32, -41.69, 5.097, 156.47, -41.69, 0.012, 216.01, -22.52);
insert into SHOT values (6677, 6677, 6687, 6877, 5.880, 224.47, -23.63, 5.889, 224.47, -23.62, 0.009, 227.25, -20.24);
insert into SHOT values (6678, 6686, 6688, 6877, 2.410, 72.24, 1.17, 2.417, 72.16, 1.19, 0.007, 46.68, 6.15);
insert into SHOT values (6679, 6686, 6689, 6877, 1.820, 285.05, 2.63, 1.816, 285.34, 2.52, 0.010, 35.87, -19.78);
insert into SHOT values (6680, 6686, 6690, 6877, 0.710, 295.82, 86.04, 0.712, 306.87, 85.97, 0.010, 25.58, 10.03);
insert into SHOT values (6681, 6686, 6691, 6877, 0.880, 135.39, -86.63, 0.881, 126.87, -86.75, 0.008, 28.27, -11.11);
insert into SHOT values (6682, 6686, 6692, 6877, 7.650, 258.04, -26.19, 7.646, 258.05, -26.23, 0.007, 65.56, -30.87);
insert into SHOT values (6683, 6692, 6693, 6877, 5.500, 160.68, -16.10, 5.493, 160.64, -16.06, 0.009, 14.45, 37.07);
insert into SHOT values (6684, 6692, 6694, 6877, 9.950, 165.78, -21.93, 9.951, 165.77, -21.89, 0.007, 136.07, 57.46);
insert into SHOT values (6685, 6692, 6695, 6877, 3.470, 8.94, 13.69, 3.471, 8.88, 13.83, 0.010, 263.28, 65.75);
insert into SHOT values (6686, 6692, 6696, 6877, 13.190, 328.66, 10.62, 13.188, 328.66, 10.66, 0.010, 132.29, 67.44);
insert into SHOT values (6687, 6692, 6697, 6877, 1.670, 132.75, 81.46, 1.678, 133.36, 81.52, 0.009, 231.77, 72.51);
insert into SHOT values (6688, 6692, 6698, 6877, 2.010, 292.57, -86.34, 2.004, 292.62, -86.28, 0.006, 296.40, 73.98);
insert into SHOT values (6689, 6692, 6699, 6877, 8.260, 186.53, -14.35, 8.258, 186.53, -14.30, 0.007, 7.29, 87.02);
insert into SHOT values (6690, 6692, 6700, 6877, 11.410, 254.49, -1.47, 11.409, 254.49, -1.46, 0.003, 83.16, 72.01);
insert into SHOT values (6691, 6700, 6701, 6877, 4.380, 169.79, -39.16, 4.374, 169.82, -39.12, 0.007, 320.35, 62.14);
insert into SHOT values (6692, 6700, 6702, 6877, 3.510, 348.83, -1.46, 3.508, 348.82, -1.47, 0.002, 186.23, -13.30);
insert into SHOT values (6693, 6700, 6703, 6877, 14.300, 342.22, -0.43, 14.304, 342.21, -0.44, 0.006, 314.79, -28.99);
insert into SHOT values (6694, 6700, 6704, 6877, 1.140, 121.90, 84.82, 1.144, 122.01, 85.27, 0.010, 300.74, 28.47);
insert into SHOT values (6695, 6700, 6705, 6877, 1.730, 156.57, -89.16, 1.730, 153.43, -89.26, 0.003, 358.52, -3.25);
insert into SHOT values (6696, 6700, 6706, 6877, 7.750, 257.65, -25.17, 7.746, 257.65, -25.13, 0.006, 83.62, 73.30);
insert into SHOT values (6697, 6706, 6707, 6877, 1.500, 176.37, 22.68, 1.495, 176.68, 22.41, 0.011, 279.18, -47.32);
insert into SHOT values (6698, 6706, 6708, 6877, 3.220, 175.22, -5.51, 3.216, 175.34, -5.53, 0.008, 299.30, -5.75);
insert into SHOT values (6699, 6706, 6709, 6877, 2.570, 222.56, -31.89, 2.575, 222.59, -31.88, 0.005, 236.38, -24.91);
insert into SHOT values (6700, 6706, 6710, 6877, 4.610, 10.45, -15.64, 4.615, 10.37, -15.71, 0.010, 309.76, -46.76);
insert into SHOT values (6701, 6706, 6711, 6877, 21.190, 343.22, -3.18, 21.194, 343.22, -3.19, 0.006, 331.30, -48.59);
insert into SHOT values (6702, 6706, 6712, 6877, 8.290, 338.62, 63.41, 8.290, 338.54, 63.36, 0.009, 302.97, -20.15);
insert into SHOT values (6703, 6706, 6713, 6877, 3.360, 299.91, -84.91, 3.363, 299.98, -84.88, 0.004, 310.21, -57.14);
insert into SHOT values (6704, 6706, 6714, 6877, 2.560, 225.32, -31.99, 2.568, 225.37, -31.98, 0.008, 241.78, -28.47);
insert into SHOT values (6705, 6714, 6715, 6877, 2.640, 186.02, 10.54, 2.638, 185.97, 10.48, 0.004, 62.54, -49.61);
insert into SHOT values (6706, 6714, 6716, 6877, 21.280, 359.85, 3.70, 21.284, 359.87, 3.69, 0.008, 51.64, -24.47);
insert into SHOT values (6707, 6714, 6717, 6877, 1.990, 145.03, 89.56, 1.990, 135.00, 89.59, 0.003, 26.20, 1.20);
insert into SHOT values (6708, 6714, 6718, 6877, 1.970, 242.80, -81.19, 1.973, 244.29, -81.26, 0.009, 348.27, -21.85);
insert into SHOT values (6709, 6714, 6719, 6877, 7.650, 232.99, -16.61, 7.646, 232.99, -16.64, 0.006, 54.03, -33.92);
insert into SHOT values (6710, 6714, 6720, 6877, 3.070, 296.24, -44.48, 3.067, 296.33, -44.51, 0.005, 71.87, 11.72);
insert into SHOT values (6711, 6714, 6721, 6877, 16.920, 265.36, -14.43, 16.918, 265.38, -14.44, 0.007, 24.37, -30.44);
insert into SHOT values (6712, 6714, 6722, 6877, 14.960, 288.44, -16.25, 14.959, 288.47, -16.27, 0.009, 34.99, -23.66);
insert into SHOT values (6713, 6714, 6723, 6877, 13.220, 317.54, -18.26, 13.222, 317.58, -18.25, 0.010, 32.25, 13.06);
insert into SHOT values (6714, 6714, 6724, 6877, 17.740, 338.10, -12.91, 17.745, 338.11, -12.89, 0.007, 355.84, 29.00);
insert into SHOT values (6715, 6714, 6725, 6877, 20.650, 267.52, 1.08, 20.653, 267.53, 1.08, 0.005, 318.35, 9.78);
insert into SHOT values (6716, 6714, 6726, 6877, 18.450, 300.43, 1.14, 18.449, 300.46, 1.15, 0.009, 36.57, 18.10);
insert into SHOT values (6717, 6714, 6727, 6877, 20.070, 335.02, 0.99, 20.068, 335.03, 1.00, 0.005, 87.90, 36.70);
insert into SHOT values (6718, 6714, 6728, 6877, 8.170, 333.37, -30.55, 8.168, 333.40, -30.54, 0.005, 82.56, 36.36);
insert into SHOT values (6719, 6714, 6729, 6877, 8.720, 337.32, -28.39, 8.724, 337.31, -28.40, 0.005, 312.91, -53.84);
insert into SURVEY values (6879, 71, 'eureka_matt', 'eureka_matt.clearwater_master', NULL);
 insert into CENTRELINE values (6880, 6879, NULL, NULL, NULL, 0.00, 0.00, 0.00);
 insert into SCRAPS values (6881, 6879, 'EurekaNorthSP1', 1, 37.58495, 1.25938);
 insert into SCRAPS values (6932, 6879, 'ClayHallSP1', 1, 74.66795, 12.69357);
 insert into SCRAPS values (6956, 6879, 'EurekaSP1', 1, 1.32780, 0.12085);
 insert into SCRAPS values (6970, 6879, 'EurekaSP2', 1, 58.97536, 6.51069);
 insert into SCRAPS values (7005, 6879, 'EurekaSP3', 1, 69.85641, 1.81221);
 insert into SCRAPS values (7058, 6879, 'EurekaSouthStrikeSP1', 1, 7.32535, 0.37018);
 insert into SCRAPS values (7092, 6879, 'EurekaSouthStrikeSP2', 1, 75.41976, 9.37888);
 insert into SCRAPS values (7108, 6879, 'EurekaSouthStrikeSP3', 1, 55.65908, 3.57724);
 insert into SCRAPS values (7117, 6879, 'EurekaHLSP1', 1, 68.20329, 4.45091);
 insert into SCRAPS values (7134, 6879, 'EurekaHLSP2', 1, 45.53472, 2.39854);
 insert into SCRAPS values (7151, 6879, 'EurekaHLSP3', 1, 57.66617, 0.74642);
 insert into SCRAPS values (7195, 6879, 'EurekaHLSP4', 1, 1.31927, 0.14127);
 insert into SCRAPS values (7204, 6879, 'EurekaSumpSP1', 1, 4.15254, 0.94977);
 insert into SCRAPS values (7217, 6879, 'EurekaSumpSP2', 1, 2.81554, 0.33360);
 insert into MAPS values (7247, 6879, 'eureka_hl_map', 'Eureka High Level Series', 1, 1439.360, 88.770);
 insert into MAPITEMS values (7247, 4, 7195);
 insert into MAPITEMS values (7247, 4, 7151);
 insert into MAPITEMS values (7247, 4, 7134);
 insert into MAPITEMS values (7247, 4, 7117);
 insert into MAPS values (7248, 6879, 'eureka_main_map_2017', 'Eureka 2017', 1, 1439.360, 88.770);
 insert into MAPITEMS values (7248, 4, 6881);
 insert into MAPITEMS values (7248, 4, 6970);
 insert into MAPITEMS values (7248, 4, 6956);
 insert into MAPITEMS values (7248, 4, 7005);
 insert into MAPITEMS values (7248, 4, 7058);
 insert into MAPITEMS values (7248, 4, 7092);
 insert into MAPITEMS values (7248, 4, 7108);
 insert into MAPITEMS values (7248, 4, 7204);
 insert into MAPITEMS values (7248, 4, 7217);
 insert into MAPS values (7249, 6879, 'clay_hall_map', 'Clay Hall', 1, 1439.360, 88.770);
 insert into MAPITEMS values (7249, 4, 6932);
 insert into MAPS values (7250, 6879, 'eureka_chamber_map_2017', 'Eureka Chamber 2017', 1, 1439.360, 88.770);
 insert into MAPITEMS values (7250, 4, 7247);
 insert into MAPITEMS values (7250, 4, 7248);
 insert into MAPS values (7251, 6879, 'eureka_main_map', 'Eureka Main Passage', 1, 1439.360, 88.770);
 insert into MAPITEMS values (7251, 4, 6881);
 insert into MAPITEMS values (7251, 4, 6970);
 insert into MAPITEMS values (7251, 4, 6956);
 insert into MAPITEMS values (7251, 4, 7005);
 insert into MAPITEMS values (7251, 4, 7058);
 insert into MAPITEMS values (7251, 4, 7092);
 insert into MAPITEMS values (7251, 4, 7108);
 insert into MAPS values (7252, 6879, 'eureka_sump_map', NULL, 1, 1439.360, 88.770);
 insert into MAPITEMS values (7252, 4, 7204);
 insert into MAPITEMS values (7252, 4, 7217);
 insert into MAPS values (7253, 6879, 'eureka_matt_m', 'Eureka Chamber', 1, 1439.360, 88.770);
 insert into MAPITEMS values (7253, 4, 7247);
 insert into MAPITEMS values (7253, 4, 7251);
 insert into MAPITEMS values (7253, 4, 7252);
 insert into CENTRELINE values (7254, 6879, NULL, NULL, NULL, 1439.36, 0.00, 260.20);
 insert into SHOT values (6720, 6730, 6731, 7254, 5.640, 169.86, 20.42, 5.647, 169.88, 20.42, 0.007, 184.49, 17.52);
insert into SHOT values (6721, 6731, 6732, 7254, 7.410, 212.70, 1.51, 7.406, 212.70, 1.55, 0.006, 27.57, 50.75);
insert into SHOT values (6722, 6732, 6733, 7254, 6.210, 196.41, -9.30, 6.212, 196.39, -9.36, 0.007, 133.83, -74.14);
insert into SHOT values (6723, 6733, 6734, 7254, 9.740, 123.35, 26.72, 9.795, 124.16, 27.02, 0.145, 201.97, 29.19);
insert into SHOT values (6724, 6734, 6735, 7254, 12.850, 46.77, 20.97, 12.819, 47.76, 21.99, 0.310, 165.88, 40.51);
insert into SHOT values (6725, 6735, 6736, 7254, 4.380, 30.19, 52.23, 4.374, 30.55, 52.94, 0.057, 190.51, 29.16);
insert into SHOT values (6726, 6736, 6737, 7254, 10.020, 93.91, 33.34, 10.049, 94.88, 33.80, 0.165, 192.74, 30.17);
insert into SHOT values (6727, 6737, 6738, 7254, 4.850, 165.05, 12.67, 4.932, 165.30, 12.89, 0.086, 180.52, 24.83);
insert into SHOT values (6728, 6738, 6739, 7254, 6.760, 141.80, -31.44, 6.772, 142.13, -30.83, 0.080, 176.71, 44.20);
insert into SHOT_FLAG values(6728, 'dpl');
insert into SHOT values (6729, 6739, 6740, 7254, 14.210, 89.67, -9.85, 14.213, 90.69, -9.19, 0.299, 173.24, 32.52);
insert into SHOT_FLAG values(6729, 'dpl');
insert into SHOT values (6730, 6740, 6741, 7254, 12.380, 168.80, -17.19, 12.416, 168.92, -16.37, 0.182, 184.67, 60.85);
insert into SHOT_FLAG values(6730, 'dpl');
insert into SHOT values (6731, 6741, 6742, 7254, 15.480, 119.05, -22.98, 15.488, 119.92, -22.07, 0.328, 184.44, 42.90);
insert into SHOT_FLAG values(6731, 'dpl');
insert into SHOT values (6732, 6742, 6743, 7254, 16.060, 184.20, -2.57, 16.118, 184.06, -1.74, 0.243, 153.17, 71.37);
insert into SHOT_FLAG values(6732, 'dpl');
insert into SHOT values (6733, 6743, 6744, 7254, 17.090, 229.96, -2.46, 17.144, 228.62, -1.44, 0.507, 148.49, 36.81);
insert into SHOT_FLAG values(6733, 'dpl');
insert into SHOT values (6734, 6744, 6745, 7254, 9.640, 209.36, 9.87, 9.711, 208.84, 10.26, 0.129, 153.33, 36.83);
insert into SHOT_FLAG values(6734, 'dpl');
insert into SHOT values (6735, 6745, 6746, 7254, 10.630, 251.53, 6.51, 10.665, 250.40, 7.11, 0.239, 166.91, 28.72);
insert into SHOT_FLAG values(6735, 'dpl');
insert into SHOT values (6736, 6746, 6747, 7254, 8.930, 226.62, -14.78, 8.974, 225.88, -14.06, 0.165, 168.78, 36.62);
insert into SHOT_FLAG values(6736, 'dpl');
insert into SHOT values (6737, 6747, 6748, 7254, 9.050, 241.99, -16.35, 9.074, 241.12, -15.66, 0.173, 173.23, 34.36);
insert into SHOT_FLAG values(6737, 'dpl');
insert into SHOT values (6738, 6748, 6749, 7254, 7.820, 284.31, 2.20, 7.802, 283.43, 2.72, 0.140, 183.87, 29.84);
insert into SHOT values (6739, 6749, 6750, 7254, 12.350, 24.89, 26.59, 12.307, 25.39, 27.75, 0.270, 172.98, 48.41);
insert into SHOT values (6740, 6750, 6751, 7254, 13.990, 340.46, 30.61, 13.955, 340.03, 32.02, 0.358, 183.24, 50.55);
insert into SHOT values (6741, 6751, 6752, 7254, 3.730, 58.23, 36.58, 3.727, 58.28, 36.75, 0.012, 222.66, 36.63);
insert into SHOT values (6742, 6752, 6753, 7254, 11.260, 12.45, 4.01, 11.261, 12.44, 3.97, 0.008, 317.26, -72.65);
insert into SHOT values (6743, 6753, 6754, 7254, 12.400, 65.77, 14.47, 12.402, 65.76, 14.47, 0.003, 23.44, 30.40);
insert into SHOT values (6744, 6754, 6755, 7254, 10.460, 13.39, 1.70, 10.459, 13.38, 1.70, 0.002, 226.44, -10.23);
insert into SHOT values (6745, 6755, 6756, 7254, 6.280, 358.22, 9.33, 6.276, 358.24, 9.35, 0.005, 147.67, 22.04);
insert into SHOT values (6746, 6756, 6757, 7254, 9.480, 359.22, -12.03, 9.478, 359.26, -12.00, 0.009, 98.66, 42.96);
insert into SHOT values (6747, 6757, 6758, 7254, 3.870, 356.36, 16.38, 3.874, 356.30, 16.34, 0.006, 316.86, -12.32);
insert into SHOT values (6748, 6757, 6759, 7254, 5.060, 274.25, 38.43, 5.063, 274.33, 38.33, 0.011, 311.51, -28.34);
insert into SHOT values (6749, 6759, 6760, 7254, 9.640, 225.96, -17.42, 9.644, 225.92, -17.44, 0.007, 162.17, -32.61);
insert into SHOT values (6750, 6760, 6761, 7254, 5.860, 229.97, -19.78, 5.853, 230.01, -19.77, 0.008, 18.99, 23.47);
insert into SHOT values (6751, 6761, 6762, 7254, 3.530, 284.33, -32.13, 3.534, 284.31, -32.13, 0.004, 271.80, -35.41);
insert into SHOT values (6752, 6762, 6763, 7254, 21.400, 335.29, -40.09, 21.396, 335.30, -40.09, 0.005, 124.89, 16.68);
insert into SHOT values (6753, 6763, 6764, 7254, 4.170, 218.18, -7.37, 4.171, 218.23, -7.30, 0.006, 282.91, 52.48);
insert into SHOT values (6754, 6761, 6765, 7254, 6.720, 222.11, 9.38, 6.724, 222.13, 9.41, 0.006, 251.63, 47.70);
insert into SHOT values (6755, 6765, 6766, 7254, 4.170, 196.42, -13.61, 4.170, 196.33, -13.59, 0.006, 112.89, 11.50);
insert into SHOT values (6756, 6766, 6767, 7254, 2.890, 160.82, -19.17, 2.890, 160.97, -19.19, 0.007, 255.38, -8.11);
insert into SHOT values (6757, 6730, 6768, 7254, 3.790, 17.23, 5.73, 3.789, 17.28, 5.76, 0.004, 121.56, 24.63);
insert into SHOT values (6758, 6768, 6769, 7254, 5.270, 33.16, 0.73, 5.268, 33.15, 0.76, 0.004, 239.10, 46.28);
insert into SHOT values (6759, 6769, 6770, 7254, 4.530, 335.09, -6.30, 4.524, 335.14, -6.35, 0.008, 120.13, -21.16);
insert into SHOT values (6760, 6770, 6771, 7254, 3.010, 291.16, -12.98, 3.013, 291.15, -12.85, 0.008, 284.78, 51.53);
insert into SHOT values (6761, 6771, 6772, 7254, 2.580, 347.33, -18.78, 2.585, 347.50, -18.73, 0.009, 40.12, 3.80);
insert into SHOT values (6762, 6772, 6773, 7254, 3.110, 332.08, 30.13, 3.105, 332.00, 30.16, 0.007, 184.52, -9.33);
insert into SHOT_FLAG values(6762, 'dpl');
insert into SHOT values (6763, 6773, 6774, 7254, 4.180, 268.47, -7.42, 4.186, 268.48, -7.41, 0.007, 275.93, -1.65);
insert into SHOT_FLAG values(6763, 'dpl');
insert into SHOT values (6764, 6774, 6775, 7254, 3.690, 314.07, 20.34, 3.687, 314.18, 20.31, 0.007, 59.38, -20.78);
insert into SHOT_FLAG values(6764, 'dpl');
insert into SHOT values (6765, 6775, 6776, 7254, 7.860, 285.59, -6.43, 7.867, 285.58, -6.42, 0.007, 277.54, 1.97);
insert into SHOT_FLAG values(6765, 'dpl');
insert into SHOT values (6766, 6776, 6777, 7254, 8.760, 302.86, -7.89, 8.753, 302.90, -7.88, 0.009, 77.58, 15.62);
insert into SHOT_FLAG values(6766, 'dpl');
insert into SHOT values (6767, 6777, 6778, 7254, 19.410, 0.50, 1.17, 19.405, 0.47, 1.15, 0.012, 240.84, -30.61);
insert into SHOT_FLAG values(6767, 'dpl');
insert into SHOT values (6768, 6778, 6779, 7254, 7.850, 348.91, 3.22, 7.847, 348.96, 3.21, 0.008, 99.37, -6.95);
insert into SHOT_FLAG values(6768, 'dpl');
insert into SHOT values (6769, 6779, 6780, 7254, 6.450, 250.94, 4.18, 6.450, 250.95, 4.18, 0.001, 14.16, -11.09);
insert into SHOT_FLAG values(6769, 'dpl');
insert into SHOT values (6770, 6780, 6781, 7254, 2.640, 350.67, -38.94, 2.638, 350.49, -38.72, 0.012, 297.90, 49.04);
insert into SHOT_FLAG values(6770, 'dpl');
insert into SHOT values (6771, 6751, 6782, 7254, 5.700, 253.10, -34.70, 5.689, 252.53, -34.35, 0.059, 175.40, 36.09);
insert into SHOT values (6772, 6782, 6751, 7254, 5.680, 72.70, 34.60, 5.689, 72.53, 34.35, 0.030, 39.33, -31.15);
insert into SHOT values (6773, 6782, 6783, 7254, 7.480, 343.90, 7.40, 7.410, 343.61, 7.99, 0.110, 188.50, 37.21);
insert into SHOT values (6774, 6783, 6784, 7254, 9.270, 184.80, -29.10, 9.269, 184.75, -29.12, 0.008, 79.36, -11.92);
insert into SHOT values (6775, 6784, 6785, 7254, 9.580, 180.30, -46.90, 9.573, 180.35, -46.90, 0.009, 314.73, 31.58);
insert into SHOT values (6776, 6783, 6786, 7254, 7.960, 358.70, -36.60, 7.875, 358.73, -36.73, 0.087, 176.38, 24.49);
insert into SHOT values (6777, 6786, 6787, 7254, 10.660, 290.50, -36.10, 10.677, 290.96, -37.50, 0.270, 85.07, -54.16);
insert into SHOT values (6778, 6787, 6788, 7254, 5.770, 293.20, 12.60, 5.706, 293.54, 11.83, 0.105, 78.14, -57.32);
insert into SHOT values (6779, 6788, 6789, 7254, 5.920, 348.30, -18.40, 5.958, 348.83, -19.21, 0.106, 68.48, -59.97);
insert into SHOT values (6780, 6789, 6790, 7254, 5.100, 280.90, 0.40, 5.056, 281.18, -0.34, 0.083, 71.91, -52.49);
insert into SHOT values (6781, 6790, 6791, 7254, 9.890, 197.60, -11.90, 9.879, 196.93, -13.23, 0.255, 79.03, -59.78);
insert into SHOT values (6782, 6791, 6792, 7254, 11.740, 221.20, 5.00, 11.738, 221.19, 5.03, 0.008, 94.19, 62.09);
insert into SHOT values (6783, 6792, 6793, 7254, 17.030, 243.20, 9.80, 17.033, 243.19, 9.80, 0.004, 196.61, 19.52);
insert into SHOT values (6784, 6793, 6794, 7254, 11.570, 189.40, -15.40, 11.567, 189.39, -15.44, 0.009, 20.89, -55.63);
insert into SHOT values (6785, 6794, 6795, 7254, 10.020, 260.70, -19.40, 10.021, 260.69, -19.35, 0.009, 229.62, 63.49);
insert into SHOT values (6786, 6795, 6796, 7254, 11.110, 154.00, -31.10, 11.110, 154.00, -31.11, 0.001, 320.65, -71.40);
insert into SHOT values (6787, 6795, 6797, 7254, 14.620, 255.70, 14.90, 14.617, 255.70, 14.87, 0.009, 114.07, -85.55);
insert into SHOT values (6788, 6797, 6798, 7254, 16.890, 39.70, 4.20, 16.890, 39.70, 4.21, 0.003, 144.52, 83.95);
insert into SHOT values (6789, 6791, 6799, 7254, 12.770, 155.70, 0.10, 12.788, 154.72, -1.39, 0.398, 69.02, -56.55);
insert into SHOT values (6790, 6799, 6800, 7254, 3.700, 175.80, -13.80, 3.701, 175.36, -14.56, 0.056, 63.22, -57.63);
insert into SHOT values (6791, 6800, 6801, 7254, 3.970, 133.60, -8.00, 4.009, 133.16, -8.75, 0.072, 88.47, -53.18);
insert into SHOT values (6792, 6801, 6802, 7254, 9.030, 206.00, 0.70, 8.991, 205.42, -0.38, 0.197, 92.62, -60.01);
insert into SHOT values (6793, 6803, 6802, 7254, 14.570, 155.10, -49.60, 14.505, 155.81, -48.60, 0.288, 193.95, 48.57);
insert into SHOT values (6794, 6803, 6804, 7254, 5.910, 261.10, 19.60, 5.933, 260.40, 19.91, 0.078, 179.56, 28.64);
insert into SHOT values (6795, 6804, 6805, 7254, 4.810, 282.10, -10.10, 4.782, 281.38, -9.75, 0.072, 170.70, 27.83);
insert into SHOT values (6796, 6805, 6806, 7254, 4.770, 346.80, 14.90, 4.705, 346.61, 15.53, 0.085, 178.08, 23.26);
insert into SHOT values (6797, 6806, 6807, 7254, 6.230, 262.30, -10.40, 6.240, 261.58, -9.97, 0.091, 185.50, 29.36);
insert into SHOT values (6798, 6803, 6808, 7254, 17.980, 56.00, 13.70, 18.084, 54.88, 10.16, 1.170, 9.39, -65.89);
insert into SHOT values (6799, 6808, 6786, 7254, 8.110, 56.30, -17.10, 8.244, 55.72, -18.24, 0.225, 10.95, -60.36);
insert into SHOT values (6800, 6786, 6809, 7254, 1.870, 32.80, -36.40, 1.864, 32.74, -36.54, 0.007, 225.94, -2.36);
insert into SHOT values (6801, 6809, 6810, 7254, 16.170, 267.10, 13.90, 16.165, 267.11, 13.92, 0.009, 57.09, 35.94);
insert into SHOT values (6802, 6789, 6811, 7254, 11.760, 351.00, -3.70, 11.760, 350.98, -3.71, 0.004, 256.44, -14.40);
insert into SHOT values (6803, 6811, 6812, 7254, 5.740, 327.50, 2.40, 5.737, 327.61, 2.40, 0.012, 74.41, -1.77);
insert into SHOT values (6804, 6811, 6812, 7254, 5.740, 327.60, 2.30, 5.737, 327.61, 2.40, 0.010, 128.70, 67.17);
insert into SHOT values (6805, 6812, 6813, 7254, 6.780, 343.00, -5.50, 6.778, 342.93, -5.50, 0.008, 240.35, -1.21);
insert into SHOT values (6806, 6813, 6814, 7254, 5.500, 12.30, 2.50, 5.501, 12.29, 2.50, 0.001, 337.97, 3.63);
insert into SHOT values (6807, 6814, 6815, 7254, 5.890, 225.90, -6.80, 5.890, 225.90, -6.83, 0.003, 5.96, -87.95);
insert into SHOT values (6808, 6731, 6816, 7254, 1.230, 272.80, 8.50, 1.225, 272.84, 8.45, 0.005, 83.49, -19.60);
insert into SHOT values (6809, 6816, 6817, 7254, 10.250, 270.50, 0.00, 10.240, 270.39, 0.22, 0.046, 153.70, 61.53);
insert into SHOT values (6810, 6817, 6816, 7254, 10.220, 90.30, -0.40, 10.240, 90.39, -0.22, 0.041, 128.96, 50.09);
insert into SHOT values (6811, 6817, 6818, 7254, 23.910, 30.30, 39.00, 23.918, 30.30, 38.99, 0.009, 36.96, 19.21);
insert into SHOT values (6812, 6819, 6807, 7254, 7.510, 224.20, -34.80, 7.488, 224.80, -35.61, 0.126, 5.26, -36.07);
insert into SHOT values (6813, 6819, 6820, 7254, 2.680, 53.00, 9.80, 2.644, 53.44, 10.24, 0.046, 205.92, 17.56);
insert into SHOT values (6814, 6820, 6821, 7254, 2.480, 340.80, 55.80, 2.464, 340.77, 56.32, 0.028, 162.31, -2.39);
insert into SHOT values (6815, 6821, 6822, 7254, 9.560, 66.80, 23.10, 9.556, 67.39, 23.50, 0.111, 175.39, 32.11);
insert into SHOT values (6816, 6822, 6823, 7254, 10.270, 213.00, 3.00, 10.280, 212.99, 3.01, 0.010, 206.00, 14.60);
insert into SHOT values (6817, 6823, 6824, 7254, 3.420, 268.90, 4.20, 3.420, 268.99, 4.19, 0.006, 1.95, -4.95);
insert into SHOT values (6818, 6824, 6825, 7254, 6.360, 216.10, -20.30, 6.359, 216.06, -20.34, 0.006, 94.55, -37.45);
insert into SHOT values (6819, 6822, 6826, 7254, 5.490, 55.70, 8.50, 5.461, 56.10, 8.74, 0.053, 186.26, 20.30);
insert into SHOT values (6820, 6826, 6827, 7254, 9.240, 4.40, 2.80, 9.192, 4.50, 3.12, 0.072, 166.99, 42.47);
insert into SHOT values (6821, 6827, 6828, 7254, 7.270, 351.60, -11.10, 7.218, 351.56, -10.94, 0.056, 177.40, 31.95);
insert into SHOT values (6822, 6828, 6829, 7254, 6.850, 18.90, -9.00, 6.800, 19.11, -8.80, 0.060, 170.54, 31.46);
insert into SHOT values (6823, 6829, 6830, 7254, 3.170, 36.10, -33.90, 3.124, 36.52, -34.07, 0.050, 192.59, 20.98);
insert into SHOT values (6824, 6830, 6831, 7254, 4.910, 18.50, -2.50, 4.861, 18.73, -2.24, 0.057, 176.12, 24.95);
insert into SHOT values (6825, 6831, 6832, 7254, 13.110, 333.40, -38.70, 13.031, 332.90, -38.88, 0.126, 198.12, 7.73);
insert into SHOT values (6826, 6832, 6833, 7254, 3.770, 134.10, -2.70, 3.822, 134.58, -2.40, 0.064, 165.20, 16.00);
insert into SHOT values (6827, 6833, 6834, 7254, 12.620, 79.80, -39.40, 12.581, 80.88, -38.96, 0.213, 160.62, 28.14);
insert into SHOT values (6828, 6834, 6733, 7254, 4.100, 103.40, -9.80, 4.109, 104.14, -9.52, 0.057, 180.19, 18.40);
insert into SHOT values (6829, 6831, 6835, 7254, 8.960, 149.50, 14.70, 8.942, 149.23, 14.44, 0.060, 48.71, -46.34);
insert into SHOT values (6830, 6835, 6836, 7254, 4.560, 178.60, 20.00, 4.544, 178.39, 19.94, 0.023, 48.13, -25.06);
insert into SHOT values (6831, 6836, 6829, 7254, 9.330, 303.00, -11.10, 9.339, 303.33, -11.36, 0.068, 33.11, -40.08);
insert into SHOT values (6832, 6829, 6837, 7254, 12.080, 231.60, -5.60, 12.069, 231.94, -5.99, 0.109, 337.40, -47.93);
insert into SHOT values (6833, 6837, 6838, 7254, 12.960, 245.70, -1.90, 12.945, 246.15, -2.26, 0.131, 346.16, -37.86);
insert into SHOT values (6834, 6838, 6839, 7254, 7.000, 271.30, -21.80, 7.002, 271.23, -21.80, 0.008, 196.95, -3.12);
insert into SHOT values (6835, 6839, 6840, 7254, 3.890, 262.60, 7.10, 3.891, 262.71, 7.09, 0.007, 344.57, -6.21);
insert into SHOT values (6836, 6839, 6841, 7254, 1.470, 313.10, -14.90, 1.472, 313.01, -14.96, 0.003, 256.90, -35.50);
insert into SHOT values (6837, 6841, 6842, 7254, 9.100, 64.20, -1.30, 9.109, 64.22, -1.32, 0.010, 87.41, -21.04);
insert into SHOT values (6838, 6838, 6843, 7254, 7.320, 168.60, -4.40, 7.300, 168.50, -4.64, 0.038, 16.87, -48.06);
insert into SHOT values (6839, 6843, 6844, 7254, 8.290, 269.10, -6.40, 8.293, 269.10, -6.44, 0.007, 257.43, -65.12);
insert into SHOT values (6840, 6843, 6845, 7254, 10.360, 150.10, -2.90, 10.340, 149.88, -3.22, 0.072, 29.40, -50.90);
insert into SHOT values (6841, 6845, 6820, 7254, 2.460, 156.50, -48.10, 2.455, 156.43, -48.54, 0.020, 342.95, -27.37);
insert into SHOT values (6842, 6738, 6846, 7254, 14.610, 33.30, 4.00, 14.592, 33.54, 4.21, 0.082, 143.30, 38.42);
insert into SHOT values (6843, 6846, 6847, 7254, 14.650, 213.70, -4.00, 14.653, 213.70, -4.03, 0.008, 220.41, -75.74);
insert into SHOT values (6844, 6846, 6848, 7254, 21.230, 25.80, -2.80, 21.204, 26.04, -2.65, 0.110, 130.61, 31.37);
insert into SHOT values (6845, 6848, 6849, 7254, 16.660, 14.20, 18.30, 16.646, 14.11, 18.38, 0.038, 244.87, 29.57);
insert into SHOT values (6846, 6850, 6849, 7254, 9.980, 216.20, -40.50, 9.976, 216.25, -40.58, 0.016, 8.26, -31.20);
insert into SHOT values (6847, 6850, 6851, 7254, 14.080, 60.20, 22.10, 14.061, 60.30, 22.19, 0.037, 197.44, 20.09);
insert into SHOT values (6848, 6852, 6851, 7254, 10.030, 210.80, -27.10, 10.027, 210.82, -27.18, 0.015, 11.56, -48.27);
insert into SHOT values (6849, 6849, 6853, 7254, 11.890, 247.70, -6.70, 11.885, 247.69, -6.72, 0.006, 80.68, -26.08);
insert into SHOT values (6850, 6853, 6854, 7254, 12.290, 283.80, -0.80, 12.295, 283.79, -0.79, 0.006, 257.71, 14.74);
insert into SHOT values (6851, 6848, 6855, 7254, 13.880, 129.50, -14.50, 13.893, 129.64, -14.25, 0.070, 178.66, 52.47);
insert into SHOT_FLAG values(6851, 'dpl');
insert into SHOT values (6852, 6855, 6856, 7254, 15.790, 103.60, -46.30, 15.789, 103.78, -46.06, 0.074, 140.58, 38.19);
insert into SHOT_FLAG values(6852, 'dpl');
insert into SHOT values (6853, 6856, 6857, 7254, 16.210, 36.90, -7.80, 16.197, 37.18, -7.66, 0.088, 132.77, 27.13);
insert into SHOT_FLAG values(6853, 'dpl');
insert into SHOT values (6854, 6857, 6858, 7254, 16.520, 355.10, -2.30, 16.524, 355.10, -2.29, 0.005, 359.22, 39.31);
insert into SHOT values (6855, 6858, 6859, 7254, 27.260, 266.90, -1.10, 27.265, 266.91, -1.11, 0.009, 308.60, -46.77);
insert into SHOT values (6856, 6858, 6860, 7254, 6.200, 152.40, -13.60, 6.199, 152.41, -13.62, 0.003, 282.00, -47.56);
insert into SHOT values (6857, 6857, 6861, 7254, 16.650, 70.30, 17.30, 16.649, 70.62, 17.48, 0.102, 171.25, 28.48);
insert into SHOT_FLAG values(6857, 'dpl');
insert into SHOT values (6858, 6861, 6862, 7254, 13.490, 120.80, 29.20, 13.509, 120.94, 29.25, 0.036, 189.12, 31.43);
insert into SHOT_FLAG values(6858, 'dpl');
insert into SHOT values (6859, 6862, 6863, 7254, 27.460, 350.80, 27.90, 27.473, 351.08, 27.75, 0.140, 59.82, -25.00);
insert into SHOT values (6860, 6863, 6864, 7254, 14.920, 6.50, 12.70, 14.930, 6.62, 12.65, 0.035, 75.13, -16.81);
insert into SHOT values (6861, 6864, 6865, 7254, 25.250, 258.30, 25.90, 25.245, 258.58, 26.06, 0.132, 5.86, 27.50);
insert into SHOT values (6862, 6864, 6866, 7254, 16.000, 263.00, 15.40, 16.000, 263.00, 15.40, 0.001, 100.48, 63.22);
insert into SHOT values (6863, 6866, 6867, 7254, 11.780, 184.30, -28.90, 11.784, 184.33, -28.87, 0.010, 228.08, 18.69);
insert into SHOT values (6864, 6867, 6868, 7254, 4.510, 199.30, -50.00, 4.501, 199.19, -50.04, 0.011, 53.41, 25.58);
insert into SHOT values (6865, 6865, 6852, 7254, 7.320, 275.70, -1.40, 7.310, 275.81, -1.33, 0.020, 41.40, 26.69);
insert into SHOT values (6866, 6862, 6869, 7254, 22.140, 115.30, 28.30, 22.149, 115.92, 28.36, 0.213, 206.42, 6.40);
insert into SHOT values (6867, 6869, 6870, 7254, 19.420, 47.30, 36.20, 19.423, 47.30, 36.19, 0.004, 51.09, 6.42);
insert into SHOT values (6868, 6870, 6871, 7254, 6.050, 90.00, 11.70, 6.046, 90.00, 11.74, 0.005, 270.00, 36.12);
insert into SHOT values (6869, 6871, 6872, 7254, 8.170, 48.20, 14.90, 8.171, 48.23, 14.89, 0.005, 120.16, -8.96);
insert into SHOT values (6870, 6872, 6873, 7254, 17.300, 43.80, 4.80, 17.303, 43.78, 4.77, 0.011, 344.16, -44.99);
insert into SHOT values (6871, 6873, 6874, 7254, 7.130, 36.40, 7.00, 7.126, 36.43, 7.01, 0.006, 175.69, 9.91);
insert into SHOT values (6872, 6875, 6876, 7254, 14.840, 192.10, -38.60, 14.841, 192.09, -38.61, 0.002, 84.89, -55.67);
insert into SHOT values (6873, 6876, 6871, 7254, 26.950, 267.00, -5.10, 26.953, 266.99, -5.09, 0.008, 214.16, 42.60);
insert into SHOT values (6874, 6869, 6877, 7254, 22.130, 191.80, -25.50, 22.144, 191.73, -25.00, 0.194, 177.28, 59.62);
insert into SHOT values (6875, 6877, 6878, 7254, 30.590, 245.10, -24.20, 30.598, 244.29, -23.72, 0.468, 170.39, 29.36);
insert into SHOT values (6876, 6878, 6879, 7254, 17.210, 250.80, -1.70, 17.229, 250.25, -1.53, 0.174, 167.67, 16.89);
insert into SHOT values (6877, 6879, 6880, 7254, 9.410, 222.60, 18.50, 9.430, 222.42, 18.55, 0.036, 161.84, 23.28);
insert into SHOT values (6878, 6880, 6881, 7254, 14.460, 221.90, -6.10, 14.479, 221.59, -5.95, 0.088, 148.26, 24.52);
insert into SHOT values (6879, 6881, 6743, 7254, 8.270, 168.50, -1.40, 8.296, 168.60, -1.24, 0.037, 196.23, 36.67);
insert into SHOT values (6880, 6882, 6883, 7254, 2.850, 231.00, -21.70, 2.839, 231.00, -21.71, 0.011, 50.75, 20.31);
insert into SHOT values (6881, 6883, 6882, 7254, 2.830, 51.30, 21.80, 2.839, 51.00, 21.71, 0.017, 357.75, -3.25);
insert into SHOT values (6882, 6883, 6884, 7254, 3.400, 81.00, -65.70, 3.400, 80.94, -65.73, 0.003, 300.33, -28.88);
insert into SHOT values (6883, 6884, 6885, 7254, 1.040, 329.20, 35.60, 1.042, 328.92, 35.14, 0.010, 297.48, -34.41);
insert into SHOT values (6884, 6885, 6886, 7254, 9.990, 170.80, -49.30, 9.988, 170.73, -49.28, 0.009, 85.52, 23.91);
insert into SHOT values (6885, 6886, 6887, 7254, 3.580, 126.70, -50.50, 3.575, 126.77, -50.54, 0.006, 278.75, 22.48);
insert into SHOT values (6886, 6887, 6888, 7254, 3.940, 196.10, -8.40, 3.945, 196.07, -8.45, 0.007, 170.08, -40.35);
insert into SHOT values (6887, 6888, 6889, 7254, 8.070, 205.90, -0.00, 8.068, 205.87, 0.00, 0.005, 96.50, 0.00);
insert into SHOT values (6888, 6886, 6890, 7254, 5.970, 333.60, 25.30, 5.966, 333.58, 25.30, 0.005, 181.76, -16.45);
insert into SHOT values (6889, 6890, 6891, 7254, 9.910, 322.60, 46.00, 9.911, 322.61, 46.00, 0.002, 45.38, 38.20);
insert into SHOT values (6890, 6892, 6883, 7254, 3.900, 130.10, -30.20, 3.900, 130.07, -30.17, 0.003, 56.42, 41.05);
insert into SHOT values (6891, 6892, 6893, 7254, 3.990, 248.40, 6.10, 3.991, 248.41, 6.04, 0.004, 292.69, -72.00);
insert into SHOT values (6892, 6893, 6894, 7254, 7.160, 256.90, 35.40, 7.165, 256.94, 35.39, 0.007, 296.76, 20.62);
insert into SHOT values (6893, 6882, 6895, 7254, 5.400, 31.80, 25.30, 5.400, 31.77, 25.32, 0.004, 286.66, 39.64);
insert into SHOT values (6894, 6895, 6896, 7254, 6.850, 329.80, 79.80, 6.849, 329.85, 79.79, 0.002, 6.33, -47.08);
insert into SHOT values (6895, 6897, 6896, 7254, 4.670, 114.80, -53.40, 4.665, 114.72, -53.51, 0.011, 316.19, -4.39);
insert into SHOT values (6896, 6897, 6796, 7254, 5.190, 51.30, 37.50, 5.191, 51.21, 37.50, 0.007, 328.37, 4.62);
insert into SHOT values (6897, 6797, 6898, 7254, 2.950, 200.40, 26.20, 2.952, 200.35, 26.35, 0.008, 71.11, 69.74);
insert into SHOT values (6898, 6898, 6899, 7254, 3.650, 299.20, 13.90, 3.655, 299.16, 13.77, 0.010, 281.54, -43.17);
insert into SHOT values (6899, 6899, 6900, 7254, 2.090, 246.30, -0.90, 2.087, 246.26, -0.82, 0.004, 90.54, 38.95);
insert into SHOT values (6900, 6900, 6901, 7254, 2.480, 224.50, 1.30, 2.483, 224.51, 1.38, 0.005, 233.98, 54.03);
insert into SHOT values (6901, 6901, 6902, 7254, 3.260, 337.40, -6.60, 3.259, 337.48, -6.70, 0.007, 86.43, -49.64);
insert into SHOT values (6902, 6902, 6903, 7254, 5.960, 259.50, 0.40, 5.961, 259.46, 0.38, 0.004, 179.17, -22.39);
insert into SHOT values (6903, 6903, 6904, 7254, 2.330, 254.70, 0.30, 2.331, 254.83, 0.49, 0.010, 331.53, 54.92);
insert into SHOT values (6904, 6904, 6905, 7254, 2.340, 215.10, 22.10, 2.346, 215.08, 22.03, 0.007, 208.39, -2.97);
insert into SURVEY values (7256, 71, 'clearwater_stream_to_sump_1', 'clearwater_stream_to_sump_1.clearwater_master', NULL);
 insert into CENTRELINE values (7257, 7256, NULL, NULL, NULL, 0.00, 0.00, 0.00);
 insert into CENTRELINE values (7258, 7256, NULL, '2017-04-17', NULL, 1645.34, 0.00, 0.00);
 insert into SHOT values (6905, 6906, 6907, 7258, 30.490, 78.60, -28.18, 30.506, 78.47, -28.25, 0.073, 344.76, -34.60);
insert into SHOT values (6906, 6907, 6906, 7258, 30.520, 258.36, 28.32, 30.506, 258.47, 28.25, 0.066, 343.11, -36.01);
insert into SHOT values (6907, 6907, 6908, 7258, 27.900, 44.59, 7.80, 27.900, 44.60, 7.81, 0.008, 137.94, 27.17);
insert into SHOT values (6908, 6908, 6909, 7258, 10.340, 26.52, -12.82, 10.337, 26.51, -12.80, 0.005, 232.98, 62.18);
insert into SHOT values (6909, 6908, 6910, 7258, 10.510, 26.36, 8.07, 10.516, 26.34, 8.09, 0.008, 356.88, 37.00);
insert into SHOT values (6910, 6907, 6911, 7258, 25.300, 310.73, -3.11, 25.294, 310.73, -3.10, 0.006, 134.23, 25.44);
insert into SHOT values (6911, 6911, 6912, 7258, 22.870, 350.95, 2.02, 22.870, 350.94, 2.03, 0.006, 255.41, 37.57);
insert into SHOT values (6912, 6912, 6913, 7258, 19.020, 333.45, -7.42, 19.019, 333.45, -7.43, 0.004, 169.01, -64.24);
insert into SHOT values (6913, 6913, 6914, 7258, 0.520, 113.11, -74.16, 0.519, 111.04, -74.43, 0.006, 354.55, 2.54);
insert into SHOT values (6914, 6913, 6915, 7258, 5.080, 24.81, 65.22, 5.080, 24.64, 65.16, 0.008, 334.81, -15.58);
insert into SHOT values (6915, 6913, 6916, 7258, 29.410, 357.73, 1.36, 29.411, 357.74, 1.36, 0.005, 73.43, 22.55);
insert into SHOT values (6916, 6916, 6917, 7258, 17.640, 46.42, 12.52, 17.635, 46.41, 12.51, 0.006, 255.21, -39.10);
insert into SHOT values (6917, 6917, 6918, 7258, 23.310, 50.73, 3.06, 23.314, 50.72, 3.07, 0.009, 358.09, 41.64);
insert into SHOT values (6918, 6918, 6919, 7258, 11.970, 76.77, -4.86, 11.970, 76.77, -4.89, 0.006, 313.20, -84.50);
insert into SHOT values (6919, 6919, 6920, 7258, 15.700, 129.58, 5.56, 15.707, 129.58, 5.55, 0.007, 120.31, -8.79);
insert into SHOT values (6920, 6920, 6921, 7258, 12.800, 44.74, 28.76, 12.795, 44.71, 28.78, 0.009, 267.35, 9.38);
insert into SHOT values (6921, 6921, 6922, 7258, 6.820, 24.92, 5.14, 6.823, 24.98, 5.13, 0.008, 91.20, -7.19);
insert into SHOT values (6922, 6922, 6923, 7258, 16.400, 55.76, -8.68, 16.396, 55.76, -8.66, 0.006, 230.96, 58.36);
insert into SHOT values (6923, 6923, 6924, 7258, 19.060, 345.87, -8.76, 19.062, 345.87, -8.75, 0.004, 330.40, 46.43);
insert into SHOT values (6924, 6923, 6925, 7258, 16.500, 343.03, -5.32, 16.508, 343.02, -5.32, 0.008, 322.83, -1.07);
insert into SHOT values (6925, 6923, 6926, 7258, 10.580, 340.52, 14.84, 10.587, 340.54, 14.83, 0.008, 3.52, 1.67);
insert into SHOT values (6926, 6923, 6927, 7258, 6.840, 116.20, 0.16, 6.843, 116.19, 0.17, 0.003, 92.30, 17.93);
insert into SHOT values (6927, 6927, 6928, 7258, 13.260, 182.90, -21.63, 13.261, 182.93, -21.64, 0.007, 274.42, -19.09);
insert into SHOT values (6928, 6928, 6929, 7258, 11.990, 100.84, -49.84, 11.990, 100.80, -49.81, 0.008, 51.44, 25.90);
insert into SHOT values (6929, 6929, 6930, 7258, 20.190, 98.43, 13.16, 20.181, 98.43, 13.15, 0.010, 286.22, -41.06);
insert into SHOT values (6930, 6929, 6931, 7258, 29.440, 75.74, 21.10, 29.439, 75.75, 21.10, 0.006, 178.58, 17.03);
insert into SHOT values (6931, 6929, 6932, 7258, 31.850, 63.18, 10.93, 31.843, 63.17, 10.93, 0.008, 272.18, 6.48);
insert into SHOT values (6932, 6929, 6933, 7258, 35.560, 60.80, 18.84, 35.553, 60.79, 18.84, 0.009, 278.21, -21.88);
insert into SHOT values (6933, 6929, 6934, 7258, 10.120, 86.48, -44.16, 10.115, 86.52, -44.19, 0.009, 227.92, 1.63);
insert into SHOT values (6934, 6934, 6935, 7258, 10.690, 72.41, -39.66, 10.699, 72.40, -39.67, 0.009, 59.98, -50.92);
insert into SHOT values (6935, 6935, 6936, 7258, 14.880, 94.95, -5.88, 14.873, 94.96, -5.87, 0.008, 246.61, 31.75);
insert into SHOT values (6936, 6935, 6937, 7258, 15.920, 92.70, 5.87, 15.921, 92.68, 5.88, 0.006, 9.99, 16.75);
insert into SHOT values (6937, 6935, 6938, 7258, 23.110, 47.09, -5.48, 23.108, 47.10, -5.46, 0.007, 157.43, 68.75);
insert into SHOT values (6938, 6935, 6939, 7258, 24.280, 51.92, 3.84, 24.280, 51.92, 3.85, 0.004, 146.24, 67.82);
insert into SHOT values (6939, 6935, 6940, 7258, 13.080, 187.04, -1.67, 13.074, 187.03, -1.67, 0.006, 22.50, 10.59);
insert into SHOT values (6940, 6940, 6941, 7258, 13.540, 202.87, -5.92, 13.542, 202.89, -5.89, 0.009, 261.01, 47.68);
insert into SHOT values (6941, 6941, 6942, 7258, 8.460, 250.40, 11.36, 8.458, 250.34, 11.32, 0.011, 154.46, -36.91);
insert into SHOT values (6942, 6942, 6943, 7258, 7.530, 253.42, 3.18, 7.533, 253.47, 3.20, 0.007, 322.20, 18.50);
insert into SHOT values (6943, 6943, 6944, 7258, 39.790, 275.33, -0.90, 39.786, 275.32, -0.89, 0.008, 151.77, 37.60);
insert into SHOT values (6944, 6944, 6945, 7258, 7.860, 328.96, -14.66, 7.864, 328.98, -14.66, 0.005, 11.44, -9.06);
insert into SHOT values (6945, 6944, 6946, 7258, 5.700, 322.15, 24.42, 5.702, 322.12, 24.34, 0.009, 288.60, -48.85);
insert into SHOT values (6946, 6944, 6947, 7258, 38.420, 216.87, 4.39, 38.419, 216.88, 4.39, 0.008, 316.04, -6.10);
insert into SHOT values (6947, 6947, 6948, 7258, 37.430, 183.09, 13.76, 37.426, 183.09, 13.76, 0.004, 354.94, -44.95);
insert into SHOT values (6948, 6948, 6949, 7258, 10.550, 186.76, 36.21, 10.554, 186.74, 36.18, 0.008, 163.74, -18.45);
insert into SHOT values (6949, 6935, 6950, 7258, 27.220, 13.93, -2.44, 27.222, 13.91, -2.42, 0.012, 302.98, 47.07);
insert into SHOT values (6950, 6950, 6951, 7258, 19.140, 146.69, -0.64, 19.144, 146.70, -0.66, 0.008, 184.52, -48.48);
insert into SHOT values (6951, 6950, 6952, 7258, 18.320, 143.66, 8.77, 18.324, 143.67, 8.76, 0.006, 170.33, -29.98);
insert into SHOT values (6952, 6950, 6953, 7258, 13.170, 114.02, -5.26, 13.172, 114.02, -5.27, 0.003, 145.57, -52.72);
insert into SHOT values (6953, 6950, 6954, 7258, 16.700, 112.33, 10.36, 16.703, 112.32, 10.35, 0.005, 69.36, -35.78);
insert into SHOT values (6954, 6950, 6955, 7258, 21.000, 165.22, 44.75, 20.998, 165.20, 44.74, 0.007, 85.40, -38.80);
insert into SHOT values (6955, 6950, 6956, 7258, 32.440, 167.36, 55.65, 32.438, 167.35, 55.65, 0.005, 83.20, -29.91);
insert into SHOT values (6956, 6950, 6957, 7258, 21.230, 109.14, 56.60, 21.231, 109.12, 56.58, 0.010, 79.03, -21.89);
insert into SHOT values (6957, 6950, 6958, 7258, 30.850, 107.14, 65.73, 30.848, 107.15, 65.72, 0.005, 137.89, -40.69);
insert into SHOT values (6958, 6950, 6959, 7258, 24.060, 61.52, -3.81, 24.069, 61.52, -3.81, 0.009, 74.69, -8.24);
insert into SHOT values (6959, 6950, 6960, 7258, 28.290, 65.36, 5.58, 28.298, 65.36, 5.58, 0.008, 80.16, -5.72);
insert into SHOT values (6960, 6950, 6961, 7258, 31.170, 68.12, 43.36, 31.168, 68.13, 43.36, 0.005, 178.23, -7.38);
insert into SHOT values (6961, 6950, 6962, 7258, 38.010, 61.10, 54.82, 38.007, 61.12, 54.81, 0.011, 114.33, -40.20);
insert into SHOT values (6962, 6950, 6963, 7258, 28.980, 32.06, -1.96, 28.979, 32.08, -1.98, 0.012, 133.86, -45.71);
insert into SHOT values (6963, 6963, 6964, 7258, 28.460, 186.30, -0.77, 28.454, 186.30, -0.77, 0.007, 26.31, 21.61);
insert into SHOT values (6964, 6963, 6965, 7258, 32.970, 182.43, 6.81, 32.962, 182.43, 6.81, 0.008, 346.06, 3.54);
insert into SHOT values (6965, 6963, 6966, 7258, 42.870, 196.34, 21.93, 42.872, 196.34, 21.94, 0.010, 313.16, 74.87);
insert into SHOT values (6966, 6963, 6967, 7258, 59.010, 198.05, 27.55, 59.010, 198.05, 27.56, 0.008, 11.34, 58.57);
insert into SHOT values (6967, 6963, 6968, 7258, 38.620, 159.13, 59.05, 38.627, 159.15, 59.06, 0.011, 257.86, 56.32);
insert into SHOT values (6968, 6963, 6969, 7258, 27.980, 159.45, 53.53, 27.978, 159.44, 53.53, 0.004, 33.05, -9.78);
insert into SHOT values (6969, 6963, 6970, 7258, 16.140, 138.45, 13.49, 16.137, 138.44, 13.51, 0.007, 1.22, 41.56);
insert into SHOT values (6970, 6963, 6971, 7258, 12.200, 136.67, -2.77, 12.196, 136.66, -2.77, 0.004, 335.59, -5.27);
insert into SHOT values (6971, 6963, 6972, 7258, 21.940, 63.90, 0.52, 21.942, 63.88, 0.52, 0.008, 346.76, 6.02);
insert into SHOT values (6972, 6963, 6973, 7258, 19.880, 63.00, 12.06, 19.881, 62.99, 12.08, 0.008, 329.59, 54.82);
insert into SHOT values (6973, 6963, 6974, 7258, 26.720, 53.01, 48.61, 26.722, 53.01, 48.62, 0.004, 286.63, 73.05);
insert into SHOT values (6974, 6963, 6975, 7258, 42.150, 48.39, 56.84, 42.154, 48.39, 56.84, 0.005, 88.19, 64.22);
insert into SHOT values (6975, 6963, 6976, 7258, 41.530, 26.35, -0.28, 41.534, 26.34, -0.28, 0.007, 331.02, 25.42);
insert into SHOT values (6976, 6976, 6977, 7258, 16.650, 158.59, 2.45, 16.652, 158.60, 2.44, 0.004, 216.70, -23.96);
insert into SHOT values (6977, 6976, 6978, 7258, 13.900, 161.83, 20.40, 13.902, 161.84, 20.42, 0.006, 242.04, 57.89);
insert into SHOT values (6978, 6976, 6979, 7258, 11.470, 109.46, 3.35, 11.475, 109.48, 3.35, 0.006, 145.07, -2.23);
insert into SHOT values (6979, 6976, 6980, 7258, 9.390, 104.57, 30.56, 9.398, 104.60, 30.57, 0.009, 143.94, 38.02);
insert into SHOT values (6980, 6976, 6981, 7258, 21.860, 46.58, 1.82, 21.862, 46.58, 1.83, 0.006, 8.18, 67.91);
insert into SHOT values (6981, 6976, 6982, 7258, 20.110, 44.62, 11.88, 20.110, 44.61, 11.88, 0.004, 314.29, 1.54);
insert into SHOT values (6982, 6976, 6983, 7258, 17.100, 40.56, 65.86, 17.105, 40.59, 65.87, 0.007, 139.11, 53.54);
insert into SHOT values (6983, 6976, 6984, 7258, 35.230, 30.24, 69.97, 35.230, 30.26, 69.97, 0.006, 148.10, 9.65);
insert into SHOT values (6984, 6976, 6985, 7258, 17.930, 172.83, 65.86, 17.930, 172.80, 65.84, 0.007, 133.67, -16.89);
insert into SHOT values (6985, 6976, 6986, 7258, 35.830, 185.99, 77.42, 35.830, 185.96, 77.42, 0.005, 73.95, 2.22);
insert into SHOT values (6986, 6976, 6987, 7258, 23.230, 187.78, 49.70, 23.234, 187.76, 49.70, 0.006, 130.73, 31.86);
insert into SHOT values (6987, 6976, 6988, 7258, 38.920, 198.50, 57.57, 38.923, 198.49, 57.56, 0.007, 159.22, -2.45);
insert into SHOT values (6988, 6976, 6989, 7258, 23.350, 5.55, -3.83, 23.351, 5.54, -3.83, 0.004, 292.87, -4.97);
insert into SHOT values (6989, 6989, 6990, 7258, 9.380, 113.82, 3.50, 9.384, 113.80, 3.48, 0.006, 76.69, -27.13);
insert into SHOT values (6990, 6989, 6991, 7258, 12.470, 113.02, 23.91, 12.480, 113.01, 23.92, 0.010, 104.54, 35.76);
insert into SHOT values (6991, 6989, 6992, 7258, 11.760, 57.60, 6.80, 11.756, 57.63, 6.79, 0.007, 175.50, -19.10);
insert into SHOT values (6992, 6989, 6993, 7258, 11.740, 40.70, 27.69, 11.742, 40.71, 27.71, 0.005, 135.93, 70.45);
insert into SHOT values (6993, 6989, 6994, 7258, 18.930, 29.59, 4.47, 18.930, 29.59, 4.48, 0.005, 138.15, 72.38);
insert into SHOT values (6994, 6989, 6995, 7258, 16.050, 24.28, 20.71, 16.050, 24.31, 20.73, 0.009, 126.22, 26.13);
insert into SHOT values (6995, 6989, 6996, 7258, 18.030, 347.18, 3.38, 18.029, 347.19, 3.37, 0.005, 89.47, -39.16);
insert into SHOT values (6996, 6996, 6997, 7258, 23.100, 145.51, 2.10, 23.102, 145.52, 2.11, 0.005, 210.47, 43.66);
insert into SHOT values (6997, 6996, 6998, 7258, 16.040, 119.28, 4.65, 16.046, 119.27, 4.68, 0.011, 100.75, 60.72);
insert into SHOT values (6998, 6996, 6999, 7258, 13.280, 85.08, 5.53, 13.280, 85.10, 5.53, 0.004, 172.05, 3.83);
insert into SHOT values (6999, 6996, 7000, 7258, 12.600, 92.25, 23.57, 12.601, 92.28, 23.58, 0.007, 179.19, 14.03);
insert into SHOT values (7000, 6996, 7001, 7258, 12.840, 123.61, 25.30, 12.845, 123.62, 25.30, 0.006, 152.73, 29.33);
insert into SHOT values (7001, 6996, 7002, 7258, 20.580, 145.91, 14.19, 20.585, 145.93, 14.20, 0.009, 204.83, 35.08);
insert into SHOT values (7002, 6996, 7003, 7258, 23.690, 349.82, 2.70, 23.689, 349.83, 2.71, 0.005, 116.50, 57.02);
insert into SHOT values (7003, 7003, 7004, 7258, 20.760, 13.63, 6.24, 20.754, 13.63, 6.25, 0.007, 208.28, 28.08);
insert into SHOT values (7004, 7003, 7005, 7258, 25.150, 10.95, 17.28, 25.152, 10.94, 17.28, 0.003, 324.95, -11.55);
insert into SHOT values (7005, 7003, 7006, 7258, 34.150, 1.04, 13.33, 34.145, 1.03, 13.33, 0.007, 215.09, -33.40);
insert into SHOT values (7006, 7003, 7007, 7258, 27.420, 358.81, 2.73, 27.417, 358.81, 2.74, 0.005, 201.81, 51.32);
insert into SHOT values (7007, 7003, 7008, 7258, 23.390, 311.86, 0.59, 23.392, 311.86, 0.59, 0.003, 346.42, -19.19);
insert into SHOT values (7008, 7003, 7009, 7258, 20.500, 308.92, 9.17, 20.501, 308.90, 9.18, 0.007, 225.87, 26.59);
insert into SHOT values (7009, 7003, 7010, 7258, 26.280, 326.15, -0.82, 26.279, 326.14, -0.83, 0.006, 222.52, -41.32);
insert into SHOT values (7010, 7003, 7011, 7258, 23.480, 323.36, 9.90, 23.484, 323.35, 9.91, 0.007, 271.58, 26.82);
insert into SHOT values (7011, 7003, 7012, 7258, 17.140, 272.73, -0.55, 17.140, 272.71, -0.53, 0.008, 182.18, 35.56);
insert into SHOT values (7012, 7003, 7013, 7258, 17.040, 275.37, 11.32, 17.045, 275.36, 11.33, 0.008, 232.52, 40.78);
insert into SHOT values (7013, 7003, 7014, 7258, 25.390, 315.50, 1.63, 25.389, 315.49, 1.63, 0.003, 207.95, -43.02);
insert into SHOT values (7014, 7014, 7015, 7258, 19.490, 58.23, -0.01, 19.489, 58.23, 0.00, 0.004, 172.72, 63.34);
insert into SHOT values (7015, 7014, 7016, 7258, 24.150, 41.65, -0.80, 24.149, 41.66, -0.78, 0.008, 150.80, 60.39);
insert into SHOT values (7016, 7014, 7017, 7258, 35.060, 33.32, -0.25, 35.064, 33.32, -0.25, 0.005, 18.69, 38.13);
insert into SHOT values (7017, 7014, 7018, 7258, 34.250, 41.30, 10.61, 34.251, 41.30, 10.62, 0.004, 121.94, 66.24);
insert into SHOT values (7018, 7014, 7019, 7258, 24.180, 56.93, 16.47, 24.179, 56.93, 16.48, 0.006, 208.95, 55.85);
insert into SHOT values (7019, 7014, 7020, 7258, 23.640, 76.27, 15.59, 23.641, 76.28, 15.61, 0.008, 175.01, 56.34);
insert into SHOT values (7020, 7014, 7021, 7258, 1.860, 92.50, -32.73, 1.854, 92.57, -32.63, 0.007, 241.29, 57.27);
insert into SHOT values (7021, 7014, 7022, 7258, 5.530, 45.00, -14.96, 5.531, 45.00, -14.88, 0.008, 45.00, 67.26);
insert into SHOT values (7022, 7014, 7023, 7258, 11.010, 18.17, -4.66, 11.012, 18.15, -4.64, 0.006, 331.10, 47.55);
insert into SHOT values (7023, 7014, 7024, 7258, 15.230, 23.26, 11.91, 15.229, 23.24, 11.94, 0.009, 259.28, 54.07);
insert into SHOT values (7024, 7014, 7025, 7258, 7.040, 42.00, 28.52, 7.042, 41.99, 28.50, 0.004, 17.04, -22.52);
insert into SHOT values (7025, 7014, 7026, 7258, 5.410, 90.16, 35.49, 5.406, 90.13, 35.51, 0.005, 295.17, -8.77);
insert into SHOT values (7026, 7014, 7027, 7258, 23.700, 74.87, 5.48, 23.697, 74.86, 5.50, 0.008, 300.90, 55.80);
insert into SHOT values (7027, 7014, 7028, 7258, 27.960, 55.61, 5.42, 27.959, 55.61, 5.42, 0.002, 172.96, -27.93);
insert into SHOT values (7028, 7014, 7029, 7258, 33.380, 43.79, 4.17, 33.379, 43.80, 4.17, 0.004, 148.09, 41.84);
insert into SHOT values (7029, 7014, 7030, 7258, 26.040, 5.71, 2.42, 26.042, 5.71, 2.42, 0.003, 33.00, 9.80);
insert into SHOT values (7030, 7030, 7031, 7258, 26.790, 73.42, 2.15, 26.792, 73.42, 2.16, 0.005, 68.84, 67.18);
insert into SHOT values (7031, 7030, 7032, 7258, 28.010, 68.37, 10.30, 28.013, 68.37, 10.30, 0.003, 51.10, 34.81);
insert into SHOT values (7032, 7030, 7033, 7258, 19.400, 97.91, 1.40, 19.401, 97.91, 1.42, 0.006, 162.66, 79.94);
insert into SHOT values (7033, 7030, 7034, 7258, 19.760, 98.24, 16.83, 19.761, 98.24, 16.83, 0.002, 66.56, -33.64);
insert into SHOT values (7034, 7030, 7035, 7258, 26.500, 136.33, 1.29, 26.502, 136.35, 1.30, 0.008, 209.19, 24.13);
insert into SHOT values (7035, 7030, 7036, 7258, 30.170, 137.36, 10.63, 30.172, 137.38, 10.64, 0.010, 220.87, 26.46);
insert into SHOT values (7036, 7030, 7037, 7258, 23.280, 186.31, -2.80, 23.279, 186.32, -2.78, 0.009, 286.93, 57.50);
insert into SHOT values (7037, 7030, 7038, 7258, 14.290, 166.61, 8.24, 14.291, 166.63, 8.25, 0.006, 248.85, 19.75);
insert into SHOT values (7038, 7030, 7039, 7258, 7.200, 186.00, -10.43, 7.197, 186.00, -10.41, 0.004, 4.32, 56.87);
insert into SHOT values (7039, 7030, 7040, 7258, 7.810, 151.67, 14.86, 7.815, 151.70, 14.90, 0.009, 203.12, 50.63);
insert into SHOT values (7040, 7030, 7041, 7258, 2.160, 152.27, -47.67, 2.154, 152.55, -47.57, 0.010, 249.75, 43.32);
insert into SHOT values (7041, 7030, 7042, 7258, 5.680, 117.11, 22.35, 5.678, 117.20, 22.36, 0.009, 225.37, 0.69);
insert into SHOT values (7042, 7030, 7043, 7258, 4.640, 24.18, -17.67, 4.637, 24.19, -17.70, 0.004, 195.69, -25.76);
insert into SHOT values (7043, 7030, 7044, 7258, 7.160, 51.12, 15.27, 7.160, 51.17, 15.31, 0.008, 151.91, 34.01);
insert into SHOT values (7044, 7030, 7045, 7258, 25.690, 34.12, -3.74, 25.688, 34.12, -3.73, 0.006, 170.01, 65.71);
insert into SHOT values (7045, 7045, 7046, 7258, 18.950, 217.59, 0.32, 18.954, 217.58, 0.30, 0.007, 187.24, -53.22);
insert into SHOT values (7046, 7045, 7047, 7258, 18.720, 207.84, 11.89, 18.723, 207.85, 11.87, 0.009, 250.16, -51.21);
insert into SHOT values (7047, 7045, 7048, 7258, 8.020, 248.96, 27.13, 8.014, 248.97, 27.09, 0.008, 34.30, -66.93);
insert into SHOT values (7048, 7045, 7049, 7258, 11.340, 261.36, 6.55, 11.341, 261.37, 6.53, 0.005, 322.53, -49.18);
insert into SHOT values (7049, 7045, 7050, 7258, 11.100, 9.57, 9.05, 11.099, 9.56, 9.02, 0.007, 286.77, -67.04);
insert into SHOT values (7050, 7045, 7051, 7258, 8.750, 25.17, 26.87, 8.745, 25.19, 26.85, 0.006, 175.04, -48.31);
insert into SHOT values (7051, 7045, 7052, 7258, 19.770, 28.23, 5.12, 19.769, 28.22, 5.11, 0.006, 283.91, -45.34);
insert into SHOT values (7052, 7045, 7053, 7258, 16.900, 41.46, 12.50, 16.892, 41.46, 12.48, 0.010, 220.34, -50.32);
insert into SHOT values (7053, 7045, 7054, 7258, 26.000, 170.29, 4.74, 26.000, 170.29, 4.74, 0.002, 238.41, 81.19);
insert into SHOT values (7054, 7045, 7055, 7258, 32.050, 176.76, 13.17, 32.052, 176.77, 13.16, 0.005, 232.94, -25.99);
insert into SHOT values (7055, 7045, 7056, 7258, 15.580, 128.82, 25.18, 15.578, 128.84, 25.19, 0.006, 255.45, 13.38);
insert into SHOT values (7056, 7045, 7057, 7258, 16.740, 125.08, 5.55, 16.739, 125.10, 5.55, 0.007, 229.15, 8.67);
insert into SHOT values (7057, 7045, 7058, 7258, 25.290, 91.00, 3.05, 25.289, 91.00, 3.04, 0.006, 336.15, -81.73);
insert into SHOT values (7058, 7045, 7059, 7258, 31.640, 91.85, 6.87, 31.633, 91.84, 6.86, 0.009, 302.42, -31.48);
insert into SHOT values (7059, 7045, 7060, 7258, 26.920, 119.14, 50.63, 26.918, 119.16, 50.63, 0.007, 224.29, -7.75);
insert into SHOT values (7060, 7045, 7061, 7258, 27.000, 97.01, 31.65, 26.994, 97.02, 31.64, 0.009, 206.49, -54.30);
insert into SHOT values (7061, 7045, 7062, 7258, 55.850, 83.43, 23.71, 55.847, 83.43, 23.70, 0.008, 181.29, -84.00);
insert into SHOT values (7062, 7045, 7063, 7258, 55.160, 83.18, 32.13, 55.156, 83.18, 32.12, 0.007, 335.10, -63.20);
insert into SHOT values (7063, 7045, 7064, 7258, 43.550, 106.97, 47.81, 43.543, 106.98, 47.81, 0.009, 231.43, -52.51);
insert into SHOT values (7064, 7045, 7065, 7258, 41.660, 141.19, 50.73, 41.657, 141.20, 50.73, 0.008, 254.57, -15.40);
insert into SHOT values (7065, 7045, 7066, 7258, 40.270, 176.58, 43.92, 40.271, 176.58, 43.91, 0.006, 184.73, -35.28);
insert into SHOT values (7066, 7045, 7067, 7258, 31.090, 175.98, 41.05, 31.086, 175.99, 41.04, 0.008, 246.86, -61.40);
insert into SHOT values (7067, 7045, 7068, 7258, 28.360, 63.94, -2.80, 28.353, 63.94, -2.81, 0.009, 237.68, -31.59);
insert into SHOT values (7068, 7068, 7069, 7258, 12.690, 315.73, 9.92, 12.686, 315.75, 9.94, 0.007, 99.23, 33.74);
insert into SHOT values (7069, 7068, 7070, 7258, 11.220, 322.89, 25.84, 11.223, 322.93, 25.83, 0.007, 21.28, -2.65);
insert into SHOT values (7070, 7068, 7071, 7258, 16.640, 292.55, 9.45, 16.642, 292.57, 9.44, 0.006, 351.89, -21.01);
insert into SHOT values (7071, 7068, 7072, 7258, 10.340, 292.05, 30.77, 10.338, 292.09, 30.78, 0.007, 44.55, 1.12);
insert into SHOT values (7072, 7068, 7073, 7258, 15.340, 351.51, 10.40, 15.346, 351.54, 10.40, 0.011, 45.73, 4.54);
insert into SHOT values (7073, 7068, 7074, 7258, 13.370, 4.99, 24.31, 13.374, 4.99, 24.33, 0.006, 5.76, 74.10);
insert into SHOT values (7074, 7068, 7075, 7258, 21.930, 8.43, 8.47, 21.933, 8.43, 8.47, 0.004, 1.71, -1.67);
insert into SHOT values (7075, 7068, 7076, 7258, 18.340, 15.84, 17.29, 18.343, 15.84, 17.28, 0.004, 4.14, -12.22);
insert into SHOT values (7076, 7068, 7077, 7258, 27.490, 193.47, 45.14, 27.487, 193.46, 45.16, 0.011, 42.64, 22.62);
insert into SHOT values (7077, 7068, 7078, 7258, 39.040, 196.01, 55.98, 39.038, 196.00, 55.99, 0.007, 39.90, 17.00);
insert into SHOT values (7078, 7068, 7079, 7258, 23.750, 125.63, 49.72, 23.749, 125.62, 49.73, 0.005, 355.12, 14.17);
insert into SHOT values (7079, 7068, 7080, 7258, 35.990, 118.28, 56.39, 35.988, 118.25, 56.39, 0.011, 35.09, -17.79);
insert into SHOT values (7080, 7068, 7081, 7258, 23.470, 105.47, 42.86, 23.472, 105.44, 42.87, 0.010, 355.89, 31.68);
insert into SHOT values (7081, 7068, 7082, 7258, 40.270, 104.08, 46.10, 40.276, 104.07, 46.10, 0.007, 61.23, 28.03);
insert into SHOT values (7082, 7068, 7083, 7258, 24.820, 43.04, 8.89, 24.829, 43.03, 8.90, 0.009, 25.71, 27.54);
insert into SHOT values (7083, 7083, 7084, 7258, 25.630, 251.72, -2.43, 25.628, 251.70, -2.44, 0.010, 149.87, -19.52);
insert into SHOT values (7084, 7083, 7085, 7258, 18.480, 245.56, 5.91, 18.477, 245.54, 5.90, 0.007, 135.27, -22.95);
insert into SHOT values (7085, 7083, 7086, 7258, 12.750, 266.07, 6.16, 12.754, 266.07, 6.17, 0.004, 250.84, 27.13);
insert into SHOT values (7086, 7083, 7087, 7258, 17.000, 268.36, -2.79, 16.997, 268.35, -2.80, 0.006, 144.42, -26.85);
insert into SHOT values (7087, 7083, 7088, 7258, 20.180, 51.23, -1.20, 20.178, 51.24, -1.22, 0.008, 183.09, -62.38);
insert into SHOT values (7088, 7088, 7089, 7258, 27.410, 53.95, -1.11, 27.414, 53.95, -1.11, 0.004, 50.99, 13.99);
insert into SHOT values (7089, 7089, 7090, 7258, 14.550, 309.40, -1.26, 14.548, 309.39, -1.26, 0.003, 169.84, -0.99);
insert into SHOT values (7090, 7089, 7091, 7258, 9.150, 309.23, 17.10, 9.153, 309.20, 17.09, 0.006, 260.26, -4.71);
insert into SHOT values (7091, 7089, 7092, 7258, 17.620, 333.30, -1.03, 17.623, 333.29, -1.01, 0.008, 287.39, 56.35);
insert into SHOT values (7092, 7089, 7093, 7258, 11.550, 337.17, 11.79, 11.551, 337.15, 11.79, 0.003, 259.37, 0.78);
insert into SHOT values (7093, 7089, 7094, 7258, 22.260, 348.37, -0.44, 22.258, 348.36, -0.44, 0.004, 229.12, 14.68);
insert into SHOT values (7094, 7089, 7095, 7258, 15.180, 351.92, 10.91, 15.184, 351.90, 10.93, 0.009, 295.39, 51.78);
insert into SHOT values (7095, 7089, 7096, 7258, 16.940, 57.29, 5.38, 16.937, 57.30, 5.39, 0.004, 191.86, 23.37);
insert into SHOT values (7096, 7089, 7097, 7258, 16.000, 55.79, 21.02, 15.996, 55.81, 21.03, 0.007, 189.83, 7.18);
insert into SHOT values (7097, 7089, 7098, 7258, 22.550, 47.14, 3.57, 22.546, 47.13, 3.59, 0.010, 277.96, 37.80);
insert into SHOT values (7098, 7089, 7099, 7258, 21.030, 45.48, 14.06, 21.024, 45.48, 14.07, 0.006, 235.73, 9.01);
insert into SHOT values (7099, 7089, 7100, 7258, 25.060, 32.98, -4.82, 25.060, 32.97, -4.81, 0.007, 309.04, 55.13);
insert into SHOT values (7100, 7100, 7101, 7258, 19.230, 266.46, 4.36, 19.232, 266.44, 4.35, 0.007, 200.21, -16.53);
insert into SHOT values (7101, 7100, 7102, 7258, 15.290, 263.16, 16.85, 15.291, 263.13, 16.84, 0.008, 184.77, -16.00);
insert into SHOT values (7102, 7100, 7103, 7258, 16.090, 287.47, 4.98, 16.089, 287.46, 4.96, 0.007, 182.75, -72.78);
insert into SHOT values (7103, 7100, 7104, 7258, 11.640, 292.45, 25.78, 11.640, 292.43, 25.77, 0.005, 227.53, -31.91);
insert into SHOT values (7104, 7100, 7105, 7258, 17.410, 321.84, 5.56, 17.408, 321.82, 5.54, 0.009, 216.98, -48.17);
insert into SHOT values (7105, 7100, 7106, 7258, 14.730, 334.79, 19.82, 14.721, 334.79, 19.81, 0.009, 162.39, -29.32);
insert into SHOT values (7106, 7100, 7107, 7258, 21.890, 347.55, 5.36, 21.888, 347.55, 5.35, 0.005, 218.63, -64.67);
insert into SHOT values (7107, 7100, 7108, 7258, 19.670, 350.07, 13.11, 19.669, 350.08, 13.11, 0.004, 95.36, -23.63);
insert into SHOT values (7108, 7100, 7109, 7258, 4.870, 165.75, 22.95, 4.873, 165.81, 22.95, 0.005, 228.21, 11.43);
insert into SHOT values (7109, 7100, 7110, 7258, 14.540, 180.07, 26.59, 14.548, 180.09, 26.58, 0.009, 207.60, 11.78);
insert into SHOT values (7110, 7100, 7111, 7258, 9.160, 163.10, 38.83, 9.159, 163.14, 38.81, 0.006, 240.86, -34.40);
insert into SHOT values (7111, 7100, 7112, 7258, 4.230, 145.57, 27.75, 4.234, 145.55, 27.73, 0.004, 123.81, 6.23);
insert into SHOT values (7112, 7100, 7113, 7258, 6.400, 99.41, 30.74, 6.402, 99.41, 30.71, 0.004, 101.04, -21.68);
insert into SHOT values (7113, 7100, 7114, 7258, 7.460, 93.83, 41.56, 7.461, 93.90, 41.56, 0.007, 176.50, 8.01);
insert into SHOT values (7114, 7100, 7115, 7258, 9.840, 63.44, 19.63, 9.836, 63.46, 19.60, 0.007, 180.28, -54.28);
insert into SHOT values (7115, 7100, 7116, 7258, 34.270, 36.30, -0.73, 34.266, 36.31, -0.74, 0.008, 154.14, -23.73);
insert into SHOT values (7116, 7116, 7117, 7258, 0.200, 257.24, 4.03, 0.205, 258.69, 5.60, 0.009, 306.86, 41.26);
insert into SHOT values (7117, 7116, 7118, 7258, 0.250, 245.98, 3.21, 0.252, 246.50, 4.56, 0.007, 308.63, 66.82);
insert into SHOT values (7118, 7116, 7119, 7258, 28.320, 245.69, 9.73, 28.322, 245.69, 9.74, 0.005, 290.60, 56.29);
insert into SHOT values (7119, 7116, 7120, 7258, 20.470, 259.18, 13.83, 20.475, 259.19, 13.82, 0.008, 280.90, -24.69);
insert into SHOT values (7120, 7116, 7121, 7258, 21.860, 260.35, 4.14, 21.865, 260.36, 4.14, 0.008, 310.92, 14.09);
insert into SHOT values (7121, 7116, 7122, 7258, 19.670, 275.28, 2.64, 19.675, 275.28, 2.65, 0.006, 293.28, 40.79);
insert into SHOT values (7122, 7116, 7123, 7258, 15.520, 282.26, 18.57, 15.524, 282.28, 18.56, 0.007, 329.04, -20.17);
insert into SHOT values (7123, 7116, 7124, 7258, 18.490, 300.65, 5.48, 18.499, 300.66, 5.49, 0.010, 320.43, 24.95);
insert into SHOT values (7124, 7116, 7125, 7258, 15.160, 317.66, 17.72, 15.168, 317.66, 17.73, 0.009, 327.87, 39.54);
insert into SHOT values (7125, 7116, 7126, 7258, 18.150, 335.03, 7.94, 18.155, 335.03, 7.95, 0.005, 339.95, 32.13);
insert into SHOT values (7126, 7116, 7127, 7258, 16.980, 346.31, 14.70, 16.983, 346.30, 14.70, 0.004, 309.52, 17.53);
insert into SHOT values (7127, 7116, 7128, 7258, 19.380, 18.73, 8.52, 19.377, 18.72, 8.52, 0.005, 255.62, -15.19);
insert into SHOT values (7128, 7128, 7129, 7258, 35.420, 196.81, 7.02, 35.419, 196.82, 7.02, 0.004, 304.25, 15.33);
insert into SHOT values (7129, 7128, 7130, 7258, 23.760, 179.98, -1.90, 23.753, 179.98, -1.91, 0.007, 13.86, -17.36);
insert into SHOT values (7130, 7128, 7131, 7258, 22.350, 173.26, 6.77, 22.350, 173.25, 6.78, 0.007, 81.51, 45.17);
insert into SHOT values (7131, 7128, 7132, 7258, 22.570, 163.61, -1.70, 22.568, 163.60, -1.70, 0.005, 51.43, -4.68);
insert into SHOT values (7132, 7128, 7133, 7258, 22.270, 156.40, 4.18, 22.267, 156.40, 4.20, 0.008, 326.55, 61.02);
insert into SHOT values (7133, 7128, 7134, 7258, 21.760, 149.82, -3.09, 21.756, 149.82, -3.08, 0.005, 313.61, 33.47);
insert into SHOT values (7134, 7128, 7135, 7258, 23.120, 140.01, 3.67, 23.116, 139.99, 3.67, 0.008, 17.77, 0.71);
insert into SHOT values (7135, 7128, 7136, 7258, 23.020, 134.13, -4.18, 23.017, 134.12, -4.19, 0.006, 10.27, -18.96);
insert into SHOT values (7136, 7128, 7137, 7258, 27.140, 127.64, 3.22, 27.138, 127.62, 3.23, 0.010, 18.61, 32.72);
insert into SHOT values (7137, 7128, 7138, 7258, 29.840, 121.37, -2.87, 29.841, 121.36, -2.86, 0.007, 43.27, 35.95);
insert into SHOT values (7138, 7128, 7139, 7258, 37.080, 116.71, 2.26, 37.081, 116.70, 2.26, 0.005, 34.62, -27.13);
insert into SHOT values (7139, 7128, 7140, 7258, 25.050, 84.63, -4.00, 25.051, 84.63, -4.01, 0.003, 27.13, -59.64);
insert into SHOT values (7140, 7140, 7141, 7258, 17.100, 164.50, 0.52, 17.103, 164.50, 0.54, 0.005, 170.99, 61.32);
insert into SHOT values (7141, 7140, 7142, 7258, 20.820, 153.87, 10.05, 20.817, 153.86, 10.07, 0.009, 14.48, 50.87);
insert into SHOT values (7142, 7140, 7143, 7258, 42.460, 115.43, 4.98, 42.458, 115.43, 4.99, 0.006, 341.01, 45.51);
insert into SHOT values (7143, 7140, 7144, 7258, 46.880, 107.27, 4.88, 46.887, 107.27, 4.88, 0.007, 117.00, 16.76);
insert into SHOT values (7144, 7140, 7145, 7258, 58.980, 101.61, 4.10, 58.985, 101.61, 4.10, 0.006, 98.91, 33.62);
insert into SHOT values (7145, 7140, 7146, 7258, 70.900, 95.05, 3.81, 70.902, 95.05, 3.82, 0.009, 155.16, 70.64);
insert into SHOT values (7146, 7140, 7147, 7258, 72.880, 95.13, 20.39, 72.883, 95.13, 20.40, 0.008, 176.83, 78.05);
insert into SHOT values (7147, 7140, 7148, 7258, 70.840, 93.75, 22.22, 70.841, 93.75, 22.22, 0.002, 129.88, 31.46);
insert into SHOT values (7148, 7140, 7149, 7258, 64.950, 104.61, 22.14, 64.954, 104.60, 22.14, 0.007, 41.52, 18.82);
insert into SHOT values (7149, 7140, 7150, 7258, 63.470, 104.45, 24.92, 63.472, 104.45, 24.93, 0.008, 2.31, 63.12);
insert into SHOT values (7150, 7140, 7151, 7258, 37.360, 141.03, 40.45, 37.359, 141.03, 40.45, 0.004, 0.58, 21.71);
insert into SHOT values (7151, 7140, 7152, 7258, 39.920, 141.40, 44.14, 39.925, 141.41, 44.15, 0.010, 254.40, 71.05);
insert into SHOT values (7152, 7140, 7153, 7258, 37.880, 125.36, 37.71, 37.879, 125.36, 37.71, 0.003, 11.97, 2.74);
insert into SHOT values (7153, 7140, 7154, 7258, 41.910, 122.61, 43.00, 41.916, 122.61, 43.01, 0.008, 152.31, 76.27);
insert into SHOT values (7154, 7140, 7155, 7258, 28.040, 2.89, 51.61, 28.041, 2.90, 51.61, 0.003, 116.01, 43.87);
insert into SHOT values (7155, 7140, 7156, 7258, 32.380, 2.30, 57.49, 32.384, 2.31, 57.49, 0.005, 47.09, 61.41);
insert into SHOT values (7156, 7140, 7157, 7258, 27.300, 14.84, 49.26, 27.302, 14.83, 49.27, 0.007, 232.83, 52.91);
insert into SHOT values (7157, 7140, 7158, 7258, 33.990, 16.20, 52.96, 33.996, 16.20, 52.97, 0.009, 233.38, 72.13);
insert into SHOT values (7158, 7140, 7159, 7258, 7.450, 342.88, 7.99, 7.449, 342.89, 8.03, 0.005, 113.35, 66.26);
insert into SHOT values (7159, 7140, 7160, 7258, 6.140, 342.90, 7.17, 6.138, 342.90, 7.21, 0.005, 154.29, 50.79);
insert into SHOT values (7160, 7140, 7161, 7258, 7.280, 339.83, 31.61, 7.283, 339.81, 31.63, 0.005, 277.94, 62.36);
insert into SHOT values (7161, 7140, 7162, 7258, 49.020, 95.34, -0.62, 49.025, 95.34, -0.62, 0.006, 72.07, 4.24);
insert into SHOT values (7162, 7162, 7163, 7258, 26.760, 233.57, 4.76, 26.766, 233.57, 4.78, 0.011, 224.80, 61.35);
insert into SHOT values (7163, 7162, 7164, 7258, 25.010, 232.97, 9.65, 25.017, 232.98, 9.66, 0.010, 258.96, 48.80);
insert into SHOT values (7164, 7162, 7165, 7258, 21.260, 216.08, 6.87, 21.267, 216.10, 6.89, 0.012, 263.27, 35.75);
insert into SHOT values (7165, 7162, 7166, 7258, 12.670, 216.60, 21.16, 12.678, 216.61, 21.18, 0.009, 231.42, 44.39);
insert into SHOT values (7166, 7162, 7167, 7258, 14.540, 181.38, 4.33, 14.536, 181.38, 4.34, 0.005, 349.07, 26.89);
insert into SHOT values (7167, 7162, 7168, 7258, 10.260, 160.07, 29.83, 10.264, 160.10, 29.86, 0.008, 238.22, 53.86);
insert into SHOT values (7168, 7162, 7169, 7258, 16.180, 136.75, 6.66, 16.183, 136.76, 6.67, 0.006, 197.91, 36.49);
insert into SHOT values (7169, 7162, 7170, 7258, 12.040, 126.74, 24.11, 12.034, 126.74, 24.13, 0.008, 300.04, 13.05);
insert into SHOT values (7170, 7162, 7171, 7258, 25.510, 106.12, 3.90, 25.511, 106.13, 3.91, 0.006, 184.09, 54.17);
insert into SHOT values (7171, 7162, 7172, 7258, 22.860, 95.14, 11.54, 22.854, 95.15, 11.56, 0.011, 246.63, 38.63);
insert into SHOT values (7172, 7162, 7173, 7258, 29.840, 88.51, 4.07, 29.835, 88.52, 4.07, 0.006, 229.80, 18.92);
insert into SHOT values (7173, 7162, 7174, 7258, 28.010, 86.60, 8.66, 28.008, 86.60, 8.67, 0.004, 220.76, 40.47);
insert into SHOT values (7174, 7162, 7175, 7258, 32.740, 79.65, 3.04, 32.738, 79.66, 3.05, 0.006, 207.09, 40.77);
insert into SHOT values (7175, 7162, 7176, 7258, 32.700, 78.17, 7.44, 32.695, 78.16, 7.45, 0.009, 293.89, 41.19);
insert into SHOT values (7176, 7162, 7177, 7258, 27.710, 99.77, 58.19, 27.710, 99.78, 58.20, 0.005, 251.08, 24.38);
insert into SHOT values (7177, 7162, 7178, 7258, 30.840, 93.44, 62.66, 30.841, 93.44, 62.68, 0.010, 269.17, 30.51);
insert into SHOT values (7178, 7162, 7179, 7258, 29.690, 81.22, 49.69, 29.688, 81.22, 49.69, 0.003, 229.02, -5.65);
insert into SHOT values (7179, 7162, 7180, 7258, 36.280, 76.54, 50.13, 36.278, 76.54, 50.15, 0.010, 247.39, 29.10);
insert into SHOT values (7180, 7162, 7181, 7258, 30.000, 77.79, 42.71, 29.997, 77.79, 42.72, 0.006, 247.38, 13.51);
insert into SHOT values (7181, 7162, 7182, 7258, 40.790, 76.43, 42.75, 40.787, 76.42, 42.76, 0.007, 286.51, 13.52);
insert into SHOT values (7182, 7162, 7183, 7258, 40.110, 76.42, 36.54, 40.112, 76.41, 36.55, 0.011, 302.44, 56.61);
insert into SHOT values (7183, 7162, 7184, 7258, 45.180, 73.52, 38.22, 45.180, 73.52, 38.23, 0.011, 275.51, 48.09);
insert into SHOT values (7184, 7162, 7185, 7258, 36.490, 49.76, -0.62, 36.487, 49.76, -0.61, 0.006, 253.82, 58.67);
insert into SHOT values (7185, 7185, 7186, 7258, 0.510, 190.50, 3.87, 0.509, 190.20, 3.38, 0.005, 83.38, -58.15);
insert into SHOT values (7186, 7185, 7187, 7258, 26.610, 189.42, 10.12, 26.608, 189.43, 10.13, 0.006, 317.80, 49.52);
insert into SHOT values (7187, 7185, 7188, 7258, 19.060, 168.95, 6.98, 19.061, 168.97, 6.99, 0.007, 251.69, 30.55);
insert into SHOT values (7188, 7185, 7189, 7258, 18.060, 168.70, 14.63, 18.053, 168.71, 14.63, 0.007, 324.58, -12.30);
insert into SHOT values (7189, 7185, 7190, 7258, 14.000, 148.31, 8.96, 14.000, 148.33, 8.96, 0.006, 240.29, -4.45);
insert into SHOT values (7190, 7185, 7191, 7258, 13.460, 144.29, 20.43, 13.458, 144.29, 20.44, 0.003, 309.50, 29.52);
insert into SHOT values (7191, 7185, 7192, 7258, 11.680, 119.99, 11.74, 11.679, 120.02, 11.76, 0.007, 229.59, 29.94);
insert into SHOT values (7192, 7185, 7193, 7258, 11.060, 112.64, 26.42, 11.057, 112.63, 26.42, 0.003, 329.95, -19.32);
insert into SHOT values (7193, 7185, 7194, 7258, 12.700, 91.08, 8.99, 12.698, 91.10, 8.97, 0.006, 206.27, -48.72);
insert into SHOT values (7194, 7185, 7195, 7258, 12.030, 84.28, 24.42, 12.029, 84.29, 24.40, 0.004, 156.54, -61.45);
insert into SHOT values (7195, 7185, 7196, 7258, 16.040, 71.65, 7.33, 16.041, 71.64, 7.34, 0.004, 1.24, 66.55);
insert into SHOT values (7196, 7185, 7197, 7258, 16.610, 68.13, 17.25, 16.611, 68.12, 17.27, 0.005, 309.88, 69.84);
insert into SHOT values (7197, 7185, 7198, 7258, 23.580, 60.16, 7.42, 23.580, 60.15, 7.41, 0.008, 335.31, -41.39);
insert into SHOT values (7198, 7185, 7199, 7258, 20.740, 55.54, 13.63, 20.744, 55.53, 13.63, 0.006, 11.14, 26.28);
insert into SHOT values (7199, 7185, 7200, 7258, 29.030, 177.51, 54.11, 29.030, 177.51, 54.12, 0.003, 16.11, 33.39);
insert into SHOT values (7200, 7185, 7201, 7258, 32.200, 179.51, 61.27, 32.205, 179.52, 61.27, 0.005, 222.51, 48.74);
insert into SHOT values (7201, 7185, 7202, 7258, 27.880, 143.33, 60.50, 27.884, 143.32, 60.51, 0.005, 33.28, 65.77);
insert into SHOT values (7202, 7185, 7203, 7258, 31.010, 136.44, 68.99, 31.012, 136.46, 68.99, 0.004, 205.99, 23.85);
insert into SHOT values (7203, 7185, 7204, 7258, 27.060, 92.21, 58.75, 27.058, 92.20, 58.74, 0.005, 61.26, -54.63);
insert into SHOT values (7204, 7185, 7205, 7258, 32.910, 81.19, 62.62, 32.904, 81.18, 62.63, 0.007, 286.95, -26.15);
insert into SHOT values (7205, 7185, 7206, 7258, 27.570, 58.16, 43.83, 27.563, 58.16, 43.84, 0.007, 248.75, -23.05);
insert into SHOT values (7206, 7185, 7207, 7258, 43.440, 50.28, 44.41, 43.442, 50.28, 44.41, 0.002, 97.61, 40.86);
insert into SHOT values (7207, 7185, 7208, 7258, 48.860, 47.24, 38.98, 48.854, 47.23, 38.98, 0.009, 293.48, -36.58);
insert into SHOT values (7208, 7185, 7209, 7258, 2.600, 52.68, -26.88, 2.601, 52.54, -26.98, 0.007, 313.20, -37.35);
insert into SHOT values (7209, 7185, 7210, 7258, 22.780, 296.38, 37.73, 22.781, 296.39, 37.73, 0.005, 7.61, -0.26);
insert into SHOT values (7210, 7185, 7211, 7258, 29.680, 300.26, 44.23, 29.679, 300.27, 44.22, 0.004, 348.31, -44.41);
insert into SHOT values (7211, 7185, 7212, 7258, 26.610, 323.62, 39.55, 26.608, 323.62, 39.54, 0.004, 6.50, -78.24);
insert into SHOT values (7212, 7185, 7213, 7258, 37.740, 324.73, 47.05, 37.741, 324.73, 47.04, 0.007, 343.60, -32.48);
insert into SHOT values (7213, 7185, 7214, 7258, 40.920, 359.84, 45.15, 40.920, 359.84, 45.15, 0.001, 27.07, -19.61);
insert into SHOT values (7214, 7185, 7215, 7258, 24.160, 358.48, 35.98, 24.154, 358.48, 35.98, 0.006, 199.59, -44.30);
insert into SHOT values (7215, 7185, 7216, 7258, 45.240, 15.84, 33.71, 45.245, 15.83, 33.71, 0.007, 340.43, 20.24);
insert into SHOT values (7216, 7185, 7217, 7258, 46.350, 16.30, 37.45, 46.350, 16.30, 37.44, 0.005, 44.39, -48.89);
insert into SHOT values (7217, 7185, 7218, 7258, 50.220, 25.86, 37.33, 50.223, 25.86, 37.32, 0.007, 21.64, -29.38);
insert into SHOT values (7218, 7185, 7219, 7258, 48.560, 21.54, 30.61, 48.565, 21.53, 30.61, 0.008, 320.88, 27.41);
insert into SHOT values (7219, 7185, 7220, 7258, 36.270, 37.30, 3.42, 36.269, 37.30, 3.41, 0.004, 187.22, -83.13);
insert into SHOT values (7220, 7220, 7221, 7258, 21.410, 192.38, 1.90, 21.410, 192.39, 1.90, 0.002, 285.75, 3.48);
insert into SHOT values (7221, 7220, 7222, 7258, 15.150, 194.61, 10.79, 15.151, 194.63, 10.80, 0.007, 278.64, 31.21);
insert into SHOT values (7222, 7220, 7223, 7258, 14.730, 177.62, 6.77, 14.726, 177.61, 6.79, 0.006, 28.83, 33.76);
insert into SHOT values (7223, 7220, 7224, 7258, 12.360, 179.61, 12.57, 12.357, 179.62, 12.57, 0.004, 328.58, 0.93);
insert into SHOT values (7224, 7220, 7225, 7258, 9.220, 158.20, 9.59, 9.217, 158.23, 9.62, 0.007, 279.27, 32.51);
insert into SHOT values (7225, 7220, 7226, 7258, 9.190, 151.17, 15.70, 9.188, 151.20, 15.72, 0.007, 275.28, 27.07);
insert into SHOT values (7226, 7220, 7227, 7258, 7.170, 98.94, 16.97, 7.167, 98.90, 17.04, 0.010, 321.78, 45.10);
insert into SHOT values (7227, 7220, 7228, 7258, 7.030, 92.76, 20.41, 7.029, 92.78, 20.40, 0.003, 200.45, -28.86);
insert into SHOT values (7228, 7220, 7229, 7258, 9.450, 62.21, 11.90, 9.449, 62.22, 11.91, 0.002, 198.03, 47.18);
insert into SHOT values (7229, 7220, 7230, 7258, 9.700, 61.08, 14.08, 9.696, 61.06, 14.09, 0.005, 271.33, 2.36);
insert into SHOT values (7230, 7220, 7231, 7258, 13.780, 42.40, 6.36, 13.775, 42.39, 6.38, 0.007, 235.03, 31.53);
insert into SHOT values (7231, 7220, 7232, 7258, 14.670, 40.02, 10.64, 14.668, 40.02, 10.65, 0.002, 225.02, 34.24);
insert into SHOT values (7232, 7220, 7233, 7258, 29.110, 347.59, -0.64, 29.113, 347.58, -0.63, 0.007, 293.35, 46.55);
insert into SHOT values (7233, 7220, 7234, 7258, 26.370, 353.22, 5.66, 26.372, 353.22, 5.66, 0.003, 315.97, -14.43);
insert into SHOT values (7234, 7220, 7235, 7258, 16.520, 333.95, 10.73, 16.520, 333.94, 10.75, 0.005, 221.65, 54.92);
insert into SHOT values (7235, 7220, 7236, 7258, 22.230, 323.63, -4.43, 22.231, 323.64, -4.41, 0.009, 37.94, 55.85);
insert into SHOT values (7236, 7220, 7237, 7258, 14.150, 313.13, 10.63, 14.152, 313.14, 10.63, 0.002, 347.97, -4.75);
insert into SHOT values (7237, 7220, 7238, 7258, 18.730, 307.46, -2.30, 18.732, 307.45, -2.29, 0.005, 240.55, 17.85);
insert into SHOT values (7238, 7220, 7239, 7258, 20.370, 272.33, -0.27, 20.367, 272.34, -0.25, 0.007, 57.51, 59.87);
insert into SHOT values (7239, 7220, 7240, 7258, 20.440, 278.39, 7.00, 20.439, 278.39, 7.00, 0.001, 108.80, -61.39);
insert into SHOT values (7240, 7220, 7241, 7258, 28.330, 266.30, 1.32, 28.337, 266.30, 1.33, 0.010, 250.78, 46.77);
insert into SHOT values (7241, 7220, 7242, 7258, 25.390, 263.63, 5.54, 25.394, 263.64, 5.54, 0.006, 309.65, -11.01);
insert into SHOT values (7242, 7220, 7243, 7258, 28.880, 255.82, 5.10, 28.882, 255.81, 5.11, 0.004, 193.57, 38.80);
insert into SHOT values (7243, 7220, 7244, 7258, 32.800, 256.12, 1.64, 32.800, 256.13, 1.64, 0.005, 351.22, 13.83);
insert into SHOT values (7244, 7220, 7245, 7258, 38.420, 248.08, 4.22, 38.423, 248.09, 4.22, 0.006, 311.97, 26.66);
insert into SHOT values (7245, 7220, 7246, 7258, 39.850, 246.37, 1.80, 39.847, 246.38, 1.80, 0.005, 7.54, -18.32);
insert into SHOT values (7246, 7220, 7247, 7258, 12.380, 232.01, -15.29, 12.377, 232.01, -15.27, 0.005, 73.46, 70.97);
insert into SHOT values (7247, 7220, 7248, 7258, 17.830, 29.03, 56.82, 17.834, 29.01, 56.84, 0.009, 249.56, 52.12);
insert into SHOT values (7248, 7220, 7249, 7258, 32.070, 23.65, 58.62, 32.072, 23.65, 58.62, 0.004, 18.94, 12.86);
insert into SHOT values (7249, 7220, 7250, 7258, 17.980, 15.93, 46.31, 17.978, 15.94, 46.31, 0.003, 156.67, -19.81);
insert into SHOT values (7250, 7220, 7251, 7258, 38.790, 13.77, 47.30, 38.792, 13.77, 47.30, 0.003, 279.49, 61.27);
insert into SHOT values (7251, 7220, 7252, 7258, 19.770, 21.72, 0.37, 19.771, 21.70, 0.38, 0.008, 302.93, 17.65);
insert into SHOT values (7252, 7252, 7253, 7258, 24.700, 326.36, 4.31, 24.693, 326.36, 4.32, 0.008, 140.88, 27.93);
insert into SHOT values (7253, 7252, 7254, 7258, 27.580, 335.18, 3.71, 27.579, 335.19, 3.72, 0.006, 90.07, 61.21);
insert into SHOT values (7254, 7252, 7255, 7258, 26.420, 247.36, -0.31, 26.417, 247.36, -0.30, 0.005, 90.62, 38.05);
insert into SHOT values (7255, 7252, 7256, 7258, 22.420, 258.82, -1.81, 22.418, 258.81, -1.81, 0.007, 145.15, -16.62);
insert into SHOT values (7256, 7252, 7257, 7258, 20.600, 270.75, -4.38, 20.592, 270.75, -4.37, 0.009, 81.95, 21.68);
insert into SHOT values (7257, 7252, 7258, 7258, 17.100, 283.27, -3.27, 17.094, 283.28, -3.25, 0.008, 78.77, 40.01);
insert into SHOT values (7258, 7252, 7259, 7258, 17.040, 296.05, -1.43, 17.036, 296.05, -1.41, 0.007, 101.90, 50.98);
insert into SHOT values (7259, 7252, 7260, 7258, 13.670, 312.92, 10.26, 13.670, 312.92, 10.28, 0.005, 100.06, 83.95);
insert into SHOT values (7260, 7252, 7261, 7258, 14.180, 294.18, 9.89, 14.177, 294.18, 9.91, 0.006, 117.21, 47.49);
insert into SHOT values (7261, 7252, 7262, 7258, 13.340, 274.28, 12.66, 13.340, 274.27, 12.64, 0.004, 204.46, -67.69);
insert into SHOT values (7262, 7252, 7263, 7258, 14.590, 257.07, 11.57, 14.590, 257.06, 11.59, 0.004, 146.35, 61.88);
insert into SHOT values (7263, 7252, 7264, 7258, 17.630, 246.42, 8.81, 17.624, 246.41, 8.81, 0.007, 95.43, -1.41);
insert into SHOT values (7264, 7252, 7265, 7258, 22.680, 239.91, 7.36, 22.680, 239.90, 7.37, 0.006, 145.78, 53.29);
insert into SHOT values (7265, 7252, 7266, 7258, 6.270, 304.51, -32.38, 6.269, 304.53, -32.41, 0.004, 89.03, -33.74);
insert into SHOT values (7266, 7252, 7267, 7258, 18.840, 183.64, 7.40, 18.845, 183.62, 7.41, 0.008, 126.88, 24.46);
insert into SHOT values (7267, 7252, 7268, 7258, 16.190, 182.40, 6.03, 16.193, 182.38, 6.03, 0.006, 131.29, -7.58);
insert into SHOT values (7268, 7252, 7269, 7258, 13.570, 176.46, 9.83, 13.575, 176.44, 9.84, 0.007, 137.01, 26.69);
insert into SHOT values (7269, 7252, 7270, 7258, 13.000, 176.51, 7.25, 12.998, 176.49, 7.25, 0.005, 66.59, -6.19);
insert into SHOT values (7270, 7252, 7271, 7258, 8.470, 164.75, 14.25, 8.471, 164.74, 14.28, 0.005, 65.25, 81.67);
insert into SHOT values (7271, 7252, 7272, 7258, 7.760, 164.36, 10.04, 7.761, 164.36, 10.02, 0.003, 179.95, -58.38);
insert into SHOT values (7272, 7252, 7273, 7258, 7.070, 156.28, 20.25, 7.078, 156.29, 20.25, 0.008, 166.53, 21.39);
insert into SHOT values (7273, 7252, 7274, 7258, 7.060, 156.29, 12.86, 7.059, 156.27, 12.85, 0.003, 50.16, -23.86);
insert into SHOT values (7274, 7252, 7275, 7258, 5.620, 121.12, 13.82, 5.626, 121.07, 13.78, 0.008, 86.37, -16.94);
insert into SHOT values (7275, 7252, 7276, 7258, 6.100, 119.60, 20.77, 6.101, 119.62, 20.74, 0.004, 164.36, -47.77);
insert into SHOT values (7276, 7252, 7277, 7258, 6.910, 93.89, 17.28, 6.916, 93.91, 17.24, 0.008, 108.54, -18.89);
insert into SHOT values (7277, 7252, 7278, 7258, 6.930, 92.49, 10.45, 6.932, 92.52, 10.47, 0.005, 160.62, 36.32);
insert into SHOT values (7278, 7252, 7279, 7258, 9.860, 82.62, 14.72, 9.863, 82.65, 14.74, 0.007, 152.14, 39.55);
insert into SHOT values (7279, 7252, 7280, 7258, 9.870, 87.75, 7.78, 9.879, 87.77, 7.80, 0.010, 115.08, 22.83);
insert into SHOT values (7280, 7252, 7281, 7258, 23.650, 15.42, -1.85, 23.645, 15.44, -1.84, 0.009, 144.05, 22.64);
insert into SHOT values (7281, 7252, 7282, 7258, 21.780, 22.78, 7.27, 21.783, 22.79, 7.28, 0.006, 86.23, 39.14);
insert into SHOT values (7282, 7252, 7283, 7258, 26.650, 25.35, -0.52, 26.648, 25.35, -0.52, 0.003, 172.80, 32.89);
insert into SHOT values (7283, 7252, 7284, 7258, 24.560, 33.39, 6.03, 24.562, 33.41, 6.03, 0.009, 107.89, -0.05);
insert into SHOT values (7284, 7252, 7285, 7258, 28.380, 32.09, -1.78, 28.378, 32.09, -1.78, 0.003, 170.82, 32.83);
insert into SHOT values (7285, 7252, 7286, 7258, 28.360, 44.62, 5.29, 28.364, 44.63, 5.30, 0.007, 91.57, 48.20);
insert into SHOT values (7286, 7252, 7287, 7258, 30.200, 39.61, -0.41, 30.200, 39.63, -0.42, 0.009, 131.68, -25.04);
insert into SHOT values (7287, 7252, 7288, 7258, 32.830, 45.96, -1.40, 32.831, 45.98, -1.40, 0.009, 126.97, 13.45);
insert into SHOT values (7288, 7252, 7289, 7258, 29.100, 53.96, 5.53, 29.107, 53.97, 5.54, 0.011, 98.16, 32.00);
insert into SHOT values (7289, 7252, 7290, 7258, 39.040, 54.65, -1.71, 39.037, 54.66, -1.70, 0.009, 165.64, 33.47);
insert into SHOT values (7290, 7252, 7291, 7258, 38.170, 57.53, 3.71, 38.174, 57.53, 3.71, 0.005, 76.55, 1.90);
insert into SHOT values (7291, 7252, 7292, 7258, 45.620, 74.64, -1.95, 45.623, 74.65, -1.95, 0.009, 144.35, 15.19);
insert into SHOT values (7292, 7292, 7293, 7258, 23.030, 298.14, 1.64, 23.032, 298.15, 1.64, 0.003, 349.82, 17.06);
insert into SHOT values (7293, 7292, 7294, 7258, 18.390, 311.76, 4.48, 18.393, 311.75, 4.49, 0.005, 262.46, 40.85);
insert into SHOT values (7294, 7292, 7295, 7258, 6.690, 30.40, 16.14, 6.695, 30.35, 16.13, 0.007, 345.00, 2.13);
insert into SHOT values (7295, 7292, 7296, 7258, 7.090, 50.94, 29.09, 7.094, 50.89, 29.10, 0.007, 351.95, 26.39);
insert into SHOT values (7296, 7292, 7297, 7258, 6.630, 356.98, 38.26, 6.627, 357.03, 38.22, 0.007, 73.13, -50.94);
insert into SHOT values (7297, 7292, 7298, 7258, 8.490, 331.70, 29.11, 8.498, 331.71, 29.08, 0.010, 339.23, -1.68);
insert into SHOT values (7298, 7292, 7299, 7258, 11.510, 318.67, 21.73, 11.510, 318.68, 21.72, 0.002, 41.87, -42.74);
insert into SHOT values (7299, 7292, 7300, 7258, 14.720, 308.61, 16.07, 14.719, 308.63, 16.05, 0.006, 40.47, -46.10);
insert into SHOT values (7300, 7292, 7301, 7258, 18.700, 195.07, 7.79, 18.700, 195.08, 7.78, 0.005, 274.92, -58.05);
insert into SHOT values (7301, 7292, 7302, 7258, 16.560, 194.02, 14.85, 16.559, 194.03, 14.84, 0.005, 271.90, -62.51);
insert into SHOT values (7302, 7292, 7303, 7258, 17.860, 207.18, 8.35, 17.850, 207.19, 8.34, 0.010, 10.49, -20.75);
insert into SHOT values (7303, 7292, 7304, 7258, 16.950, 213.94, 14.14, 16.947, 213.96, 14.14, 0.007, 332.62, -6.29);
insert into SHOT values (7304, 7292, 7305, 7258, 16.980, 224.07, 3.37, 16.974, 224.09, 3.38, 0.009, 358.65, 11.79);
insert into SHOT values (7305, 7292, 7306, 7258, 16.480, 214.60, 3.53, 16.480, 214.60, 3.51, 0.005, 145.46, -83.36);
insert into SHOT values (7306, 7292, 7307, 7258, 18.790, 231.05, 3.78, 18.785, 231.06, 3.78, 0.007, 9.60, 10.83);
insert into SHOT values (7307, 7292, 7308, 7258, 19.870, 230.71, 11.33, 19.866, 230.73, 11.32, 0.008, 350.06, -25.97);
insert into SHOT values (7308, 7292, 7309, 7258, 22.160, 236.56, 9.83, 22.158, 236.56, 9.82, 0.004, 5.61, -54.99);
insert into SHOT values (7309, 7292, 7310, 7258, 21.900, 239.22, 3.64, 21.900, 239.23, 3.64, 0.005, 328.27, -3.96);
insert into SHOT values (7310, 7292, 7311, 7258, 7.260, 200.87, -15.45, 7.253, 200.87, -15.51, 0.011, 18.78, -33.43);
insert into SHOT values (7311, 7292, 7312, 7258, 30.360, 125.40, 3.73, 30.356, 125.41, 3.72, 0.007, 266.72, -46.14);
insert into SHOT values (7312, 7312, 7313, 7258, 24.790, 249.51, 36.06, 24.791, 249.52, 36.08, 0.010, 25.58, 54.79);
insert into SHOT values (7313, 7312, 7314, 7258, 22.240, 224.18, 42.35, 22.239, 224.19, 42.38, 0.012, 32.61, 41.88);
insert into SHOT values (7314, 7312, 7315, 7258, 20.980, 198.01, 48.87, 20.982, 197.99, 48.90, 0.011, 60.26, 43.93);
insert into SHOT values (7315, 7312, 7316, 7258, 21.920, 163.37, 51.92, 21.922, 163.36, 51.94, 0.007, 12.64, 54.61);
insert into SHOT values (7316, 7312, 7317, 7258, 22.230, 138.32, 52.89, 22.229, 138.30, 52.90, 0.008, 8.96, 15.44);
insert into SHOT values (7317, 7312, 7318, 7258, 38.210, 148.31, 56.71, 38.208, 148.30, 56.71, 0.006, 24.89, 1.29);
insert into SHOT values (7318, 7312, 7319, 7258, 36.020, 174.78, 56.56, 36.019, 174.77, 56.57, 0.009, 30.45, 17.98);
insert into SHOT values (7319, 7312, 7320, 7258, 34.440, 199.48, 55.84, 34.439, 199.46, 55.85, 0.009, 81.68, 11.57);
insert into SHOT values (7320, 7312, 7321, 7258, 33.810, 221.08, 52.17, 33.812, 221.07, 52.18, 0.008, 81.38, 42.69);
insert into SHOT values (7321, 7312, 7322, 7258, 36.700, 245.85, 44.96, 36.700, 245.85, 44.98, 0.011, 52.89, 43.85);
insert into SHOT values (7322, 7312, 7323, 7258, 19.980, 262.28, 6.48, 19.977, 262.30, 6.50, 0.009, 19.56, 35.37);
insert into SHOT values (7323, 7312, 7324, 7258, 26.480, 256.78, -5.85, 26.475, 256.79, -5.85, 0.006, 43.71, -10.17);
insert into SHOT values (7324, 7312, 7325, 7258, 24.350, 242.14, -5.81, 24.343, 242.13, -5.80, 0.009, 85.05, 34.94);
insert into SHOT values (7325, 7312, 7326, 7258, 18.170, 239.72, 8.49, 18.171, 239.73, 8.51, 0.008, 328.52, 77.62);
insert into SHOT values (7326, 7312, 7327, 7258, 24.860, 227.04, -4.12, 24.850, 227.04, -4.11, 0.012, 38.08, 30.89);
insert into SHOT values (7327, 7312, 7328, 7258, 18.210, 217.30, 8.36, 18.204, 217.28, 8.37, 0.008, 78.05, 16.81);
insert into SHOT values (7328, 7312, 7329, 7258, 24.360, 211.85, -4.58, 24.352, 211.85, -4.57, 0.009, 30.94, 36.00);
insert into SHOT values (7329, 7312, 7330, 7258, 16.320, 187.58, 9.52, 16.315, 187.57, 9.53, 0.006, 34.26, 8.24);
insert into SHOT values (7330, 7312, 7331, 7258, 21.750, 187.82, -5.87, 21.744, 187.81, -5.86, 0.008, 38.80, 35.89);
insert into SHOT values (7331, 7312, 7332, 7258, 21.000, 177.99, -6.91, 20.995, 177.97, -6.89, 0.012, 62.21, 33.22);
insert into SHOT values (7332, 7312, 7333, 7258, 16.300, 169.41, 8.88, 16.300, 169.41, 8.89, 0.004, 42.52, 83.51);
insert into SHOT values (7333, 7312, 7334, 7258, 20.680, 160.19, -6.56, 20.674, 160.16, -6.55, 0.012, 40.00, 12.54);
insert into SHOT values (7334, 7312, 7335, 7258, 17.510, 153.31, 8.35, 17.507, 153.27, 8.38, 0.014, 45.20, 30.94);
insert into SHOT values (7335, 7312, 7336, 7258, 22.240, 147.93, -4.89, 22.236, 147.91, -4.88, 0.011, 30.93, 33.30);
insert into SHOT values (7336, 7312, 7337, 7258, 19.600, 135.41, 8.49, 19.598, 135.40, 8.51, 0.008, 11.20, 50.26);
insert into SHOT values (7337, 7312, 7338, 7258, 24.340, 130.25, -5.28, 24.341, 130.25, -5.28, 0.002, 92.37, -5.23);
insert into SHOT values (7338, 7312, 7339, 7258, 23.350, 119.40, 7.94, 23.351, 119.39, 7.95, 0.006, 38.76, 52.43);
insert into SHOT values (7339, 7312, 7340, 7258, 26.580, 120.65, -4.36, 26.579, 120.65, -4.36, 0.001, 333.50, 30.04);
insert into SHOT values (7340, 7312, 7341, 7258, 8.330, 87.70, 20.35, 8.337, 87.65, 20.36, 0.010, 43.36, 19.56);
insert into SHOT values (7341, 7312, 7342, 7258, 3.910, 86.08, 59.13, 3.918, 86.02, 59.05, 0.010, 71.47, 23.58);
insert into SHOT values (7342, 7312, 7343, 7258, 1.630, 65.10, 3.27, 1.636, 65.00, 3.50, 0.009, 39.11, 48.45);
insert into SHOT values (7343, 7312, 7344, 7258, 2.740, 30.66, 73.44, 2.746, 30.47, 73.30, 0.009, 12.08, 23.48);
insert into SHOT values (7344, 7312, 7345, 7258, 1.520, 29.61, 4.69, 1.524, 29.60, 4.89, 0.007, 27.04, 60.14);
insert into SHOT values (7345, 7312, 7346, 7258, 7.920, 186.49, -26.38, 7.920, 186.47, -26.39, 0.002, 95.87, -25.93);
insert into SHOT values (7346, 7312, 7347, 7258, 6.260, 92.16, 5.82, 6.267, 92.11, 5.86, 0.010, 54.78, 32.47);
insert into SHOT values (7347, 7347, 7348, 7258, 10.050, 95.60, -16.88, 10.050, 95.61, -16.89, 0.003, 215.38, -43.51);
insert into SHOT values (7348, 7348, 7349, 7258, 16.740, 109.15, 4.22, 16.737, 109.13, 4.21, 0.007, 353.15, -15.56);
insert into SHOT values (7349, 7348, 7350, 7258, 20.300, 103.54, 11.98, 20.294, 103.55, 11.97, 0.007, 262.41, -31.47);
insert into SHOT values (7350, 7348, 7351, 7258, 26.420, 90.18, 10.59, 26.421, 90.18, 10.60, 0.005, 4.63, 70.67);
insert into SHOT values (7351, 7348, 7352, 7258, 24.870, 90.09, 1.91, 24.864, 90.09, 1.91, 0.006, 261.17, 9.95);
insert into SHOT values (7352, 7348, 7353, 7258, 30.400, 80.37, 14.38, 30.398, 80.36, 14.38, 0.005, 325.99, 1.30);
insert into SHOT values (7353, 7348, 7354, 7258, 33.070, 78.86, 2.45, 33.074, 78.85, 2.44, 0.008, 23.08, -27.44);
insert into SHOT values (7354, 7348, 7355, 7258, 44.190, 71.71, 14.02, 44.195, 71.70, 14.02, 0.007, 24.53, 38.75);
insert into SHOT values (7355, 7348, 7356, 7258, 25.330, 92.16, 58.10, 25.323, 92.14, 58.11, 0.009, 307.63, -31.16);
insert into SHOT values (7356, 7348, 7357, 7258, 40.820, 86.97, 60.31, 40.819, 86.97, 60.31, 0.002, 352.48, -39.65);
insert into SHOT values (7357, 7348, 7358, 7258, 35.410, 77.23, 43.15, 35.408, 77.23, 43.16, 0.006, 266.80, 28.89);
insert into SHOT values (7358, 7348, 7359, 7258, 43.100, 73.73, 46.38, 43.097, 73.73, 46.38, 0.003, 264.59, -27.53);
insert into SHOT values (7359, 7348, 7360, 7258, 37.640, 75.62, 33.19, 37.640, 75.62, 33.20, 0.006, 220.74, 53.43);
insert into SHOT values (7360, 7348, 7361, 7258, 50.390, 71.00, 34.28, 50.391, 71.00, 34.28, 0.005, 18.45, -18.75);
insert into SHOT values (7361, 7348, 7362, 7258, 41.950, 71.20, 28.98, 41.954, 71.19, 28.98, 0.006, 6.79, 53.63);
insert into SHOT values (7362, 7348, 7363, 7258, 5.160, 119.91, -14.50, 5.159, 119.90, -14.48, 0.002, 345.15, 61.67);
insert into SHOT values (7363, 7348, 7364, 7258, 46.660, 44.75, 4.39, 46.658, 44.75, 4.39, 0.003, 269.43, -28.31);
insert into SHOT values (7364, 7364, 7365, 7258, 60.260, 94.00, -1.44, 60.265, 94.00, -1.44, 0.008, 69.17, 35.08);
insert into SHOT values (7365, 7364, 7366, 7258, 55.130, 95.10, 1.60, 55.130, 95.10, 1.60, 0.001, 195.99, 29.23);
insert into SHOT values (7366, 7364, 7367, 7258, 33.310, 106.76, 2.25, 33.310, 106.76, 2.25, 0.003, 192.18, 47.49);
insert into SHOT values (7367, 7364, 7368, 7258, 34.050, 108.18, -1.43, 34.050, 108.18, -1.43, 0.001, 335.55, -30.51);
insert into SHOT values (7368, 7364, 7369, 7258, 24.940, 123.12, 2.22, 24.940, 123.13, 2.23, 0.006, 215.78, 45.17);
insert into SHOT values (7369, 7364, 7370, 7258, 23.990, 124.93, -2.44, 23.988, 124.92, -2.44, 0.004, 353.36, 20.02);
insert into SHOT values (7370, 7364, 7371, 7258, 21.940, 169.24, -3.11, 21.938, 169.24, -3.11, 0.003, 358.47, 7.12);
insert into SHOT values (7371, 7364, 7372, 7258, 24.290, 172.11, 4.74, 24.292, 172.12, 4.75, 0.005, 232.68, 37.41);
insert into SHOT values (7372, 7364, 7373, 7258, 30.010, 186.58, -3.39, 30.009, 186.57, -3.38, 0.005, 86.93, 58.02);
insert into SHOT values (7373, 7364, 7374, 7258, 29.920, 187.82, 3.58, 29.916, 187.82, 3.58, 0.005, 37.60, 19.32);
insert into SHOT values (7374, 7364, 7375, 7258, 36.960, 196.88, -2.88, 36.958, 196.88, -2.88, 0.004, 331.99, -42.04);
insert into SHOT values (7375, 7364, 7376, 7258, 36.010, 200.00, 4.60, 36.009, 199.99, 4.60, 0.007, 95.87, 17.38);
insert into SHOT values (7376, 7364, 7377, 7258, 24.070, 229.05, -5.39, 24.067, 229.06, -5.39, 0.006, 352.54, 9.86);
insert into SHOT values (7377, 7364, 7378, 7258, 18.320, 224.90, 3.82, 18.319, 224.89, 3.82, 0.004, 125.79, -8.44);
insert into SHOT values (7378, 7364, 7379, 7258, 20.300, 232.63, 2.24, 20.299, 232.63, 2.26, 0.007, 21.67, 72.97);
insert into SHOT values (7379, 7364, 7380, 7258, 17.850, 232.70, -6.01, 17.851, 232.69, -6.01, 0.003, 155.67, -20.82);
insert into SHOT values (7380, 7364, 7381, 7258, 13.450, 241.94, 3.12, 13.450, 241.93, 3.11, 0.004, 150.69, -34.98);
insert into SHOT values (7381, 7364, 7382, 7258, 13.180, 236.24, -6.91, 13.180, 236.25, -6.88, 0.006, 298.22, 67.26);
insert into SHOT values (7382, 7364, 7383, 7258, 0.720, 249.35, 62.00, 0.721, 248.84, 62.55, 0.008, 97.19, 33.96);
insert into SHOT values (7383, 7364, 7384, 7258, 1.090, 228.28, -61.41, 1.094, 228.09, -61.37, 0.004, 193.11, -44.56);
insert into SHOT values (7384, 7364, 7385, 7258, 4.960, 101.78, -20.33, 4.956, 101.79, -20.31, 0.004, 261.25, 46.17);
insert into SHOT values (7385, 7364, 7386, 7258, 13.180, 120.19, -19.80, 13.177, 120.16, -19.78, 0.008, 11.39, 36.80);
insert into SHOT values (7386, 7364, 7387, 7258, 8.410, 71.38, 4.54, 8.416, 71.37, 4.57, 0.007, 58.48, 35.16);
insert into SHOT values (7387, 7364, 7388, 7258, 12.540, 77.20, -7.17, 12.537, 77.18, -7.15, 0.007, 321.90, 49.21);
insert into SHOT values (7388, 7364, 7389, 7258, 22.660, 75.05, -3.88, 22.656, 75.05, -3.87, 0.005, 230.23, 42.38);
insert into SHOT values (7389, 7364, 7390, 7258, 20.360, 78.22, 2.74, 20.362, 78.23, 2.76, 0.007, 138.95, 70.12);
insert into SHOT values (7390, 7364, 7391, 7258, 48.670, 80.89, -4.30, 48.670, 80.88, -4.30, 0.006, 351.94, -7.70);
insert into SHOT values (7391, 7391, 7392, 7258, 36.140, 264.91, 4.94, 36.137, 264.90, 4.94, 0.007, 145.84, -17.42);
insert into SHOT values (7392, 7391, 7393, 7258, 36.200, 261.44, 7.66, 36.203, 261.44, 7.67, 0.005, 272.31, 60.52);
insert into SHOT values (7393, 7391, 7394, 7258, 20.860, 267.12, 13.56, 20.857, 267.12, 13.56, 0.003, 111.02, -16.23);
insert into SHOT values (7394, 7391, 7395, 7258, 23.810, 271.15, 7.31, 23.808, 271.14, 7.31, 0.004, 156.62, 6.18);
insert into SHOT values (7395, 7391, 7396, 7258, 13.150, 286.52, 13.26, 13.150, 286.52, 13.28, 0.004, 65.28, 72.87);
insert into SHOT values (7396, 7391, 7397, 7258, 11.900, 281.86, 24.71, 11.902, 281.85, 24.73, 0.006, 192.59, 71.83);
insert into SHOT values (7397, 7391, 7398, 7258, 8.090, 308.35, 39.22, 8.086, 308.32, 39.29, 0.011, 149.29, 24.73);
insert into SHOT values (7398, 7391, 7399, 7258, 9.570, 311.35, 20.63, 9.563, 311.33, 20.64, 0.008, 154.25, -13.04);
insert into SHOT values (7399, 7391, 7400, 7258, 7.690, 353.67, 20.67, 7.691, 353.69, 20.71, 0.007, 108.87, 57.98);
insert into SHOT values (7400, 7391, 7401, 7258, 7.670, 1.90, 44.66, 7.667, 1.89, 44.67, 0.003, 198.74, -24.15);
insert into SHOT values (7401, 7391, 7402, 7258, 11.110, 37.16, 30.32, 11.112, 37.20, 30.32, 0.008, 113.60, 10.01);
insert into SHOT values (7402, 7391, 7403, 7258, 11.290, 33.34, 11.41, 11.285, 33.35, 11.45, 0.009, 203.65, 47.20);
insert into SHOT values (7403, 7391, 7404, 7258, 15.760, 46.94, 9.18, 15.761, 46.95, 9.20, 0.007, 134.22, 57.44);
insert into SHOT values (7404, 7391, 7405, 7258, 17.250, 52.49, 18.85, 17.252, 52.49, 18.87, 0.007, 117.97, 86.44);
insert into SHOT values (7405, 7391, 7406, 7258, 26.100, 59.40, 7.41, 26.100, 59.41, 7.42, 0.007, 155.89, 35.43);
insert into SHOT values (7406, 7391, 7407, 7258, 25.530, 62.12, 11.98, 25.530, 62.14, 11.98, 0.010, 150.15, 4.34);
insert into SHOT values (7407, 7391, 7408, 7258, 31.820, 64.30, 6.00, 31.823, 64.31, 6.01, 0.007, 125.63, 33.48);
insert into SHOT values (7408, 7391, 7409, 7258, 39.290, 70.31, 10.81, 39.293, 70.32, 10.81, 0.005, 129.49, 12.18);
insert into SHOT values (7409, 7391, 7410, 7258, 82.660, 82.92, 2.17, 82.659, 82.92, 2.17, 0.001, 223.00, 4.92);
insert into SHOT values (7410, 7391, 7411, 7258, 70.610, 83.81, 4.40, 70.609, 83.81, 4.40, 0.003, 231.50, 57.37);
insert into SHOT values (7411, 7391, 7412, 7258, 38.930, 92.68, 7.11, 38.932, 92.69, 7.11, 0.004, 156.58, 19.72);
insert into SHOT values (7412, 7391, 7413, 7258, 39.280, 94.59, 4.13, 39.278, 94.60, 4.13, 0.005, 206.16, 11.32);
insert into SHOT values (7413, 7391, 7414, 7258, 27.280, 105.46, 5.47, 27.287, 105.46, 5.47, 0.007, 100.04, -3.75);
insert into SHOT values (7414, 7391, 7415, 7258, 25.990, 107.61, 10.09, 25.995, 107.63, 10.10, 0.011, 172.94, 37.35);
insert into SHOT values (7415, 7391, 7416, 7258, 21.240, 120.88, 7.14, 21.244, 120.88, 7.14, 0.004, 145.51, -0.13);
insert into SHOT values (7416, 7391, 7417, 7258, 19.630, 125.06, 15.54, 19.633, 125.08, 15.54, 0.006, 187.15, 8.42);
insert into SHOT values (7417, 7391, 7418, 7258, 15.630, 169.28, 7.88, 15.639, 169.28, 7.90, 0.011, 179.10, 42.53);
insert into SHOT values (7418, 7391, 7419, 7258, 15.000, 180.16, 18.55, 14.999, 180.16, 18.54, 0.002, 335.76, -70.48);
insert into SHOT values (7419, 7391, 7420, 7258, 17.460, 202.07, 7.85, 17.462, 202.07, 7.87, 0.006, 226.99, 74.56);
insert into SHOT values (7420, 7391, 7421, 7258, 18.960, 213.55, 15.26, 18.965, 213.54, 15.25, 0.006, 189.21, -2.58);
insert into SHOT values (7421, 7391, 7422, 7258, 28.940, 227.40, 5.76, 28.937, 227.39, 5.77, 0.008, 91.27, 47.36);
insert into SHOT values (7422, 7391, 7423, 7258, 29.150, 229.64, 9.11, 29.150, 229.64, 9.12, 0.005, 116.49, 66.15);
insert into SHOT values (7423, 7391, 7424, 7258, 37.890, 233.82, 4.48, 37.891, 233.82, 4.48, 0.001, 174.52, 20.90);
insert into SHOT values (7424, 7391, 7425, 7258, 37.230, 234.84, 7.06, 37.227, 234.83, 7.07, 0.008, 116.36, 29.52);
insert into SHOT values (7425, 7391, 7426, 7258, 30.930, 100.90, 49.27, 30.933, 100.91, 49.27, 0.005, 147.02, 18.25);
insert into SHOT values (7426, 7391, 7427, 7258, 38.980, 87.95, 47.66, 38.987, 87.97, 47.66, 0.012, 163.83, 38.21);
insert into SHOT values (7427, 7391, 7428, 7258, 38.140, 84.40, 38.69, 38.140, 84.41, 38.69, 0.006, 155.37, -15.77);
insert into SHOT values (7428, 7391, 7429, 7258, 49.910, 78.40, 35.30, 49.908, 78.40, 35.30, 0.002, 247.86, -29.06);
insert into SHOT values (7429, 7391, 7430, 7258, 48.200, 81.17, 31.79, 48.203, 81.18, 31.78, 0.011, 144.74, -10.99);
insert into SHOT values (7430, 7391, 7431, 7258, 59.490, 77.23, 28.82, 59.489, 77.23, 28.82, 0.003, 250.07, 43.41);
insert into SHOT values (7431, 7391, 7432, 7258, 58.770, 80.04, 27.50, 58.776, 80.05, 27.50, 0.009, 136.57, 19.07);
insert into SHOT values (7432, 7391, 7433, 7258, 40.920, 65.42, 29.63, 40.921, 65.43, 29.63, 0.007, 143.22, -6.09);
insert into SHOT values (7433, 7391, 7434, 7258, 57.450, 66.58, 37.11, 57.448, 66.58, 37.11, 0.002, 264.74, -72.75);
insert into SHOT values (7434, 7391, 7435, 7258, 33.420, 58.14, 33.10, 33.417, 58.16, 33.10, 0.008, 169.96, -5.21);
insert into SHOT values (7435, 7391, 7436, 7258, 44.630, 71.75, 51.88, 44.631, 71.77, 51.88, 0.010, 146.20, -7.82);
insert into SHOT values (7436, 7391, 7437, 7258, 24.240, 48.39, 40.74, 24.236, 48.40, 40.75, 0.006, 198.28, 2.73);
insert into SHOT values (7437, 7391, 7438, 7258, 36.350, 49.78, 55.82, 36.349, 49.81, 55.82, 0.010, 133.05, -9.02);
insert into SHOT values (7438, 7391, 7439, 7258, 14.060, 33.85, 55.52, 14.062, 33.89, 55.51, 0.006, 94.15, 0.06);
insert into SHOT values (7439, 7391, 7440, 7258, 11.180, 289.31, 53.23, 11.180, 289.30, 53.27, 0.008, 117.21, 33.04);
insert into SHOT values (7440, 7391, 7441, 7258, 38.220, 275.65, 47.13, 38.215, 275.65, 47.14, 0.006, 89.82, -12.87);
insert into SHOT values (7441, 7391, 7442, 7258, 19.660, 268.07, 33.05, 19.659, 268.05, 33.04, 0.005, 184.96, -21.55);
insert into SHOT values (7442, 7391, 7443, 7258, 52.120, 265.41, 34.53, 52.124, 265.40, 34.54, 0.008, 175.80, 58.73);
insert into SHOT values (7443, 7391, 7444, 7258, 25.340, 264.00, 27.39, 25.337, 263.98, 27.40, 0.010, 143.65, 13.63);
insert into SHOT values (7444, 7391, 7445, 7258, 63.630, 262.69, 27.37, 63.635, 262.69, 27.37, 0.007, 265.55, 72.24);
insert into SHOT values (7445, 7391, 7446, 7258, 2.320, 223.56, -18.50, 2.318, 223.34, -18.36, 0.010, 132.85, 36.34);
insert into SHOT values (7446, 7391, 7447, 7258, 71.050, 84.67, 1.37, 71.047, 84.68, 1.37, 0.009, 197.64, 8.61);
insert into SHOT values (7447, 7447, 7448, 7258, 42.280, 277.75, 6.32, 42.272, 277.76, 6.33, 0.011, 71.09, 30.64);
insert into SHOT values (7448, 7447, 7449, 7258, 29.820, 286.96, 10.46, 29.814, 286.98, 10.47, 0.013, 56.83, 29.76);
insert into SHOT values (7449, 7447, 7450, 7258, 32.240, 288.93, 3.00, 32.238, 288.94, 3.01, 0.007, 40.67, 21.17);
insert into SHOT values (7450, 7447, 7451, 7258, 21.750, 304.90, 3.33, 21.747, 304.93, 3.32, 0.011, 50.12, -17.62);
insert into SHOT values (7451, 7447, 7452, 7258, 18.840, 311.14, 13.84, 18.839, 311.17, 13.85, 0.009, 52.70, 21.56);
insert into SHOT values (7452, 7447, 7453, 7258, 17.260, 322.27, 1.85, 17.261, 322.30, 1.86, 0.009, 47.14, 17.25);
insert into SHOT values (7453, 7447, 7454, 7258, 17.390, 326.45, 11.93, 17.389, 326.46, 11.95, 0.006, 87.52, 57.97);
insert into SHOT values (7454, 7447, 7455, 7258, 16.870, 338.49, 1.37, 16.868, 338.50, 1.36, 0.005, 98.55, -40.65);
insert into SHOT values (7455, 7447, 7456, 7258, 16.700, 338.15, 14.05, 16.701, 338.19, 14.07, 0.012, 70.14, 29.89);
insert into SHOT values (7456, 7447, 7457, 7258, 18.170, 354.12, 0.92, 18.178, 354.13, 0.91, 0.008, 8.55, -12.27);
insert into SHOT values (7457, 7447, 7458, 7258, 16.590, 355.98, 11.28, 16.591, 355.98, 11.30, 0.005, 48.87, 81.27);
insert into SHOT values (7458, 7447, 7459, 7258, 19.250, 358.24, 1.19, 19.253, 358.24, 1.19, 0.003, 18.75, 3.65);
insert into SHOT values (7459, 7447, 7460, 7258, 17.550, 1.54, 11.12, 17.557, 1.56, 11.13, 0.011, 51.57, 29.63);
insert into SHOT values (7460, 7447, 7461, 7258, 23.640, 9.57, 1.93, 23.643, 9.57, 1.94, 0.005, 42.36, 52.01);
insert into SHOT values (7461, 7447, 7462, 7258, 23.100, 21.25, 8.71, 23.110, 21.25, 8.71, 0.010, 25.43, 10.85);
insert into SHOT values (7462, 7447, 7463, 7258, 33.330, 20.35, -0.11, 33.334, 20.36, -0.10, 0.010, 88.03, 23.02);
insert into SHOT values (7463, 7447, 7464, 7258, 32.730, 28.03, 6.05, 32.732, 28.04, 6.05, 0.005, 88.93, 4.58);
insert into SHOT values (7464, 7447, 7465, 7258, 45.560, 27.23, 0.30, 45.561, 27.23, 0.30, 0.004, 95.34, 21.36);
insert into SHOT values (7465, 7447, 7466, 7258, 34.320, 58.49, 5.20, 34.324, 58.48, 5.20, 0.007, 8.15, -4.40);
insert into SHOT values (7466, 7447, 7467, 7258, 17.340, 60.90, 14.04, 17.346, 60.88, 14.05, 0.010, 9.02, 20.34);
insert into SHOT values (7467, 7447, 7468, 7258, 5.650, 50.02, 38.33, 5.657, 50.03, 38.35, 0.007, 59.21, 53.41);
insert into SHOT values (7468, 7447, 7469, 7258, 11.360, 70.89, 6.20, 11.369, 70.89, 6.21, 0.010, 73.06, 18.75);
insert into SHOT values (7469, 7447, 7470, 7258, 2.670, 98.90, 16.39, 2.677, 98.73, 16.27, 0.012, 56.04, -16.82);
insert into SHOT values (7470, 7447, 7471, 7258, 3.820, 47.62, 76.65, 3.825, 47.73, 76.52, 0.011, 57.08, 17.77);
insert into SHOT values (7471, 7447, 7472, 7258, 2.870, 164.15, 18.65, 2.867, 163.97, 18.72, 0.010, 51.04, 13.26);
insert into SHOT values (7472, 7447, 7473, 7258, 4.280, 238.84, 52.91, 4.278, 238.85, 53.07, 0.012, 57.57, 29.62);
insert into SHOT values (7473, 7447, 7474, 7258, 5.270, 220.41, 3.99, 5.263, 220.36, 4.03, 0.009, 69.57, 21.11);
insert into SHOT values (7474, 7447, 7475, 7258, 8.120, 252.57, 20.42, 8.119, 252.57, 20.40, 0.003, 150.19, -77.78);
insert into SHOT values (7475, 7447, 7476, 7258, 14.940, 251.85, 0.57, 14.933, 251.86, 0.58, 0.007, 58.35, 11.12);
insert into SHOT values (7476, 7447, 7477, 7258, 21.470, 257.91, 8.51, 21.466, 257.93, 8.52, 0.008, 19.86, 19.91);
insert into SHOT values (7477, 7447, 7478, 7258, 3.730, 256.82, -37.13, 3.723, 256.95, -37.18, 0.010, 34.18, 8.88);
insert into SHOT values (7478, 7447, 7479, 7258, 52.660, 39.82, 0.69, 52.665, 39.82, 0.70, 0.009, 1.23, 40.29);
insert into SHOT values (7479, 7479, 7480, 7258, 65.440, 227.68, -0.96, 65.438, 227.67, -0.96, 0.012, 128.36, -16.87);
insert into SHOT values (7480, 7479, 7481, 7258, 65.970, 229.30, 2.21, 65.967, 229.29, 2.21, 0.009, 113.89, -27.55);
insert into SHOT values (7481, 7479, 7482, 7258, 54.240, 222.59, 3.21, 54.234, 222.58, 3.20, 0.012, 92.12, -38.10);
insert into SHOT values (7482, 7479, 7483, 7258, 48.420, 218.16, -1.40, 48.415, 218.15, -1.41, 0.011, 84.74, -41.64);
insert into SHOT values (7483, 7479, 7484, 7258, 41.310, 215.01, 4.36, 41.311, 215.01, 4.36, 0.003, 148.57, -8.55);
insert into SHOT values (7484, 7479, 7485, 7258, 23.480, 192.72, 13.04, 23.483, 192.70, 13.02, 0.012, 135.89, -39.24);
insert into SHOT values (7485, 7479, 7486, 7258, 18.680, 188.04, 4.31, 18.685, 188.02, 4.30, 0.009, 138.27, -25.92);
insert into SHOT values (7486, 7479, 7487, 7258, 18.600, 159.37, 3.33, 18.605, 159.35, 3.33, 0.008, 105.36, -2.97);
insert into SHOT values (7487, 7479, 7488, 7258, 19.670, 154.80, 7.72, 19.673, 154.80, 7.71, 0.004, 166.15, -33.70);
insert into SHOT values (7488, 7479, 7489, 7258, 20.470, 149.14, 1.36, 20.474, 149.14, 1.34, 0.007, 134.94, -53.73);
insert into SHOT values (7489, 7479, 7490, 7258, 24.500, 148.02, 5.80, 24.504, 148.02, 5.79, 0.008, 171.99, -51.21);
insert into SHOT values (7490, 7479, 7491, 7258, 25.530, 145.83, 1.89, 25.534, 145.81, 1.89, 0.009, 81.11, -12.55);
insert into SHOT values (7491, 7479, 7492, 7258, 25.170, 144.40, 6.12, 25.171, 144.40, 6.11, 0.004, 121.26, -63.19);
insert into SHOT values (7492, 7479, 7493, 7258, 37.770, 116.24, 28.91, 37.769, 116.24, 28.89, 0.010, 113.22, -64.77);
insert into SHOT values (7493, 7479, 7494, 7258, 48.470, 114.72, 31.12, 48.478, 114.73, 31.11, 0.011, 133.92, -4.44);
insert into SHOT values (7494, 7479, 7495, 7258, 43.550, 121.14, 36.86, 43.552, 121.14, 36.85, 0.008, 97.36, -31.82);
insert into SHOT values (7495, 7479, 7496, 7258, 34.880, 123.05, 35.47, 34.890, 123.05, 35.46, 0.012, 129.14, -0.23);
insert into SHOT values (7496, 7479, 7497, 7258, 32.460, 133.75, 40.37, 32.459, 133.74, 40.36, 0.008, 74.91, -41.19);
insert into SHOT values (7497, 7479, 7498, 7258, 38.250, 136.51, 43.81, 38.247, 136.51, 43.79, 0.011, 145.24, -60.12);
insert into SHOT values (7498, 7479, 7499, 7258, 28.780, 158.24, 48.18, 28.780, 158.23, 48.16, 0.012, 140.89, -41.47);
insert into SHOT values (7499, 7479, 7500, 7258, 34.200, 157.27, 52.10, 34.197, 157.27, 52.09, 0.008, 140.44, -59.29);
insert into SHOT values (7500, 7479, 7501, 7258, 33.830, 168.72, 53.04, 33.830, 168.72, 53.03, 0.003, 151.14, -36.95);
insert into SHOT values (7501, 7479, 7502, 7258, 28.950, 171.64, 49.41, 28.950, 171.64, 49.40, 0.006, 161.31, -44.27);
insert into SHOT values (7502, 7479, 7503, 7258, 29.390, 180.45, 48.44, 29.391, 180.44, 48.43, 0.005, 135.25, -17.51);
insert into SHOT values (7503, 7479, 7504, 7258, 34.360, 183.50, 50.79, 34.357, 183.48, 50.79, 0.007, 83.78, -28.50);
insert into SHOT values (7504, 7479, 7505, 7258, 35.630, 196.83, 48.14, 35.626, 196.82, 48.13, 0.008, 116.73, -54.86);
insert into SHOT values (7505, 7479, 7506, 7258, 30.080, 197.08, 46.49, 30.078, 197.07, 46.48, 0.007, 146.89, -50.73);
insert into SHOT values (7506, 7479, 7507, 7258, 25.460, 231.06, 6.65, 25.455, 231.04, 6.63, 0.014, 121.34, -36.47);
insert into SHOT values (7507, 7479, 7508, 7258, 38.440, 235.29, 4.09, 38.437, 235.27, 4.09, 0.012, 128.61, -8.32);
insert into SHOT values (7508, 7479, 7509, 7258, 41.660, 239.45, 0.12, 41.656, 239.44, 0.11, 0.011, 124.05, -40.94);
insert into SHOT values (7509, 7479, 7510, 7258, 29.240, 242.92, -0.25, 29.236, 242.92, -0.25, 0.005, 77.72, -29.22);
insert into SHOT values (7510, 7479, 7511, 7258, 22.070, 251.07, 0.28, 22.064, 251.06, 0.26, 0.010, 92.78, -52.09);
insert into SHOT values (7511, 7479, 7512, 7258, 20.880, 251.21, -3.27, 20.878, 251.19, -3.30, 0.012, 137.54, -50.33);
insert into SHOT values (7512, 7479, 7513, 7258, 15.640, 259.44, -3.58, 15.635, 259.44, -3.59, 0.006, 82.50, -33.45);
insert into SHOT values (7513, 7479, 7514, 7258, 10.960, 261.25, 14.13, 10.955, 261.23, 14.11, 0.008, 124.02, -44.57);
insert into SHOT values (7514, 7479, 7515, 7258, 9.020, 287.40, 13.85, 9.012, 287.42, 13.80, 0.012, 81.26, -52.46);
insert into SHOT values (7515, 7479, 7516, 7258, 10.780, 283.90, 2.74, 10.776, 283.87, 2.71, 0.009, 160.59, -36.86);
insert into SHOT values (7516, 7479, 7517, 7258, 9.370, 243.76, 20.18, 9.363, 243.73, 20.18, 0.009, 100.22, -15.37);
insert into SHOT values (7517, 7479, 7518, 7258, 4.630, 287.50, -3.74, 4.625, 287.53, -3.84, 0.010, 83.69, -51.55);
insert into SHOT values (7518, 7479, 7519, 7258, 3.180, 338.98, -1.09, 3.173, 338.94, -1.26, 0.012, 176.79, -50.41);
insert into SHOT values (7519, 7479, 7520, 7258, 3.720, 232.00, 61.95, 3.715, 231.75, 61.99, 0.009, 109.65, -18.68);
insert into SHOT values (7520, 7479, 7521, 7258, 4.410, 63.21, 35.60, 4.410, 63.36, 35.48, 0.013, 124.19, -33.05);
insert into SHOT values (7521, 7479, 7522, 7258, 8.200, 55.40, 5.58, 8.199, 55.43, 5.53, 0.009, 151.96, -56.68);
insert into SHOT values (7522, 7479, 7523, 7258, 11.350, 68.58, 3.97, 11.356, 68.62, 3.94, 0.012, 118.67, -28.68);
insert into SHOT values (7523, 7479, 7524, 7258, 13.870, 88.96, 13.50, 13.873, 88.98, 13.46, 0.011, 131.31, -47.38);
insert into SHOT values (7524, 7479, 7525, 7258, 7.290, 199.79, -23.17, 7.291, 199.71, -23.18, 0.010, 112.73, -9.60);
insert into SHOT values (7525, 7479, 7526, 7258, 33.330, 102.84, 1.66, 33.338, 102.85, 1.65, 0.011, 131.28, -30.38);
insert into SHOT values (7526, 7526, 7527, 7258, 30.250, 129.41, -1.44, 30.247, 129.42, -1.44, 0.005, 252.71, 2.27);
insert into SHOT values (7527, 7526, 7528, 7258, 17.440, 126.74, 11.42, 17.437, 126.72, 11.41, 0.007, 9.79, -27.85);
insert into SHOT values (7528, 7526, 7529, 7258, 14.840, 141.10, 9.98, 14.838, 141.08, 9.97, 0.005, 25.02, -20.85);
insert into SHOT values (7529, 7526, 7530, 7258, 21.490, 145.04, -3.87, 21.485, 145.05, -3.87, 0.006, 289.23, 3.94);
insert into SHOT values (7530, 7526, 7531, 7258, 13.310, 180.06, 7.32, 13.309, 180.09, 7.34, 0.008, 283.80, 33.20);
insert into SHOT values (7531, 7526, 7532, 7258, 15.900, 217.91, 0.85, 15.898, 217.92, 0.86, 0.006, 332.42, 47.51);
insert into SHOT values (7532, 7526, 7533, 7258, 15.220, 218.83, 5.26, 15.220, 218.87, 5.28, 0.011, 313.04, 25.92);
insert into SHOT values (7533, 7526, 7534, 7258, 17.260, 227.01, 5.27, 17.260, 227.00, 5.29, 0.005, 109.63, 67.23);
insert into SHOT values (7534, 7526, 7535, 7258, 18.040, 225.14, 1.69, 18.039, 225.13, 1.68, 0.003, 106.80, -47.61);
insert into SHOT values (7535, 7526, 7536, 7258, 22.500, 235.23, 3.48, 22.497, 235.25, 3.49, 0.009, 348.98, 28.37);
insert into SHOT values (7536, 7526, 7537, 7258, 22.530, 234.36, -1.51, 22.533, 234.38, -1.50, 0.008, 298.54, 27.06);
insert into SHOT values (7537, 7526, 7538, 7258, 25.360, 241.69, 2.68, 25.356, 241.69, 2.69, 0.006, 33.40, 44.24);
insert into SHOT values (7538, 7526, 7539, 7258, 25.270, 240.84, -0.88, 25.274, 240.85, -0.88, 0.006, 284.48, -19.24);
insert into SHOT values (7539, 7526, 7540, 7258, 8.450, 7.55, 6.06, 8.449, 7.52, 6.05, 0.005, 270.94, -27.00);
insert into SHOT values (7540, 7526, 7541, 7258, 6.100, 13.30, 22.70, 6.104, 13.25, 22.74, 0.008, 306.89, 46.08);
insert into SHOT values (7541, 7526, 7542, 7258, 7.630, 329.30, 20.78, 7.635, 329.34, 20.79, 0.007, 18.51, 25.17);
insert into SHOT values (7542, 7526, 7543, 7258, 11.370, 329.07, 3.40, 11.377, 329.05, 3.43, 0.009, 302.95, 37.52);
insert into SHOT values (7543, 7526, 7544, 7258, 14.150, 318.77, 0.53, 14.152, 318.75, 0.53, 0.005, 253.02, -11.01);
insert into SHOT values (7544, 7526, 7545, 7258, 11.320, 311.23, 11.41, 11.328, 311.24, 11.40, 0.008, 323.96, 4.06);
insert into SHOT values (7545, 7526, 7546, 7258, 18.070, 308.10, -0.19, 18.070, 308.10, -0.19, 0.000, 323.95, -15.73);
insert into SHOT values (7546, 7526, 7547, 7258, 13.350, 306.02, 7.44, 13.356, 306.03, 7.44, 0.006, 328.78, 11.97);
insert into SHOT values (7547, 7526, 7548, 7258, 36.570, 243.81, 46.50, 36.573, 243.81, 46.50, 0.003, 276.35, 67.46);
insert into SHOT values (7548, 7526, 7549, 7258, 21.460, 229.64, 56.39, 21.456, 229.64, 56.39, 0.004, 31.45, -38.04);
insert into SHOT values (7549, 7526, 7550, 7258, 30.730, 233.81, 57.66, 30.726, 233.83, 57.66, 0.008, 336.28, -25.69);
insert into SHOT values (7550, 7526, 7551, 7258, 19.020, 208.72, 66.60, 19.022, 208.74, 66.62, 0.006, 357.47, 43.85);
insert into SHOT values (7551, 7526, 7552, 7258, 26.980, 200.89, 68.98, 26.984, 200.89, 68.99, 0.006, 28.60, 73.24);
insert into SHOT values (7552, 7526, 7553, 7258, 17.880, 126.27, 54.73, 17.877, 126.25, 54.75, 0.009, 333.20, 13.13);
insert into SHOT values (7553, 7526, 7554, 7258, 28.460, 120.09, 51.89, 28.457, 120.07, 51.89, 0.007, 20.14, -24.98);
insert into SHOT values (7554, 7526, 7555, 7258, 36.840, 107.92, 44.01, 36.842, 107.92, 44.02, 0.005, 346.38, 58.02);
insert into SHOT values (7555, 7526, 7556, 7258, 20.800, 109.54, 36.81, 20.795, 109.55, 36.81, 0.005, 267.92, -33.25);
insert into SHOT values (7556, 7526, 7557, 7258, 13.410, 117.92, -16.05, 13.403, 117.92, -16.07, 0.009, 300.84, -16.24);
insert into SHOT values (7557, 7526, 7558, 7258, 51.230, 97.93, -1.30, 51.222, 97.92, -1.30, 0.010, 310.57, 13.76);
insert into SHOT values (7558, 7558, 7559, 7258, 24.780, 294.66, 2.63, 24.775, 294.67, 2.64, 0.007, 73.61, 24.03);
insert into SHOT values (7559, 7558, 7560, 7258, 17.380, 298.64, 10.32, 17.371, 298.63, 10.31, 0.009, 129.36, -22.08);
insert into SHOT values (7560, 7558, 7561, 7258, 14.290, 334.61, 13.50, 14.283, 334.63, 13.48, 0.010, 110.93, -34.94);
insert into SHOT values (7561, 7558, 7562, 7258, 19.770, 334.08, 0.27, 19.768, 334.08, 0.26, 0.004, 121.83, -57.95);
insert into SHOT values (7562, 7558, 7563, 7258, 20.960, 345.66, -3.07, 20.961, 345.67, -3.06, 0.005, 60.19, 29.87);
insert into SHOT values (7563, 7558, 7564, 7258, 15.560, 354.92, 11.67, 15.561, 354.96, 11.68, 0.010, 80.85, 15.47);
insert into SHOT values (7564, 7558, 7565, 7258, 23.480, 7.04, -3.92, 23.483, 7.06, -3.93, 0.010, 80.27, -27.92);
insert into SHOT values (7565, 7558, 7566, 7258, 16.950, 12.11, 10.46, 16.944, 12.13, 10.47, 0.009, 156.83, 18.83);
insert into SHOT values (7566, 7558, 7567, 7258, 27.170, 18.71, -3.71, 27.171, 18.72, -3.71, 0.003, 95.30, -35.19);
insert into SHOT values (7567, 7558, 7568, 7258, 20.730, 24.75, 9.55, 20.726, 24.76, 9.55, 0.005, 163.41, 8.03);
insert into SHOT values (7568, 7558, 7569, 7258, 56.020, 262.50, 0.13, 56.019, 262.50, 0.13, 0.004, 16.20, 53.48);
insert into SHOT values (7569, 7558, 7570, 7258, 33.640, 264.30, 7.15, 33.638, 264.29, 7.16, 0.007, 145.31, 26.24);
insert into SHOT values (7570, 7558, 7571, 7258, 24.000, 250.14, 8.34, 23.997, 250.13, 8.34, 0.005, 126.34, -13.10);
insert into SHOT values (7571, 7558, 7572, 7258, 34.210, 250.47, -0.46, 34.211, 250.46, -0.47, 0.007, 169.36, -53.05);
insert into SHOT values (7572, 7558, 7573, 7258, 25.050, 234.12, 5.71, 25.046, 234.11, 5.71, 0.007, 102.33, -20.73);
insert into SHOT values (7573, 7558, 7574, 7258, 23.380, 234.61, 2.51, 23.380, 234.60, 2.50, 0.005, 147.05, -50.22);
insert into SHOT values (7574, 7558, 7575, 7258, 30.650, 269.37, 26.14, 30.645, 269.35, 26.14, 0.009, 155.11, -22.15);
insert into SHOT values (7575, 7558, 7576, 7258, 40.160, 262.93, 35.29, 40.159, 262.92, 35.29, 0.006, 170.55, -10.85);
insert into SHOT values (7576, 7558, 7577, 7258, 26.220, 243.99, 29.01, 26.213, 243.97, 29.00, 0.011, 119.30, -32.32);
insert into SHOT values (7577, 7558, 7578, 7258, 44.820, 240.41, 35.05, 44.816, 240.40, 35.05, 0.007, 105.84, 2.28);
insert into SHOT values (7578, 7558, 7579, 7258, 13.600, 227.80, 55.64, 13.602, 227.75, 55.65, 0.008, 123.22, 22.65);
insert into SHOT values (7579, 7558, 7580, 7258, 8.730, 142.59, 46.42, 8.728, 142.56, 46.39, 0.006, 85.79, -46.70);
insert into SHOT values (7580, 7558, 7581, 7258, 17.290, 143.16, 63.61, 17.292, 143.15, 63.61, 0.003, 78.70, 38.96);
insert into SHOT values (7581, 7558, 7582, 7258, 29.860, 229.25, 63.78, 29.860, 229.24, 63.79, 0.005, 68.91, 27.95);
insert into SHOT values (7582, 7558, 7583, 7258, 13.680, 109.59, 6.59, 13.688, 109.59, 6.59, 0.008, 117.04, 0.23);
insert into SHOT values (7583, 7558, 7584, 7258, 19.540, 106.96, 16.84, 19.542, 106.97, 16.84, 0.005, 163.95, -8.91);
insert into SHOT values (7584, 7558, 7585, 7258, 22.900, 101.63, 11.33, 22.908, 101.64, 11.33, 0.008, 115.98, 7.59);
insert into SHOT values (7585, 7558, 7586, 7258, 48.790, 73.95, -1.12, 48.789, 73.96, -1.12, 0.008, 173.58, 28.59);
insert into SHOT values (7586, 7586, 7587, 7258, 1.140, 224.05, -85.49, 1.143, 225.00, -85.74, 0.006, 27.72, -35.21);
insert into SHOT values (7587, 7586, 7588, 7258, 25.870, 230.15, -0.44, 25.866, 230.16, -0.44, 0.007, 3.97, -11.60);
insert into SHOT values (7588, 7586, 7589, 7258, 27.880, 227.47, 7.55, 27.872, 227.46, 7.55, 0.008, 68.84, -22.15);
insert into SHOT values (7589, 7586, 7590, 7258, 32.410, 217.69, 6.55, 32.406, 217.68, 6.54, 0.009, 93.89, -50.47);
insert into SHOT values (7590, 7586, 7591, 7258, 34.470, 217.58, -1.35, 34.466, 217.57, -1.36, 0.010, 90.17, -51.26);
insert into SHOT values (7591, 7586, 7592, 7258, 39.170, 211.07, 6.02, 39.163, 211.07, 6.01, 0.010, 32.73, -50.41);
insert into SHOT values (7592, 7586, 7593, 7258, 47.600, 211.28, 0.41, 47.598, 211.28, 0.41, 0.004, 92.30, -8.18);
insert into SHOT values (7593, 7586, 7594, 7258, 46.380, 206.02, 5.72, 46.376, 206.02, 5.72, 0.006, 73.59, -26.63);
insert into SHOT values (7594, 7586, 7595, 7258, 9.030, 135.47, 15.29, 9.031, 135.47, 15.28, 0.002, 108.42, -37.15);
insert into SHOT values (7595, 7586, 7596, 7258, 9.470, 149.58, 22.97, 9.463, 149.52, 22.95, 0.012, 30.57, -28.93);
insert into SHOT values (7596, 7586, 7597, 7258, 11.070, 152.47, 9.81, 11.070, 152.42, 9.78, 0.011, 69.74, -35.28);
insert into SHOT values (7597, 7586, 7598, 7258, 13.360, 161.21, 16.44, 13.360, 161.20, 16.44, 0.003, 71.50, -20.07);
insert into SHOT values (7598, 7586, 7599, 7258, 14.800, 155.89, 7.45, 14.797, 155.86, 7.42, 0.012, 47.98, -51.09);
insert into SHOT values (7599, 7586, 7600, 7258, 20.830, 170.39, 12.29, 20.823, 170.38, 12.28, 0.008, 18.24, -27.63);
insert into SHOT values (7600, 7586, 7601, 7258, 22.560, 164.83, 3.72, 22.554, 164.80, 3.71, 0.012, 47.93, -17.27);
insert into SHOT values (7601, 7586, 7602, 7258, 38.660, 178.03, 2.42, 38.657, 178.03, 2.42, 0.004, 39.27, -34.57);
insert into SHOT values (7602, 7602, 7603, 7258, 5.810, 268.04, -24.80, 5.810, 268.04, -24.83, 0.003, 70.66, -68.63);
insert into SHOT values (7603, 7602, 7604, 7258, 45.600, 229.28, 2.50, 45.602, 229.28, 2.50, 0.003, 256.59, 21.59);
insert into SHOT values (7604, 7602, 7605, 7258, 26.910, 250.03, 4.50, 26.905, 250.03, 4.50, 0.005, 61.17, -16.38);
insert into SHOT values (7605, 7602, 7606, 7258, 24.910, 273.69, -4.99, 24.906, 273.70, -5.00, 0.006, 54.87, -32.94);
insert into SHOT values (7606, 7602, 7607, 7258, 22.610, 274.35, 4.65, 22.609, 274.35, 4.64, 0.003, 43.35, -71.99);
insert into SHOT values (7607, 7602, 7608, 7258, 23.620, 296.77, 4.95, 23.621, 296.77, 4.95, 0.002, 348.50, 62.17);
insert into SHOT values (7608, 7602, 7609, 7258, 27.240, 301.81, -5.17, 27.237, 301.82, -5.18, 0.007, 88.73, -50.70);
insert into SHOT values (7609, 7602, 7610, 7258, 28.370, 309.95, 2.93, 28.368, 309.95, 2.93, 0.003, 177.13, -2.90);
insert into SHOT values (7610, 7602, 7611, 7258, 30.340, 310.39, -2.85, 30.343, 310.40, -2.85, 0.005, 358.98, -18.31);
insert into SHOT values (7611, 7602, 7612, 7258, 25.810, 308.68, 8.19, 25.809, 308.69, 8.18, 0.008, 37.08, -53.35);
insert into SHOT values (7612, 7602, 7613, 7258, 20.510, 297.33, 24.04, 20.508, 297.33, 24.03, 0.005, 28.74, -85.94);
insert into SHOT values (7613, 7602, 7614, 7258, 26.440, 311.12, 22.57, 26.441, 311.13, 22.57, 0.005, 35.06, 23.64);
insert into SHOT values (7614, 7602, 7615, 7258, 32.450, 316.10, 12.95, 32.452, 316.10, 12.95, 0.004, 333.55, -33.35);
insert into SHOT values (7615, 7602, 7616, 7258, 33.060, 317.97, 23.25, 33.060, 317.96, 23.25, 0.004, 231.24, -3.25);
insert into SHOT values (7616, 7602, 7617, 7258, 48.820, 209.04, 0.60, 48.821, 209.04, 0.60, 0.003, 271.11, -21.74);
insert into SHOT values (7617, 7617, 7618, 7258, 7.540, 36.56, -25.51, 7.548, 36.58, -25.51, 0.008, 58.23, -19.70);
insert into SHOT values (7618, 7617, 7619, 7258, 47.850, 358.93, -2.11, 47.851, 358.93, -2.11, 0.004, 75.13, 29.86);
insert into SHOT values (7619, 7617, 7620, 7258, 15.460, 358.78, 2.87, 15.462, 358.81, 2.85, 0.010, 71.72, -23.89);
insert into SHOT values (7620, 7617, 7621, 7258, 23.860, 347.83, 5.73, 23.861, 347.84, 5.72, 0.006, 60.45, -21.47);
insert into SHOT values (7621, 7617, 7622, 7258, 23.980, 338.27, -4.05, 23.977, 338.28, -4.04, 0.007, 93.10, 31.08);
insert into SHOT values (7622, 7617, 7623, 7258, 20.340, 319.35, -3.03, 20.339, 319.35, -3.04, 0.005, 104.77, -70.13);
insert into SHOT values (7623, 7617, 7624, 7258, 13.980, 308.50, 10.40, 13.979, 308.50, 10.39, 0.004, 78.94, -72.68);
insert into SHOT values (7624, 7617, 7625, 7258, 20.070, 295.30, 0.80, 20.069, 295.31, 0.80, 0.005, 40.09, -2.57);
insert into SHOT values (7625, 7617, 7626, 7258, 13.890, 293.20, 8.87, 13.887, 293.22, 8.86, 0.006, 48.88, -17.71);
insert into SHOT values (7626, 7617, 7627, 7258, 26.020, 245.91, -2.57, 26.020, 245.91, -2.58, 0.003, 233.14, -87.97);
insert into SHOT values (7627, 7617, 7628, 7258, 20.100, 234.64, 7.73, 20.099, 234.63, 7.72, 0.006, 137.98, -36.30);
insert into SHOT values (7628, 7617, 7629, 7258, 33.130, 230.40, -2.06, 33.127, 230.40, -2.06, 0.004, 8.20, 11.85);
insert into SHOT values (7629, 7617, 7630, 7258, 40.220, 219.15, -1.78, 40.215, 219.15, -1.78, 0.005, 7.99, -7.25);
insert into SHOT values (7630, 7617, 7631, 7258, 32.680, 211.42, 6.77, 32.673, 211.41, 6.77, 0.009, 64.23, -16.31);
insert into SHOT values (7631, 7617, 7632, 7258, 47.500, 209.82, -0.47, 47.501, 209.82, -0.47, 0.001, 190.66, -24.65);
insert into SHOT values (7632, 7617, 7633, 7258, 39.590, 207.87, 4.46, 39.588, 207.87, 4.46, 0.003, 26.07, 31.43);
insert into SHOT values (7633, 7617, 7634, 7258, 15.330, 195.94, -0.55, 15.330, 195.94, -0.56, 0.003, 221.68, -86.75);
insert into SHOT values (7634, 7634, 7635, 7258, 5.570, 297.87, -35.13, 5.562, 297.92, -35.12, 0.009, 85.99, 36.21);
insert into SHOT values (7635, 7634, 7636, 7258, 21.170, 318.54, -5.51, 21.167, 318.54, -5.50, 0.004, 135.72, 46.20);
insert into SHOT values (7636, 7634, 7637, 7258, 17.120, 317.76, 8.18, 17.123, 317.77, 8.19, 0.006, 20.15, 41.18);
insert into SHOT values (7637, 7634, 7638, 7258, 20.340, 291.12, -7.19, 20.335, 291.12, -7.18, 0.007, 106.37, 50.71);
insert into SHOT values (7638, 7634, 7639, 7258, 13.310, 283.24, 10.64, 13.308, 283.26, 10.65, 0.006, 40.66, 25.05);
insert into SHOT values (7639, 7634, 7640, 7258, 20.480, 265.85, -4.28, 20.471, 265.84, -4.29, 0.010, 102.32, -9.30);
insert into SHOT values (7640, 7634, 7641, 7258, 12.390, 259.18, 16.74, 12.387, 259.16, 16.75, 0.005, 123.71, 15.36);
insert into SHOT values (7641, 7634, 7642, 7258, 26.440, 232.01, -3.87, 26.441, 232.01, -3.86, 0.005, 172.93, 59.32);
insert into SHOT values (7642, 7634, 7643, 7258, 17.240, 230.69, 11.17, 17.232, 230.69, 11.18, 0.008, 52.51, 1.81);
insert into SURVEY values (7260, 71, 'surface_cotw_to_clearwater', 'surface_cotw_to_clearwater.clearwater_master', NULL);
 insert into CENTRELINE values (7261, 7260, NULL, NULL, NULL, 0.00, 0.00, 0.00);
 insert into CENTRELINE values (7262, 7260, NULL, '2017-04-17', NULL, 0.00, 1218.89, 0.00);
 insert into SHOT values (7643, 7644, 7645, 7262, 5.940, 134.32, -0.87, 5.941, 134.32, -0.87, 0.001, 119.42, 12.99);
insert into SHOT_FLAG values(7643, 'srf');
insert into SHOT values (7644, 7644, 7646, 7262, 8.390, 330.35, 10.87, 8.394, 330.57, 10.85, 0.033, 53.37, -3.87);
insert into SHOT_FLAG values(7644, 'srf');
insert into SHOT values (7645, 7646, 7644, 7262, 8.400, 150.74, -10.89, 8.394, 150.57, -10.85, 0.025, 48.25, 15.90);
insert into SHOT_FLAG values(7645, 'srf');
insert into SHOT values (7646, 7646, 7647, 7262, 4.990, 347.41, -15.00, 4.990, 347.43, -14.74, 0.022, 6.00, 74.51);
insert into SHOT_FLAG values(7646, 'srf');
insert into SHOT values (7647, 7647, 7646, 7262, 4.990, 167.63, 14.68, 4.990, 167.43, 14.74, 0.018, 72.42, 18.02);
insert into SHOT_FLAG values(7647, 'srf');
insert into SHOT values (7648, 7647, 7648, 7262, 6.710, 347.99, -4.68, 6.702, 348.25, -4.62, 0.032, 92.26, 13.30);
insert into SHOT_FLAG values(7648, 'srf');
insert into SHOT values (7649, 7648, 7647, 7262, 6.700, 168.52, 4.42, 6.702, 168.25, 4.62, 0.039, 78.09, 37.20);
insert into SHOT_FLAG values(7649, 'srf');
insert into SHOT values (7650, 7648, 7649, 7262, 7.350, 21.94, -1.26, 7.346, 21.99, -1.25, 0.008, 143.62, 12.21);
insert into SHOT_FLAG values(7650, 'srf');
insert into SHOT values (7651, 7649, 7648, 7262, 7.340, 201.93, 1.38, 7.346, 201.99, 1.25, 0.020, 251.97, -59.22);
insert into SHOT_FLAG values(7651, 'srf');
insert into SHOT values (7652, 7649, 7650, 7262, 8.520, 24.77, 1.82, 8.525, 24.40, 1.68, 0.059, 300.11, -20.41);
insert into SHOT_FLAG values(7652, 'srf');
insert into SHOT values (7653, 7650, 7649, 7262, 8.520, 204.12, -1.59, 8.525, 204.40, -1.68, 0.044, 288.33, -18.03);
insert into SHOT_FLAG values(7653, 'srf');
insert into SHOT values (7654, 7650, 7651, 7262, 11.580, 14.29, 2.21, 11.552, 14.19, 2.33, 0.042, 228.25, 33.77);
insert into SHOT_FLAG values(7654, 'srf');
insert into SHOT values (7655, 7651, 7650, 7262, 11.540, 194.08, -2.44, 11.552, 194.19, -2.33, 0.034, 254.77, 39.26);
insert into SHOT_FLAG values(7655, 'srf');
insert into SHOT values (7656, 7651, 7652, 7262, 7.100, 25.48, -1.52, 7.088, 25.41, -1.46, 0.017, 241.71, 28.86);
insert into SHOT_FLAG values(7656, 'srf');
insert into SHOT values (7657, 7652, 7651, 7262, 7.070, 205.26, 1.37, 7.088, 205.41, 1.46, 0.027, 251.81, 23.55);
insert into SHOT_FLAG values(7657, 'srf');
insert into SHOT values (7658, 7652, 7653, 7262, 7.890, 5.04, 2.57, 7.896, 4.80, 2.61, 0.034, 284.53, 10.50);
insert into SHOT_FLAG values(7658, 'srf');
insert into SHOT values (7659, 7653, 7652, 7262, 7.890, 184.62, -2.62, 7.896, 184.80, -2.61, 0.025, 261.28, 1.50);
insert into SHOT_FLAG values(7659, 'srf');
insert into SHOT values (7660, 7653, 7654, 7262, 9.340, 359.04, -0.68, 9.351, 359.26, -0.67, 0.038, 71.83, 1.26);
insert into SHOT_FLAG values(7660, 'srf');
insert into SHOT values (7661, 7654, 7653, 7262, 9.370, 179.48, 0.64, 9.351, 179.26, 0.67, 0.040, 61.44, 7.64);
insert into SHOT_FLAG values(7661, 'srf');
insert into SHOT values (7662, 7654, 7655, 7262, 13.960, 25.29, -1.91, 13.955, 25.30, -1.85, 0.016, 184.55, 71.76);
insert into SHOT_FLAG values(7662, 'srf');
insert into SHOT values (7663, 7655, 7654, 7262, 13.950, 205.28, 1.76, 13.955, 205.30, 1.85, 0.022, 250.99, 74.71);
insert into SHOT_FLAG values(7663, 'srf');
insert into SHOT values (7664, 7655, 7656, 7262, 11.150, 15.51, 2.41, 11.154, 15.83, 2.57, 0.070, 103.32, 26.40);
insert into SHOT_FLAG values(7664, 'srf');
insert into SHOT values (7665, 7656, 7655, 7262, 11.160, 196.22, -2.74, 11.154, 195.83, -2.57, 0.083, 102.59, 23.91);
insert into SHOT_FLAG values(7665, 'srf');
insert into SHOT values (7666, 7656, 7657, 7262, 8.410, 348.61, -2.20, 8.418, 348.76, -2.25, 0.024, 59.20, -17.39);
insert into SHOT_FLAG values(7666, 'srf');
insert into SHOT values (7667, 7657, 7656, 7262, 8.420, 168.89, 2.28, 8.418, 168.76, 2.25, 0.020, 73.25, -14.21);
insert into SHOT_FLAG values(7667, 'srf');
insert into SHOT values (7668, 7657, 7658, 7262, 8.660, 41.11, 3.30, 8.660, 40.54, 3.31, 0.085, 310.91, 1.00);
insert into SHOT_FLAG values(7668, 'srf');
insert into SHOT values (7669, 7658, 7657, 7262, 8.660, 219.86, -3.27, 8.660, 220.54, -3.31, 0.103, 310.28, -3.34);
insert into SHOT_FLAG values(7669, 'srf');
insert into SHOT values (7670, 7658, 7659, 7262, 2.150, 279.55, -6.53, 2.154, 279.68, -6.40, 0.008, 327.67, 34.15);
insert into SHOT_FLAG values(7670, 'srf');
insert into SHOT values (7671, 7659, 7660, 7262, 9.610, 268.72, -20.34, 9.611, 268.73, -20.34, 0.002, 311.27, 9.98);
insert into SHOT_FLAG values(7671, 'srf');
insert into SHOT values (7672, 7658, 7661, 7262, 6.250, 5.13, 18.23, 6.244, 4.44, 18.01, 0.076, 276.03, -19.49);
insert into SHOT_FLAG values(7672, 'srf');
insert into SHOT values (7673, 7661, 7658, 7262, 6.220, 183.78, -17.81, 6.244, 184.44, -18.01, 0.076, 261.04, -21.35);
insert into SHOT_FLAG values(7673, 'srf');
insert into SHOT values (7674, 7661, 7662, 7262, 6.740, 2.58, 8.63, 6.745, 2.92, 8.61, 0.040, 85.62, -1.94);
insert into SHOT_FLAG values(7674, 'srf');
insert into SHOT values (7675, 7662, 7661, 7262, 6.750, 183.39, -8.60, 6.745, 182.92, -8.61, 0.055, 87.46, -0.67);
insert into SHOT_FLAG values(7675, 'srf');
insert into SHOT values (7676, 7662, 7663, 7262, 7.300, 13.65, 2.49, 7.305, 13.71, 2.51, 0.010, 72.05, 16.95);
insert into SHOT_FLAG values(7676, 'srf');
insert into SHOT values (7677, 7663, 7662, 7262, 7.310, 193.76, -2.51, 7.305, 193.71, -2.51, 0.008, 64.30, 0.97);
insert into SHOT_FLAG values(7677, 'srf');
insert into SHOT values (7678, 7663, 7664, 7262, 15.010, 18.99, -7.40, 15.017, 19.21, -7.46, 0.061, 104.78, -16.05);
insert into SHOT_FLAG values(7678, 'srf');
insert into SHOT values (7679, 7664, 7663, 7262, 15.030, 199.44, 7.48, 15.017, 199.21, 7.46, 0.061, 97.12, -6.27);
insert into SHOT_FLAG values(7679, 'srf');
insert into SHOT values (7680, 7664, 7665, 7262, 6.310, 359.63, 2.16, 6.315, 359.46, 2.18, 0.020, 283.46, 6.26);
insert into SHOT_FLAG values(7680, 'srf');
insert into SHOT values (7681, 7665, 7664, 7262, 6.320, 179.25, -2.08, 6.315, 179.46, -2.18, 0.026, 283.15, -24.51);
insert into SHOT_FLAG values(7681, 'srf');
insert into SHOT values (7682, 7665, 7666, 7262, 9.380, 9.32, -1.19, 9.386, 9.32, -1.22, 0.008, 12.15, -41.12);
insert into SHOT_FLAG values(7682, 'srf');
insert into SHOT values (7683, 7666, 7665, 7262, 9.400, 189.33, 1.22, 9.386, 189.32, 1.22, 0.014, 14.83, -0.57);
insert into SHOT_FLAG values(7683, 'srf');
insert into SHOT values (7684, 7666, 7667, 7262, 7.950, 22.01, 0.38, 7.965, 21.89, 0.36, 0.022, 334.48, -7.16);
insert into SHOT_FLAG values(7684, 'srf');
insert into SHOT values (7685, 7667, 7666, 7262, 7.960, 201.75, -0.32, 7.965, 201.89, -0.36, 0.021, 278.94, -15.02);
insert into SHOT_FLAG values(7685, 'srf');
insert into SHOT values (7686, 7667, 7668, 7262, 9.860, 21.94, 1.84, 9.860, 22.11, 1.80, 0.031, 111.87, -12.38);
insert into SHOT_FLAG values(7686, 'srf');
insert into SHOT values (7687, 7668, 7667, 7262, 9.870, 202.25, -1.74, 9.860, 202.11, -1.80, 0.028, 88.04, -21.97);
insert into SHOT_FLAG values(7687, 'srf');
insert into SHOT values (7688, 7668, 7669, 7262, 12.010, 15.16, 1.61, 12.014, 15.01, 1.48, 0.042, 292.98, -40.51);
insert into SHOT_FLAG values(7688, 'srf');
insert into SHOT values (7689, 7669, 7668, 7262, 12.010, 194.86, -1.36, 12.014, 195.01, -1.48, 0.040, 279.33, -38.63);
insert into SHOT_FLAG values(7689, 'srf');
insert into SHOT values (7690, 7669, 7670, 7262, 9.160, 9.80, 1.72, 9.149, 9.88, 1.63, 0.023, 136.65, -41.52);
insert into SHOT_FLAG values(7690, 'srf');
insert into SHOT values (7691, 7670, 7669, 7262, 9.150, 189.96, -1.55, 9.149, 189.88, -1.63, 0.017, 95.70, -46.00);
insert into SHOT_FLAG values(7691, 'srf');
insert into SHOT values (7692, 7670, 7671, 7262, 8.010, 36.31, 7.86, 8.009, 35.97, 7.89, 0.047, 303.95, 5.66);
insert into SHOT_FLAG values(7692, 'srf');
insert into SHOT values (7693, 7671, 7670, 7262, 8.010, 215.76, -8.01, 8.009, 215.97, -7.89, 0.034, 303.71, 28.56);
insert into SHOT_FLAG values(7693, 'srf');
insert into SHOT values (7694, 7671, 7672, 7262, 13.920, 4.24, 0.74, 13.931, 4.32, 0.74, 0.023, 66.13, 0.56);
insert into SHOT_FLAG values(7694, 'srf');
insert into SHOT values (7695, 7672, 7671, 7262, 13.940, 184.36, -0.73, 13.931, 184.32, -0.74, 0.013, 48.59, -10.53);
insert into SHOT_FLAG values(7695, 'srf');
insert into SHOT values (7696, 7672, 7673, 7262, 7.400, 6.88, 21.43, 7.404, 6.92, 21.47, 0.008, 76.03, 51.67);
insert into SHOT_FLAG values(7696, 'srf');
insert into SHOT values (7697, 7673, 7672, 7262, 7.400, 186.93, -21.42, 7.404, 186.92, -21.47, 0.008, 140.83, -75.94);
insert into SHOT_FLAG values(7697, 'srf');
insert into SHOT values (7698, 7673, 7674, 7262, 8.920, 358.60, 12.23, 8.910, 358.36, 12.05, 0.048, 262.37, -38.39);
insert into SHOT_FLAG values(7698, 'srf');
insert into SHOT values (7699, 7674, 7673, 7262, 8.900, 178.21, -11.98, 8.910, 178.36, -12.05, 0.027, 249.77, -28.36);
insert into SHOT_FLAG values(7699, 'srf');
insert into SHOT values (7700, 7674, 7675, 7262, 4.150, 31.99, 24.12, 4.136, 31.46, 24.12, 0.038, 281.62, -8.96);
insert into SHOT_FLAG values(7700, 'srf');
insert into SHOT values (7701, 7675, 7674, 7262, 4.130, 210.81, -24.03, 4.136, 211.46, -24.12, 0.044, 297.43, -10.85);
insert into SHOT_FLAG values(7701, 'srf');
insert into SHOT values (7702, 7675, 7676, 7262, 6.220, 39.37, 16.76, 6.218, 39.28, 16.73, 0.010, 306.22, -20.28);
insert into SHOT_FLAG values(7702, 'srf');
insert into SHOT values (7703, 7676, 7675, 7262, 6.210, 219.26, -16.66, 6.218, 219.28, -16.73, 0.011, 234.81, -57.46);
insert into SHOT_FLAG values(7703, 'srf');
insert into SHOT values (7704, 7676, 7677, 7262, 9.790, 13.99, 2.07, 9.787, 14.02, 1.99, 0.015, 125.46, -66.66);
insert into SHOT_FLAG values(7704, 'srf');
insert into SHOT values (7705, 7677, 7676, 7262, 9.790, 194.03, -1.90, 9.787, 194.02, -1.99, 0.016, 37.34, -77.43);
insert into SHOT_FLAG values(7705, 'srf');
insert into SHOT values (7706, 7677, 7678, 7262, 13.100, 345.98, -4.40, 13.117, 346.20, -4.46, 0.054, 57.97, -16.01);
insert into SHOT_FLAG values(7706, 'srf');
insert into SHOT values (7707, 7678, 7677, 7262, 13.130, 166.40, 4.50, 13.117, 166.20, 4.46, 0.049, 61.87, -12.02);
insert into SHOT_FLAG values(7707, 'srf');
insert into SHOT values (7708, 7678, 7679, 7262, 13.660, 1.35, 9.65, 13.644, 1.28, 9.58, 0.029, 233.09, -42.53);
insert into SHOT_FLAG values(7708, 'srf');
insert into SHOT values (7709, 7679, 7678, 7262, 13.630, 181.22, -9.46, 13.644, 181.28, -9.58, 0.034, 238.55, -61.59);
insert into SHOT_FLAG values(7709, 'srf');
insert into SHOT values (7710, 7679, 7680, 7262, 12.920, 356.42, 6.96, 12.925, 356.60, 6.84, 0.049, 75.92, -31.32);
insert into SHOT_FLAG values(7710, 'srf');
insert into SHOT values (7711, 7680, 7679, 7262, 12.930, 176.74, -6.78, 12.925, 176.60, -6.84, 0.034, 73.57, -23.48);
insert into SHOT_FLAG values(7711, 'srf');
insert into SHOT values (7712, 7680, 7681, 7262, 11.740, 28.03, 0.68, 11.735, 28.01, 0.63, 0.012, 251.75, -53.18);
insert into SHOT_FLAG values(7712, 'srf');
insert into SHOT values (7713, 7681, 7680, 7262, 11.740, 207.98, -0.58, 11.735, 208.01, -0.63, 0.013, 342.24, -55.89);
insert into SHOT_FLAG values(7713, 'srf');
insert into SHOT values (7714, 7681, 7682, 7262, 9.780, 43.96, 3.20, 9.789, 43.51, 3.04, 0.082, 321.69, -18.42);
insert into SHOT_FLAG values(7714, 'srf');
insert into SHOT values (7715, 7682, 7681, 7262, 9.790, 223.02, -2.84, 9.789, 223.51, -3.04, 0.090, 314.95, -22.76);
insert into SHOT_FLAG values(7715, 'srf');
insert into SHOT values (7716, 7682, 7683, 7262, 11.620, 42.36, -1.50, 11.613, 42.35, -1.58, 0.018, 243.31, -64.58);
insert into SHOT_FLAG values(7716, 'srf');
insert into SHOT values (7717, 7683, 7682, 7262, 11.610, 222.40, 1.68, 11.613, 222.35, 1.58, 0.023, 152.65, -60.55);
insert into SHOT_FLAG values(7717, 'srf');
insert into SHOT values (7718, 7683, 7684, 7262, 9.650, 35.25, 0.64, 9.654, 34.88, 0.53, 0.066, 309.10, -15.70);
insert into SHOT_FLAG values(7718, 'srf');
insert into SHOT values (7719, 7684, 7683, 7262, 9.650, 214.50, -0.49, 9.654, 214.88, -0.53, 0.064, 300.89, -6.73);
insert into SHOT_FLAG values(7719, 'srf');
insert into SHOT values (7720, 7684, 7685, 7262, 5.040, 31.10, 1.80, 5.036, 31.10, 1.71, 0.009, 210.59, -64.21);
insert into SHOT_FLAG values(7720, 'srf');
insert into SHOT values (7721, 7685, 7684, 7262, 5.050, 211.11, -1.66, 5.036, 211.10, -1.71, 0.015, 34.46, -14.44);
insert into SHOT_FLAG values(7721, 'srf');
insert into SHOT values (7722, 7685, 7686, 7262, 7.890, 29.66, 2.78, 7.888, 29.33, 2.62, 0.051, 298.76, -26.54);
insert into SHOT_FLAG values(7722, 'srf');
insert into SHOT values (7723, 7686, 7685, 7262, 7.880, 208.92, -2.43, 7.888, 209.33, -2.62, 0.062, 291.83, -24.50);
insert into SHOT_FLAG values(7723, 'srf');
insert into SHOT values (7724, 7686, 7687, 7262, 8.080, 14.58, 1.48, 8.082, 14.55, 1.49, 0.005, 310.29, 16.78);
insert into SHOT_FLAG values(7724, 'srf');
insert into SHOT values (7725, 7687, 7686, 7262, 8.080, 194.53, -1.50, 8.082, 194.55, -1.49, 0.004, 252.57, 22.21);
insert into SHOT_FLAG values(7725, 'srf');
insert into SHOT values (7726, 7687, 7688, 7262, 10.080, 25.72, -7.75, 10.079, 25.44, -7.70, 0.050, 295.91, 10.64);
insert into SHOT_FLAG values(7726, 'srf');
insert into SHOT values (7727, 7688, 7687, 7262, 10.080, 205.22, 7.65, 10.079, 205.44, 7.70, 0.039, 298.47, 12.16);
insert into SHOT_FLAG values(7727, 'srf');
insert into SHOT values (7728, 7688, 7689, 7262, 6.870, 356.67, -23.60, 6.878, 357.00, -23.48, 0.040, 66.90, 15.01);
insert into SHOT_FLAG values(7728, 'srf');
insert into SHOT values (7729, 7689, 7688, 7262, 6.880, 177.22, 23.43, 6.878, 177.00, 23.48, 0.025, 77.48, 10.03);
insert into SHOT_FLAG values(7729, 'srf');
insert into SHOT values (7730, 7689, 7690, 7262, 4.710, 19.55, -18.90, 4.697, 19.74, -19.01, 0.022, 155.17, -11.63);
insert into SHOT_FLAG values(7730, 'srf');
insert into SHOT values (7731, 7690, 7689, 7262, 4.690, 199.90, 19.13, 4.697, 199.74, 19.01, 0.017, 148.80, -23.71);
insert into SHOT_FLAG values(7731, 'srf');
insert into SHOT values (7732, 7690, 7691, 7262, 4.550, 353.92, -26.43, 4.557, 354.39, -26.17, 0.040, 59.63, 22.60);
insert into SHOT_FLAG values(7732, 'srf');
insert into SHOT values (7733, 7691, 7690, 7262, 4.560, 174.83, 25.93, 4.557, 174.39, 26.17, 0.037, 64.92, 25.49);
insert into SHOT_FLAG values(7733, 'srf');
insert into SHOT values (7734, 7691, 7692, 7262, 3.550, 20.89, -39.91, 3.569, 20.75, -39.91, 0.020, 356.53, -37.75);
insert into SHOT_FLAG values(7734, 'srf');
insert into SHOT values (7735, 7692, 7691, 7262, 3.590, 200.84, 39.85, 3.569, 200.75, 39.91, 0.022, 33.63, -28.70);
insert into SHOT_FLAG values(7735, 'srf');
insert into SHOT values (7736, 7692, 7693, 7262, 6.050, 48.45, -0.78, 6.058, 48.55, -0.76, 0.013, 100.81, 10.31);
insert into SHOT_FLAG values(7736, 'srf');
insert into SHOT values (7737, 7693, 7692, 7262, 6.060, 228.60, 0.70, 6.058, 228.55, 0.76, 0.008, 117.27, 44.83);
insert into SHOT_FLAG values(7737, 'srf');
insert into SHOT values (7738, 7693, 7694, 7262, 6.700, 29.84, -13.16, 6.698, 29.67, -13.03, 0.025, 303.94, 38.20);
insert into SHOT_FLAG values(7738, 'srf');
insert into SHOT values (7739, 7694, 7693, 7262, 6.700, 209.40, 12.86, 6.698, 209.67, 13.03, 0.036, 311.47, 30.98);
insert into SHOT_FLAG values(7739, 'srf');
insert into SHOT values (7740, 7694, 7695, 7262, 6.360, 21.13, -7.74, 6.365, 21.19, -7.77, 0.009, 78.54, -22.39);
insert into SHOT_FLAG values(7740, 'srf');
insert into SHOT values (7741, 7695, 7694, 7262, 6.370, 201.42, 7.90, 6.365, 201.19, 7.77, 0.029, 104.48, -31.78);
insert into SHOT_FLAG values(7741, 'srf');
insert into SHOT values (7742, 7695, 7696, 7262, 3.340, 41.19, 4.03, 3.332, 40.98, 3.96, 0.015, 281.06, -18.17);
insert into SHOT_FLAG values(7742, 'srf');
insert into SHOT values (7743, 7696, 7695, 7262, 3.330, 220.67, -4.08, 3.332, 220.98, -3.96, 0.019, 301.30, 21.11);
insert into SHOT_FLAG values(7743, 'srf');
insert into SHOT values (7744, 7696, 7697, 7262, 5.820, 3.64, -36.06, 5.836, 4.13, -35.99, 0.044, 70.53, -5.43);
insert into SHOT_FLAG values(7744, 'srf');
insert into SHOT values (7745, 7697, 7696, 7262, 5.860, 184.61, 35.99, 5.836, 184.13, 35.99, 0.046, 68.60, -17.12);
insert into SHOT_FLAG values(7745, 'srf');
insert into SHOT values (7746, 7697, 7698, 7262, 6.090, 11.54, -4.57, 6.075, 11.63, -4.72, 0.024, 162.77, -38.20);
insert into SHOT_FLAG values(7746, 'srf');
insert into SHOT values (7747, 7698, 7697, 7262, 6.060, 191.62, 4.75, 6.075, 191.63, 4.72, 0.015, 193.82, -6.90);
insert into SHOT_FLAG values(7747, 'srf');
insert into SHOT values (7748, 7698, 7699, 7262, 8.860, 47.04, -1.62, 8.848, 47.11, -1.62, 0.016, 185.21, 1.75);
insert into SHOT_FLAG values(7748, 'srf');
insert into SHOT values (7749, 7699, 7698, 7262, 8.840, 227.18, 1.59, 8.848, 227.11, 1.62, 0.015, 173.47, 18.76);
insert into SHOT_FLAG values(7749, 'srf');
insert into SHOT values (7750, 7699, 7700, 7262, 15.560, 17.71, -0.36, 15.569, 17.73, -0.29, 0.021, 41.23, 60.03);
insert into SHOT_FLAG values(7750, 'srf');
insert into SHOT values (7751, 7700, 7699, 7262, 15.580, 197.72, 0.26, 15.569, 197.73, 0.29, 0.014, 10.46, 40.63);
insert into SHOT_FLAG values(7751, 'srf');
insert into SHOT values (7752, 7700, 7701, 7262, 12.370, 31.97, 2.10, 12.388, 31.73, 2.13, 0.056, 320.86, 6.87);
insert into SHOT_FLAG values(7752, 'srf');
insert into SHOT values (7753, 7701, 7700, 7262, 12.390, 211.52, -2.16, 12.388, 211.73, -2.13, 0.045, 303.34, 8.92);
insert into SHOT_FLAG values(7753, 'srf');
insert into SHOT values (7754, 7701, 7702, 7262, 12.720, 45.55, 3.07, 12.698, 45.16, 3.16, 0.091, 300.29, 11.84);
insert into SHOT_FLAG values(7754, 'srf');
insert into SHOT values (7755, 7702, 7701, 7262, 12.690, 224.79, -3.22, 12.698, 225.16, -3.16, 0.083, 309.04, 8.85);
insert into SHOT_FLAG values(7755, 'srf');
insert into SHOT values (7756, 7702, 7703, 7262, 12.400, 24.30, -0.30, 12.410, 23.96, -0.28, 0.074, 301.72, 3.82);
insert into SHOT_FLAG values(7756, 'srf');
insert into SHOT values (7757, 7703, 7704, 7262, 4.400, 347.10, -6.90, 4.403, 347.04, -6.91, 0.005, 293.71, -14.89);
insert into SHOT_FLAG values(7757, 'srf');
insert into SHOT values (7758, 7704, 7705, 7262, 9.260, 312.60, -26.30, 9.259, 312.61, -26.28, 0.003, 36.08, 67.76);
insert into SHOT_FLAG values(7758, 'srf');
insert into SHOT values (7759, 7703, 7702, 7262, 12.420, 203.59, 0.23, 12.410, 203.96, 0.28, 0.082, 301.08, 7.11);
insert into SHOT_FLAG values(7759, 'srf');
insert into SHOT values (7760, 7703, 7706, 7262, 12.230, 53.12, -2.02, 12.228, 52.61, -2.02, 0.108, 321.86, 0.58);
insert into SHOT_FLAG values(7760, 'srf');
insert into SHOT values (7761, 7706, 7703, 7262, 12.230, 232.12, 2.04, 12.228, 232.61, 2.02, 0.106, 323.32, -2.91);
insert into SHOT_FLAG values(7761, 'srf');
insert into SHOT values (7762, 7706, 7707, 7262, 8.680, 41.77, 20.40, 8.690, 41.72, 20.41, 0.013, 2.47, 19.70);
insert into SHOT_FLAG values(7762, 'srf');
insert into SHOT values (7763, 7707, 7706, 7262, 8.700, 221.73, -20.52, 8.690, 221.72, -20.41, 0.020, 77.70, 79.75);
insert into SHOT_FLAG values(7763, 'srf');
insert into SHOT values (7764, 7707, 7708, 7262, 10.710, 91.85, 23.98, 10.739, 91.99, 24.19, 0.054, 158.46, 61.28);
insert into SHOT_FLAG values(7764, 'srf');
insert into SHOT values (7765, 7708, 7707, 7262, 10.760, 272.12, -24.37, 10.739, 271.99, -24.19, 0.046, 168.55, 59.99);
insert into SHOT_FLAG values(7765, 'srf');
insert into SHOT values (7766, 7708, 7709, 7262, 8.310, 2.02, 26.82, 8.323, 2.24, 27.01, 0.042, 92.95, 46.92);
insert into SHOT_FLAG values(7766, 'srf');
insert into SHOT values (7767, 7709, 7708, 7262, 8.350, 182.48, -27.16, 8.323, 182.24, -27.01, 0.046, 68.60, 43.06);
insert into SHOT_FLAG values(7767, 'srf');
insert into SHOT values (7768, 7709, 7710, 7262, 7.960, 28.83, 33.17, 7.975, 27.72, 33.31, 0.132, 299.12, 10.89);
insert into SHOT_FLAG values(7768, 'srf');
insert into SHOT values (7769, 7710, 7709, 7262, 7.990, 206.58, -33.45, 7.975, 207.72, -33.31, 0.135, 297.91, 10.34);
insert into SHOT_FLAG values(7769, 'srf');
insert into SHOT values (7770, 7710, 7711, 7262, 13.150, 77.31, 36.40, 13.156, 75.73, 36.42, 0.292, 346.99, 1.28);
insert into SHOT_FLAG values(7770, 'srf');
insert into SHOT values (7771, 7711, 7710, 7262, 13.150, 254.13, -36.40, 13.156, 255.73, -36.42, 0.295, 344.46, -1.27);
insert into SHOT_FLAG values(7771, 'srf');
insert into SHOT values (7772, 7711, 7712, 7262, 8.920, 11.96, 28.59, 8.925, 13.20, 28.58, 0.170, 100.96, 0.48);
insert into SHOT_FLAG values(7772, 'srf');
insert into SHOT values (7773, 7712, 7711, 7262, 8.920, 194.47, -28.56, 8.925, 193.20, -28.58, 0.173, 104.69, -1.83);
insert into SHOT_FLAG values(7773, 'srf');
insert into SHOT values (7774, 7712, 7713, 7262, 11.260, 128.77, 25.27, 11.226, 127.24, 25.14, 0.274, 33.73, -7.69);
insert into SHOT_FLAG values(7774, 'srf');
insert into SHOT values (7775, 7713, 7712, 7262, 11.200, 305.66, -25.03, 11.226, 307.24, -25.14, 0.282, 33.58, -6.37);
insert into SHOT_FLAG values(7775, 'srf');
insert into SHOT values (7776, 7713, 7714, 7262, 10.090, 161.88, 27.46, 10.108, 161.89, 27.39, 0.022, 165.24, -7.39);
insert into SHOT_FLAG values(7776, 'srf');
insert into SHOT values (7777, 7714, 7713, 7262, 10.120, 341.94, -27.36, 10.108, 341.89, -27.39, 0.016, 193.47, 3.49);
insert into SHOT_FLAG values(7777, 'srf');
insert into SHOT values (7778, 7714, 7715, 7262, 6.130, 14.69, 4.49, 6.110, 14.36, 4.60, 0.043, 253.96, 13.75);
insert into SHOT_FLAG values(7778, 'srf');
insert into SHOT values (7779, 7715, 7714, 7262, 6.080, 194.19, -4.66, 6.110, 194.36, -4.60, 0.035, 224.41, 6.45);
insert into SHOT_FLAG values(7779, 'srf');
insert into SHOT values (7780, 7715, 7716, 7262, 4.320, 9.41, -12.60, 4.321, 9.28, -12.70, 0.012, 274.74, -39.23);
insert into SHOT_FLAG values(7780, 'srf');
insert into SHOT values (7781, 7716, 7715, 7262, 4.330, 189.04, 12.73, 4.321, 189.28, 12.70, 0.020, 304.14, -11.83);
insert into SHOT_FLAG values(7781, 'srf');
insert into SURVEY values (7264, 71, 'smashing', 'smashing.clearwater_master', NULL);
 insert into CENTRELINE values (7265, 7264, NULL, NULL, NULL, 0.00, 0.00, 0.00);
 insert into CENTRELINE values (7266, 7264, NULL, NULL, NULL, 0.00, 0.00, 0.00);
 insert into SURVEY values (7267, 7264, '20', '20.smashing.clearwater_master', NULL);
 insert into CENTRELINE values (7268, 7267, NULL, NULL, NULL, 0.00, 0.00, 0.00);
 insert into CENTRELINE values (7269, 7267, NULL, '2017-04-22', NULL, 57.43, 0.00, 0.00);
 insert into SHOT values (7782, 7717, 7718, 7269, 3.620, 93.63, -2.92, 3.622, 93.65, -2.85, 0.005, 119.48, 63.02);
insert into SHOT values (7783, 7717, 7719, 7269, 1.400, 155.70, -1.12, 1.396, 155.45, -0.82, 0.010, 34.89, 46.56);
insert into SHOT values (7784, 7717, 7720, 7269, 3.150, 205.91, -4.13, 3.143, 205.91, -4.01, 0.010, 25.34, 45.90);
insert into SHOT values (7785, 7717, 7721, 7269, 5.550, 253.37, 0.62, 5.553, 253.36, 0.62, 0.003, 234.67, -1.06);
insert into SHOT values (7786, 7717, 7722, 7269, 3.720, 271.43, 1.97, 3.724, 271.54, 2.00, 0.008, 335.07, 14.91);
insert into SHOT values (7787, 7717, 7723, 7269, 2.310, 294.92, 2.32, 2.311, 295.12, 2.48, 0.010, 23.28, 38.58);
insert into SHOT values (7788, 7717, 7724, 7269, 2.970, 53.12, 5.23, 2.976, 53.09, 5.20, 0.007, 40.05, -6.35);
insert into SHOT values (7789, 7717, 7725, 7269, 2.470, 21.12, 5.93, 2.471, 21.24, 6.04, 0.007, 110.22, 43.48);
insert into SHOT values (7790, 7717, 7726, 7269, 4.810, 54.52, 32.37, 4.815, 54.51, 32.40, 0.005, 41.50, 60.79);
insert into SHOT values (7791, 7717, 7727, 7269, 7.010, 20.14, 48.08, 7.014, 20.10, 48.09, 0.006, 320.10, 45.35);
insert into SHOT values (7792, 7717, 7728, 7269, 9.080, 36.63, 51.39, 9.085, 36.61, 51.40, 0.006, 347.95, 57.73);
insert into SHOT values (7793, 7717, 7729, 7269, 13.260, 167.09, -41.45, 13.249, 167.08, -41.45, 0.011, 355.98, 45.25);
insert into SHOT values (7794, 7717, 7730, 7269, 7.090, 180.93, -42.32, 7.086, 180.87, -42.31, 0.006, 72.26, 33.15);
insert into SHOT values (7795, 7717, 7731, 7269, 9.830, 151.07, -39.64, 9.825, 151.06, -39.65, 0.006, 340.67, 12.05);
insert into SHOT values (7796, 7717, 7732, 7269, 7.900, 121.05, -33.84, 7.897, 121.02, -33.86, 0.005, 340.97, -8.28);
insert into SHOT values (7797, 7717, 7733, 7269, 4.550, 202.19, -25.33, 4.539, 202.19, -25.30, 0.011, 22.05, 37.65);
insert into SHOT values (7798, 7717, 7734, 7269, 6.240, 199.59, -38.96, 6.238, 199.63, -38.94, 0.005, 292.01, 46.51);
insert into SHOT values (7799, 7734, 7735, 7269, 1.070, 178.09, -20.18, 1.067, 177.71, -20.29, 0.008, 60.06, -6.68);
insert into SHOT values (7800, 7734, 7736, 7269, 1.220, 352.35, -3.06, 1.222, 352.47, -2.81, 0.006, 40.13, 56.62);
insert into SHOT values (7801, 7734, 7737, 7269, 1.100, 299.91, 76.29, 1.100, 300.58, 76.57, 0.006, 89.99, 12.63);
insert into SHOT values (7802, 7734, 7738, 7269, 1.310, 216.36, -55.32, 1.311, 216.25, -55.44, 0.003, 82.21, -54.87);
insert into SHOT values (7803, 7734, 7739, 7269, 4.970, 255.78, -24.95, 4.965, 255.72, -25.02, 0.009, 110.77, -22.08);
insert into SHOT values (7804, 7739, 7740, 7269, 0.630, 8.95, -7.61, 0.632, 8.26, -7.28, 0.009, 293.80, 23.71);
insert into SHOT values (7805, 7739, 7741, 7269, 0.370, 180.20, 18.73, 0.370, 181.64, 18.92, 0.009, 272.63, 7.71);
insert into SHOT values (7806, 7739, 7742, 7269, 1.510, 38.34, 73.95, 1.508, 37.15, 74.06, 0.009, 285.88, -6.98);
insert into SHOT values (7807, 7739, 7743, 7269, 0.860, 309.91, 56.72, 0.867, 309.96, 56.16, 0.011, 312.04, 5.51);
insert into SHOT values (7808, 7739, 7744, 7269, 2.850, 229.33, -75.49, 2.852, 230.09, -75.44, 0.010, 302.53, -5.18);
insert into SHOT values (7809, 7739, 7745, 7269, 2.400, 281.34, -19.77, 2.406, 281.46, -19.68, 0.008, 316.75, 12.45);
insert into SHOT values (7810, 7745, 7746, 7269, 1.500, 193.24, -2.72, 1.501, 193.11, -2.67, 0.004, 115.64, 18.65);
insert into SHOT values (7811, 7745, 7747, 7269, 1.310, 183.04, 75.04, 1.315, 183.37, 74.99, 0.005, 221.85, 54.87);
insert into SHOT values (7812, 7745, 7748, 7269, 1.400, 186.65, -77.40, 1.393, 185.71, -77.50, 0.009, 58.06, 44.82);
insert into SHOT values (7813, 7745, 7749, 7269, 0.350, 343.33, 1.33, 0.345, 343.14, 1.66, 0.006, 175.89, 19.79);
insert into SHOT values (7814, 7745, 7750, 7269, 9.930, 178.97, -46.43, 9.925, 178.99, -46.42, 0.006, 315.19, 47.00);
insert into SHOT values (7815, 7750, 7751, 7269, 3.720, 320.89, 55.15, 3.718, 320.92, 55.13, 0.003, 58.11, -68.83);
insert into SHOT values (7816, 7750, 7752, 7269, 5.780, 346.65, 53.30, 5.775, 346.77, 53.30, 0.009, 97.00, -29.15);
insert into SHOT values (7817, 7750, 7753, 7269, 10.150, 346.91, 50.89, 10.142, 346.90, 50.90, 0.009, 179.10, -42.12);
insert into SHOT values (7818, 7750, 7754, 7269, 9.880, 355.65, 47.64, 9.874, 355.69, 47.67, 0.009, 147.84, -3.63);
insert into SHOT values (7819, 7750, 7755, 7269, 1.480, 287.44, 38.81, 1.474, 287.18, 38.63, 0.009, 177.52, -53.31);
insert into SHOT values (7820, 7750, 7756, 7269, 6.580, 41.17, 35.15, 6.586, 41.24, 35.13, 0.008, 89.57, 12.04);
insert into SHOT values (7821, 7750, 7757, 7269, 4.400, 65.35, 16.44, 4.402, 65.38, 16.36, 0.007, 91.28, -49.67);
insert into SHOT values (7822, 7750, 7758, 7269, 6.510, 75.06, 19.11, 6.514, 75.13, 19.09, 0.009, 131.11, -8.09);
insert into SHOT values (7823, 7750, 7759, 7269, 5.560, 90.34, 6.16, 5.562, 90.41, 6.09, 0.010, 163.00, -41.32);
insert into SHOT values (7824, 7750, 7760, 7269, 6.880, 75.26, -27.93, 6.883, 75.32, -27.99, 0.010, 167.83, -47.84);
insert into SHOT values (7825, 7750, 7761, 7269, 7.610, 116.67, -19.90, 7.618, 116.71, -19.88, 0.010, 145.13, 1.65);
insert into SHOT values (7826, 7750, 7762, 7269, 8.910, 71.46, -30.21, 8.911, 71.52, -30.26, 0.011, 182.04, -39.05);
insert into SHOT values (7827, 7750, 7763, 7269, 6.590, 138.01, -36.02, 6.600, 138.04, -36.01, 0.010, 153.45, -26.37);
insert into SHOT values (7828, 7763, 7764, 7269, 3.920, 85.04, 20.71, 3.919, 84.99, 20.78, 0.006, 315.08, 41.65);
insert into SHOT values (7829, 7763, 7765, 7269, 1.540, 109.07, 85.96, 1.544, 106.70, 86.12, 0.007, 334.98, 32.47);
insert into SHOT values (7830, 7763, 7766, 7269, 4.970, 262.63, 0.72, 4.970, 262.72, 0.69, 0.008, 349.04, -17.84);
insert into SHOT values (7831, 7763, 7767, 7269, 1.790, 167.21, -58.26, 1.784, 167.01, -58.43, 0.009, 10.50, 15.22);
insert into SHOT values (7832, 7763, 7768, 7269, 10.340, 32.42, 49.82, 10.346, 32.41, 49.78, 0.009, 21.71, 0.12);
insert into SHOT values (7833, 7763, 7769, 7269, 8.090, 319.66, 34.18, 8.097, 319.72, 34.19, 0.010, 14.82, 29.35);
insert into SHOT values (7834, 7763, 7770, 7269, 4.410, 291.84, 20.04, 4.416, 291.93, 19.99, 0.010, 333.45, -7.01);
insert into SHOT values (7835, 7763, 7771, 7269, 4.420, 246.25, -7.53, 4.417, 246.30, -7.54, 0.005, 9.35, -9.13);
insert into SHOT values (7836, 7763, 7772, 7269, 5.460, 229.48, -19.25, 5.455, 229.57, -19.27, 0.009, 350.73, 0.69);
insert into SHOT values (7837, 7763, 7773, 7269, 3.270, 141.81, -21.93, 3.269, 141.69, -21.91, 0.006, 47.71, 11.58);
insert into SHOT values (7838, 7763, 7774, 7269, 3.980, 110.88, -4.19, 3.979, 110.81, -4.18, 0.005, 15.48, 9.21);
insert into SHOT values (7839, 7763, 7775, 7269, 7.670, 177.41, -36.55, 7.667, 177.39, -36.59, 0.006, 16.45, -22.85);
insert into SHOT values (7840, 7763, 7776, 7269, 5.470, 179.46, -36.30, 5.464, 179.48, -36.37, 0.009, 349.35, -11.39);
insert into SHOT values (7841, 7763, 7777, 7269, 7.690, 178.07, -36.49, 7.681, 178.05, -36.51, 0.010, 11.27, 18.81);
insert into SHOT values (7842, 7763, 7778, 7269, 6.720, 272.94, 4.28, 6.718, 272.99, 4.27, 0.007, 21.19, -12.68);
insert into SHOT values (7843, 7778, 7779, 7269, 1.640, 182.57, -23.86, 1.640, 182.67, -23.73, 0.005, 238.73, 46.48);
insert into SHOT values (7844, 7778, 7780, 7269, 1.320, 139.62, -74.84, 1.317, 140.83, -74.66, 0.009, 207.34, 27.15);
insert into SHOT values (7845, 7778, 7781, 7269, 0.410, 315.02, 81.03, 0.415, 308.66, 81.12, 0.009, 222.69, 35.23);
insert into SHOT values (7846, 7778, 7782, 7269, 5.370, 325.42, 22.14, 5.372, 325.32, 22.20, 0.011, 232.64, 35.36);
insert into SHOT values (7847, 7778, 7783, 7269, 3.860, 200.65, -24.64, 3.867, 200.65, -24.60, 0.007, 201.32, -5.46);
insert into SHOT values (7848, 7778, 7784, 7269, 2.900, 233.64, -12.05, 2.903, 233.74, -11.93, 0.008, 283.01, 41.04);
insert into SHOT values (7849, 7778, 7785, 7269, 3.110, 269.13, 13.90, 3.112, 269.05, 13.95, 0.005, 198.84, 33.32);
insert into SHOT values (7850, 7778, 7786, 7269, 4.100, 287.66, 22.13, 4.102, 287.62, 22.20, 0.006, 205.20, 66.32);
insert into SHOT values (7851, 7778, 7787, 7269, 6.710, 308.05, 16.91, 6.712, 307.98, 16.98, 0.012, 213.27, 45.11);
insert into SHOT values (7852, 7778, 7788, 7269, 5.670, 331.57, 24.27, 5.665, 331.55, 24.29, 0.006, 171.49, -5.95);
insert into SHOT values (7853, 7778, 7789, 7269, 3.150, 343.24, 28.10, 3.152, 343.26, 28.21, 0.006, 117.48, 77.17);
insert into SHOT values (7854, 7778, 7790, 7269, 6.250, 321.17, 20.11, 6.249, 321.16, 20.12, 0.002, 182.61, 29.08);
insert into SHOT values (7855, 7790, 7791, 7269, 0.710, 168.46, 68.72, 0.708, 168.69, 68.88, 0.003, 327.89, -28.63);
insert into SHOT values (7856, 7790, 7792, 7269, 2.080, 242.86, 6.31, 2.079, 242.94, 6.35, 0.003, 355.67, 24.27);
insert into SHOT values (7857, 7790, 7793, 7269, 0.870, 60.72, 18.48, 0.870, 60.95, 18.78, 0.006, 175.47, 49.87);
insert into SHOT values (7858, 7790, 7794, 7269, 0.530, 214.48, -49.82, 0.528, 215.54, -49.30, 0.008, 286.32, 36.42);
insert into SHOT values (7859, 7790, 7795, 7269, 3.290, 325.76, 25.09, 3.292, 325.67, 25.17, 0.007, 227.96, 46.01);
insert into SHOT values (7860, 7790, 7796, 7269, 3.090, 345.04, 28.04, 3.086, 344.89, 28.03, 0.008, 230.84, -18.49);
insert into SHOT values (7861, 7790, 7797, 7269, 3.800, 290.26, 9.18, 3.802, 290.27, 9.23, 0.004, 322.33, 71.66);
insert into SHOT values (7862, 7790, 7798, 7269, 3.620, 305.40, 18.25, 3.619, 305.40, 18.36, 0.007, 122.99, 66.30);
insert into SHOT values (7863, 7798, 7799, 7269, 2.490, 76.44, 9.82, 2.485, 76.30, 9.73, 0.008, 312.76, -33.83);
insert into SHOT values (7864, 7798, 7800, 7269, 0.740, 120.18, 80.17, 0.739, 120.96, 80.92, 0.010, 290.87, 5.01);
insert into SHOT values (7865, 7798, 7801, 7269, 1.190, 281.06, -44.65, 1.199, 280.78, -44.49, 0.010, 255.26, -21.37);
insert into SHOT values (7866, 7798, 7802, 7269, 1.550, 262.63, -7.75, 1.557, 262.55, -7.75, 0.008, 246.42, -7.48);
insert into SHOT values (7867, 7798, 7803, 7269, 4.020, 272.30, -21.87, 4.023, 272.30, -21.89, 0.003, 276.91, -47.42);
insert into SHOT values (7868, 7803, 7804, 7269, 0.800, 304.14, 6.80, 0.804, 304.29, 6.43, 0.007, 328.92, -44.03);
insert into SHOT values (7869, 7803, 7805, 7269, 2.210, 147.32, -5.34, 2.210, 147.25, -5.45, 0.005, 42.33, -56.92);
insert into SHOT values (7870, 7803, 7806, 7269, 0.290, 192.73, -82.63, 0.293, 194.04, -81.91, 0.005, 205.89, -30.13);
insert into SHOT values (7871, 7803, 7807, 7269, 5.460, 222.28, -27.66, 5.468, 222.32, -27.68, 0.009, 253.07, -37.95);
insert into SHOT values (7872, 7803, 7808, 7269, 3.020, 236.80, -27.82, 3.023, 236.90, -27.80, 0.006, 296.43, -5.87);
insert into SHOT values (7873, 7803, 7809, 7269, 1.450, 34.51, 33.58, 1.450, 34.22, 33.49, 0.007, 316.03, -17.48);
insert into SHOT values (7874, 7803, 7810, 7269, 1.760, 56.71, 36.78, 1.757, 56.87, 36.69, 0.006, 155.93, -42.87);
insert into SHOT values (7875, 7803, 7811, 7269, 2.190, 70.85, 31.96, 2.186, 70.78, 32.04, 0.005, 275.32, 8.40);
insert into SHOT values (7876, 7803, 7812, 7269, 0.220, 112.86, 3.66, 0.216, 111.80, 2.66, 0.007, 336.44, -35.01);
insert into SHOT values (7877, 7803, 7813, 7269, 1.980, 100.23, 21.43, 1.976, 100.33, 21.37, 0.006, 235.06, -36.34);
insert into SHOT values (7878, 7803, 7814, 7269, 3.590, 192.89, -28.61, 3.590, 193.02, -28.63, 0.007, 287.90, -7.40);
insert into SHOT values (7879, 7814, 7815, 7269, 2.240, 316.81, 9.00, 2.235, 316.84, 9.01, 0.005, 125.83, -4.53);
insert into SHOT values (7880, 7814, 7816, 7269, 1.310, 299.10, -75.71, 1.310, 299.74, -75.75, 0.004, 42.69, -8.12);
insert into SHOT values (7881, 7814, 7817, 7269, 0.940, 131.78, -0.05, 0.949, 131.58, 0.00, 0.010, 112.30, 4.80);
insert into SHOT values (7882, 7814, 7818, 7269, 3.830, 330.52, 20.14, 3.826, 330.65, 20.18, 0.010, 91.51, 7.57);
insert into SHOT values (7883, 7814, 7819, 7269, 3.880, 328.49, 18.20, 3.874, 328.56, 18.20, 0.007, 110.52, -15.17);
insert into SHOT values (7884, 7814, 7820, 7269, 2.460, 221.95, -10.44, 2.457, 221.81, -10.56, 0.008, 95.65, -30.19);
insert into SHOT values (7885, 7814, 7821, 7269, 2.440, 222.79, -9.61, 2.441, 222.64, -9.67, 0.007, 136.78, -23.17);
insert into SHOT values (7886, 7814, 7822, 7269, 2.420, 224.85, -11.06, 2.413, 224.83, -10.99, 0.008, 52.79, 33.99);
insert into SHOT values (7887, 7822, 7823, 7269, 0.680, 161.86, -19.31, 0.682, 161.85, -19.71, 0.005, 127.05, -87.22);
insert into SURVEY values (7272, 71, 'af_camp_to_clearwater', 'af_camp_to_clearwater.clearwater_master', NULL);
 insert into CENTRELINE values (7273, 7272, NULL, NULL, NULL, 0.00, 0.00, 0.00);
 insert into CENTRELINE values (7274, 7272, NULL, '2017-04-24', NULL, 0.00, 0.00, 765.07);
 insert into SHOT values (7888, 7824, 7825, 7274, 17.290, 64.70, 0.10, 17.294, 64.74, 0.07, 0.016, 136.87, -39.51);
insert into SHOT_FLAG values(7888, 'dpl');
insert into SHOT values (7889, 7825, 7824, 7274, 17.300, 244.80, -0.00, 17.294, 244.74, -0.07, 0.028, 136.06, -45.77);
insert into SHOT_FLAG values(7889, 'dpl');
insert into SHOT values (7890, 7825, 7826, 7274, 17.010, 166.90, 3.90, 17.012, 166.89, 3.91, 0.005, 106.07, 39.32);
insert into SHOT_FLAG values(7890, 'dpl');
insert into SHOT values (7891, 7825, 7827, 7274, 14.700, 334.70, 0.20, 14.699, 334.71, 0.19, 0.002, 88.18, -31.72);
insert into SHOT_FLAG values(7891, 'dpl');
insert into SHOT values (7892, 7825, 7828, 7274, 6.730, 274.00, 84.80, 6.728, 273.75, 84.79, 0.004, 210.96, -37.76);
insert into SHOT_FLAG values(7892, 'dpl');
insert into SHOT values (7893, 7825, 7829, 7274, 0.650, 255.70, -83.50, 0.654, 254.05, -83.61, 0.005, 144.50, -61.78);
insert into SHOT_FLAG values(7893, 'dpl');
insert into SHOT values (7894, 7825, 7830, 7274, 19.040, 57.80, 6.90, 19.035, 57.80, 6.91, 0.006, 242.81, 25.55);
insert into SHOT_FLAG values(7894, 'dpl');
insert into SHOT values (7895, 7830, 7831, 7274, 24.980, 127.70, 32.60, 24.975, 127.70, 32.58, 0.009, 229.58, -82.31);
insert into SHOT_FLAG values(7895, 'dpl');
insert into SHOT values (7896, 7830, 7832, 7274, 22.190, 336.10, -0.50, 22.193, 336.10, -0.52, 0.007, 355.88, -61.26);
insert into SHOT_FLAG values(7896, 'dpl');
insert into SHOT values (7897, 7830, 7833, 7274, 7.520, 75.50, 76.80, 7.520, 75.56, 76.74, 0.008, 89.63, -9.93);
insert into SHOT_FLAG values(7897, 'dpl');
insert into SHOT values (7898, 7830, 7834, 7274, 1.220, 230.90, -86.20, 1.222, 230.19, -86.34, 0.004, 70.13, -42.56);
insert into SHOT_FLAG values(7898, 'dpl');
insert into SHOT values (7899, 7830, 7835, 7274, 10.190, 14.90, 2.70, 10.194, 14.91, 2.70, 0.004, 37.44, -0.19);
insert into SHOT_FLAG values(7899, 'dpl');
insert into SHOT values (7900, 7835, 7836, 7274, 30.070, 32.30, -4.10, 30.070, 32.31, -4.10, 0.004, 122.13, -1.11);
insert into SHOT_FLAG values(7900, 'dpl');
insert into SHOT values (7901, 7835, 7837, 7274, 16.250, 307.00, -4.50, 16.253, 307.00, -4.52, 0.006, 286.68, -65.71);
insert into SHOT_FLAG values(7901, 'dpl');
insert into SHOT values (7902, 7835, 7838, 7274, 29.900, 116.40, 23.40, 29.898, 116.40, 23.39, 0.005, 37.37, -72.64);
insert into SHOT_FLAG values(7902, 'dpl');
insert into SHOT values (7903, 7835, 7839, 7274, 6.310, 70.20, 86.90, 6.309, 69.44, 86.89, 0.005, 346.44, -9.59);
insert into SHOT_FLAG values(7903, 'dpl');
insert into SHOT values (7904, 7835, 7840, 7274, 2.200, 113.10, -48.60, 2.201, 113.04, -48.57, 0.002, 65.45, 7.18);
insert into SHOT_FLAG values(7904, 'dpl');
insert into SHOT values (7905, 7836, 7841, 7274, 37.610, 129.10, 25.80, 37.605, 129.09, 25.79, 0.011, 23.44, -57.39);
insert into SHOT_FLAG values(7905, 'dpl');
insert into SHOT values (7906, 7836, 7842, 7274, 12.120, 303.70, 2.10, 12.123, 303.69, 2.08, 0.005, 266.75, -49.71);
insert into SHOT_FLAG values(7906, 'dpl');
insert into SHOT values (7907, 7836, 7843, 7274, 3.780, 10.60, 79.80, 3.780, 10.30, 79.78, 0.004, 303.10, -3.97);
insert into SHOT_FLAG values(7907, 'dpl');
insert into SHOT values (7908, 7836, 7844, 7274, 1.800, 115.40, -67.20, 1.801, 115.46, -67.20, 0.001, 187.19, -38.52);
insert into SHOT_FLAG values(7908, 'dpl');
insert into SHOT values (7909, 7836, 7845, 7274, 13.000, 35.80, -5.10, 12.996, 35.79, -5.12, 0.007, 244.34, -42.23);
insert into SHOT_FLAG values(7909, 'dpl');
insert into SHOT values (7910, 7845, 7846, 7274, 12.520, 130.50, 19.30, 12.522, 130.47, 19.31, 0.007, 48.98, 17.30);
insert into SHOT_FLAG values(7910, 'dpl');
insert into SHOT values (7911, 7845, 7847, 7274, 8.030, 332.40, 6.50, 8.036, 332.47, 6.50, 0.011, 33.69, 4.88);
insert into SHOT_FLAG values(7911, 'dpl');
insert into SHOT values (7912, 7845, 7848, 7274, 4.600, 14.00, 82.50, 4.600, 14.26, 82.40, 0.009, 32.62, -4.20);
insert into SHOT_FLAG values(7912, 'dpl');
insert into SHOT values (7913, 7845, 7849, 7274, 0.890, 250.50, -76.00, 0.886, 250.71, -76.16, 0.005, 57.69, 45.49);
insert into SHOT_FLAG values(7913, 'dpl');
insert into SHOT values (7914, 7845, 7850, 7274, 7.700, 330.50, 0.30, 7.706, 330.54, 0.30, 0.009, 10.91, -2.13);
insert into SHOT_FLAG values(7914, 'dpl');
insert into SHOT values (7915, 7845, 7851, 7274, 7.540, 327.90, 21.20, 7.542, 327.96, 21.22, 0.008, 48.34, 24.15);
insert into SHOT_FLAG values(7915, 'dpl');
insert into SHOT values (7916, 7845, 7852, 7274, 11.080, 354.90, -7.40, 11.085, 354.94, -7.41, 0.009, 49.39, -18.34);
insert into SHOT_FLAG values(7916, 'dpl');
insert into SHOT values (7917, 7845, 7853, 7274, 1.340, 324.50, -41.60, 1.342, 324.73, -41.54, 0.005, 24.18, -4.19);
insert into SHOT_FLAG values(7917, 'dpl');
insert into SHOT values (7918, 7845, 7854, 7274, 1.860, 324.30, -28.20, 1.863, 324.67, -28.18, 0.011, 36.64, -5.49);
insert into SHOT_FLAG values(7918, 'dpl');
insert into SHOT values (7919, 7845, 7855, 7274, 3.740, 323.60, -24.90, 3.743, 323.74, -24.80, 0.011, 17.93, 25.03);
insert into SHOT_FLAG values(7919, 'dpl');
insert into SHOT values (7920, 7845, 7856, 7274, 4.780, 322.60, -19.50, 4.778, 322.67, -19.56, 0.008, 85.70, -33.12);
insert into SHOT_FLAG values(7920, 'dpl');
insert into SHOT values (7921, 7845, 7857, 7274, 5.700, 322.00, -15.70, 5.705, 322.02, -15.66, 0.007, 344.37, 21.53);
insert into SHOT_FLAG values(7921, 'dpl');
insert into SHOT values (7922, 7845, 7858, 7274, 6.620, 321.60, -13.20, 6.624, 321.67, -13.18, 0.010, 20.39, 9.92);
insert into SHOT_FLAG values(7922, 'dpl');
insert into SHOT values (7923, 7845, 7859, 7274, 7.010, 322.70, -7.50, 7.010, 322.72, -7.46, 0.005, 48.72, 66.42);
insert into SHOT_FLAG values(7923, 'dpl');
insert into SHOT values (7924, 7845, 7860, 7274, 7.790, 322.80, -3.70, 7.796, 322.84, -3.68, 0.008, 0.07, 18.77);
insert into SHOT_FLAG values(7924, 'dpl');
insert into SHOT values (7925, 7845, 7861, 7274, 7.910, 325.70, 10.00, 7.913, 325.72, 9.97, 0.006, 357.30, -36.31);
insert into SHOT_FLAG values(7925, 'dpl');
insert into SHOT values (7926, 7845, 7862, 7274, 7.810, 325.30, 18.10, 7.813, 325.37, 18.12, 0.010, 41.76, 21.67);
insert into SHOT_FLAG values(7926, 'dpl');
insert into SHOT values (7927, 7845, 7863, 7274, 6.470, 325.10, 27.20, 6.470, 325.12, 27.22, 0.004, 80.27, 46.29);
insert into SHOT_FLAG values(7927, 'dpl');
insert into SHOT values (7928, 7845, 7864, 7274, 5.070, 325.50, 44.10, 5.076, 325.61, 44.06, 0.010, 13.29, 10.07);
insert into SHOT_FLAG values(7928, 'dpl');
insert into SHOT values (7929, 7845, 7865, 7274, 4.130, 331.50, 63.20, 4.135, 331.51, 63.18, 0.005, 337.40, 43.41);
insert into SHOT_FLAG values(7929, 'dpl');
insert into SHOT values (7930, 7845, 7866, 7274, 4.480, 355.00, 79.70, 4.483, 355.00, 79.68, 0.003, 354.74, 47.34);
insert into SHOT_FLAG values(7930, 'dpl');
insert into SHOT values (7931, 7845, 7867, 7274, 5.710, 129.50, 65.80, 5.711, 129.27, 65.83, 0.010, 23.74, 10.52);
insert into SHOT_FLAG values(7931, 'dpl');
insert into SHOT values (7932, 7845, 7868, 7274, 8.100, 129.20, 53.40, 8.096, 129.20, 53.41, 0.004, 312.68, -39.31);
insert into SHOT_FLAG values(7932, 'dpl');
insert into SHOT values (7933, 7845, 7869, 7274, 8.190, 128.90, 44.50, 8.188, 128.81, 44.51, 0.009, 25.14, -2.80);
insert into SHOT_FLAG values(7933, 'dpl');
insert into SHOT values (7934, 7845, 7870, 7274, 8.910, 129.80, 34.70, 8.905, 129.74, 34.70, 0.010, 13.08, -13.87);
insert into SHOT_FLAG values(7934, 'dpl');
insert into SHOT values (7935, 7845, 7871, 7274, 9.950, 131.60, 30.60, 9.953, 131.54, 30.62, 0.010, 42.32, 31.34);
insert into SHOT_FLAG values(7935, 'dpl');
insert into SHOT values (7936, 7845, 7872, 7274, 15.880, 133.50, 23.40, 15.879, 133.50, 23.41, 0.004, 322.51, 52.00);
insert into SHOT_FLAG values(7936, 'dpl');
insert into SHOT values (7937, 7845, 7873, 7274, 12.710, 133.00, 20.50, 12.706, 132.96, 20.50, 0.010, 18.83, -6.62);
insert into SHOT_FLAG values(7937, 'dpl');
insert into SHOT values (7938, 7845, 7874, 7274, 12.200, 132.00, 13.80, 12.199, 131.95, 13.80, 0.009, 34.57, -0.66);
insert into SHOT_FLAG values(7938, 'dpl');
insert into SHOT values (7939, 7845, 7875, 7274, 9.370, 132.10, 10.80, 9.371, 132.09, 10.83, 0.004, 52.93, 76.19);
insert into SHOT_FLAG values(7939, 'dpl');
insert into SHOT values (7940, 7845, 7876, 7274, 7.200, 132.20, 5.50, 7.198, 132.17, 5.50, 0.004, 10.48, -1.22);
insert into SHOT_FLAG values(7940, 'dpl');
insert into SHOT values (7941, 7845, 7877, 7274, 5.760, 131.80, -2.00, 5.754, 131.76, -1.99, 0.007, 349.10, 8.28);
insert into SHOT_FLAG values(7941, 'dpl');
insert into SHOT values (7942, 7845, 7878, 7274, 4.730, 131.70, -9.70, 4.729, 131.69, -9.74, 0.004, 324.50, -57.90);
insert into SHOT_FLAG values(7942, 'dpl');
insert into SHOT values (7943, 7845, 7879, 7274, 3.200, 131.70, -14.40, 3.204, 131.60, -14.46, 0.007, 72.29, -34.46);
insert into SHOT_FLAG values(7943, 'dpl');
insert into SHOT values (7944, 7845, 7880, 7274, 2.140, 131.70, -24.30, 2.138, 131.46, -24.31, 0.008, 26.69, 4.38);
insert into SHOT_FLAG values(7944, 'dpl');
insert into SHOT values (7945, 7845, 7881, 7274, 1.500, 132.80, -36.30, 1.502, 132.66, -36.33, 0.004, 65.43, -30.98);
insert into SHOT_FLAG values(7945, 'dpl');
insert into SHOT values (7946, 7845, 7882, 7274, 1.040, 133.70, -62.50, 1.038, 133.32, -62.40, 0.004, 57.80, 36.80);
insert into SHOT_FLAG values(7946, 'dpl');
insert into SHOT values (7947, 7845, 7883, 7274, 31.020, 140.20, 24.20, 31.016, 140.19, 24.21, 0.009, 350.94, 27.97);
insert into SHOT_FLAG values(7947, 'dpl');
insert into SHOT values (7948, 7845, 7884, 7274, 32.780, 139.50, 26.10, 32.778, 139.49, 26.10, 0.005, 24.50, -14.22);
insert into SHOT_FLAG values(7948, 'dpl');
insert into SHOT values (7949, 7845, 7885, 7274, 15.530, 70.20, 6.00, 15.531, 70.17, 5.99, 0.009, 347.43, -21.56);
insert into SHOT_FLAG values(7949, 'dpl');
insert into SHOT values (7950, 7885, 7886, 7274, 39.220, 343.70, -0.80, 39.218, 343.71, -0.79, 0.010, 89.09, 48.69);
insert into SHOT_FLAG values(7950, 'dpl');
insert into SHOT values (7951, 7885, 7887, 7274, 41.650, 156.30, 29.80, 41.656, 156.30, 29.80, 0.006, 155.34, 9.32);
insert into SHOT_FLAG values(7951, 'dpl');
insert into SHOT values (7952, 7885, 7888, 7274, 4.970, 97.10, 84.80, 4.971, 97.59, 84.76, 0.005, 145.16, 4.93);
insert into SHOT_FLAG values(7952, 'dpl');
insert into SHOT values (7953, 7885, 7889, 7274, 0.880, 74.80, -74.70, 0.883, 75.38, -74.38, 0.006, 98.49, -11.25);
insert into SHOT_FLAG values(7953, 'dpl');
insert into SHOT values (7954, 7885, 7890, 7274, 26.850, 8.70, -3.00, 26.846, 8.71, -2.99, 0.008, 138.05, 39.64);
insert into SHOT_FLAG values(7954, 'dpl');
insert into SHOT values (7955, 7890, 7891, 7274, 16.580, 244.50, 3.20, 16.580, 244.49, 3.18, 0.007, 154.82, -56.91);
insert into SHOT_FLAG values(7955, 'dpl');
insert into SHOT values (7956, 7890, 7892, 7274, 6.290, 52.80, 3.20, 6.290, 52.77, 3.19, 0.004, 321.81, -16.31);
insert into SHOT_FLAG values(7956, 'dpl');
insert into SHOT values (7957, 7890, 7893, 7274, 3.430, 314.70, 84.50, 3.425, 315.00, 84.55, 0.006, 108.66, -47.33);
insert into SHOT_FLAG values(7957, 'dpl');
insert into SHOT values (7958, 7890, 7894, 7274, 1.320, 320.70, -68.60, 1.321, 320.04, -68.57, 0.006, 241.25, -10.13);
insert into SHOT_FLAG values(7958, 'dpl');
insert into SHOT values (7959, 7890, 7895, 7274, 22.230, 312.40, 6.90, 22.231, 312.39, 6.90, 0.003, 248.79, -11.16);
insert into SHOT_FLAG values(7959, 'dpl');
insert into SHOT values (7960, 7895, 7896, 7274, 3.740, 229.40, 5.40, 3.732, 229.37, 5.38, 0.008, 66.37, -14.28);
insert into SHOT_FLAG values(7960, 'dpl');
insert into SHOT values (7961, 7895, 7897, 7274, 10.370, 52.70, 7.90, 10.372, 52.67, 7.87, 0.008, 352.07, -43.46);
insert into SHOT_FLAG values(7961, 'dpl');
insert into SHOT values (7962, 7895, 7898, 7274, 5.100, 35.30, 84.60, 5.103, 35.68, 84.60, 0.004, 122.73, 39.84);
insert into SHOT_FLAG values(7962, 'dpl');
insert into SHOT values (7963, 7895, 7899, 7274, 2.450, 36.20, -29.10, 2.454, 36.28, -29.01, 0.006, 66.14, 13.80);
insert into SHOT_FLAG values(7963, 'dpl');
insert into SHOT values (7964, 7895, 7900, 7274, 10.120, 323.90, 24.60, 10.122, 323.93, 24.58, 0.006, 15.51, -26.64);
insert into SHOT_FLAG values(7964, 'dpl');
insert into SHOT values (7965, 7900, 7901, 7274, 2.970, 244.40, 49.50, 2.973, 244.23, 49.47, 0.007, 184.27, 13.61);
insert into SHOT_FLAG values(7965, 'dpl');
insert into SHOT values (7966, 7900, 7902, 7274, 2.070, 28.20, 4.20, 2.073, 28.30, 4.15, 0.005, 82.30, -19.66);
insert into SHOT_FLAG values(7966, 'dpl');
insert into SHOT values (7967, 7900, 7903, 7274, 3.960, 351.40, 86.00, 3.959, 351.57, 86.05, 0.003, 157.33, -5.95);
insert into SHOT_FLAG values(7967, 'dpl');
insert into SHOT values (7968, 7900, 7904, 7274, 1.990, 294.60, -84.00, 1.991, 292.83, -84.06, 0.007, 187.50, -7.72);
insert into SHOT_FLAG values(7968, 'dpl');
insert into SHOT values (7969, 7900, 7905, 7274, 10.490, 4.00, 36.70, 10.491, 4.02, 36.70, 0.003, 92.40, 15.42);
insert into SHOT_FLAG values(7969, 'dpl');
insert into SHOT values (7970, 7905, 7906, 7274, 10.070, 304.80, 6.90, 10.068, 304.77, 6.90, 0.006, 189.53, 2.30);
insert into SHOT_FLAG values(7970, 'dpl');
insert into SHOT values (7971, 7905, 7907, 7274, 8.530, 140.90, 4.30, 8.526, 140.92, 4.30, 0.005, 282.98, 5.31);
insert into SHOT_FLAG values(7971, 'dpl');
insert into SHOT values (7972, 7905, 7908, 7274, 7.480, 25.20, 83.50, 7.477, 25.35, 83.54, 0.006, 184.94, -17.20);
insert into SHOT_FLAG values(7972, 'dpl');
insert into SHOT values (7973, 7905, 7909, 7274, 2.480, 304.70, -42.50, 2.480, 304.56, -42.33, 0.009, 262.43, 38.73);
insert into SHOT_FLAG values(7973, 'dpl');
insert into SHOT values (7974, 7905, 7910, 7274, 7.600, 21.70, 35.20, 7.597, 21.65, 35.21, 0.006, 268.23, -8.08);
insert into SHOT_FLAG values(7974, 'dpl');
insert into SHOT values (7975, 7910, 7911, 7274, 8.890, 284.40, 2.90, 8.891, 284.41, 2.90, 0.002, 350.73, 6.51);
insert into SHOT_FLAG values(7975, 'dpl');
insert into SHOT values (7976, 7910, 7912, 7274, 12.010, 96.10, 14.40, 12.014, 96.12, 14.41, 0.006, 140.53, 32.87);
insert into SHOT_FLAG values(7976, 'dpl');
insert into SHOT values (7977, 7910, 7913, 7274, 9.740, 350.20, 83.80, 9.736, 350.63, 83.84, 0.012, 125.97, -15.17);
insert into SHOT_FLAG values(7977, 'dpl');
insert into SHOT values (7978, 7910, 7914, 7274, 1.430, 1.50, -44.50, 1.429, 1.68, -44.42, 0.004, 83.07, 34.67);
insert into SHOT_FLAG values(7978, 'dpl');
insert into SHOT values (7979, 7910, 7915, 7274, 9.210, 278.00, 8.10, 9.201, 278.01, 8.12, 0.010, 83.90, 13.70);
insert into SHOT_FLAG values(7979, 'dpl');
insert into SHOT values (7980, 7910, 7916, 7274, 25.430, 97.30, 23.40, 25.431, 97.31, 23.40, 0.005, 171.52, 6.63);
insert into SHOT_FLAG values(7980, 'dpl');
insert into SHOT values (7981, 7910, 7917, 7274, 15.130, 357.20, 67.80, 15.131, 357.29, 67.80, 0.009, 89.42, 9.67);
insert into SHOT_FLAG values(7981, 'dpl');
insert into SHOT values (7982, 7910, 7918, 7274, 1.370, 47.50, -45.40, 1.367, 47.53, -45.22, 0.006, 81.49, 81.84);
insert into SHOT_FLAG values(7982, 'dpl');
insert into SHOT values (7983, 7910, 7919, 7274, 14.580, 49.60, 28.50, 14.580, 49.62, 28.51, 0.006, 152.79, 31.10);
insert into SHOT_FLAG values(7983, 'dpl');
insert into SHOT values (7984, 7919, 7920, 7274, 13.440, 289.50, 7.70, 13.437, 289.52, 7.70, 0.006, 49.97, -6.95);
insert into SHOT_FLAG values(7984, 'dpl');
insert into SHOT values (7985, 7919, 7921, 7274, 33.370, 112.20, 7.90, 33.377, 112.20, 7.90, 0.008, 99.15, 26.37);
insert into SHOT_FLAG values(7985, 'dpl');
insert into SHOT values (7986, 7919, 7922, 7274, 14.990, 151.40, 88.90, 14.993, 150.75, 88.90, 0.004, 40.22, 38.45);
insert into SHOT_FLAG values(7986, 'dpl');
insert into SHOT values (7987, 7919, 7923, 7274, 3.250, 260.40, -38.20, 3.251, 260.54, -38.19, 0.006, 343.73, -1.60);
insert into SHOT_FLAG values(7987, 'dpl');
insert into SHOT values (7988, 7919, 7924, 7274, 3.130, 6.90, 18.60, 3.136, 6.96, 18.60, 0.006, 36.01, 15.10);
insert into SHOT_FLAG values(7988, 'dpl');
insert into SHOT values (7989, 7919, 7925, 7274, 10.800, 12.70, 28.00, 10.798, 12.72, 28.00, 0.004, 125.28, -3.82);
insert into SHOT_FLAG values(7989, 'dpl');
insert into SHOT values (7990, 7925, 7926, 7274, 11.990, 278.40, 20.20, 11.989, 278.43, 20.20, 0.006, 16.35, -1.11);
insert into SHOT_FLAG values(7990, 'dpl');
insert into SHOT values (7991, 7925, 7927, 7274, 4.430, 90.10, 7.40, 4.427, 90.00, 7.40, 0.008, 338.01, -3.91);
insert into SHOT_FLAG values(7991, 'dpl');
insert into SHOT values (7992, 7925, 7928, 7274, 2.810, 43.10, 86.30, 2.806, 40.60, 86.23, 0.009, 332.81, -25.88);
insert into SHOT_FLAG values(7992, 'dpl');
insert into SHOT values (7993, 7925, 7929, 7274, 3.190, 110.00, -67.10, 3.188, 109.90, -67.24, 0.008, 305.23, -10.19);
insert into SHOT_FLAG values(7993, 'dpl');
insert into SHOT values (7994, 7925, 7930, 7274, 22.420, 317.80, -25.30, 22.425, 317.80, -25.29, 0.006, 313.04, 12.38);
insert into SHOT_FLAG values(7994, 'dpl');
insert into SHOT values (7995, 7930, 7931, 7274, 9.450, 96.70, 7.80, 9.451, 96.68, 7.78, 0.004, 30.43, -42.82);
insert into SHOT_FLAG values(7995, 'dpl');
insert into SHOT values (7996, 7930, 7932, 7274, 12.790, 89.30, 76.10, 12.787, 89.26, 76.06, 0.010, 72.29, -34.01);
insert into SHOT_FLAG values(7996, 'dpl');
insert into SHOT values (7997, 7930, 7933, 7274, 1.380, 124.50, -78.70, 1.387, 123.11, -78.59, 0.010, 66.16, -40.81);
insert into SHOT_FLAG values(7997, 'dpl');
insert into SHOT values (7998, 7930, 7934, 7274, 17.890, 32.90, -17.20, 17.894, 32.92, -17.19, 0.007, 82.43, 1.71);
insert into SHOT_FLAG values(7998, 'dpl');
insert into SHOT values (7999, 7930, 7935, 7274, 18.250, 73.40, 62.00, 18.247, 73.38, 61.99, 0.004, 341.21, -57.78);
insert into SHOT_FLAG values(7999, 'dpl');
insert into SHOT values (8000, 7930, 7936, 7274, 17.930, 76.80, 63.10, 17.931, 76.82, 63.10, 0.003, 137.99, 1.24);
insert into SHOT_FLAG values(8000, 'dpl');
insert into SHOT values (8001, 7934, 7937, 7274, 10.720, 287.40, -0.10, 10.719, 287.37, -0.11, 0.006, 185.59, -12.67);
insert into SHOT_FLAG values(8001, 'dpl');
insert into SHOT values (8002, 7934, 7938, 7274, 16.940, 277.10, 88.90, 16.933, 276.91, 88.88, 0.010, 268.46, -43.33);
insert into SHOT_FLAG values(8002, 'dpl');
insert into SHOT values (8003, 7934, 7939, 7274, 1.630, 104.90, -90.00, 1.630, 90.00, -90.00, 0.000, 104.90, 37.97);
insert into SHOT_FLAG values(8003, 'dpl');
insert into SHOT values (8004, 7934, 7940, 7274, 21.850, 313.10, -19.80, 21.851, 313.11, -19.80, 0.004, 15.46, 23.94);
insert into SHOT_FLAG values(8004, 'dpl');
insert into SHOT values (8005, 7940, 7941, 7274, 13.280, 70.40, 16.30, 13.269, 70.41, 16.28, 0.012, 233.19, -37.15);
insert into SHOT_FLAG values(8005, 'dpl');
insert into SHOT values (8006, 7940, 7942, 7274, 3.590, 298.10, -86.40, 3.597, 296.57, -86.44, 0.009, 190.58, -48.44);
insert into SHOT_FLAG values(8006, 'dpl');
insert into SHOT values (8007, 7940, 7943, 7274, 47.000, 57.40, 57.10, 46.994, 57.40, 57.11, 0.009, 238.42, -14.29);
insert into SHOT_FLAG values(8007, 'dpl');
insert into SHOT values (8008, 7940, 7944, 7274, 46.900, 53.30, 56.20, 46.893, 53.29, 56.21, 0.009, 255.56, -19.78);
insert into SHOT_FLAG values(8008, 'dpl');
insert into SHOT values (8009, 7940, 7945, 7274, 42.870, 356.40, 2.70, 42.862, 356.40, 2.70, 0.008, 188.34, 3.91);
insert into SHOT_FLAG values(8009, 'dpl');
insert into SHOT values (8010, 7940, 7946, 7274, 13.950, 19.80, -0.70, 13.944, 19.79, -0.70, 0.007, 229.49, 3.69);
insert into SHOT_FLAG values(8010, 'dpl');
insert into SHOT values (8011, 7946, 7947, 7274, 16.170, 344.50, -32.70, 16.171, 344.48, -32.72, 0.006, 237.16, -44.99);
insert into SHOT_FLAG values(8011, 'dpl');
insert into SHOT values (8012, 7947, 7948, 7274, 18.070, 60.60, 28.00, 18.072, 60.58, 27.99, 0.008, 359.28, -23.52);
insert into SHOT_FLAG values(8012, 'dpl');
insert into SHOT values (8013, 7947, 7949, 7274, 10.420, 36.60, 84.70, 10.425, 36.63, 84.65, 0.011, 40.08, 25.53);
insert into SHOT_FLAG values(8013, 'dpl');
insert into SHOT values (8014, 7947, 7950, 7274, 2.010, 278.70, -60.40, 2.011, 278.70, -60.47, 0.003, 97.14, -58.65);
insert into SHOT_FLAG values(8014, 'dpl');
insert into SHOT values (8015, 7947, 7951, 7274, 19.080, 199.40, 19.60, 19.076, 199.40, 19.60, 0.004, 6.06, -6.03);
insert into SHOT_FLAG values(8015, 'dpl');
insert into SHOT values (8016, 7947, 7952, 7274, 12.890, 232.00, -29.20, 12.882, 232.01, -29.23, 0.010, 42.02, -8.50);
insert into SHOT_FLAG values(8016, 'dpl');
insert into SHOT values (8017, 7952, 7953, 7274, 14.540, 65.50, 28.20, 14.538, 65.52, 28.20, 0.004, 185.54, -12.64);
insert into SHOT_FLAG values(8017, 'dpl');
insert into SHOT values (8018, 7952, 7954, 7274, 2.590, 189.30, -85.80, 2.587, 188.97, -85.74, 0.004, 166.88, 46.57);
insert into SHOT_FLAG values(8018, 'dpl');
insert into SHOT values (8019, 7952, 7955, 7274, 16.460, 69.20, 32.60, 16.457, 69.21, 32.61, 0.005, 215.72, 19.57);
insert into SHOT_FLAG values(8019, 'dpl');
insert into SHOT values (8020, 7952, 7956, 7274, 2.200, 216.20, -63.60, 2.200, 216.29, -63.55, 0.002, 254.41, 13.50);
insert into SHOT_FLAG values(8020, 'dpl');
insert into SHOT values (8021, 7952, 7957, 7274, 4.090, 65.60, 20.70, 4.088, 65.58, 20.78, 0.006, 262.97, 45.07);
insert into SHOT_FLAG values(8021, 'dpl');
insert into SHOT values (8022, 7952, 7958, 7274, 4.320, 257.20, -68.80, 4.325, 257.11, -68.72, 0.008, 239.48, -17.12);
insert into SHOT_FLAG values(8022, 'dpl');
insert into SHOT values (8023, 7952, 7959, 7274, 4.000, 256.90, -69.40, 3.996, 256.85, -69.39, 0.004, 143.95, 73.45);
insert into SHOT_FLAG values(8023, 'dpl');
insert into SHOT values (8024, 7959, 7960, 7274, 0.730, 244.80, -0.00, 0.729, 244.84, 0.00, 0.001, 32.60, 0.00);
insert into SHOT_FLAG values(8024, 'dpl');
insert into SHOT values (8025, 7959, 7961, 7274, 1.650, 59.70, 88.80, 1.650, 71.57, 88.90, 0.007, 178.73, 2.79);
insert into SHOT_FLAG values(8025, 'dpl');
insert into SHOT values (8026, 7959, 7962, 7274, 0.690, 235.30, -59.80, 0.696, 235.41, -59.58, 0.006, 242.57, -34.88);
insert into SHOT_FLAG values(8026, 'dpl');
insert into SHOT values (8027, 7959, 7963, 7274, 0.790, 226.80, 5.90, 0.796, 227.05, 5.76, 0.008, 253.87, -9.19);
insert into SHOT_FLAG values(8027, 'dpl');
insert into SHOT values (8028, 7959, 7964, 7274, 1.640, 196.00, 88.60, 1.641, 194.04, 88.56, 0.002, 144.85, 15.10);
insert into SHOT_FLAG values(8028, 'dpl');
insert into SHOT values (8029, 7959, 7965, 7274, 1.130, 47.30, 49.70, 1.123, 47.25, 49.99, 0.009, 231.61, -11.29);
insert into SHOT_FLAG values(8029, 'dpl');
insert into SHOT values (8030, 7959, 7966, 7274, 0.430, 272.30, -67.90, 0.435, 270.00, -66.97, 0.011, 232.15, -8.56);
insert into SHOT_FLAG values(8030, 'dpl');
insert into SHOT values (8031, 7959, 7967, 7274, 0.950, 336.20, -7.80, 0.949, 336.16, -7.87, 0.002, 188.70, -42.13);
insert into SHOT_FLAG values(8031, 'dpl');
insert into SHOT values (8032, 7967, 7968, 7274, 0.720, 251.50, -2.70, 0.728, 251.57, -3.15, 0.010, 257.30, -36.69);
insert into SHOT_FLAG values(8032, 'dpl');
insert into SHOT values (8033, 7967, 7969, 7274, 0.510, 218.20, 61.90, 0.511, 218.29, 61.72, 0.002, 229.79, 3.48);
insert into SHOT_FLAG values(8033, 'dpl');
insert into SHOT values (8034, 7967, 7970, 7274, 1.330, 24.40, -88.60, 1.330, 18.43, -88.64, 0.003, 276.79, -6.57);
insert into SHOT_FLAG values(8034, 'dpl');
insert into SHOT values (8035, 7967, 7971, 7274, 1.650, 278.70, -56.80, 1.653, 278.22, -56.62, 0.010, 226.08, 3.94);
insert into SHOT_FLAG values(8035, 'dpl');
insert into SHOT values (8036, 7971, 7972, 7274, 1.790, 89.40, 22.40, 1.794, 89.31, 22.27, 0.006, 62.61, -20.03);
insert into SHOT_FLAG values(8036, 'dpl');
insert into SHOT values (8037, 7971, 7973, 7274, 0.330, 6.70, 81.60, 0.324, 11.31, 80.95, 0.008, 64.13, -53.03);
insert into SHOT_FLAG values(8037, 'dpl');
insert into SHOT values (8038, 7971, 7974, 7274, 0.720, 245.50, -88.20, 0.720, 243.43, -88.22, 0.001, 137.00, -22.69);
insert into SHOT_FLAG values(8038, 'dpl');
insert into SHOT values (8039, 7971, 7975, 7274, 3.110, 6.00, -3.80, 3.115, 6.10, -3.87, 0.008, 55.73, -29.71);
insert into SHOT_FLAG values(8039, 'dpl');
insert into SHOT values (8040, 7975, 7976, 7274, 1.280, 96.60, 6.40, 1.277, 96.79, 6.30, 0.006, 223.42, -27.14);
insert into SHOT_FLAG values(8040, 'dpl');
insert into SHOT values (8041, 7975, 7977, 7274, 1.460, 150.40, 76.80, 1.458, 151.11, 76.87, 0.005, 268.57, -16.94);
insert into SHOT_FLAG values(8041, 'dpl');
insert into SHOT values (8042, 7975, 7978, 7274, 0.590, 260.90, 0.40, 0.587, 261.18, 0.98, 0.007, 37.71, 54.56);
insert into SHOT_FLAG values(8042, 'dpl');
insert into SHOT values (8043, 7975, 7979, 7274, 0.760, 196.70, -47.80, 0.759, 197.02, -47.54, 0.005, 252.76, 41.07);
insert into SHOT_FLAG values(8043, 'dpl');
insert into SHOT values (8044, 7975, 7980, 7274, 3.250, 33.80, 9.70, 3.248, 33.79, 9.75, 0.004, 225.33, 39.04);
insert into SHOT_FLAG values(8044, 'dpl');
insert into SHOT values (8045, 7980, 7981, 7274, 0.360, 279.80, 1.60, 0.355, 279.73, 1.61, 0.005, 105.19, -0.62);
insert into SHOT_FLAG values(8045, 'dpl');
insert into SHOT values (8046, 7980, 7982, 7274, 0.570, 267.00, 49.50, 0.568, 266.91, 49.25, 0.004, 207.22, -78.41);
insert into SHOT_FLAG values(8046, 'dpl');
insert into SHOT values (8047, 7980, 7983, 7274, 1.410, 262.40, -66.50, 1.408, 262.87, -66.37, 0.006, 328.20, 30.78);
insert into SHOT_FLAG values(8047, 'dpl');
insert into SHOT values (8048, 7980, 7984, 7274, 6.000, 6.00, -44.60, 5.999, 6.04, -44.57, 0.005, 70.06, 38.59);
insert into SHOT_FLAG values(8048, 'dpl');
insert into SHOT values (8049, 7984, 7985, 7274, 2.630, 153.10, 8.90, 2.629, 153.24, 8.75, 0.009, 243.24, -47.80);
insert into SHOT_FLAG values(8049, 'dpl');
insert into SHOT values (8050, 7984, 7986, 7274, 1.740, 123.70, 78.70, 1.733, 124.16, 78.74, 0.007, 257.23, -59.15);
insert into SHOT_FLAG values(8050, 'dpl');
insert into SHOT values (8051, 7984, 7987, 7274, 3.150, 151.40, -43.90, 3.150, 151.51, -44.05, 0.009, 293.21, -39.26);
insert into SHOT_FLAG values(8051, 'dpl');
insert into SHOT values (8052, 7984, 7988, 7274, 6.000, 112.70, -24.90, 6.001, 112.70, -24.94, 0.004, 286.23, -79.16);
insert into SHOT_FLAG values(8052, 'dpl');
insert into SHOT values (8053, 7988, 7989, 7274, 4.370, 293.80, 9.00, 4.369, 293.77, 8.95, 0.004, 205.58, -61.37);
insert into SHOT_FLAG values(8053, 'dpl');
insert into SHOT values (8054, 7988, 7990, 7274, 2.880, 263.40, 39.70, 2.879, 263.52, 39.73, 0.005, 14.20, 4.13);
insert into SHOT_FLAG values(8054, 'dpl');
insert into SHOT values (8055, 7988, 7991, 7274, 1.430, 324.80, -89.30, 1.430, 333.43, -89.10, 0.006, 0.71, -1.07);
insert into SHOT_FLAG values(8055, 'dpl');
insert into SHOT values (8056, 7988, 7992, 7274, 1.750, 109.30, -20.70, 1.746, 109.32, -20.80, 0.005, 281.92, -15.44);
insert into SHOT_FLAG values(8056, 'dpl');
insert into SHOT values (8057, 7988, 7993, 7274, 13.410, 348.90, -40.10, 13.415, 348.88, -40.09, 0.007, 309.63, -18.87);
insert into SHOT_FLAG values(8057, 'dpl');
insert into SHOT values (8058, 7993, 7994, 7274, 2.700, 259.90, 4.20, 2.701, 259.73, 4.25, 0.008, 172.53, 16.04);
insert into SHOT_FLAG values(8058, 'dpl');
insert into SHOT values (8059, 7993, 7995, 7274, 1.890, 74.60, 25.00, 1.888, 74.74, 25.07, 0.005, 196.23, 13.84);
insert into SHOT_FLAG values(8059, 'dpl');
insert into SHOT values (8060, 7993, 7996, 7274, 2.270, 4.70, 86.50, 2.274, 4.40, 86.71, 0.009, 189.48, 27.23);
insert into SHOT_FLAG values(8060, 'dpl');
insert into SHOT values (8061, 7993, 7997, 7274, 1.560, 254.90, -51.30, 1.562, 254.54, -51.36, 0.007, 163.94, -22.35);
insert into SHOT_FLAG values(8061, 'dpl');
insert into SHOT values (8062, 7993, 7998, 7274, 5.390, 262.70, -6.70, 5.390, 262.70, -6.71, 0.001, 315.03, -76.06);
insert into SHOT_FLAG values(8062, 'dpl');
insert into SHOT values (8063, 7993, 7999, 7274, 4.550, 71.10, 14.20, 4.558, 71.11, 14.23, 0.008, 79.98, 29.01);
insert into SHOT_FLAG values(8063, 'dpl');
insert into SHOT values (8064, 7993, 8000, 7274, 2.500, 286.00, 73.70, 2.499, 285.83, 73.82, 0.006, 127.21, 4.94);
insert into SHOT_FLAG values(8064, 'dpl');
insert into SHOT values (8065, 7993, 8001, 7274, 1.790, 259.90, -64.70, 1.791, 259.43, -64.78, 0.007, 151.96, -14.32);
insert into SHOT_FLAG values(8065, 'dpl');
insert into SHOT values (8066, 7993, 8002, 7274, 16.330, 329.30, -31.40, 16.325, 329.31, -31.42, 0.008, 129.12, -13.47);
insert into SHOT_FLAG values(8066, 'dpl');
insert into SHOT values (8067, 8002, 8003, 7274, 14.020, 23.30, 6.10, 14.024, 23.27, 6.10, 0.008, 326.59, 1.35);
insert into SHOT_FLAG values(8067, 'dpl');
insert into SHOT values (8068, 8003, 8004, 7274, 10.590, 75.70, 19.10, 10.594, 75.71, 19.12, 0.006, 119.43, 53.66);
insert into SHOT_FLAG values(8068, 'dpl');
insert into SHOT values (8069, 8003, 8005, 7274, 8.130, 308.70, 83.50, 8.132, 308.37, 83.52, 0.006, 197.72, 21.61);
insert into SHOT_FLAG values(8069, 'dpl');
insert into SHOT values (8070, 8003, 8006, 7274, 6.830, 254.20, -41.30, 6.827, 254.18, -41.23, 0.009, 223.34, 63.01);
insert into SHOT_FLAG values(8070, 'dpl');
insert into SHOT values (8071, 8003, 8007, 7274, 3.330, 268.40, -32.20, 3.330, 268.38, -32.10, 0.006, 248.02, 51.74);
insert into SHOT_FLAG values(8071, 'dpl');
insert into SHOT values (8072, 8003, 8008, 7274, 4.610, 270.40, -25.50, 4.607, 270.28, -25.45, 0.010, 174.84, 27.13);
insert into SHOT_FLAG values(8072, 'dpl');
insert into SHOT values (8073, 8003, 8009, 7274, 24.740, 272.60, -19.50, 24.740, 272.58, -19.48, 0.012, 201.13, 44.67);
insert into SHOT_FLAG values(8073, 'dpl');
insert into SHOT values (8074, 8003, 8010, 7274, 24.600, 271.90, -10.70, 24.600, 271.90, -10.68, 0.008, 215.25, 76.63);
insert into SHOT_FLAG values(8074, 'dpl');
insert into SHOT values (8075, 8003, 8011, 7274, 23.900, 271.80, -3.40, 23.903, 271.78, -3.38, 0.013, 202.23, 36.18);
insert into SHOT_FLAG values(8075, 'dpl');
insert into SHOT values (8076, 8003, 8012, 7274, 20.590, 271.40, 3.30, 20.590, 271.39, 3.31, 0.005, 187.13, 64.77);
insert into SHOT_FLAG values(8076, 'dpl');
insert into SHOT values (8077, 8003, 8013, 7274, 15.820, 271.10, 6.70, 15.821, 271.09, 6.71, 0.005, 209.87, 66.24);
insert into SHOT_FLAG values(8077, 'dpl');
insert into SHOT values (8078, 8003, 8014, 7274, 12.640, 270.70, 12.90, 12.642, 270.70, 12.94, 0.008, 173.27, 86.27);
insert into SHOT_FLAG values(8078, 'dpl');
insert into SHOT values (8079, 8003, 8015, 7274, 11.740, 271.80, 18.80, 11.744, 271.75, 18.83, 0.011, 191.33, 35.45);
insert into SHOT_FLAG values(8079, 'dpl');
insert into SHOT values (8080, 8003, 8016, 7274, 10.730, 271.50, 25.20, 10.735, 271.47, 25.20, 0.006, 227.55, 12.73);
insert into SHOT_FLAG values(8080, 'dpl');
insert into SHOT values (8081, 8003, 8017, 7274, 10.100, 271.70, 31.40, 10.106, 271.66, 31.43, 0.010, 207.02, 50.41);
insert into SHOT_FLAG values(8081, 'dpl');
insert into SHOT values (8082, 8003, 8018, 7274, 9.770, 271.90, 41.50, 9.772, 271.88, 41.54, 0.007, 128.52, 55.99);
insert into SHOT_FLAG values(8082, 'dpl');
insert into SHOT values (8083, 8003, 8019, 7274, 7.950, 271.70, 50.70, 7.954, 271.59, 50.76, 0.013, 161.37, 38.84);
insert into SHOT_FLAG values(8083, 'dpl');
insert into SHOT values (8084, 8003, 8020, 7274, 7.120, 271.60, 61.30, 7.125, 271.51, 61.30, 0.008, 201.38, 38.78);
insert into SHOT_FLAG values(8084, 'dpl');
insert into SHOT values (8085, 8003, 8021, 7274, 5.190, 272.80, 66.60, 5.197, 272.78, 66.62, 0.007, 241.39, 78.14);
insert into SHOT_FLAG values(8085, 'dpl');
insert into SHOT values (8086, 8003, 8022, 7274, 4.240, 287.70, 77.40, 4.242, 287.65, 77.43, 0.003, 136.60, 51.79);
insert into SHOT_FLAG values(8086, 'dpl');
insert into SHOT values (8087, 8003, 8023, 7274, 3.250, 311.60, 79.30, 3.256, 311.63, 79.34, 0.007, 116.83, 78.01);
insert into SHOT_FLAG values(8087, 'dpl');
insert into SHOT values (8088, 8003, 8024, 7274, 2.550, 344.40, 79.60, 2.551, 344.74, 79.70, 0.005, 131.61, 20.47);
insert into SHOT_FLAG values(8088, 'dpl');
insert into SHOT values (8089, 8003, 8025, 7274, 2.290, 37.70, 72.90, 2.290, 37.72, 72.99, 0.004, 212.60, 20.56);
insert into SHOT_FLAG values(8089, 'dpl');
insert into SHOT values (8090, 8003, 8026, 7274, 2.010, 68.80, 62.00, 2.015, 68.88, 62.08, 0.005, 169.78, 76.54);
insert into SHOT_FLAG values(8090, 'dpl');
insert into SHOT values (8091, 8003, 8027, 7274, 3.120, 73.10, 41.70, 3.122, 73.28, 41.77, 0.009, 171.37, 31.63);
insert into SHOT_FLAG values(8091, 'dpl');
insert into SHOT values (8092, 8003, 8028, 7274, 3.380, 73.80, 31.90, 3.386, 73.84, 31.92, 0.006, 97.38, 41.07);
insert into SHOT_FLAG values(8092, 'dpl');
insert into SHOT values (8093, 8003, 8029, 7274, 4.450, 82.20, 17.20, 4.449, 82.29, 17.26, 0.008, 193.46, 29.93);
insert into SHOT_FLAG values(8093, 'dpl');
insert into SHOT values (8094, 8003, 8030, 7274, 4.330, 81.90, 5.00, 4.329, 82.00, 5.04, 0.008, 183.60, 18.55);
insert into SHOT_FLAG values(8094, 'dpl');
insert into SHOT values (8095, 8003, 8031, 7274, 3.870, 81.50, -9.40, 3.873, 81.57, -9.36, 0.006, 138.04, 19.54);
insert into SHOT_FLAG values(8095, 'dpl');
insert into SHOT values (8096, 8003, 8032, 7274, 3.630, 81.70, -18.50, 3.632, 81.82, -18.46, 0.008, 152.29, 13.05);
insert into SHOT_FLAG values(8096, 'dpl');
insert into SHOT values (8097, 8003, 8033, 7274, 3.030, 79.10, -24.00, 3.030, 79.18, -23.95, 0.005, 151.02, 31.64);
insert into SHOT_FLAG values(8097, 'dpl');
insert into SHOT values (8098, 8003, 8034, 7274, 2.620, 79.80, -38.50, 2.620, 79.89, -38.46, 0.004, 147.54, 15.05);
insert into SHOT_FLAG values(8098, 'dpl');
insert into SHOT values (8099, 8003, 8035, 7274, 2.200, 85.60, -51.90, 2.197, 85.76, -51.96, 0.006, 220.00, 13.08);
insert into SHOT_FLAG values(8099, 'dpl');
insert into SHOT values (8100, 8003, 8036, 7274, 1.810, 90.30, -66.10, 1.804, 90.78, -66.13, 0.008, 208.15, 34.49);
insert into SHOT_FLAG values(8100, 'dpl');
insert into SHOT values (8101, 8002, 8037, 7274, 11.490, 291.90, -42.00, 11.491, 291.91, -41.94, 0.012, 304.68, 42.52);
insert into SHOT_FLAG values(8101, 'dpl');
insert into SHOT values (8102, 8037, 8038, 7274, 8.570, 243.90, 3.60, 8.572, 243.85, 3.54, 0.011, 172.76, -48.34);
insert into SHOT_FLAG values(8102, 'dpl');
insert into SHOT values (8103, 8037, 8039, 7274, 3.170, 48.90, 11.90, 3.172, 48.92, 11.83, 0.005, 70.40, -53.66);
insert into SHOT_FLAG values(8103, 'dpl');
insert into SHOT values (8104, 8037, 8040, 7274, 13.610, 321.30, 78.50, 13.601, 321.31, 78.54, 0.012, 139.39, -34.03);
insert into SHOT_FLAG values(8104, 'dpl');
insert into SHOT values (8105, 8037, 8041, 7274, 2.250, 344.80, -60.60, 2.247, 344.70, -60.72, 0.006, 183.91, 2.24);
insert into SHOT_FLAG values(8105, 'dpl');
insert into SHOT values (8106, 8037, 8042, 7274, 10.770, 248.70, 8.30, 10.770, 248.71, 8.27, 0.005, 327.56, -72.72);
insert into SHOT_FLAG values(8106, 'dpl');
insert into SHOT values (8107, 8037, 8043, 7274, 15.320, 355.40, 83.30, 15.314, 355.50, 83.30, 0.007, 116.08, -55.26);
insert into SHOT_FLAG values(8107, 'dpl');
insert into SHOT values (8108, 8037, 8044, 7274, 10.270, 48.20, 22.50, 10.272, 48.25, 22.49, 0.008, 122.05, -1.14);
insert into SHOT_FLAG values(8108, 'dpl');
insert into SHOT values (8109, 8037, 8045, 7274, 2.400, 44.30, -40.50, 2.400, 44.56, -40.53, 0.008, 138.53, -9.21);
insert into SHOT_FLAG values(8109, 'dpl');
insert into SHOT values (8110, 8037, 8046, 7274, 17.190, 358.80, -19.70, 17.192, 358.80, -19.72, 0.005, 252.90, -78.14);
insert into SHOT_FLAG values(8110, 'dpl');
insert into SHOT values (8111, 8046, 8047, 7274, 8.930, 86.10, -0.80, 8.931, 86.15, -0.77, 0.009, 168.06, 32.05);
insert into SHOT_FLAG values(8111, 'dpl');
insert into SHOT values (8112, 8046, 8048, 7274, 17.250, 359.00, 79.00, 17.247, 359.13, 79.00, 0.008, 97.30, -22.24);
insert into SHOT_FLAG values(8112, 'dpl');
insert into SHOT values (8113, 8046, 8049, 7274, 6.820, 104.20, -31.00, 6.822, 104.25, -30.96, 0.007, 155.34, 21.31);
insert into SHOT_FLAG values(8113, 'dpl');
insert into SHOT values (8114, 8046, 8050, 7274, 0.600, 279.50, 14.00, 0.596, 278.97, 14.57, 0.009, 145.44, 33.25);
insert into SHOT_FLAG values(8114, 'dpl');
insert into SHOT values (8115, 8046, 8051, 7274, 13.800, 45.50, -12.50, 13.799, 45.51, -12.51, 0.005, 172.01, -43.50);
insert into SHOT_FLAG values(8115, 'dpl');
insert into SHOT values (8116, 8051, 8052, 7274, 6.490, 289.30, 24.40, 6.486, 289.29, 24.50, 0.013, 112.87, 45.23);
insert into SHOT_FLAG values(8116, 'dpl');
insert into SHOT values (8117, 8051, 8053, 7274, 23.180, 320.10, 76.80, 23.181, 320.14, 76.81, 0.006, 97.92, 24.51);
insert into SHOT_FLAG values(8117, 'dpl');
insert into SHOT values (8118, 8051, 8054, 7274, 0.850, 85.40, 18.70, 0.859, 85.76, 19.02, 0.012, 121.48, 40.51);
insert into SHOT_FLAG values(8118, 'dpl');
insert into SHOT values (8119, 8051, 8055, 7274, 1.880, 4.10, -56.60, 1.879, 4.44, -56.65, 0.006, 110.58, -4.33);
insert into SHOT_FLAG values(8119, 'dpl');
insert into SHOT values (8120, 8051, 8056, 7274, 24.920, 295.70, 43.90, 24.921, 295.71, 43.90, 0.003, 357.45, 7.68);
insert into SHOT_FLAG values(8120, 'dpl');
insert into SHOT values (8121, 8051, 8057, 7274, 3.790, 69.00, 73.70, 3.794, 69.19, 73.62, 0.007, 99.88, 18.40);
insert into SHOT_FLAG values(8121, 'dpl');
insert into SHOT values (8122, 8051, 8058, 7274, 0.830, 80.40, 6.80, 0.838, 80.31, 6.85, 0.008, 70.90, 12.45);
insert into SHOT_FLAG values(8122, 'dpl');
insert into SHOT values (8123, 8051, 8059, 7274, 2.720, 317.60, -36.60, 2.716, 317.60, -36.62, 0.004, 136.02, 26.15);
insert into SHOT_FLAG values(8123, 'dpl');
insert into SHOT values (8124, 8051, 8060, 7274, 9.460, 6.70, -2.00, 9.461, 6.74, -2.00, 0.007, 87.30, 1.23);
insert into SHOT_FLAG values(8124, 'dpl');
insert into SHOT values (8125, 8060, 8061, 7274, 0.730, 284.10, 21.10, 0.733, 284.44, 21.61, 0.008, 7.49, 60.23);
insert into SHOT_FLAG values(8125, 'dpl');
insert into SHOT values (8126, 8060, 8062, 7274, 1.490, 74.40, 14.00, 1.488, 74.33, 14.00, 0.003, 296.01, -9.52);
insert into SHOT_FLAG values(8126, 'dpl');
insert into SHOT values (8127, 8060, 8063, 7274, 24.420, 318.20, 84.30, 24.421, 318.17, 84.29, 0.004, 299.60, 10.76);
insert into SHOT_FLAG values(8127, 'dpl');
insert into SHOT values (8128, 8060, 8064, 7274, 1.650, 60.10, -39.70, 1.646, 60.20, -39.64, 0.005, 190.66, 53.98);
insert into SHOT_FLAG values(8128, 'dpl');
insert into SHOT values (8129, 8060, 8065, 7274, 10.180, 275.20, 36.80, 10.183, 275.21, 36.80, 0.003, 299.99, 38.62);
insert into SHOT_FLAG values(8129, 'dpl');
insert into SHOT values (8130, 8060, 8066, 7274, 2.010, 68.80, 40.00, 2.012, 68.61, 40.25, 0.010, 299.90, 51.34);
insert into SHOT_FLAG values(8130, 'dpl');
insert into SHOT values (8131, 8060, 8067, 7274, 25.270, 3.20, 83.70, 25.273, 3.10, 83.70, 0.006, 285.60, 27.65);
insert into SHOT_FLAG values(8131, 'dpl');
insert into SHOT values (8132, 8060, 8068, 7274, 1.360, 81.90, -43.50, 1.351, 81.79, -43.50, 0.009, 278.53, 42.43);
insert into SHOT_FLAG values(8132, 'dpl');
insert into SHOT values (8133, 8060, 8069, 7274, 19.770, 346.50, 1.60, 19.775, 346.48, 1.62, 0.011, 299.61, 46.53);
insert into SHOT_FLAG values(8133, 'dpl');
insert into SHOT values (8134, 8069, 8070, 7274, 1.680, 256.70, 10.70, 1.673, 256.64, 10.68, 0.007, 92.08, -16.41);
insert into SHOT_FLAG values(8134, 'dpl');
insert into SHOT values (8135, 8069, 8071, 7274, 6.410, 69.60, 8.40, 6.415, 69.62, 8.34, 0.009, 93.34, -44.59);
insert into SHOT_FLAG values(8135, 'dpl');
insert into SHOT values (8136, 8069, 8072, 7274, 20.030, 316.60, 88.90, 20.024, 317.12, 88.91, 0.008, 81.69, -56.05);
insert into SHOT_FLAG values(8136, 'dpl');
insert into SHOT values (8137, 8069, 8073, 7274, 2.950, 209.10, -56.80, 2.954, 208.78, -56.74, 0.010, 146.96, -8.58);
insert into SHOT_FLAG values(8137, 'dpl');
insert into SHOT values (8138, 8069, 8074, 7274, 15.010, 342.10, 3.40, 15.000, 342.11, 3.40, 0.010, 147.40, -1.10);
insert into SHOT_FLAG values(8138, 'dpl');
insert into SHOT values (8139, 8069, 8075, 7274, 21.380, 350.20, -2.40, 21.380, 350.22, -2.41, 0.008, 85.54, -38.51);
insert into SHOT_FLAG values(8139, 'dpl');
insert into SHOT values (8140, 8075, 8076, 7274, 6.700, 96.10, 6.00, 6.695, 96.12, 6.00, 0.006, 250.88, -3.31);
insert into SHOT_FLAG values(8140, 'dpl');
insert into SHOT values (8141, 8075, 8077, 7274, 20.900, 76.70, 74.50, 20.898, 76.74, 74.52, 0.007, 228.23, 0.96);
insert into SHOT_FLAG values(8141, 'dpl');
insert into SHOT values (8142, 8075, 8078, 7274, 2.010, 80.40, -73.80, 2.009, 80.71, -73.89, 0.005, 219.67, 2.38);
insert into SHOT_FLAG values(8142, 'dpl');
insert into SHOT values (8143, 8075, 8079, 7274, 17.760, 90.70, 15.50, 17.758, 90.70, 15.51, 0.005, 251.86, 52.55);
insert into SHOT_FLAG values(8143, 'dpl');
insert into SHOT values (8144, 8075, 8080, 7274, 23.330, 72.10, 63.10, 23.331, 72.11, 63.12, 0.007, 225.83, 35.63);
insert into SHOT_FLAG values(8144, 'dpl');
insert into SHOT values (8145, 8075, 8081, 7274, 3.030, 86.00, -33.60, 3.033, 86.14, -33.63, 0.007, 158.39, -26.36);
insert into SHOT_FLAG values(8145, 'dpl');
insert into SHOT values (8146, 8075, 8082, 7274, 21.320, 18.50, 1.90, 21.313, 18.50, 1.91, 0.008, 189.66, 23.37);
insert into SHOT_FLAG values(8146, 'dpl');
insert into SHOT values (8147, 8082, 8083, 7274, 2.590, 280.10, -0.60, 2.591, 280.23, -0.66, 0.007, 357.28, -26.27);
insert into SHOT_FLAG values(8147, 'dpl');
insert into SHOT values (8148, 8082, 8084, 7274, 24.480, 91.40, 30.10, 24.474, 91.38, 30.09, 0.011, 340.86, -41.54);
insert into SHOT_FLAG values(8148, 'dpl');
insert into SHOT values (8149, 8082, 8085, 7274, 19.230, 117.10, 82.80, 19.231, 117.20, 82.81, 0.006, 249.61, 15.42);
insert into SHOT_FLAG values(8149, 'dpl');
insert into SHOT values (8150, 8082, 8086, 7274, 1.120, 286.10, -52.40, 1.124, 286.06, -52.34, 0.004, 278.17, -37.18);
insert into SHOT_FLAG values(8150, 'dpl');
insert into SHOT values (8151, 8082, 8087, 7274, 8.470, 15.80, 8.70, 8.474, 15.80, 8.69, 0.004, 4.86, -17.23);
insert into SHOT_FLAG values(8151, 'dpl');
insert into SHOT values (8152, 8087, 8088, 7274, 4.080, 117.20, 11.60, 4.077, 117.27, 11.60, 0.006, 236.33, -4.03);
insert into SHOT_FLAG values(8152, 'dpl');
insert into SHOT values (8153, 8087, 8089, 7274, 18.100, 119.90, 81.10, 18.099, 119.95, 81.09, 0.005, 149.02, -23.41);
insert into SHOT_FLAG values(8153, 'dpl');
insert into SHOT values (8154, 8087, 8090, 7274, 1.820, 182.40, -75.90, 1.824, 182.60, -76.03, 0.006, 334.39, -55.54);
insert into SHOT_FLAG values(8154, 'dpl');
insert into SHOT values (8155, 8087, 8091, 7274, 18.320, 114.20, 21.00, 18.318, 114.20, 20.99, 0.005, 350.47, -79.25);
insert into SHOT_FLAG values(8155, 'dpl');
insert into SHOT values (8156, 8087, 8092, 7274, 20.690, 97.20, 71.90, 20.685, 97.24, 71.89, 0.008, 147.45, -49.96);
insert into SHOT_FLAG values(8156, 'dpl');
insert into SHOT values (8157, 8087, 8093, 7274, 1.680, 131.40, -69.50, 1.676, 131.55, -69.47, 0.004, 235.31, 65.91);
insert into SHOT_FLAG values(8157, 'dpl');
insert into SHOT values (8158, 8087, 8094, 7274, 6.210, 76.30, 7.30, 6.206, 76.28, 7.31, 0.005, 284.67, 11.50);
insert into SHOT_FLAG values(8158, 'dpl');
insert into SHOT values (8159, 8094, 8095, 7274, 14.400, 336.80, 15.40, 14.399, 336.80, 15.38, 0.004, 250.06, -76.35);
insert into SHOT_FLAG values(8159, 'dpl');
insert into SHOT values (8160, 8094, 8096, 7274, 10.830, 127.90, 9.70, 10.836, 127.89, 9.67, 0.008, 110.59, -34.76);
insert into SHOT_FLAG values(8160, 'dpl');
insert into SHOT values (8161, 8094, 8097, 7274, 0.970, 149.50, -84.00, 0.975, 150.95, -83.94, 0.006, 208.98, -60.43);
insert into SHOT_FLAG values(8161, 'dpl');
insert into SHOT values (8162, 8094, 8098, 7274, 22.510, 56.60, 81.60, 22.512, 56.65, 81.59, 0.005, 91.95, 17.31);
insert into SHOT_FLAG values(8162, 'dpl');
insert into SHOT values (8163, 8094, 8099, 7274, 0.350, 319.30, 19.40, 0.345, 319.97, 18.62, 0.008, 93.05, -49.82);
insert into SHOT_FLAG values(8163, 'dpl');
insert into SHOT values (8164, 8094, 8100, 7274, 7.690, 115.70, -9.80, 7.693, 115.72, -9.80, 0.004, 154.42, -14.41);
insert into SHOT_FLAG values(8164, 'dpl');
insert into SHOT values (8165, 8094, 8101, 7274, 3.790, 57.40, -54.30, 3.795, 57.53, -54.26, 0.007, 102.87, -17.50);
insert into SHOT_FLAG values(8165, 'dpl');
insert into SHOT values (8166, 8094, 8102, 7274, 19.640, 72.60, 75.40, 19.636, 72.63, 75.38, 0.008, 94.31, -44.48);
insert into SHOT_FLAG values(8166, 'dpl');
insert into SHOT values (8167, 8094, 8103, 7274, 17.290, 31.00, -16.40, 17.295, 31.02, -16.39, 0.008, 70.67, 12.28);
insert into SHOT_FLAG values(8167, 'dpl');
insert into SHOT values (8168, 8103, 8104, 7274, 7.890, 255.80, 10.50, 7.889, 255.75, 10.44, 0.010, 173.08, -48.29);
insert into SHOT_FLAG values(8168, 'dpl');
insert into SHOT values (8169, 8103, 8105, 7274, 2.320, 84.40, 0.50, 2.311, 84.54, 0.50, 0.011, 234.16, -1.29);
insert into SHOT_FLAG values(8169, 'dpl');
insert into SHOT values (8170, 8103, 8106, 7274, 22.760, 146.90, 81.40, 22.756, 147.10, 81.39, 0.013, 224.11, -18.31);
insert into SHOT_FLAG values(8170, 'dpl');
insert into SHOT values (8171, 8103, 8107, 7274, 1.590, 15.90, -49.90, 1.590, 15.95, -50.12, 0.006, 186.62, -37.01);
insert into SHOT_FLAG values(8171, 'dpl');
insert into SHOT values (8172, 8103, 8108, 7274, 4.980, 98.60, -24.80, 4.981, 98.65, -24.81, 0.004, 178.60, -15.79);
insert into SHOT_FLAG values(8172, 'dpl');
insert into SHOT values (8173, 8103, 8109, 7274, 21.630, 283.50, 53.30, 21.627, 283.47, 53.30, 0.008, 183.97, -17.40);
insert into SHOT_FLAG values(8173, 'dpl');
insert into SHOT values (8174, 8103, 8110, 7274, 23.750, 160.60, 43.30, 23.749, 160.61, 43.28, 0.011, 190.65, -49.91);
insert into SHOT_FLAG values(8174, 'dpl');
insert into SHOT values (8175, 8103, 8111, 7274, 22.490, 157.70, 45.30, 22.488, 157.71, 45.29, 0.008, 215.98, -51.49);
insert into SHOT_FLAG values(8175, 'dpl');
insert into SHOT values (8176, 8103, 8112, 7274, 17.370, 0.60, 22.00, 17.363, 0.57, 21.98, 0.012, 243.56, -35.60);
insert into SHOT_FLAG values(8176, 'dpl');
insert into SHOT values (8177, 8113, 8112, 7274, 1.570, 155.30, -12.10, 1.565, 155.28, -12.17, 0.005, 342.46, -10.40);
insert into SHOT_FLAG values(8177, 'dpl');
insert into SHOT values (8178, 8113, 8114, 7274, 2.510, 56.50, 8.30, 2.514, 56.31, 8.23, 0.010, 352.96, -14.21);
insert into SHOT_FLAG values(8178, 'dpl');
insert into SHOT values (8179, 8113, 8115, 7274, 4.860, 62.40, 70.90, 4.858, 62.31, 70.87, 0.004, 12.04, -36.59);
insert into SHOT_FLAG values(8179, 'dpl');
insert into SHOT values (8180, 8113, 8116, 7274, 1.660, 54.90, -31.30, 1.661, 54.74, -31.19, 0.005, 353.98, 28.43);
insert into SHOT_FLAG values(8180, 'dpl');
insert into SHOT values (8181, 8113, 8117, 7274, 0.380, 0.40, -36.40, 0.380, 1.85, -35.35, 0.010, 62.19, 31.74);
insert into SHOT_FLAG values(8181, 'dpl');
insert into SHOT values (8182, 8113, 8118, 7274, 12.460, 5.50, -36.40, 12.463, 5.49, -36.37, 0.008, 350.26, 28.72);
insert into SHOT_FLAG values(8182, 'dpl');
insert into SHOT values (8183, 8118, 8119, 7274, 4.330, 261.60, 20.20, 4.329, 261.51, 20.13, 0.008, 179.27, -38.92);
insert into SHOT_FLAG values(8183, 'dpl');
insert into SHOT values (8184, 8118, 8120, 7274, 2.290, 67.10, 5.70, 2.289, 67.26, 5.77, 0.007, 172.20, 20.75);
insert into SHOT_FLAG values(8184, 'dpl');
insert into SHOT values (8185, 8118, 8121, 7274, 5.160, 323.80, 79.80, 5.161, 323.51, 79.87, 0.008, 182.56, 11.88);
insert into SHOT_FLAG values(8185, 'dpl');
insert into SHOT values (8186, 8118, 8122, 7274, 0.240, 146.80, -47.10, 0.245, 147.26, -47.24, 0.005, 170.64, -51.44);
insert into SHOT_FLAG values(8186, 'dpl');
insert into SHOT values (8187, 8118, 8123, 7274, 7.980, 326.00, -7.10, 7.972, 326.03, -7.13, 0.010, 121.50, -20.97);
insert into SHOT_FLAG values(8187, 'dpl');
insert into SHOT values (8188, 8123, 8124, 7274, 5.680, 285.50, 84.00, 5.682, 285.42, 83.92, 0.008, 279.62, 7.95);
insert into SHOT_FLAG values(8188, 'dpl');
insert into SHOT values (8189, 8123, 8125, 7274, 0.900, 148.60, -37.70, 0.901, 148.76, -37.63, 0.002, 204.84, 8.84);
insert into SHOT_FLAG values(8189, 'dpl');
insert into SHOT values (8190, 8123, 8126, 7274, 2.110, 290.50, -16.70, 2.115, 290.49, -16.48, 0.010, 287.71, 40.83);
insert into SHOT_FLAG values(8190, 'dpl');
insert into SHOT values (8191, 8123, 8127, 7274, 2.870, 96.90, 0.60, 2.870, 96.80, 0.60, 0.005, 11.17, -0.64);
insert into SHOT_FLAG values(8191, 'dpl');
insert into SHOT values (8192, 8123, 8128, 7274, 2.230, 83.10, 35.70, 2.223, 82.99, 35.79, 0.008, 287.30, -8.99);
insert into SHOT_FLAG values(8192, 'dpl');
insert into SHOT values (8193, 8123, 8129, 7274, 1.520, 317.30, -87.90, 1.521, 315.00, -87.87, 0.003, 247.26, -22.91);
insert into SHOT_FLAG values(8193, 'dpl');
insert into SHOT values (8194, 8123, 8130, 7274, 16.480, 32.50, -5.60, 16.477, 32.50, -5.61, 0.004, 221.49, -26.49);
insert into SHOT_FLAG values(8194, 'dpl');
insert into SHOT values (8195, 8130, 8131, 7274, 16.470, 32.50, -5.60, 16.476, 32.50, -5.57, 0.010, 27.30, 48.58);
insert into SHOT_FLAG values(8195, 'dpl');
insert into SHOT values (8196, 8130, 8132, 7274, 5.790, 287.00, 1.20, 5.796, 287.06, 1.19, 0.009, 330.82, -8.28);
insert into SHOT_FLAG values(8196, 'dpl');
insert into SHOT values (8197, 8130, 8133, 7274, 2.230, 5.30, 88.50, 2.231, 0.00, 88.46, 0.006, 289.17, 7.62);
insert into SHOT_FLAG values(8197, 'dpl');
insert into SHOT values (8198, 8130, 8134, 7274, 0.660, 234.40, -77.20, 0.656, 236.31, -77.30, 0.006, 347.80, 34.49);
insert into SHOT_FLAG values(8198, 'dpl');
insert into SHOT values (8199, 8130, 8135, 7274, 5.990, 283.50, 8.60, 5.993, 283.57, 8.64, 0.009, 352.34, 29.89);
insert into SHOT_FLAG values(8199, 'dpl');
insert into SHOT values (8200, 8130, 8136, 7274, 2.260, 29.70, 83.20, 2.266, 28.44, 83.08, 0.010, 341.15, 36.44);
insert into SHOT_FLAG values(8200, 'dpl');
insert into SHOT values (8201, 8130, 8137, 7274, 1.190, 231.80, -74.30, 1.182, 232.77, -74.60, 0.011, 18.50, 30.18);
insert into SHOT_FLAG values(8201, 'dpl');
insert into SHOT values (8202, 8130, 8138, 7274, 6.200, 332.60, -29.20, 6.201, 332.63, -29.14, 0.007, 7.41, 42.95);
insert into SHOT_FLAG values(8202, 'dpl');
insert into SHOT values (8203, 8138, 8139, 7274, 4.640, 259.20, 3.50, 4.641, 259.18, 3.46, 0.004, 197.58, -55.09);
insert into SHOT_FLAG values(8203, 'dpl');
insert into SHOT values (8204, 8138, 8140, 7274, 5.510, 92.80, 1.80, 5.509, 92.81, 1.77, 0.003, 216.04, -68.67);
insert into SHOT_FLAG values(8204, 'dpl');
insert into SHOT values (8205, 8138, 8141, 7274, 10.740, 353.40, 69.60, 10.744, 353.41, 69.60, 0.004, 14.01, 71.79);
insert into SHOT_FLAG values(8205, 'dpl');
insert into SHOT values (8206, 8138, 8142, 7274, 1.350, 61.00, -40.00, 1.348, 60.95, -40.20, 0.005, 253.05, -25.45);
insert into SHOT_FLAG values(8206, 'dpl');
insert into SHOT values (8207, 8138, 8143, 7274, 24.510, 351.40, 8.20, 24.513, 351.40, 8.19, 0.007, 324.82, -54.93);
insert into SHOT_FLAG values(8207, 'dpl');
insert into SHOT values (8208, 8138, 8144, 7274, 20.010, 352.60, 15.40, 20.009, 352.58, 15.39, 0.007, 260.71, -34.96);
insert into SHOT_FLAG values(8208, 'dpl');
insert into SHOT values (8209, 8138, 8145, 7274, 16.610, 353.70, 25.50, 16.609, 353.68, 25.50, 0.005, 253.91, -8.85);
insert into SHOT_FLAG values(8209, 'dpl');
insert into SHOT values (8210, 8138, 8146, 7274, 13.070, 357.50, 35.70, 13.069, 357.46, 35.72, 0.009, 241.41, 21.28);
insert into SHOT_FLAG values(8210, 'dpl');
insert into SHOT values (8211, 8138, 8147, 7274, 11.900, 356.60, 46.20, 11.899, 356.59, 46.21, 0.003, 217.20, 22.69);
insert into SHOT_FLAG values(8211, 'dpl');
insert into SHOT values (8212, 8138, 8148, 7274, 16.070, 356.30, 53.50, 16.072, 356.28, 53.50, 0.004, 289.61, 31.15);
insert into SHOT_FLAG values(8212, 'dpl');
insert into SHOT values (8213, 8138, 8149, 7274, 15.610, 356.50, 62.80, 15.606, 356.46, 62.80, 0.006, 245.67, -38.12);
insert into SHOT_FLAG values(8213, 'dpl');
insert into SHOT values (8214, 8138, 8150, 7274, 11.160, 0.10, 68.50, 11.157, 0.14, 68.49, 0.004, 92.95, -50.37);
insert into SHOT_FLAG values(8214, 'dpl');
insert into SHOT values (8215, 8138, 8151, 7274, 6.050, 358.90, 73.90, 6.048, 358.98, 73.87, 0.004, 40.83, -38.78);
insert into SHOT_FLAG values(8215, 'dpl');
insert into SHOT values (8216, 8138, 8152, 7274, 5.190, 353.90, 80.00, 5.190, 353.66, 79.95, 0.006, 312.44, -11.36);
insert into SHOT_FLAG values(8216, 'dpl');
insert into SHOT values (8217, 8138, 8153, 7274, 4.610, 267.40, 86.20, 4.610, 268.15, 86.14, 0.006, 308.85, 1.26);
insert into SHOT_FLAG values(8217, 'dpl');
insert into SHOT values (8218, 8138, 8154, 7274, 4.700, 206.10, 72.30, 4.702, 206.21, 72.34, 0.004, 337.44, 35.36);
insert into SHOT_FLAG values(8218, 'dpl');
insert into SHOT values (8219, 8138, 8155, 7274, 5.400, 228.30, 52.30, 5.401, 228.31, 52.24, 0.006, 233.69, -25.44);
insert into SHOT_FLAG values(8219, 'dpl');
insert into SHOT values (8220, 8138, 8156, 7274, 2.330, 232.30, 46.90, 2.328, 232.41, 46.91, 0.004, 354.40, -19.62);
insert into SHOT_FLAG values(8220, 'dpl');
insert into SHOT values (8221, 8138, 8157, 7274, 1.930, 226.40, 32.60, 1.931, 226.49, 32.59, 0.003, 296.61, 3.47);
insert into SHOT_FLAG values(8221, 'dpl');
insert into SHOT values (8222, 8138, 8158, 7274, 1.710, 224.20, 14.60, 1.717, 224.27, 14.51, 0.007, 239.96, -8.07);
insert into SHOT_FLAG values(8222, 'dpl');
insert into SHOT values (8223, 8138, 8159, 7274, 4.440, 135.60, 88.00, 4.443, 135.00, 87.99, 0.003, 65.86, 57.30);
insert into SHOT_FLAG values(8223, 'dpl');
insert into SHOT values (8224, 8138, 8160, 7274, 23.020, 352.90, 11.00, 23.017, 352.88, 11.00, 0.008, 241.52, -16.99);
insert into SHOT_FLAG values(8224, 'dpl');
insert into SHOT values (8225, 8161, 8138, 7274, 32.520, 246.70, -1.40, 32.521, 246.70, -1.39, 0.005, 236.04, 74.55);
insert into SHOT_FLAG values(8225, 'dpl');
insert into SHOT values (8226, 8162, 8163, 7274, 31.510, 196.50, -2.30, 31.511, 196.50, -2.31, 0.006, 132.39, -62.28);
insert into SHOT_FLAG values(8226, 'dpl');
insert into SHOT values (8227, 8164, 8163, 7274, 37.740, 259.20, -1.00, 37.744, 259.20, -1.00, 0.004, 279.55, -17.84);
insert into SHOT_FLAG values(8227, 'dpl');
insert into SHOT values (8228, 8164, 8165, 7274, 34.890, 72.60, -0.20, 34.886, 72.60, -0.20, 0.005, 223.06, 20.64);
insert into SHOT_FLAG values(8228, 'dpl');
insert into SHOT values (8229, 8165, 8138, 7274, 20.990, 155.10, -4.70, 20.987, 155.09, -4.70, 0.005, 24.23, -1.20);
insert into SHOT_FLAG values(8229, 'dpl');
insert into SURVEY values (7276, 71, 'af_leap_in_time', 'af_leap_in_time.clearwater_master', NULL);
 insert into CENTRELINE values (7277, 7276, NULL, NULL, NULL, 0.00, 0.00, 0.00);
 insert into CENTRELINE values (7278, 7276, NULL, '2017-04-23', NULL, 0.00, 0.00, 844.09);
 insert into SHOT values (8230, 8166, 8167, 7278, 0.130, 210.30, 2.00, 0.130, 212.47, 0.00, 0.007, 296.02, -42.49);
insert into SHOT_FLAG values(8230, 'dpl');
insert into SHOT values (8231, 8166, 8168, 7278, 0.140, 342.50, 6.90, 0.149, 340.35, 3.85, 0.013, 312.22, -31.61);
insert into SHOT_FLAG values(8231, 'dpl');
insert into SHOT values (8232, 8166, 8169, 7278, 4.750, 131.20, 16.50, 4.743, 131.26, 16.41, 0.011, 269.42, -53.17);
insert into SHOT_FLAG values(8232, 'dpl');
insert into SHOT values (8233, 8166, 8170, 7278, 6.220, 299.90, 4.10, 6.225, 299.95, 4.05, 0.009, 346.95, -32.03);
insert into SHOT_FLAG values(8233, 'dpl');
insert into SHOT values (8234, 8166, 8171, 7278, 6.380, 262.70, 83.80, 6.378, 263.39, 83.75, 0.010, 319.07, -15.02);
insert into SHOT_FLAG values(8234, 'dpl');
insert into SHOT values (8235, 8166, 8172, 7278, 1.750, 214.70, -62.70, 1.755, 214.88, -62.72, 0.006, 267.82, -57.97);
insert into SHOT_FLAG values(8235, 'dpl');
insert into SHOT values (8236, 8166, 8173, 7278, 10.710, 336.30, -2.10, 10.713, 336.26, -2.14, 0.011, 268.86, -43.21);
insert into SHOT_FLAG values(8236, 'dpl');
insert into SHOT values (8237, 8166, 8174, 7278, 16.120, 338.30, -4.60, 16.124, 338.27, -4.62, 0.011, 274.04, -38.94);
insert into SHOT_FLAG values(8237, 'dpl');
insert into SHOT values (8238, 8166, 8175, 7278, 20.610, 354.70, 2.50, 20.618, 354.68, 2.47, 0.014, 313.51, -39.01);
insert into SHOT_FLAG values(8238, 'dpl');
insert into SHOT values (8239, 8166, 8176, 7278, 24.530, 122.60, 41.00, 24.522, 122.60, 41.01, 0.008, 303.99, -22.24);
insert into SHOT_FLAG values(8239, 'dpl');
insert into SHOT values (8240, 8166, 8177, 7278, 11.950, 136.70, 39.30, 11.943, 136.71, 39.27, 0.009, 269.97, -77.15);
insert into SHOT_FLAG values(8240, 'dpl');
insert into SHOT values (8241, 8166, 8178, 7278, 10.470, 114.90, 41.70, 10.466, 114.89, 41.68, 0.005, 334.97, -73.12);
insert into SHOT_FLAG values(8241, 'dpl');
insert into SHOT values (8242, 8166, 8179, 7278, 14.250, 215.20, 0.90, 14.252, 215.23, 0.88, 0.008, 292.78, -27.26);
insert into SHOT_FLAG values(8242, 'dpl');
insert into SHOT values (8243, 8179, 8180, 7278, 9.020, 120.10, 26.90, 9.018, 120.07, 26.90, 0.004, 9.69, -12.83);
insert into SHOT_FLAG values(8243, 'dpl');
insert into SHOT values (8244, 8179, 8181, 7278, 6.590, 102.10, 84.30, 6.593, 102.34, 84.30, 0.004, 179.51, 42.69);
insert into SHOT_FLAG values(8244, 'dpl');
insert into SHOT values (8245, 8179, 8182, 7278, 7.660, 289.30, 7.90, 7.660, 289.32, 7.88, 0.004, 21.55, -48.96);
insert into SHOT_FLAG values(8245, 'dpl');
insert into SHOT values (8246, 8179, 8183, 7278, 2.170, 235.50, -51.00, 2.169, 235.49, -51.19, 0.007, 57.29, -29.03);
insert into SHOT_FLAG values(8246, 'dpl');
insert into SHOT values (8247, 8179, 8184, 7278, 19.130, 202.10, 8.90, 19.130, 202.13, 8.84, 0.022, 276.54, -64.04);
insert into SHOT_FLAG values(8247, 'dpl');
insert into SHOT values (8248, 8179, 8184, 7278, 19.130, 202.20, 8.80, 19.130, 202.13, 8.84, 0.027, 105.99, 29.21);
insert into SHOT_FLAG values(8248, 'dpl');
insert into SHOT values (8249, 8179, 8185, 7278, 19.130, 202.20, 8.80, 19.126, 202.20, 8.81, 0.006, 41.44, 36.65);
insert into SHOT_FLAG values(8249, 'dpl');
insert into SHOT values (8250, 8184, 8186, 7278, 10.280, 292.80, 8.80, 10.287, 292.81, 8.84, 0.009, 303.95, 51.60);
insert into SHOT_FLAG values(8250, 'dpl');
insert into SHOT values (8251, 8184, 8187, 7278, 5.740, 185.00, 85.70, 5.746, 185.44, 85.79, 0.011, 344.10, 34.12);
insert into SHOT_FLAG values(8251, 'dpl');
insert into SHOT values (8252, 8184, 8188, 7278, 4.320, 118.60, 13.00, 4.312, 118.58, 13.00, 0.008, 311.08, -13.36);
insert into SHOT_FLAG values(8252, 'dpl');
insert into SHOT values (8253, 8184, 8189, 7278, 1.390, 238.50, -59.00, 1.387, 238.76, -59.06, 0.004, 5.74, 19.73);
insert into SHOT_FLAG values(8253, 'dpl');
insert into SHOT values (8254, 8184, 8190, 7278, 15.930, 121.70, 43.50, 15.932, 121.70, 43.52, 0.005, 326.05, 62.63);
insert into SHOT_FLAG values(8254, 'dpl');
insert into SHOT values (8255, 8184, 8191, 7278, 10.460, 203.10, 16.80, 10.462, 203.11, 16.84, 0.007, 297.80, 77.60);
insert into SHOT_FLAG values(8255, 'dpl');
insert into SHOT values (8256, 8191, 8192, 7278, 6.690, 136.50, 36.10, 6.688, 136.50, 36.09, 0.002, 318.37, -52.84);
insert into SHOT_FLAG values(8256, 'dpl');
insert into SHOT values (8257, 8191, 8193, 7278, 15.870, 297.80, -9.10, 15.869, 297.81, -9.10, 0.002, 45.18, -0.79);
insert into SHOT_FLAG values(8257, 'dpl');
insert into SHOT values (8258, 8191, 8194, 7278, 5.230, 221.20, 80.80, 5.227, 221.12, 80.79, 0.003, 137.28, -67.05);
insert into SHOT_FLAG values(8258, 'dpl');
insert into SHOT values (8259, 8191, 8195, 7278, 9.470, 268.70, -40.30, 9.473, 268.73, -40.33, 0.006, 8.98, -51.44);
insert into SHOT_FLAG values(8259, 'dpl');
insert into SHOT values (8260, 8191, 8196, 7278, 14.530, 268.60, -22.20, 14.531, 268.59, -22.20, 0.002, 220.30, 0.88);
insert into SHOT_FLAG values(8260, 'dpl');
insert into SHOT values (8261, 8196, 8197, 7278, 15.450, 141.60, 23.80, 15.442, 141.58, 23.79, 0.010, 355.75, -29.58);
insert into SHOT_FLAG values(8261, 'dpl');
insert into SHOT values (8262, 8196, 8198, 7278, 4.910, 190.50, 80.10, 4.903, 190.91, 80.07, 0.009, 270.34, -48.18);
insert into SHOT_FLAG values(8262, 'dpl');
insert into SHOT values (8263, 8196, 8199, 7278, 4.860, 307.70, -5.90, 4.866, 307.70, -5.90, 0.006, 306.54, -3.92);
insert into SHOT_FLAG values(8263, 'dpl');
insert into SHOT values (8264, 8196, 8200, 7278, 0.540, 192.40, -62.10, 0.540, 194.04, -62.73, 0.009, 319.78, -17.29);
insert into SHOT_FLAG values(8264, 'dpl');
insert into SHOT values (8265, 8196, 8201, 7278, 41.030, 161.10, 30.30, 41.024, 161.10, 30.30, 0.007, 317.14, -6.20);
insert into SHOT_FLAG values(8265, 'dpl');
insert into SHOT values (8266, 8196, 8202, 7278, 21.670, 217.40, -2.90, 21.671, 217.42, -2.91, 0.007, 300.17, -32.16);
insert into SHOT_FLAG values(8266, 'dpl');
insert into SHOT values (8267, 8202, 8203, 7278, 3.990, 309.50, 4.30, 3.989, 309.49, 4.31, 0.001, 171.85, 45.64);
insert into SHOT_FLAG values(8267, 'dpl');
insert into SHOT values (8268, 8202, 8204, 7278, 5.440, 175.00, 81.60, 5.438, 174.94, 81.61, 0.002, 23.87, -41.99);
insert into SHOT_FLAG values(8268, 'dpl');
insert into SHOT values (8269, 8202, 8205, 7278, 15.870, 131.80, 29.50, 15.866, 131.77, 29.49, 0.009, 25.32, -33.48);
insert into SHOT_FLAG values(8269, 'dpl');
insert into SHOT values (8270, 8202, 8206, 7278, 1.120, 119.40, -67.40, 1.118, 118.93, -67.14, 0.007, 75.59, 37.63);
insert into SHOT_FLAG values(8270, 'dpl');
insert into SHOT values (8271, 8202, 8207, 7278, 22.380, 212.10, 1.50, 22.379, 212.11, 1.51, 0.005, 326.68, 58.96);
insert into SHOT_FLAG values(8271, 'dpl');
insert into SHOT values (8272, 8207, 8208, 7278, 26.980, 116.10, 34.60, 26.984, 116.09, 34.59, 0.006, 87.63, -3.79);
insert into SHOT_FLAG values(8272, 'dpl');
insert into SHOT values (8273, 8207, 8209, 7278, 6.620, 284.50, 5.60, 6.611, 284.52, 5.56, 0.010, 87.35, -35.03);
insert into SHOT_FLAG values(8273, 'dpl');
insert into SHOT values (8274, 8207, 8210, 7278, 1.570, 256.00, -59.10, 1.572, 255.62, -59.19, 0.006, 154.97, -27.46);
insert into SHOT_FLAG values(8274, 'dpl');
insert into SHOT values (8275, 8207, 8211, 7278, 5.020, 184.70, 80.80, 5.015, 184.29, 80.79, 0.008, 90.95, -43.26);
insert into SHOT_FLAG values(8275, 'dpl');
insert into SHOT values (8276, 8207, 8212, 7278, 29.170, 210.50, 4.90, 29.168, 210.50, 4.90, 0.003, 22.85, -38.51);
insert into SHOT_FLAG values(8276, 'dpl');
insert into SHOT values (8277, 8212, 8213, 7278, 29.120, 210.50, 4.80, 29.113, 210.49, 4.79, 0.011, 71.01, -39.50);
insert into SHOT_FLAG values(8277, 'dpl');
insert into SHOT values (8278, 8212, 8214, 7278, 11.200, 115.60, 2.80, 11.204, 115.63, 2.76, 0.010, 166.55, -47.17);
insert into SHOT_FLAG values(8278, 'dpl');
insert into SHOT values (8279, 8212, 8215, 7278, 4.710, 263.00, 16.30, 4.703, 263.00, 16.30, 0.007, 82.40, -15.39);
insert into SHOT_FLAG values(8279, 'dpl');
insert into SHOT values (8280, 8212, 8216, 7278, 4.460, 222.30, 81.10, 4.453, 222.05, 81.13, 0.008, 85.41, -55.08);
insert into SHOT_FLAG values(8280, 'dpl');
insert into SHOT values (8281, 8212, 8217, 7278, 7.850, 109.60, -30.50, 7.860, 109.59, -30.51, 0.010, 97.55, -35.41);
insert into SHOT_FLAG values(8281, 'dpl');
insert into SHOT values (8282, 8212, 8218, 7278, 12.230, 205.40, -0.10, 12.229, 205.37, -0.09, 0.006, 110.77, 12.10);
insert into SHOT_FLAG values(8282, 'dpl');
insert into SHOT values (8283, 8218, 8219, 7278, 6.280, 298.30, 4.60, 6.279, 298.33, 4.57, 0.005, 34.42, -52.43);
insert into SHOT_FLAG values(8283, 'dpl');
insert into SHOT values (8284, 8218, 8220, 7278, 4.660, 226.30, 77.20, 4.656, 226.57, 77.18, 0.006, 312.34, -40.77);
insert into SHOT_FLAG values(8284, 'dpl');
insert into SHOT values (8285, 8218, 8221, 7278, 13.760, 133.10, 2.50, 13.760, 133.08, 2.50, 0.004, 41.11, -3.02);
insert into SHOT_FLAG values(8285, 'dpl');
insert into SHOT values (8286, 8218, 8222, 7278, 3.930, 166.80, -43.10, 3.930, 166.89, -43.20, 0.008, 305.27, -36.30);
insert into SHOT_FLAG values(8286, 'dpl');
insert into SHOT values (8287, 8218, 8223, 7278, 26.550, 234.30, -6.30, 26.551, 234.30, -6.31, 0.007, 131.68, -82.89);
insert into SHOT_FLAG values(8287, 'dpl');
insert into SHOT values (8288, 8223, 8224, 7278, 6.330, 320.00, -4.60, 6.330, 319.95, -4.62, 0.006, 231.07, -23.14);
insert into SHOT_FLAG values(8288, 'dpl');
insert into SHOT values (8289, 8223, 8225, 7278, 5.520, 213.00, 81.20, 5.525, 212.94, 81.19, 0.005, 182.03, 70.54);
insert into SHOT_FLAG values(8289, 'dpl');
insert into SHOT values (8290, 8223, 8226, 7278, 21.380, 142.30, 16.30, 21.383, 142.30, 16.30, 0.004, 163.32, -9.91);
insert into SHOT_FLAG values(8290, 'dpl');
insert into SHOT values (8291, 8223, 8227, 7278, 2.300, 216.20, -56.70, 2.300, 216.33, -56.60, 0.005, 256.53, 28.56);
insert into SHOT_FLAG values(8291, 'dpl');
insert into SHOT values (8292, 8223, 8228, 7278, 24.130, 233.30, -6.20, 24.137, 233.30, -6.18, 0.009, 239.95, 39.55);
insert into SHOT_FLAG values(8292, 'dpl');
insert into SHOT values (8293, 8228, 8229, 7278, 8.610, 166.80, 77.50, 8.604, 166.64, 77.51, 0.009, 45.98, -43.62);
insert into SHOT_FLAG values(8293, 'dpl');
insert into SHOT values (8294, 8228, 8230, 7278, 1.070, 140.70, -59.40, 1.070, 140.19, -59.28, 0.005, 73.44, 10.76);
insert into SHOT_FLAG values(8294, 'dpl');
insert into SHOT values (8295, 8228, 8231, 7278, 19.690, 226.00, 6.30, 19.680, 225.99, 6.30, 0.010, 57.71, -3.91);
insert into SHOT_FLAG values(8295, 'dpl');
insert into SHOT values (8296, 8231, 8232, 7278, 0.880, 296.60, 5.50, 0.885, 296.27, 5.19, 0.008, 251.88, -31.39);
insert into SHOT_FLAG values(8296, 'dpl');
insert into SHOT values (8297, 8231, 8233, 7278, 5.060, 126.40, 79.30, 5.057, 126.75, 79.33, 0.007, 247.97, -16.87);
insert into SHOT_FLAG values(8297, 'dpl');
insert into SHOT values (8298, 8231, 8234, 7278, 2.730, 96.30, -62.10, 2.737, 96.29, -62.17, 0.007, 55.94, -87.49);
insert into SHOT_FLAG values(8298, 'dpl');
insert into SHOT values (8299, 8231, 8235, 7278, 10.250, 134.00, 4.20, 10.247, 134.01, 4.20, 0.004, 288.17, -10.84);
insert into SHOT_FLAG values(8299, 'dpl');
insert into SHOT values (8300, 8235, 8236, 7278, 20.520, 77.60, 19.30, 20.515, 77.59, 19.30, 0.006, 284.16, -22.63);
insert into SHOT_FLAG values(8300, 'dpl');
insert into SHOT values (8301, 8235, 8237, 7278, 6.980, 30.90, 72.70, 6.975, 30.77, 72.72, 0.007, 259.84, -35.01);
insert into SHOT_FLAG values(8301, 'dpl');
insert into SHOT values (8302, 8235, 8238, 7278, 10.610, 274.50, 7.70, 10.608, 274.47, 7.69, 0.006, 158.78, -16.72);
insert into SHOT_FLAG values(8302, 'dpl');
insert into SHOT values (8303, 8235, 8239, 7278, 1.670, 10.30, -66.80, 1.676, 10.46, -66.77, 0.006, 41.07, -54.44);
insert into SHOT_FLAG values(8303, 'dpl');
insert into SHOT values (8304, 8235, 8240, 7278, 28.340, 123.40, 7.10, 28.341, 123.40, 7.09, 0.004, 61.47, -53.92);
insert into SHOT_FLAG values(8304, 'dpl');
insert into SHOT values (8305, 8235, 8241, 7278, 24.920, 130.80, 7.50, 24.921, 130.82, 7.49, 0.007, 205.79, -21.94);
insert into SHOT_FLAG values(8305, 'dpl');
insert into SHOT values (8306, 8235, 8242, 7278, 22.250, 140.20, 8.50, 22.249, 140.22, 8.50, 0.007, 240.04, 10.16);
insert into SHOT_FLAG values(8306, 'dpl');
insert into SHOT values (8307, 8235, 8243, 7278, 11.120, 166.90, 13.90, 11.127, 166.89, 13.88, 0.008, 152.26, -10.24);
insert into SHOT_FLAG values(8307, 'dpl');
insert into SHOT values (8308, 8235, 8244, 7278, 15.950, 175.60, 29.30, 15.949, 175.59, 29.28, 0.007, 117.38, -60.17);
insert into SHOT_FLAG values(8308, 'dpl');
insert into SHOT values (8309, 8244, 8245, 7278, 0.700, 298.10, -2.30, 0.703, 298.02, -1.63, 0.009, 280.49, 69.29);
insert into SHOT_FLAG values(8309, 'dpl');
insert into SHOT values (8310, 8244, 8246, 7278, 1.430, 246.30, -81.50, 1.427, 245.77, -81.16, 0.009, 232.03, 27.65);
insert into SHOT_FLAG values(8310, 'dpl');
insert into SHOT values (8311, 8244, 8247, 7278, 0.900, 293.30, 59.40, 0.904, 293.20, 59.64, 0.006, 147.47, 74.89);
insert into SHOT_FLAG values(8311, 'dpl');
insert into SHOT values (8312, 8244, 8248, 7278, 0.370, 142.30, 14.70, 0.364, 143.13, 15.95, 0.011, 289.69, 33.00);
insert into SHOT_FLAG values(8312, 'dpl');
insert into SHOT values (8313, 8244, 8249, 7278, 11.440, 219.40, -4.00, 11.445, 219.42, -3.96, 0.010, 257.08, 50.80);
insert into SHOT_FLAG values(8313, 'dpl');
insert into SHOT values (8314, 8249, 8250, 7278, 6.850, 116.40, 11.20, 6.852, 116.41, 11.19, 0.003, 151.46, -11.14);
insert into SHOT_FLAG values(8314, 'dpl');
insert into SHOT values (8315, 8249, 8251, 7278, 2.660, 297.40, 86.10, 2.656, 296.57, 86.14, 0.005, 169.16, -49.16);
insert into SHOT_FLAG values(8315, 'dpl');
insert into SHOT values (8316, 8249, 8252, 7278, 5.780, 290.90, -1.10, 5.781, 290.88, -1.19, 0.009, 219.56, -77.34);
insert into SHOT_FLAG values(8316, 'dpl');
insert into SHOT values (8317, 8249, 8253, 7278, 1.290, 276.80, -65.40, 1.295, 276.46, -65.68, 0.009, 138.01, -55.77);
insert into SHOT_FLAG values(8317, 'dpl');
insert into SHOT values (8318, 8249, 8254, 7278, 21.500, 240.40, -12.80, 21.499, 240.41, -12.82, 0.009, 355.88, -48.87);
insert into SHOT_FLAG values(8318, 'dpl');
insert into SHOT values (8319, 8249, 8255, 7278, 21.250, 240.80, -14.20, 21.249, 240.80, -14.22, 0.008, 84.79, -68.59);
insert into SHOT_FLAG values(8319, 'dpl');
insert into SHOT values (8320, 8255, 8256, 7278, 15.740, 179.40, 12.60, 15.741, 179.40, 12.62, 0.006, 275.84, 82.37);
insert into SHOT_FLAG values(8320, 'dpl');
insert into SHOT values (8321, 8256, 8257, 7278, 2.980, 311.60, 79.70, 2.978, 311.19, 79.72, 0.005, 202.41, -25.93);
insert into SHOT_FLAG values(8321, 'dpl');
insert into SHOT values (8322, 8256, 8258, 7278, 4.540, 154.00, 45.50, 4.536, 153.92, 45.41, 0.010, 89.12, -58.25);
insert into SHOT_FLAG values(8322, 'dpl');
insert into SHOT values (8323, 8256, 8259, 7278, 5.070, 308.70, 8.90, 5.069, 308.68, 8.85, 0.005, 205.32, -65.40);
insert into SHOT_FLAG values(8323, 'dpl');
insert into SHOT values (8324, 8256, 8260, 7278, 2.310, 293.00, -37.70, 2.311, 292.91, -37.90, 0.009, 149.64, -56.88);
insert into SHOT_FLAG values(8324, 'dpl');
insert into SHOT values (8325, 8256, 8261, 7278, 16.020, 271.50, -17.40, 16.018, 271.50, -17.40, 0.002, 95.58, 20.44);
insert into SHOT_FLAG values(8325, 'dpl');
insert into SHOT values (8326, 8261, 8262, 7278, 16.770, 267.90, -29.90, 16.772, 267.91, -29.90, 0.003, 325.00, -6.20);
insert into SHOT_FLAG values(8326, 'dpl');
insert into SHOT values (8327, 8261, 8263, 7278, 1.200, 292.80, 75.20, 1.199, 293.20, 75.29, 0.003, 64.85, -3.77);
insert into SHOT_FLAG values(8327, 'dpl');
insert into SHOT values (8328, 8261, 8264, 7278, 1.310, 9.40, -25.00, 1.311, 9.22, -25.29, 0.008, 251.34, -57.06);
insert into SHOT_FLAG values(8328, 'dpl');
insert into SHOT values (8329, 8261, 8265, 7278, 23.430, 169.10, 18.60, 23.424, 169.09, 18.60, 0.007, 9.22, -29.62);
insert into SHOT_FLAG values(8329, 'dpl');
insert into SHOT values (8330, 8261, 8266, 7278, 25.590, 170.20, 20.50, 25.590, 170.20, 20.50, 0.002, 151.79, -78.53);
insert into SHOT_FLAG values(8330, 'dpl');
insert into SHOT values (8331, 8261, 8267, 7278, 2.090, 173.00, -56.20, 2.090, 173.06, -56.34, 0.005, 337.02, -36.79);
insert into SHOT_FLAG values(8331, 'dpl');
insert into SHOT values (8332, 8262, 8268, 7278, 12.520, 261.70, -25.30, 12.520, 261.67, -25.30, 0.006, 174.73, 4.92);
insert into SHOT_FLAG values(8332, 'dpl');
insert into SHOT values (8333, 8268, 8269, 7278, 4.950, 310.80, -6.60, 4.953, 310.88, -6.61, 0.007, 18.13, -8.19);
insert into SHOT_FLAG values(8333, 'dpl');
insert into SHOT values (8334, 8268, 8270, 7278, 3.360, 251.80, 80.80, 3.353, 252.58, 80.83, 0.010, 2.40, -41.01);
insert into SHOT_FLAG values(8334, 'dpl');
insert into SHOT values (8335, 8268, 8271, 7278, 0.730, 194.90, -49.90, 0.728, 194.93, -50.25, 0.005, 11.64, -19.69);
insert into SHOT_FLAG values(8335, 'dpl');
insert into SHOT values (8336, 8268, 8272, 7278, 16.160, 152.90, 35.40, 16.155, 152.89, 35.41, 0.006, 354.11, -10.59);
insert into SHOT_FLAG values(8336, 'dpl');
insert into SHOT values (8337, 8268, 8273, 7278, 16.670, 248.90, -14.40, 16.667, 248.90, -14.42, 0.006, 55.02, -43.63);
insert into SHOT_FLAG values(8337, 'dpl');
insert into SHOT values (8338, 8273, 8274, 7278, 2.270, 312.90, 1.10, 2.279, 312.87, 1.01, 0.010, 304.18, -21.71);
insert into SHOT_FLAG values(8338, 'dpl');
insert into SHOT values (8339, 8273, 8275, 7278, 10.480, 139.90, 33.30, 10.477, 139.91, 33.29, 0.004, 274.09, -61.37);
insert into SHOT_FLAG values(8339, 'dpl');
insert into SHOT values (8340, 8273, 8276, 7278, 2.810, 297.80, 82.10, 2.808, 297.22, 81.94, 0.009, 269.13, -21.73);
insert into SHOT_FLAG values(8340, 'dpl');
insert into SHOT values (8341, 8273, 8277, 7278, 0.590, 4.10, -57.20, 0.594, 3.58, -57.33, 0.005, 293.00, -52.70);
insert into SHOT_FLAG values(8341, 'dpl');
insert into SHOT values (8342, 8273, 8278, 7278, 22.210, 235.60, -9.40, 22.211, 235.60, -9.41, 0.003, 207.95, -75.59);
insert into SHOT_FLAG values(8342, 'dpl');
insert into SHOT values (8343, 8278, 8279, 7278, 4.670, 295.60, -9.70, 4.668, 295.62, -9.62, 0.007, 53.21, 76.19);
insert into SHOT_FLAG values(8343, 'dpl');
insert into SHOT values (8344, 8278, 8280, 7278, 4.730, 301.20, -11.80, 4.731, 301.22, -11.83, 0.003, 13.85, -60.32);
insert into SHOT_FLAG values(8344, 'dpl');
insert into SHOT values (8345, 8278, 8281, 7278, 3.100, 239.50, 81.70, 3.103, 239.47, 81.61, 0.006, 236.95, 25.11);
insert into SHOT_FLAG values(8345, 'dpl');
insert into SHOT values (8346, 8278, 8282, 7278, 15.020, 126.50, 34.40, 15.020, 126.50, 34.42, 0.005, 306.69, 54.92);
insert into SHOT_FLAG values(8346, 'dpl');
insert into SHOT values (8347, 8278, 8283, 7278, 1.800, 312.10, -53.70, 1.801, 312.35, -53.60, 0.006, 6.82, 6.81);
insert into SHOT_FLAG values(8347, 'dpl');
insert into SHOT values (8348, 8278, 8284, 7278, 24.820, 230.50, -4.80, 24.822, 230.51, -4.78, 0.009, 291.02, 49.72);
insert into SHOT_FLAG values(8348, 'dpl');
insert into SHOT values (8349, 8284, 8285, 7278, 2.460, 334.40, 6.90, 2.455, 334.49, 6.78, 0.008, 115.00, -43.80);
insert into SHOT_FLAG values(8349, 'dpl');
insert into SHOT values (8350, 8284, 8286, 7278, 8.830, 147.80, 30.50, 8.833, 147.77, 30.48, 0.006, 109.14, -14.34);
insert into SHOT_FLAG values(8350, 'dpl');
insert into SHOT values (8351, 8284, 8287, 7278, 4.290, 101.70, 85.00, 4.287, 102.20, 84.93, 0.007, 137.19, -32.83);
insert into SHOT_FLAG values(8351, 'dpl');
insert into SHOT values (8352, 8284, 8288, 7278, 1.130, 223.20, -45.60, 1.133, 222.95, -45.63, 0.005, 161.63, -34.43);
insert into SHOT_FLAG values(8352, 'dpl');
insert into SHOT values (8353, 8284, 8289, 7278, 1.130, 224.70, -47.70, 1.131, 224.46, -47.99, 0.007, 83.46, -40.33);
insert into SHOT_FLAG values(8353, 'dpl');
insert into SHOT values (8354, 8284, 8290, 7278, 19.130, 244.30, -12.10, 19.125, 244.30, -12.10, 0.005, 71.08, 0.04);
insert into SHOT_FLAG values(8354, 'dpl');
insert into SHOT values (8355, 8290, 8291, 7278, 6.310, 337.50, -6.90, 6.314, 337.49, -6.91, 0.004, 312.69, -27.31);
insert into SHOT_FLAG values(8355, 'dpl');
insert into SHOT values (8356, 8290, 8292, 7278, 5.120, 271.10, 86.40, 5.120, 270.00, 86.42, 0.006, 166.97, 0.93);
insert into SHOT_FLAG values(8356, 'dpl');
insert into SHOT values (8357, 8290, 8293, 7278, 12.730, 161.20, 30.20, 12.731, 161.24, 30.18, 0.008, 229.83, -25.02);
insert into SHOT_FLAG values(8357, 'dpl');
insert into SHOT values (8358, 8290, 8294, 7278, 1.620, 283.00, -40.70, 1.624, 282.68, -40.75, 0.008, 207.72, -26.91);
insert into SHOT_FLAG values(8358, 'dpl');
insert into SHOT values (8359, 8290, 8295, 7278, 13.880, 305.70, -22.40, 13.880, 305.71, -22.40, 0.002, 37.55, -20.32);
insert into SHOT_FLAG values(8359, 'dpl');
insert into SHOT values (8360, 8295, 8296, 7278, 11.200, 48.70, 2.70, 11.194, 48.70, 2.66, 0.010, 231.64, -51.02);
insert into SHOT_FLAG values(8360, 'dpl');
insert into SHOT values (8361, 8295, 8297, 7278, 15.390, 169.90, 21.00, 15.393, 169.90, 20.98, 0.007, 175.69, -47.35);
insert into SHOT_FLAG values(8361, 'dpl');
insert into SHOT values (8362, 8295, 8298, 7278, 7.870, 320.10, 35.50, 7.867, 320.07, 35.52, 0.005, 181.89, -1.43);
insert into SHOT_FLAG values(8362, 'dpl');
insert into SHOT values (8363, 8295, 8299, 7278, 2.590, 301.10, 84.50, 2.582, 298.61, 84.43, 0.014, 222.13, -36.06);
insert into SHOT_FLAG values(8363, 'dpl');
insert into SHOT values (8364, 8295, 8300, 7278, 0.610, 196.40, -61.40, 0.615, 197.82, -61.43, 0.009, 270.92, -30.38);
insert into SHOT_FLAG values(8364, 'dpl');
insert into SHOT values (8365, 8296, 8301, 7278, 5.450, 309.90, -0.40, 5.452, 309.94, -0.32, 0.009, 12.77, 61.94);
insert into SHOT_FLAG values(8365, 'dpl');
insert into SHOT values (8366, 8296, 8302, 7278, 0.870, 223.20, -82.80, 0.867, 221.19, -82.95, 0.006, 96.31, 33.91);
insert into SHOT_FLAG values(8366, 'dpl');
insert into SHOT values (8367, 8296, 8303, 7278, 0.390, 197.30, 76.70, 0.392, 198.43, 75.98, 0.005, 217.42, 4.82);
insert into SHOT_FLAG values(8367, 'dpl');
insert into SHOT values (8368, 8296, 8304, 7278, 3.480, 133.90, 1.40, 3.481, 133.84, 1.48, 0.006, 54.34, 51.37);
insert into SHOT_FLAG values(8368, 'dpl');
insert into SHOT values (8369, 8296, 8305, 7278, 10.210, 12.80, -2.20, 10.211, 12.80, -2.19, 0.002, 342.13, 60.05);
insert into SHOT_FLAG values(8369, 'dpl');
insert into SHOT values (8370, 8305, 8306, 7278, 7.230, 136.20, -6.60, 7.226, 136.19, -6.60, 0.004, 344.60, 14.38);
insert into SHOT_FLAG values(8370, 'dpl');
insert into SHOT values (8371, 8305, 8307, 7278, 0.890, 94.80, 74.30, 0.893, 94.76, 74.36, 0.003, 3.84, 87.27);
insert into SHOT_FLAG values(8371, 'dpl');
insert into SHOT values (8372, 8305, 8308, 7278, 0.490, 346.30, 23.10, 0.492, 345.96, 22.73, 0.004, 302.97, -30.06);
insert into SHOT_FLAG values(8372, 'dpl');
insert into SHOT values (8373, 8305, 8309, 7278, 0.760, 112.50, -32.50, 0.761, 112.96, -32.61, 0.005, 204.90, -17.66);
insert into SHOT_FLAG values(8373, 'dpl');
insert into SHOT values (8374, 8305, 8310, 7278, 7.710, 75.60, -2.50, 7.710, 75.57, -2.45, 0.008, 351.41, 54.63);
insert into SHOT_FLAG values(8374, 'dpl');
insert into SHOT values (8375, 8310, 8311, 7278, 2.390, 159.60, -8.60, 2.397, 159.50, -8.64, 0.008, 128.99, -17.91);
insert into SHOT_FLAG values(8375, 'dpl');
insert into SHOT values (8376, 8310, 8312, 7278, 1.460, 331.90, 0.70, 1.454, 331.67, 0.39, 0.011, 196.91, -43.84);
insert into SHOT_FLAG values(8376, 'dpl');
insert into SHOT values (8377, 8310, 8313, 7278, 0.210, 359.60, 69.60, 0.202, 0.00, 69.78, 0.008, 170.92, -64.63);
insert into SHOT_FLAG values(8377, 'dpl');
insert into SHOT values (8378, 8310, 8314, 7278, 0.910, 31.40, -72.20, 0.912, 33.11, -72.48, 0.010, 145.77, -21.59);
insert into SHOT_FLAG values(8378, 'dpl');
insert into SHOT values (8379, 8310, 8315, 7278, 8.920, 2.30, -0.90, 8.918, 2.31, -0.90, 0.003, 129.65, 2.33);
insert into SHOT_FLAG values(8379, 'dpl');
insert into SHOT values (8380, 8315, 8316, 7278, 6.140, 103.20, 0.50, 6.144, 103.27, 0.47, 0.009, 162.91, -23.22);
insert into SHOT_FLAG values(8380, 'dpl');
insert into SHOT values (8381, 8315, 8317, 7278, 0.960, 13.10, 78.40, 0.958, 12.53, 78.90, 0.009, 205.09, -2.54);
insert into SHOT_FLAG values(8381, 'dpl');
insert into SHOT values (8382, 8315, 8318, 7278, 0.850, 101.80, -80.90, 0.851, 102.99, -80.98, 0.003, 212.42, -13.22);
insert into SHOT_FLAG values(8382, 'dpl');
insert into SHOT values (8383, 8315, 8319, 7278, 1.110, 323.70, 4.50, 1.111, 323.44, 4.13, 0.009, 249.56, -53.64);
insert into SHOT_FLAG values(8383, 'dpl');
insert into SHOT values (8384, 8315, 8320, 7278, 11.520, 348.00, -29.90, 11.526, 347.98, -29.93, 0.008, 293.38, -61.76);
insert into SHOT_FLAG values(8384, 'dpl');
insert into SHOT values (8385, 8320, 8321, 7278, 1.850, 7.80, 81.40, 1.850, 8.43, 81.52, 0.005, 148.96, 9.54);
insert into SHOT_FLAG values(8385, 'dpl');
insert into SHOT values (8386, 8320, 8322, 7278, 2.080, 6.30, 6.30, 2.076, 6.40, 6.36, 0.006, 147.70, 16.65);
insert into SHOT_FLAG values(8386, 'dpl');
insert into SHOT values (8387, 8320, 8323, 7278, 4.290, 186.70, 13.10, 4.289, 186.60, 13.07, 0.008, 91.37, -17.30);
insert into SHOT_FLAG values(8387, 'dpl');
insert into SHOT values (8388, 8320, 8324, 7278, 1.390, 110.00, -78.10, 1.390, 110.32, -78.05, 0.002, 161.42, 3.51);
insert into SHOT_FLAG values(8388, 'dpl');
insert into SHOT values (8389, 8320, 8325, 7278, 4.750, 292.10, -26.20, 4.747, 292.05, -26.12, 0.008, 198.48, 62.98);
insert into SHOT_FLAG values(8389, 'dpl');
insert into SHOT values (8390, 8325, 8326, 7278, 5.180, 213.00, -0.00, 5.184, 212.95, 0.00, 0.006, 167.79, 0.00);
insert into SHOT_FLAG values(8390, 'dpl');
insert into SHOT values (8391, 8325, 8327, 7278, 5.770, 175.00, 18.30, 5.772, 174.98, 18.27, 0.004, 136.28, -25.25);
insert into SHOT_FLAG values(8391, 'dpl');
insert into SHOT values (8392, 8325, 8328, 7278, 3.140, 147.90, 64.40, 3.141, 147.59, 64.30, 0.009, 94.23, -10.97);
insert into SHOT_FLAG values(8392, 'dpl');
insert into SHOT values (8393, 8325, 8329, 7278, 1.230, 320.00, -86.10, 1.232, 320.19, -86.37, 0.006, 137.27, -27.11);
insert into SHOT_FLAG values(8393, 'dpl');
insert into SHOT values (8394, 8326, 8330, 7278, 2.240, 26.20, -0.70, 2.241, 26.22, -0.77, 0.003, 75.18, -66.62);
insert into SHOT_FLAG values(8394, 'dpl');
insert into SHOT values (8395, 8326, 8331, 7278, 2.630, 173.20, -5.40, 2.630, 173.20, -5.45, 0.002, 192.70, -87.87);
insert into SHOT_FLAG values(8395, 'dpl');
insert into SHOT values (8396, 8326, 8332, 7278, 2.170, 312.60, -4.10, 2.171, 312.75, -4.23, 0.008, 33.29, -39.39);
insert into SHOT_FLAG values(8396, 'dpl');
insert into SHOT values (8397, 8326, 8333, 7278, 1.680, 326.20, -54.90, 1.686, 326.80, -54.95, 0.012, 45.49, -28.00);
insert into SHOT_FLAG values(8397, 'dpl');
insert into SHOT values (8398, 8326, 8334, 7278, 1.430, 169.90, 81.10, 1.426, 169.22, 81.38, 0.008, 8.76, -19.40);
insert into SHOT_FLAG values(8398, 'dpl');
insert into SHOT values (8399, 8326, 8335, 7278, 8.440, 250.60, -29.30, 8.436, 250.63, -29.31, 0.005, 26.29, 4.15);
insert into SHOT_FLAG values(8399, 'dpl');
insert into SHOT values (8400, 8335, 8336, 7278, 2.340, 165.40, 16.80, 2.342, 165.28, 16.63, 0.009, 112.49, -47.66);
insert into SHOT_FLAG values(8400, 'dpl');
insert into SHOT values (8401, 8335, 8337, 7278, 0.880, 173.20, 77.30, 0.871, 173.99, 77.33, 0.009, 305.89, -67.04);
insert into SHOT_FLAG values(8401, 'dpl');
insert into SHOT values (8402, 8335, 8338, 7278, 2.280, 14.40, 16.90, 2.276, 14.36, 16.86, 0.005, 220.11, -35.55);
insert into SHOT_FLAG values(8402, 'dpl');
insert into SHOT values (8403, 8335, 8339, 7278, 0.620, 180.20, -68.10, 0.624, 180.00, -68.37, 0.005, 32.83, -72.57);
insert into SHOT_FLAG values(8403, 'dpl');
insert into SHOT values (8404, 8335, 8340, 7278, 3.650, 276.80, 21.00, 3.643, 276.75, 20.90, 0.009, 133.96, -58.14);
insert into SHOT_FLAG values(8404, 'dpl');
insert into SHOT values (8405, 8340, 8341, 7278, 1.340, 10.90, 3.30, 1.346, 10.72, 3.41, 0.008, 334.98, 22.21);
insert into SHOT_FLAG values(8405, 'dpl');
insert into SHOT values (8406, 8340, 8342, 7278, 2.070, 358.60, 83.50, 2.074, 357.61, 83.35, 0.008, 323.32, 24.80);
insert into SHOT_FLAG values(8406, 'dpl');
insert into SHOT values (8407, 8340, 8343, 7278, 0.350, 201.60, 7.00, 0.349, 202.11, 8.24, 0.008, 324.76, 63.46);
insert into SHOT_FLAG values(8407, 'dpl');
insert into SHOT values (8408, 8340, 8344, 7278, 3.290, 86.70, -60.60, 3.284, 86.45, -60.58, 0.010, 341.18, 40.28);
insert into SHOT_FLAG values(8408, 'dpl');
insert into SHOT values (8409, 8340, 8345, 7278, 5.740, 281.50, -7.80, 5.748, 281.55, -7.80, 0.010, 310.52, -5.92);
insert into SHOT_FLAG values(8409, 'dpl');
insert into SHOT values (8410, 8345, 8346, 7278, 16.740, 319.80, 15.10, 16.735, 319.79, 15.10, 0.005, 157.08, -9.86);
insert into SHOT_FLAG values(8410, 'dpl');
insert into SHOT values (8411, 8345, 8347, 7278, 7.260, 28.80, 6.90, 7.260, 28.88, 6.96, 0.013, 127.15, 38.58);
insert into SHOT_FLAG values(8411, 'dpl');
insert into SHOT values (8412, 8345, 8348, 7278, 7.550, 342.30, 78.60, 7.558, 342.42, 78.63, 0.010, 114.21, 65.55);
insert into SHOT_FLAG values(8412, 'dpl');
insert into SHOT values (8413, 8345, 8349, 7278, 1.910, 241.00, 6.50, 1.902, 240.86, 6.64, 0.010, 89.80, 21.13);
insert into SHOT_FLAG values(8413, 'dpl');
insert into SHOT values (8414, 8345, 8350, 7278, 0.890, 301.40, -63.60, 0.879, 301.22, -63.97, 0.012, 128.48, 35.89);
insert into SHOT_FLAG values(8414, 'dpl');
insert into SHOT values (8415, 8346, 8351, 7278, 4.750, 225.30, 83.70, 4.759, 225.00, 83.69, 0.009, 171.62, 68.62);
insert into SHOT_FLAG values(8415, 'dpl');
insert into SHOT values (8416, 8346, 8352, 7278, 1.870, 340.00, -68.00, 1.867, 340.02, -67.91, 0.004, 346.68, 65.10);
insert into SHOT_FLAG values(8416, 'dpl');
insert into SHOT values (8417, 8346, 8353, 7278, 3.950, 121.40, 4.80, 3.951, 121.39, 4.94, 0.010, 21.20, 85.01);
insert into SHOT_FLAG values(8417, 'dpl');
insert into SHOT values (8418, 8346, 8354, 7278, 14.260, 238.20, 9.90, 14.261, 238.21, 9.93, 0.009, 338.22, 72.04);
insert into SHOT_FLAG values(8418, 'dpl');
insert into SHOT values (8419, 8354, 8355, 7278, 3.890, 209.50, 80.40, 3.885, 209.31, 80.31, 0.008, 185.84, -45.64);
insert into SHOT_FLAG values(8419, 'dpl');
insert into SHOT values (8420, 8354, 8356, 7278, 1.820, 318.50, -50.50, 1.823, 318.86, -50.67, 0.010, 67.33, -36.29);
insert into SHOT_FLAG values(8420, 'dpl');
insert into SHOT values (8421, 8354, 8357, 7278, 19.620, 117.10, 15.60, 19.625, 117.09, 15.58, 0.010, 101.08, -39.36);
insert into SHOT_FLAG values(8421, 'dpl');
insert into SHOT values (8422, 8354, 8358, 7278, 22.770, 215.20, -1.90, 22.769, 215.18, -1.91, 0.010, 115.24, -29.31);
insert into SHOT_FLAG values(8422, 'dpl');
insert into SHOT values (8423, 8358, 8359, 7278, 3.990, 249.60, 79.10, 3.992, 249.89, 79.08, 0.005, 316.62, 25.72);
insert into SHOT_FLAG values(8423, 'dpl');
insert into SHOT values (8424, 8358, 8360, 7278, 2.180, 296.30, -63.70, 2.178, 296.30, -63.54, 0.006, 296.52, 43.53);
insert into SHOT_FLAG values(8424, 'dpl');
insert into SHOT values (8425, 8358, 8361, 7278, 8.860, 149.00, 18.00, 8.858, 148.99, 18.02, 0.004, 2.11, 36.97);
insert into SHOT_FLAG values(8425, 'dpl');
insert into SHOT values (8426, 8358, 8362, 7278, 17.910, 281.10, -23.90, 17.911, 281.12, -23.88, 0.010, 345.02, 37.76);
insert into SHOT_FLAG values(8426, 'dpl');
insert into SHOT values (8427, 8362, 8363, 7278, 6.390, 239.90, 81.60, 6.389, 239.88, 81.57, 0.003, 232.38, -25.52);
insert into SHOT_FLAG values(8427, 'dpl');
insert into SHOT values (8428, 8362, 8364, 7278, 0.760, 210.80, -82.30, 0.767, 209.05, -82.29, 0.008, 139.79, -64.18);
insert into SHOT_FLAG values(8428, 'dpl');
insert into SHOT values (8429, 8362, 8365, 7278, 13.610, 173.70, 5.00, 13.613, 173.69, 4.97, 0.008, 149.06, -55.35);
insert into SHOT_FLAG values(8429, 'dpl');
insert into SHOT values (8430, 8362, 8366, 7278, 14.910, 229.60, -11.60, 14.911, 229.58, -11.61, 0.005, 146.12, -22.29);
insert into SHOT_FLAG values(8430, 'dpl');
insert into SHOT values (8431, 8366, 8367, 7278, 6.680, 281.80, 79.30, 6.677, 281.58, 79.25, 0.008, 238.66, -28.92);
insert into SHOT_FLAG values(8431, 'dpl');
insert into SHOT values (8432, 8366, 8368, 7278, 0.880, 208.20, -70.40, 0.881, 208.30, -70.42, 0.001, 287.45, -61.89);
insert into SHOT_FLAG values(8432, 'dpl');
insert into SHOT values (8433, 8366, 8369, 7278, 8.360, 157.10, 27.30, 8.355, 157.10, 27.28, 0.006, 347.51, -51.57);
insert into SHOT_FLAG values(8433, 'dpl');
insert into SHOT values (8434, 8366, 8370, 7278, 24.950, 219.00, -1.70, 24.952, 219.01, -1.70, 0.006, 283.19, 1.80);
insert into SHOT_FLAG values(8434, 'dpl');
insert into SHOT values (8435, 8370, 8371, 7278, 14.490, 121.10, 25.00, 14.496, 121.11, 24.97, 0.009, 142.32, -23.90);
insert into SHOT_FLAG values(8435, 'dpl');
insert into SHOT values (8436, 8370, 8372, 7278, 5.640, 177.20, 82.20, 5.643, 177.03, 82.15, 0.006, 154.54, 19.78);
insert into SHOT_FLAG values(8436, 'dpl');
insert into SHOT values (8437, 8370, 8373, 7278, 1.120, 215.80, -63.70, 1.124, 215.94, -63.93, 0.006, 6.42, -67.18);
insert into SHOT_FLAG values(8437, 'dpl');
insert into SHOT values (8438, 8370, 8374, 7278, 24.430, 225.50, 0.90, 24.427, 225.50, 0.89, 0.005, 66.72, -53.25);
insert into SHOT_FLAG values(8438, 'dpl');
insert into SHOT values (8439, 8374, 8375, 7278, 24.430, 225.40, 1.00, 24.428, 225.40, 1.01, 0.004, 65.32, 57.00);
insert into SHOT_FLAG values(8439, 'dpl');
insert into SHOT values (8440, 8374, 8376, 7278, 5.890, 343.30, 82.00, 5.887, 342.90, 82.03, 0.007, 220.75, -21.49);
insert into SHOT_FLAG values(8440, 'dpl');
insert into SHOT values (8441, 8374, 8377, 7278, 2.350, 78.20, -62.20, 2.349, 78.38, -62.29, 0.005, 214.58, -13.83);
insert into SHOT_FLAG values(8441, 'dpl');
insert into SHOT values (8442, 8374, 8378, 7278, 10.740, 139.40, 12.20, 10.739, 139.40, 12.20, 0.002, 285.61, 13.71);
insert into SHOT_FLAG values(8442, 'dpl');
insert into SHOT values (8443, 8374, 8379, 7278, 25.360, 207.80, 9.90, 25.360, 207.80, 9.90, 0.002, 126.49, -3.88);
insert into SHOT_FLAG values(8443, 'dpl');
insert into SHOT values (8444, 8379, 8380, 7278, 19.420, 254.10, 3.00, 19.421, 254.08, 3.01, 0.008, 168.54, 26.97);
insert into SHOT_FLAG values(8444, 'dpl');
insert into SHOT values (8445, 8380, 8381, 7278, 8.130, 82.50, 83.90, 8.125, 81.96, 83.94, 0.011, 317.91, -22.14);
insert into SHOT_FLAG values(8445, 'dpl');
insert into SHOT values (8446, 8380, 8382, 7278, 17.330, 177.50, 25.90, 17.326, 177.50, 25.91, 0.005, 0.03, 2.86);
insert into SHOT_FLAG values(8446, 'dpl');
insert into SHOT values (8447, 8380, 8383, 7278, 2.210, 73.00, -46.10, 2.205, 72.87, -46.14, 0.006, 289.79, 22.63);
insert into SHOT_FLAG values(8447, 'dpl');
insert into SHOT values (8448, 8380, 8384, 7278, 18.550, 356.80, -30.10, 18.559, 356.79, -30.11, 0.010, 327.33, -42.25);
insert into SHOT_FLAG values(8448, 'dpl');
insert into SHOT values (8449, 8384, 8385, 7278, 13.480, 339.70, 78.00, 13.485, 339.75, 78.00, 0.005, 58.63, 59.06);
insert into SHOT_FLAG values(8449, 'dpl');
insert into SHOT values (8450, 8384, 8386, 7278, 1.720, 340.20, -73.10, 1.714, 340.11, -73.05, 0.006, 234.53, 82.32);
insert into SHOT_FLAG values(8450, 'dpl');
insert into SHOT values (8451, 8384, 8387, 7278, 13.510, 62.20, -21.50, 13.509, 62.21, -21.49, 0.003, 160.49, 28.82);
insert into SHOT_FLAG values(8451, 'dpl');
insert into SHOT values (8452, 8387, 8388, 7278, 15.920, 342.50, 76.20, 15.919, 342.52, 76.21, 0.003, 131.50, -10.14);
insert into SHOT_FLAG values(8452, 'dpl');
insert into SHOT values (8453, 8387, 8389, 7278, 2.590, 276.50, -81.90, 2.585, 276.34, -81.95, 0.005, 116.88, 55.11);
insert into SHOT_FLAG values(8453, 'dpl');
insert into SHOT values (8454, 8387, 8390, 7278, 20.950, 335.80, -14.40, 20.952, 335.80, -14.40, 0.002, 306.64, 1.27);
insert into SHOT_FLAG values(8454, 'dpl');
insert into SHOT values (8455, 8390, 8391, 7278, 25.510, 318.00, -15.60, 25.510, 318.00, -15.60, 0.001, 44.95, 8.03);
insert into SHOT_FLAG values(8455, 'dpl');
insert into SHOT values (8456, 8390, 8392, 7278, 26.880, 318.00, -15.70, 26.875, 318.01, -15.69, 0.006, 95.20, 35.63);
insert into SHOT_FLAG values(8456, 'dpl');
insert into SHOT values (8457, 8392, 8393, 7278, 8.400, 323.10, 80.80, 8.398, 322.87, 80.80, 0.006, 222.42, -19.84);
insert into SHOT_FLAG values(8457, 'dpl');
insert into SHOT values (8458, 8392, 8394, 7278, 6.920, 21.00, -50.50, 6.919, 20.91, -50.51, 0.007, 275.36, -2.75);
insert into SHOT_FLAG values(8458, 'dpl');
insert into SHOT values (8459, 8392, 8395, 7278, 9.600, 306.70, -20.10, 9.603, 306.70, -20.10, 0.003, 321.87, -17.02);
insert into SHOT_FLAG values(8459, 'dpl');
insert into SHOT values (8460, 8395, 8396, 7278, 4.890, 16.90, -73.80, 4.892, 16.70, -73.89, 0.009, 230.96, -26.12);
insert into SHOT_FLAG values(8460, 'dpl');
insert into SHOT values (8461, 8395, 8397, 7278, 18.850, 346.40, -32.40, 18.852, 346.37, -32.40, 0.008, 275.10, 2.52);
insert into SHOT_FLAG values(8461, 'dpl');
insert into SHOT values (8462, 8397, 8398, 7278, 6.570, 269.00, 79.70, 6.565, 269.02, 79.73, 0.006, 83.71, -42.01);
insert into SHOT_FLAG values(8462, 'dpl');
insert into SHOT values (8463, 8397, 8399, 7278, 1.850, 272.40, -53.50, 1.847, 272.10, -53.79, 0.012, 122.74, -14.29);
insert into SHOT_FLAG values(8463, 'dpl');
insert into SHOT values (8464, 8397, 8400, 7278, 16.500, 43.60, 0.30, 16.502, 43.60, 0.31, 0.004, 47.19, 61.55);
insert into SHOT_FLAG values(8464, 'dpl');
insert into SHOT values (8465, 8400, 8401, 7278, 1.290, 91.80, -77.70, 1.291, 92.05, -77.46, 0.006, 104.40, 4.04);
insert into SHOT_FLAG values(8465, 'dpl');
insert into SHOT values (8466, 8400, 8402, 7278, 0.710, 77.30, 69.00, 0.708, 78.69, 68.88, 0.007, 163.28, -24.63);
insert into SHOT_FLAG values(8466, 'dpl');
insert into SHOT values (8467, 8400, 8403, 7278, 14.240, 309.90, -23.60, 14.239, 309.90, -23.60, 0.001, 110.65, 50.74);
insert into SHOT_FLAG values(8467, 'dpl');
insert into SHOT values (8468, 8400, 8404, 7278, 11.210, 75.80, -1.60, 11.215, 75.85, -1.64, 0.013, 142.57, -32.20);
insert into SHOT_FLAG values(8468, 'dpl');
insert into SURVEY values (7280, 71, 'quatermass2', 'quatermass2.clearwater_master', NULL);
 insert into CENTRELINE values (7281, 7280, NULL, NULL, NULL, 0.00, 0.00, 0.00);
 insert into CENTRELINE values (7282, 7280, 'quatermass2', '2018-01-17', NULL, 129.44, 0.00, 0.00);
 insert into SHOT values (8469, 8405, 8406, 7282, 6.610, 179.00, -51.20, 6.608, 179.03, -51.20, 0.003, 298.10, 28.79);
insert into SHOT values (8470, 8406, 8407, 7282, 9.500, 275.00, -36.70, 9.495, 274.98, -36.74, 0.009, 116.05, -16.27);
insert into SHOT values (8471, 8407, 8408, 7282, 9.400, 349.00, -1.60, 9.398, 348.95, -1.59, 0.008, 242.47, 17.11);
insert into SHOT values (8472, 8408, 8409, 7282, 5.000, 332.00, -16.10, 4.997, 332.05, -16.15, 0.007, 106.70, -31.81);
insert into SHOT values (8473, 8409, 8410, 7282, 5.300, 207.00, -38.40, 5.326, 205.75, -40.09, 0.183, 75.06, -49.04);
insert into SHOT values (8474, 8410, 8411, 7282, 5.000, 329.00, -32.00, 5.026, 330.37, -33.58, 0.173, 87.28, -48.84);
insert into SHOT values (8475, 8411, 8412, 7282, 6.500, 219.00, -21.30, 6.460, 217.74, -23.35, 0.270, 84.83, -47.55);
insert into SHOT values (8476, 8412, 8413, 7282, 5.300, 359.00, -7.30, 5.332, 0.54, -8.74, 0.197, 84.46, -43.80);
insert into SHOT values (8477, 8413, 8414, 7282, 9.800, 205.00, -30.30, 9.802, 204.96, -30.33, 0.008, 104.10, -42.83);
insert into SHOT values (8478, 8414, 8415, 7282, 5.000, 210.00, 8.60, 4.998, 209.99, 8.63, 0.003, 52.70, 44.34);
insert into SHOT values (8479, 8415, 8416, 7282, 9.000, 240.00, -15.70, 9.003, 240.03, -15.66, 0.009, 287.85, 38.10);
insert into SHOT values (8480, 8413, 8417, 7282, 8.350, 71.00, 32.00, 8.415, 71.42, 29.24, 0.413, 82.55, -49.72);
insert into SHOT values (8481, 8417, 8418, 7282, 4.100, 37.00, 28.30, 4.121, 38.05, 26.67, 0.136, 80.13, -43.46);
insert into SHOT values (8482, 8418, 8409, 7282, 7.200, 199.00, 32.00, 7.064, 197.36, 30.83, 0.265, 95.37, -47.56);
insert into SHOT values (8483, 8418, 8419, 7282, 16.160, 334.00, -47.00, 16.163, 334.02, -46.99, 0.005, 17.15, -16.37);
insert into SHOT values (8484, 8419, 8420, 7282, 6.380, 279.00, -20.70, 6.377, 278.97, -20.76, 0.008, 127.88, -39.32);
insert into SHOT values (8485, 8420, 8421, 7282, 10.840, 253.00, -23.00, 10.837, 252.98, -22.98, 0.007, 139.27, 57.81);
insert into SURVEY values (7284, 71, 'quatermass_shaft', 'quatermass_shaft.clearwater_master', NULL);
 insert into CENTRELINE values (7285, 7284, NULL, NULL, NULL, 0.00, 0.00, 0.00);
 insert into CENTRELINE values (7286, 7284, 'quatermass shaft', '2018-01-17', NULL, 39.20, 0.00, 0.00);
 insert into SHOT values (8486, 8422, 8423, 7286, 12.400, 220.00, -80.00, 12.408, 220.28, -80.02, 0.014, 327.98, -36.88);
insert into SHOT values (8487, 8423, 8424, 7286, 4.300, 338.00, 1.00, 4.294, 337.98, 1.07, 0.008, 174.88, 38.15);
insert into SHOT values (8488, 8424, 8425, 7286, 10.000, 210.00, -22.30, 9.993, 209.98, -22.29, 0.008, 67.13, 34.79);
insert into SHOT values (8489, 8425, 8426, 7286, 6.200, 176.00, -13.60, 6.199, 176.00, -13.62, 0.003, 346.19, -54.30);
insert into SHOT values (8490, 8426, 8427, 7286, 6.300, 282.00, -17.60, 6.308, 282.00, -17.63, 0.008, 283.49, -38.83);
insert into SURVEY values (7288, 71, 'cotw_entrance_redraw', 'cotw_entrance_redraw.clearwater_master', NULL);
 insert into CENTRELINE values (7289, 7288, NULL, NULL, NULL, 0.00, 0.00, 0.00);
 insert into SCRAPS values (7290, 7288, 'COTWEntranceSP1', 1, 45.53474, 2.23027);
 insert into SCRAPS values (7322, 7288, 'COTWEntranceSP2', 1, 81.78046, 4.00242);
 insert into MAPS values (7343, 7288, 'cotw_entrance_redraw_m', NULL, 1, 0.000, 31.680);
 insert into MAPITEMS values (7343, 4, 7290);
 insert into MAPITEMS values (7343, 4, 7322);
 insert into CENTRELINE values (7344, 7288, NULL, '2018-01-14', NULL, 0.00, 0.00, 520.72);
 insert into SHOT values (8491, 8428, 8429, 7344, 13.780, 327.29, -9.17, 13.773, 327.28, -9.15, 0.009, 168.18, 42.13);
insert into SHOT_FLAG values(8491, 'dpl');
insert into SHOT values (8492, 8428, 8430, 7344, 28.130, 23.91, -2.07, 28.120, 23.91, -2.06, 0.012, 201.82, 31.50);
insert into SHOT_FLAG values(8492, 'dpl');
insert into SHOT values (8493, 8430, 8431, 7344, 20.160, 51.59, 3.66, 20.164, 51.60, 3.67, 0.006, 85.01, 30.76);
insert into SHOT_FLAG values(8493, 'dpl');
insert into SHOT values (8494, 8431, 8432, 7344, 26.020, 52.57, -4.49, 26.023, 52.56, -4.50, 0.005, 15.07, -37.56);
insert into SHOT_FLAG values(8494, 'dpl');
insert into SHOT values (8495, 8432, 8433, 7344, 13.230, 60.06, -1.79, 13.231, 60.06, -1.78, 0.003, 79.05, 70.10);
insert into SHOT_FLAG values(8495, 'dpl');
insert into SHOT values (8496, 8433, 8434, 7344, 9.900, 326.81, -4.73, 9.903, 326.83, -4.75, 0.005, 16.42, -46.61);
insert into SHOT_FLAG values(8496, 'dpl');
insert into SHOT values (8497, 8434, 8435, 7344, 15.030, 306.07, -20.51, 15.033, 306.07, -20.52, 0.004, 320.84, -61.05);
insert into SHOT_FLAG values(8497, 'dpl');
insert into SHOT values (8498, 8435, 8436, 7344, 8.140, 52.92, 14.08, 8.141, 52.93, 14.08, 0.001, 110.78, -13.48);
insert into SHOT_FLAG values(8498, 'dpl');
insert into SHOT values (8499, 8436, 8437, 7344, 15.190, 284.92, 49.38, 15.192, 284.88, 49.37, 0.007, 213.62, 0.93);
insert into SHOT_FLAG values(8499, 'dpl');
insert into SHOT values (8500, 8434, 8438, 7344, 32.500, 80.82, 4.38, 32.500, 80.82, 4.38, 0.002, 349.14, -84.26);
insert into SHOT_FLAG values(8500, 'dpl');
insert into SHOT values (8501, 8438, 8439, 7344, 8.750, 347.14, -1.36, 8.743, 347.11, -1.38, 0.009, 200.68, -15.00);
insert into SHOT_FLAG values(8501, 'dpl');
insert into SHOT values (8502, 8439, 8440, 7344, 25.850, 12.26, -15.25, 25.860, 12.26, -15.25, 0.010, 24.37, -3.71);
insert into SHOT_FLAG values(8502, 'dpl');
insert into SHOT values (8503, 8440, 8441, 7344, 22.980, 38.45, 13.45, 22.974, 38.44, 13.47, 0.010, 247.49, 30.37);
insert into SHOT_FLAG values(8503, 'dpl');
insert into SHOT values (8504, 8441, 8442, 7344, 28.060, 73.64, 7.79, 28.064, 73.64, 7.78, 0.006, 99.49, -35.55);
insert into SHOT_FLAG values(8504, 'dpl');
insert into SHOT values (8505, 8442, 8443, 7344, 14.630, 327.72, -12.14, 14.627, 327.71, -12.12, 0.007, 212.65, 67.85);
insert into SHOT_FLAG values(8505, 'dpl');
insert into SHOT values (8506, 8443, 8444, 7344, 7.840, 56.60, -0.81, 7.839, 56.55, -0.88, 0.011, 315.68, -54.60);
insert into SHOT_FLAG values(8506, 'dpl');
insert into SHOT values (8507, 8444, 8445, 7344, 12.760, 25.07, -18.18, 12.760, 25.09, -18.17, 0.003, 106.41, 19.40);
insert into SHOT_FLAG values(8507, 'dpl');
insert into SHOT values (8508, 8445, 8446, 7344, 17.520, 101.73, -27.63, 17.520, 101.74, -27.61, 0.007, 154.12, 46.25);
insert into SHOT_FLAG values(8508, 'dpl');
insert into SHOT values (8509, 8446, 8447, 7344, 34.980, 24.13, -3.94, 34.983, 24.13, -3.93, 0.005, 61.57, 40.21);
insert into SHOT_FLAG values(8509, 'dpl');
insert into SHOT values (8510, 8447, 8448, 7344, 6.130, 78.98, -57.22, 6.131, 79.03, -57.32, 0.011, 240.13, -34.87);
insert into SHOT_FLAG values(8510, 'dpl');
insert into SHOT values (8511, 8442, 8449, 7344, 21.000, 65.27, 12.73, 20.996, 65.26, 12.74, 0.006, 278.17, 25.40);
insert into SHOT_FLAG values(8511, 'dpl');
insert into SHOT values (8512, 8449, 8450, 7344, 6.960, 50.37, -11.91, 6.962, 50.42, -11.94, 0.007, 126.90, -30.41);
insert into SHOT_FLAG values(8512, 'dpl');
insert into SHOT values (8513, 8450, 8451, 7344, 4.430, 72.41, 4.06, 4.430, 72.34, 4.14, 0.008, 333.72, 51.08);
insert into SHOT_FLAG values(8513, 'dpl');
insert into SHOT values (8514, 8451, 8452, 7344, 2.390, 40.16, -6.40, 2.385, 40.21, -6.50, 0.007, 198.85, -33.33);
insert into SHOT_FLAG values(8514, 'dpl');
insert into SHOT values (8515, 8452, 8453, 7344, 10.670, 32.64, -22.10, 10.676, 32.66, -22.06, 0.010, 56.61, 24.60);
insert into SHOT_FLAG values(8515, 'dpl');
insert into SHOT values (8516, 8453, 8454, 7344, 3.790, 35.20, 55.77, 3.783, 35.04, 55.83, 0.010, 256.74, -21.01);
insert into SHOT_FLAG values(8516, 'dpl');
insert into SHOT values (8517, 8454, 8455, 7344, 13.800, 11.30, 27.98, 13.798, 11.31, 27.96, 0.005, 108.88, -64.43);
insert into SHOT_FLAG values(8517, 'dpl');
insert into SHOT values (8518, 8455, 8456, 7344, 25.900, 156.88, -35.43, 25.899, 156.87, -35.42, 0.006, 106.93, 51.61);
insert into SHOT_FLAG values(8518, 'dpl');
insert into SHOT values (8519, 8456, 8457, 7344, 7.090, 109.85, -29.78, 7.091, 109.85, -29.76, 0.002, 103.40, 35.08);
insert into SHOT_FLAG values(8519, 'dpl');
insert into SHOT values (8520, 8457, 8458, 7344, 5.760, 72.80, -15.35, 5.755, 72.81, -15.42, 0.008, 247.63, -38.41);
insert into SHOT_FLAG values(8520, 'dpl');
insert into SHOT values (8521, 8458, 8459, 7344, 13.840, 167.03, -31.40, 13.838, 167.03, -31.40, 0.002, 322.52, 19.19);
insert into SHOT_FLAG values(8521, 'dpl');
insert into SHOT values (8522, 8459, 8460, 7344, 5.150, 98.94, -35.67, 5.154, 98.92, -35.60, 0.008, 88.67, 23.45);
insert into SHOT_FLAG values(8522, 'dpl');
insert into SHOT values (8523, 8460, 8461, 7344, 1.850, 146.78, -3.73, 1.846, 146.74, -3.73, 0.005, 342.46, 4.37);
insert into SHOT_FLAG values(8523, 'dpl');
insert into SHOT values (8524, 8461, 8462, 7344, 5.770, 200.82, 49.92, 5.765, 200.83, 49.91, 0.005, 10.41, -62.87);
insert into SHOT_FLAG values(8524, 'dpl');
insert into SHOT values (8525, 8462, 8463, 7344, 7.740, 239.56, 41.36, 7.747, 239.51, 41.37, 0.009, 191.25, 38.70);
insert into SHOT_FLAG values(8525, 'dpl');
insert into SHOT values (8526, 8463, 8464, 7344, 1.910, 215.74, -2.73, 1.914, 215.85, -2.69, 0.006, 255.45, 9.51);
insert into SHOT_FLAG values(8526, 'dpl');
insert into SHOT values (8527, 8464, 8465, 7344, 2.750, 137.03, -5.67, 2.751, 136.92, -5.63, 0.006, 63.48, 17.80);
insert into SHOT_FLAG values(8527, 'dpl');
insert into SHOT values (8528, 8465, 8466, 7344, 2.820, 96.19, -6.50, 2.824, 96.14, -6.51, 0.005, 64.65, -8.83);
insert into SHOT_FLAG values(8528, 'dpl');
insert into SHOT values (8529, 8466, 8467, 7344, 9.940, 35.74, -35.28, 9.942, 35.73, -35.26, 0.004, 4.71, 16.01);
insert into SHOT_FLAG values(8529, 'dpl');
insert into SHOT values (8530, 8467, 8468, 7344, 5.580, 60.58, -50.95, 5.582, 60.66, -51.03, 0.010, 196.84, -42.91);
insert into SHOT_FLAG values(8530, 'dpl');
insert into SURVEY values (7346, 71, 'skylight_pitch', 'skylight_pitch.clearwater_master', NULL);
 insert into CENTRELINE values (7347, 7346, NULL, NULL, NULL, 0.00, 0.00, 0.00);
 insert into CENTRELINE values (7348, 7346, NULL, '2018-01-14', NULL, 56.51, 0.00, 0.00);
 insert into SHOT values (8531, 8469, 8470, 7348, 5.780, 355.69, 23.78, 5.785, 355.67, 23.75, 0.006, 336.27, -5.94);
insert into SHOT values (8532, 8470, 8471, 7348, 12.460, 346.20, 12.97, 12.458, 346.23, 12.99, 0.007, 104.47, 28.05);
insert into SHOT values (8533, 8471, 8472, 7348, 20.930, 130.72, 40.43, 20.923, 130.72, 40.43, 0.007, 304.64, -30.46);
insert into SHOT values (8534, 8472, 8473, 7348, 4.990, 111.46, 30.00, 4.991, 111.46, 30.06, 0.005, 298.46, 66.92);
insert into SHOT values (8535, 8472, 8474, 7348, 9.620, 106.82, 37.97, 9.623, 106.86, 37.97, 0.006, 172.96, 13.23);
insert into SHOT values (8536, 8474, 8475, 7348, 3.130, 16.26, 29.44, 3.133, 16.18, 29.45, 0.005, 314.84, 19.04);
insert into SHOT values (8537, 8475, 8476, 7348, 4.590, 1.57, 6.93, 4.586, 1.64, 7.01, 0.009, 132.66, 41.39);
insert into SHOT values (8538, 8476, 8477, 7348, 8.300, 46.16, -43.43, 8.307, 46.14, -43.43, 0.007, 25.99, -35.76);
insert into SURVEY values (7350, 71, 'cotw_centreline', 'cotw_centreline.clearwater_master', NULL);
 insert into CENTRELINE values (7351, 7350, NULL, NULL, NULL, 0.00, 0.00, 0.00);
 insert into CENTRELINE values (7352, 7350, NULL, '2018-01-13', NULL, 0.00, 0.00, 1466.28);
 insert into SHOT values (8539, 8478, 8479, 7352, 13.660, 26.31, -4.17, 13.669, 27.43, -4.15, 0.266, 114.98, 0.71);
insert into SHOT_FLAG values(8539, 'dpl');
insert into SHOT values (8540, 8479, 8478, 7352, 13.660, 209.77, 4.20, 13.669, 207.43, 4.15, 0.557, 119.56, -1.07);
insert into SHOT_FLAG values(8540, 'dpl');
insert into SHOT values (8541, 8478, 8479, 7352, 13.660, 26.28, -4.13, 13.669, 27.43, -4.15, 0.274, 115.16, -1.30);
insert into SHOT_FLAG values(8541, 'dpl');
insert into SHOT values (8542, 8479, 8480, 7352, 5.740, 44.22, -11.15, 5.737, 44.28, -11.16, 0.006, 158.28, -0.08);
insert into SHOT_FLAG values(8542, 'dpl');
insert into SHOT values (8543, 8479, 8481, 7352, 15.320, 122.01, 5.71, 15.323, 122.00, 5.69, 0.006, 84.89, -48.18);
insert into SHOT_FLAG values(8543, 'dpl');
insert into SHOT values (8544, 8481, 8482, 7352, 19.900, 49.97, -0.50, 19.896, 50.00, -0.49, 0.010, 161.53, 21.15);
insert into SHOT_FLAG values(8544, 'dpl');
insert into SHOT values (8545, 8482, 8483, 7352, 10.830, 41.52, 2.72, 10.830, 41.51, 2.70, 0.004, 296.14, -75.45);
insert into SHOT_FLAG values(8545, 'dpl');
insert into SHOT values (8546, 8483, 8484, 7352, 25.300, 59.45, 1.02, 25.297, 59.44, 1.02, 0.005, 296.80, -4.22);
insert into SHOT_FLAG values(8546, 'dpl');
insert into SHOT values (8547, 8484, 8485, 7352, 25.290, 59.34, 0.94, 25.291, 59.33, 0.95, 0.008, 341.74, 42.52);
insert into SHOT_FLAG values(8547, 'dpl');
insert into SHOT values (8548, 8485, 8486, 7352, 18.950, 47.23, 0.58, 18.945, 47.25, 0.57, 0.008, 181.59, -13.73);
insert into SHOT_FLAG values(8548, 'dpl');
insert into SHOT values (8549, 8486, 8487, 7352, 11.990, 47.56, 3.41, 11.997, 47.57, 3.39, 0.009, 65.74, -21.79);
insert into SHOT_FLAG values(8549, 'dpl');
insert into SHOT values (8550, 8487, 8488, 7352, 22.630, 29.74, -7.96, 22.626, 29.72, -7.95, 0.009, 270.17, 26.26);
insert into SHOT_FLAG values(8550, 'dpl');
insert into SHOT values (8551, 8488, 8489, 7352, 16.740, 180.12, 13.51, 16.743, 180.11, 13.51, 0.005, 128.43, -7.81);
insert into SHOT_FLAG values(8551, 'dpl');
insert into SHOT values (8552, 8489, 8490, 7352, 15.970, 188.12, 17.83, 15.970, 188.13, 17.83, 0.003, 281.38, 1.81);
insert into SHOT_FLAG values(8552, 'dpl');
insert into SHOT values (8553, 8490, 8491, 7352, 4.500, 238.52, 11.53, 4.499, 238.55, 11.54, 0.003, 5.91, 12.11);
insert into SHOT_FLAG values(8553, 'dpl');
insert into SHOT values (8554, 8491, 8492, 7352, 7.760, 199.71, 16.35, 7.758, 199.70, 16.32, 0.005, 93.26, -73.80);
insert into SHOT_FLAG values(8554, 'dpl');
insert into SHOT values (8555, 8492, 8493, 7352, 7.950, 122.62, -1.17, 7.944, 122.61, -1.15, 0.007, 315.41, 19.56);
insert into SHOT_FLAG values(8555, 'dpl');
insert into SHOT values (8556, 8493, 8494, 7352, 3.530, 38.08, 1.21, 3.526, 38.20, 1.30, 0.010, 157.52, 32.16);
insert into SHOT_FLAG values(8556, 'dpl');
insert into SHOT values (8557, 8494, 8495, 7352, 9.840, 94.38, -28.12, 9.838, 94.36, -28.14, 0.005, 311.37, -27.70);
insert into SHOT_FLAG values(8557, 'dpl');
insert into SHOT values (8558, 8495, 8496, 7352, 7.470, 151.77, -4.65, 7.474, 151.71, -4.68, 0.009, 91.22, -28.22);
insert into SHOT_FLAG values(8558, 'dpl');
insert into SHOT values (8559, 8496, 8497, 7352, 11.820, 146.74, 29.55, 11.822, 146.74, 29.55, 0.002, 160.34, 16.36);
insert into SHOT_FLAG values(8559, 'dpl');
insert into SHOT values (8560, 8497, 8498, 7352, 8.930, 219.18, 6.64, 8.930, 219.23, 6.69, 0.011, 312.88, 41.08);
insert into SHOT_FLAG values(8560, 'dpl');
insert into SHOT values (8561, 8498, 8499, 7352, 6.260, 175.56, -4.01, 6.265, 175.50, -4.03, 0.008, 121.76, -16.13);
insert into SHOT_FLAG values(8561, 'dpl');
insert into SHOT values (8562, 8499, 8500, 7352, 9.830, 184.08, 6.90, 9.826, 184.11, 6.90, 0.007, 305.70, -7.71);
insert into SHOT_FLAG values(8562, 'dpl');
insert into SHOT values (8563, 8500, 8501, 7352, 17.580, 168.95, -8.57, 17.578, 168.96, -8.57, 0.002, 307.43, -6.59);
insert into SHOT_FLAG values(8563, 'dpl');
insert into SHOT values (8564, 8501, 8502, 7352, 5.960, 168.96, -19.25, 5.969, 168.95, -19.27, 0.009, 161.20, -32.97);
insert into SHOT_FLAG values(8564, 'dpl');
insert into SHOT values (8565, 8502, 8503, 7352, 5.000, 151.95, -30.48, 4.996, 151.89, -30.42, 0.008, 52.18, 52.78);
insert into SHOT_FLAG values(8565, 'dpl');
insert into SHOT values (8566, 8503, 8504, 7352, 24.910, 61.83, -13.36, 24.906, 61.83, -13.37, 0.007, 253.82, -37.25);
insert into SHOT_FLAG values(8566, 'dpl');
insert into SHOT values (8567, 8504, 8505, 7352, 15.600, 41.58, -7.97, 15.607, 41.59, -7.96, 0.008, 63.19, 21.49);
insert into SHOT_FLAG values(8567, 'dpl');
insert into SHOT values (8568, 8505, 8506, 7352, 11.410, 355.70, 9.53, 11.410, 355.67, 9.53, 0.006, 262.26, 8.19);
insert into SHOT_FLAG values(8568, 'dpl');
insert into SHOT values (8569, 8506, 8507, 7352, 12.120, 38.12, 8.00, 12.118, 38.13, 7.97, 0.007, 155.82, -70.03);
insert into SHOT_FLAG values(8569, 'dpl');
insert into SHOT values (8570, 8507, 8508, 7352, 18.630, 26.58, -3.49, 18.629, 26.58, -3.48, 0.004, 257.54, 83.19);
insert into SHOT_FLAG values(8570, 'dpl');
insert into SHOT values (8571, 8508, 8509, 7352, 22.040, 8.71, -2.86, 22.041, 8.70, -2.86, 0.004, 290.92, -4.65);
insert into SHOT_FLAG values(8571, 'dpl');
insert into SHOT values (8572, 8509, 8510, 7352, 16.320, 48.05, -15.32, 16.321, 48.06, -15.31, 0.005, 118.08, 24.64);
insert into SHOT_FLAG values(8572, 'dpl');
insert into SHOT values (8573, 8510, 8511, 7352, 8.660, 342.40, -29.92, 8.665, 342.41, -29.90, 0.006, 355.17, -4.91);
insert into SHOT_FLAG values(8573, 'dpl');
insert into SHOT values (8574, 8511, 8512, 7352, 15.670, 31.52, 5.64, 15.666, 31.52, 5.64, 0.004, 217.39, -0.15);
insert into SHOT_FLAG values(8574, 'dpl');
insert into SHOT values (8575, 8512, 8513, 7352, 7.050, 80.01, 8.10, 7.055, 80.03, 8.07, 0.007, 97.46, -28.37);
insert into SHOT_FLAG values(8575, 'dpl');
insert into SHOT values (8576, 8513, 8514, 7352, 5.980, 47.87, -16.98, 5.979, 47.83, -16.92, 0.007, 335.02, 59.58);
insert into SHOT_FLAG values(8576, 'dpl');
insert into SHOT values (8577, 8514, 8515, 7352, 18.200, 21.96, 12.21, 18.202, 21.95, 12.21, 0.003, 318.00, 14.04);
insert into SHOT_FLAG values(8577, 'dpl');
insert into SHOT values (8578, 8515, 8516, 7352, 2.790, 157.77, 28.24, 2.794, 157.81, 28.19, 0.005, 178.71, -1.59);
insert into SHOT_FLAG values(8578, 'dpl');
insert into SHOT values (8579, 8517, 8516, 7352, 1.030, 20.18, 17.53, 1.029, 20.28, 17.54, 0.002, 147.77, -6.21);
insert into SHOT_FLAG values(8579, 'dpl');
insert into SHOT values (8580, 8517, 8518, 7352, 15.730, 10.67, 35.94, 15.725, 10.68, 35.94, 0.006, 159.44, -24.03);
insert into SHOT_FLAG values(8580, 'dpl');
insert into SHOT values (8581, 8518, 8519, 7352, 26.220, 11.73, -0.76, 26.220, 11.73, -0.76, 0.002, 197.86, -85.23);
insert into SHOT_FLAG values(8581, 'dpl');
insert into SHOT values (8582, 8519, 8520, 7352, 23.470, 16.66, 0.89, 23.478, 16.66, 0.88, 0.009, 15.24, -29.04);
insert into SHOT_FLAG values(8582, 'dpl');
insert into SHOT values (8583, 8520, 8521, 7352, 23.050, 26.65, 0.57, 23.051, 26.65, 0.57, 0.002, 97.49, 22.23);
insert into SHOT_FLAG values(8583, 'dpl');
insert into SHOT values (8584, 8521, 8522, 7352, 18.010, 45.46, 4.81, 18.003, 45.47, 4.81, 0.008, 191.63, -1.22);
insert into SHOT_FLAG values(8584, 'dpl');
insert into SHOT values (8585, 8522, 8523, 7352, 12.960, 62.06, -6.64, 12.961, 62.02, -6.60, 0.012, 342.94, 44.41);
insert into SHOT_FLAG values(8585, 'dpl');
insert into SHOT values (8586, 8523, 8524, 7352, 15.410, 91.99, 7.03, 15.415, 92.02, 7.01, 0.012, 150.34, -30.40);
insert into SHOT_FLAG values(8586, 'dpl');
insert into SHOT values (8587, 8524, 8525, 7352, 7.870, 34.59, 17.47, 7.868, 34.58, 17.45, 0.003, 269.31, -56.77);
insert into SHOT_FLAG values(8587, 'dpl');
insert into SHOT values (8588, 8524, 8526, 7352, 20.330, 91.12, -1.79, 20.324, 91.10, -1.78, 0.011, 319.22, 27.95);
insert into SHOT_FLAG values(8588, 'dpl');
insert into SHOT values (8589, 8526, 8527, 7352, 24.600, 357.82, -1.14, 24.592, 357.83, -1.14, 0.009, 142.75, -3.56);
insert into SHOT_FLAG values(8589, 'dpl');
insert into SHOT values (8590, 8527, 8528, 7352, 24.900, 50.90, 0.46, 24.902, 50.88, 0.46, 0.007, 336.29, 0.72);
insert into SHOT_FLAG values(8590, 'dpl');
insert into SHOT values (8591, 8528, 8529, 7352, 27.800, 72.31, 0.56, 27.797, 72.30, 0.56, 0.005, 304.69, -18.50);
insert into SHOT_FLAG values(8591, 'dpl');
insert into SHOT values (8592, 8529, 8530, 7352, 25.830, 77.95, -1.43, 25.837, 77.95, -1.44, 0.009, 95.91, -37.44);
insert into SHOT_FLAG values(8592, 'dpl');
insert into SHOT values (8593, 8530, 8531, 7352, 27.580, 61.72, 0.32, 27.570, 61.72, 0.33, 0.012, 229.27, 30.26);
insert into SHOT_FLAG values(8593, 'dpl');
insert into SHOT values (8594, 8531, 8532, 7352, 24.010, 68.62, 5.61, 24.009, 68.62, 5.62, 0.003, 212.79, 68.17);
insert into SHOT_FLAG values(8594, 'dpl');
insert into SHOT values (8595, 8532, 8533, 7352, 21.280, 97.49, -1.94, 21.284, 97.48, -1.97, 0.011, 57.59, -65.71);
insert into SHOT_FLAG values(8595, 'dpl');
insert into SHOT values (8596, 8533, 8534, 7352, 14.930, 41.21, 2.63, 14.933, 41.22, 2.65, 0.006, 90.10, 49.75);
insert into SHOT_FLAG values(8596, 'dpl');
insert into SHOT values (8597, 8534, 8535, 7352, 19.300, 50.35, -0.64, 19.304, 50.34, -0.65, 0.007, 7.88, -38.47);
insert into SHOT_FLAG values(8597, 'dpl');
insert into SHOT values (8598, 8535, 8536, 7352, 14.230, 51.65, -0.27, 14.225, 51.68, -0.24, 0.012, 177.13, 37.76);
insert into SHOT_FLAG values(8598, 'dpl');
insert into SHOT values (8599, 8536, 8537, 7352, 4.040, 15.75, -7.74, 4.046, 15.63, -7.81, 0.011, 316.99, -31.27);
insert into SHOT_FLAG values(8599, 'dpl');
insert into SHOT values (8600, 8536, 8538, 7352, 10.740, 37.99, -1.40, 10.741, 37.93, -1.44, 0.014, 312.91, -32.45);
insert into SHOT_FLAG values(8600, 'dpl');
insert into SHOT values (8601, 8538, 8539, 7352, 2.770, 77.85, -21.64, 2.772, 77.91, -21.59, 0.004, 123.39, 23.35);
insert into SHOT_FLAG values(8601, 'dpl');
insert into SHOT values (8602, 8539, 8540, 7352, 4.530, 78.60, 40.77, 4.529, 78.56, 40.81, 0.004, 301.76, 26.64);
insert into SHOT_FLAG values(8602, 'dpl');
insert into SHOT values (8603, 8540, 8541, 7352, 2.040, 125.84, 53.31, 2.046, 126.03, 53.26, 0.008, 163.13, 32.23);
insert into SHOT_FLAG values(8603, 'dpl');
insert into SHOT values (8604, 8541, 8542, 7352, 3.630, 168.88, 39.64, 3.624, 168.85, 39.60, 0.007, 17.01, -62.68);
insert into SHOT_FLAG values(8604, 'dpl');
insert into SHOT values (8605, 8542, 8543, 7352, 4.510, 242.43, 6.91, 4.511, 242.46, 7.00, 0.008, 332.16, 71.34);
insert into SHOT_FLAG values(8605, 'dpl');
insert into SHOT values (8606, 8543, 8544, 7352, 2.730, 181.44, 41.98, 2.727, 181.41, 41.87, 0.006, 140.63, -75.33);
insert into SHOT_FLAG values(8606, 'dpl');
insert into SHOT values (8607, 8544, 8545, 7352, 2.420, 21.13, 22.96, 2.426, 21.28, 23.05, 0.009, 77.15, 40.90);
insert into SHOT_FLAG values(8607, 'dpl');
insert into SHOT values (8608, 8545, 8546, 7352, 4.960, 139.87, 55.40, 4.959, 140.04, 55.37, 0.009, 219.03, -18.12);
insert into SHOT_FLAG values(8608, 'dpl');
insert into SHOT values (8609, 8546, 8547, 7352, 2.110, 190.35, -6.53, 2.108, 190.45, -6.54, 0.004, 303.11, -0.62);
insert into SHOT_FLAG values(8609, 'dpl');
insert into SHOT values (8610, 8547, 8548, 7352, 5.830, 132.15, 15.48, 5.831, 132.12, 15.41, 0.008, 84.47, -53.23);
insert into SHOT_FLAG values(8610, 'dpl');
insert into SHOT values (8611, 8548, 8549, 7352, 4.470, 14.57, 13.64, 4.476, 14.52, 13.70, 0.009, 334.33, 42.60);
insert into SHOT_FLAG values(8611, 'dpl');
insert into SHOT values (8612, 8549, 8550, 7352, 4.910, 356.51, 18.72, 4.906, 356.55, 18.66, 0.007, 117.86, -59.14);
insert into SHOT_FLAG values(8612, 'dpl');
insert into SHOT values (8613, 8550, 8551, 7352, 7.870, 137.51, 35.96, 7.875, 137.54, 36.01, 0.009, 226.76, 65.71);
insert into SHOT_FLAG values(8613, 'dpl');
insert into SHOT values (8614, 8551, 8552, 7352, 6.460, 91.91, 14.30, 6.462, 91.92, 14.24, 0.007, 110.53, -55.33);
insert into SHOT_FLAG values(8614, 'dpl');
insert into SHOT values (8615, 8552, 8553, 7352, 3.340, 25.67, 6.61, 3.342, 25.72, 6.70, 0.006, 97.08, 63.20);
insert into SHOT_FLAG values(8615, 'dpl');
insert into SHOT values (8616, 8553, 8554, 7352, 16.070, 95.21, -17.86, 16.068, 95.21, -17.87, 0.003, 245.84, -29.24);
insert into SHOT_FLAG values(8616, 'dpl');
insert into SHOT values (8617, 8554, 8555, 7352, 13.570, 84.16, 12.65, 13.568, 84.15, 12.64, 0.004, 325.68, -27.79);
insert into SHOT_FLAG values(8617, 'dpl');
insert into SHOT values (8618, 8555, 8556, 7352, 7.690, 20.08, -1.26, 7.689, 20.08, -1.27, 0.001, 152.81, -44.70);
insert into SHOT_FLAG values(8618, 'dpl');
insert into SHOT values (8619, 8556, 8557, 7352, 9.500, 60.41, -9.58, 9.506, 60.40, -9.57, 0.006, 43.48, 9.64);
insert into SHOT_FLAG values(8619, 'dpl');
insert into SHOT values (8620, 8557, 8558, 7352, 14.870, 26.45, 8.15, 14.868, 26.43, 8.16, 0.007, 278.83, 16.65);
insert into SHOT_FLAG values(8620, 'dpl');
insert into SHOT values (8621, 8558, 8559, 7352, 19.620, 88.20, 24.60, 19.617, 88.20, 24.58, 0.007, 230.06, -85.88);
insert into SHOT_FLAG values(8621, 'dpl');
insert into SHOT values (8622, 8559, 8560, 7352, 7.180, 89.85, 27.16, 7.183, 89.91, 27.17, 0.007, 165.63, 19.78);
insert into SHOT_FLAG values(8622, 'dpl');
insert into SHOT values (8623, 8560, 8561, 7352, 7.770, 108.99, 18.35, 7.768, 109.00, 18.38, 0.005, 267.03, 47.40);
insert into SHOT_FLAG values(8623, 'dpl');
insert into SHOT values (8624, 8561, 8562, 7352, 5.810, 83.49, 4.62, 5.817, 83.46, 4.63, 0.007, 61.18, 15.91);
insert into SHOT_FLAG values(8624, 'dpl');
insert into SHOT values (8625, 8562, 8563, 7352, 18.000, 24.78, -4.83, 17.997, 24.79, -4.84, 0.007, 152.84, -40.48);
insert into SHOT_FLAG values(8625, 'dpl');
insert into SHOT values (8626, 8563, 8564, 7352, 15.820, 27.85, -5.35, 15.819, 27.82, -5.33, 0.010, 291.84, 29.59);
insert into SHOT_FLAG values(8626, 'dpl');
insert into SHOT values (8627, 8564, 8565, 7352, 25.780, 32.95, 4.38, 25.779, 32.95, 4.36, 0.009, 270.50, -83.74);
insert into SHOT_FLAG values(8627, 'dpl');
insert into SHOT values (8628, 8565, 8566, 7352, 21.610, 37.43, 3.83, 21.612, 37.44, 3.85, 0.008, 112.96, 50.51);
insert into SHOT_FLAG values(8628, 'dpl');
insert into SHOT values (8629, 8566, 8567, 7352, 21.770, 19.23, -2.59, 21.775, 19.22, -2.61, 0.009, 333.21, -44.48);
insert into SHOT_FLAG values(8629, 'dpl');
insert into SHOT values (8630, 8567, 8568, 7352, 7.940, 22.13, 0.50, 7.935, 22.14, 0.51, 0.005, 191.31, 8.28);
insert into SHOT_FLAG values(8630, 'dpl');
insert into SHOT values (8631, 8568, 8569, 7352, 10.730, 78.70, 15.23, 10.738, 78.70, 15.23, 0.008, 79.93, 9.54);
insert into SHOT_FLAG values(8631, 'dpl');
insert into SHOT values (8632, 8569, 8570, 7352, 12.740, 14.11, 1.96, 12.741, 14.09, 1.98, 0.006, 291.84, 44.77);
insert into SHOT_FLAG values(8632, 'dpl');
insert into SHOT values (8633, 8570, 8571, 7352, 14.500, 356.89, -14.52, 14.505, 356.90, -14.53, 0.006, 22.11, -48.21);
insert into SHOT_FLAG values(8633, 'dpl');
insert into SHOT values (8634, 8571, 8572, 7352, 8.340, 20.67, 17.64, 8.333, 20.65, 17.67, 0.009, 221.26, 17.94);
insert into SHOT_FLAG values(8634, 'dpl');
insert into SHOT values (8635, 8572, 8573, 7352, 11.340, 47.62, -1.68, 11.345, 47.64, -1.67, 0.007, 93.18, 19.72);
insert into SHOT_FLAG values(8635, 'dpl');
insert into SHOT values (8636, 8573, 8574, 7352, 7.830, 57.97, 13.42, 7.823, 57.94, 13.38, 0.010, 275.44, -46.72);
insert into SHOT_FLAG values(8636, 'dpl');
insert into SHOT values (8637, 8574, 8575, 7352, 5.550, 85.32, 17.40, 5.551, 85.34, 17.40, 0.003, 142.38, 6.94);
insert into SHOT_FLAG values(8637, 'dpl');
insert into SHOT values (8638, 8575, 8576, 7352, 8.480, 83.56, -19.81, 8.481, 83.53, -19.78, 0.007, 22.92, 34.84);
insert into SHOT_FLAG values(8638, 'dpl');
insert into SHOT values (8639, 8576, 8577, 7352, 19.000, 61.83, 13.08, 18.993, 61.84, 13.09, 0.009, 215.08, 0.57);
insert into SHOT_FLAG values(8639, 'dpl');
insert into SHOT values (8640, 8577, 8578, 7352, 5.800, 129.46, 17.21, 5.802, 129.43, 17.24, 0.005, 66.45, 55.24);
insert into SHOT_FLAG values(8640, 'dpl');
insert into SHOT values (8641, 8578, 8579, 7352, 12.430, 98.04, 8.81, 12.426, 98.00, 8.80, 0.009, 341.94, -24.06);
insert into SHOT_FLAG values(8641, 'dpl');
insert into SHOT values (8642, 8579, 8580, 7352, 15.320, 128.35, 11.17, 15.326, 128.36, 11.17, 0.006, 145.72, 21.71);
insert into SHOT_FLAG values(8642, 'dpl');
insert into SHOT values (8643, 8580, 8581, 7352, 14.940, 111.02, 20.98, 14.938, 111.01, 20.99, 0.004, 340.39, 12.50);
insert into SHOT_FLAG values(8643, 'dpl');
insert into SHOT values (8644, 8581, 8582, 7352, 12.750, 103.06, -4.40, 12.758, 103.09, -4.41, 0.010, 138.99, -10.64);
insert into SHOT_FLAG values(8644, 'dpl');
insert into SHOT values (8645, 8582, 8583, 7352, 5.360, 109.38, -43.09, 5.355, 109.27, -43.12, 0.009, 344.19, 10.21);
insert into SHOT_FLAG values(8645, 'dpl');
insert into SHOT values (8646, 8583, 8584, 7352, 2.040, 113.12, -31.34, 2.040, 113.33, -31.31, 0.006, 202.45, 9.29);
insert into SHOT_FLAG values(8646, 'dpl');
insert into SHOT values (8647, 8584, 8585, 7352, 3.300, 77.81, -50.91, 3.311, 77.83, -50.92, 0.011, 84.10, -54.63);
insert into SHOT_FLAG values(8647, 'dpl');
insert into SHOT values (8648, 8585, 8586, 7352, 3.410, 47.63, -54.28, 3.402, 47.65, -54.22, 0.009, 207.14, 77.64);
insert into SHOT_FLAG values(8648, 'dpl');
insert into SHOT values (8649, 8586, 8587, 7352, 3.480, 337.76, -22.32, 3.484, 337.74, -22.44, 0.009, 278.22, -79.41);
insert into SHOT_FLAG values(8649, 'dpl');
insert into SHOT values (8650, 8587, 8588, 7352, 3.080, 117.13, -36.90, 3.072, 117.09, -36.80, 0.010, 327.32, 67.95);
insert into SHOT_FLAG values(8650, 'dpl');
insert into SHOT values (8651, 8588, 8589, 7352, 8.410, 39.40, -46.14, 8.413, 39.43, -46.18, 0.007, 156.93, -62.39);
insert into SHOT_FLAG values(8651, 'dpl');
insert into SHOT values (8652, 8589, 8590, 7352, 2.510, 169.63, -49.52, 2.508, 169.73, -49.59, 0.004, 310.58, -10.56);
insert into SHOT_FLAG values(8652, 'dpl');
insert into SHOT values (8653, 8590, 8591, 7352, 5.370, 114.35, -64.73, 5.366, 114.44, -64.67, 0.008, 162.21, 50.34);
insert into SHOT_FLAG values(8653, 'dpl');
insert into SHOT values (8654, 8591, 8592, 7352, 4.040, 107.22, 4.60, 4.042, 107.18, 4.54, 0.006, 58.54, -44.11);
insert into SHOT_FLAG values(8654, 'dpl');
insert into SHOT values (8655, 8592, 8593, 7352, 8.660, 107.66, -5.23, 8.651, 107.64, -5.24, 0.010, 309.60, -3.55);
insert into SHOT_FLAG values(8655, 'dpl');
insert into SHOT values (8656, 8593, 8594, 7352, 20.030, 98.20, -4.80, 20.035, 98.21, -4.81, 0.007, 126.25, -36.34);
insert into SHOT_FLAG values(8656, 'dpl');
insert into SHOT values (8657, 8594, 8595, 7352, 21.660, 90.63, -11.08, 21.665, 90.65, -11.07, 0.008, 141.30, 17.95);
insert into SHOT_FLAG values(8657, 'dpl');
insert into SHOT values (8658, 8595, 8596, 7352, 20.830, 80.72, -1.89, 20.824, 80.71, -1.87, 0.010, 294.29, 45.80);
insert into SHOT_FLAG values(8658, 'dpl');
insert into SURVEY values (7354, 71, 'cotw_surface_tie_in', 'cotw_surface_tie_in.clearwater_master', NULL);
 insert into CENTRELINE values (7355, 7354, NULL, NULL, NULL, 0.00, 0.00, 0.00);
 insert into CENTRELINE values (7356, 7354, NULL, '2018-01-14', NULL, 6.65, 91.58, 0.00);
 insert into SHOT values (8659, 8597, 8598, 7356, 6.500, 194.86, 10.98, 6.494, 194.91, 11.01, 0.009, 335.03, 13.22);
insert into SHOT_FLAG values(8659, 'srf');
insert into SHOT values (8660, 8598, 8599, 7356, 10.730, 156.73, 12.58, 10.731, 156.72, 12.59, 0.004, 79.43, 47.06);
insert into SHOT_FLAG values(8660, 'srf');
insert into SHOT values (8661, 8599, 8600, 7356, 15.870, 180.25, 11.90, 15.871, 180.26, 11.89, 0.004, 241.64, -44.00);
insert into SHOT_FLAG values(8661, 'srf');
insert into SHOT values (8662, 8600, 8601, 7356, 14.310, 167.99, 14.79, 14.307, 167.98, 14.78, 0.004, 18.20, -43.37);
insert into SHOT_FLAG values(8662, 'srf');
insert into SHOT values (8663, 8601, 8602, 7356, 20.750, 198.21, 12.55, 20.751, 198.21, 12.55, 0.001, 253.00, 64.69);
insert into SHOT_FLAG values(8663, 'srf');
insert into SHOT values (8664, 8602, 8603, 7356, 6.270, 220.38, 17.38, 6.273, 220.39, 17.34, 0.005, 242.19, -36.93);
insert into SHOT_FLAG values(8664, 'srf');
insert into SHOT values (8665, 8603, 8604, 7356, 4.640, 189.86, 6.93, 4.642, 189.87, 6.93, 0.002, 212.76, 3.81);
insert into SHOT_FLAG values(8665, 'srf');
insert into SHOT values (8666, 8604, 8605, 7356, 4.030, 201.23, 32.65, 4.031, 201.27, 32.74, 0.007, 336.16, 61.25);
insert into SHOT_FLAG values(8666, 'srf');
insert into SHOT values (8667, 8606, 8605, 7356, 8.480, 279.62, -19.77, 8.483, 279.66, -19.77, 0.007, 342.29, -14.02);
insert into SHOT_FLAG values(8667, 'srf');
insert into SHOT values (8668, 8606, 8607, 7356, 6.650, 44.80, -11.77, 6.653, 44.81, -11.80, 0.004, 78.16, -51.78);
insert into SURVEY values (7358, 71, 'clearwater_centreline', 'clearwater_centreline.clearwater_master', NULL);
 insert into CENTRELINE values (7359, 7358, NULL, NULL, NULL, 0.00, 0.00, 0.00);
 insert into CENTRELINE values (7360, 7358, NULL, '2018-01-15', NULL, 0.00, 0.00, 691.43);
 insert into SHOT values (8669, 8608, 8609, 7360, 7.410, 196.63, -4.62, 7.412, 196.60, -4.64, 0.006, 128.53, -33.09);
insert into SHOT_FLAG values(8669, 'dpl');
insert into SHOT values (8670, 8608, 8610, 7360, 7.390, 197.64, -4.64, 7.390, 197.62, -4.66, 0.003, 105.08, -45.29);
insert into SHOT_FLAG values(8670, 'dpl');
insert into SHOT values (8671, 8608, 8611, 7360, 11.720, 60.71, -26.13, 11.723, 60.71, -26.11, 0.004, 53.64, 23.00);
insert into SHOT_FLAG values(8671, 'dpl');
insert into SHOT values (8672, 8611, 8612, 7360, 31.980, 22.09, -22.65, 31.976, 22.10, -22.66, 0.008, 171.40, -32.06);
insert into SHOT_FLAG values(8672, 'dpl');
insert into SHOT values (8673, 8612, 8613, 7360, 28.840, 338.91, -22.21, 28.847, 338.91, -22.20, 0.009, 344.08, 10.46);
insert into SHOT_FLAG values(8673, 'dpl');
insert into SHOT values (8674, 8613, 8614, 7360, 11.480, 21.76, -8.84, 11.473, 21.75, -8.82, 0.009, 224.81, 29.14);
insert into SHOT_FLAG values(8674, 'dpl');
insert into SHOT values (8675, 8614, 8615, 7360, 43.680, 28.46, -4.98, 43.685, 28.46, -4.98, 0.005, 39.91, 20.24);
insert into SHOT_FLAG values(8675, 'dpl');
insert into SHOT values (8676, 8615, 8616, 7360, 36.680, 102.95, -0.27, 36.683, 102.95, -0.28, 0.008, 91.36, -65.11);
insert into SHOT_FLAG values(8676, 'dpl');
insert into SHOT values (8677, 8616, 8617, 7360, 3.800, 85.30, 0.35, 3.793, 85.31, 0.45, 0.010, 259.23, 43.00);
insert into SHOT_FLAG values(8677, 'dpl');
insert into SHOT values (8678, 8617, 8618, 7360, 6.490, 66.76, 1.14, 6.497, 66.79, 1.15, 0.008, 92.50, 6.44);
insert into SHOT_FLAG values(8678, 'dpl');
insert into SHOT values (8679, 8618, 8619, 7360, 14.380, 53.27, -5.57, 14.380, 53.27, -5.59, 0.004, 319.49, -77.44);
insert into SHOT_FLAG values(8679, 'dpl');
insert into SHOT values (8680, 8619, 8620, 7360, 6.800, 14.15, 9.73, 6.802, 14.16, 9.73, 0.002, 53.46, 21.25);
insert into SHOT_FLAG values(8680, 'dpl');
insert into SHOT values (8681, 8620, 8621, 7360, 43.110, 12.78, -1.88, 43.110, 12.78, -1.87, 0.004, 297.99, 73.11);
insert into SHOT_FLAG values(8681, 'dpl');
insert into SHOT values (8682, 8621, 8622, 7360, 26.580, 31.21, -0.61, 26.577, 31.21, -0.63, 0.008, 231.13, -66.78);
insert into SHOT_FLAG values(8682, 'dpl');
insert into SHOT values (8683, 8622, 8623, 7360, 40.980, 27.91, -0.67, 40.979, 27.91, -0.67, 0.001, 220.90, -34.22);
insert into SHOT_FLAG values(8683, 'dpl');
insert into SHOT values (8684, 8623, 8624, 7360, 20.400, 359.48, -2.60, 20.402, 359.47, -2.58, 0.008, 290.02, 45.17);
insert into SHOT_FLAG values(8684, 'dpl');
insert into SHOT values (8685, 8624, 8625, 7360, 20.770, 354.09, 1.34, 20.765, 354.11, 1.32, 0.011, 116.24, -32.57);
insert into SHOT_FLAG values(8685, 'dpl');
insert into SHOT values (8686, 8625, 8626, 7360, 20.890, 345.48, 4.11, 20.891, 345.46, 4.12, 0.007, 262.65, 24.80);
insert into SHOT_FLAG values(8686, 'dpl');
insert into SHOT values (8687, 8626, 8627, 7360, 29.840, 325.84, 2.25, 29.845, 325.85, 2.25, 0.008, 18.43, -11.20);
insert into SHOT_FLAG values(8687, 'dpl');
insert into SHOT values (8688, 8627, 8628, 7360, 56.870, 20.41, 0.50, 56.862, 20.41, 0.50, 0.009, 193.38, 25.08);
insert into SHOT_FLAG values(8688, 'dpl');
insert into SHOT values (8689, 8628, 8629, 7360, 34.550, 81.85, -1.51, 34.551, 81.84, -1.51, 0.004, 12.45, 6.62);
insert into SHOT_FLAG values(8689, 'dpl');
insert into SHOT values (8690, 8629, 8630, 7360, 21.710, 69.83, 1.46, 21.707, 69.84, 1.45, 0.005, 210.90, -39.11);
insert into SHOT_FLAG values(8690, 'dpl');
insert into SHOT values (8691, 8630, 8631, 7360, 21.020, 60.25, 4.79, 21.027, 60.24, 4.80, 0.009, 35.17, 33.08);
insert into SHOT_FLAG values(8691, 'dpl');
insert into SHOT values (8692, 8631, 8632, 7360, 7.540, 39.82, 10.99, 7.535, 39.85, 10.94, 0.009, 178.82, -56.16);
insert into SHOT_FLAG values(8692, 'dpl');
insert into SHOT values (8693, 8632, 8633, 7360, 19.540, 31.65, 8.54, 19.542, 31.65, 8.56, 0.008, 37.44, 84.59);
insert into SHOT_FLAG values(8693, 'dpl');
insert into SHOT values (8694, 8633, 8634, 7360, 6.140, 319.55, -24.14, 6.144, 319.49, -24.22, 0.011, 232.05, -55.58);
insert into SHOT_FLAG values(8694, 'dpl');
insert into SHOT values (8695, 8634, 8635, 7360, 32.680, 28.69, -6.31, 32.688, 28.69, -6.31, 0.009, 47.56, 11.74);
insert into SHOT_FLAG values(8695, 'dpl');
insert into SHOT values (8696, 8635, 8636, 7360, 14.870, 44.53, 0.99, 14.866, 44.51, 1.00, 0.007, 278.78, 25.02);
insert into SHOT_FLAG values(8696, 'dpl');
insert into SHOT values (8697, 8634, 8637, 7360, 30.280, 152.14, 35.41, 30.280, 152.12, 35.42, 0.012, 40.16, 24.42);
insert into SHOT_FLAG values(8697, 'dpl');
insert into SHOT values (8698, 8637, 8638, 7360, 26.360, 78.03, 9.81, 26.359, 78.05, 9.81, 0.007, 178.28, -10.01);
insert into SHOT_FLAG values(8698, 'dpl');
insert into SHOT values (8699, 8638, 8639, 7360, 6.650, 55.64, 12.68, 6.645, 55.62, 12.69, 0.006, 253.84, 2.75);
insert into SHOT_FLAG values(8699, 'dpl');
insert into SURVEY values (7362, 71, 'eureka_climb', 'eureka_climb.clearwater_master', NULL);
 insert into CENTRELINE values (7363, 7362, NULL, NULL, NULL, 0.00, 0.00, 0.00);
 insert into CENTRELINE values (7364, 7362, NULL, '2019-04-21', NULL, 53.37, 0.00, 29.35);
 insert into SHOT values (8700, 8640, 8641, 7364, 7.330, 200.83, 4.91, 7.331, 200.77, 4.85, 0.011, 121.31, -42.19);
insert into SHOT values (8701, 8640, 8642, 7364, 23.450, 28.31, -1.03, 23.449, 28.31, -1.03, 0.003, 156.72, 36.34);
insert into SHOT values (8702, 8642, 8643, 7364, 6.670, 24.75, -3.51, 6.675, 24.76, -3.52, 0.005, 34.46, -18.52);
insert into SHOT values (8703, 8643, 8644, 7364, 5.870, 47.76, 16.16, 5.866, 47.73, 16.13, 0.006, 268.31, -42.65);
insert into SHOT values (8704, 8644, 8645, 7364, 7.060, 69.52, -3.50, 7.066, 69.59, -3.49, 0.010, 122.93, 5.61);
insert into SHOT values (8705, 8645, 8646, 7364, 2.990, 95.90, 20.43, 2.982, 95.96, 20.41, 0.008, 254.36, -26.68);
insert into SHOT values (8706, 8646, 8647, 7364, 29.350, 89.26, -57.05, 29.350, 89.25, -57.05, 0.005, 328.59, -13.52);
insert into SHOT_FLAG values(8706, 'dpl');
insert into SURVEY values (7366, 71, 'eureka_crawl', 'eureka_crawl.clearwater_master', NULL);
 insert into CENTRELINE values (7367, 7366, NULL, NULL, NULL, 0.00, 0.00, 0.00);
 insert into CENTRELINE values (7368, 7366, NULL, '2019-04-21', NULL, 65.13, 0.00, 0.00);
 insert into SHOT values (8707, 8648, 8649, 7368, 6.100, 221.60, -7.30, 6.093, 221.58, -7.36, 0.010, 57.18, -30.06);
insert into SHOT values (8708, 8649, 8650, 7368, 5.740, 273.60, -8.80, 5.737, 273.54, -8.72, 0.010, 168.67, 52.27);
insert into SHOT values (8709, 8650, 8651, 7368, 3.240, 229.70, -0.10, 3.243, 229.88, -0.18, 0.011, 301.99, -22.36);
insert into SHOT values (8710, 8651, 8652, 7368, 3.890, 269.90, -10.50, 3.885, 269.85, -10.53, 0.006, 124.40, -10.62);
insert into SHOT values (8711, 8652, 8653, 7368, 3.940, 243.30, -3.00, 3.945, 243.30, -2.91, 0.008, 246.88, 49.11);
insert into SHOT values (8712, 8653, 8654, 7368, 4.070, 147.60, -2.10, 4.067, 147.56, -2.11, 0.004, 8.99, -11.69);
insert into SHOT values (8713, 8654, 8655, 7368, 2.710, 185.00, 15.20, 2.714, 184.82, 15.17, 0.009, 120.96, -3.30);
insert into SHOT values (8714, 8655, 8656, 7368, 3.080, 287.10, -17.80, 3.088, 287.20, -17.72, 0.011, 317.43, 8.38);
insert into SHOT values (8715, 8656, 8657, 7368, 6.300, 285.10, 1.00, 6.298, 285.10, 1.00, 0.002, 120.90, 1.58);
insert into SHOT values (8716, 8657, 8658, 7368, 6.000, 266.80, 17.00, 6.000, 266.80, 16.96, 0.004, 284.74, -74.71);
insert into SHOT values (8717, 8658, 8659, 7368, 2.590, 212.90, 3.90, 2.589, 212.83, 3.99, 0.005, 96.73, 46.94);
insert into SHOT values (8718, 8659, 8660, 7368, 8.700, 204.50, -59.80, 8.740, 204.70, -59.75, 0.044, 234.81, -44.99);
insert into SHOT values (8719, 8659, 8660, 7368, 8.770, 205.00, -59.70, 8.740, 204.70, -59.75, 0.039, 71.29, 34.79);
insert into SURVEY values (7370, 71, 'eureka_climb_revisited', 'eureka_climb_revisited.clearwater_master', NULL);
 insert into CENTRELINE values (7371, 7370, NULL, NULL, NULL, 0.00, 0.00, 0.00);
 insert into CENTRELINE values (7372, 7370, NULL, '2019-04-21', NULL, 93.71, 0.00, 0.00);
 insert into SHOT values (8720, 8661, 8662, 7372, 13.030, 278.90, 51.10, 13.027, 278.86, 51.11, 0.007, 146.91, -4.13);
insert into SHOT values (8721, 8662, 8663, 7372, 9.220, 344.80, 35.80, 9.221, 344.81, 35.77, 0.005, 10.28, -42.14);
insert into SHOT values (8722, 8663, 8664, 7372, 5.610, 217.20, -11.30, 5.611, 217.24, -11.31, 0.004, 295.79, -9.60);
insert into SHOT values (8723, 8664, 8665, 7372, 7.770, 192.70, 28.40, 7.774, 192.67, 28.42, 0.006, 131.87, 51.35);
insert into SHOT values (8724, 8665, 8666, 7372, 11.100, 191.30, 12.90, 11.100, 191.30, 12.91, 0.002, 46.35, 85.57);
insert into SHOT values (8725, 8666, 8667, 7372, 5.310, 176.90, 24.50, 5.314, 176.92, 24.46, 0.006, 194.13, -20.74);
insert into SHOT values (8726, 8667, 8668, 7372, 2.000, 90.80, 22.80, 1.995, 90.62, 22.71, 0.008, 328.30, -36.70);
insert into SHOT values (8727, 8668, 8669, 7372, 4.070, 96.70, 42.10, 4.071, 96.65, 42.11, 0.003, 18.57, 29.05);
insert into SHOT values (8728, 8669, 8670, 7372, 2.870, 176.80, 30.00, 2.871, 176.77, 30.10, 0.005, 37.83, 67.73);
insert into SHOT values (8729, 8670, 8671, 7372, 4.910, 96.10, 47.20, 4.910, 96.19, 47.15, 0.007, 152.74, -22.91);
insert into SHOT values (8730, 8671, 8672, 7372, 2.180, 72.60, 39.60, 2.178, 72.65, 39.67, 0.004, 231.10, 6.46);
insert into SHOT values (8731, 8672, 8673, 7372, 3.220, 129.90, 50.10, 3.216, 129.88, 50.19, 0.007, 317.05, -2.33);
insert into SHOT values (8732, 8673, 8674, 7372, 3.040, 156.40, 30.50, 3.039, 156.37, 30.45, 0.003, 78.35, -64.79);
insert into SHOT values (8733, 8666, 8675, 7372, 14.280, 213.90, 7.00, 14.279, 213.93, 7.00, 0.006, 311.57, -2.64);
insert into SHOT values (8734, 8675, 8676, 7372, 5.100, 197.80, 4.20, 5.105, 197.72, 4.16, 0.009, 145.91, -22.07);
insert into SURVEY values (7374, 71, 'bloodsweatandfear', 'bloodsweatandfear.clearwater_master', NULL);
 insert into CENTRELINE values (7375, 7374, NULL, NULL, NULL, 0.00, 0.00, 0.00);
 insert into SCRAPS values (7376, 7374, 'bsfSP1', 1, 0.63548, 0.05159);
 insert into SCRAPS values (7431, 7374, 'bsfSP2', 1, 0.32095, 0.08774);
 insert into SCRAPS values (7439, 7374, 'bsfSP3', 1, 0.60377, 0.07730);
 insert into MAPS values (7458, 7374, 'bloodsweatandfear_m', NULL, 1, 50.590, 9.000);
 insert into MAPITEMS values (7458, 4, 7376);
 insert into MAPITEMS values (7458, 4, 7431);
 insert into MAPITEMS values (7458, 4, 7439);
 insert into CENTRELINE values (7459, 7374, NULL, '2019-04-23', NULL, 50.59, 0.00, 14.84);
 insert into SHOT values (8735, 8677, 8678, 7459, 3.680, 270.71, -1.51, 3.682, 270.78, -1.56, 0.006, 340.54, -32.88);
insert into SHOT_FLAG values(8735, 'dpl');
insert into SHOT values (8736, 8678, 8679, 7459, 2.070, 189.88, -37.35, 2.071, 189.81, -37.47, 0.005, 64.31, -57.97);
insert into SHOT_FLAG values(8736, 'dpl');
insert into SHOT values (8737, 8679, 8680, 7459, 3.150, 302.62, -24.43, 3.147, 302.75, -24.40, 0.007, 54.57, 22.06);
insert into SHOT_FLAG values(8737, 'dpl');
insert into SHOT values (8738, 8680, 8681, 7459, 5.940, 304.31, -5.78, 5.938, 304.31, -5.80, 0.003, 128.25, -43.21);
insert into SHOT_FLAG values(8738, 'dpl');
insert into SHOT values (8739, 8681, 8682, 7459, 3.250, 224.96, 10.84, 3.254, 225.00, 10.81, 0.005, 253.43, -14.59);
insert into SHOT values (8740, 8682, 8683, 7459, 12.240, 267.28, -3.11, 12.242, 267.28, -3.09, 0.004, 269.85, 66.12);
insert into SHOT values (8741, 8683, 8684, 7459, 4.280, 201.98, 3.33, 4.278, 202.00, 3.35, 0.003, 340.66, 30.72);
insert into SHOT values (8742, 8684, 8685, 7459, 5.440, 263.61, 11.27, 5.438, 263.54, 11.24, 0.007, 162.56, -25.79);
insert into SHOT values (8743, 8685, 8686, 7459, 4.100, 220.56, -3.49, 4.100, 220.54, -3.50, 0.001, 130.51, -16.64);
insert into SHOT values (8744, 8686, 8687, 7459, 4.120, 281.88, -37.31, 4.125, 281.96, -37.30, 0.007, 328.80, -23.56);
insert into SHOT values (8745, 8687, 8688, 7459, 3.570, 125.17, 6.38, 3.574, 125.26, 6.43, 0.007, 181.89, 27.23);
insert into SHOT values (8746, 8688, 8689, 7459, 2.650, 94.43, -5.50, 2.649, 94.35, -5.41, 0.005, 1.23, 46.81);
insert into SHOT values (8747, 8689, 8690, 7459, 1.940, 271.89, -18.71, 1.933, 271.88, -18.71, 0.007, 95.30, 19.54);
insert into SHOT values (8748, 8690, 8691, 7459, 1.530, 273.74, -53.63, 1.539, 273.77, -53.67, 0.009, 279.99, -59.59);
insert into SHOT values (8749, 8691, 8692, 7459, 4.980, 234.73, -19.20, 4.980, 234.69, -19.11, 0.009, 183.78, 60.67);
insert into SHOT values (8750, 8692, 8693, 7459, 2.490, 243.78, -21.36, 2.489, 243.88, -21.45, 0.006, 4.40, -33.91);
insert into SURVEY values (7461, 71, 'east_passage', 'east_passage.clearwater_master', NULL);
 insert into CENTRELINE values (7462, 7461, NULL, NULL, NULL, 0.00, 0.00, 0.00);
 insert into CENTRELINE values (7463, 7461, NULL, '2019-04-25', NULL, 0.00, 0.00, 126.76);
 insert into SHOT values (8751, 8694, 8695, 7463, 14.780, 188.84, 1.33, 14.779, 188.84, 1.32, 0.003, 55.10, -74.07);
insert into SHOT_FLAG values(8751, 'dpl');
insert into SHOT values (8752, 8695, 8696, 7463, 29.920, 184.98, -1.89, 29.919, 184.99, -1.88, 0.008, 281.51, 58.22);
insert into SHOT_FLAG values(8752, 'dpl');
insert into SHOT values (8753, 8696, 8697, 7463, 20.430, 252.27, 1.18, 20.425, 252.27, 1.18, 0.006, 87.23, -7.50);
insert into SHOT_FLAG values(8753, 'dpl');
insert into SHOT values (8754, 8697, 8698, 7463, 15.460, 280.72, -3.74, 15.462, 280.72, -3.75, 0.003, 280.90, -35.36);
insert into SHOT_FLAG values(8754, 'dpl');
insert into SHOT values (8755, 8698, 8699, 7463, 37.190, 193.61, 1.91, 37.195, 193.61, 1.91, 0.006, 219.56, 4.75);
insert into SHOT_FLAG values(8755, 'dpl');
insert into SHOT values (8756, 8699, 8700, 7463, 8.980, 221.72, 15.31, 8.974, 221.72, 15.31, 0.006, 39.66, -9.82);
insert into SHOT_FLAG values(8756, 'dpl');
insert into SURVEY values (7465, 71, 'scientific_method', 'scientific_method.clearwater_master', NULL);
 insert into CENTRELINE values (7466, 7465, NULL, NULL, NULL, 0.00, 0.00, 0.00);
 insert into MAPS values (7467, 7465, 'scientific_method_m', NULL, 1, 254.940, 27.340);
 insert into MAPITEMS values (7467, 4, 7468);
 insert into MAPITEMS values (7467, 4, 7482);
 insert into MAPITEMS values (7467, 4, 7517);
 insert into SCRAPS values (7468, 7465, 'EastInletSP1', 1, 0.22647, 0.02074);
 insert into SCRAPS values (7482, 7465, 'ScientificMethodSP1', 1, 2.03318, 0.21301);
 insert into SCRAPS values (7517, 7465, 'HypothesisNorthSP1', 1, 2.65267, 0.22975);
 insert into CENTRELINE values (7560, 7465, NULL, '2019-04-25', NULL, 254.94, 0.00, 0.00);
 insert into SHOT values (8757, 8701, 8702, 7560, 8.530, 18.40, 2.00, 8.531, 18.39, 2.02, 0.003, 320.27, 60.15);
insert into SHOT values (8758, 8702, 8703, 7560, 3.010, 76.50, -51.00, 3.009, 76.55, -51.04, 0.003, 220.99, -15.15);
insert into SHOT values (8759, 8703, 8704, 7560, 5.410, 76.00, -36.40, 5.413, 76.06, -36.37, 0.006, 125.25, 3.80);
insert into SHOT values (8760, 8704, 8705, 7560, 2.190, 66.20, 2.80, 2.187, 66.25, 2.62, 0.008, 206.82, -66.50);
insert into SHOT values (8761, 8705, 8706, 7560, 3.780, 102.50, -13.40, 3.775, 102.26, -13.32, 0.017, 0.25, 20.73);
insert into SHOT values (8762, 8705, 8706, 7560, 3.780, 102.30, -13.40, 3.775, 102.26, -13.32, 0.007, 321.12, 54.52);
insert into SHOT values (8763, 8705, 8706, 7560, 3.780, 102.30, -13.40, 3.775, 102.26, -13.32, 0.007, 321.12, 54.52);
insert into SHOT values (8764, 8706, 8707, 7560, 4.180, 93.30, 6.40, 4.182, 93.31, 6.31, 0.007, 106.71, -62.69);
insert into SHOT values (8765, 8707, 8708, 7560, 8.850, 86.30, -27.50, 8.843, 86.35, -27.48, 0.010, 209.23, 40.65);
insert into SHOT values (8766, 8708, 8709, 7560, 17.880, 120.50, -24.80, 17.872, 120.49, -24.81, 0.009, 326.82, -1.20);
insert into SHOT values (8767, 8709, 8710, 7560, 10.270, 16.70, -18.60, 10.269, 16.72, -18.63, 0.006, 135.86, -45.32);
insert into SHOT values (8768, 8710, 8711, 7560, 12.430, 328.80, -10.60, 12.429, 328.79, -10.57, 0.007, 227.27, 80.45);
insert into SHOT values (8769, 8711, 8712, 7560, 5.750, 260.00, -19.30, 5.745, 260.02, -19.31, 0.005, 61.81, 5.23);
insert into SHOT values (8770, 8709, 8713, 7560, 17.260, 111.10, -26.90, 17.268, 111.08, -26.89, 0.010, 82.72, -5.77);
insert into SHOT values (8771, 8713, 8714, 7560, 9.410, 194.40, 1.30, 9.418, 194.39, 1.28, 0.009, 183.09, -23.58);
insert into SHOT values (8772, 8714, 8715, 7560, 17.640, 195.80, 19.20, 17.641, 195.81, 19.19, 0.004, 261.70, -16.11);
insert into SHOT values (8773, 8715, 8716, 7560, 4.320, 163.70, -2.30, 4.317, 163.71, -2.26, 0.005, 333.52, 44.98);
insert into SHOT values (8774, 8716, 8717, 7560, 7.990, 100.90, 21.90, 7.990, 100.89, 21.90, 0.002, 10.33, -5.26);
insert into SHOT values (8775, 8717, 8718, 7560, 18.100, 21.00, 35.50, 18.102, 20.99, 35.49, 0.003, 347.32, -12.31);
insert into SHOT values (8776, 8718, 8719, 7560, 11.050, 49.10, 29.60, 11.049, 49.09, 29.61, 0.003, 252.27, 40.33);
insert into SHOT values (8777, 8719, 8720, 7560, 13.510, 11.00, 10.90, 13.508, 11.04, 10.88, 0.010, 106.21, -27.37);
insert into SHOT values (8778, 8720, 8721, 7560, 18.310, 29.90, -16.10, 18.303, 29.87, -16.08, 0.012, 267.96, 39.26);
insert into SHOT values (8779, 8721, 8722, 7560, 9.810, 25.20, 3.40, 9.818, 25.18, 3.39, 0.009, 2.82, -10.95);
insert into SHOT values (8780, 8721, 8722, 7560, 9.820, 25.10, 3.40, 9.818, 25.18, 3.39, 0.014, 121.02, -9.93);
insert into SHOT values (8781, 8721, 8722, 7560, 9.810, 25.10, 3.50, 9.818, 25.18, 3.39, 0.025, 79.82, -48.64);
insert into SHOT values (8782, 8722, 8723, 7560, 5.010, 8.50, -12.60, 5.004, 8.48, -12.58, 0.007, 205.52, 24.88);
insert into SHOT values (8783, 8718, 8724, 7560, 13.060, 79.50, 33.90, 13.064, 79.53, 33.92, 0.008, 164.00, 46.02);
insert into SURVEY values (7562, 71, 'hypothesis_south', 'hypothesis_south.clearwater_master', NULL);
 insert into CENTRELINE values (7563, 7562, NULL, NULL, NULL, 0.00, 0.00, 0.00);
 insert into MAPS values (7564, 7562, 'hypothesis_south_m', NULL, 1, 137.560, 21.280);
 insert into MAPITEMS values (7564, 4, 7565);
 insert into SCRAPS values (7565, 7562, 'HypothesisSP1', 1, 0.33330, 0.02589);
 insert into CENTRELINE values (7632, 7562, NULL, '2019-04-25', NULL, 137.56, 0.00, 0.00);
 insert into SHOT values (8784, 8725, 8726, 7632, 12.760, 210.25, 10.28, 12.753, 210.24, 10.30, 0.008, 41.57, 20.95);
insert into SHOT values (8785, 8726, 8727, 7632, 8.040, 178.95, 14.15, 8.044, 178.97, 14.10, 0.008, 208.60, -42.44);
insert into SHOT values (8786, 8727, 8728, 7632, 10.740, 105.47, -0.71, 10.739, 105.45, -0.69, 0.005, 358.76, 34.42);
insert into SHOT values (8787, 8728, 8729, 7632, 9.010, 109.96, 19.31, 9.010, 110.01, 19.31, 0.008, 197.78, 4.31);
insert into SHOT values (8788, 8729, 8730, 7632, 8.470, 67.73, 9.08, 8.471, 67.73, 9.10, 0.003, 2.21, 84.26);
insert into SHOT values (8789, 8730, 8731, 7632, 3.360, 123.14, 24.19, 3.357, 123.02, 24.08, 0.010, 32.79, -45.75);
insert into SHOT values (8790, 8731, 8732, 7632, 4.350, 190.69, 27.29, 4.354, 190.73, 27.34, 0.006, 246.60, 60.28);
insert into SHOT values (8791, 8732, 8733, 7632, 8.500, 192.38, -0.32, 8.497, 192.37, -0.34, 0.004, 46.29, -38.17);
insert into SHOT values (8792, 8733, 8734, 7632, 4.430, 233.22, 1.97, 4.433, 233.26, 1.94, 0.005, 282.46, -29.60);
insert into SHOT values (8793, 8734, 8735, 7632, 7.030, 253.81, 28.41, 7.036, 253.76, 28.43, 0.008, 197.49, 40.31);
insert into SHOT values (8794, 8735, 8736, 7632, 5.010, 256.77, 6.40, 5.004, 256.75, 6.43, 0.007, 94.77, 13.03);
insert into SHOT values (8795, 8736, 8737, 7632, 4.860, 244.48, 21.32, 4.861, 244.51, 21.23, 0.008, 276.92, -58.10);
insert into SHOT values (8796, 8737, 8738, 7632, 3.170, 222.34, 26.49, 3.174, 222.29, 26.58, 0.007, 162.02, 63.56);
insert into SHOT values (8797, 8738, 8739, 7632, 8.250, 173.19, 0.46, 8.249, 173.18, 0.42, 0.007, 49.13, -69.43);
insert into SHOT values (8798, 8735, 8740, 7632, 9.140, 314.93, 41.34, 9.133, 315.00, 41.32, 0.012, 67.08, -38.54);
insert into SHOT values (8799, 8730, 8741, 7632, 12.200, 47.15, -14.47, 12.204, 47.13, -14.47, 0.006, 355.00, -13.98);
insert into SHOT values (8800, 8728, 8742, 7632, 3.660, 231.97, 19.47, 3.664, 231.94, 19.45, 0.005, 205.03, 0.93);
insert into SHOT values (8801, 8742, 8743, 7632, 8.620, 196.30, 16.81, 8.618, 196.26, 16.79, 0.007, 90.13, -25.88);
insert into SHOT values (8802, 8743, 8744, 7632, 5.960, 173.68, -14.91, 5.955, 173.71, -14.89, 0.007, 317.32, 30.83);
insert into SURVEY values (7634, 71, 'scientific_method_ii', 'scientific_method_ii.clearwater_master', NULL);
 insert into CENTRELINE values (7635, 7634, NULL, NULL, NULL, 0.00, 0.00, 0.00);
 insert into MAPS values (7636, 7634, 'scientific_method_ii_m', NULL, 1, 169.560, 17.450);
 insert into MAPITEMS values (7636, 4, 7637);
 insert into MAPITEMS values (7636, 4, 7720);
 insert into SCRAPS values (7637, 7634, 'SciMethodIISP2', 1, 6.03953, 0.17816);
 insert into SCRAPS values (7720, 7634, 'SciMethodIISP1', 1, 5.43003, 1.24303);
 insert into SCRAPS values (7731, 7634, 'SciMethodIISP3', 1, 15.25637, 0.51156);
 insert into CENTRELINE values (7771, 7634, NULL, '2019-05-01', NULL, 169.56, 0.00, 0.00);
 insert into SHOT values (8803, 8745, 8746, 7771, 31.690, 23.00, -20.80, 31.687, 22.99, -20.80, 0.006, 274.22, 32.32);
insert into SHOT values (8804, 8746, 8747, 7771, 10.080, 15.30, -19.80, 10.086, 15.34, -19.82, 0.009, 74.44, -35.68);
insert into SHOT values (8805, 8747, 8748, 7771, 12.850, 32.90, 14.20, 12.849, 32.87, 14.24, 0.010, 274.75, 49.98);
insert into SHOT values (8806, 8748, 8749, 7771, 9.070, 355.00, 17.70, 9.070, 355.02, 17.65, 0.008, 53.98, -63.31);
insert into SHOT values (8807, 8749, 8750, 7771, 2.200, 48.50, -12.50, 2.198, 48.59, -12.35, 0.007, 157.12, 60.54);
insert into SHOT values (8808, 8750, 8751, 7771, 7.160, 288.40, -55.10, 7.167, 288.35, -55.12, 0.009, 222.99, -61.39);
insert into SHOT values (8809, 8751, 8752, 7771, 18.000, 241.60, 41.00, 18.000, 241.60, 41.00, 0.002, 352.04, 36.68);
insert into SHOT values (8810, 8746, 8753, 7771, 12.000, 264.70, -25.40, 11.998, 264.71, -25.42, 0.005, 70.55, -35.45);
insert into SHOT values (8811, 8753, 8754, 7771, 7.620, 221.30, -7.90, 7.619, 221.29, -7.92, 0.003, 78.46, -60.48);
insert into SHOT values (8812, 8754, 8755, 7771, 11.210, 349.10, 20.10, 11.215, 349.11, 20.13, 0.008, 13.73, 70.00);
insert into SHOT values (8813, 8755, 8756, 7771, 5.950, 49.40, 47.50, 5.941, 49.45, 47.49, 0.009, 199.33, -47.13);
insert into SHOT values (8814, 8756, 8757, 7771, 1.900, 300.20, 24.70, 1.902, 300.28, 24.88, 0.007, 47.83, 67.25);
insert into SHOT values (8815, 8757, 8758, 7771, 10.970, 92.40, 45.10, 10.965, 92.37, 45.12, 0.008, 302.77, -3.55);
insert into SHOT values (8816, 8758, 8759, 7771, 3.020, 344.70, -6.30, 3.014, 344.71, -6.29, 0.006, 158.80, 13.63);
insert into SHOT values (8817, 8759, 8760, 7771, 10.430, 359.90, -2.50, 10.430, 359.89, -2.53, 0.005, 268.20, -70.24);
insert into SHOT values (8818, 8760, 8761, 7771, 15.410, 52.20, -28.70, 15.413, 52.18, -28.69, 0.005, 355.96, 2.56);
insert into SURVEY values (7773, 71, 'chinashop', 'chinashop.clearwater_master', NULL);
 insert into CENTRELINE values (7774, 7773, NULL, NULL, NULL, 0.00, 0.00, 0.00);
 insert into MAPS values (7775, 7773, 'chinashop_m', NULL, 1, 176.410, 66.720);
 insert into MAPITEMS values (7775, 4, 7803);
 insert into MAPITEMS values (7775, 4, 7852);
 insert into CENTRELINE values (7776, 7773, NULL, '2019-04-29', NULL, 176.41, 0.00, 0.00);
 insert into SHOT values (8819, 8762, 8763, 7776, 14.760, 75.10, -8.00, 14.757, 75.09, -8.02, 0.008, 288.68, -48.31);
insert into SHOT values (8820, 8762, 8764, 7776, 14.770, 122.70, 6.20, 14.771, 122.68, 6.18, 0.007, 53.23, -49.02);
insert into SHOT values (8821, 8762, 8765, 7776, 12.430, 90.20, 1.30, 12.433, 90.18, 1.29, 0.005, 44.12, -23.07);
insert into SHOT values (8822, 8762, 8766, 7776, 16.830, 164.80, 3.70, 16.831, 164.81, 3.68, 0.007, 232.70, -54.52);
insert into SHOT values (8823, 8762, 8767, 7776, 9.350, 288.80, -17.00, 9.347, 288.80, -17.05, 0.008, 109.02, -53.55);
insert into SHOT values (8824, 8762, 8768, 7776, 14.600, 226.30, -10.90, 14.607, 226.30, -10.89, 0.007, 225.08, 6.27);
insert into SHOT values (8825, 8762, 8769, 7776, 14.150, 6.90, -8.80, 14.149, 6.90, -8.82, 0.006, 178.01, -67.68);
insert into SHOT values (8826, 8762, 8770, 7776, 23.480, 37.30, -0.50, 23.484, 37.30, -0.51, 0.006, 32.86, -55.06);
insert into SHOT values (8827, 8762, 8771, 7776, 8.050, 59.40, 29.00, 8.047, 59.43, 28.99, 0.005, 183.10, -34.14);
insert into SHOT values (8828, 8762, 8772, 7776, 5.270, 149.40, 80.00, 5.271, 149.25, 79.96, 0.005, 119.05, 0.76);
insert into SHOT values (8829, 8762, 8773, 7776, 20.950, 183.40, 58.90, 20.950, 183.39, 58.91, 0.003, 37.37, 22.37);
insert into SHOT values (8830, 8762, 8774, 7776, 9.190, 194.00, -21.10, 9.190, 193.97, -21.11, 0.005, 101.27, -20.83);
insert into SHOT values (8831, 8762, 8775, 7776, 1.200, 63.10, -59.80, 1.203, 63.43, -59.86, 0.005, 151.41, -39.11);
insert into SHOT values (8832, 8762, 8776, 7776, 10.640, 46.20, -19.80, 10.646, 46.21, -19.82, 0.007, 77.73, -51.82);
insert into SHOT values (8833, 8763, 8777, 7776, 5.910, 351.20, 0.30, 5.909, 351.24, 0.39, 0.010, 94.83, 65.39);
insert into SHOT values (8834, 8763, 8778, 7776, 14.510, 350.00, 7.20, 14.503, 349.99, 7.21, 0.007, 181.94, 11.61);
insert into SHOT values (8835, 8763, 8779, 7776, 1.330, 13.60, 56.70, 1.338, 14.23, 56.82, 0.012, 88.11, 45.25);
insert into SHOT values (8836, 8763, 8780, 7776, 2.070, 355.90, -61.60, 2.068, 355.91, -61.64, 0.002, 169.02, 22.95);
insert into SHOT values (8837, 8763, 8781, 7776, 3.710, 10.90, 36.10, 3.710, 10.97, 36.18, 0.006, 138.42, 40.61);
insert into SHOT values (8838, 8763, 8782, 7776, 16.860, 304.50, 0.40, 16.857, 304.51, 0.41, 0.005, 81.99, 27.17);
insert into SHOT values (8839, 8763, 8783, 7776, 6.430, 72.30, -1.80, 6.436, 72.35, -1.78, 0.009, 118.17, 13.20);
insert into SHOT values (8840, 8763, 8784, 7776, 1.960, 198.10, 19.30, 1.961, 197.95, 19.36, 0.005, 109.74, 23.68);
insert into SHOT values (8841, 8763, 8785, 7776, 5.530, 240.10, 8.80, 5.527, 240.01, 8.85, 0.010, 127.75, 22.79);
insert into SHOT values (8842, 8763, 8786, 7776, 8.980, 282.60, 58.70, 8.985, 282.64, 58.74, 0.008, 51.83, 61.86);
insert into SHOT values (8843, 8763, 8787, 7776, 17.630, 93.50, 1.60, 17.630, 93.51, 1.63, 0.009, 183.54, 61.85);
insert into SHOT values (8844, 8787, 8788, 7776, 18.820, 343.90, 4.30, 18.818, 343.91, 4.30, 0.005, 102.46, -13.80);
insert into SHOT values (8845, 8787, 8789, 7776, 4.480, 344.30, -1.30, 4.478, 344.32, -1.41, 0.009, 131.48, -72.47);
insert into SHOT values (8846, 8787, 8790, 7776, 12.860, 340.50, 39.70, 12.859, 340.52, 39.68, 0.006, 42.97, -47.50);
insert into SHOT values (8847, 8787, 8791, 7776, 1.710, 335.40, 47.30, 1.708, 335.64, 47.05, 0.009, 26.08, -47.07);
insert into SHOT values (8848, 8787, 8792, 7776, 2.280, 349.60, -33.40, 2.280, 349.70, -33.54, 0.006, 121.15, -49.30);
insert into SHOT values (8849, 8787, 8793, 7776, 1.090, 58.90, -81.80, 1.092, 60.26, -81.51, 0.007, 92.52, -9.43);
insert into SHOT values (8850, 8787, 8794, 7776, 0.840, 192.20, -22.50, 0.840, 191.89, -22.39, 0.005, 110.15, 18.84);
insert into SHOT values (8851, 8787, 8795, 7776, 0.880, 198.00, -18.10, 0.875, 197.56, -18.67, 0.012, 56.96, -33.15);
insert into SHOT values (8852, 8787, 8796, 7776, 1.100, 206.00, -19.10, 1.094, 205.82, -19.21, 0.007, 53.13, -0.49);
insert into SHOT values (8853, 8787, 8797, 7776, 3.910, 247.00, -10.20, 3.908, 247.04, -10.32, 0.009, 32.38, -60.62);
insert into SHOT values (8854, 8787, 8798, 7776, 4.520, 275.70, -15.60, 4.519, 275.67, -15.66, 0.005, 140.49, -55.37);
insert into SHOT values (8855, 8787, 8799, 7776, 9.800, 280.90, -3.30, 9.793, 280.91, -3.34, 0.009, 90.49, -39.05);
insert into SHOT values (8856, 8787, 8800, 7776, 9.270, 253.60, -4.40, 9.264, 253.59, -4.40, 0.007, 93.53, 10.12);
insert into SHOT values (8857, 8787, 8801, 7776, 5.850, 188.50, -37.10, 5.846, 188.39, -37.15, 0.011, 64.46, -6.57);
insert into SHOT values (8858, 8801, 8802, 7776, 5.550, 69.80, -25.90, 5.547, 69.82, -25.98, 0.009, 234.39, -40.52);
insert into SHOT values (8859, 8801, 8803, 7776, 5.040, 31.60, -21.80, 5.034, 31.62, -21.81, 0.006, 199.54, 15.61);
insert into SHOT values (8860, 8801, 8804, 7776, 4.080, 14.40, 6.80, 4.074, 14.31, 6.77, 0.009, 241.86, -19.91);
insert into SHOT values (8861, 8801, 8805, 7776, 3.780, 355.50, 26.10, 3.775, 355.43, 26.08, 0.006, 221.95, -28.43);
insert into SHOT values (8862, 8801, 8806, 7776, 1.730, 325.20, 15.30, 1.732, 324.98, 15.06, 0.010, 268.21, -40.31);
insert into SHOT values (8863, 8801, 8807, 7776, 1.100, 281.30, 5.50, 1.105, 281.00, 5.19, 0.009, 234.13, -34.98);
insert into SHOT values (8864, 8801, 8808, 7776, 2.560, 346.50, 54.60, 2.554, 346.34, 54.53, 0.008, 242.47, -57.44);
insert into SHOT values (8865, 8801, 8809, 7776, 1.800, 0.30, -44.00, 1.796, 0.00, -44.10, 0.008, 234.74, 2.66);
insert into SHOT values (8866, 8801, 8810, 7776, 5.530, 6.00, -34.50, 5.526, 5.92, -34.50, 0.007, 248.98, 18.04);
insert into SHOT values (8867, 8801, 8811, 7776, 10.820, 78.10, -38.40, 10.814, 78.08, -38.42, 0.008, 281.41, 6.25);
insert into SHOT values (8868, 8811, 8812, 7776, 1.230, 19.40, -23.70, 1.232, 19.72, -23.94, 0.008, 111.46, -41.48);
insert into SHOT values (8869, 8811, 8813, 7776, 2.850, 177.90, -1.40, 2.853, 177.79, -1.41, 0.006, 116.29, -3.38);
insert into SHOT values (8870, 8811, 8814, 7776, 0.530, 131.40, 63.50, 0.528, 131.63, 62.87, 0.006, 144.13, -44.09);
insert into SHOT values (8871, 8811, 8815, 7776, 0.810, 171.00, -69.00, 0.815, 170.22, -68.83, 0.007, 125.68, -33.92);
insert into SHOT values (8872, 8811, 8816, 7776, 6.660, 286.30, 45.20, 6.652, 286.23, 45.20, 0.010, 149.29, -34.69);
insert into SHOT values (8873, 8811, 8817, 7776, 1.660, 229.60, 34.30, 1.655, 229.44, 34.19, 0.007, 105.76, -50.57);
insert into SHOT values (8874, 8811, 8818, 7776, 3.040, 195.50, -4.50, 3.049, 195.45, -4.51, 0.010, 180.60, -8.79);
insert into SHOT values (8875, 8811, 8819, 7776, 5.000, 144.80, -4.40, 5.009, 144.78, -4.47, 0.011, 134.93, -35.60);
insert into SHOT values (8876, 8811, 8820, 7776, 4.940, 60.20, -23.80, 4.938, 60.26, -23.89, 0.009, 199.44, -44.28);
insert into SHOT values (8877, 8811, 8821, 7776, 4.440, 116.70, -6.20, 4.449, 116.74, -6.19, 0.009, 135.26, -2.93);
insert into SHOT values (8878, 8821, 8822, 7776, 5.470, 13.00, -0.60, 3.172, 272.58, 50.86, 6.650, 211.66, 22.24);
insert into SHOT values (8879, 8821, 8823, 7776, 8.740, 33.60, 7.70, 8.932, 28.75, 13.33, 1.154, 303.51, 50.41);
insert into SHOT values (8880, 8821, 8824, 7776, 4.560, 81.20, 19.70, 4.556, 81.15, 19.62, 0.008, 321.38, -60.09);
insert into SHOT values (8881, 8821, 8825, 7776, 5.080, 193.80, 8.60, 5.083, 193.82, 8.60, 0.003, 221.66, 7.28);
insert into SHOT values (8882, 8821, 8826, 7776, 9.000, 222.30, 29.70, 9.004, 222.36, 29.69, 0.009, 284.36, 5.61);
insert into SHOT values (8883, 8821, 8827, 7776, 2.540, 258.60, 45.50, 2.542, 258.69, 45.40, 0.005, 291.45, -17.76);
insert into SHOT values (8884, 8821, 8828, 7776, 23.970, 109.70, 72.60, 23.964, 109.68, 72.62, 0.011, 306.65, -16.57);
insert into SHOT values (8885, 8821, 8829, 7776, 1.390, 291.60, -72.00, 1.389, 291.80, -71.92, 0.003, 341.46, 44.82);
insert into SHOT values (8886, 8821, 8830, 7776, 7.720, 131.00, 39.50, 7.717, 131.05, 39.51, 0.006, 251.80, -4.94);
insert into SHOT values (8887, 8821, 8822, 7776, 8.980, 221.70, 29.90, 3.172, 272.58, 50.86, 7.001, 28.30, -16.74);
insert into SHOT values (8888, 8821, 8823, 7776, 9.120, 24.20, 18.90, 8.932, 28.75, 13.33, 1.129, 111.25, -52.34);
insert into SHOT values (8889, 8830, 8831, 7776, 5.460, 35.20, 14.90, 5.465, 35.13, 14.84, 0.009, 349.91, -24.80);
insert into SHOT values (8890, 8830, 8832, 7776, 3.900, 218.90, 7.40, 3.901, 218.91, 7.36, 0.003, 264.43, -59.65);
insert into SHOT values (8891, 8830, 8833, 7776, 17.510, 103.90, 80.10, 17.510, 103.85, 80.11, 0.004, 324.06, 10.54);
insert into SHOT values (8892, 8830, 8834, 7776, 0.580, 245.00, -85.50, 0.582, 243.43, -85.59, 0.002, 121.72, -50.75);
insert into SHOT values (8893, 8830, 8835, 7776, 4.950, 279.40, 6.70, 4.951, 279.48, 6.73, 0.007, 1.47, 19.35);
insert into SHOT values (8894, 8830, 8836, 7776, 5.300, 344.70, 6.50, 5.301, 344.70, 6.50, 0.001, 326.81, 1.56);
insert into SHOT values (8895, 8830, 8837, 7776, 11.470, 305.30, 8.80, 11.469, 305.30, 8.78, 0.005, 90.28, -79.23);
insert into SHOT values (8896, 8830, 8838, 7776, 5.230, 86.50, 17.40, 5.228, 86.44, 17.36, 0.007, 345.59, -35.92);
insert into SHOT values (8897, 8830, 8839, 7776, 3.080, 162.90, 28.90, 3.074, 162.91, 28.99, 0.008, 338.42, 10.85);
insert into SHOT values (8898, 8830, 8840, 7776, 48.110, 42.90, 64.10, 48.115, 42.90, 64.09, 0.008, 39.85, 16.35);
insert into SHOT values (8899, 8830, 8841, 7776, 18.040, 55.40, 54.80, 18.041, 55.38, 54.79, 0.005, 3.80, -14.25);
insert into SHOT values (8900, 8830, 8842, 7776, 18.540, 55.40, 54.90, 18.546, 55.39, 54.88, 0.008, 37.10, 10.54);
insert into SHOT values (8901, 8830, 8843, 7776, 18.010, 55.30, 54.90, 18.010, 55.30, 54.87, 0.009, 52.36, -32.75);
insert into SHOT values (8902, 8843, 8844, 7776, 6.010, 315.40, 0.60, 6.011, 315.40, 0.67, 0.007, 343.08, 81.93);
insert into SHOT values (8903, 8843, 8845, 7776, 1.460, 152.50, 8.90, 1.458, 152.72, 9.07, 0.007, 264.73, 34.22);
insert into SHOT values (8904, 8843, 8846, 7776, 28.700, 25.60, 72.40, 28.704, 25.59, 72.40, 0.005, 5.19, 41.32);
insert into SHOT values (8905, 8843, 8847, 7776, 17.830, 232.70, -57.50, 17.829, 232.71, -57.46, 0.013, 243.74, 36.42);
insert into SHOT values (8906, 8843, 8848, 7776, 9.540, 245.70, -6.90, 9.548, 245.71, -6.86, 0.011, 252.46, 35.42);
insert into SHOT values (8907, 8843, 8849, 7776, 11.270, 278.60, -4.00, 11.273, 278.59, -3.97, 0.007, 253.30, 56.79);
insert into SHOT values (8908, 8843, 8850, 7776, 7.480, 293.40, -1.60, 7.487, 293.38, -1.61, 0.008, 273.58, -8.27);
insert into SHOT values (8909, 8843, 8851, 7776, 4.270, 359.00, 28.50, 4.270, 358.93, 28.54, 0.006, 246.32, 27.22);
insert into SHOT values (8910, 8843, 8852, 7776, 0.590, 92.00, 53.00, 0.586, 91.64, 53.31, 0.006, 296.23, -12.45);
insert into SHOT values (8911, 8843, 8853, 7776, 3.170, 102.70, 44.80, 3.172, 102.86, 44.92, 0.009, 218.12, 42.11);
insert into SHOT values (8912, 8843, 8854, 7776, 6.680, 196.10, 39.50, 6.679, 196.11, 39.52, 0.003, 345.44, 22.86);
insert into SHOT values (8913, 8843, 8855, 7776, 22.770, 58.00, 52.00, 22.772, 57.98, 52.02, 0.011, 278.52, 39.28);
insert into SHOT values (8914, 8855, 8856, 7776, 9.060, 167.10, 9.00, 9.057, 167.08, 8.96, 0.008, 40.86, -64.70);
insert into SHOT values (8915, 8855, 8857, 7776, 0.890, 346.20, -6.40, 0.891, 346.28, -6.44, 0.002, 42.06, -28.65);
insert into SHOT values (8916, 8855, 8858, 7776, 19.060, 204.60, 66.00, 19.057, 204.55, 66.00, 0.008, 99.79, -16.64);
insert into SHOT values (8917, 8855, 8859, 7776, 4.640, 226.40, -56.90, 4.641, 226.28, -56.94, 0.006, 117.20, -28.02);
insert into SHOT values (8918, 8855, 8860, 7776, 42.940, 238.40, -50.00, 42.939, 238.40, -50.01, 0.011, 72.94, -33.41);
insert into SHOT values (8919, 8855, 8861, 7776, 12.430, 202.10, -1.00, 12.433, 202.07, -1.01, 0.008, 131.00, -21.91);
insert into SHOT values (8920, 8855, 8862, 7776, 12.740, 225.90, -8.50, 12.736, 225.87, -8.53, 0.011, 99.79, -38.90);
insert into SHOT values (8921, 8855, 8863, 7776, 17.210, 250.20, -9.00, 17.209, 250.19, -9.03, 0.009, 123.19, -63.77);
insert into SHOT values (8922, 8855, 8864, 7776, 4.680, 295.50, -4.20, 4.678, 295.52, -4.29, 0.008, 77.34, -68.71);
insert into SHOT values (8923, 8855, 8865, 7776, 2.380, 291.70, -64.10, 2.385, 291.60, -64.35, 0.012, 126.55, -50.88);
insert into SHOT values (8924, 8855, 8866, 7776, 3.800, 276.90, -38.40, 3.795, 276.96, -38.45, 0.007, 70.99, 3.03);
insert into SHOT values (8925, 8855, 8867, 7776, 2.040, 54.50, -4.70, 2.044, 54.59, -4.77, 0.006, 97.74, -30.49);
insert into SHOT values (8926, 8855, 8868, 7776, 4.340, 98.90, -6.90, 4.345, 98.94, -7.01, 0.010, 135.95, -61.06);
insert into SHOT values (8927, 8855, 8869, 7776, 10.560, 96.70, 29.10, 10.563, 96.72, 29.06, 0.009, 120.16, -39.50);
insert into SHOT values (8928, 8855, 8870, 7776, 4.330, 93.90, 4.00, 4.331, 93.98, 3.97, 0.007, 174.94, -18.16);
insert into SHOT values (8929, 8855, 8871, 7776, 6.280, 84.50, 13.50, 6.280, 84.55, 13.44, 0.008, 162.85, -47.53);
insert into SHOT values (8930, 8855, 8872, 7776, 4.330, 94.00, 4.00, 4.331, 93.98, 3.97, 0.003, 39.24, -50.42);
insert into SHOT values (8931, 8872, 8873, 7776, 5.080, 357.50, 13.40, 5.074, 357.56, 13.45, 0.009, 141.56, 16.94);
insert into SHOT values (8932, 8872, 8874, 7776, 8.340, 204.40, 10.90, 8.339, 204.37, 10.85, 0.008, 121.55, -62.48);
insert into SHOT values (8933, 8872, 8875, 7776, 33.050, 355.60, 63.50, 33.051, 355.60, 63.51, 0.004, 158.01, 33.61);
insert into SHOT values (8934, 8872, 8876, 7776, 5.810, 1.00, 85.60, 5.807, 1.30, 85.65, 0.007, 158.61, -25.29);
insert into SHOT values (8935, 8872, 8877, 7776, 2.140, 1.30, -83.40, 2.144, 2.39, -83.57, 0.008, 143.17, -29.56);
insert into SHOT values (8936, 8872, 8878, 7776, 3.760, 293.30, -2.20, 3.757, 293.22, -2.29, 0.008, 172.48, -42.36);
insert into SHOT values (8937, 8872, 8879, 7776, 3.650, 336.10, 4.20, 3.641, 336.12, 4.25, 0.010, 149.26, 15.94);
insert into SHOT values (8938, 8872, 8880, 7776, 10.940, 302.10, 37.80, 10.933, 302.09, 37.79, 0.007, 142.14, -49.04);
insert into SHOT values (8939, 8872, 8881, 7776, 7.450, 57.40, 39.60, 7.452, 57.44, 39.60, 0.005, 123.87, 13.72);
insert into SHOT values (8940, 8872, 8882, 7776, 6.870, 118.80, 28.60, 6.876, 118.81, 28.59, 0.006, 133.94, 12.95);
insert into SHOT values (8941, 8872, 8883, 7776, 15.230, 350.70, 59.00, 12.678, 334.00, 57.81, 3.326, 225.37, -44.35);
insert into SHOT values (8942, 8872, 8884, 7776, 14.290, 350.50, 58.90, 12.829, 336.65, 52.44, 2.796, 266.96, -47.63);
insert into SHOT values (8943, 8872, 8885, 7776, 15.240, 351.30, 58.80, 15.233, 351.33, 58.80, 0.008, 133.08, -45.25);
insert into SHOT values (8944, 8885, 8886, 7776, 0.210, 222.80, 20.80, 0.207, 222.88, 22.72, 0.008, 39.94, 45.84);
insert into SHOT values (8945, 8885, 8887, 7776, 3.210, 212.70, 23.90, 3.212, 212.77, 23.87, 0.005, 265.30, -6.34);
insert into SHOT values (8946, 8885, 8888, 7776, 0.410, 45.80, 11.80, 0.413, 46.01, 12.59, 0.007, 84.91, 69.62);
insert into SHOT values (8947, 8885, 8889, 7776, 12.050, 103.30, 84.00, 12.055, 103.37, 84.03, 0.008, 267.66, 46.07);
insert into SHOT values (8948, 8885, 8890, 7776, 16.570, 170.00, -62.80, 16.563, 170.04, -62.79, 0.009, 259.65, 55.12);
insert into SHOT values (8949, 8885, 8891, 7776, 10.160, 130.80, -43.70, 10.160, 130.80, -43.70, 0.001, 224.37, -48.64);
insert into SHOT values (8950, 8885, 8892, 7776, 6.090, 186.90, -17.10, 6.091, 186.91, -17.09, 0.002, 207.25, 24.47);
insert into SHOT values (8951, 8885, 8893, 7776, 4.480, 257.30, 47.40, 4.483, 257.25, 47.40, 0.004, 208.14, 31.12);
insert into SHOT values (8952, 8885, 8894, 7776, 6.020, 20.40, 40.20, 6.022, 20.37, 40.24, 0.005, 276.81, 57.46);
insert into SHOT values (8953, 8885, 8895, 7776, 9.620, 349.80, 52.60, 9.626, 349.75, 52.63, 0.009, 263.42, 55.38);
insert into SHOT values (8954, 8885, 8896, 7776, 5.020, 299.90, 61.60, 5.024, 299.89, 61.62, 0.004, 219.24, 86.34);
insert into SHOT values (8955, 8896, 8897, 7776, 3.330, 189.70, 30.60, 3.322, 189.66, 30.57, 0.008, 29.02, -40.16);
insert into SHOT values (8956, 8896, 8898, 7776, 10.190, 23.70, 6.90, 10.188, 23.73, 6.88, 0.006, 128.38, -40.74);
insert into SHOT values (8957, 8896, 8899, 7776, 7.890, 43.10, 72.00, 7.885, 43.00, 72.02, 0.007, 267.67, -32.92);
insert into SHOT values (8958, 8896, 8900, 7776, 19.470, 138.70, -59.40, 19.469, 138.68, -59.42, 0.006, 347.37, -12.81);
insert into SHOT values (8959, 8896, 8901, 7776, 6.320, 145.30, -7.10, 6.323, 145.32, -7.09, 0.004, 183.79, 16.58);
insert into SHOT values (8960, 8896, 8902, 7776, 8.730, 104.40, -8.90, 8.725, 104.37, -8.90, 0.006, 321.45, 5.64);
insert into SHOT values (8961, 8896, 8903, 7776, 10.000, 83.60, -4.50, 10.003, 83.61, -4.53, 0.006, 112.98, -59.31);
insert into SHOT values (8962, 8896, 8904, 7776, 12.280, 81.90, 19.10, 12.283, 81.88, 19.10, 0.006, 19.77, 18.42);
insert into SHOT values (8963, 8896, 8905, 7776, 8.600, 110.50, 50.30, 8.598, 110.48, 50.35, 0.007, 304.77, 25.22);
insert into SHOT values (8964, 8896, 8906, 7776, 13.060, 9.50, 55.90, 13.056, 9.51, 55.89, 0.005, 134.98, -64.16);
insert into SHOT values (8965, 8896, 8907, 7776, 12.570, 307.20, 39.60, 12.574, 307.20, 39.57, 0.007, 308.55, -19.55);
insert into SHOT values (8966, 8896, 8908, 7776, 3.170, 307.20, 39.60, 3.174, 307.20, 39.53, 0.006, 306.12, -6.56);
insert into SHOT values (8967, 8896, 8909, 7776, 12.560, 307.20, 39.60, 12.563, 307.19, 39.61, 0.004, 233.19, 65.17);
insert into SHOT values (8968, 8909, 8910, 7776, 2.610, 198.10, 3.80, 2.605, 198.16, 3.74, 0.006, 350.35, -28.54);
insert into SHOT values (8969, 8909, 8911, 7776, 0.650, 340.10, 44.40, 0.649, 340.02, 43.87, 0.006, 329.92, -51.22);
insert into SHOT values (8970, 8909, 8912, 7776, 4.850, 242.80, 57.40, 4.842, 242.85, 57.42, 0.008, 42.74, -44.44);
insert into SHOT values (8971, 8909, 8913, 7776, 1.360, 211.10, -61.80, 1.361, 210.96, -61.88, 0.002, 81.40, -35.76);
insert into SHOT values (8972, 8909, 8914, 7776, 5.830, 141.00, -36.80, 5.837, 141.00, -36.84, 0.008, 133.80, -68.68);
insert into SHOT values (8973, 8909, 8915, 7776, 5.070, 112.90, -41.30, 5.073, 112.86, -41.33, 0.005, 31.08, -56.64);
insert into SHOT values (8974, 8909, 8916, 7776, 3.590, 144.40, -25.90, 3.587, 144.34, -25.96, 0.006, 0.83, -17.86);
insert into SHOT values (8975, 8909, 8917, 7776, 1.300, 98.90, -28.90, 1.296, 98.63, -29.08, 0.008, 324.09, -13.01);
insert into SHOT values (8976, 8909, 8918, 7776, 7.060, 269.50, 19.60, 7.057, 269.48, 19.54, 0.009, 161.07, -75.96);
insert into SHOT values (8977, 8918, 8919, 7776, 1.640, 177.70, -8.10, 1.637, 177.88, -8.08, 0.006, 294.31, 10.78);
insert into SHOT values (8978, 8918, 8920, 7776, 2.030, 13.90, 12.20, 2.035, 13.97, 12.20, 0.005, 40.31, 11.04);
insert into SHOT values (8979, 8918, 8921, 7776, 29.320, 103.20, 71.60, 29.319, 103.18, 71.60, 0.004, 354.76, -17.26);
insert into SHOT values (8980, 8918, 8922, 7776, 1.630, 221.90, -74.50, 1.628, 222.18, -74.62, 0.004, 12.13, 9.44);
insert into SHOT values (8981, 8918, 8923, 7776, 2.070, 128.80, -18.90, 2.068, 128.57, -18.90, 0.008, 27.69, 3.61);
insert into SHOT values (8982, 8918, 8924, 7776, 7.840, 108.00, -20.70, 7.833, 107.97, -20.71, 0.008, 321.90, 8.83);
insert into SHOT values (8983, 8918, 8925, 7776, 4.510, 65.00, -3.10, 4.511, 64.91, -3.05, 0.008, 347.79, 29.31);
insert into SHOT values (8984, 8918, 8926, 7776, 4.340, 42.30, 0.10, 4.339, 42.29, 0.13, 0.003, 270.39, 70.27);
insert into SHOT values (8985, 8918, 8927, 7776, 2.630, 29.00, 1.40, 2.628, 28.91, 1.53, 0.007, 275.35, 50.77);
insert into SHOT values (8986, 8918, 8928, 7776, 6.590, 42.90, 27.90, 6.593, 42.84, 27.95, 0.009, 308.93, 47.45);
insert into SHOT values (8987, 8918, 8929, 7776, 0.910, 60.20, 54.00, 0.912, 59.59, 54.22, 0.007, 315.15, 32.79);
insert into SHOT values (8988, 8918, 8930, 7776, 9.540, 56.70, 55.20, 9.545, 56.69, 55.22, 0.006, 320.73, 80.75);
insert into SHOT values (8989, 8918, 8931, 7776, 4.740, 54.40, 12.30, 4.746, 54.39, 12.29, 0.006, 47.01, 2.26);
insert into SHOT values (8990, 8931, 8932, 7776, 3.430, 279.30, 7.50, 3.434, 279.30, 7.53, 0.005, 276.22, 29.44);
insert into SHOT values (8991, 8931, 8933, 7776, 3.040, 139.00, 8.00, 3.036, 139.05, 8.14, 0.009, 291.65, 52.06);
insert into SHOT values (8992, 8931, 8934, 7776, 21.640, 187.20, 80.30, 21.640, 187.24, 80.29, 0.004, 228.85, -8.83);
insert into SHOT values (8993, 8931, 8935, 7776, 2.580, 208.60, -57.70, 2.579, 208.61, -57.70, 0.001, 351.53, 61.71);
insert into SHOT values (8994, 8931, 8936, 7776, 2.990, 105.80, 78.40, 2.989, 105.68, 78.58, 0.009, 293.51, 6.58);
insert into SHOT values (8995, 8931, 8937, 7776, 5.740, 251.00, 4.10, 5.745, 251.06, 4.09, 0.008, 301.03, -2.93);
insert into SHOT values (8996, 8931, 8938, 7776, 20.820, 184.60, 73.40, 20.828, 184.63, 73.40, 0.008, 249.24, 67.62);
insert into SHOT values (8997, 8931, 8939, 7776, 12.130, 279.60, 47.50, 12.135, 279.62, 47.52, 0.008, 2.53, 63.87);
insert into SHOT values (8998, 8931, 8940, 7776, 7.980, 197.00, -19.60, 7.979, 197.01, -19.55, 0.007, 247.22, 72.06);
insert into SHOT values (8999, 8931, 8941, 7776, 4.800, 156.90, 6.50, 4.803, 156.93, 6.58, 0.007, 198.96, 62.67);
insert into SHOT values (9000, 8872, 8883, 7776, 10.010, 310.20, 41.80, 12.678, 334.00, 57.81, 5.054, 65.41, 53.41);
insert into SHOT values (9001, 8872, 8884, 7776, 11.050, 314.30, 34.60, 12.829, 336.65, 52.44, 5.243, 76.36, 47.99);
insert into SHOT values (9002, 8872, 8942, 7776, 10.020, 310.00, 41.90, 10.015, 309.99, 41.91, 0.005, 141.06, -18.50);
insert into SHOT values (9003, 8872, 8943, 7776, 10.520, 310.10, 41.70, 10.523, 310.10, 41.70, 0.003, 289.48, 42.58);
insert into SHOT values (9004, 8872, 8944, 7776, 10.000, 309.90, 41.70, 9.994, 309.94, 41.71, 0.008, 85.02, -16.11);
insert into SHOT values (9005, 8944, 8945, 7776, 1.590, 201.40, 1.10, 1.594, 201.73, 1.08, 0.010, 270.61, -3.01);
insert into SHOT values (9006, 8944, 8946, 7776, 2.920, 279.60, 84.00, 2.917, 279.16, 83.82, 0.010, 264.31, -23.76);
insert into SHOT values (9007, 8944, 8947, 7776, 1.690, 192.60, -83.90, 1.690, 192.53, -83.74, 0.005, 189.87, 5.12);
insert into SHOT values (9008, 8944, 8948, 7776, 10.500, 137.10, -52.80, 10.496, 137.11, -52.79, 0.004, 285.62, 67.61);
insert into SHOT values (9009, 8944, 8949, 7776, 11.410, 122.70, -44.50, 11.408, 122.75, -44.53, 0.009, 247.76, -16.18);
insert into SHOT values (9010, 8944, 8950, 7776, 3.210, 160.90, -40.70, 3.207, 161.04, -40.68, 0.007, 266.72, 27.07);
insert into SHOT values (9011, 8944, 8951, 7776, 0.570, 75.50, 19.90, 0.560, 75.70, 19.85, 0.011, 244.75, -22.22);
insert into SHOT values (9012, 8944, 8952, 7776, 0.770, 291.50, 32.60, 0.775, 290.66, 32.79, 0.011, 219.78, 27.05);
insert into SHOT values (9013, 8944, 8953, 7776, 1.950, 222.90, 4.40, 1.959, 222.92, 4.39, 0.009, 228.53, 2.62);
insert into SHOT values (9014, 8944, 8954, 7776, 1.700, 260.80, 37.30, 1.704, 260.68, 37.18, 0.006, 233.32, -1.63);
insert into SHOT values (9015, 8944, 8955, 7776, 0.260, 261.80, 39.00, 0.258, 261.47, 38.35, 0.004, 180.38, -71.95);
insert into SHOT values (9016, 8944, 8956, 7776, 4.700, 261.10, 35.30, 4.703, 261.00, 35.33, 0.008, 182.95, 31.80);
insert into SHOT values (9017, 8956, 8957, 7776, 10.310, 358.60, 59.40, 10.308, 358.58, 59.37, 0.006, 332.09, -48.27);
insert into SHOT values (9018, 8956, 8958, 7776, 10.770, 0.60, 60.00, 10.766, 0.53, 59.96, 0.011, 309.65, -40.52);
insert into SHOT values (9019, 8956, 8959, 7776, 3.000, 0.10, 60.10, 3.002, 0.00, 60.02, 0.005, 330.10, -7.51);
insert into SHOT values (9020, 8956, 8960, 7776, 10.760, 0.40, 59.90, 10.763, 0.32, 59.88, 0.009, 296.80, 6.44);
insert into SCRAPS values (7777, 7773, 'DuneChinashopSP1', 1, 8.97453, 0.10830);
 insert into SCRAPS values (7803, 7773, 'ChinaShopSP1', 1, 3.95482, 0.31931);
 insert into SCRAPS values (7852, 7773, 'ChinaShopSP2', 1, 7.69060, 0.72635);
 insert into CENTRELINE values (7878, 71, NULL, NULL, NULL, 0.00, 0.00, 0.00);
 insert into MAPS values (7879, 71, 'cotw_real_m', NULL, 1, 1643.860, 94.100);
 insert into MAPITEMS values (7879, 4, 7253);
 insert into MAPITEMS values (7879, 4, 7343);
 insert into MAPITEMS values (7879, 4, 6674);
 insert into MAPS values (7890, 71, 'COTW_m', NULL, 1, 45600.513, 442.770);
 insert into MAPITEMS values (7890, 4, 7253);
 insert into MAPITEMS values (7890, 4, 2554);
 insert into MAPITEMS values (7890, 4, 7343);
 insert into MAPITEMS values (7890, 4, 6674);
 insert into MAPS values (7891, 71, 'creedence_m', NULL, 1, 7098.873, 367.160);
 insert into MAPITEMS values (7891, 4, 6536);
 insert into MAPITEMS values (7891, 4, 5162);
 insert into MAPITEMS values (7891, 4, 5746);
 insert into MAPITEMS values (7891, 4, 6391);
 insert into MAPITEMS values (7891, 4, 6277);
 insert into MAPITEMS values (7891, 4, 4464);
 insert into MAPITEMS values (7891, 4, 6819);
 insert into MAPITEMS values (7891, 4, 4104);
 insert into MAPITEMS values (7891, 4, 4231);
 insert into MAPITEMS values (7891, 4, 5594);
 insert into MAPITEMS values (7891, 4, 4647);
 insert into MAPS values (7892, 71, 'Clearwater_l1_m', NULL, 1, 55309.113, 442.770);
 insert into MAPITEMS values (7892, 4, 7252);
 insert into MAPITEMS values (7892, 4, 6658);
 insert into MAPITEMS values (7892, 4, 6669);
 insert into MAPITEMS values (7892, 4, 6674);
 insert into MAPITEMS values (7892, 4, 3149);
 insert into MAPITEMS values (7892, 4, 545);
 insert into MAPITEMS values (7892, 4, 795);
 insert into MAPITEMS values (7892, 4, 961);
 insert into MAPITEMS values (7892, 4, 3206);
 insert into MAPITEMS values (7892, 4, 452);
 insert into MAPITEMS values (7892, 4, 469);
 insert into MAPS values (7893, 71, 'Clearwater_l2_m', NULL, 1, 55107.349, 442.770);
 insert into MAPITEMS values (7893, 4, 7636);
 insert into MAPITEMS values (7893, 4, 7467);
 insert into MAPITEMS values (7893, 4, 7564);
 insert into MAPITEMS values (7893, 4, 7775);
 insert into MAPITEMS values (7893, 4, 3202);
 insert into MAPITEMS values (7893, 4, 397);
 insert into MAPITEMS values (7893, 4, 148);
 insert into MAPITEMS values (7893, 4, 304);
 insert into MAPITEMS values (7893, 4, 742);
 insert into MAPITEMS values (7893, 4, 144);
 insert into MAPITEMS values (7893, 4, 7458);
 insert into MAPITEMS values (7893, 4, 7251);
 insert into MAPITEMS values (7893, 4, 7249);
 insert into MAPITEMS values (7893, 4, 7343);
 insert into MAPITEMS values (7893, 4, 3150);
 insert into MAPITEMS values (7893, 4, 6654);
 insert into MAPS values (7894, 71, 'Clearwater_l3_m', NULL, 1, 53864.986, 452.640);
 insert into MAPITEMS values (7894, 4, 7891);
 insert into MAPITEMS values (7894, 4, 5550);
 insert into MAPITEMS values (7894, 4, 7247);
 insert into MAPITEMS values (7894, 4, 3151);
 insert into MAPS values (7895, 71, 'Clearwater_l4_m', NULL, 1, 43956.653, 442.770);
 insert into MAPITEMS values (7895, 4, 2395);
 insert into MAPITEMS values (7895, 4, 3127);
 insert into MAPS values (7896, 71, 'Clearwater_m', NULL, 1, 73489.422, 452.640);
 insert into MAPITEMS values (7896, 4, 7895);
 insert into MAPITEMS values (7896, 4, 7894);
 insert into MAPITEMS values (7896, 4, 7893);
 insert into MAPITEMS values (7896, 4, 7892);
 insert into SURVEY values (7898, 1, 'drunken_forest_master', 'drunken_forest_master', NULL);
 insert into CENTRELINE values (7899, 7898, NULL, NULL, NULL, 0.00, 0.00, 0.00);
 insert into SURVEY values (7900, 7898, 'drunkenforest_cave_fake', 'drunkenforest_cave_fake.drunken_forest_master', NULL);
 insert into CENTRELINE values (7901, 7900, NULL, NULL, NULL, 0.00, 0.00, 0.00);
 insert into SCRAPS values (7902, 7900, 'DrunkenForestSP1', 1, 9.89525, 1.55683);
 insert into SCRAPS values (7914, 7900, 'DrunkenForestSP2', 1, 22.04154, 8.49522);
 insert into SCRAPS values (7923, 7900, 'DrunkenForestSP3', 1, 45.89830, 7.29224);
 insert into CENTRELINE values (7929, 7900, NULL, NULL, NULL, 940.73, 0.00, 0.00);
 insert into SHOT values (9021, 8962, 8963, 7929, 50.428, 51.34, 1.14, 50.431, 51.34, 1.14, 0.004, 360.00, 0.00);
insert into SHOT values (9022, 8963, 8964, 7929, 28.408, 303.69, -2.02, 28.402, 303.68, -2.02, 0.008, 165.96, 0.00);
insert into SHOT values (9023, 8964, 8965, 7929, 59.975, 66.80, -0.96, 59.980, 66.80, -0.96, 0.008, 14.04, 0.00);
insert into SHOT values (9024, 8965, 8966, 7929, 42.415, 21.80, 1.35, 42.412, 21.79, 1.35, 0.008, 270.00, 0.00);
insert into SHOT values (9025, 8966, 8967, 7929, 50.794, 71.57, -11.35, 50.797, 71.58, -11.35, 0.010, 143.13, 0.00);
insert into SHOT values (9026, 8967, 8968, 7929, 40.348, 281.31, 5.69, 40.350, 281.32, 5.69, 0.006, 0.00, 0.00);
insert into SHOT values (9027, 8968, 8969, 7929, 40.162, 258.69, -1.43, 40.163, 258.68, -1.43, 0.006, 180.00, 0.00);
insert into SHOT values (9028, 8969, 8970, 7929, 40.162, 348.69, -1.43, 40.163, 348.68, -1.43, 0.006, 270.00, 0.00);
insert into SHOT values (9029, 8970, 8971, 7929, 74.706, 18.43, 0.77, 74.712, 18.44, 0.77, 0.009, 63.43, 0.00);
insert into SHOT values (9030, 8971, 8972, 7929, 79.133, 264.29, 0.00, 79.132, 264.29, 0.00, 0.004, 0.00, 0.00);
insert into SHOT values (9031, 8972, 8973, 7929, 70.456, 243.43, 1.63, 70.465, 243.43, 1.63, 0.009, 243.43, 0.00);
insert into SHOT values (9032, 8973, 8974, 7929, 39.383, 270.00, -1.46, 39.383, 270.00, -1.46, 0.000, 90.00, 0.00);
insert into SHOT values (9033, 8974, 8975, 7929, 39.421, 233.13, -2.91, 39.415, 233.13, -2.91, 0.006, 71.57, 0.00);
insert into SHOT values (9034, 8975, 8976, 7929, 23.643, 270.00, 2.42, 23.641, 270.00, 2.42, 0.002, 90.00, 0.00);
insert into SHOT values (9035, 8976, 8977, 7929, 39.383, 216.87, 1.46, 39.391, 216.88, 1.45, 0.009, 243.43, 0.00);
insert into SHOT values (9036, 8977, 8978, 7929, 63.514, 262.87, 1.80, 63.511, 262.88, 1.80, 0.004, 26.57, 0.00);
insert into SHOT values (9037, 8978, 8979, 7929, 57.463, 254.05, 3.99, 57.465, 254.05, 3.99, 0.003, 225.00, 0.00);
insert into SHOT values (9038, 8979, 8980, 7929, 17.234, 270.00, -23.97, 17.226, 270.00, -23.98, 0.008, 90.00, 0.00);
insert into SHOT values (9039, 8964, 8981, 7929, 83.702, 228.81, 0.00, 83.695, 228.82, 0.00, 0.008, 14.04, 0.00);
insert into CENTRELINE values (7931, 7898, NULL, NULL, NULL, 0.00, 0.00, 0.00);
 insert into MAPS values (7932, 7898, 'drunken_forest_master_m', NULL, 1, 940.727, 11.000);
 insert into MAPITEMS values (7932, 4, 7902);
 insert into MAPITEMS values (7932, 4, 7914);
 insert into MAPITEMS values (7932, 4, 7923);
 insert into SURVEY values (7934, 1, 'nilongs_master', 'nilongs_master', NULL);
 insert into CENTRELINE values (7935, 7934, NULL, NULL, NULL, 0.00, 0.00, 0.00);
 insert into SURVEY values (7936, 7934, 'nilongs_cave_fake', 'nilongs_cave_fake.nilongs_master', NULL);
 insert into CENTRELINE values (7937, 7936, NULL, NULL, NULL, 0.00, 0.00, 0.00);
 insert into SCRAPS values (7938, 7936, 'NilongsSP1', 1, 15.19094, 3.84072);
 insert into CENTRELINE values (7948, 7936, NULL, NULL, NULL, 347.83, 184.34, 0.00);
 insert into SHOT values (9040, 8982, 8983, 7948, 184.342, 101.31, 1.24, 184.344, 101.31, 1.24, 0.006, 180.00, 0.00);
insert into SHOT_FLAG values(9040, 'srf');
insert into SHOT values (9041, 8983, 8984, 7948, 17.038, 45.00, 0.00, 17.041, 45.00, 0.00, 0.003, 45.00, 0.00);
insert into SHOT values (9042, 8984, 8985, 7948, 43.701, 120.96, 36.51, 43.701, 120.96, 36.51, 0.002, 360.00, 0.00);
insert into SHOT values (9043, 8985, 8986, 7948, 38.880, 80.54, 19.53, 38.885, 80.55, 19.53, 0.007, 123.69, 0.00);
insert into SHOT values (9044, 8986, 8987, 7948, 27.164, 75.96, 23.89, 27.160, 75.95, 23.89, 0.008, 315.00, 0.00);
insert into SHOT values (9045, 8987, 8988, 7948, 52.524, 29.74, 22.38, 52.527, 29.75, 22.38, 0.004, 63.43, 0.00);
insert into SHOT values (9046, 8988, 8989, 7948, 24.918, 14.04, 4.60, 24.911, 14.03, 4.60, 0.007, 213.69, 0.00);
insert into SHOT values (9047, 8989, 8990, 7948, 31.121, 348.69, 9.25, 31.120, 348.70, 9.25, 0.004, 90.00, 0.00);
insert into SHOT values (9048, 8988, 8991, 7948, 22.000, 90.00, 90.00, 22.000, 90.00, 90.00, 0.000, 90.00, 0.00);
insert into SHOT values (9049, 8989, 8992, 7948, 55.133, 96.34, 8.34, 55.137, 96.34, 8.34, 0.006, 45.00, 0.00);
insert into SHOT values (9050, 8985, 8993, 7948, 35.353, 210.96, -6.50, 35.352, 210.96, -6.50, 0.002, 90.00, 0.00);
insert into MAPS values (7950, 7934, 'nilongs_m', NULL, 1, 347.833, 92.000);
 insert into MAPITEMS values (7950, 4, 7938);
 insert into CENTRELINE values (7951, 7934, NULL, NULL, NULL, 0.00, 0.00, 0.00);
 insert into SURVEY values (7953, 1, 'solo_master', 'solo_master', NULL);
 insert into CENTRELINE values (7954, 7953, NULL, NULL, NULL, 0.00, 0.00, 0.00);
 insert into SURVEY values (7955, 7953, 'solo', 'solo.solo_master', NULL);
 insert into CENTRELINE values (7956, 7955, NULL, NULL, NULL, 0.00, 0.00, 0.00);
 insert into SCRAPS values (7957, 7955, 'SoloSP1', 1, 0.00000, 0.00000);
 insert into CENTRELINE values (7962, 7955, 'passage name', '2006-03-03', NULL, 361.00, 0.00, 0.00);
 insert into SHOT values (9051, 8994, 8995, 7962, 1.000, 10.00, -1.00, 0.995, 9.84, -1.15, 0.006, 217.87, -23.35);
insert into SHOT values (9052, 8995, 8996, 7962, 150.000, 0.00, -90.00, 150.000, 90.00, -90.00, 0.000, 0.00, 0.00);
insert into SHOT values (9053, 8996, 8997, 7962, 150.000, 270.00, -45.00, 149.991, 270.00, -45.00, 0.009, 90.00, 45.00);
insert into SHOT values (9054, 8997, 8998, 7962, 60.000, 270.00, -45.00, 60.005, 270.00, -45.00, 0.005, 270.00, -45.00);
insert into MAPS values (7964, 7953, 'solo_m', NULL, 1, 361.000, 298.510);
 insert into MAPITEMS values (7964, 4, 7957);
 insert into CENTRELINE values (7965, 7953, NULL, NULL, NULL, 0.00, 0.00, 0.00);
 insert into MAPS values (7967, 1, 'clearwater_small_caves_m', NULL, 1, 1649.560, 465.000);
 insert into MAPITEMS values (7967, 4, 7964);
 insert into MAPITEMS values (7967, 4, 7950);
 insert into MAPITEMS values (7967, 4, 7932);
 insert into MAPS values (7968, 1, 'clearwater_m', NULL, 1, 73489.422, 452.640);
 insert into MAPITEMS values (7968, 4, 7896);
 insert into MAPITEMS values (7968, 4, 7890);
 insert into STATION values (1, '1', 73, 261285.91, 450759.48, 173.74);
insert into STATION values (2, '2', 73, 261315.46, 450761.34, 181.11);
insert into STATION values (3, '3', 73, 261334.18, 450760.82, 189.37);
insert into STATION values (4, '4', 73, 261352.59, 450753.68, 180.79);
insert into STATION values (5, '5', 73, 261373.68, 450766.72, 176.85);
insert into STATION values (6, '6', 73, 261386.72, 450760.39, 174.37);
insert into STATION values (7, '7', 73, 261405.60, 450771.12, 176.33);
insert into STATION values (8, '8', 73, 261431.57, 450757.40, 181.78);
insert into STATION values (9, '9', 73, 261442.47, 450756.73, 185.53);
insert into STATION values (10, '10', 73, 261444.83, 450730.27, 192.78);
insert into STATION values (11, '11', 73, 261453.27, 450712.41, 192.90);
insert into STATION values (12, '12', 73, 261481.74, 450722.17, 191.69);
insert into STATION values (13, '13', 73, 261509.71, 450733.33, 191.97);
insert into STATION values (14, '14', 73, 261521.21, 450742.58, 194.04);
insert into STATION values (15, '15', 73, 261530.54, 450765.12, 194.63);
insert into STATION values (16, '16', 73, 261556.01, 450781.10, 192.94);
insert into STATION values (17, '17', 73, 261581.06, 450791.45, 193.61);
insert into STATION values (18, '18', 73, 261607.35, 450806.78, 196.89);
insert into STATION values (19, '19', 73, 261633.31, 450815.06, 193.94);
insert into STATION values (20, '20', 73, 261656.51, 450834.24, 193.24);
insert into STATION values (21, '21', 73, 261686.29, 450838.67, 194.02);
insert into STATION values (22, '22', 73, 261698.24, 450844.02, 194.08);
insert into STATION values (23, '23', 73, 261708.24, 450835.31, 194.83);
insert into STATION values (24, '24', 73, 261732.65, 450852.94, 194.62);
insert into STATION values (25, '25', 73, 261749.68, 450860.74, 192.20);
insert into STATION values (26, '26', 73, 261763.94, 450847.31, 192.32);
insert into STATION values (27, '27', 73, 261780.42, 450837.70, 199.03);
insert into STATION values (28, '28', 73, 261808.89, 450844.80, 192.79);
insert into STATION values (29, '29', 73, 261835.72, 450846.67, 199.00);
insert into STATION values (30, '30', 73, 261851.61, 450821.25, 197.95);
insert into STATION values (31, '31', 73, 261871.79, 450815.07, 202.05);
insert into STATION values (32, '32', 73, 261881.03, 450816.54, 207.45);
insert into STATION values (33, '33', 73, 261897.09, 450811.63, 206.87);
insert into STATION values (34, '35', 73, 261841.72, 450818.22, 194.19);
insert into STATION values (35, '36', 73, 261824.65, 450799.91, 184.07);
insert into STATION values (36, '37', 73, 261824.65, 450772.38, 186.00);
insert into STATION values (37, '38', 73, 261826.27, 450767.94, 187.91);
insert into STATION values (38, '39', 73, 261849.65, 450767.12, 167.57);
insert into STATION values (39, '40', 73, 261868.40, 450771.11, 179.55);
insert into STATION values (40, '41', 73, 261879.66, 450780.90, 189.24);
insert into STATION values (41, '42', 73, 261884.07, 450793.00, 187.43);
insert into STATION values (42, '43', 73, 261886.98, 450816.73, 175.77);
insert into STATION values (43, '44', 73, 261883.39, 450831.13, 181.18);
insert into STATION values (44, '45', 73, 261885.11, 450839.23, 187.64);
insert into STATION values (45, '46', 73, 261869.38, 450757.05, 170.40);
insert into STATION values (46, '47', 73, 261880.31, 450743.56, 177.06);
insert into STATION values (47, '48', 73, 261894.00, 450744.03, 183.17);
insert into STATION values (48, '49', 73, 261862.03, 450748.29, 169.20);
insert into STATION values (49, '50', 73, 261859.46, 450718.94, 170.74);
insert into STATION values (50, '51', 73, 261856.22, 450692.58, 172.13);
insert into STATION values (51, '52', 73, 261855.01, 450682.65, 172.13);
insert into STATION values (52, 'x', 73, 261530.54, 450765.12, 204.63);
insert into STATION values (53, '334', 146, 261780.42, 450837.70, 199.03);
insert into STATION values (54, '333', 146, 261759.21, 450828.69, 214.57);
insert into STATION values (55, '332', 146, 261748.61, 450805.96, 215.45);
insert into STATION values (56, '331', 146, 261765.20, 450801.82, 217.25);
insert into STATION values (57, '330', 146, 261785.58, 450814.06, 218.49);
insert into STATION values (58, '329', 146, 261792.51, 450812.20, 218.99);
insert into STATION values (59, '328', 146, 261797.48, 450808.32, 219.10);
insert into STATION values (60, '327', 146, 261799.41, 450771.38, 219.75);
insert into STATION values (61, '326', 146, 261826.39, 450769.02, 218.80);
insert into STATION values (62, '325', 146, 261832.93, 450774.91, 218.80);
insert into STATION values (63, '324', 146, 261855.55, 450780.55, 220.84);
insert into STATION values (64, '323', 146, 261864.17, 450761.19, 223.82);
insert into STATION values (65, '322', 146, 261880.80, 450758.25, 233.57);
insert into STATION values (66, '321', 146, 261890.19, 450748.19, 232.61);
insert into STATION values (67, '320', 146, 261918.84, 450799.87, 243.03);
insert into STATION values (68, '319', 146, 261924.76, 450833.45, 243.03);
insert into STATION values (69, '318', 146, 261917.83, 450882.75, 254.52);
insert into STATION values (70, '317', 146, 261929.44, 450916.46, 248.24);
insert into STATION values (71, '316', 146, 261943.40, 450968.59, 246.35);
insert into STATION values (72, '315', 146, 261949.41, 451017.49, 248.07);
insert into STATION values (73, '314', 146, 261929.99, 451059.12, 250.48);
insert into STATION values (74, '313', 146, 261937.54, 451077.81, 251.89);
insert into STATION values (75, '312', 146, 261953.25, 451118.72, 244.16);
insert into STATION values (76, '311', 146, 261980.65, 451137.91, 245.92);
insert into STATION values (77, '310', 146, 261999.88, 451168.69, 254.96);
insert into STATION values (78, '309', 146, 261996.01, 451190.63, 251.83);
insert into STATION values (79, '308', 146, 262014.56, 451241.58, 248.99);
insert into STATION values (80, '307', 146, 262014.56, 451301.58, 248.99);
insert into STATION values (81, '306', 146, 262037.57, 451285.47, 260.34);
insert into STATION values (82, '305', 146, 262052.60, 451294.15, 268.07);
insert into STATION values (83, '304', 146, 262060.65, 451300.21, 273.20);
insert into STATION values (84, '303', 146, 262086.83, 451307.22, 287.61);
insert into STATION values (85, '302', 146, 262095.33, 451295.08, 296.52);
insert into STATION values (86, '301', 146, 262093.59, 451285.17, 297.40);
insert into STATION values (87, '206', 146, 261795.13, 450826.34, 227.29);
insert into STATION values (88, '205', 146, 261797.85, 450848.43, 231.22);
insert into STATION values (89, '204', 146, 261802.26, 450854.73, 224.99);
insert into STATION values (90, '203', 146, 261812.23, 450860.72, 231.44);
insert into STATION values (91, '202', 146, 261815.54, 450870.89, 231.62);
insert into STATION values (92, '201', 146, 261817.03, 450887.93, 231.92);
insert into STATION values (93, '106', 146, 262021.86, 451319.66, 246.94);
insert into STATION values (94, '105', 146, 262020.44, 451328.63, 246.47);
insert into STATION values (95, '104', 146, 262018.21, 451332.06, 246.75);
insert into STATION values (96, '103', 146, 262002.48, 451350.16, 245.91);
insert into STATION values (97, '102', 146, 262006.03, 451359.43, 239.71);
insert into STATION values (98, '101', 146, 262008.54, 451383.27, 245.25);
insert into STATION values (99, '100', 146, 262019.36, 451408.76, 245.73);
insert into STATION values (100, '99', 146, 262045.47, 451424.45, 247.33);
insert into STATION values (101, '98', 146, 262058.68, 451439.12, 249.75);
insert into STATION values (102, '97', 146, 262050.63, 451443.23, 247.16);
insert into STATION values (103, '96', 146, 262053.96, 451464.26, 247.53);
insert into STATION values (104, '95', 146, 262052.04, 451486.29, 241.19);
insert into STATION values (105, '79', 146, 262055.70, 451497.54, 238.24);
insert into STATION values (106, '78', 146, 262049.42, 451498.65, 236.53);
insert into STATION values (107, '77', 146, 262051.80, 451525.83, 235.58);
insert into STATION values (108, '76', 146, 262053.56, 451551.08, 231.12);
insert into STATION values (109, '75', 146, 262048.83, 451580.94, 225.79);
insert into STATION values (110, '74', 146, 262033.79, 451602.43, 210.03);
insert into STATION values (111, '73', 146, 262030.10, 451628.67, 194.73);
insert into STATION values (112, '72', 146, 262021.01, 451653.65, 179.38);
insert into STATION values (113, '71', 146, 262025.65, 451680.00, 176.57);
insert into STATION values (114, '70', 146, 262018.81, 451705.51, 191.82);
insert into STATION values (115, '94', 146, 262061.22, 451493.68, 243.90);
insert into STATION values (116, '93', 146, 262074.94, 451495.61, 251.90);
insert into STATION values (117, '92', 146, 262105.08, 451498.77, 258.89);
insert into STATION values (118, '91', 146, 262113.65, 451525.17, 265.81);
insert into STATION values (119, '90', 146, 262123.02, 451554.00, 270.62);
insert into STATION values (120, '82', 146, 262124.36, 451569.34, 265.91);
insert into STATION values (121, '81', 146, 262138.53, 451554.15, 278.89);
insert into STATION values (122, '80', 146, 262157.95, 451543.82, 285.62);
insert into STATION values (123, '89', 146, 262122.49, 451570.92, 263.85);
insert into STATION values (124, '88', 146, 262127.01, 451581.57, 257.70);
insert into STATION values (125, '87', 146, 262125.44, 451603.96, 259.27);
insert into STATION values (126, '86', 146, 262135.79, 451609.69, 265.56);
insert into STATION values (127, '85', 146, 262146.58, 451632.83, 271.46);
insert into STATION values (128, '84', 146, 262137.86, 451645.75, 264.19);
insert into STATION values (129, '83', 146, 262127.43, 451674.39, 263.12);
insert into STATION values (130, '113', 146, 262092.25, 451282.94, 297.36);
insert into STATION values (131, '112', 146, 262083.76, 451278.04, 292.15);
insert into STATION values (132, '111', 146, 262070.41, 451270.33, 286.84);
insert into STATION values (133, '110', 146, 262068.95, 451268.87, 283.65);
insert into STATION values (134, '109', 146, 262066.48, 451262.07, 281.02);
insert into STATION values (135, '108', 146, 262100.43, 451309.38, 294.04);
insert into STATION values (136, '107', 146, 262112.58, 451316.39, 300.87);
insert into STATION values (137, '137', 146, 262082.89, 451309.68, 286.88);
insert into STATION values (138, '136', 146, 262078.86, 451316.95, 281.88);
insert into STATION values (139, '135', 146, 262067.10, 451326.82, 271.91);
insert into STATION values (140, '134', 146, 262080.40, 451344.46, 272.69);
insert into STATION values (141, '133', 146, 262098.88, 451365.72, 282.39);
insert into STATION values (142, '132', 146, 262097.36, 451383.16, 282.39);
insert into STATION values (143, '131', 146, 262100.20, 451385.15, 279.68);
insert into STATION values (144, '130', 146, 262102.68, 451387.09, 277.39);
insert into STATION values (145, '129', 146, 262108.85, 451385.89, 282.66);
insert into STATION values (146, '128', 146, 262114.34, 451398.83, 284.63);
insert into STATION values (147, '127', 146, 262120.02, 451414.44, 282.89);
insert into STATION values (148, '126', 146, 262126.31, 451422.21, 283.24);
insert into STATION values (149, '125', 146, 262127.66, 451437.65, 283.51);
insert into STATION values (150, '124', 146, 262138.64, 451463.51, 283.51);
insert into STATION values (151, '123', 146, 262142.32, 451463.71, 285.07);
insert into STATION values (152, '122', 146, 262145.12, 451467.05, 287.90);
insert into STATION values (153, '121', 146, 262146.69, 451465.53, 291.14);
insert into STATION values (154, '120', 146, 262151.37, 451471.52, 290.87);
insert into STATION values (155, '119', 146, 262161.68, 451473.71, 292.73);
insert into STATION values (156, '118', 146, 262162.52, 451472.46, 294.46);
insert into STATION values (157, '117', 146, 262165.17, 451475.50, 295.18);
insert into STATION values (158, '116', 146, 262165.59, 451475.86, 296.68);
insert into STATION values (159, '115', 146, 262166.58, 451471.20, 299.43);
insert into STATION values (160, '114', 146, 262173.32, 451482.41, 300.11);
insert into STATION values (161, '321', 302, 261890.19, 450748.19, 232.61);
insert into STATION values (162, '335', 302, 261882.77, 450720.47, 241.38);
insert into STATION values (163, '336', 302, 261873.81, 450692.91, 249.15);
insert into STATION values (164, '337', 302, 261869.20, 450663.83, 243.42);
insert into STATION values (165, '338', 302, 261845.95, 450676.19, 235.87);
insert into STATION values (166, '339', 302, 261842.13, 450649.05, 223.67);
insert into STATION values (167, '340', 302, 261845.53, 450627.60, 229.90);
insert into STATION values (168, '341', 302, 261839.81, 450598.17, 228.85);
insert into STATION values (169, '342', 302, 261836.68, 450568.37, 230.42);
insert into STATION values (170, '343', 302, 261832.54, 450538.88, 226.76);
insert into STATION values (171, '344', 302, 261815.03, 450560.50, 215.52);
insert into STATION values (172, '345', 302, 261789.45, 450575.27, 220.73);
insert into STATION values (173, '346', 302, 261789.45, 450545.35, 218.64);
insert into STATION values (174, '347', 302, 261788.43, 450516.39, 226.41);
insert into STATION values (175, '348', 302, 261792.83, 450488.64, 239.51);
insert into STATION values (176, '349', 302, 261813.71, 450501.18, 245.58);
insert into STATION values (177, '350', 302, 261843.94, 450506.51, 241.27);
insert into STATION values (178, '351', 302, 261862.48, 450526.40, 253.94);
insert into STATION values (179, '352', 302, 261867.63, 450555.58, 258.64);
insert into STATION values (180, '353', 302, 261849.73, 450567.64, 237.80);
insert into STATION values (181, 'x', 302, 261834.73, 450570.56, 233.41);
insert into STATION values (182, '354', 302, 261792.41, 450588.12, 220.04);
insert into STATION values (183, '355', 302, 261776.03, 450606.31, 212.56);
insert into STATION values (184, '356', 302, 261784.20, 450634.81, 221.62);
insert into STATION values (185, '357', 302, 261806.23, 450653.29, 216.55);
insert into STATION values (186, '358', 302, 261812.11, 450649.02, 217.96);
insert into STATION values (187, '359b', 302, 261821.23, 450649.66, 224.61);
insert into STATION values (188, '360b', 302, 261827.70, 450657.95, 231.18);
insert into STATION values (189, 'y', 302, 261843.93, 450653.60, 226.67);
insert into STATION values (190, '359a', 302, 261753.58, 450590.59, 200.36);
insert into STATION values (191, '360a', 302, 261733.03, 450597.27, 191.63);
insert into STATION values (192, '361', 302, 261785.76, 450460.27, 232.76);
insert into STATION values (193, '362', 302, 261768.72, 450435.94, 228.58);
insert into STATION values (194, '363', 302, 261747.49, 450435.20, 223.68);
insert into STATION values (195, '364', 302, 261747.49, 450407.01, 233.94);
insert into STATION values (196, '365', 302, 261742.79, 450394.09, 235.14);
insert into STATION values (197, '366', 302, 261762.46, 450377.58, 243.49);
insert into STATION values (198, '367', 302, 261782.96, 450365.26, 251.72);
insert into STATION values (199, '368', 302, 261804.05, 450370.91, 257.57);
insert into STATION values (200, '369', 302, 261783.87, 450350.74, 248.30);
insert into STATION values (201, '370', 302, 261774.88, 450326.02, 253.42);
insert into STATION values (202, '371', 302, 261774.34, 450310.71, 250.44);
insert into STATION values (203, '372', 302, 261765.89, 450284.69, 254.77);
insert into STATION values (204, '147', 302, 261885.41, 450652.89, 244.79);
insert into STATION values (205, '146', 302, 261914.41, 450663.45, 246.41);
insert into STATION values (206, '145', 302, 261940.72, 450667.15, 262.37);
insert into STATION values (207, '144', 302, 261939.58, 450673.02, 264.91);
insert into STATION values (208, '143', 302, 261943.95, 450685.02, 265.80);
insert into STATION values (209, '142', 302, 261970.69, 450682.21, 276.67);
insert into STATION values (210, '141', 302, 261973.42, 450679.75, 281.91);
insert into STATION values (211, '140', 302, 261980.16, 450680.58, 283.11);
insert into STATION values (212, '139', 302, 261989.95, 450683.76, 285.67);
insert into STATION values (213, '138', 302, 262007.00, 450689.30, 295.61);
insert into STATION values (214, '700', 302, 261733.03, 450461.29, 220.54);
insert into STATION values (215, '701', 302, 261715.42, 450459.13, 224.64);
insert into STATION values (216, '702', 302, 261713.33, 450429.21, 225.16);
insert into STATION values (217, '703', 302, 261689.18, 450418.46, 223.31);
insert into STATION values (218, '704', 302, 261679.94, 450412.22, 218.11);
insert into STATION values (219, '372', 395, 261765.89, 450284.69, 254.77);
insert into STATION values (220, '373', 395, 261752.10, 450277.05, 244.53);
insert into STATION values (221, '374', 395, 261727.13, 450280.11, 228.19);
insert into STATION values (222, '375', 395, 261699.46, 450275.73, 217.44);
insert into STATION values (223, '376', 395, 261686.36, 450275.73, 214.18);
insert into STATION values (224, '377', 395, 261667.67, 450266.61, 207.01);
insert into STATION values (225, '378', 395, 261682.93, 450293.05, 201.63);
insert into STATION values (226, '379', 395, 261687.25, 450307.18, 204.24);
insert into STATION values (227, '380', 395, 261656.87, 450274.75, 196.06);
insert into STATION values (228, '381', 395, 261642.59, 450263.99, 183.07);
insert into STATION values (229, '382', 395, 261618.03, 450265.28, 165.21);
insert into STATION values (230, '383', 395, 261596.14, 450255.53, 147.15);
insert into STATION values (231, '384', 395, 261570.36, 450268.11, 138.38);
insert into STATION values (232, '385', 395, 261585.13, 450293.70, 133.17);
insert into STATION values (233, '386', 395, 261598.72, 450317.24, 145.85);
insert into STATION values (234, '387', 395, 261622.63, 450325.94, 161.75);
insert into STATION values (235, '388', 395, 261647.27, 450335.90, 177.71);
insert into STATION values (236, '389', 395, 261667.78, 450335.18, 189.56);
insert into STATION values (237, '390', 395, 261678.26, 450361.12, 195.00);
insert into STATION values (238, '391', 395, 261673.36, 450388.88, 184.74);
insert into STATION values (239, '392', 395, 261673.36, 450404.88, 184.46);
insert into STATION values (240, '393', 395, 261681.53, 450422.39, 178.92);
insert into STATION values (241, '394', 395, 261678.87, 450444.06, 173.07);
insert into STATION values (242, '395', 395, 261656.58, 450450.45, 167.72);
insert into STATION values (243, '396', 395, 261627.93, 450448.95, 158.95);
insert into STATION values (244, '397', 395, 261629.48, 450478.51, 158.95);
insert into STATION values (245, '398', 395, 261637.62, 450506.91, 153.74);
insert into STATION values (246, '399', 395, 261643.29, 450536.07, 157.91);
insert into STATION values (247, '400', 395, 261662.67, 450555.45, 170.11);
insert into STATION values (248, '401', 395, 261648.96, 450579.19, 182.32);
insert into STATION values (249, '402', 395, 261638.08, 450596.60, 190.20);
insert into STATION values (250, '403', 395, 261666.62, 450608.72, 190.20);
insert into STATION values (251, '404', 395, 261681.45, 450614.71, 202.70);
insert into STATION values (252, '405', 395, 261660.71, 450630.34, 218.30);
insert into STATION values (253, '406', 395, 261652.36, 450630.48, 226.65);
insert into STATION values (254, '407', 395, 261627.77, 450622.97, 242.10);
insert into STATION values (255, '408', 395, 261629.19, 450611.40, 241.08);
insert into STATION values (256, '409', 395, 261687.29, 450618.08, 203.53);
insert into STATION values (257, '410', 395, 261717.03, 450614.43, 205.10);
insert into STATION values (258, '411', 395, 261617.88, 450541.47, 172.91);
insert into STATION values (259, '412', 395, 261601.00, 450542.06, 183.06);
insert into STATION values (260, '413', 395, 261582.11, 450550.87, 204.64);
insert into STATION values (261, '414', 395, 261660.56, 450493.67, 167.82);
insert into STATION values (262, '415', 395, 261678.92, 450494.31, 181.66);
insert into STATION values (263, '416', 395, 261690.75, 450501.41, 181.66);
insert into STATION values (264, '417', 395, 261714.24, 450505.13, 182.49);
insert into STATION values (265, '418', 395, 261691.17, 450486.65, 175.53);
insert into STATION values (266, '419', 395, 261687.20, 450464.11, 174.73);
insert into STATION values (267, 'z', 395, 261677.84, 450440.94, 173.86);
insert into STATION values (268, '420', 395, 261706.62, 450429.12, 193.92);
insert into STATION values (269, '421', 395, 261719.40, 450439.47, 201.24);
insert into STATION values (270, '422', 395, 261695.40, 450348.67, 206.27);
insert into STATION values (271, '423', 395, 261697.26, 450357.39, 211.62);
insert into STATION values (272, '424', 395, 261723.39, 450366.39, 224.51);
insert into STATION values (273, '425', 395, 261737.80, 450372.80, 233.99);
insert into STATION values (274, '426', 395, 261690.24, 450324.39, 209.31);
insert into STATION values (275, '427', 395, 261640.78, 450339.94, 180.12);
insert into STATION values (276, '428', 395, 261615.63, 450336.41, 162.34);
insert into STATION values (277, '429', 395, 261612.56, 450361.38, 146.00);
insert into STATION values (278, '430', 395, 261622.23, 450386.57, 146.94);
insert into STATION values (279, '431', 395, 261622.23, 450404.07, 140.92);
insert into STATION values (280, '432', 395, 261617.80, 450423.28, 142.65);
insert into STATION values (281, '433', 395, 261622.85, 450442.16, 155.34);
insert into STATION values (282, '434', 395, 261652.22, 450444.73, 164.92);
insert into STATION values (283, '435', 395, 261671.95, 450442.31, 171.37);
insert into STATION values (284, 'xx', 395, 261680.58, 450438.28, 173.23);
insert into STATION values (285, '436', 395, 261599.76, 450241.02, 145.05);
insert into STATION values (286, '437', 395, 261587.02, 450222.14, 136.31);
insert into STATION values (287, '438', 395, 261563.24, 450204.22, 132.65);
insert into STATION values (288, '439', 395, 261546.56, 450178.54, 127.80);
insert into STATION values (289, '440', 395, 261538.83, 450161.16, 133.98);
insert into STATION values (290, '441', 395, 261533.42, 450144.53, 139.00);
insert into STATION values (291, '442', 395, 261516.05, 450132.81, 131.37);
insert into STATION values (292, '443', 395, 261516.70, 450118.78, 143.31);
insert into STATION values (293, '444', 395, 261500.47, 450105.16, 144.05);
insert into STATION values (294, '445', 395, 261498.65, 450098.36, 147.64);
insert into STATION values (295, '446', 395, 261486.31, 450086.85, 146.75);
insert into STATION values (296, '447', 395, 261556.91, 450137.79, 147.89);
insert into STATION values (297, '448', 395, 261565.52, 450134.66, 147.09);
insert into STATION values (298, '449', 395, 261563.92, 450157.59, 153.25);
insert into STATION values (299, '450', 395, 261547.82, 450159.00, 144.66);
insert into STATION values (300, 'yy', 395, 261538.31, 450161.91, 136.60);
insert into STATION values (301, '01', 436, 261596.14, 450255.53, 147.15);
insert into STATION values (302, '02', 436, 261571.10, 450246.91, 133.07);
insert into STATION values (303, '03', 436, 261565.29, 450245.46, 130.53);
insert into STATION values (304, '04', 436, 261553.72, 450239.82, 119.73);
insert into STATION values (305, '05', 436, 261549.11, 450235.95, 116.79);
insert into STATION values (306, '06', 436, 261535.42, 450234.75, 108.21);
insert into STATION values (307, '07', 436, 261513.05, 450223.84, 96.06);
insert into STATION values (308, '08', 436, 261494.47, 450220.23, 89.91);
insert into STATION values (309, '09', 436, 261481.92, 450203.58, 83.54);
insert into STATION values (310, '10', 436, 261457.74, 450201.46, 65.91);
insert into STATION values (311, '11', 436, 261440.12, 450211.23, 52.32);
insert into STATION values (312, '12', 436, 261468.00, 450229.64, 66.95);
insert into STATION values (313, '13', 436, 261476.26, 450258.43, 65.38);
insert into STATION values (314, '14', 436, 261489.21, 450284.99, 70.59);
insert into STATION values (315, '15', 436, 261489.21, 450314.95, 69.02);
insert into STATION values (316, '16', 436, 261458.26, 450171.84, 70.60);
insert into STATION values (317, '17', 436, 261450.25, 450153.85, 72.67);
insert into STATION values (318, '18', 436, 261430.74, 450138.60, 62.16);
insert into STATION values (319, '19', 436, 261427.62, 450108.93, 65.29);
insert into STATION values (320, '20', 436, 261417.40, 450080.85, 67.91);
insert into STATION values (321, '21', 436, 261392.17, 450092.08, 56.19);
insert into STATION values (322, '22', 436, 261383.50, 450088.04, 53.26);
insert into STATION values (323, '23', 436, 261381.17, 450079.32, 51.01);
insert into STATION values (324, '24', 436, 261403.07, 450066.52, 75.69);
insert into STATION values (325, 'cw4', 436, 261347.70, 449973.90, 51.01);
insert into STATION values (326, '19', 454, 261427.62, 450108.93, 65.29);
insert into STATION values (327, '164', 454, 261443.31, 450104.73, 61.84);
insert into STATION values (328, '163', 454, 261448.20, 450103.86, 55.70);
insert into STATION values (329, '162', 454, 261452.32, 450099.75, 51.47);
insert into STATION values (330, '161', 454, 261456.21, 450090.59, 50.43);
insert into STATION values (331, '160', 454, 261452.21, 450082.75, 50.43);
insert into STATION values (332, '159', 454, 261451.23, 450071.59, 50.43);
insert into STATION values (333, '158', 454, 261458.12, 450077.17, 54.37);
insert into STATION values (334, '157', 454, 261466.68, 450084.61, 51.96);
insert into STATION values (335, '156', 454, 261470.79, 450072.70, 50.41);
insert into STATION values (336, '155', 454, 261471.33, 450057.10, 60.16);
insert into STATION values (337, '154', 454, 261474.01, 450056.72, 59.44);
insert into STATION values (338, '153', 454, 261476.59, 450056.72, 59.12);
insert into STATION values (339, '152', 454, 261482.40, 450063.90, 61.77);
insert into STATION values (340, '151', 454, 261488.09, 450062.26, 63.24);
insert into STATION values (341, '150', 454, 261492.81, 450065.95, 65.19);
insert into STATION values (342, '39', 454, 261494.26, 450069.20, 65.75);
insert into STATION values (343, '38', 454, 261492.01, 450074.76, 65.65);
insert into STATION values (344, '37', 454, 261492.13, 450081.91, 64.77);
insert into STATION values (345, '35', 454, 261491.67, 450090.79, 59.00);
insert into STATION values (346, '36', 454, 261481.62, 450092.20, 54.26);
insert into STATION values (347, '34', 454, 261505.84, 450099.64, 72.53);
insert into STATION values (348, '33', 454, 261515.09, 450098.99, 73.18);
insert into STATION values (349, '32', 454, 261524.94, 450101.82, 71.37);
insert into STATION values (350, '31', 454, 261542.76, 450099.31, 71.69);
insert into STATION values (351, '30', 454, 261555.97, 450092.58, 76.22);
insert into STATION values (352, '29', 454, 261559.55, 450077.05, 74.82);
insert into STATION values (353, '28', 454, 261561.12, 450047.09, 74.82);
insert into STATION values (354, '27', 454, 261561.57, 450038.64, 73.33);
insert into STATION values (355, '26', 454, 261554.75, 450031.33, 72.98);
insert into STATION values (356, '15', 471, 261489.21, 450314.95, 69.02);
insert into STATION values (357, '847', 471, 261487.31, 450304.17, 67.87);
insert into STATION values (358, '846', 471, 261484.60, 450299.83, 63.10);
insert into STATION values (359, '845', 471, 261460.10, 450289.94, 47.85);
insert into STATION values (360, '844', 471, 261475.98, 450311.78, 47.85);
insert into STATION values (361, '843', 471, 261494.33, 450336.14, 47.85);
insert into STATION values (362, '842', 471, 261495.93, 450366.60, 47.85);
insert into STATION values (363, '841', 471, 261494.88, 450396.58, 47.85);
insert into STATION values (364, '840', 471, 261503.29, 450425.90, 47.85);
insert into STATION values (365, '839', 471, 261511.83, 450455.70, 47.85);
insert into STATION values (366, '838', 471, 261499.43, 450483.56, 47.85);
insert into STATION values (367, '837', 471, 261500.97, 450513.02, 47.85);
insert into STATION values (368, '836', 471, 261513.11, 450526.04, 47.85);
insert into STATION values (369, '835', 471, 261519.86, 450555.27, 47.85);
insert into STATION values (370, '834', 471, 261538.64, 450579.30, 47.85);
insert into STATION values (371, '833', 471, 261544.22, 450601.72, 47.85);
insert into STATION values (372, '832', 471, 261553.14, 450630.88, 47.85);
insert into STATION values (373, '831', 471, 261560.55, 450639.41, 47.85);
insert into STATION values (374, '830', 471, 261561.52, 450648.56, 47.85);
insert into STATION values (375, '829', 471, 261567.34, 450678.50, 47.85);
insert into STATION values (376, '828', 471, 261576.25, 450707.67, 47.85);
insert into STATION values (377, '827', 471, 261586.48, 450721.25, 47.85);
insert into STATION values (378, '826', 471, 261599.37, 450748.89, 47.85);
insert into STATION values (379, '825', 471, 261605.19, 450778.83, 47.85);
insert into STATION values (380, '824', 471, 261604.92, 450786.72, 47.85);
insert into STATION values (381, '823', 471, 261624.84, 450810.47, 47.85);
insert into STATION values (382, '822', 471, 261650.99, 450826.18, 47.85);
insert into STATION values (383, '821', 471, 261662.41, 450854.46, 47.85);
insert into STATION values (384, '820', 471, 261666.66, 450884.66, 47.85);
insert into STATION values (385, '819', 471, 261669.59, 450912.51, 47.85);
insert into STATION values (386, '818', 471, 261679.29, 450936.52, 47.85);
insert into STATION values (387, '817', 471, 261691.20, 450964.60, 47.85);
insert into STATION values (388, '816', 471, 261701.64, 450993.26, 47.85);
insert into STATION values (389, '815', 471, 261708.25, 451021.90, 47.85);
insert into STATION values (390, '814', 471, 261719.15, 451048.89, 47.85);
insert into STATION values (391, '813', 471, 261725.55, 451068.57, 47.85);
insert into STATION values (392, '812', 471, 261723.95, 451099.03, 47.85);
insert into STATION values (393, '811', 471, 261729.77, 451128.97, 47.85);
insert into STATION values (394, '810', 471, 261735.51, 451155.97, 47.85);
insert into STATION values (395, '809', 471, 261737.63, 451186.23, 51.04);
insert into STATION values (396, '808', 471, 261746.54, 451215.38, 49.97);
insert into STATION values (397, '807', 471, 261762.50, 451226.56, 47.92);
insert into STATION values (398, '806', 471, 261744.64, 451243.21, 52.23);
insert into STATION values (399, '805', 471, 261729.51, 451240.55, 60.40);
insert into STATION values (400, '804', 471, 261726.35, 451235.06, 58.94);
insert into STATION values (401, '803', 471, 261706.92, 451231.63, 62.77);
insert into STATION values (402, '802', 471, 261682.78, 451232.90, 64.04);
insert into STATION values (403, '801', 471, 261654.23, 451243.29, 66.70);
insert into STATION values (404, '800', 471, 261649.35, 451261.50, 75.49);
insert into STATION values (405, 'x', 471, 261654.23, 451243.29, 166.70);
insert into STATION values (406, '100', 548, 262019.36, 451408.76, 245.73);
insert into STATION values (407, '28', 548, 262026.35, 451423.09, 244.34);
insert into STATION values (408, '27', 548, 262026.79, 451428.10, 238.12);
insert into STATION values (409, '10', 548, 262015.55, 451435.97, 226.61);
insert into STATION values (410, '11', 548, 261989.61, 451429.96, 210.72);
insert into STATION values (411, '12', 548, 261978.64, 451439.07, 200.95);
insert into STATION values (412, '13', 548, 261980.81, 451453.25, 198.27);
insert into STATION values (413, '1', 548, 261979.06, 451462.89, 193.76);
insert into STATION values (414, '26', 548, 261979.41, 451457.92, 196.53);
insert into STATION values (415, '25', 548, 261972.81, 451453.96, 194.75);
insert into STATION values (416, '24', 548, 261970.02, 451454.97, 193.55);
insert into STATION values (417, '23', 548, 261970.87, 451451.29, 193.15);
insert into STATION values (418, '22', 548, 261964.07, 451454.04, 191.19);
insert into STATION values (419, '21', 548, 261965.37, 451444.77, 189.54);
insert into STATION values (420, '20', 548, 261961.98, 451445.13, 188.09);
insert into STATION values (421, '19', 548, 261953.15, 451451.08, 179.15);
insert into STATION values (422, '18a', 548, 261948.85, 451454.10, 173.52);
insert into STATION values (423, '18', 548, 261945.60, 451455.83, 170.94);
insert into STATION values (424, '17', 548, 261950.70, 451462.86, 171.40);
insert into STATION values (425, '16', 548, 261938.56, 451472.01, 159.52);
insert into STATION values (426, '15', 548, 261926.03, 451487.48, 145.06);
insert into STATION values (427, '14', 548, 261926.92, 451512.99, 139.16);
insert into STATION values (428, '59', 548, 261922.39, 451512.99, 143.39);
insert into STATION values (429, '58', 548, 261911.10, 451517.78, 140.10);
insert into STATION values (430, '57', 548, 261906.50, 451520.13, 137.69);
insert into STATION values (431, '38', 548, 261902.32, 451523.16, 136.50);
insert into STATION values (432, '37', 548, 261910.27, 451538.12, 137.98);
insert into STATION values (433, '36', 548, 261907.43, 451543.24, 134.74);
insert into STATION values (434, '35', 548, 261908.55, 451559.36, 140.62);
insert into STATION values (435, '33', 548, 261910.26, 451571.49, 141.80);
insert into STATION values (436, '32', 548, 261912.70, 451585.36, 135.82);
insert into STATION values (437, '31', 548, 261905.24, 451595.63, 141.21);
insert into STATION values (438, '30', 548, 261902.86, 451602.17, 133.75);
insert into STATION values (439, '29', 548, 261896.79, 451614.08, 131.87);
insert into STATION values (440, '56', 548, 261886.18, 451525.72, 134.21);
insert into STATION values (441, '55', 548, 261862.96, 451528.16, 150.55);
insert into STATION values (442, '54', 548, 261849.95, 451525.39, 150.55);
insert into STATION values (443, '53', 548, 261845.84, 451529.65, 152.03);
insert into STATION values (444, '52', 548, 261843.12, 451531.22, 149.10);
insert into STATION values (445, '51', 548, 261841.10, 451532.48, 149.43);
insert into STATION values (446, '50', 548, 261829.90, 451526.28, 151.69);
insert into STATION values (447, '49', 548, 261828.17, 451520.23, 152.13);
insert into STATION values (448, '48', 548, 261822.46, 451510.73, 144.07);
insert into STATION values (449, '47', 548, 261818.84, 451498.89, 136.92);
insert into STATION values (450, '46', 548, 261804.52, 451483.53, 128.86);
insert into STATION values (451, '45', 548, 261790.56, 451477.89, 136.53);
insert into STATION values (452, '44', 548, 261787.51, 451480.73, 140.85);
insert into STATION values (453, '43', 548, 261785.16, 451479.15, 142.35);
insert into STATION values (454, '42', 548, 261777.01, 451481.80, 148.58);
insert into STATION values (455, '41', 548, 261767.30, 451477.48, 151.43);
insert into STATION values (456, '40', 548, 261761.41, 451477.48, 154.18);
insert into STATION values (457, '39', 548, 261751.72, 451484.26, 161.28);
insert into STATION values (458, '34', 548, 261917.69, 451573.34, 148.23);
insert into STATION values (459, '2', 548, 261991.67, 451475.59, 198.44);
insert into STATION values (460, '3', 548, 262015.25, 451479.72, 209.08);
insert into STATION values (461, '4', 548, 262029.02, 451491.27, 217.85);
insert into STATION values (462, '5', 548, 262037.28, 451501.12, 218.86);
insert into STATION values (463, '6', 548, 262042.93, 451476.66, 230.57);
insert into STATION values (464, '7', 548, 262013.31, 451459.41, 215.93);
insert into STATION values (465, '8', 548, 262017.81, 451448.66, 222.77);
insert into STATION values (466, '9', 548, 262017.78, 451440.32, 228.66);
insert into STATION values (467, '103', 548, 261922.56, 451489.33, 141.98);
insert into STATION values (468, '102', 548, 261918.89, 451498.39, 136.11);
insert into STATION values (469, '101', 548, 261912.18, 451498.39, 126.52);
insert into STATION values (470, 'mk100', 548, 261912.18, 451507.57, 129.33);
insert into STATION values (471, '110', 548, 261924.88, 451519.28, 136.88);
insert into STATION values (472, '109', 548, 261925.29, 451522.20, 138.58);
insert into STATION values (473, '108', 548, 261930.17, 451531.79, 139.52);
insert into STATION values (474, '107', 548, 261936.85, 451538.95, 139.18);
insert into STATION values (475, '106', 548, 261943.28, 451548.48, 138.78);
insert into STATION values (476, '105', 548, 261944.50, 451556.20, 135.46);
insert into STATION values (477, '104', 548, 261934.92, 451560.47, 126.65);
insert into STATION values (478, 'ta41', 548, 261887.82, 451620.13, 113.87);
insert into STATION values (479, 'ta40', 548, 261879.71, 451624.09, 93.59);
insert into STATION values (480, 'ta31', 548, 261894.98, 451621.40, 91.14);
insert into STATION values (481, 'ta30', 548, 261920.46, 451626.81, 101.66);
insert into STATION values (482, 'c27', 548, 261940.59, 451644.31, 117.06);
insert into STATION values (483, 'ta32', 548, 261878.41, 451616.65, 76.67);
insert into STATION values (484, 'ta33', 548, 261853.61, 451608.59, 80.80);
insert into STATION values (485, 'ta34', 548, 261844.77, 451607.66, 80.34);
insert into STATION values (486, 'ta35', 548, 261827.77, 451589.43, 66.52);
insert into STATION values (487, 'ta36', 548, 261823.65, 451584.51, 58.59);
insert into STATION values (488, '801', 744, 261672.50, 451236.45, 55.88);
insert into STATION values (489, 'c1', 744, 261687.02, 451232.56, 50.70);
insert into STATION values (490, 'c2', 744, 261696.80, 451258.04, 50.94);
insert into STATION values (491, 'c3', 744, 261719.47, 451276.40, 52.22);
insert into STATION values (492, 'c4', 744, 261734.05, 451287.39, 56.26);
insert into STATION values (493, 'c5', 744, 261752.03, 451302.21, 66.88);
insert into STATION values (494, 'c6', 744, 261770.28, 451325.99, 67.93);
insert into STATION values (495, 'c7', 744, 261767.13, 451349.93, 65.17);
insert into STATION values (496, 'c8', 744, 261767.91, 451379.83, 62.82);
insert into STATION values (497, 'c9', 744, 261778.26, 451404.20, 59.34);
insert into STATION values (498, 'c10', 744, 261790.42, 451430.90, 53.10);
insert into STATION values (499, 'c11', 744, 261815.61, 451446.94, 55.97);
insert into STATION values (500, 'c12', 744, 261815.80, 451454.03, 55.66);
insert into STATION values (501, 'c13', 744, 261803.49, 451477.67, 52.86);
insert into STATION values (502, 'c14', 744, 261814.24, 451505.68, 53.12);
insert into STATION values (503, 'c15', 744, 261821.24, 451534.85, 53.12);
insert into STATION values (504, 'c16', 744, 261822.03, 451564.84, 53.39);
insert into STATION values (505, 'c17', 744, 261817.31, 451590.30, 52.93);
insert into STATION values (506, 'c18', 744, 261829.50, 451471.50, 62.23);
insert into STATION values (507, 'c19', 744, 261847.85, 451487.73, 62.87);
insert into STATION values (508, 'c20', 744, 261856.36, 451516.48, 63.66);
insert into STATION values (509, 'c21', 744, 261854.50, 451540.23, 60.73);
insert into STATION values (510, 'c22', 744, 261863.88, 451566.02, 57.85);
insert into STATION values (511, 'c23', 744, 261887.96, 451577.25, 66.99);
insert into STATION values (512, 'c24', 744, 261908.25, 451595.84, 78.96);
insert into STATION values (513, 'c25', 744, 261915.60, 451619.90, 95.30);
insert into STATION values (514, 'c26', 744, 261936.82, 451633.94, 111.19);
insert into STATION values (515, 'c27', 744, 261940.59, 451644.31, 117.06);
insert into STATION values (516, 'c28', 744, 261895.52, 451628.01, 90.89);
insert into STATION values (517, 'c29', 744, 261876.21, 451626.49, 93.10);
insert into STATION values (518, 'c30', 744, 261882.48, 451622.61, 79.25);
insert into STATION values (519, 'c31', 744, 261875.64, 451618.34, 72.84);
insert into STATION values (520, 'c32', 744, 261859.23, 451595.43, 54.19);
insert into STATION values (521, 'c33', 744, 261858.23, 451604.17, 53.73);
insert into STATION values (522, 'c34', 744, 261865.21, 451609.24, 57.94);
insert into STATION values (523, 'c35', 744, 261875.70, 451637.28, 59.77);
insert into STATION values (524, 'c36', 744, 261886.93, 451655.61, 59.39);
insert into STATION values (525, 'c100', 744, 261839.66, 451548.42, 56.01);
insert into STATION values (526, 'c101', 744, 261822.69, 451539.02, 55.85);
insert into STATION values (527, 'c36', 797, 261885.91, 451649.94, 56.04);
insert into STATION values (528, 'c37', 797, 261886.96, 451659.98, 53.15);
insert into STATION values (529, 'c38', 797, 261872.90, 451660.71, 55.63);
insert into STATION values (530, 'c39', 797, 261853.02, 451669.15, 56.01);
insert into STATION values (531, 'c40', 797, 261847.37, 451684.67, 54.28);
insert into STATION values (532, 'c41', 797, 261844.70, 451701.53, 52.18);
insert into STATION values (533, 'c42', 797, 261872.13, 451708.37, 57.67);
insert into STATION values (534, 'c43', 797, 261874.00, 451726.17, 57.67);
insert into STATION values (535, 'c44', 797, 261898.90, 451731.46, 61.25);
insert into STATION values (536, 'c45', 797, 261910.90, 451724.53, 68.62);
insert into STATION values (537, 'c46', 797, 261923.83, 451711.60, 69.26);
insert into STATION values (538, 'c47', 797, 261954.20, 451710.54, 70.32);
insert into STATION values (539, 'c48', 797, 261963.78, 451727.14, 71.33);
insert into STATION values (540, 'c49', 797, 261971.21, 451753.03, 67.54);
insert into STATION values (541, 'c50', 797, 261991.39, 451742.75, 78.59);
insert into STATION values (542, 'sump', 797, 261836.15, 451678.04, 52.18);
insert into STATION values (543, '60', 797, 261960.40, 451720.20, 70.24);
insert into STATION values (544, '61', 797, 261942.09, 451709.63, 52.50);
insert into STATION values (545, '62', 797, 261958.12, 451705.33, 52.50);
insert into STATION values (546, '63', 797, 261972.00, 451699.72, 55.14);
insert into STATION values (547, '64', 797, 262022.31, 451732.40, 54.09);
insert into STATION values (548, '65', 797, 262061.11, 451758.56, 54.91);
insert into STATION values (549, '66', 797, 262091.24, 451755.40, 55.44);
insert into STATION values (550, '67', 797, 262100.95, 451778.29, 56.74);
insert into STATION values (551, '68', 797, 262107.04, 451827.91, 57.61);
insert into STATION values (552, '69', 797, 262126.14, 451868.86, 58.40);
insert into STATION values (553, '70', 797, 262122.26, 451883.34, 57.88);
insert into STATION values (554, '71', 797, 262128.15, 451931.28, 58.72);
insert into STATION values (555, '72', 797, 262092.01, 451960.13, 57.93);
insert into STATION values (556, '73', 797, 262123.80, 452011.01, 58.98);
insert into STATION values (557, '74', 797, 262134.56, 452044.11, 58.98);
insert into STATION values (558, 'b1', 797, 262119.65, 451941.77, 58.72);
insert into STATION values (559, 'b2', 797, 262143.49, 451949.06, 68.29);
insert into STATION values (560, 'b3', 797, 262194.34, 451980.83, 70.38);
insert into STATION values (561, 'b4', 797, 262216.47, 451999.40, 71.39);
insert into STATION values (562, 'b5', 797, 262220.32, 452014.86, 72.79);
insert into STATION values (563, 'b6', 797, 262215.96, 452028.28, 65.90);
insert into STATION values (564, 'b10', 797, 262252.99, 451973.63, 80.80);
insert into STATION values (565, 'b11', 797, 262289.43, 451978.75, 97.96);
insert into STATION values (566, 'a1', 797, 262075.59, 451949.26, 60.04);
insert into STATION values (567, 'a2', 797, 262077.90, 451939.03, 66.01);
insert into STATION values (568, 'a3', 797, 262084.31, 451932.36, 73.44);
insert into STATION values (569, 'a4', 797, 262074.18, 451932.38, 75.86);
insert into STATION values (570, 'a5', 797, 262065.85, 451928.88, 82.30);
insert into STATION values (571, 'a6', 797, 262055.46, 451896.90, 97.00);
insert into STATION values (572, 'a7', 797, 262094.91, 451863.27, 122.97);
insert into STATION values (573, 'a8', 797, 262094.84, 451902.05, 99.28);
insert into STATION values (574, 'c1', 797, 261871.27, 451683.81, 67.60);
insert into STATION values (575, 'c2', 797, 261890.35, 451661.08, 82.72);
insert into STATION values (576, 'c3', 797, 261898.70, 451653.29, 91.65);
insert into STATION values (577, 'c4', 797, 261896.48, 451642.81, 94.92);
insert into STATION values (578, 'ta31', 797, 261894.98, 451621.40, 91.14);
insert into STATION values (579, '0', 963, 259164.00, 449125.00, 20.00);
insert into STATION_FLAG values(579, 'ent');
insert into STATION_FLAG values(579, 'fix');
insert into STATION values (580, '1', 963, 259271.10, 449099.17, 18.61);
insert into STATION values (581, '2', 963, 259317.96, 449079.36, 17.22);
insert into STATION values (582, '3', 963, 259316.62, 448987.27, 15.83);
insert into STATION values (583, '4', 963, 259425.06, 448902.93, 16.33);
insert into STATION values (584, '5', 963, 259461.20, 448939.08, 16.33);
insert into STATION values (585, '6', 963, 259509.39, 448878.84, 16.33);
insert into STATION values (586, '7', 963, 259521.44, 448896.91, 16.33);
insert into STATION values (587, '8', 963, 259533.49, 448890.89, 16.33);
insert into STATION values (588, '9', 963, 259533.49, 448878.84, 16.33);
insert into STATION values (589, '10', 963, 259557.58, 448872.81, 16.33);
insert into STATION values (590, '11', 963, 259557.58, 448860.77, 16.33);
insert into STATION values (591, '12', 963, 259575.66, 448860.77, 16.33);
insert into STATION values (592, '13', 963, 259581.68, 448872.81, 16.33);
insert into STATION values (593, '14', 963, 259593.73, 448866.79, 16.33);
insert into STATION values (594, '15', 963, 259605.78, 448890.89, 16.33);
insert into STATION values (595, '16', 963, 259756.38, 448902.93, 16.83);
insert into STATION values (596, '17', 963, 259792.52, 448927.03, 16.83);
insert into STATION values (597, '18', 963, 259816.62, 448914.98, 16.83);
insert into STATION values (598, '19', 963, 259822.64, 448945.10, 16.83);
insert into STATION values (599, '20', 963, 259846.74, 448914.98, 16.83);
insert into STATION values (600, '21', 963, 259840.71, 448969.20, 17.83);
insert into STATION values (601, '25', 963, 259804.57, 448824.62, 17.83);
insert into STATION values (602, '30', 963, 259479.27, 448957.15, 17.83);
insert into STATION values (603, '31', 963, 259497.34, 448999.32, 18.83);
insert into STATION values (604, '32', 963, 259557.58, 448975.22, 18.83);
insert into STATION values (605, '33', 963, 259659.99, 448999.32, 18.83);
insert into STATION values (606, '34', 963, 259641.92, 448957.15, 17.83);
insert into STATION values (607, '35', 963, 259605.78, 448914.98, 16.83);
insert into STATION values (608, '36', 963, 259587.70, 448914.98, 17.83);
insert into STATION values (609, '37', 963, 259575.66, 448896.91, 17.83);
insert into STATION values (610, '40', 963, 259623.85, 449029.44, 18.83);
insert into STATION values (611, '45', 963, 259503.37, 448945.10, 25.83);
insert into STATION values (612, '46', 963, 259497.34, 448927.03, 33.83);
insert into STATION values (613, '47', 963, 259479.27, 448878.84, 35.83);
insert into STATION values (614, '50', 963, 259307.24, 449135.31, 53.61);
insert into STATION values (615, '51', 963, 259343.39, 449141.34, 46.61);
insert into STATION values (616, '52', 963, 259409.65, 449261.82, 47.61);
insert into STATION values (617, '53', 963, 259427.72, 449328.08, 50.61);
insert into STATION values (618, '54', 963, 259469.89, 449358.20, 56.61);
insert into STATION values (619, '55', 963, 259500.01, 449412.42, 56.61);
insert into STATION values (620, '56', 963, 259632.53, 449442.54, 57.61);
insert into STATION values (621, '57', 963, 259668.68, 449478.68, 55.61);
insert into STATION values (622, '58', 963, 259692.77, 449454.59, 62.61);
insert into STATION values (623, '59', 963, 259753.01, 449544.95, 66.61);
insert into STATION values (624, '60', 963, 259837.35, 449629.28, 86.61);
insert into STATION values (625, '61', 963, 259915.66, 449611.21, 93.61);
insert into STATION values (626, '62', 963, 259957.83, 449611.21, 63.61);
insert into STATION values (627, '63', 963, 260060.23, 449629.28, 73.61);
insert into STATION values (628, '65', 963, 259307.24, 449135.31, 116.61);
insert into STATION values (629, '70', 963, 259307.24, 449183.51, 48.61);
insert into STATION values (630, '71', 963, 259289.17, 449189.53, 48.61);
insert into STATION values (631, '72', 963, 259295.19, 449225.67, 43.61);
insert into STATION values (632, '73', 963, 259337.36, 449291.94, 38.61);
insert into STATION values (633, '74', 963, 259361.46, 449352.18, 38.61);
insert into STATION values (634, '75', 963, 259343.39, 449424.47, 38.61);
insert into STATION values (635, '80', 963, 259373.51, 449297.96, 48.61);
insert into STATION values (636, '81', 963, 259385.55, 449316.03, 53.61);
insert into STATION values (637, '82', 963, 259409.65, 449291.94, 58.61);
insert into STATION values (638, '85', 963, 259379.53, 449376.27, 38.61);
insert into STATION values (639, '90', 963, 259198.81, 449153.39, 43.61);
insert into STATION_FLAG values(639, 'ent');
insert into STATION values (640, '95', 963, 259253.03, 449237.72, 38.61);
insert into STATION values (641, '96', 963, 259234.95, 449231.70, 38.61);
insert into STATION_FLAG values(641, 'ent');
insert into STATION values (642, '100', 963, 259493.98, 449460.61, 63.61);
insert into STATION values (643, '101', 963, 259475.91, 449484.71, 83.61);
insert into STATION values (644, '102', 963, 259481.93, 449538.92, 93.61);
insert into STATION_FLAG values(644, 'ent');
insert into STATION values (645, '105', 963, 259506.03, 449303.99, 93.61);
insert into STATION values (646, '106', 963, 259475.91, 449237.72, 98.61);
insert into STATION values (647, '107', 963, 259475.91, 449171.46, 100.61);
insert into STATION values (648, '108', 963, 259439.77, 449105.19, 118.61);
insert into STATION values (649, '109', 963, 259518.08, 449129.29, 128.61);
insert into STATION values (650, '110', 963, 259554.22, 449213.63, 143.61);
insert into STATION values (651, '111', 963, 259536.15, 449231.70, 155.61);
insert into STATION_FLAG values(651, 'ent');
insert into STATION values (652, '115', 963, 259361.46, 449050.98, 130.61);
insert into STATION values (653, '116', 963, 259355.43, 449008.81, 143.61);
insert into STATION values (654, '120', 963, 259536.15, 449364.23, 93.61);
insert into STATION values (655, '125', 963, 259632.53, 449376.27, 98.61);
insert into STATION values (656, '126', 963, 259614.46, 449334.11, 118.61);
insert into STATION values (657, '127', 963, 259572.29, 449291.94, 158.61);
insert into STATION_FLAG values(657, 'ent');
insert into STATION values (658, '130', 963, 259722.89, 449346.15, 58.61);
insert into STATION values (659, '131', 963, 259753.01, 449261.82, 58.61);
insert into STATION values (660, '132', 963, 259656.63, 449141.34, 63.61);
insert into STATION values (661, '133', 963, 259644.58, 449057.00, 61.61);
insert into STATION values (662, '134', 963, 259620.49, 449020.86, 62.61);
insert into STATION values (663, '135', 963, 259596.39, 449026.88, 63.61);
insert into STATION values (664, '136', 963, 259554.22, 448954.59, 65.61);
insert into STATION values (665, '137', 963, 259590.37, 448894.35, 68.61);
insert into STATION values (666, '140', 963, 259518.08, 448954.59, 53.61);
insert into STATION values (667, '145', 963, 259644.58, 449201.58, 58.61);
insert into STATION values (668, '150', 963, 259771.09, 449261.82, 58.61);
insert into STATION values (669, '151', 963, 259795.18, 449406.39, 56.61);
insert into STATION values (670, '155', 963, 259771.09, 449231.70, 61.61);
insert into STATION values (671, '160', 963, 259867.47, 449575.07, 123.61);
insert into STATION values (672, '161', 963, 259849.40, 449532.90, 138.61);
insert into STATION values (673, '162', 963, 259837.35, 449496.75, 136.61);
insert into STATION values (674, '163', 963, 259915.66, 449472.66, 154.61);
insert into STATION values (675, '164', 963, 259939.76, 449508.80, 156.61);
insert into STATION values (676, '170', 963, 259740.96, 449623.26, 48.61);
insert into STATION values (677, '171', 963, 259746.99, 449665.43, 43.61);
insert into STATION values (678, '172', 963, 259777.11, 449689.52, 44.61);
insert into STATION values (679, '173', 963, 259813.25, 449671.45, 63.61);
insert into STATION values (680, '175', 963, 259361.65, 449609.49, 64.31);
insert into STATION_FLAG values(680, 'ent');
insert into STATION values (681, '176', 963, 259385.75, 449615.52, 67.31);
insert into STATION values (682, '177', 963, 259409.84, 449681.78, 21.31);
insert into STATION values (683, '178', 963, 259470.08, 449675.76, 21.31);
insert into STATION values (684, '179', 963, 259488.16, 449742.02, 21.31);
insert into STATION values (685, '180', 963, 259536.35, 449862.50, 21.81);
insert into STATION values (686, '181', 963, 259512.26, 449922.68, 21.84);
insert into STATION values (687, '182', 963, 259626.72, 450049.12, 22.36);
insert into STATION values (688, '183', 963, 259747.21, 450067.13, 22.39);
insert into STATION values (689, '184', 963, 259777.34, 450145.38, 22.41);
insert into STATION values (690, '185', 963, 259825.54, 450097.12, 22.94);
insert into STATION values (691, '186', 963, 259873.74, 450121.15, 22.97);
insert into STATION values (692, '187', 963, 260018.32, 450187.35, 23.49);
insert into STATION values (693, '188', 963, 260066.52, 450175.24, 23.52);
insert into STATION values (694, '189', 963, 260150.86, 450199.27, 23.54);
insert into STATION values (695, '190', 963, 260120.75, 450090.78, 24.07);
insert into STATION values (696, '191', 963, 260162.93, 450060.60, 24.10);
insert into STATION values (697, '192', 963, 260217.15, 450078.60, 24.62);
insert into STATION values (698, '193', 963, 260277.39, 450078.60, 24.62);
insert into STATION values (699, '194', 963, 260301.49, 450120.77, 24.62);
insert into STATION values (700, '200', 963, 259355.63, 449687.81, 21.31);
insert into STATION values (701, '201', 963, 259313.46, 449663.71, 21.31);
insert into STATION values (702, '202', 963, 259295.39, 449760.09, 21.31);
insert into STATION values (703, '203', 963, 259325.51, 449886.60, 21.31);
insert into STATION values (704, '204', 963, 259379.72, 449934.79, 21.31);
insert into STATION values (705, '205', 963, 259409.84, 450031.17, 21.31);
insert into STATION values (706, '206', 963, 259452.01, 450079.37, 21.31);
insert into STATION values (707, '207', 963, 259470.08, 450163.70, 21.31);
insert into STATION values (708, '208', 963, 259500.20, 450175.75, 21.31);
insert into STATION values (709, '209', 963, 259506.23, 450157.68, 21.31);
insert into STATION values (710, '210', 963, 259530.32, 450187.80, 21.31);
insert into STATION values (711, '211', 963, 259524.30, 450145.63, 21.81);
insert into STATION values (712, '215', 963, 259452.01, 450025.15, 21.81);
insert into STATION values (713, '216', 963, 259458.04, 450037.20, 21.81);
insert into STATION values (714, '220', 963, 259391.77, 450055.27, 21.31);
insert into STATION values (715, '221', 963, 259397.80, 450079.37, 21.31);
insert into STATION values (716, '222', 963, 259379.72, 450097.44, 21.31);
insert into STATION values (717, '223', 963, 259397.80, 450151.65, 21.31);
insert into STATION_FLAG values(717, 'ent');
insert into STATION values (718, '225', 963, 259355.63, 450037.20, 21.31);
insert into STATION_FLAG values(718, 'ent');
insert into STATION values (719, '230', 963, 259301.41, 449898.65, 21.81);
insert into STATION values (720, '231', 963, 259313.46, 449934.79, 21.81);
insert into STATION values (721, '232', 963, 259301.41, 449940.81, 21.81);
insert into STATION values (722, '233', 963, 259313.46, 449958.89, 21.81);
insert into STATION_FLAG values(722, 'ent');
insert into STATION values (723, '235', 963, 259223.10, 449790.21, 22.31);
insert into STATION_FLAG values(723, 'ent');
insert into STATION values (724, '240', 963, 259391.77, 449711.90, 59.31);
insert into STATION values (725, '241', 963, 259433.94, 449723.95, 61.31);
insert into STATION values (726, '242', 963, 259470.08, 449778.17, 59.31);
insert into STATION values (727, '243', 963, 259397.80, 449796.24, 64.31);
insert into STATION values (728, '245', 963, 259433.94, 449723.95, 104.31);
insert into STATION_FLAG values(728, 'ent');
insert into STATION values (729, '250', 963, 259741.19, 450115.26, 24.41);
insert into STATION values (730, '251', 963, 259717.10, 450133.33, 24.41);
insert into STATION values (731, '252', 963, 259735.17, 450181.52, 22.41);
insert into STATION values (732, '253', 963, 259741.19, 450205.62, 22.41);
insert into STATION values (733, '254', 963, 259747.22, 450259.83, 22.41);
insert into STATION values (734, '255', 963, 259819.51, 450289.95, 22.41);
insert into STATION values (735, '256', 963, 259867.70, 450368.26, 22.41);
insert into STATION values (736, '257', 963, 259915.89, 450410.43, 24.41);
insert into STATION values (737, '260', 963, 259699.03, 450241.76, 22.41);
insert into STATION_FLAG values(737, 'ent');
insert into STATION values (738, '261', 963, 259668.91, 450223.69, 22.41);
insert into STATION values (739, '262', 963, 259644.81, 450169.47, 22.41);
insert into STATION values (740, '263', 963, 259620.71, 450169.47, 22.41);
insert into STATION values (741, '265', 963, 260289.44, 450217.16, 25.62);
insert into STATION values (742, '266', 963, 260349.68, 450211.13, 25.62);
insert into STATION values (743, '267', 963, 260355.70, 450150.89, 26.62);
insert into STATION values (744, '270', 963, 260199.08, 449982.16, 37.65);
insert into STATION values (745, '271', 963, 260186.94, 449886.61, 44.31);
insert into STATION values (746, '272', 963, 260192.89, 449863.14, 69.05);
insert into STATION values (747, '273', 963, 260204.86, 449845.70, 100.79);
insert into STATION values (748, '274', 963, 260204.78, 449774.10, 103.51);
insert into STATION values (749, '275', 963, 260283.03, 449768.61, 94.29);
insert into STATION values (750, '276', 963, 260361.23, 449781.56, 95.92);
insert into STATION values (751, '277', 963, 260415.34, 449830.65, 95.56);
insert into STATION values (752, '278', 963, 260445.36, 449885.03, 91.14);
insert into STATION values (753, '279', 963, 260559.70, 450047.84, 90.73);
insert into STATION values (754, '280', 963, 260649.95, 450222.70, 98.31);
insert into STATION values (755, '281', 963, 260704.02, 450271.58, 97.95);
insert into STATION values (756, '282', 963, 260746.08, 450314.20, 96.02);
insert into STATION values (757, '283', 963, 260788.14, 450362.91, 90.12);
insert into STATION values (758, '284', 963, 260842.26, 450405.59, 99.26);
insert into STATION values (759, '285', 963, 260902.36, 450448.44, 101.14);
insert into STATION values (760, '286', 963, 260902.21, 450557.60, 94.92);
insert into STATION values (761, '287', 963, 260938.26, 450594.23, 102.12);
insert into STATION values (762, '288', 963, 260962.26, 450612.77, 103.34);
insert into STATION values (763, '289', 963, 260986.28, 450691.48, 99.67);
insert into STATION values (764, '290', 963, 261070.47, 450716.31, 143.46);
insert into STATION values (765, '291', 963, 261064.44, 450770.53, 98.46);
insert into STATION values (766, '292', 963, 261124.68, 450854.86, 100.46);
insert into STATION values (767, '293', 963, 261196.97, 450993.41, 102.46);
insert into STATION values (768, '294', 963, 261239.14, 451059.68, 98.46);
insert into STATION values (769, '295', 963, 261299.38, 451144.01, 96.46);
insert into STATION values (770, '296', 963, 261371.67, 451258.47, 90.46);
insert into STATION values (771, '297', 963, 261431.91, 451342.81, 88.46);
insert into STATION values (772, '298', 963, 261425.88, 451457.26, 87.46);
insert into STATION values (773, '299', 963, 261480.10, 451451.24, 89.46);
insert into STATION values (774, '300', 963, 261474.07, 451511.48, 88.46);
insert into STATION values (775, '301', 963, 261540.34, 451559.67, 93.46);
insert into STATION values (776, '302', 963, 261546.36, 451619.91, 83.46);
insert into STATION values (777, '303', 963, 261443.95, 451613.89, 63.46);
insert into STATION values (778, '304', 963, 261389.74, 451619.91, 58.46);
insert into STATION values (779, '305', 963, 261311.43, 451619.91, 55.46);
insert into STATION values (780, '306', 963, 261305.40, 451631.96, 56.46);
insert into STATION values (781, '307', 963, 261257.21, 451631.96, 60.46);
insert into STATION values (782, '308', 963, 261209.02, 451577.74, 59.46);
insert into STATION values (783, '309', 963, 261166.85, 451607.86, 58.46);
insert into STATION values (784, '310', 963, 261118.66, 451517.50, 57.46);
insert into STATION values (785, '311', 963, 261076.49, 451475.33, 55.46);
insert into STATION values (786, '312', 963, 261016.25, 451403.05, 53.46);
insert into STATION values (787, '313', 963, 260992.15, 451336.78, 58.46);
insert into STATION values (788, '314', 963, 260962.03, 451324.73, 61.46);
insert into STATION_FLAG values(788, 'ent');
insert into STATION values (789, '320', 963, 261462.03, 451577.74, 91.46);
insert into STATION values (790, '321', 963, 261407.81, 451595.81, 89.46);
insert into STATION values (791, '322', 963, 261293.35, 451553.65, 91.46);
insert into STATION values (792, '325', 963, 261257.21, 451613.89, 81.46);
insert into STATION values (793, '326', 963, 261221.07, 451541.60, 83.46);
insert into STATION values (794, '327', 963, 261178.90, 451457.26, 88.46);
insert into STATION values (795, '328', 963, 261166.85, 451403.05, 90.46);
insert into STATION values (796, '329', 963, 261094.56, 451378.95, 91.46);
insert into STATION_FLAG values(796, 'ent');
insert into STATION values (797, '335', 963, 261190.95, 451499.43, 57.46);
insert into STATION values (798, '336', 963, 261118.66, 451427.14, 56.46);
insert into STATION values (799, '337', 963, 261172.87, 451342.81, 58.46);
insert into STATION values (800, '338', 963, 261202.99, 451354.85, 77.46);
insert into STATION values (801, '339', 963, 261299.38, 451330.76, 78.46);
insert into STATION values (802, '340', 963, 261317.45, 451306.66, 86.46);
insert into STATION values (803, '341', 963, 261359.62, 451300.64, 87.46);
insert into STATION values (804, '345', 963, 261323.47, 451276.54, 65.46);
insert into STATION values (805, '346', 963, 261287.33, 451246.42, 65.46);
insert into STATION values (806, '347', 963, 261287.33, 451228.35, 63.46);
insert into STATION values (807, '350', 963, 261233.11, 451722.32, 61.46);
insert into STATION values (808, '351', 963, 261263.23, 451758.46, 61.46);
insert into STATION values (809, '352', 963, 261275.28, 451800.63, 63.46);
insert into STATION values (810, '353', 963, 261317.45, 451866.89, 64.46);
insert into STATION values (811, '354', 963, 261329.50, 451921.11, 65.46);
insert into STATION values (812, '355', 963, 261341.55, 451951.23, 62.46);
insert into STATION values (813, '360', 963, 261480.10, 451644.01, 59.46);
insert into STATION values (814, '361', 963, 261534.31, 451662.08, 68.46);
insert into STATION values (815, '362', 963, 261552.39, 451698.22, 53.46);
insert into STATION values (816, '363', 963, 261564.43, 451758.46, 51.46);
insert into STATION values (817, '364', 963, 261624.67, 451872.92, 47.46);
insert into STATION values (818, '365', 963, 261612.63, 451890.99, 42.46);
insert into STATION values (819, '366', 963, 261660.82, 451963.28, 35.46);
insert into STATION values (820, '367', 963, 261654.79, 452023.52, 39.46);
insert into STATION values (821, '368', 963, 261654.79, 452059.66, 43.46);
insert into STATION values (822, '369', 963, 261672.87, 452089.78, 33.46);
insert into STATION values (823, '370', 963, 261678.89, 452150.02, 23.46);
insert into STATION values (824, '375', 963, 261678.89, 452029.54, 33.46);
insert into STATION values (825, '416', 963, 261678.89, 452029.54, 112.46);
insert into STATION values (826, '380', 963, 261052.39, 451493.41, 45.46);
insert into STATION values (827, '381', 963, 261052.39, 451493.41, 21.46);
insert into STATION values (828, '382', 963, 261004.20, 451469.31, 23.46);
insert into STATION_FLAG values(828, 'ent');
insert into STATION values (829, '385', 963, 261064.44, 451529.55, 21.46);
insert into STATION values (830, '386', 963, 261004.20, 451631.96, 21.46);
insert into STATION values (831, '387', 963, 261040.35, 451704.25, 21.46);
insert into STATION values (832, '388', 963, 261028.30, 451758.46, 22.46);
insert into STATION_FLAG values(832, 'ent');
insert into STATION values (833, '389', 963, 261046.37, 451836.77, 22.46);
insert into STATION values (834, '395', 963, 261088.54, 451776.53, 24.46);
insert into STATION values (835, '400', 963, 261064.44, 451650.03, 31.46);
insert into STATION values (836, '405', 963, 261588.53, 451674.13, 145.46);
insert into STATION values (837, '406', 963, 261612.63, 451710.27, 165.46);
insert into STATION values (838, '407', 963, 261624.67, 451740.39, 163.46);
insert into STATION values (839, '408', 963, 261630.70, 451770.51, 142.46);
insert into STATION values (840, '409', 963, 261630.70, 451788.58, 133.46);
insert into STATION values (841, '410', 963, 261648.77, 451818.70, 138.46);
insert into STATION values (842, '411', 963, 261654.79, 451854.85, 128.46);
insert into STATION values (843, '412', 963, 261660.82, 451860.87, 113.46);
insert into STATION values (844, '413', 963, 261684.91, 451830.75, 115.46);
insert into STATION values (845, '414', 963, 261757.20, 451957.25, 116.46);
insert into STATION values (846, '415', 963, 261733.11, 452005.45, 114.46);
insert into STATION values (847, '417', 963, 261709.01, 452083.76, 108.46);
insert into STATION values (848, '418', 963, 261709.01, 452101.83, 101.46);
insert into STATION values (849, '419', 963, 261751.18, 452101.83, 95.46);
insert into STATION values (850, '420', 963, 261775.27, 452113.88, 98.46);
insert into STATION values (851, '421', 963, 261769.25, 452131.95, 78.46);
insert into STATION values (852, '422', 963, 261757.20, 452131.95, 61.46);
insert into STATION values (853, '423', 963, 261733.11, 452125.93, 65.46);
insert into STATION values (854, '424', 963, 261733.11, 452144.00, 61.46);
insert into STATION values (855, '425', 963, 261733.11, 452150.02, 53.46);
insert into STATION values (856, '426', 963, 261727.08, 452228.33, 65.46);
insert into STATION values (857, '427', 963, 261757.20, 452294.60, 67.46);
insert into STATION values (858, '428', 963, 261799.37, 452348.81, 76.46);
insert into STATION values (859, '429', 963, 261811.42, 452403.03, 77.46);
insert into STATION values (860, '430', 963, 261877.68, 452463.27, 93.46);
insert into STATION values (861, '431', 963, 261871.66, 452541.58, 95.46);
insert into STATION values (862, '432', 963, 261853.59, 452607.85, 78.46);
insert into STATION values (863, '433', 963, 261853.59, 452607.85, 65.46);
insert into STATION values (864, '434', 963, 261889.73, 452698.21, 75.46);
insert into STATION values (865, '435', 963, 261937.92, 452764.47, 80.46);
insert into STATION values (866, '436', 963, 261913.83, 452782.54, 98.46);
insert into STATION values (867, '437', 963, 261841.54, 452728.33, 82.46);
insert into STATION values (868, '438', 963, 261769.25, 452710.25, 102.46);
insert into STATION values (869, '439', 963, 261769.25, 452782.54, 128.46);
insert into STATION values (870, '440', 963, 261793.35, 452836.76, 108.46);
insert into STATION values (871, '441', 963, 261793.35, 452897.00, 85.46);
insert into STATION values (872, '442', 963, 261769.25, 452927.12, 78.46);
insert into STATION values (873, '443', 963, 261739.13, 452933.14, 94.46);
insert into STATION_FLAG values(873, 'ent');
insert into STATION values (874, '445', 963, 261715.03, 452589.77, 81.46);
insert into STATION values (875, '446', 963, 261654.79, 452535.56, 75.46);
insert into STATION values (876, '447', 963, 261612.63, 452541.58, 73.46);
insert into STATION values (877, '448', 963, 261630.70, 452631.94, 74.46);
insert into STATION values (878, '449', 963, 261648.77, 452704.23, 76.46);
insert into STATION values (879, '455', 963, 261654.79, 452517.49, 69.46);
insert into STATION values (880, '456', 963, 261624.67, 452457.25, 68.46);
insert into STATION values (881, '457', 963, 261594.55, 452433.15, 68.46);
insert into STATION values (882, '458', 963, 261576.48, 452390.98, 65.46);
insert into STATION values (883, '459', 963, 261564.43, 452397.01, 64.46);
insert into STATION values (884, '460', 963, 261594.55, 452457.25, 67.46);
insert into STATION values (885, '461', 963, 261618.65, 452523.51, 68.46);
insert into STATION values (886, '465', 963, 261980.09, 452884.95, 137.46);
insert into STATION values (887, '470', 963, 261980.09, 452830.73, 80.46);
insert into STATION values (888, '471', 963, 262052.38, 452884.95, 79.46);
insert into STATION values (889, '472', 963, 262088.52, 452921.09, 78.46);
insert into STATION values (890, '475', 963, 261823.47, 452734.35, 101.46);
insert into STATION values (891, '476', 963, 261859.61, 452758.45, 101.46);
insert into STATION values (892, '477', 963, 261865.63, 452722.30, 100.46);
insert into STATION values (893, '478', 963, 261877.68, 452704.23, 88.46);
insert into STATION values (894, '480', 963, 261769.25, 452180.14, 75.46);
insert into STATION values (895, '481', 963, 261805.39, 452240.38, 66.46);
insert into STATION values (896, '482', 963, 261811.42, 452276.53, 55.46);
insert into STATION values (897, '483', 963, 261829.49, 452312.67, 53.46);
insert into STATION values (898, '484', 963, 261859.61, 452336.77, 54.46);
insert into STATION values (899, '485', 963, 261835.51, 452360.86, 57.46);
insert into STATION values (900, '486', 963, 261835.51, 452457.25, 55.46);
insert into STATION values (901, '487', 963, 261811.42, 452463.27, 58.46);
insert into STATION values (902, '488', 963, 261817.44, 452487.37, 65.46);
insert into STATION values (903, '489', 963, 261817.44, 452523.51, 59.46);
insert into STATION values (904, '490', 963, 261823.47, 452607.85, 63.46);
insert into STATION values (905, '495', 963, 261841.54, 452222.31, 33.46);
insert into STATION values (906, '500', 963, 261124.39, 450729.82, 176.02);
insert into STATION values (907, '501', 963, 261148.25, 450749.07, 179.07);
insert into STATION values (908, '502', 963, 261184.10, 450762.58, 173.63);
insert into STATION values (909, '503', 963, 261244.04, 450764.04, 172.19);
insert into STATION values (910, '504', 963, 261285.91, 450759.48, 173.74);
insert into STATION values (911, '505', 963, 261291.94, 450783.58, 175.74);
insert into STATION values (912, '506', 963, 261316.03, 450807.68, 176.74);
insert into STATION values (913, '507', 963, 261334.11, 450892.01, 181.74);
insert into STATION values (914, '508', 963, 261316.03, 450934.18, 161.74);
insert into STATION values (915, '509', 963, 261334.11, 450970.32, 158.74);
insert into STATION values (916, '510', 963, 261346.15, 450982.37, 156.74);
insert into STATION values (917, '511', 963, 261358.20, 450964.30, 149.74);
insert into STATION values (918, '512', 963, 261376.27, 450994.42, 149.74);
insert into STATION values (919, '513', 963, 261394.35, 450988.40, 156.74);
insert into STATION values (920, '514', 963, 261418.44, 450994.42, 161.74);
insert into STATION values (921, '515', 963, 261418.44, 450994.42, 61.74);
insert into STATION values (922, '516', 963, 261442.54, 450988.40, 41.74);
insert into STATION values (923, '517', 963, 261472.66, 450988.40, 60.74);
insert into STATION values (924, '518', 963, 261526.87, 451012.49, 89.74);
insert into STATION values (925, '519', 963, 261532.90, 451048.64, 81.74);
insert into STATION values (926, '520', 963, 261599.16, 451102.85, 106.74);
insert into STATION values (927, '521', 963, 261605.19, 451114.90, 97.74);
insert into STATION values (928, '522', 963, 261659.40, 451120.92, 138.74);
insert into STATION values (929, '523', 963, 261653.38, 451151.04, 130.74);
insert into STATION values (930, '524', 963, 261677.47, 451205.26, 107.74);
insert into STATION values (931, '530', 963, 261243.75, 450729.36, 163.74);
insert into STATION values (932, '531', 963, 261213.63, 450699.24, 158.74);
insert into STATION values (933, '535', 963, 261124.33, 450754.21, 212.53);
insert into STATION values (934, '536', 963, 261148.36, 450778.60, 220.04);
insert into STATION values (935, '537', 963, 261148.36, 450820.77, 227.04);
insert into STATION values (936, '538', 963, 261178.48, 450808.72, 234.04);
insert into STATION values (937, '540', 963, 261154.33, 450754.80, 199.55);
insert into STATION values (938, '545', 963, 261070.61, 450661.36, 178.68);
insert into STATION values (939, '546', 963, 261034.62, 450558.22, 183.91);
insert into STATION values (940, '547', 963, 261034.67, 450533.85, 191.36);
insert into STATION values (941, '548', 963, 260998.58, 450527.55, 202.82);
insert into STATION values (942, '549', 963, 261040.81, 450527.28, 217.27);
insert into STATION values (943, '550', 963, 261040.86, 450478.82, 222.72);
insert into STATION values (944, '551', 963, 261022.84, 450442.40, 235.18);
insert into STATION values (945, '552', 963, 261004.83, 450357.80, 238.63);
insert into STATION values (946, '553', 963, 260914.52, 450369.57, 179.08);
insert into STATION values (947, '554', 963, 260842.33, 450296.82, 173.87);
insert into STATION values (948, '555', 963, 260812.30, 450278.29, 165.66);
insert into STATION values (949, '556', 963, 260806.33, 450241.92, 174.09);
insert into STATION values (950, '557', 963, 260758.18, 450217.59, 170.52);
insert into STATION values (951, '558', 963, 260722.04, 450211.57, 155.52);
insert into STATION values (952, '559', 963, 260703.97, 450157.35, 181.52);
insert into STATION values (953, '560', 963, 260673.85, 450097.11, 171.52);
insert into STATION values (954, '565', 963, 260854.34, 450363.23, 146.60);
insert into STATION values (955, '570', 963, 260986.52, 450539.68, 174.68);
insert into STATION values (956, '571', 963, 260956.49, 450497.05, 154.45);
insert into STATION values (957, '572', 963, 260938.51, 450424.30, 160.22);
insert into STATION values (958, '575', 963, 260866.42, 450242.61, 211.87);
insert into STATION values (959, '576', 963, 260806.18, 450212.49, 244.87);
insert into STATION values (960, '580', 963, 261034.95, 450327.68, 218.63);
insert into STATION values (961, '581', 963, 261034.95, 450327.68, 183.63);
insert into STATION values (962, '582', 963, 261059.04, 450327.68, 169.63);
insert into STATION values (963, '583', 963, 261046.99, 450393.94, 160.63);
insert into STATION values (964, '584', 963, 261059.04, 450472.25, 132.63);
insert into STATION values (965, '585', 963, 261083.14, 450520.44, 111.63);
insert into STATION values (966, '586', 963, 261101.21, 450520.44, 103.63);
insert into STATION values (967, '587', 963, 261119.28, 450544.54, 100.63);
insert into STATION values (968, '590', 963, 260217.26, 449975.23, 35.01);
insert into STATION values (969, '591', 963, 260223.39, 449938.19, 33.38);
insert into STATION values (970, '592', 963, 260247.59, 449937.29, 33.75);
insert into STATION values (971, '593', 963, 260253.72, 449948.44, 33.12);
insert into STATION values (972, '594', 963, 260283.95, 449941.52, 31.48);
insert into STATION values (973, '595', 963, 260320.20, 449982.79, 26.85);
insert into STATION values (974, '596', 963, 260350.43, 449969.85, 27.22);
insert into STATION values (975, '597', 963, 260296.02, 449898.86, 31.19);
insert into STATION values (976, '598', 963, 260307.89, 449894.13, 42.17);
insert into STATION values (977, '599', 963, 260319.75, 449871.34, 57.14);
insert into STATION values (978, '600', 963, 260403.90, 449950.95, 58.12);
insert into STATION values (979, '601', 963, 260439.86, 450030.56, 57.09);
insert into STATION values (980, '602', 963, 260499.91, 450080.05, 59.07);
insert into STATION values (981, '603', 963, 260560.01, 450153.32, 59.30);
insert into STATION values (982, '604', 963, 260595.97, 450220.88, 52.28);
insert into STATION values (983, '605', 963, 260625.90, 450240.25, 56.25);
insert into STATION values (984, '606', 963, 260667.96, 450307.10, 60.44);
insert into STATION values (985, '607', 963, 260703.96, 450338.00, 57.36);
insert into STATION values (986, '608', 963, 260746.04, 450386.68, 59.61);
insert into STATION values (987, '609', 963, 260782.15, 450429.02, 60.34);
insert into STATION values (988, '610', 963, 260739.95, 450471.35, 70.07);
insert into STATION values (989, '611', 963, 260764.01, 450495.62, 75.80);
insert into STATION values (990, '612', 963, 260751.96, 450537.78, 83.80);
insert into STATION values (991, '613', 963, 260673.65, 450549.83, 109.80);
insert into STATION values (992, '614', 963, 260649.55, 450573.93, 105.80);
insert into STATION values (993, '620', 963, 260818.19, 450423.50, 124.53);
insert into STATION values (994, '625', 963, 260685.89, 450386.20, 41.36);
insert into STATION values (995, '630', 963, 260625.87, 450294.66, 44.98);
insert into STATION values (996, '631', 963, 260643.90, 450337.03, 42.71);
insert into STATION values (997, '632', 963, 260607.76, 450367.15, 39.71);
insert into STATION values (998, '635', 963, 260583.92, 450281.12, 29.28);
insert into STATION values (999, '636', 963, 260559.82, 450232.93, 28.28);
insert into STATION values (1000, '640', 963, 260283.60, 449823.15, 59.14);
insert into STATION values (1001, '645', 963, 260938.15, 450691.15, 64.22);
insert into STATION values (1002, '646', 963, 260908.08, 450672.82, 41.66);
insert into STATION values (1003, '647', 963, 260884.04, 450612.32, 50.10);
insert into STATION values (1004, '648', 963, 260847.90, 450600.27, 37.10);
insert into STATION values (1005, '649', 963, 260805.73, 450546.05, 35.10);
insert into STATION values (1006, '650', 963, 260769.58, 450546.05, 33.10);
insert into STATION values (1007, '651', 963, 260715.37, 450479.79, 33.10);
insert into STATION values (1008, '655', 963, 260974.30, 450769.46, 51.22);
insert into STATION values (1009, '656', 963, 261004.42, 450763.44, 68.22);
insert into STATION values (1010, '657', 963, 261028.51, 450823.68, 67.22);
insert into STATION values (1011, '658', 963, 261022.49, 450859.82, 65.22);
insert into STATION values (1012, '659', 963, 261046.58, 450914.04, 55.22);
insert into STATION values (1013, '665', 963, 260998.39, 450859.82, 55.22);
insert into STATION values (1014, '670', 963, 260908.19, 450575.92, 81.51);
insert into STATION values (1015, '675', 963, 260523.96, 450158.69, 46.81);
insert into STATION values (1016, '676', 963, 260499.82, 450116.85, 44.56);
insert into STATION values (1017, '680', 963, 260072.29, 449641.26, 93.64);
insert into STATION values (1018, '681', 963, 260102.39, 449641.40, 105.58);
insert into STATION values (1019, '682', 963, 260150.57, 449635.51, 128.52);
insert into STATION values (1020, '683', 963, 260234.88, 449708.00, 118.44);
insert into STATION values (1021, '685', 963, 260066.25, 449593.21, 93.58);
insert into STATION values (1022, '686', 963, 260084.31, 449587.25, 110.55);
insert into STATION values (1023, '690', 963, 260078.34, 449683.22, 78.72);
insert into STATION values (1024, '691', 963, 260114.51, 449695.07, 67.80);
insert into STATION values (1025, '692', 963, 260144.63, 449658.92, 74.80);
insert into STATION values (1026, '693', 963, 260241.01, 449749.28, 77.80);
insert into STATION values (1027, '695', 963, 260186.82, 449785.22, 68.89);
insert into STATION values (1028, '696', 963, 260150.70, 449791.04, 62.97);
insert into STATION values (1029, '697', 963, 260114.58, 449784.81, 55.06);
insert into STATION values (1030, '698', 963, 260114.60, 449796.66, 51.14);
insert into STATION values (1031, '699', 963, 260156.79, 449814.52, 47.22);
insert into STATION values (1032, '705', 963, 260253.06, 449887.80, 138.82);
insert into STATION values (1033, '706', 963, 260271.14, 449966.05, 118.84);
insert into STATION values (1034, '707', 963, 260235.00, 449978.10, 88.84);
insert into STATION values (1035, '708', 963, 260247.04, 450092.56, 88.84);
insert into STATION values (1036, '710', 963, 260433.42, 449813.31, 138.60);
insert into STATION values (1037, '711', 963, 260324.99, 449692.83, 138.60);
insert into STATION values (1038, '712', 963, 260282.82, 449692.83, 135.60);
insert into STATION values (1039, '713', 963, 260258.72, 449668.73, 133.60);
insert into STATION values (1040, '714', 963, 260252.70, 449626.56, 143.60);
insert into STATION values (1041, '715', 963, 260180.41, 449554.28, 156.60);
insert into STATION values (1042, '716', 963, 260198.48, 449542.23, 164.60);
insert into STATION values (1043, '717', 963, 260234.63, 449572.35, 170.60);
insert into STATION values (1044, '718', 963, 260294.87, 449578.37, 179.60);
insert into STATION values (1045, '719', 963, 260355.11, 449608.49, 183.60);
insert into STATION values (1046, '720', 963, 260379.20, 449596.44, 206.60);
insert into STATION values (1047, '721', 963, 260409.32, 449626.56, 205.60);
insert into STATION values (1048, '722', 963, 260439.44, 449674.76, 197.60);
insert into STATION values (1049, '723', 963, 260493.66, 449722.95, 194.60);
insert into STATION values (1050, '724', 963, 260523.78, 449783.19, 190.60);
insert into STATION values (1051, '725', 963, 260559.92, 449825.36, 192.60);
insert into STATION values (1052, '726', 963, 260565.95, 449849.45, 191.60);
insert into STATION values (1053, '727', 963, 260614.14, 449909.69, 190.60);
insert into STATION values (1054, '728', 963, 260650.28, 449975.96, 193.60);
insert into STATION values (1055, '730', 963, 260361.13, 449578.37, 210.60);
insert into STATION values (1056, '731', 963, 260318.96, 449566.32, 218.60);
insert into STATION values (1057, '735', 963, 260294.87, 449626.56, 167.60);
insert into STATION values (1058, '736', 963, 260312.94, 449614.52, 176.60);
insert into STATION values (1059, '740', 963, 260385.23, 449644.64, 185.60);
insert into STATION values (1060, '741', 963, 260409.32, 449686.80, 188.60);
insert into STATION values (1061, '742', 963, 260433.42, 449692.83, 193.60);
insert into STATION values (1062, '745', 963, 260481.61, 449795.24, 168.60);
insert into STATION values (1063, '746', 963, 260511.73, 449837.40, 158.60);
insert into STATION values (1064, '747', 963, 260571.97, 449909.69, 164.60);
insert into STATION values (1065, '748', 963, 260602.09, 449945.84, 163.60);
insert into STATION values (1066, '750', 963, 260475.59, 449759.09, 170.60);
insert into STATION values (1067, '751', 963, 260433.42, 449735.00, 172.60);
insert into STATION values (1068, '752', 963, 260421.37, 449710.90, 175.60);
insert into STATION values (1069, '755', 963, 260547.87, 449674.76, 208.60);
insert into STATION values (1070, '760', 963, 260463.54, 449662.71, 226.60);
insert into STATION values (1071, '761', 963, 260535.83, 449686.80, 247.60);
insert into STATION values (1072, '762', 963, 260590.04, 449692.83, 258.60);
insert into STATION values (1073, '763', 963, 260590.04, 449692.83, 368.60);
insert into STATION_FLAG values(1073, 'ent');
insert into STATION values (1074, '765', 963, 260565.95, 449620.54, 260.60);
insert into STATION values (1075, '766', 963, 260481.61, 449584.40, 289.60);
insert into STATION values (1076, '767', 963, 260505.71, 449644.64, 258.60);
insert into STATION values (1077, '770', 963, 260541.85, 449710.90, 243.60);
insert into STATION values (1078, '771', 963, 260529.80, 449722.95, 230.60);
insert into STATION values (1079, '772', 963, 260547.87, 449765.12, 219.60);
insert into STATION values (1080, '775', 963, 260620.16, 449668.73, 238.60);
insert into STATION values (1081, '776', 963, 260668.35, 449680.78, 223.60);
insert into STATION values (1082, '777', 963, 260692.45, 449686.80, 243.60);
insert into STATION values (1083, '778', 963, 260764.74, 449704.88, 306.60);
insert into STATION values (1084, '779', 963, 260861.12, 449698.85, 341.60);
insert into STATION_FLAG values(1084, 'ent');
insert into STATION values (1085, '785', 963, 260638.23, 449692.83, 286.60);
insert into STATION values (1086, '786', 963, 260716.55, 449716.92, 287.60);
insert into STATION values (1087, '787', 963, 260752.69, 449728.97, 291.60);
insert into STATION values (1088, '780', 963, 260577.99, 449825.36, 208.60);
insert into STATION values (1089, '781', 963, 260602.09, 449831.38, 227.60);
insert into STATION values (1090, '782', 963, 260614.14, 449813.31, 249.60);
insert into STATION values (1091, '783', 963, 260632.21, 449771.14, 288.60);
insert into STATION values (1092, '784', 963, 260608.11, 449747.04, 282.60);
insert into STATION values (1093, '790', 963, 260596.07, 449789.21, 266.60);
insert into STATION values (1094, '795', 963, 260632.21, 449849.45, 243.60);
insert into STATION values (1095, '796', 963, 260638.23, 449903.67, 224.60);
insert into STATION values (1096, '800', 963, 260668.35, 449825.36, 285.60);
insert into STATION values (1097, '801', 963, 260614.14, 449885.60, 288.60);
insert into STATION values (1098, '802', 963, 260469.56, 449879.57, 290.60);
insert into STATION values (1099, '803', 963, 260361.13, 449819.33, 285.60);
insert into STATION values (1100, '804', 963, 260246.67, 449813.31, 285.60);
insert into STATION_FLAG values(1100, 'ent');
insert into STATION values (1101, '810', 963, 260698.47, 449837.40, 283.60);
insert into STATION values (1102, '811', 963, 260692.45, 449855.48, 285.60);
insert into STATION values (1103, '812', 963, 260722.57, 449867.52, 288.60);
insert into STATION values (1104, '813', 963, 260728.59, 449897.64, 293.60);
insert into STATION values (1105, '814', 963, 260758.71, 449915.72, 314.60);
insert into STATION values (1106, '815', 963, 260764.74, 449933.79, 318.60);
insert into STATION values (1107, '816', 963, 260788.83, 449969.93, 307.60);
insert into STATION values (1108, '817', 963, 260794.86, 449975.96, 362.60);
insert into STATION_FLAG values(1108, 'ent');
insert into STATION values (1109, '820', 963, 260758.71, 449855.48, 316.60);
insert into STATION values (1110, '821', 963, 260764.74, 449837.40, 327.60);
insert into STATION values (1111, '822', 963, 260788.83, 449849.45, 336.60);
insert into STATION_FLAG values(1111, 'ent');
insert into STATION values (1112, '825', 963, 260975.58, 449939.81, 366.60);
insert into STATION_FLAG values(1112, 'ent');
insert into STATION values (1113, '826', 963, 260987.63, 449951.86, 366.60);
insert into STATION values (1114, '827', 963, 261017.75, 449933.79, 392.60);
insert into STATION values (1115, '828', 963, 261053.89, 449939.81, 405.60);
insert into STATION values (1116, '829', 963, 261077.99, 449945.84, 416.60);
insert into STATION values (1117, '830', 963, 261102.08, 449988.00, 436.60);
insert into STATION values (1118, '831', 963, 261108.11, 450012.10, 438.60);
insert into STATION values (1119, '832', 963, 261102.08, 450042.22, 443.60);
insert into STATION values (1120, '835', 963, 261102.08, 449988.00, 458.60);
insert into STATION_FLAG values(1120, 'ent');
insert into STATION values (1121, '840', 963, 261162.32, 450006.08, 446.60);
insert into STATION values (1122, '845', 963, 260999.67, 449903.67, 388.60);
insert into STATION_FLAG values(1122, 'ent');
insert into STATION values (1123, '850', 963, 260289.22, 449990.08, 110.87);
insert into STATION values (1124, '851', 963, 260283.20, 450002.07, 107.90);
insert into STATION values (1125, '852', 963, 260301.28, 450026.10, 103.92);
insert into STATION values (1126, '853', 963, 260289.24, 450050.13, 101.95);
insert into STATION values (1127, '854', 963, 260295.27, 450074.17, 98.97);
insert into STATION values (1128, '855', 963, 260313.35, 450092.17, 97.00);
insert into STATION values (1129, '856', 963, 260259.15, 450134.28, 89.02);
insert into STATION values (1130, '857', 963, 260223.01, 450140.24, 91.05);
insert into STATION values (1131, '858', 963, 260072.42, 450104.03, 91.08);
insert into STATION values (1132, '859', 963, 259963.99, 450049.75, 89.10);
insert into STATION values (1133, '860', 963, 259909.78, 450049.69, 89.13);
insert into STATION values (1134, '861', 963, 259783.29, 449995.41, 93.15);
insert into STATION values (1135, '862', 963, 259753.17, 449983.30, 87.18);
insert into STATION values (1136, '863', 963, 259692.94, 449977.21, 88.21);
insert into STATION values (1137, '864', 963, 259662.83, 449947.03, 94.23);
insert into STATION values (1138, '865', 963, 259596.57, 449928.89, 68.26);
insert into STATION values (1139, '866', 963, 259572.48, 449868.59, 61.28);
insert into STATION values (1140, '870', 963, 259777.34, 450199.59, 49.41);
insert into STATION values (1141, '871', 963, 259807.46, 450247.78, 52.41);
insert into STATION values (1142, '872', 963, 259873.72, 450259.83, 53.41);
insert into STATION values (1143, '873', 963, 259903.84, 450368.26, 56.41);
insert into STATION values (1144, '874', 963, 259958.06, 450410.43, 59.41);
insert into STATION values (1145, '875', 963, 260030.35, 450404.41, 54.41);
insert into STATION values (1146, '876', 963, 260096.61, 450446.58, 56.41);
insert into STATION values (1147, '877', 963, 260150.83, 450470.67, 61.41);
insert into STATION values (1148, '878', 963, 260265.28, 450494.77, 57.41);
insert into STATION values (1149, '879', 963, 260337.57, 450567.06, 56.41);
insert into STATION values (1150, '880', 963, 260391.79, 450609.22, 55.41);
insert into STATION values (1151, '881', 963, 260355.64, 450633.32, 56.41);
insert into STATION values (1152, '882', 963, 260301.43, 450627.30, 54.41);
insert into STATION values (1153, '883', 963, 260223.11, 450567.06, 54.41);
insert into STATION values (1154, '884', 963, 260205.04, 450603.20, 52.41);
insert into STATION values (1155, '885', 963, 260235.16, 450621.27, 51.41);
insert into STATION values (1156, '890', 963, 260362.37, 450127.37, 26.85);
insert into STATION values (1157, '895', 963, 260392.46, 450001.92, 27.83);
insert into STATION values (1158, '896', 963, 260512.80, 450021.95, 28.44);
insert into STATION values (1159, '897', 963, 260657.24, 450060.06, 29.05);
insert into STATION values (1160, '898', 963, 260596.86, 449995.75, 29.66);
insert into STATION values (1161, '899', 963, 260584.67, 449991.69, 25.28);
insert into STATION values (1162, '900', 963, 260572.48, 449951.48, 25.89);
insert into STATION values (1163, '901', 963, 260578.37, 449941.39, 31.50);
insert into STATION values (1164, '902', 963, 260596.30, 449931.30, 32.11);
insert into STATION values (1165, '903', 963, 260529.90, 449842.90, 32.72);
insert into STATION values (1166, '904', 963, 260596.07, 449850.59, 33.62);
insert into STATION values (1167, '905', 963, 260674.28, 449828.52, 34.81);
insert into STATION values (1168, '906', 963, 260794.65, 449830.54, 36.51);
insert into STATION values (1169, '907', 963, 260909.00, 449856.66, 37.70);
insert into STATION values (1170, '908', 963, 261077.57, 449858.68, 39.39);
insert into STATION values (1171, '909', 963, 261095.51, 449891.49, 41.05);
insert into STATION values (1172, '910', 963, 261149.59, 449906.23, 42.71);
insert into STATION values (1173, '911', 963, 261161.50, 449914.95, 39.37);
insert into STATION values (1174, '912', 963, 261197.51, 449923.66, 41.03);
insert into STATION values (1175, '913', 963, 261209.42, 449932.38, 47.69);
insert into STATION values (1176, '914', 963, 261317.71, 449959.16, 49.35);
insert into STATION values (1177, '915', 963, 261347.70, 449973.90, 51.01);
insert into STATION values (1178, '920', 963, 261053.50, 449815.84, 38.93);
insert into STATION values (1179, '921', 963, 261095.70, 449766.98, 38.46);
insert into STATION values (1180, '922', 963, 260945.13, 449718.12, 38.00);
insert into STATION values (1181, '923', 963, 260909.02, 449681.30, 37.53);
insert into STATION values (1182, '924', 963, 260842.78, 449668.72, 37.16);
insert into STATION values (1183, '925', 963, 260800.61, 449584.38, 37.16);
insert into STATION values (1184, '926', 963, 260746.40, 449548.24, 37.16);
insert into STATION values (1185, '927', 963, 260752.42, 449463.90, 37.16);
insert into STATION values (1186, '928', 963, 260710.25, 449433.78, 37.16);
insert into STATION values (1187, '929', 963, 260698.20, 449373.54, 37.16);
insert into STATION values (1188, '930', 963, 260619.89, 449325.35, 38.16);
insert into STATION values (1189, '931', 963, 260619.89, 449337.40, 38.16);
insert into STATION values (1190, '932', 963, 260595.80, 449325.35, 38.16);
insert into STATION values (1191, '933', 963, 260559.65, 449343.42, 39.16);
insert into STATION values (1192, '934', 963, 260475.32, 449325.35, 39.16);
insert into STATION values (1193, '935', 963, 260342.79, 449295.23, 39.16);
insert into STATION values (1194, '936', 963, 260348.81, 449222.94, 41.16);
insert into STATION_FLAG values(1194, 'ent');
insert into STATION values (1195, '940', 963, 260276.52, 449295.23, 41.16);
insert into STATION values (1196, '945', 963, 260716.28, 449385.59, 52.16);
insert into STATION_FLAG values(1196, 'ent');
insert into STATION values (1197, '950', 963, 261155.94, 449779.03, 38.46);
insert into STATION values (1198, '951', 963, 261167.99, 449815.17, 40.46);
insert into STATION values (1199, '952', 963, 261186.06, 449815.17, 40.46);
insert into STATION values (1200, '953', 963, 261180.04, 449785.05, 38.46);
insert into STATION values (1201, '954', 963, 261210.16, 449779.03, 38.46);
insert into STATION values (1202, '955', 963, 261216.18, 449760.95, 38.46);
insert into STATION values (1203, '956', 963, 261246.30, 449779.03, 39.46);
insert into STATION values (1204, '957', 963, 261246.30, 449742.88, 40.46);
insert into STATION values (1205, '958', 963, 261258.35, 449730.83, 39.46);
insert into STATION values (1206, '960', 963, 260915.05, 449639.00, 39.44);
insert into STATION values (1207, '961', 963, 260884.94, 449602.72, 39.35);
insert into STATION values (1208, '962', 963, 260872.89, 449650.78, 39.25);
insert into STATION values (1209, '965', 963, 260493.71, 449794.99, 65.43);
insert into STATION values (1210, '966', 963, 260517.78, 449740.71, 86.85);
insert into STATION values (1211, '967', 963, 260529.82, 449734.10, 96.94);
insert into STATION values (1212, '968', 963, 260584.03, 449745.42, 109.90);
insert into STATION values (1213, '969', 963, 260614.15, 449798.90, 119.85);
insert into STATION values (1214, '970', 963, 260644.27, 449846.36, 129.80);
insert into STATION values (1215, '971', 963, 260614.14, 449845.63, 132.75);
insert into STATION values (1216, '972', 963, 260571.97, 449826.82, 137.70);
insert into STATION values (1217, '973', 963, 260517.76, 449826.09, 144.65);
insert into STATION values (1218, '975', 963, 260686.44, 449852.38, 147.80);
insert into STATION values (1219, '980', 963, 260584.03, 449667.11, 106.90);
insert into STATION values (1220, '985', 963, 260614.16, 449820.13, 63.32);
insert into STATION values (1221, '986', 963, 260596.10, 449801.71, 68.03);
insert into STATION values (1222, '987', 963, 260553.94, 449807.38, 70.73);
insert into STATION values (1223, '990', 963, 260433.47, 449788.96, 57.43);
insert into STATION values (1224, '991', 963, 260367.21, 449770.89, 55.43);
insert into STATION values (1225, '992', 963, 260288.90, 449758.84, 57.43);
insert into STATION values (1226, '995', 963, 260445.46, 449687.01, 87.18);
insert into STATION values (1227, '996', 963, 260415.32, 449657.41, 85.50);
insert into STATION values (1228, '997', 963, 260391.21, 449615.46, 84.63);
insert into STATION values (1229, '998', 963, 260349.05, 449561.09, 82.49);
insert into STATION values (1230, '999', 963, 260306.88, 449560.94, 79.35);
insert into STATION values (1231, '1000', 963, 260288.82, 449518.62, 76.21);
insert into STATION values (1232, '1001', 963, 260174.36, 449500.39, 62.07);
insert into STATION values (1233, '1002', 963, 260138.22, 449464.25, 37.07);
insert into STATION values (1234, '1005', 963, 260806.67, 449674.07, 68.69);
insert into STATION values (1235, '1006', 963, 260734.41, 449673.40, 97.23);
insert into STATION values (1236, '1007', 963, 260680.22, 449672.73, 105.76);
insert into STATION values (1237, '1008', 963, 260595.92, 449666.04, 109.30);
insert into STATION values (1238, '1009', 963, 260553.78, 449677.41, 112.83);
insert into STATION values (1239, '1010', 963, 260499.59, 449664.70, 114.36);
insert into STATION values (1240, '1011', 963, 260421.31, 449633.91, 95.90);
insert into STATION values (1241, '1012', 963, 260349.04, 449639.63, 100.70);
insert into STATION values (1242, '1013', 963, 260282.78, 449603.49, 105.70);
insert into STATION values (1243, '1014', 963, 260162.30, 449585.42, 109.70);
insert into STATION values (1244, '1020', 963, 260638.09, 449666.04, 117.30);
insert into STATION values (1245, '1021', 963, 260656.16, 449684.11, 119.30);
insert into STATION values (1246, '1022', 963, 260710.37, 449684.11, 119.30);
insert into STATION values (1247, '1023', 963, 260770.61, 449684.11, 120.30);
insert into STATION values (1248, '1024', 963, 260836.88, 449690.13, 118.30);
insert into STATION values (1249, '1025', 963, 260891.09, 449708.20, 116.30);
insert into STATION values (1250, '1030', 963, 260517.77, 449655.95, 126.08);
insert into STATION values (1251, '1031', 963, 260535.83, 449632.00, 146.22);
insert into STATION values (1252, '1032', 963, 260499.68, 449602.04, 138.37);
insert into STATION values (1253, '1033', 963, 260445.46, 449572.07, 141.51);
insert into STATION values (1254, '1034', 963, 260324.98, 449542.10, 134.65);
insert into STATION values (1255, '1035', 963, 260258.71, 449536.23, 129.79);
insert into STATION values (1256, '1036', 963, 260186.42, 449518.31, 121.93);
insert into STATION values (1257, '1040', 963, 260222.57, 449488.04, 134.79);
insert into STATION values (1258, '1041', 963, 260246.66, 449433.82, 114.79);
insert into STATION values (1259, '1042', 963, 260306.90, 449409.73, 106.79);
insert into STATION values (1260, '1043', 963, 260331.00, 449433.82, 105.79);
insert into STATION values (1261, '1044', 963, 260337.02, 449463.94, 108.79);
insert into STATION values (1262, '1045', 963, 260415.33, 449488.04, 111.79);
insert into STATION values (1263, '408', 3155, 261629.19, 450611.40, 241.08);
insert into STATION values (1264, '219', 3155, 261624.94, 450617.47, 242.25);
insert into STATION values (1265, '218', 3155, 261598.03, 450612.24, 255.62);
insert into STATION values (1266, '217', 3155, 261596.39, 450615.77, 260.44);
insert into STATION values (1267, '216', 3155, 261595.16, 450622.70, 263.57);
insert into STATION values (1268, '215', 3155, 261587.09, 450619.76, 264.93);
insert into STATION values (1269, '214', 3155, 261582.63, 450614.63, 261.76);
insert into STATION values (1270, '213', 3155, 261592.30, 450595.65, 261.39);
insert into STATION values (1271, '212', 3155, 261595.80, 450582.60, 251.93);
insert into STATION values (1272, '211', 3155, 261572.65, 450570.80, 236.93);
insert into STATION values (1273, '210', 3155, 261545.22, 450578.67, 227.66);
insert into STATION values (1274, '209', 3155, 261534.61, 450569.77, 218.32);
insert into STATION values (1275, '208', 3155, 261533.23, 450563.77, 212.17);
insert into STATION values (1276, '207', 3155, 261531.65, 450562.67, 210.43);
insert into STATION values (1277, '206', 3155, 261528.44, 450560.51, 206.95);
insert into STATION values (1278, '205', 3155, 261521.28, 450566.51, 207.93);
insert into STATION values (1279, '204', 3155, 261511.63, 450562.62, 213.70);
insert into STATION values (1280, '203', 3155, 261498.42, 450569.35, 221.59);
insert into STATION values (1281, '202', 3155, 261473.05, 450568.91, 238.70);
insert into STATION values (1282, '193', 3155, 261469.64, 450570.02, 240.69);
insert into STATION values (1283, '192', 3155, 261470.08, 450595.22, 242.89);
insert into STATION values (1284, '191', 3155, 261473.11, 450598.57, 239.10);
insert into STATION values (1285, '190', 3155, 261491.39, 450616.86, 241.82);
insert into STATION values (1286, '189', 3155, 261482.83, 450636.09, 233.31);
insert into STATION values (1287, '188', 3155, 261492.30, 450646.60, 237.64);
insert into STATION values (1288, '187', 3155, 261494.05, 450656.53, 238.34);
insert into STATION values (1289, '186', 3155, 261489.42, 450663.93, 233.90);
insert into STATION values (1290, '185', 3155, 261489.42, 450683.06, 228.77);
insert into STATION values (1291, '184', 3155, 261471.37, 450701.11, 211.55);
insert into STATION values (1292, '183', 3155, 261474.59, 450731.77, 209.39);
insert into STATION values (1293, '182', 3155, 261486.23, 450756.74, 216.26);
insert into STATION values (1294, '181', 3155, 261505.09, 450777.69, 227.65);
insert into STATION values (1295, '180', 3155, 261506.44, 450803.36, 223.12);
insert into STATION values (1296, '201', 3155, 261447.01, 450554.75, 231.82);
insert into STATION values (1297, '200', 3155, 261421.18, 450542.15, 221.92);
insert into STATION values (1298, '199', 3155, 261394.33, 450534.96, 210.12);
insert into STATION values (1299, '198', 3155, 261372.01, 450536.13, 197.22);
insert into STATION values (1300, '197', 3155, 261349.43, 450519.11, 185.79);
insert into STATION values (1301, '196', 3155, 261334.28, 450515.05, 175.61);
insert into STATION values (1302, '195', 3155, 261321.87, 450518.61, 164.39);
insert into STATION values (1303, '194', 3155, 261318.25, 450523.59, 165.70);
insert into STATION values (1304, '224', 3155, 261313.78, 450522.14, 165.70);
insert into STATION values (1305, '223', 3155, 261302.65, 450529.93, 153.89);
insert into STATION values (1306, '222', 3155, 261287.71, 450517.39, 146.40);
insert into STATION values (1307, '221', 3155, 261264.65, 450501.83, 135.16);
insert into STATION values (1308, '220', 3155, 261236.61, 450496.89, 123.66);
insert into STATION values (1309, '225', 3155, 261481.71, 450641.82, 230.71);
insert into STATION values (1310, '226', 3155, 261462.86, 450658.22, 213.22);
insert into STATION values (1311, '227', 3155, 261456.87, 450640.83, 212.57);
insert into STATION values (1312, '228', 3155, 261446.92, 450633.86, 208.86);
insert into STATION values (1313, '229', 3155, 261447.54, 450622.04, 213.17);
insert into STATION values (1314, '230', 3155, 261456.50, 450613.97, 221.93);
insert into STATION values (1315, '231', 3155, 261481.24, 450609.61, 238.87);
insert into STATION values (1316, '232', 3155, 261485.47, 450618.70, 240.10);
insert into STATION values (1317, '233', 3155, 261493.44, 450645.64, 238.23);
insert into STATION values (1318, '234', 3155, 261513.69, 450639.06, 253.14);
insert into STATION values (1319, '315', 3204, 261949.41, 451017.49, 248.07);
insert into STATION values (1320, '591', 3204, 261948.69, 451037.98, 245.19);
insert into STATION values (1321, '592', 3204, 261944.21, 451038.77, 237.90);
insert into STATION values (1322, '500', 3204, 261944.21, 451038.77, 216.00);
insert into STATION values (1323, '501', 3204, 261937.56, 451051.81, 211.53);
insert into STATION values (1324, '502', 3204, 261914.38, 451036.75, 198.64);
insert into STATION values (1325, '503', 3204, 261898.65, 451057.63, 182.93);
insert into STATION values (1326, '504', 3204, 261871.10, 451067.66, 174.52);
insert into STATION values (1327, '505', 3204, 261859.38, 451090.65, 171.35);
insert into STATION values (1328, '506', 3204, 261880.52, 451112.54, 173.48);
insert into STATION values (1329, '507', 3204, 261883.08, 451141.89, 165.59);
insert into STATION values (1330, '508', 3204, 261886.46, 451172.17, 165.25);
insert into STATION values (1331, '509', 3204, 261883.85, 451202.46, 167.10);
insert into STATION values (1332, '510', 3204, 261883.95, 451231.45, 157.68);
insert into STATION values (1333, '511', 3204, 261858.43, 451225.45, 153.75);
insert into STATION values (1334, '512', 3204, 261851.11, 451197.06, 145.21);
insert into STATION values (1335, '513', 3204, 261837.94, 451175.13, 128.60);
insert into STATION values (1336, '514', 3204, 261852.78, 451166.58, 144.36);
insert into STATION values (1337, '515', 3204, 261864.49, 451142.18, 158.05);
insert into STATION values (1338, '516', 3204, 261890.73, 451155.39, 166.21);
insert into STATION values (1339, '517', 3204, 261902.91, 451130.44, 180.45);
insert into STATION values (1340, '518', 3204, 261854.62, 451045.80, 189.07);
insert into STATION values (1341, '519', 3204, 261843.74, 451041.62, 197.86);
insert into STATION values (1342, '520', 3204, 261843.92, 451031.05, 194.83);
insert into STATION values (1343, '521', 3204, 261839.48, 451020.04, 195.66);
insert into STATION values (1344, '522', 3204, 261837.53, 451012.23, 200.89);
insert into STATION values (1345, '523', 3204, 261841.27, 450992.98, 198.13);
insert into STATION values (1346, '524', 3204, 261844.21, 450976.30, 196.65);
insert into STATION values (1347, '525', 3204, 261837.21, 450964.18, 196.65);
insert into STATION values (1348, '526', 3204, 261832.55, 450946.79, 196.65);
insert into STATION values (1349, '527', 3204, 261826.73, 450945.77, 195.61);
insert into STATION values (1350, '528', 3204, 261825.01, 450926.15, 199.08);
insert into STATION values (1351, '529', 3204, 261811.42, 450919.81, 199.08);
insert into STATION values (1352, '530', 3204, 261888.49, 451053.57, 177.67);
insert into STATION values (1353, '531', 3204, 261882.83, 451042.46, 176.79);
insert into STATION values (1354, '532', 3204, 261867.80, 451032.70, 158.23);
insert into STATION values (1355, '533', 3204, 261837.92, 451035.32, 157.71);
insert into STATION values (1356, '534', 3204, 261813.76, 451036.16, 140.79);
insert into STATION values (1357, '535', 3204, 261800.39, 451062.41, 132.90);
insert into STATION values (1358, '536', 3204, 261811.60, 451090.16, 139.26);
insert into STATION values (1359, '537', 3204, 261821.63, 451099.85, 140.48);
insert into STATION values (1360, '538', 3204, 261829.70, 451105.50, 138.74);
insert into STATION values (1361, '539', 3204, 261837.16, 451116.15, 138.74);
insert into STATION values (1362, '540', 3204, 261841.04, 451130.64, 138.74);
insert into STATION values (1363, '541', 3204, 261851.82, 451146.03, 145.58);
insert into STATION values (1364, '542', 3204, 261794.66, 451087.22, 118.20);
insert into STATION values (1365, '543a', 3204, 261785.55, 451110.97, 102.30);
insert into STATION values (1366, '543b', 3204, 261970.62, 451038.77, 200.75);
insert into STATION values (1367, '544', 3204, 261985.55, 451061.76, 187.38);
insert into STATION values (1368, '545', 3204, 262012.46, 451068.97, 199.78);
insert into STATION values (1369, '546', 3204, 262037.43, 451086.45, 198.72);
insert into STATION values (1370, '547', 3204, 262066.37, 451084.43, 208.14);
insert into STATION values (1371, '548', 3204, 262085.41, 451064.71, 221.52);
insert into STATION values (1372, '549', 3204, 262106.79, 451085.36, 228.38);
insert into STATION values (1373, '550', 3204, 262117.71, 451113.81, 229.44);
insert into STATION values (1374, '551', 3204, 262131.56, 451140.98, 229.97);
insert into STATION values (1375, '552', 3204, 262137.88, 451170.75, 227.85);
insert into STATION values (1376, '553', 3204, 262151.70, 451197.85, 229.97);
insert into STATION values (1377, '554', 3204, 262137.98, 451224.77, 225.73);
insert into STATION values (1378, '555', 3204, 262144.83, 451247.17, 222.85);
insert into STATION values (1379, '556', 3204, 262157.75, 451273.65, 214.96);
insert into STATION values (1380, '557', 3204, 262167.17, 451302.64, 216.02);
insert into STATION values (1381, '558', 3204, 262170.30, 451332.48, 211.81);
insert into STATION values (1382, '559', 3204, 262186.91, 451357.09, 204.40);
insert into STATION values (1383, '560', 3204, 262179.64, 451386.23, 199.65);
insert into STATION values (1384, '561', 3204, 262159.51, 451403.73, 184.86);
insert into STATION values (1385, '562', 3204, 262158.52, 451432.18, 173.93);
insert into STATION values (1386, '563', 3204, 262168.01, 451459.76, 165.01);
insert into STATION values (1387, '564', 3204, 262180.39, 451487.56, 162.89);
insert into STATION values (1388, '565', 3204, 262193.64, 451513.56, 163.90);
insert into STATION values (1389, '566', 3204, 262185.57, 451528.11, 157.85);
insert into STATION values (1390, '567', 3204, 262167.26, 451548.45, 145.09);
insert into STATION values (1391, '568', 3204, 262163.10, 451557.37, 143.35);
insert into STATION values (1392, '571', 3204, 262207.64, 451490.42, 175.09);
insert into STATION values (1393, '572', 3204, 262224.24, 451509.52, 186.35);
insert into STATION values (1394, '573', 3204, 262243.44, 451533.22, 186.89);
insert into STATION values (1395, '574', 3204, 262265.92, 451549.56, 186.40);
insert into STATION values (1396, '575', 3204, 262266.98, 451579.81, 182.68);
insert into STATION values (1397, '576', 3204, 262276.40, 451608.81, 182.15);
insert into STATION values (1398, '577', 3204, 262277.96, 451638.61, 175.81);
insert into STATION values (1399, '578', 3204, 262288.88, 451667.04, 174.21);
insert into STATION values (1400, '579', 3204, 262263.07, 451655.01, 163.28);
insert into STATION values (1401, '580', 3204, 262242.92, 451673.80, 150.44);
insert into STATION values (1402, '581', 3204, 262228.71, 451682.00, 143.81);
insert into STATION values (1403, '582', 3204, 262225.78, 451709.92, 131.89);
insert into STATION values (1404, '583', 3204, 262200.68, 451727.50, 106.18);
insert into STATION values (1405, '584', 3204, 262281.07, 451677.23, 165.79);
insert into STATION values (1406, '585', 3204, 262295.84, 451703.89, 166.85);
insert into STATION values (1407, '586', 3204, 262304.23, 451733.13, 168.98);
insert into STATION values (1408, '587', 3204, 262314.67, 451760.33, 166.94);
insert into STATION values (1409, '588', 3204, 262345.09, 451758.73, 168.54);
insert into STATION values (1410, '589', 3204, 262368.45, 451778.34, 169.07);
insert into STATION values (1411, '590', 3204, 262385.84, 451793.46, 184.61);
insert into STATION values (1412, '593', 3204, 262375.34, 451799.52, 180.20);
insert into STATION values (1413, '594', 3204, 262363.82, 451815.97, 174.82);
insert into STATION values (1414, '595', 3204, 262359.27, 451815.90, 169.77);
insert into STATION values (1415, '596', 3204, 262365.47, 451832.92, 172.96);
insert into STATION values (1416, '597', 3204, 262368.21, 451839.08, 176.25);
insert into STATION values (1417, '598', 3204, 262359.93, 451864.57, 172.96);
insert into STATION values (1418, '599', 3204, 262364.94, 451892.97, 181.23);
insert into STATION values (1419, '600', 3204, 262365.69, 451742.64, 184.25);
insert into STATION values (1420, '601', 3204, 262395.52, 451746.83, 189.02);
insert into STATION values (1421, '602', 3204, 262417.78, 451760.74, 197.55);
insert into STATION values (1422, '603', 3204, 262420.44, 451791.11, 196.48);
insert into STATION values (1423, '604', 3204, 262405.26, 451807.96, 205.19);
insert into STATION values (1424, '605', 3204, 262395.27, 451799.28, 209.75);
insert into STATION values (1425, '606', 3204, 262395.12, 451815.06, 204.32);
insert into STATION values (1426, '607', 3204, 262391.64, 451834.83, 203.27);
insert into STATION values (1427, '608', 3204, 262368.33, 451786.72, 216.61);
insert into STATION values (1428, '609', 3204, 262357.56, 451783.43, 225.09);
insert into STATION values (1429, '610', 3204, 262380.11, 451717.66, 194.18);
insert into STATION values (1430, '611', 3204, 262402.94, 451705.52, 210.34);
insert into STATION values (1431, '612', 3204, 262426.58, 451716.54, 217.33);
insert into STATION values (1432, '613', 3204, 262454.30, 451726.09, 225.73);
insert into STATION values (1433, '614', 3204, 262479.91, 451734.41, 240.05);
insert into STATION values (1434, '615', 3204, 262492.59, 451755.51, 243.07);
insert into STATION values (1435, '616', 3204, 262493.88, 451780.05, 227.12);
insert into STATION values (1436, '617', 3204, 262489.58, 451795.03, 219.85);
insert into STATION values (1437, '618', 3204, 262510.87, 451815.59, 227.23);
insert into STATION values (1438, '619', 3204, 262510.87, 451840.62, 222.36);
insert into STATION values (1439, '620', 3204, 262528.58, 451860.29, 226.55);
insert into STATION values (1440, '621', 3204, 262540.51, 451882.73, 229.67);
insert into STATION values (1441, '622', 3204, 262505.73, 451880.15, 230.27);
insert into STATION values (1442, '623', 3204, 262492.19, 451886.47, 231.58);
insert into STATION values (1443, '624', 3204, 262473.27, 451804.07, 225.55);
insert into STATION values (1444, '625', 3204, 262451.24, 451796.06, 223.91);
insert into STATION values (1445, '626', 3204, 262431.02, 451783.90, 223.50);
insert into STATION values (1446, '627', 3204, 262415.85, 451784.17, 214.38);
insert into STATION values (1447, '605a', 3204, 262392.48, 451801.77, 208.70);
insert into STATION values (1448, '628', 3204, 262354.76, 451714.17, 184.78);
insert into STATION values (1449, '629', 3204, 262337.77, 451688.98, 182.12);
insert into STATION values (1450, '630', 3204, 262320.27, 451663.99, 182.12);
insert into STATION values (1451, '631', 3204, 262296.87, 451649.37, 182.12);
insert into STATION values (1452, '577a', 3204, 262278.04, 451642.14, 177.46);
insert into STATION values (1453, '632', 3204, 262313.48, 451645.33, 192.68);
insert into STATION values (1454, '633', 3204, 262308.18, 451615.29, 192.15);
insert into STATION values (1455, '634', 3204, 262295.03, 451595.03, 197.29);
insert into STATION values (1456, '635', 3204, 262281.60, 451573.55, 192.36);
insert into STATION values (1457, '636', 3204, 262281.37, 451559.99, 193.31);
insert into STATION values (1458, '574a', 3204, 262264.15, 451553.03, 190.37);
insert into STATION values (1459, '637', 3204, 262300.07, 451590.94, 201.04);
insert into STATION values (1460, '638', 3204, 262290.17, 451562.18, 203.16);
insert into STATION values (1461, '639', 3204, 262198.32, 451385.33, 206.00);
insert into STATION values (1462, '640', 3204, 262212.78, 451390.60, 209.55);
insert into STATION values (1463, '641', 3204, 262227.58, 451416.23, 209.04);
insert into STATION values (1464, '642', 3204, 262242.31, 451442.80, 211.69);
insert into STATION values (1465, '647', 3204, 262250.13, 451471.98, 207.45);
insert into STATION values (1466, '648', 3204, 262241.60, 451499.87, 198.53);
insert into STATION values (1467, '572a', 3204, 262220.07, 451506.45, 185.53);
insert into STATION values (1468, '643', 3204, 262255.54, 451428.11, 221.34);
insert into STATION values (1469, '644', 3204, 262265.51, 451428.11, 225.99);
insert into STATION values (1470, '645', 3204, 262279.78, 451430.62, 229.87);
insert into STATION values (1471, '646', 3204, 262285.10, 451425.31, 232.61);
insert into STATION values (1472, '649', 3204, 262330.26, 451779.90, 159.13);
insert into STATION values (1473, '650', 3204, 262323.38, 451790.11, 161.30);
insert into STATION values (1474, '587a', 3204, 262317.52, 451762.55, 167.29);
insert into STATION values (1475, '651', 3204, 262252.45, 451641.41, 162.08);
insert into STATION values (1476, '652', 3204, 262225.30, 451647.68, 149.67);
insert into STATION values (1477, '653', 3204, 262200.88, 451638.30, 141.17);
insert into STATION values (1478, '654', 3204, 262184.82, 451640.85, 133.93);
insert into STATION values (1479, '655', 3204, 262184.82, 451658.52, 151.61);
insert into STATION values (1480, '656', 3204, 262199.62, 451662.49, 138.76);
insert into STATION values (1481, '657', 3204, 262191.18, 451615.34, 146.19);
insert into STATION values (1482, '658', 3204, 262183.29, 451601.69, 154.23);
insert into STATION values (1483, '659', 3204, 262193.10, 451574.75, 164.66);
insert into STATION values (1484, '660', 3204, 262196.22, 451563.12, 168.34);
insert into STATION values (1485, '661', 3204, 262192.88, 451545.95, 167.73);
insert into STATION values (1486, '566a', 3204, 262179.99, 451536.93, 160.06);
insert into STATION values (1487, '662', 3204, 262157.03, 451467.95, 162.35);
insert into STATION values (1488, '663', 3204, 262142.80, 451441.21, 161.82);
insert into STATION values (1489, '664', 3204, 262124.45, 451416.85, 161.82);
insert into STATION values (1490, '665', 3204, 262112.54, 451388.79, 160.76);
insert into STATION values (1491, '666', 3204, 262105.23, 451359.48, 165.00);
insert into STATION values (1492, '667', 3204, 262090.44, 451333.86, 166.04);
insert into STATION values (1493, '668', 3204, 262094.68, 451303.70, 167.63);
insert into STATION values (1494, '669', 3204, 262098.58, 451281.59, 181.13);
insert into STATION values (1495, '670', 3204, 262102.25, 451255.43, 196.38);
insert into STATION values (1496, '671', 3204, 262109.59, 451234.11, 207.86);
insert into STATION values (1497, '672', 3204, 262129.63, 451248.14, 220.87);
insert into STATION values (1498, '555a', 3204, 262144.42, 451249.70, 223.49);
insert into STATION values (1499, '673', 3204, 262119.04, 451223.11, 231.91);
insert into STATION values (1500, '674', 3204, 262021.98, 451090.88, 190.18);
insert into STATION values (1501, '675', 3204, 262002.27, 451097.29, 176.20);
insert into STATION values (1502, '676', 3204, 261972.56, 451103.07, 179.91);
insert into STATION values (1503, '677', 3204, 261964.59, 451092.87, 186.23);
insert into STATION values (1504, '678', 3204, 261941.19, 451084.35, 184.05);
insert into STATION values (1505, '679', 3204, 261958.70, 451082.66, 185.61);
insert into STATION values (1506, '680', 3204, 261971.29, 451083.99, 188.53);
insert into STATION values (1507, '681', 3204, 261971.29, 451075.15, 197.37);
insert into STATION values (1508, '682', 3204, 261973.35, 451073.02, 197.84);
insert into STATION values (1509, '683', 3204, 261972.86, 451044.64, 198.83);
insert into STATION values (1510, '500a', 3204, 261939.93, 451042.91, 217.11);
insert into STATION values (1511, '684', 3204, 262075.58, 451273.22, 169.72);
insert into STATION values (1512, '685', 3204, 262057.04, 451250.32, 161.82);
insert into STATION values (1513, '686', 3204, 262042.70, 451224.44, 169.20);
insert into STATION values (1514, '687', 3204, 262042.70, 451193.94, 169.20);
insert into STATION values (1515, '688', 3204, 262035.76, 451172.59, 167.63);
insert into STATION values (1516, '689', 3204, 262010.43, 451156.14, 163.39);
insert into STATION values (1517, '690', 3204, 261994.46, 451142.74, 160.83);
insert into STATION values (1518, '691', 3204, 262092.75, 451379.56, 154.91);
insert into STATION values (1519, '692', 3204, 262083.32, 451367.49, 156.52);
insert into STATION values (1520, '693', 3204, 262096.65, 451347.74, 166.15);
insert into STATION values (1521, '1', 3682, 260916.43, 451342.31, 21.99);
insert into STATION values (1522, '2', 3682, 260917.72, 451347.14, 27.17);
insert into STATION values (1523, '3', 3682, 260931.81, 451343.10, 38.62);
insert into STATION values (1524, '4', 3682, 260945.12, 451338.51, 48.85);
insert into STATION values (1525, '5', 3682, 260960.37, 451327.02, 62.72);
insert into STATION values (1526, '6', 3682, 260962.03, 451324.73, 61.46);
insert into STATION values (1527, '7', 3682, 260965.97, 451323.45, 59.70);
insert into STATION values (1528, '8', 3682, 260968.91, 451325.02, 60.78);
insert into STATION values (1529, '9', 3682, 260969.58, 451322.51, 59.73);
insert into STATION values (1530, '10', 3682, 260970.82, 451322.59, 59.33);
insert into STATION values (1531, '11', 3682, 260993.26, 451335.03, 56.63);
insert into STATION values (1532, '12', 3682, 260998.92, 451339.30, 56.14);
insert into STATION values (1533, '13', 3682, 260998.92, 451377.79, 56.81);
insert into STATION values (1534, '14', 3682, 260998.65, 451392.76, 54.17);
insert into STATION values (1535, '15', 3682, 261006.86, 451410.36, 52.47);
insert into STATION values (1536, '16', 3682, 261035.66, 451432.06, 50.58);
insert into STATION values (1537, '17', 3682, 261057.55, 451465.77, 51.28);
insert into STATION values (1538, '18', 3682, 261083.92, 451484.93, 50.72);
insert into STATION values (1539, '19', 3682, 261099.88, 451506.90, 49.29);
insert into STATION values (1540, '20', 3682, 261114.46, 451519.13, 50.96);
insert into STATION values (1541, '21', 3682, 261128.11, 451540.98, 49.61);
insert into STATION values (1542, '22', 3682, 261143.80, 451576.22, 48.26);
insert into STATION values (1543, '23', 3682, 261150.29, 451604.31, 46.24);
insert into STATION values (1544, '24', 3682, 261164.61, 451605.07, 47.50);
insert into STATION values (1545, '25', 3682, 261183.61, 451594.96, 45.62);
insert into STATION values (1546, '26', 3682, 261210.36, 451581.92, 44.06);
insert into STATION values (1547, '27', 3682, 261228.75, 451603.07, 46.02);
insert into STATION values (1548, '28', 3682, 261239.73, 451625.59, 49.54);
insert into STATION values (1549, '29', 3682, 261255.33, 451637.34, 47.83);
insert into STATION values (1550, '30', 3682, 261289.17, 451641.50, 47.83);
insert into STATION values (1551, '31', 3682, 261323.67, 451632.25, 45.33);
insert into STATION values (1552, '32', 3682, 261347.75, 451639.62, 46.21);
insert into STATION values (1553, '33', 3682, 261385.86, 451634.94, 46.88);
insert into STATION values (1554, '34', 3682, 261411.78, 451627.99, 45.00);
insert into STATION values (1555, '35', 3682, 261438.14, 451637.07, 45.98);
insert into STATION values (1556, '36', 3682, 261464.79, 451639.87, 45.51);
insert into STATION values (1557, '37', 3682, 261481.59, 451656.09, 57.41);
insert into STATION values (1558, '38', 3682, 261493.44, 451662.66, 68.78);
insert into STATION values (1559, '39', 3682, 261504.79, 451667.02, 81.37);
insert into STATION values (1560, '40', 3682, 261518.79, 451657.58, 91.12);
insert into STATION values (1561, 'r0', 3813, 261861.32, 450731.23, 232.59);
insert into STATION values (1562, 'r0a', 3813, 261893.37, 450750.49, 236.52);
insert into STATION values (1563, 'r0b', 3813, 261848.24, 450695.29, 235.93);
insert into STATION values (1564, 'r0c', 3813, 261845.62, 450679.87, 238.23);
insert into STATION values (1565, 'r1', 3813, 261844.93, 450748.80, 221.89);
insert into STATION values (1566, 'r2', 3813, 261842.36, 450767.14, 219.29);
insert into STATION values (1567, 'r3', 3813, 261807.24, 450758.39, 218.66);
insert into STATION values (1568, 'r4', 3813, 261787.92, 450765.80, 219.38);
insert into STATION values (1569, 'r5', 3813, 261792.07, 450813.22, 219.38);
insert into STATION values (1570, 'r6', 3813, 261760.36, 450801.04, 216.41);
insert into STATION values (1571, 'r7', 3813, 261741.22, 450810.38, 216.41);
insert into STATION values (1572, 'r8', 3813, 261760.26, 450831.53, 214.92);
insert into STATION values (1573, 'r9', 3813, 261780.42, 450837.70, 199.03);
insert into STATION values (1574, 'r10', 3813, 261773.22, 450844.06, 197.55);
insert into STATION values (1575, 'r11', 3813, 261759.84, 450850.93, 192.72);
insert into STATION values (1576, 'd1', 3817, 261285.91, 450759.48, 173.74);
insert into STATION values (1577, 'd2', 3817, 261328.54, 450761.90, 191.59);
insert into STATION values (1578, 'd3', 3817, 261341.52, 450750.01, 188.72);
insert into STATION values (1579, 'd4', 3817, 261370.07, 450767.77, 179.97);
insert into STATION values (1580, 'd5', 3817, 261379.97, 450760.62, 178.43);
insert into STATION values (1581, 'd6', 3817, 261405.24, 450766.17, 176.33);
insert into STATION values (1582, 'd7', 3817, 261438.20, 450757.01, 188.03);
insert into STATION values (1583, 'd8', 3817, 261446.25, 450745.11, 194.23);
insert into STATION values (1584, 'd9', 3817, 261445.41, 450724.95, 197.16);
insert into STATION values (1585, 'd10', 3817, 261456.03, 450713.47, 196.81);
insert into STATION values (1586, 'd11', 3817, 261498.04, 450727.27, 193.70);
insert into STATION values (1587, 'd12', 3817, 261518.22, 450734.25, 195.50);
insert into STATION values (1588, 'd13', 3817, 261521.91, 450745.88, 196.99);
insert into STATION values (1589, 'd14', 3817, 261532.55, 450764.32, 196.65);
insert into STATION values (1590, 'd15', 3817, 261567.06, 450783.75, 194.67);
insert into STATION values (1591, 'd16', 3817, 261578.11, 450788.20, 194.62);
insert into STATION values (1592, 'd17', 3817, 261599.39, 450798.67, 195.31);
insert into STATION values (1593, 'd18', 3817, 261614.89, 450805.11, 199.56);
insert into STATION values (1594, 'd19', 3817, 261644.74, 450820.73, 195.40);
insert into STATION values (1595, 'd20', 3817, 261661.50, 450833.78, 193.70);
insert into STATION values (1596, 'd21', 3817, 261692.38, 450837.37, 193.97);
insert into STATION values (1597, 'd22', 3817, 261700.04, 450843.46, 194.46);
insert into STATION values (1598, 'd23', 3817, 261710.31, 450834.21, 197.82);
insert into STATION values (1599, 'd24', 3817, 261718.75, 450839.75, 197.42);
insert into STATION values (1600, 'd25', 3817, 261735.73, 450854.51, 196.85);
insert into STATION values (1601, 'd26', 3817, 261750.24, 450860.87, 194.47);
insert into STATION values (1602, 'r11', 3817, 261759.84, 450850.93, 192.72);
insert into STATION values (1603, 'd1', 3821, 261285.91, 450759.48, 173.74);
insert into STATION values (1604, 'm2', 3821, 261262.60, 450765.73, 173.32);
insert into STATION values (1605, 'm3', 3821, 261228.17, 450756.51, 173.32);
insert into STATION values (1606, 'm4', 3821, 261183.53, 450746.20, 177.33);
insert into STATION values (1607, 'm5', 3821, 261162.35, 450740.52, 169.78);
insert into STATION values (1608, 'm6', 3821, 261148.32, 450715.22, 168.01);
insert into STATION values (1609, 'm7', 3821, 261131.87, 450717.82, 173.91);
insert into STATION values (1610, 'm8', 3821, 261123.58, 450723.00, 177.86);
insert into STATION values (1611, 'm9', 3821, 261098.23, 450712.76, 174.74);
insert into STATION values (1612, 'm10', 3821, 261059.63, 450714.11, 151.99);
insert into STATION values (1613, 'm11', 3821, 261056.56, 450726.43, 139.29);
insert into STATION values (1614, 'm12', 3821, 261041.22, 450724.27, 134.25);
insert into STATION values (1615, 'm13', 3821, 261003.70, 450717.32, 113.10);
insert into STATION values (1616, 'm14', 3821, 260977.81, 450707.38, 103.01);
insert into STATION values (1617, 'm15', 3821, 260981.95, 450667.97, 102.32);
insert into STATION values (1618, 'm15', 3825, 260981.95, 450667.97, 102.32);
insert into STATION values (1619, 'v1', 3825, 260958.18, 450636.42, 101.63);
insert into STATION values (1620, 'v2', 3825, 260953.48, 450609.77, 103.05);
insert into STATION values (1621, 'v3', 3825, 260938.82, 450588.03, 103.05);
insert into STATION values (1622, 'v4', 3825, 260922.07, 450564.12, 103.05);
insert into STATION values (1623, 'v5', 3825, 260916.94, 450543.53, 104.16);
insert into STATION values (1624, 'v6', 3825, 260911.85, 450514.68, 101.08);
insert into STATION values (1625, 'v7', 3825, 260901.98, 450486.01, 104.80);
insert into STATION values (1626, 'v8', 3825, 260889.02, 450459.43, 109.49);
insert into STATION values (1627, 'v9', 3825, 260866.39, 450436.80, 112.85);
insert into STATION values (1628, 'v10', 3825, 260861.23, 450430.20, 113.44);
insert into STATION values (1629, 'v11', 3825, 260827.50, 450417.25, 107.71);
insert into STATION values (1630, 'v12', 3825, 260805.23, 450402.23, 100.52);
insert into STATION values (1631, 'v13', 3825, 260781.94, 450371.32, 105.27);
insert into STATION values (1632, 'v14', 3825, 260761.41, 450344.08, 102.88);
insert into STATION values (1633, 'v15', 3825, 260734.12, 450322.76, 101.07);
insert into STATION values (1634, 'v16', 3825, 260713.05, 450297.65, 102.79);
insert into STATION values (1635, 'v17', 3825, 260683.51, 450271.97, 100.73);
insert into STATION values (1636, 'v18', 3825, 260672.07, 450253.67, 94.14);
insert into STATION values (1637, 'v18', 3829, 260672.07, 450253.67, 94.14);
insert into STATION values (1638, 'g2', 3829, 260650.25, 450237.23, 86.30);
insert into STATION values (1639, 'g3', 3829, 260639.90, 450238.32, 79.01);
insert into STATION values (1640, 'g2', 3833, 260650.25, 450237.23, 86.30);
insert into STATION values (1641, 'g3', 3833, 260639.90, 450238.32, 79.01);
insert into STATION values (1642, 'g4', 3833, 260600.65, 450244.53, 60.48);
insert into STATION values (1643, 'g5', 3833, 260592.85, 450241.70, 60.63);
insert into STATION values (1644, 'g6', 3833, 260576.21, 450215.07, 54.81);
insert into STATION values (1645, 'g7', 3833, 260569.07, 450202.19, 57.81);
insert into STATION values (1646, 'g8', 3833, 260551.46, 450166.07, 59.91);
insert into STATION values (1647, 'g9', 3833, 260539.17, 450147.85, 60.29);
insert into STATION values (1648, 'g10', 3833, 260509.82, 450142.15, 46.98);
insert into STATION values (1649, 'g11', 3833, 260510.98, 450119.91, 55.98);
insert into STATION values (1650, 'g12', 3833, 260503.17, 450095.87, 58.86);
insert into STATION values (1651, 'g13', 3833, 260487.49, 450069.77, 61.79);
insert into STATION values (1652, 'g14', 3833, 260470.09, 450052.96, 56.65);
insert into STATION values (1653, 'g15', 3833, 260444.46, 450048.45, 47.69);
insert into STATION values (1654, 'g16', 3833, 260436.47, 450032.06, 51.57);
insert into STATION values (1655, 'g17', 3833, 260435.51, 450013.69, 55.81);
insert into STATION values (1656, 'g18', 3833, 260414.85, 449980.62, 55.81);
insert into STATION values (1657, 'g19', 3833, 260399.90, 449965.14, 54.69);
insert into STATION values (1658, 'g20', 3833, 260381.33, 449939.59, 54.41);
insert into STATION values (1659, 'g21', 3833, 260348.39, 449890.75, 54.41);
insert into STATION values (1660, 'g22', 3833, 260338.71, 449880.00, 53.14);
insert into STATION values (1661, 'r13', 3833, 260328.89, 449885.44, 48.38);
insert into STATION values (1662, 'r13', 3837, 260328.89, 449885.44, 48.38);
insert into STATION values (1663, 'r14', 3837, 260318.02, 449898.86, 41.75);
insert into STATION values (1664, 'r15', 3837, 260312.29, 449894.23, 38.62);
insert into STATION values (1665, 'r16', 3837, 260309.75, 449894.36, 38.08);
insert into STATION values (1666, 'r17', 3837, 260305.95, 449889.99, 35.13);
insert into STATION values (1667, 'r18', 3837, 260301.73, 449892.53, 32.93);
insert into STATION values (1668, 'r19', 3837, 260308.06, 449908.21, 28.40);
insert into STATION values (1669, 'r20', 3837, 260324.63, 449927.27, 31.06);
insert into STATION values (1670, 'r21', 3837, 260357.14, 449960.94, 31.06);
insert into STATION values (1671, 'r22', 3837, 260350.43, 449969.85, 27.22);
insert into STATION values (1672, '0', 3841, 260695.99, 449348.28, 91.91);
insert into STATION values (1673, '1', 3841, 260693.10, 449349.82, 88.97);
insert into STATION values (1674, '2', 3841, 260691.45, 449349.96, 84.16);
insert into STATION values (1675, '3', 3841, 260696.47, 449355.94, 79.65);
insert into STATION values (1676, '4', 3841, 260689.47, 449359.20, 80.06);
insert into STATION values (1677, '5', 3841, 260691.71, 449380.49, 78.56);
insert into STATION values (1678, '6', 3841, 260689.24, 449403.99, 77.74);
insert into STATION values (1679, '7', 3841, 260702.01, 449419.22, 77.39);
insert into STATION values (1680, '8', 3841, 260701.16, 449435.54, 77.25);
insert into STATION values (1681, '9', 3841, 260715.32, 449450.73, 76.88);
insert into STATION values (1682, '10', 3841, 260731.07, 449455.55, 76.60);
insert into STATION values (1683, '11', 3841, 260755.67, 449467.54, 77.07);
insert into STATION values (1684, '12', 3841, 260761.96, 449484.84, 77.07);
insert into STATION values (1685, '13', 3841, 260770.22, 449491.53, 75.39);
insert into STATION values (1686, '14', 3841, 260747.25, 449497.69, 74.56);
insert into STATION values (1687, '15', 3841, 260723.61, 449512.46, 75.05);
insert into STATION values (1688, '16', 3841, 260730.09, 449524.65, 75.05);
insert into STATION values (1689, '17', 3841, 260739.92, 449551.65, 75.05);
insert into STATION values (1690, '18', 3841, 260756.05, 449579.60, 73.92);
insert into STATION values (1691, '19', 3841, 260777.54, 449566.69, 74.36);
insert into STATION values (1692, '20', 3841, 260799.88, 449579.59, 74.36);
insert into STATION values (1693, '21', 3841, 260800.31, 449591.77, 73.29);
insert into STATION values (1694, '22', 3841, 260807.13, 449598.84, 73.29);
insert into STATION values (1695, '23', 3841, 260809.39, 449620.33, 73.29);
insert into STATION values (1696, '24', 3841, 260814.04, 449633.83, 74.29);
insert into STATION values (1697, '25', 3841, 260836.12, 449666.58, 73.60);
insert into STATION values (1698, '26', 3841, 260843.32, 449686.36, 72.86);
insert into STATION values (1699, '27', 3841, 260879.43, 449683.21, 72.86);
insert into STATION values (1700, '28', 3841, 260899.48, 449678.58, 71.43);
insert into STATION values (1701, '29', 3841, 260928.93, 449691.69, 70.86);
insert into STATION values (1702, '30', 3841, 260951.44, 449719.49, 69.61);
insert into STATION values (1703, '50', 3841, 261044.97, 449853.89, 68.90);
insert into STATION values (1704, '51', 3841, 261065.75, 449844.20, 67.29);
insert into STATION values (1705, '52', 3841, 261061.02, 449823.69, 66.74);
insert into STATION values (1706, '53', 3841, 261087.47, 449794.32, 70.20);
insert into STATION values (1707, '54', 3841, 261081.60, 449752.61, 70.20);
insert into STATION values (1708, '55', 3841, 261065.29, 449738.42, 67.93);
insert into STATION values (1709, '56', 3841, 261040.50, 449748.95, 68.63);
insert into STATION values (1710, '57', 3841, 261025.72, 449734.18, 68.63);
insert into STATION values (1711, '58', 3841, 260979.88, 449736.58, 69.03);
insert into STATION values (1712, '61', 3841, 261036.40, 449848.94, 70.11);
insert into STATION values (1713, '62', 3841, 261025.22, 449847.76, 71.10);
insert into STATION values (1714, '63', 3841, 260998.06, 449852.55, 67.71);
insert into STATION values (1715, '64', 3841, 260984.04, 449851.32, 61.74);
insert into STATION values (1716, '65', 3841, 260942.62, 449863.99, 61.74);
insert into STATION values (1717, '66', 3841, 260905.11, 449856.69, 61.74);
insert into STATION values (1718, '67', 3841, 260876.69, 449861.70, 60.22);
insert into STATION values (1719, '68', 3841, 260860.08, 449856.31, 59.61);
insert into STATION values (1720, '69', 3841, 260837.93, 449851.19, 59.61);
insert into STATION values (1721, '70', 3841, 260808.39, 449847.04, 60.13);
insert into STATION values (1722, '71', 3841, 260796.43, 449845.57, 59.50);
insert into STATION values (1723, '72', 3841, 260766.35, 449828.90, 57.70);
insert into STATION values (1724, '73', 3841, 260725.25, 449829.62, 59.14);
insert into STATION values (1725, '74', 3841, 260716.90, 449830.35, 60.46);
insert into STATION values (1726, '75', 3841, 260683.55, 449836.83, 55.08);
insert into STATION values (1727, '76', 3841, 260652.35, 449854.84, 58.23);
insert into STATION values (1728, '77', 3841, 260622.06, 449847.85, 63.16);
insert into STATION values (1729, '100', 3841, 260516.29, 449782.99, 83.69);
insert into STATION values (1730, '101', 3841, 260513.37, 449803.74, 84.24);
insert into STATION values (1731, '102', 3841, 260552.36, 449828.10, 85.85);
insert into STATION values (1732, '103', 3841, 260556.86, 449842.81, 72.93);
insert into STATION values (1733, '104', 3841, 260580.54, 449837.35, 75.06);
insert into STATION values (1734, '105', 3841, 260597.75, 449824.84, 78.81);
insert into STATION values (1735, '106', 3841, 260619.54, 449838.46, 69.96);
insert into STATION values (1736, '151', 3841, 260526.48, 449753.38, 99.64);
insert into STATION values (1737, '152', 3841, 260557.35, 449756.08, 110.32);
insert into STATION values (1738, '153', 3841, 260577.72, 449762.31, 118.07);
insert into STATION values (1739, '154', 3841, 260586.97, 449763.12, 122.01);
insert into STATION values (1740, '155', 3841, 260590.44, 449768.46, 122.12);
insert into STATION values (1741, '201', 3841, 260604.84, 449780.98, 124.97);
insert into STATION values (1742, '202', 3841, 260604.84, 449802.29, 122.17);
insert into STATION values (1743, '203', 3841, 260647.89, 449845.35, 123.23);
insert into STATION values (1744, '204', 3841, 260652.40, 449864.85, 124.98);
insert into STATION values (1745, '205', 3841, 260624.54, 449866.31, 136.82);
insert into STATION values (1746, '206', 3841, 260610.32, 449859.06, 136.54);
insert into STATION values (1747, '207', 3841, 260553.72, 449852.11, 138.53);
insert into STATION values (1748, '208', 3841, 260470.22, 449843.33, 145.14);
insert into STATION values (1749, '209', 3841, 260428.86, 449843.33, 144.42);
insert into STATION values (1750, '210', 3841, 260413.21, 449876.90, 123.04);
insert into STATION values (1751, '211', 3841, 260431.86, 449899.93, 126.15);
insert into STATION values (1752, '212', 3841, 260438.74, 449894.56, 127.38);
insert into STATION values (1753, '300', 3841, 260452.71, 449916.08, 128.27);
insert into STATION values (1754, '301', 3841, 260487.57, 449960.70, 127.29);
insert into STATION values (1755, '302', 3841, 260530.78, 449988.76, 120.05);
insert into STATION values (1756, '303', 3841, 260540.09, 450023.49, 116.27);
insert into STATION values (1757, '304', 3841, 260542.32, 450066.08, 117.01);
insert into STATION values (1758, '305', 3841, 260545.65, 450081.74, 120.41);
insert into STATION values (1759, '306', 3841, 260563.71, 450083.96, 119.46);
insert into STATION values (1760, '307', 3841, 260588.50, 450107.90, 113.38);
insert into STATION values (1761, '308', 3841, 260605.57, 450140.01, 113.38);
insert into STATION values (1762, '309', 3841, 260632.74, 450181.84, 111.64);
insert into STATION values (1763, '310', 3841, 260651.54, 450207.72, 111.08);
insert into STATION values (1764, '311', 3841, 260652.87, 450222.95, 107.83);
insert into STATION values (1765, '312', 3841, 260655.47, 450229.71, 103.65);
insert into STATION values (1766, '312a', 3841, 260675.78, 450258.72, 100.56);
insert into STATION values (1767, '313', 3841, 260652.72, 450240.74, 92.68);
insert into STATION values (1768, '314', 3841, 260605.47, 450249.07, 67.17);
insert into STATION values (1769, '315', 3841, 260572.06, 450206.31, 62.42);
insert into STATION values (1770, '316', 3841, 260565.84, 450185.95, 66.17);
insert into STATION values (1771, '317', 3841, 260542.34, 450149.76, 66.17);
insert into STATION values (1772, '318', 3841, 260512.31, 450145.01, 52.64);
insert into STATION values (1773, '319', 3841, 260513.45, 450123.18, 61.03);
insert into STATION values (1774, '320', 3841, 260506.69, 450097.95, 64.23);
insert into STATION values (1775, '321', 3841, 260472.45, 450059.92, 62.45);
insert into STATION values (1776, '322', 3841, 260439.06, 450033.83, 56.49);
insert into STATION values (1777, '323', 3841, 260438.08, 450015.05, 59.81);
insert into STATION values (1778, '324', 3841, 260417.98, 449981.60, 59.81);
insert into STATION values (1779, '325', 3841, 260383.47, 449940.48, 58.87);
insert into STATION values (1780, '326', 3841, 260350.54, 449891.66, 57.84);
insert into STATION values (1781, '327', 3841, 260340.73, 449881.14, 55.57);
insert into STATION values (1782, '328', 3841, 260322.98, 449895.52, 43.93);
insert into STATION values (1783, '329', 3841, 260318.02, 449898.86, 41.75);
insert into STATION values (1784, '330', 3841, 260313.45, 449895.04, 39.10);
insert into STATION values (1785, '44', 3918, 261494.13, 450808.53, 296.52);
insert into STATION values (1786, '100', 3918, 261491.18, 450810.30, 324.61);
insert into STATION values (1787, '101', 3918, 261503.71, 450826.64, 325.15);
insert into STATION values (1788, '102', 3918, 261487.33, 450806.97, 321.94);
insert into STATION values (1789, '103', 3918, 261512.38, 450841.00, 327.16);
insert into STATION values (1790, '104', 3918, 261515.81, 450851.97, 327.76);
insert into STATION values (1791, '105', 3918, 261531.43, 450858.68, 341.94);
insert into STATION values (1792, '106', 3918, 261518.53, 450862.62, 334.54);
insert into STATION values (1793, '107', 3918, 261522.89, 450880.46, 335.90);
insert into STATION values (1794, '108', 3918, 261528.19, 450882.15, 335.00);
insert into STATION values (1795, '109', 3918, 261537.79, 450892.78, 335.01);
insert into STATION values (1796, '110', 3918, 261543.60, 450905.93, 334.27);
insert into STATION values (1797, '111', 3918, 261551.44, 450916.33, 334.20);
insert into STATION values (1798, '112', 3918, 261551.76, 450935.38, 332.23);
insert into STATION values (1799, '113', 3918, 261554.29, 450954.77, 336.15);
insert into STATION values (1800, '114', 3918, 261562.63, 450968.26, 333.72);
insert into STATION values (1801, '115', 3918, 261563.58, 450987.11, 332.36);
insert into STATION values (1802, '116', 3918, 261570.20, 451001.66, 332.45);
insert into STATION values (1803, '117', 3918, 261574.79, 451005.39, 333.36);
insert into STATION values (1804, '118', 3918, 261580.31, 451033.62, 324.75);
insert into STATION values (1805, '119', 3918, 261591.43, 451048.59, 325.61);
insert into STATION values (1806, '120', 3918, 261585.91, 451072.11, 310.81);
insert into STATION values (1807, '121', 3918, 261609.67, 451087.27, 327.01);
insert into STATION values (1808, '122', 3918, 261610.52, 451093.38, 327.85);
insert into STATION values (1809, '123', 3918, 261621.04, 451102.54, 336.73);
insert into STATION values (1810, '124', 3918, 261624.73, 451107.82, 336.48);
insert into STATION values (1811, '125', 3918, 261627.15, 451116.39, 335.15);
insert into STATION values (1812, '126', 3918, 261627.70, 451127.21, 331.43);
insert into STATION values (1813, '127', 3918, 261627.73, 451134.47, 330.87);
insert into STATION values (1814, '128', 3918, 261642.15, 451168.55, 329.78);
insert into STATION values (1815, '129', 3918, 261638.81, 451179.99, 323.16);
insert into STATION values (1816, '130', 3918, 261644.75, 451191.38, 321.02);
insert into STATION values (1817, '131', 3918, 261657.31, 451197.34, 329.24);
insert into STATION values (1818, '132', 3918, 261656.77, 451202.32, 329.20);
insert into STATION values (1819, '133', 3918, 261668.31, 451224.02, 330.11);
insert into STATION values (1820, '134', 3918, 261663.88, 451239.50, 323.57);
insert into STATION values (1821, '135', 3918, 261674.08, 451256.18, 323.25);
insert into STATION values (1822, '136', 3918, 261680.26, 451266.56, 326.01);
insert into STATION values (1823, '137', 3918, 261691.23, 451296.33, 323.95);
insert into STATION values (1824, '138', 3918, 261693.76, 451300.03, 324.79);
insert into STATION values (1825, '139', 3918, 261688.47, 451316.48, 314.57);
insert into STATION values (1826, '140', 3918, 261681.20, 451322.46, 311.07);
insert into STATION values (1827, '141', 3918, 261664.81, 451328.81, 309.73);
insert into STATION values (1828, '142', 3918, 261656.44, 451324.55, 305.85);
insert into STATION values (1829, '143', 3918, 261647.09, 451330.46, 307.64);
insert into STATION values (1830, '144', 3918, 261642.50, 451341.54, 306.00);
insert into STATION values (1831, '145', 3918, 261678.59, 451329.49, 315.69);
insert into STATION values (1832, '146', 3918, 261678.17, 451339.05, 311.77);
insert into STATION values (1833, '147', 3918, 261678.97, 451354.88, 309.97);
insert into STATION values (1834, '148', 3918, 261677.01, 451364.08, 307.83);
insert into STATION values (1835, '149', 3918, 261675.99, 451373.02, 300.45);
insert into STATION values (1836, '150', 3918, 261680.36, 451382.90, 301.02);
insert into STATION values (1837, '151', 3918, 261688.31, 451395.69, 304.00);
insert into STATION values (1838, '152', 3918, 261681.86, 451346.48, 310.83);
insert into STATION values (1839, '153', 3918, 261690.91, 451334.38, 316.46);
insert into STATION values (1840, '154', 3918, 261692.25, 451330.56, 315.60);
insert into STATION values (1841, '155', 3918, 261691.23, 451320.80, 315.50);
insert into STATION values (1842, '156', 3918, 261707.31, 451316.17, 329.34);
insert into STATION values (1843, '157', 3918, 261709.82, 451325.00, 329.46);
insert into STATION values (1844, '158', 3918, 261711.44, 451335.45, 333.31);
insert into STATION values (1845, '159', 3918, 261719.44, 451346.88, 336.13);
insert into STATION values (1846, '160', 3918, 261719.20, 451351.87, 340.89);
insert into STATION values (1847, '161', 3918, 261697.29, 451305.86, 326.26);
insert into STATION values (1848, '162', 3918, 261690.52, 451295.86, 323.53);
insert into STATION values (1849, '-', 3918, 261503.60, 450826.80, 330.69);
insert into STATION values (1850, '-', 3918, 261504.44, 450821.76, 332.68);
insert into STATION values (1851, '-', 3918, 261503.59, 450826.76, 324.45);
insert into STATION values (1852, '-', 3918, 261506.16, 450826.08, 325.81);
insert into STATION values (1853, '-', 3918, 261491.86, 450802.72, 328.06);
insert into STATION values (1854, '-', 3918, 261499.12, 450816.33, 331.65);
insert into STATION values (1855, '-', 3918, 261501.01, 450807.51, 334.45);
insert into STATION values (1856, '-', 3918, 261503.88, 450824.84, 324.73);
insert into STATION values (1857, '-', 3918, 261499.10, 450829.73, 325.37);
insert into STATION values (1858, '-', 3918, 261495.14, 450825.63, 323.23);
insert into STATION values (1859, '-', 3918, 261487.51, 450819.15, 320.93);
insert into STATION values (1860, '-', 3918, 261487.66, 450813.06, 323.38);
insert into STATION values (1861, '-', 3918, 261501.56, 450834.31, 324.08);
insert into STATION values (1862, '-', 3918, 261524.28, 450879.95, 339.75);
insert into STATION values (1863, '-', 3918, 261523.68, 450880.49, 334.07);
insert into STATION values (1864, '-', 3918, 261522.03, 450882.64, 335.49);
insert into STATION values (1865, '-', 3918, 261526.35, 450878.29, 336.11);
insert into STATION values (1866, '-', 3918, 261527.53, 450871.57, 342.45);
insert into STATION values (1867, '-', 3918, 261529.65, 450879.30, 338.25);
insert into STATION values (1868, '-', 3918, 261527.93, 450882.14, 340.39);
insert into STATION values (1869, '-', 3918, 261528.72, 450883.82, 330.21);
insert into STATION values (1870, '-', 3918, 261524.61, 450887.15, 336.24);
insert into STATION values (1871, '-', 3918, 261543.79, 450877.96, 345.08);
insert into STATION values (1872, '-', 3918, 261564.62, 450986.95, 337.03);
insert into STATION values (1873, '-', 3918, 261564.12, 450987.67, 330.88);
insert into STATION values (1874, '-', 3918, 261562.97, 450987.37, 332.56);
insert into STATION values (1875, '-', 3918, 261570.98, 450986.68, 336.71);
insert into STATION values (1876, '-', 3918, 261587.02, 450988.45, 352.08);
insert into STATION values (1877, '-', 3918, 261592.02, 451048.69, 326.23);
insert into STATION values (1878, '-', 3918, 261588.75, 451049.70, 330.02);
insert into STATION values (1879, '-', 3918, 261588.33, 451050.69, 320.99);
insert into STATION values (1880, '-', 3918, 261585.22, 451051.53, 324.96);
insert into STATION values (1881, '-', 3918, 261585.79, 451072.32, 314.60);
insert into STATION values (1882, '-', 3918, 261579.61, 451068.70, 319.92);
insert into STATION values (1883, '-', 3918, 261574.56, 451072.36, 322.92);
insert into STATION values (1884, '-', 3918, 261592.04, 451074.63, 320.40);
insert into STATION values (1885, '-', 3918, 261588.44, 451072.72, 315.78);
insert into STATION values (1886, '-', 3918, 261584.48, 451067.50, 319.31);
insert into STATION values (1887, '-', 3918, 261584.10, 451074.49, 305.63);
insert into STATION values (1888, '-', 3918, 261579.23, 451068.57, 311.68);
insert into STATION values (1889, '-', 3918, 261580.11, 451076.00, 316.26);
insert into STATION values (1890, '-', 3918, 261582.22, 451079.94, 314.60);
insert into STATION values (1891, '-', 3918, 261586.25, 451083.45, 316.65);
insert into STATION values (1892, '-', 3918, 261594.22, 451084.67, 324.00);
insert into STATION values (1893, '-', 3918, 261579.16, 451070.38, 310.10);
insert into STATION values (1894, '-', 3918, 261577.35, 451073.16, 307.39);
insert into STATION values (1895, '-', 3918, 261574.59, 451077.94, 303.50);
insert into STATION values (1896, '-', 3918, 261575.08, 451084.52, 299.07);
insert into STATION values (1897, '-', 3918, 261584.93, 451079.06, 306.18);
insert into STATION values (1898, '-', 3918, 261587.31, 451071.71, 311.07);
insert into STATION values (1899, '-', 3918, 261610.25, 451094.07, 332.39);
insert into STATION values (1900, '-', 3918, 261616.96, 451093.35, 335.94);
insert into STATION values (1901, '-', 3918, 261620.78, 451087.30, 342.18);
insert into STATION values (1902, '-', 3918, 261608.61, 451097.92, 322.18);
insert into STATION values (1903, '-', 3918, 261611.37, 451099.48, 328.71);
insert into STATION values (1904, '-', 3918, 261605.61, 451094.74, 326.82);
insert into STATION values (1905, '-', 3918, 261598.74, 451106.80, 316.26);
insert into STATION values (1906, '-', 3918, 261603.48, 451105.95, 318.90);
insert into STATION values (1907, '-', 3918, 261606.89, 451106.24, 321.56);
insert into STATION values (1908, '-', 3918, 261609.81, 451107.45, 324.64);
insert into STATION values (1909, '-', 3918, 261610.27, 451111.33, 327.24);
insert into STATION values (1910, '-', 3918, 261617.71, 451126.28, 325.36);
insert into STATION values (1911, '-', 3918, 261617.18, 451115.29, 328.09);
insert into STATION values (1912, '-', 3918, 261615.73, 451105.28, 329.98);
insert into STATION values (1913, '-', 3918, 261616.04, 451101.63, 330.35);
insert into STATION values (1914, '-', 3918, 261618.94, 451102.25, 334.41);
insert into STATION values (1915, '-', 3918, 261614.92, 451094.01, 330.52);
insert into STATION values (1916, '-', 3918, 261626.40, 451106.14, 341.04);
insert into STATION values (1917, '-', 3918, 261617.43, 451097.99, 334.62);
insert into STATION values (1918, '-', 3918, 261614.03, 451086.96, 333.07);
insert into STATION values (1919, '-', 3918, 261612.35, 451087.06, 332.86);
insert into STATION values (1920, '-', 3918, 261641.76, 451169.13, 333.58);
insert into STATION values (1921, '-', 3918, 261641.94, 451169.57, 327.97);
insert into STATION values (1922, '-', 3918, 261637.78, 451170.18, 328.64);
insert into STATION values (1923, '-', 3918, 261631.31, 451176.27, 319.45);
insert into STATION values (1924, '-', 3918, 261649.84, 451162.17, 338.78);
insert into STATION values (1925, '-', 3918, 261659.72, 451195.72, 332.22);
insert into STATION values (1926, '-', 3918, 261657.38, 451198.49, 334.70);
insert into STATION values (1927, '-', 3918, 261656.44, 451198.07, 327.66);
insert into STATION values (1928, '-', 3918, 261653.88, 451200.07, 328.94);
insert into STATION values (1929, '-', 3918, 261657.16, 451202.90, 333.62);
insert into STATION values (1930, '-', 3918, 261653.98, 451202.38, 328.70);
insert into STATION values (1931, '-', 3918, 261654.65, 451205.02, 326.44);
insert into STATION values (1932, '-', 3918, 261661.09, 451202.35, 332.11);
insert into STATION values (1933, '-', 3918, 261697.93, 451297.99, 329.50);
insert into STATION values (1934, '-', 3918, 261693.83, 451300.56, 327.83);
insert into STATION values (1935, '-', 3918, 261691.86, 451301.08, 321.92);
insert into STATION values (1936, '-', 3918, 261689.22, 451301.14, 324.22);
insert into STATION values (1937, '-', 3918, 261688.32, 451321.57, 325.30);
insert into STATION values (1938, '-', 3918, 261685.88, 451313.71, 314.14);
insert into STATION values (1939, '-', 3918, 261683.60, 451315.07, 309.68);
insert into STATION values (1940, '-', 3918, 261693.56, 451324.29, 320.46);
insert into STATION values (1941, '-', 3918, 261648.94, 451329.05, 330.00);
insert into STATION values (1942, '-', 3918, 261651.17, 451317.14, 318.02);
insert into STATION values (1943, '-', 3918, 261645.89, 451319.84, 331.12);
insert into STATION values (1944, '-', 3918, 261643.40, 451327.66, 327.59);
insert into STATION values (1945, '-', 3918, 261639.38, 451332.94, 328.73);
insert into STATION values (1946, '-', 3918, 261635.07, 451339.14, 340.09);
insert into STATION values (1947, '-', 3918, 261646.91, 451334.06, 321.00);
insert into STATION values (1948, '-', 3918, 261665.15, 451325.69, 332.66);
insert into STATION values (1949, '-', 3918, 261669.68, 451322.15, 329.16);
insert into STATION values (1950, '-', 3918, 261657.74, 451321.30, 305.89);
insert into STATION values (1951, '-', 3918, 261652.81, 451325.48, 303.10);
insert into STATION values (1952, '-', 3918, 261656.01, 451314.94, 306.83);
insert into STATION values (1953, '-', 3918, 261654.24, 451314.79, 311.66);
insert into STATION values (1954, '-', 3918, 261655.07, 451328.90, 306.35);
insert into STATION values (1955, '-', 3918, 261652.85, 451332.08, 312.91);
insert into STATION values (1956, '-', 3918, 261656.52, 451336.01, 307.01);
insert into STATION values (1957, '-', 3918, 261660.12, 451331.74, 307.11);
insert into STATION values (1958, '-', 3918, 261663.66, 451330.38, 309.36);
insert into STATION values (1959, '-', 3918, 261696.93, 451322.86, 324.35);
insert into STATION values (1960, '-', 3918, 261687.73, 451319.34, 314.30);
insert into STATION values (1961, '-', 3918, 261671.68, 451320.07, 306.02);
insert into STATION values (1962, '-', 3918, 261663.12, 451321.83, 304.11);
insert into STATION values (1963, '-', 3918, 261645.02, 451328.99, 329.75);
insert into STATION values (1964, '-', 3918, 261646.74, 451331.66, 305.96);
insert into STATION values (1965, '-', 3918, 261643.65, 451327.25, 310.79);
insert into STATION values (1966, '-', 3918, 261629.82, 451371.66, 316.23);
insert into STATION values (1967, '-', 3918, 261651.93, 451332.86, 310.43);
insert into STATION values (1968, '-', 3918, 261679.93, 451329.99, 317.56);
insert into STATION values (1969, '-', 3918, 261675.50, 451325.80, 332.38);
insert into STATION values (1970, '-', 3918, 261676.30, 451330.02, 312.98);
insert into STATION values (1971, '-', 3918, 261673.15, 451331.27, 316.30);
insert into STATION values (1972, '-', 3918, 261689.61, 451394.30, 307.58);
insert into STATION values (1973, '-', 3918, 261697.34, 451391.73, 314.43);
insert into STATION values (1974, '-', 3918, 261688.27, 451396.35, 302.88);
insert into STATION values (1975, '-', 3918, 261685.64, 451395.98, 302.87);
insert into STATION values (1976, '-', 3918, 261690.31, 451395.66, 305.32);
insert into STATION values (1977, '-', 3918, 261706.85, 451315.19, 331.81);
insert into STATION values (1978, '-', 3918, 261707.23, 451317.34, 327.27);
insert into STATION values (1979, '-', 3918, 261707.44, 451318.87, 329.02);
insert into STATION values (1980, '-', 3918, 261702.91, 451308.44, 329.66);
insert into STATION values (1981, '44', 4106, 261494.13, 450808.53, 296.52);
insert into STATION values (1982, '30', 4106, 261496.21, 450819.82, 285.49);
insert into STATION values (1983, '45', 4106, 261490.72, 450798.99, 297.34);
insert into STATION values (1984, '46', 4106, 261511.30, 450797.06, 294.62);
insert into STATION values (1985, '47', 4106, 261534.68, 450797.60, 289.83);
insert into STATION values (1986, '48', 4106, 261545.89, 450799.31, 287.27);
insert into STATION values (1987, '49', 4106, 261552.55, 450801.21, 291.38);
insert into STATION values (1988, '50', 4106, 261562.65, 450801.75, 292.50);
insert into STATION values (1989, '51', 4106, 261599.87, 450807.60, 296.89);
insert into STATION values (1990, '52', 4106, 261627.46, 450814.98, 286.18);
insert into STATION values (1991, '53', 4106, 261641.77, 450822.84, 283.74);
insert into STATION values (1992, '54', 4106, 261652.61, 450822.32, 284.95);
insert into STATION values (1993, '55', 4106, 261670.22, 450817.72, 296.72);
insert into STATION values (1994, '56', 4106, 261649.29, 450832.80, 278.11);
insert into STATION values (1995, '57', 4106, 261671.59, 450837.17, 291.68);
insert into STATION values (1996, '58', 4106, 261677.55, 450837.26, 298.89);
insert into STATION values (1997, '59', 4106, 261682.00, 450840.99, 301.71);
insert into STATION values (1998, '60', 4106, 261704.05, 450851.18, 312.25);
insert into STATION values (1999, '61', 4106, 261714.06, 450869.84, 316.82);
insert into STATION values (2000, '62', 4106, 261732.37, 450869.15, 330.20);
insert into STATION values (2001, '90', 4106, 261727.13, 450860.77, 329.69);
insert into STATION values (2002, '91', 4106, 261723.98, 450852.11, 333.04);
insert into STATION values (2003, '92', 4106, 261718.82, 450849.37, 327.58);
insert into STATION values (2004, '93', 4106, 261709.78, 450848.42, 322.12);
insert into STATION values (2005, '94', 4106, 261709.36, 450842.35, 321.59);
insert into STATION values (2006, '95', 4106, 261698.03, 450831.79, 316.86);
insert into STATION values (2007, '96', 4106, 261691.58, 450834.01, 311.13);
insert into STATION values (2008, '97', 4106, 261679.65, 450831.25, 303.18);
insert into STATION values (2009, '98', 4106, 261667.70, 450827.83, 293.11);
insert into STATION values (2010, '99', 4106, 261657.60, 450834.63, 285.80);
insert into STATION values (2011, '63', 4106, 261739.81, 450883.82, 332.83);
insert into STATION values (2012, '64', 4106, 261745.60, 450894.34, 335.22);
insert into STATION values (2013, '65', 4106, 261751.43, 450899.50, 338.12);
insert into STATION values (2014, '66', 4106, 261758.66, 450907.67, 341.63);
insert into STATION values (2015, '67', 4106, 261750.26, 450912.77, 335.13);
insert into STATION values (2016, '68', 4106, 261747.99, 450916.92, 329.60);
insert into STATION values (2017, '69', 4106, 261743.98, 450922.87, 323.75);
insert into STATION values (2018, '70', 4106, 261747.17, 450934.42, 327.58);
insert into STATION values (2019, '71', 4106, 261764.90, 450938.79, 337.20);
insert into STATION values (2020, '72', 4106, 261756.74, 450959.12, 324.47);
insert into STATION values (2021, '73', 4106, 261753.14, 450958.44, 321.17);
insert into STATION values (2022, '74', 4106, 261762.54, 450963.66, 329.10);
insert into STATION values (2023, '75', 4106, 261769.43, 450973.41, 333.35);
insert into STATION values (2024, '76', 4106, 261771.63, 450981.76, 329.93);
insert into STATION values (2025, '77', 4106, 261770.38, 450990.06, 329.39);
insert into STATION values (2026, '78', 4106, 261766.35, 450995.57, 330.51);
insert into STATION values (2027, '79', 4106, 261773.73, 450998.48, 328.10);
insert into STATION values (2028, '80', 4106, 261782.58, 450999.70, 332.54);
insert into STATION values (2029, '81', 4106, 261788.55, 451002.24, 336.60);
insert into STATION values (2030, '82', 4106, 261784.27, 450997.01, 332.73);
insert into STATION values (2031, '83', 4106, 261788.37, 450997.61, 328.97);
insert into STATION values (2032, '84', 4106, 261795.93, 450999.17, 331.33);
insert into STATION values (2033, '85', 4106, 261800.84, 450997.39, 326.07);
insert into STATION values (2034, '86', 4106, 261804.95, 450996.30, 319.85);
insert into STATION values (2035, '-', 4106, 261627.19, 450815.58, 297.01);
insert into STATION values (2036, '-', 4106, 261628.00, 450814.78, 284.52);
insert into STATION values (2037, '-', 4106, 261627.45, 450815.69, 284.75);
insert into STATION values (2038, '-', 4106, 261626.35, 450818.47, 285.98);
insert into STATION values (2039, '-', 4106, 261630.78, 450812.41, 287.05);
insert into STATION values (2040, '-', 4106, 261715.08, 450871.79, 325.26);
insert into STATION values (2041, '-', 4106, 261731.46, 450867.25, 335.55);
insert into STATION values (2042, '-', 4106, 261713.81, 450870.62, 315.11);
insert into STATION values (2043, '-', 4106, 261701.34, 450875.04, 299.09);
insert into STATION values (2044, '-', 4106, 261706.38, 450875.04, 315.75);
insert into STATION values (2045, '-', 4106, 261710.30, 450883.58, 303.38);
insert into STATION values (2046, '-', 4106, 261705.54, 450878.82, 307.25);
insert into STATION values (2047, '-', 4106, 261716.36, 450883.18, 319.80);
insert into STATION values (2048, '-', 4106, 261726.36, 450881.03, 330.16);
insert into STATION values (2049, '-', 4106, 261721.52, 450865.05, 323.26);
insert into STATION values (2050, '-', 4106, 261727.31, 450856.29, 332.34);
insert into STATION values (2051, '-', 4106, 261717.89, 450855.33, 325.12);
insert into STATION values (2052, '-', 4106, 261732.71, 450853.53, 339.96);
insert into STATION values (2053, '-', 4106, 261731.39, 450869.44, 336.65);
insert into STATION values (2054, '-', 4106, 261727.94, 450869.28, 325.30);
insert into STATION values (2055, '-', 4106, 261739.85, 450871.42, 320.76);
insert into STATION values (2056, '-', 4106, 261726.22, 450885.70, 328.27);
insert into STATION values (2057, '-', 4106, 261726.87, 450852.09, 336.49);
insert into STATION values (2058, '-', 4106, 261757.31, 450907.63, 347.34);
insert into STATION values (2059, '-', 4106, 261762.40, 450913.72, 357.70);
insert into STATION values (2060, '-', 4106, 261758.19, 450907.06, 340.81);
insert into STATION values (2061, '-', 4106, 261756.30, 450908.78, 341.66);
insert into STATION values (2062, '-', 4106, 261762.48, 450904.77, 346.23);
insert into STATION values (2063, '-', 4106, 261748.29, 450923.13, 328.57);
insert into STATION values (2064, '-', 4106, 261743.30, 450923.59, 327.48);
insert into STATION values (2065, '-', 4106, 261743.77, 450923.37, 322.84);
insert into STATION values (2066, '-', 4106, 261737.70, 450924.70, 321.26);
insert into STATION values (2067, '-', 4106, 261740.60, 450911.05, 324.48);
insert into STATION values (2068, '-', 4106, 261769.90, 450989.58, 332.95);
insert into STATION values (2069, '-', 4106, 261765.41, 450988.44, 329.27);
insert into STATION values (2070, '-', 4106, 261766.50, 450989.93, 326.93);
insert into STATION values (2071, '-', 4106, 261775.07, 450991.15, 333.32);
insert into STATION values (2072, '-', 4106, 261488.70, 450799.62, 328.18);
insert into STATION values (2073, '-', 4106, 261487.56, 450819.88, 322.95);
insert into STATION values (2074, '-', 4106, 261491.24, 450798.95, 295.80);
insert into STATION values (2075, '-', 4106, 261498.93, 450801.22, 297.14);
insert into STATION values (2076, '-', 4106, 261487.64, 450822.40, 320.02);
insert into STATION values (2077, '1', 4233, 261285.91, 450759.48, 173.74);
insert into STATION values (2078, '2', 4233, 261298.27, 450777.80, 174.13);
insert into STATION values (2079, '3', 4233, 261316.68, 450788.01, 178.99);
insert into STATION values (2080, '4', 4233, 261314.92, 450794.15, 181.32);
insert into STATION values (2081, '5', 4233, 261322.63, 450794.69, 183.39);
insert into STATION values (2082, '6', 4233, 261323.53, 450802.02, 183.77);
insert into STATION values (2083, '7', 4233, 261322.89, 450811.12, 180.46);
insert into STATION values (2084, '8', 4233, 261330.23, 450817.09, 186.39);
insert into STATION values (2085, '9', 4233, 261337.73, 450826.02, 188.23);
insert into STATION values (2086, '10', 4233, 261332.96, 450833.65, 188.23);
insert into STATION values (2087, '11', 4233, 261329.77, 450840.80, 186.14);
insert into STATION values (2088, '12', 4233, 261333.30, 450852.32, 182.45);
insert into STATION values (2089, '13', 4233, 261348.17, 450866.68, 176.91);
insert into STATION values (2090, '14', 4233, 261338.06, 450877.90, 176.91);
insert into STATION values (2091, '15', 4233, 261342.31, 450888.39, 176.11);
insert into STATION values (2092, '16', 4233, 261347.39, 450908.43, 163.46);
insert into STATION values (2093, '17', 4233, 261346.73, 450922.65, 163.68);
insert into STATION values (2094, '18', 4233, 261332.11, 450933.66, 163.32);
insert into STATION values (2095, '19', 4233, 261327.25, 450934.81, 163.32);
insert into STATION values (2096, '20', 4233, 261321.15, 450939.84, 160.44);
insert into STATION values (2097, '21', 4233, 261331.10, 450950.98, 150.15);
insert into STATION values (2098, '22', 4233, 261341.98, 450964.51, 159.53);
insert into STATION values (2099, '23', 4233, 261345.40, 450983.40, 156.50);
insert into STATION values (2100, '24', 4233, 261360.13, 450985.13, 153.07);
insert into STATION values (2101, '25', 4233, 261366.14, 450999.96, 156.39);
insert into STATION values (2102, '26', 4233, 261370.34, 451009.38, 152.46);
insert into STATION values (2103, '27', 4233, 261359.34, 450973.71, 150.22);
insert into STATION values (2104, '28', 4233, 261366.07, 450969.34, 147.76);
insert into STATION values (2105, '29', 4233, 261376.20, 450975.42, 146.31);
insert into STATION values (2106, '30', 4233, 261382.24, 450999.66, 147.19);
insert into STATION values (2107, '31', 4233, 261385.18, 450997.76, 145.70);
insert into STATION values (2108, '32', 4233, 261393.95, 450987.10, 154.83);
insert into STATION values (2109, '33', 4233, 261412.14, 450986.47, 152.92);
insert into STATION values (2110, '34', 4233, 261426.55, 450993.49, 162.94);
insert into STATION values (2111, '40', 4233, 261316.72, 450945.85, 138.06);
insert into STATION values (2112, '41', 4233, 261305.64, 450945.07, 128.74);
insert into STATION values (2113, '42', 4233, 261303.57, 450948.65, 128.01);
insert into STATION values (2114, '43', 4233, 261294.23, 450969.64, 123.54);
insert into STATION values (2115, '44', 4233, 261277.79, 450955.84, 130.93);
insert into STATION values (2116, '45', 4233, 261277.36, 450965.43, 124.15);
insert into STATION values (2117, '46', 4233, 261264.10, 450982.41, 115.01);
insert into STATION values (2118, '47', 4233, 261263.05, 450997.34, 104.13);
insert into STATION values (2119, '48', 4233, 261258.82, 450994.37, 101.73);
insert into STATION values (2120, '49', 4233, 261254.64, 450987.68, 101.31);
insert into STATION values (2121, '50', 4233, 261298.76, 450976.36, 119.41);
insert into STATION values (2122, '51', 4233, 261303.00, 450974.73, 118.20);
insert into STATION values (2123, '52', 4233, 261304.16, 450974.90, 116.70);
insert into STATION values (2124, '53', 4233, 261305.21, 450973.15, 113.03);
insert into STATION values (2125, '54', 4233, 261311.87, 450967.36, 117.72);
insert into STATION values (2126, '55', 4233, 261322.08, 450962.60, 127.17);
insert into STATION values (2127, '56', 4233, 261332.92, 450956.34, 139.68);
insert into STATION values (2128, '57', 4233, 261333.60, 450953.38, 146.21);
insert into STATION values (2129, '58', 4233, 261331.32, 450954.07, 148.77);
insert into STATION values (2130, '60', 4233, 261372.59, 451012.49, 150.43);
insert into STATION values (2131, '61', 4233, 261372.60, 451012.79, 131.73);
insert into STATION values (2132, '62', 4233, 261381.70, 451024.10, 132.45);
insert into STATION values (2133, '63', 4233, 261380.36, 451046.49, 124.39);
insert into STATION values (2134, '64', 4233, 261386.37, 451058.80, 124.87);
insert into STATION values (2135, '65', 4233, 261386.08, 451053.58, 125.97);
insert into STATION values (2136, '66', 4233, 261388.99, 451054.77, 129.20);
insert into STATION values (2137, '68', 4233, 261406.91, 451016.47, 159.96);
insert into STATION values (2138, '67', 4233, 261412.46, 451012.58, 185.27);
insert into STATION values (2139, '69', 4233, 261399.15, 451029.90, 150.64);
insert into STATION values (2140, '70', 4233, 261398.15, 451035.57, 147.83);
insert into STATION values (2141, '71', 4233, 261398.83, 451045.27, 141.52);
insert into STATION values (2142, '72', 4233, 261404.15, 451061.39, 140.13);
insert into STATION values (2143, '73', 4233, 261414.00, 451063.75, 147.66);
insert into STATION values (2144, '74', 4233, 261416.92, 451062.47, 152.97);
insert into STATION values (2145, '75', 4233, 261415.41, 451066.27, 155.51);
insert into STATION values (2146, '76', 4233, 261425.67, 451081.02, 164.82);
insert into STATION values (2147, '77', 4233, 261429.42, 451085.50, 164.81);
insert into STATION values (2148, '78', 4233, 261429.43, 451089.63, 164.59);
insert into STATION values (2149, '79', 4233, 261440.96, 451102.55, 165.45);
insert into STATION values (2150, '80', 4233, 261442.50, 451104.93, 164.36);
insert into STATION values (2151, '81', 4233, 261449.36, 451094.60, 174.12);
insert into STATION values (2152, '82', 4233, 261457.72, 451087.74, 180.37);
insert into STATION values (2153, '83', 4233, 261449.23, 451070.34, 186.35);
insert into STATION values (2154, '101', 4233, 261450.22, 451081.10, 196.22);
insert into STATION values (2155, '102', 4233, 261443.22, 451087.08, 206.37);
insert into STATION values (2156, '103', 4233, 261437.81, 451058.19, 212.68);
insert into STATION values (2157, '104', 4233, 261439.51, 451051.53, 218.29);
insert into STATION values (2158, '105', 4233, 261424.11, 451038.81, 214.29);
insert into STATION values (2159, '106', 4233, 261409.41, 451032.75, 203.75);
insert into STATION values (2160, '84', 4233, 261466.01, 451085.67, 186.81);
insert into STATION values (2161, '85', 4233, 261442.60, 451110.84, 160.07);
insert into STATION values (2162, '86', 4233, 261452.73, 451115.14, 163.44);
insert into STATION values (2163, '87', 4233, 261452.90, 451124.93, 165.88);
insert into STATION values (2164, '88', 4233, 261457.39, 451134.56, 168.73);
insert into STATION values (2165, '89', 4233, 261462.92, 451141.65, 168.41);
insert into STATION values (2166, '90', 4233, 261467.22, 451141.20, 166.84);
insert into STATION values (2167, '91', 4233, 261471.29, 451147.00, 167.33);
insert into STATION values (2168, '92', 4233, 261469.73, 451158.09, 160.34);
insert into STATION values (2169, '93', 4233, 261467.37, 451130.66, 176.41);
insert into STATION values (2170, '0', 4466, 261409.41, 451032.75, 203.75);
insert into STATION values (2171, '1', 4466, 261408.94, 451015.49, 206.00);
insert into STATION values (2172, '2', 4466, 261410.99, 451013.18, 208.53);
insert into STATION values (2173, '3', 4466, 261407.98, 451008.85, 210.51);
insert into STATION values (2174, '4', 4466, 261413.66, 451006.40, 216.80);
insert into STATION values (2175, '5', 4466, 261415.92, 450998.56, 220.23);
insert into STATION values (2176, '6', 4466, 261414.42, 450985.82, 219.93);
insert into STATION values (2177, '7', 4466, 261405.23, 450977.74, 218.50);
insert into STATION values (2178, '8', 4466, 261408.84, 450971.09, 219.24);
insert into STATION values (2179, '87', 4466, 261404.26, 450990.33, 208.05);
insert into STATION values (2180, '88', 4466, 261397.69, 451005.01, 197.59);
insert into STATION values (2181, '89', 4466, 261398.33, 451013.99, 198.66);
insert into STATION values (2182, '9', 4466, 261399.10, 450948.92, 223.24);
insert into STATION values (2183, '10', 4466, 261400.46, 450943.47, 227.33);
insert into STATION values (2184, '11', 4466, 261404.07, 450930.16, 234.12);
insert into STATION values (2185, '12', 4466, 261398.69, 450917.67, 237.01);
insert into STATION values (2186, '13', 4466, 261386.88, 450890.24, 243.92);
insert into STATION values (2187, '14', 4466, 261408.30, 450874.79, 245.98);
insert into STATION values (2188, '15', 4466, 261430.60, 450869.95, 248.86);
insert into STATION values (2189, '16', 4466, 261425.42, 450861.06, 245.95);
insert into STATION values (2190, '17', 4466, 261420.11, 450848.03, 248.47);
insert into STATION values (2191, '18', 4466, 261419.62, 450831.25, 256.73);
insert into STATION values (2192, '19', 4466, 261420.92, 450825.20, 258.86);
insert into STATION values (2193, '20', 4466, 261414.54, 450814.98, 260.38);
insert into STATION values (2194, '21', 4466, 261430.48, 450803.92, 272.30);
insert into STATION values (2195, '22', 4466, 261438.90, 450805.32, 277.72);
insert into STATION values (2196, '23', 4466, 261446.86, 450810.67, 267.00);
insert into STATION values (2197, '24', 4466, 261462.82, 450806.98, 258.72);
insert into STATION values (2198, '25', 4466, 261474.64, 450806.23, 258.96);
insert into STATION values (2199, '26', 4466, 261482.56, 450806.21, 258.04);
insert into STATION values (2200, '27', 4466, 261504.14, 450813.55, 270.16);
insert into STATION values (2201, '28', 4466, 261507.04, 450815.56, 272.44);
insert into STATION values (2202, '29', 4466, 261501.21, 450822.24, 279.98);
insert into STATION values (2203, '30', 4466, 261496.21, 450819.82, 285.49);
insert into STATION values (2204, '31', 4466, 261439.22, 450871.22, 243.36);
insert into STATION values (2205, '32', 4466, 261454.68, 450868.81, 234.96);
insert into STATION values (2206, '33', 4466, 261469.96, 450871.50, 234.08);
insert into STATION values (2207, '34', 4466, 261429.90, 450879.16, 245.63);
insert into STATION values (2208, '35', 4466, 261442.95, 450908.98, 246.43);
insert into STATION values (2209, '36', 4466, 261443.67, 450917.05, 245.05);
insert into STATION values (2210, '37', 4466, 261450.76, 450933.85, 243.41);
insert into STATION values (2211, '999', 4466, 261444.28, 450958.00, 243.41);
insert into STATION values (2212, '38', 4466, 261439.47, 450929.78, 234.65);
insert into STATION values (2213, '39', 4466, 261388.32, 450885.35, 244.13);
insert into STATION values (2214, '40', 4466, 261383.59, 450882.19, 243.08);
insert into STATION values (2215, '41', 4466, 261382.70, 450875.98, 242.87);
insert into STATION values (2216, '42', 4466, 261368.06, 450869.81, 232.77);
insert into STATION values (2217, '43', 4466, 261366.11, 450877.48, 227.28);
insert into STATION values (2218, '-', 4466, 261414.03, 451006.77, 218.75);
insert into STATION values (2219, '-', 4466, 261413.99, 451005.47, 219.64);
insert into STATION values (2220, '-', 4466, 261413.71, 451006.34, 216.14);
insert into STATION values (2221, '-', 4466, 261413.86, 451006.35, 215.47);
insert into STATION values (2222, '-', 4466, 261416.75, 451008.37, 217.16);
insert into STATION values (2223, '-', 4466, 261414.58, 451007.59, 216.69);
insert into STATION values (2224, '-', 4466, 261412.07, 451004.50, 217.07);
insert into STATION values (2225, '-', 4466, 261408.89, 450971.37, 226.77);
insert into STATION values (2226, '-', 4466, 261408.76, 450971.74, 228.00);
insert into STATION values (2227, '-', 4466, 261409.05, 450970.95, 217.76);
insert into STATION values (2228, '-', 4466, 261408.25, 450971.30, 217.83);
insert into STATION values (2229, '-', 4466, 261414.51, 450969.73, 220.24);
insert into STATION values (2230, '-', 4466, 261409.76, 450970.91, 219.52);
insert into STATION values (2231, '-', 4466, 261407.63, 450971.27, 219.63);
insert into STATION values (2232, '-', 4466, 261403.95, 450972.50, 220.17);
insert into STATION values (2233, '-', 4466, 261414.58, 450814.25, 266.15);
insert into STATION values (2234, '-', 4466, 261415.91, 450814.69, 265.49);
insert into STATION values (2235, '-', 4466, 261414.43, 450814.91, 258.90);
insert into STATION values (2236, '-', 4466, 261417.88, 450814.66, 262.83);
insert into STATION values (2237, '-', 4466, 261422.71, 450815.83, 261.49);
insert into STATION values (2238, '-', 4466, 261407.79, 450809.48, 259.93);
insert into STATION values (2239, '-', 4466, 261408.15, 450804.76, 261.86);
insert into STATION values (2240, '-', 4466, 261439.29, 450805.57, 284.63);
insert into STATION values (2241, '-', 4466, 261442.25, 450801.83, 286.44);
insert into STATION values (2242, '-', 4466, 261438.85, 450805.29, 276.04);
insert into STATION values (2243, '-', 4466, 261437.27, 450814.69, 277.96);
insert into STATION values (2244, '-', 4466, 261439.52, 450804.38, 278.28);
insert into STATION values (2245, '-', 4466, 261482.53, 450809.10, 261.05);
insert into STATION values (2246, '-', 4466, 261482.65, 450806.42, 259.76);
insert into STATION values (2247, '-', 4466, 261483.66, 450803.60, 257.89);
insert into STATION values (2248, '-', 4466, 261483.52, 450803.61, 258.01);
insert into STATION values (2249, '-', 4466, 261504.43, 450813.78, 277.29);
insert into STATION values (2250, '-', 4466, 261504.26, 450813.34, 268.62);
insert into STATION values (2251, '-', 4466, 261504.13, 450813.72, 270.11);
insert into STATION values (2252, '-', 4466, 261501.85, 450815.24, 271.56);
insert into STATION values (2253, '-', 4466, 261506.35, 450810.18, 270.48);
insert into STATION values (2254, '-', 4466, 261454.68, 450868.94, 236.14);
insert into STATION values (2255, '-', 4466, 261454.65, 450868.84, 233.77);
insert into STATION values (2256, '-', 4466, 261454.61, 450870.80, 235.14);
insert into STATION values (2257, '-', 4466, 261480.99, 450873.54, 233.47);
insert into STATION values (2258, '-', 4466, 261455.01, 450867.90, 234.95);
insert into STATION values (2259, '-', 4466, 261442.86, 450909.10, 247.15);
insert into STATION values (2260, '-', 4466, 261442.76, 450909.13, 245.40);
insert into STATION values (2261, '-', 4466, 261440.98, 450909.31, 245.93);
insert into STATION values (2262, '-', 4466, 261456.02, 450938.78, 247.22);
insert into STATION values (2263, '-', 4466, 261445.62, 450906.81, 248.70);
insert into STATION values (2264, '111', 4650, 261551.44, 450916.33, 334.20);
insert into STATION values (2265, '163', 4650, 261546.26, 450894.24, 335.79);
insert into STATION values (2266, '-', 4650, 261552.41, 450892.21, 337.37);
insert into STATION values (2267, '-', 4650, 261545.29, 450893.94, 335.58);
insert into STATION values (2268, '-', 4650, 261548.90, 450893.66, 345.99);
insert into STATION values (2269, '-', 4650, 261546.57, 450893.72, 334.51);
insert into STATION values (2270, '164', 4650, 261553.60, 450898.87, 342.87);
insert into STATION values (2271, '-', 4650, 261555.92, 450904.82, 344.47);
insert into STATION values (2272, '-', 4650, 261551.86, 450890.58, 344.63);
insert into STATION values (2273, '-', 4650, 261553.73, 450898.39, 346.24);
insert into STATION values (2274, '-', 4650, 261553.81, 450898.77, 342.23);
insert into STATION values (2275, '165', 4650, 261567.81, 450906.43, 352.47);
insert into STATION values (2276, '-', 4650, 261564.92, 450908.18, 352.24);
insert into STATION values (2277, '-', 4650, 261578.12, 450902.24, 363.60);
insert into STATION values (2278, '-', 4650, 261568.95, 450907.47, 360.30);
insert into STATION values (2279, '-', 4650, 261567.81, 450906.72, 351.34);
insert into STATION values (2280, '166', 4650, 261571.22, 450923.06, 353.75);
insert into STATION values (2281, '-', 4650, 261568.68, 450924.16, 354.04);
insert into STATION values (2282, '-', 4650, 261576.61, 450920.27, 356.39);
insert into STATION values (2283, '-', 4650, 261570.90, 450923.91, 364.47);
insert into STATION values (2284, '-', 4650, 261570.75, 450921.93, 352.14);
insert into STATION values (2285, '-', 4650, 261565.79, 450927.99, 357.52);
insert into STATION values (2286, '-', 4650, 261550.32, 450942.86, 399.02);
insert into STATION values (2287, '-', 4650, 261559.49, 450936.92, 392.21);
insert into STATION values (2288, '-', 4650, 261565.65, 450935.03, 372.47);
insert into STATION values (2289, '-', 4650, 261571.21, 450930.56, 359.94);
insert into STATION values (2290, '-', 4650, 261573.13, 450927.60, 353.56);
insert into STATION values (2291, '-', 4650, 261565.89, 450928.50, 349.29);
insert into STATION values (2292, '-', 4650, 261576.27, 450925.04, 354.88);
insert into STATION values (2293, '-', 4650, 261575.07, 450923.23, 358.65);
insert into STATION values (2294, '-', 4650, 261572.36, 450922.02, 363.03);
insert into STATION values (2295, '-', 4650, 261573.66, 450919.95, 358.77);
insert into STATION values (2296, '-', 4650, 261572.29, 450915.37, 357.83);
insert into STATION values (2297, '-', 4650, 261571.53, 450916.06, 355.84);
insert into STATION values (2298, '167', 4650, 261563.43, 450933.13, 367.11);
insert into STATION values (2299, '-', 4650, 261561.92, 450928.37, 366.86);
insert into STATION values (2300, '-', 4650, 261564.22, 450933.59, 367.09);
insert into STATION values (2301, '-', 4650, 261565.69, 450930.83, 377.61);
insert into STATION values (2302, '-', 4650, 261563.78, 450933.38, 365.98);
insert into STATION values (2303, '168', 4650, 261557.78, 450932.54, 387.88);
insert into STATION values (2304, '169', 4650, 261556.03, 450939.05, 384.53);
insert into STATION values (2305, '-', 4650, 261554.10, 450935.15, 385.07);
insert into STATION values (2306, '-', 4650, 261556.64, 450941.42, 384.65);
insert into STATION values (2307, '-', 4650, 261553.98, 450936.78, 404.75);
insert into STATION values (2308, '-', 4650, 261555.93, 450938.95, 383.07);
insert into STATION values (2309, '-', 4650, 261551.67, 450936.48, 384.64);
insert into STATION values (2310, '-', 4650, 261548.82, 450938.63, 385.53);
insert into STATION values (2311, '-', 4650, 261549.64, 450941.05, 385.35);
insert into STATION values (2312, '-', 4650, 261553.23, 450942.56, 384.97);
insert into STATION values (2313, '-', 4650, 261550.18, 450943.29, 390.56);
insert into STATION values (2314, '-', 4650, 261546.48, 450938.55, 395.86);
insert into STATION values (2315, '-', 4650, 261541.62, 450943.72, 405.53);
insert into STATION values (2316, '-', 4650, 261552.60, 450937.81, 406.38);
insert into STATION values (2317, '-', 4650, 261544.55, 450931.05, 435.37);
insert into STATION values (2318, '-', 4650, 261535.47, 450937.18, 431.85);
insert into STATION values (2319, '-', 4650, 261547.78, 450941.62, 404.81);
insert into STATION values (2320, '-', 4650, 261554.45, 450939.78, 399.78);
insert into STATION values (2321, '170', 4650, 261546.82, 450936.81, 408.05);
insert into STATION values (2322, '-', 4650, 261550.86, 450934.24, 408.30);
insert into STATION values (2323, '-', 4650, 261542.32, 450940.03, 406.62);
insert into STATION values (2324, '-', 4650, 261545.23, 450938.75, 437.18);
insert into STATION values (2325, '-', 4650, 261551.88, 450942.49, 385.09);
insert into STATION values (2326, '-', 4650, 261548.57, 450941.18, 407.33);
insert into STATION values (2327, '171', 4650, 261545.12, 450934.99, 412.58);
insert into STATION values (2328, '-', 4650, 261552.00, 450934.48, 417.93);
insert into STATION values (2329, '-', 4650, 261540.77, 450943.53, 412.82);
insert into STATION values (2330, '-', 4650, 261545.68, 450937.11, 439.69);
insert into STATION values (2331, '-', 4650, 261546.10, 450943.78, 402.54);
insert into STATION values (2332, '172', 4650, 261545.69, 450926.01, 421.46);
insert into STATION values (2333, '-', 4650, 261565.07, 450924.37, 436.55);
insert into STATION values (2334, '-', 4650, 261536.25, 450931.17, 423.64);
insert into STATION values (2335, '-', 4650, 261547.11, 450927.92, 433.11);
insert into STATION values (2336, '-', 4650, 261545.30, 450942.93, 407.25);
insert into STATION values (2337, '173', 4650, 261540.84, 450921.69, 424.59);
insert into STATION values (2338, '-', 4650, 261549.23, 450923.66, 423.89);
insert into STATION values (2339, '-', 4650, 261557.83, 450926.08, 428.64);
insert into STATION values (2340, '-', 4650, 261562.50, 450926.87, 435.03);
insert into STATION values (2341, '-', 4650, 261543.77, 450922.38, 427.54);
insert into STATION values (2342, '-', 4650, 261544.91, 450923.72, 435.44);
insert into STATION values (2343, '-', 4650, 261539.27, 450920.13, 434.11);
insert into STATION values (2344, '-', 4650, 261535.91, 450917.57, 432.09);
insert into STATION values (2345, '-', 4650, 261528.66, 450920.14, 435.29);
insert into STATION values (2346, '-', 4650, 261536.20, 450923.22, 427.04);
insert into STATION values (2347, '-', 4650, 261537.45, 450922.63, 430.47);
insert into STATION values (2348, '-', 4650, 261536.06, 450925.48, 425.06);
insert into STATION values (2349, '-', 4650, 261538.17, 450930.02, 429.85);
insert into STATION values (2350, '-', 4650, 261538.90, 450924.87, 433.57);
insert into STATION values (2351, '-', 4650, 261543.51, 450924.65, 435.88);
insert into STATION values (2352, '-', 4650, 261549.93, 450920.43, 427.27);
insert into STATION values (2353, '174', 4650, 261557.46, 450926.27, 429.32);
insert into STATION values (2354, '-', 4650, 261559.23, 450932.76, 428.86);
insert into STATION values (2355, '-', 4650, 261538.45, 450914.39, 429.03);
insert into STATION values (2356, '-', 4650, 261558.11, 450925.74, 436.26);
insert into STATION values (2357, '-', 4650, 261561.17, 450930.33, 426.43);
insert into STATION values (2358, '175', 4650, 261562.96, 450921.47, 430.75);
insert into STATION values (2359, '-', 4650, 261568.26, 450924.21, 430.35);
insert into STATION values (2360, '-', 4650, 261556.53, 450918.63, 431.67);
insert into STATION values (2361, '-', 4650, 261562.74, 450920.67, 437.71);
insert into STATION values (2362, '-', 4650, 261563.75, 450918.65, 428.57);
insert into STATION values (2363, '176', 4650, 261570.56, 450907.73, 429.17);
insert into STATION values (2364, '-', 4650, 261576.25, 450912.32, 427.41);
insert into STATION values (2365, '-', 4650, 261566.41, 450901.66, 429.86);
insert into STATION values (2366, '-', 4650, 261571.81, 450906.17, 438.58);
insert into STATION values (2367, '-', 4650, 261572.78, 450907.23, 426.17);
insert into STATION values (2368, '177', 4650, 261591.78, 450901.44, 430.57);
insert into STATION values (2369, '-', 4650, 261592.38, 450903.20, 430.58);
insert into STATION values (2370, '-', 4650, 261590.57, 450898.93, 432.82);
insert into STATION values (2371, '-', 4650, 261592.84, 450900.05, 440.33);
insert into STATION values (2372, '-', 4650, 261592.49, 450901.08, 429.30);
insert into STATION values (2373, '178', 4650, 261600.39, 450896.95, 433.55);
insert into STATION values (2374, '-', 4650, 261600.96, 450896.62, 433.71);
insert into STATION values (2375, '-', 4650, 261595.31, 450894.97, 435.88);
insert into STATION values (2376, '-', 4650, 261596.90, 450893.31, 442.75);
insert into STATION values (2377, '-', 4650, 261600.29, 450896.47, 432.59);
insert into STATION values (2378, '179', 4650, 261604.10, 450866.44, 434.20);
insert into STATION values (2379, '-', 4650, 261605.86, 450879.37, 437.39);
insert into STATION values (2380, '-', 4650, 261604.32, 450863.80, 436.02);
insert into STATION values (2381, '-', 4650, 261603.76, 450866.53, 439.57);
insert into STATION values (2382, '-', 4650, 261605.54, 450867.82, 432.06);
insert into STATION values (2383, '180', 4650, 261625.64, 450885.57, 437.04);
insert into STATION values (2384, '-', 4650, 261626.98, 450890.66, 442.33);
insert into STATION values (2385, '-', 4650, 261625.22, 450881.37, 437.88);
insert into STATION values (2386, '-', 4650, 261626.38, 450886.96, 447.54);
insert into STATION values (2387, '-', 4650, 261625.30, 450885.67, 435.29);
insert into STATION values (2388, '-', 4650, 261628.65, 450882.90, 437.13);
insert into STATION values (2389, '181', 4650, 261635.94, 450880.04, 435.51);
insert into STATION values (2390, '-', 4650, 261636.15, 450880.07, 435.54);
insert into STATION values (2391, '-', 4650, 261629.99, 450878.04, 440.83);
insert into STATION values (2392, '-', 4650, 261631.36, 450876.87, 446.45);
insert into STATION values (2393, '-', 4650, 261635.53, 450879.58, 434.20);
insert into STATION values (2394, '182', 4650, 261638.11, 450867.80, 435.32);
insert into STATION values (2395, '-', 4650, 261639.33, 450867.70, 435.69);
insert into STATION values (2396, '-', 4650, 261636.48, 450867.38, 435.73);
insert into STATION values (2397, '-', 4650, 261632.02, 450860.33, 445.69);
insert into STATION values (2398, '-', 4650, 261636.71, 450866.21, 433.24);
insert into STATION values (2399, '183', 4650, 261638.13, 450858.30, 433.68);
insert into STATION values (2400, '-', 4650, 261641.76, 450864.40, 434.18);
insert into STATION values (2401, '-', 4650, 261636.76, 450855.17, 435.59);
insert into STATION values (2402, '-', 4650, 261637.31, 450858.39, 441.55);
insert into STATION values (2403, '-', 4650, 261640.17, 450860.59, 430.80);
insert into STATION values (2404, '184', 4650, 261648.15, 450865.70, 435.99);
insert into STATION values (2405, '-', 4650, 261645.29, 450869.74, 437.38);
insert into STATION values (2406, '-', 4650, 261653.16, 450863.93, 438.81);
insert into STATION values (2407, '-', 4650, 261647.43, 450866.25, 440.98);
insert into STATION values (2408, '-', 4650, 261648.81, 450866.79, 434.82);
insert into STATION values (2409, '-', 4650, 261646.73, 450849.75, 439.79);
insert into STATION values (2410, '185', 4650, 261665.23, 450879.28, 436.44);
insert into STATION values (2411, '-', 4650, 261659.70, 450886.14, 436.78);
insert into STATION values (2412, '-', 4650, 261668.54, 450875.16, 438.29);
insert into STATION values (2413, '-', 4650, 261666.02, 450880.03, 440.83);
insert into STATION values (2414, '-', 4650, 261669.03, 450883.15, 431.70);
insert into STATION values (2415, '-', 4650, 261693.10, 450883.24, 440.47);
insert into STATION values (2416, '-', 4650, 261687.71, 450871.52, 444.87);
insert into STATION values (2417, '-', 4650, 261677.41, 450875.66, 447.47);
insert into STATION values (2418, '-', 4650, 261676.53, 450881.75, 446.50);
insert into STATION values (2419, '-', 4650, 261675.54, 450886.19, 443.86);
insert into STATION values (2420, '-', 4650, 261666.93, 450874.92, 439.59);
insert into STATION values (2421, '-', 4650, 261673.79, 450887.11, 440.62);
insert into STATION values (2422, '-', 4650, 261671.21, 450884.89, 433.92);
insert into STATION values (2423, '-', 4650, 261671.35, 450889.97, 432.54);
insert into STATION values (2424, '-', 4650, 261666.34, 450894.67, 431.66);
insert into STATION values (2425, '-', 4650, 261662.27, 450891.02, 435.64);
insert into STATION values (2426, '-', 4650, 261662.14, 450882.67, 441.02);
insert into STATION values (2427, '-', 4650, 261659.12, 450883.64, 438.15);
insert into STATION values (2428, '186', 4650, 261669.50, 450900.71, 437.21);
insert into STATION values (2429, '-', 4650, 261667.32, 450902.57, 438.08);
insert into STATION values (2430, '-', 4650, 261676.75, 450897.37, 439.52);
insert into STATION values (2431, '-', 4650, 261671.27, 450900.78, 442.45);
insert into STATION values (2432, '-', 4650, 261673.25, 450903.78, 434.98);
insert into STATION values (2433, '187', 4650, 261683.60, 450904.60, 439.58);
insert into STATION values (2434, '-', 4650, 261674.54, 450911.30, 439.45);
insert into STATION values (2435, '-', 4650, 261684.18, 450904.39, 439.29);
insert into STATION values (2436, '-', 4650, 261681.41, 450907.44, 445.90);
insert into STATION values (2437, '-', 4650, 261683.18, 450905.43, 438.24);
insert into STATION values (2438, '188', 4650, 261676.16, 450926.60, 437.65);
insert into STATION values (2439, '189', 4650, 261682.97, 450929.76, 439.91);
insert into STATION values (2440, '-', 4650, 261679.05, 450931.95, 438.84);
insert into STATION values (2441, '-', 4650, 261691.21, 450930.91, 441.28);
insert into STATION values (2442, '-', 4650, 261684.45, 450930.82, 444.18);
insert into STATION values (2443, '-', 4650, 261680.50, 450934.60, 434.30);
insert into STATION values (2444, '190', 4650, 261690.74, 450948.71, 435.31);
insert into STATION values (2445, '-', 4650, 261690.23, 450949.32, 435.17);
insert into STATION values (2446, '-', 4650, 261697.08, 450945.20, 436.69);
insert into STATION values (2447, '-', 4650, 261693.06, 450948.30, 443.64);
insert into STATION values (2448, '-', 4650, 261692.95, 450949.07, 432.76);
insert into STATION values (2449, '191', 4650, 261698.26, 450951.95, 436.73);
insert into STATION values (2450, '-', 4650, 261691.04, 450953.59, 440.03);
insert into STATION values (2451, '-', 4650, 261699.49, 450949.90, 437.35);
insert into STATION values (2452, '-', 4650, 261695.80, 450951.37, 444.93);
insert into STATION values (2453, '-', 4650, 261696.86, 450949.97, 432.83);
insert into STATION values (2454, '192', 4650, 261701.76, 450970.41, 438.36);
insert into STATION values (2455, '-', 4650, 261696.39, 450974.25, 437.96);
insert into STATION values (2456, '-', 4650, 261703.26, 450969.54, 438.84);
insert into STATION values (2457, '-', 4650, 261704.98, 450972.51, 448.58);
insert into STATION values (2458, '-', 4650, 261702.60, 450970.27, 437.09);
insert into STATION values (2459, '193', 4650, 261704.26, 450976.15, 438.86);
insert into STATION values (2460, '-', 4650, 261697.35, 450976.97, 438.49);
insert into STATION values (2461, '-', 4650, 261710.13, 450975.17, 443.67);
insert into STATION values (2462, '-', 4650, 261705.10, 450976.65, 446.80);
insert into STATION values (2463, '-', 4650, 261704.37, 450976.50, 437.62);
insert into STATION values (2464, '194', 4650, 261712.89, 450972.40, 441.67);
insert into STATION values (2465, '195', 4650, 261711.18, 450991.18, 437.82);
insert into STATION values (2466, '-', 4650, 261707.22, 450994.10, 439.75);
insert into STATION values (2467, '-', 4650, 261715.00, 450987.07, 439.02);
insert into STATION values (2468, '-', 4650, 261715.22, 450992.18, 450.30);
insert into STATION values (2469, '-', 4650, 261714.09, 450993.22, 434.97);
insert into STATION values (2470, '-', 4650, 261717.47, 451013.81, 438.58);
insert into STATION values (2471, '-', 4650, 261713.21, 450998.54, 438.05);
insert into STATION values (2472, '196', 4650, 261713.47, 450999.44, 438.06);
insert into STATION values (2473, '-', 4650, 261710.04, 450998.94, 439.71);
insert into STATION values (2474, '-', 4650, 261729.27, 451005.43, 440.28);
insert into STATION values (2475, '-', 4650, 261720.52, 451004.15, 449.68);
insert into STATION values (2476, '-', 4650, 261713.62, 451001.13, 436.66);
insert into STATION values (2477, '-', 4650, 261727.56, 451007.84, 441.47);
insert into STATION values (2478, '-', 4650, 261715.22, 451000.55, 437.46);
insert into STATION values (2479, '-', 4650, 261730.58, 451004.27, 433.61);
insert into STATION values (2480, '-', 4650, 261728.59, 451005.31, 451.90);
insert into STATION values (2481, '197', 4650, 261714.54, 451014.69, 439.89);
insert into STATION values (2482, '-', 4650, 261706.26, 451012.78, 440.39);
insert into STATION values (2483, '-', 4650, 261724.29, 451022.54, 442.22);
insert into STATION values (2484, '-', 4650, 261715.45, 451015.05, 446.89);
insert into STATION values (2485, '-', 4650, 261714.43, 451014.95, 439.21);
insert into STATION values (2486, '198', 4650, 261732.88, 451026.72, 451.17);
insert into STATION values (2487, '-', 4650, 261700.40, 451024.48, 432.37);
insert into STATION values (2488, '-', 4650, 261690.16, 451028.51, 434.39);
insert into STATION values (2489, '-', 4650, 261693.52, 451024.30, 440.50);
insert into STATION values (2490, '-', 4650, 261697.79, 451022.96, 444.35);
insert into STATION values (2491, '-', 4650, 261702.91, 451025.03, 444.94);
insert into STATION values (2492, '-', 4650, 261710.20, 451026.30, 443.09);
insert into STATION values (2493, '-', 4650, 261713.33, 451034.08, 439.44);
insert into STATION values (2494, '-', 4650, 261727.17, 451040.17, 441.69);
insert into STATION values (2495, '-', 4650, 261723.13, 451015.63, 443.41);
insert into STATION values (2496, '-', 4650, 261722.68, 451037.34, 437.92);
insert into STATION values (2497, '199', 4650, 261720.63, 451031.62, 438.42);
insert into STATION values (2498, '-', 4650, 261708.71, 451036.21, 436.61);
insert into STATION values (2499, '-', 4650, 261724.44, 451029.94, 440.11);
insert into STATION values (2500, '-', 4650, 261720.27, 451031.65, 441.96);
insert into STATION values (2501, '-', 4650, 261720.36, 451031.88, 437.63);
insert into STATION values (2502, '-', 4650, 261694.69, 451021.43, 433.54);
insert into STATION values (2503, '200', 4650, 261700.50, 451022.03, 432.93);
insert into STATION values (2504, '201', 4650, 261731.33, 451053.25, 440.60);
insert into STATION values (2505, '-', 4650, 261718.11, 451061.49, 436.77);
insert into STATION values (2506, '-', 4650, 261732.83, 451052.53, 441.66);
insert into STATION values (2507, '-', 4650, 261731.81, 451053.53, 442.91);
insert into STATION values (2508, '-', 4650, 261731.47, 451053.29, 439.92);
insert into STATION values (2509, '202', 4650, 261734.87, 451068.76, 438.97);
insert into STATION values (2510, '-', 4650, 261723.35, 451070.51, 436.28);
insert into STATION values (2511, '-', 4650, 261737.27, 451068.22, 441.20);
insert into STATION values (2512, '-', 4650, 261734.88, 451069.24, 440.84);
insert into STATION values (2513, '-', 4650, 261729.01, 451070.90, 433.22);
insert into STATION values (2514, '203', 4650, 261730.36, 451088.77, 437.45);
insert into STATION values (2515, '-', 4650, 261718.22, 451086.93, 437.19);
insert into STATION values (2516, '-', 4650, 261743.69, 451087.37, 439.80);
insert into STATION values (2517, '-', 4650, 261730.02, 451089.26, 441.18);
insert into STATION values (2518, '-', 4650, 261730.22, 451088.74, 437.06);
insert into STATION values (2519, '204', 4650, 261730.08, 451113.06, 435.05);
insert into STATION values (2520, '-', 4650, 261722.52, 451114.55, 437.85);
insert into STATION values (2521, '-', 4650, 261742.41, 451111.20, 438.59);
insert into STATION values (2522, '-', 4650, 261730.05, 451114.79, 441.70);
insert into STATION values (2523, '-', 4650, 261730.23, 451113.45, 433.91);
insert into STATION values (2524, '205', 4650, 261745.75, 451095.56, 439.45);
insert into STATION values (2525, '206', 4650, 261732.66, 451127.40, 436.67);
insert into STATION values (2526, '-', 4650, 261728.05, 451139.73, 439.57);
insert into STATION values (2527, '-', 4650, 261744.96, 451120.97, 440.19);
insert into STATION values (2528, '-', 4650, 261732.80, 451127.32, 444.76);
insert into STATION values (2529, '-', 4650, 261733.59, 451127.88, 435.17);
insert into STATION values (2530, '207', 4650, 261729.15, 451125.10, 436.10);
insert into STATION values (2531, '-', 4650, 261741.66, 451111.05, 439.07);
insert into STATION values (2532, '-', 4650, 261722.16, 451139.55, 438.89);
insert into STATION values (2533, '-', 4650, 261726.08, 451125.48, 445.20);
insert into STATION values (2534, '-', 4650, 261728.69, 451124.88, 434.71);
insert into STATION values (2535, '208', 4650, 261718.90, 451129.88, 435.77);
insert into STATION values (2536, '-', 4650, 261715.14, 451125.41, 436.47);
insert into STATION values (2537, '-', 4650, 261719.93, 451136.42, 436.19);
insert into STATION values (2538, '-', 4650, 261716.73, 451130.92, 446.46);
insert into STATION values (2539, '-', 4650, 261717.92, 451128.97, 433.39);
insert into STATION values (2540, '209', 4650, 261690.52, 451156.77, 413.40);
insert into STATION values (2541, '210', 4650, 261709.69, 451146.55, 451.19);
insert into STATION values (2542, '211', 4650, 261736.62, 451134.59, 436.08);
insert into STATION values (2543, '-', 4650, 261734.09, 451137.44, 436.27);
insert into STATION values (2544, '-', 4650, 261753.51, 451125.84, 439.37);
insert into STATION values (2545, '-', 4650, 261737.67, 451135.62, 445.48);
insert into STATION values (2546, '-', 4650, 261737.15, 451134.39, 434.89);
insert into STATION values (2547, '212', 4650, 261737.77, 451143.95, 434.52);
insert into STATION values (2548, '-', 4650, 261734.70, 451148.15, 433.11);
insert into STATION values (2549, '-', 4650, 261747.00, 451136.98, 434.97);
insert into STATION values (2550, '-', 4650, 261740.08, 451144.20, 442.81);
insert into STATION values (2551, '-', 4650, 261737.33, 451144.68, 433.11);
insert into STATION values (2552, '213', 4650, 261727.88, 451148.45, 431.65);
insert into STATION values (2553, '214', 4650, 261749.76, 451163.07, 436.70);
insert into STATION values (2554, '-', 4650, 261738.58, 451171.28, 438.80);
insert into STATION values (2555, '-', 4650, 261763.25, 451159.37, 438.42);
insert into STATION values (2556, '-', 4650, 261749.78, 451161.72, 443.88);
insert into STATION values (2557, '-', 4650, 261749.41, 451162.75, 435.73);
insert into STATION values (2558, '-', 4650, 261749.43, 451155.37, 425.45);
insert into STATION values (2559, '215', 4650, 261730.96, 451170.58, 448.54);
insert into STATION values (2560, '216', 4650, 261779.17, 451148.05, 441.75);
insert into STATION values (2561, '217', 4650, 261758.01, 451173.52, 440.00);
insert into STATION values (2562, '-', 4650, 261744.39, 451173.17, 440.37);
insert into STATION values (2563, '-', 4650, 261765.52, 451164.50, 437.74);
insert into STATION values (2564, '-', 4650, 261757.92, 451172.75, 442.31);
insert into STATION values (2565, '-', 4650, 261758.15, 451173.31, 439.08);
insert into STATION values (2566, '-', 4650, 261746.51, 451179.89, 442.92);
insert into STATION values (2567, '-', 4650, 261758.18, 451176.67, 438.24);
insert into STATION values (2568, '-', 4650, 261752.23, 451188.23, 446.44);
insert into STATION values (2569, '-', 4650, 261763.25, 451188.65, 448.71);
insert into STATION values (2570, '-', 4650, 261781.92, 451193.37, 444.57);
insert into STATION values (2571, '-', 4650, 261776.99, 451168.12, 442.17);
insert into STATION values (2572, '-', 4650, 261782.22, 451173.59, 444.88);
insert into STATION values (2573, '-', 4650, 261772.29, 451180.61, 449.37);
insert into STATION values (2574, '-', 4650, 261766.42, 451177.31, 437.57);
insert into STATION values (2575, '-', 4650, 261756.99, 451201.94, 450.34);
insert into STATION values (2576, '-', 4650, 261756.16, 451204.57, 446.15);
insert into STATION values (2577, '-', 4650, 261763.95, 451194.85, 445.44);
insert into STATION values (2578, '-', 4650, 261765.68, 451188.95, 447.03);
insert into STATION values (2579, '218', 4650, 261762.39, 451189.91, 444.12);
insert into STATION values (2580, '219', 4650, 261791.82, 451185.30, 449.26);
insert into STATION values (2581, '-', 4650, 261789.37, 451195.92, 450.09);
insert into STATION values (2582, '-', 4650, 261792.57, 451178.62, 450.67);
insert into STATION values (2583, '-', 4650, 261794.69, 451187.95, 473.08);
insert into STATION values (2584, '-', 4650, 261792.43, 451185.96, 447.90);
insert into STATION values (2585, '-', 4650, 261790.04, 451176.46, 449.33);
insert into STATION values (2586, '-', 4650, 261787.31, 451180.69, 452.98);
insert into STATION values (2587, '-', 4650, 261788.13, 451184.98, 454.98);
insert into STATION values (2588, '-', 4650, 261783.87, 451189.79, 463.10);
insert into STATION values (2589, '-', 4650, 261790.16, 451187.02, 457.87);
insert into STATION values (2590, '-', 4650, 261791.54, 451189.60, 455.00);
insert into STATION values (2591, '-', 4650, 261794.97, 451194.73, 452.53);
insert into STATION values (2592, '-', 4650, 261801.34, 451193.19, 448.02);
insert into STATION values (2593, '-', 4650, 261774.78, 451191.12, 439.33);
insert into STATION values (2594, '-', 4650, 261771.58, 451186.08, 440.32);
insert into STATION values (2595, '-', 4650, 261760.62, 451176.41, 437.84);
insert into STATION values (2596, '-', 4650, 261758.19, 451165.17, 435.91);
insert into STATION values (2597, '-', 4650, 261780.95, 451172.55, 445.01);
insert into STATION values (2598, '-', 4650, 261785.79, 451173.99, 446.63);
insert into STATION values (2599, '-', 4650, 261802.98, 451190.04, 449.15);
insert into STATION values (2600, '-', 4650, 261792.95, 451186.88, 475.17);
insert into STATION values (2601, '-', 4650, 261798.83, 451194.97, 459.82);
insert into STATION values (2602, '-', 4650, 261807.88, 451192.89, 455.20);
insert into STATION values (2603, '-', 4650, 261803.48, 451177.60, 458.99);
insert into STATION values (2604, '-', 4650, 261795.32, 451178.34, 453.63);
insert into STATION values (2605, '-', 4650, 261795.38, 451183.50, 472.02);
insert into STATION values (2606, '220', 4650, 261804.52, 451195.68, 453.81);
insert into STATION values (2607, '-', 4650, 261804.35, 451196.05, 454.02);
insert into STATION values (2608, '-', 4650, 261808.43, 451194.39, 454.83);
insert into STATION values (2609, '-', 4650, 261805.48, 451196.41, 455.68);
insert into STATION values (2610, '-', 4650, 261804.76, 451196.16, 452.34);
insert into STATION values (2611, '-', 4650, 261806.35, 451210.39, 451.18);
insert into STATION values (2612, '-', 4650, 261809.77, 451203.94, 453.09);
insert into STATION values (2613, '-', 4650, 261809.06, 451197.31, 454.49);
insert into STATION values (2614, '-', 4650, 261808.41, 451190.89, 455.92);
insert into STATION values (2615, '-', 4650, 261810.06, 451183.57, 463.81);
insert into STATION values (2616, '-', 4650, 261803.13, 451179.35, 462.83);
insert into STATION values (2617, '-', 4650, 261796.22, 451180.51, 456.57);
insert into STATION values (2618, '-', 4650, 261786.97, 451177.91, 450.49);
insert into STATION values (2619, '-', 4650, 261773.43, 451174.66, 447.65);
insert into STATION values (2620, '-', 4650, 261808.77, 451190.96, 454.77);
insert into STATION values (2621, '-', 4650, 261813.42, 451187.87, 462.42);
insert into STATION values (2622, '221', 4650, 261790.37, 451190.55, 449.72);
insert into STATION values (2623, '222', 4650, 261791.55, 451197.87, 445.92);
insert into STATION values (2624, '-', 4650, 261791.54, 451198.47, 445.84);
insert into STATION values (2625, '-', 4650, 261792.20, 451197.20, 446.02);
insert into STATION values (2626, '-', 4650, 261791.79, 451197.83, 446.74);
insert into STATION values (2627, '-', 4650, 261792.51, 451198.29, 443.96);
insert into STATION values (2628, '-', 4650, 261796.63, 451197.91, 445.54);
insert into STATION values (2629, '-', 4650, 261798.99, 451199.79, 443.18);
insert into STATION values (2630, '223', 4650, 261803.86, 451208.66, 438.89);
insert into STATION values (2631, '-', 4650, 261794.50, 451216.23, 440.84);
insert into STATION values (2632, '-', 4650, 261804.32, 451208.53, 438.86);
insert into STATION values (2633, '-', 4650, 261803.74, 451209.89, 449.63);
insert into STATION values (2634, '-', 4650, 261804.10, 451208.80, 437.63);
insert into STATION values (2635, '224', 4650, 261809.99, 451216.73, 437.94);
insert into STATION values (2636, '225', 4650, 261831.33, 451222.95, 452.03);
insert into STATION values (2637, '226', 4650, 261798.38, 451231.24, 435.69);
insert into STATION values (2638, '-', 4650, 261791.93, 451225.15, 436.12);
insert into STATION values (2639, '-', 4650, 261805.48, 451231.59, 437.87);
insert into STATION values (2640, '-', 4650, 261798.17, 451229.78, 442.44);
insert into STATION values (2641, '-', 4650, 261798.30, 451231.18, 434.37);
insert into STATION values (2642, '-', 4650, 261803.56, 451237.88, 437.98);
insert into STATION values (2643, '227', 4650, 261787.72, 451244.83, 431.61);
insert into STATION values (2644, '-', 4650, 261777.54, 451236.96, 432.57);
insert into STATION values (2645, '-', 4650, 261794.08, 451248.04, 433.29);
insert into STATION values (2646, '-', 4650, 261787.30, 451241.57, 439.77);
insert into STATION values (2647, '-', 4650, 261788.33, 451245.03, 430.83);
insert into STATION values (2648, '228', 4650, 261776.46, 451236.46, 435.40);
insert into STATION values (2649, '229', 4650, 261780.01, 451264.53, 432.15);
insert into STATION values (2650, '-', 4650, 261773.11, 451263.64, 438.48);
insert into STATION values (2651, '-', 4650, 261787.74, 451267.47, 438.13);
insert into STATION values (2652, '-', 4650, 261779.45, 451265.16, 441.62);
insert into STATION values (2653, '-', 4650, 261780.20, 451264.96, 430.43);
insert into STATION values (2654, '230', 4650, 261776.38, 451280.61, 430.52);
insert into STATION values (2655, '-', 4650, 261772.20, 451281.91, 431.70);
insert into STATION values (2656, '-', 4650, 261787.56, 451279.32, 430.43);
insert into STATION values (2657, '-', 4650, 261777.19, 451282.51, 444.86);
insert into STATION values (2658, '-', 4650, 261776.86, 451282.19, 428.34);
insert into STATION values (2659, '-', 4650, 261772.97, 451285.54, 433.07);
insert into STATION values (2660, '-', 4650, 261772.94, 451286.32, 440.74);
insert into STATION values (2661, '-', 4650, 261779.00, 451286.50, 443.63);
insert into STATION values (2662, '-', 4650, 261785.40, 451280.80, 439.20);
insert into STATION values (2663, '-', 4650, 261789.02, 451274.65, 433.09);
insert into STATION values (2664, '-', 4650, 261783.00, 451269.64, 431.00);
insert into STATION values (2665, '-', 4650, 261786.15, 451282.72, 431.83);
insert into STATION values (2666, '-', 4650, 261785.70, 451288.61, 428.47);
insert into STATION values (2667, '-', 4650, 261787.08, 451290.32, 424.53);
insert into STATION values (2668, '-', 4650, 261777.05, 451292.79, 429.94);
insert into STATION values (2669, '-', 4650, 261780.00, 451292.26, 432.87);
insert into STATION values (2670, '-', 4650, 261801.63, 451312.37, 442.57);
insert into STATION values (2671, '-', 4650, 261810.07, 451301.13, 445.66);
insert into STATION values (2672, '-', 4650, 261805.20, 451293.23, 446.08);
insert into STATION values (2673, '-', 4650, 261773.94, 451296.45, 443.75);
insert into STATION values (2674, '-', 4650, 261770.65, 451297.87, 441.82);
insert into STATION values (2675, '-', 4650, 261775.54, 451290.84, 433.11);
insert into STATION values (2676, '231', 4650, 261780.94, 451284.02, 427.80);
insert into STATION values (2677, '-', 4650, 261778.81, 451290.71, 429.53);
insert into STATION values (2678, '-', 4650, 261787.05, 451274.20, 431.37);
insert into STATION values (2679, '-', 4650, 261781.98, 451283.58, 441.85);
insert into STATION values (2680, '-', 4650, 261794.79, 451286.65, 417.50);
insert into STATION values (2681, '-', 4650, 261784.81, 451286.40, 432.33);
insert into STATION values (2682, '232', 4650, 261795.69, 451289.50, 415.63);
insert into STATION values (2683, '-', 4650, 261795.74, 451292.18, 415.25);
insert into STATION values (2684, '-', 4650, 261795.57, 451285.77, 419.37);
insert into STATION values (2685, '-', 4650, 261794.91, 451290.34, 418.81);
insert into STATION values (2686, '-', 4650, 261795.44, 451290.80, 413.54);
insert into STATION values (2687, '233', 4650, 261805.68, 451291.87, 423.96);
insert into STATION values (2688, '-', 4650, 261803.20, 451293.25, 424.66);
insert into STATION values (2689, '-', 4650, 261814.12, 451288.90, 427.81);
insert into STATION values (2690, '-', 4650, 261805.98, 451294.42, 444.35);
insert into STATION values (2691, '-', 4650, 261806.21, 451291.46, 423.11);
insert into STATION values (2692, '234', 4650, 261808.98, 451294.94, 425.70);
insert into STATION values (2693, '-', 4650, 261809.58, 451298.65, 426.63);
insert into STATION values (2694, '-', 4650, 261811.81, 451288.49, 426.85);
insert into STATION values (2695, '-', 4650, 261812.70, 451294.33, 443.10);
insert into STATION values (2696, '-', 4650, 261809.94, 451294.43, 424.82);
insert into STATION values (2697, '-', 4650, 261830.96, 451305.18, 454.73);
insert into STATION values (2698, '-', 4650, 261820.40, 451306.33, 426.48);
insert into STATION values (2699, '-', 4650, 261826.05, 451300.89, 425.61);
insert into STATION values (2700, '235', 4650, 261803.37, 451303.24, 432.21);
insert into STATION values (2701, '-', 4650, 261800.30, 451287.62, 436.38);
insert into STATION values (2702, '-', 4650, 261804.63, 451303.32, 432.54);
insert into STATION values (2703, '-', 4650, 261801.73, 451304.01, 441.93);
insert into STATION values (2704, '-', 4650, 261803.06, 451303.29, 431.24);
insert into STATION values (2705, '236', 4650, 261800.52, 451304.05, 433.66);
insert into STATION values (2706, '-', 4650, 261793.36, 451308.14, 436.34);
insert into STATION values (2707, '-', 4650, 261805.67, 451303.72, 434.28);
insert into STATION values (2708, '-', 4650, 261800.75, 451305.11, 442.61);
insert into STATION values (2709, '-', 4650, 261802.28, 451305.10, 431.87);
insert into STATION values (2710, '237', 4650, 261797.63, 451321.49, 436.04);
insert into STATION values (2711, '-', 4650, 261791.78, 451320.53, 438.23);
insert into STATION values (2712, '-', 4650, 261804.88, 451323.87, 435.89);
insert into STATION values (2713, '-', 4650, 261796.77, 451323.06, 450.55);
insert into STATION values (2714, '-', 4650, 261796.45, 451323.38, 433.95);
insert into STATION values (2715, '238', 4650, 261796.44, 451353.33, 436.38);
insert into STATION values (2716, '-', 4650, 261794.18, 451354.21, 437.62);
insert into STATION values (2717, '-', 4650, 261807.18, 451352.03, 434.02);
insert into STATION values (2718, '-', 4650, 261798.72, 451353.80, 441.91);
insert into STATION values (2719, '-', 4650, 261805.07, 451351.13, 429.50);
insert into STATION values (2720, '239', 4650, 261805.81, 451373.22, 438.36);
insert into STATION values (2721, '-', 4650, 261798.94, 451371.39, 438.51);
insert into STATION values (2722, '-', 4650, 261812.94, 451375.48, 438.41);
insert into STATION values (2723, '-', 4650, 261806.95, 451372.22, 443.78);
insert into STATION values (2724, '-', 4650, 261806.17, 451373.13, 437.27);
insert into STATION values (2725, '-', 4650, 261817.85, 451368.66, 437.89);
insert into STATION values (2726, '-', 4650, 261811.99, 451370.58, 429.37);
insert into STATION values (2727, '240', 4650, 261796.32, 451392.10, 440.38);
insert into STATION values (2728, '-', 4650, 261787.74, 451389.06, 442.98);
insert into STATION values (2729, '-', 4650, 261804.45, 451402.63, 443.77);
insert into STATION values (2730, '-', 4650, 261794.88, 451393.67, 450.09);
insert into STATION values (2731, '-', 4650, 261796.16, 451392.96, 439.37);
insert into STATION values (2732, '241', 4650, 261789.36, 451400.28, 441.99);
insert into STATION values (2733, '-', 4650, 261781.77, 451397.92, 445.31);
insert into STATION values (2734, '-', 4650, 261803.21, 451405.22, 443.48);
insert into STATION values (2735, '-', 4650, 261789.93, 451402.30, 453.98);
insert into STATION values (2736, '-', 4650, 261790.59, 451400.94, 440.51);
insert into STATION values (2737, '242', 4650, 261784.92, 451407.29, 440.74);
insert into STATION values (2738, '-', 4650, 261782.78, 451397.13, 444.33);
insert into STATION values (2739, '-', 4650, 261777.68, 451400.09, 444.41);
insert into STATION values (2740, '-', 4650, 261765.05, 451401.58, 444.20);
insert into STATION values (2741, '-', 4650, 261738.07, 451409.24, 448.11);
insert into STATION values (2742, '-', 4650, 261743.59, 451423.58, 448.61);
insert into STATION values (2743, '-', 4650, 261770.65, 451420.87, 444.72);
insert into STATION values (2744, '-', 4650, 261782.86, 451428.70, 443.83);
insert into STATION values (2745, '-', 4650, 261804.58, 451430.28, 445.34);
insert into STATION values (2746, '-', 4650, 261808.53, 451414.50, 444.19);
insert into STATION values (2747, '-', 4650, 261796.57, 451412.96, 453.85);
insert into STATION values (2748, '-', 4650, 261784.60, 451413.23, 457.20);
insert into STATION values (2749, '-', 4650, 261774.95, 451412.27, 453.65);
insert into STATION values (2750, '-', 4650, 261781.49, 451413.17, 437.14);
insert into STATION values (2751, '-', 4650, 261791.19, 451420.66, 435.29);
insert into STATION values (2752, '-', 4650, 261774.60, 451408.71, 438.27);
insert into STATION values (2753, '-', 4650, 261784.08, 451403.98, 440.36);
insert into STATION values (2754, '-', 4650, 261787.24, 451405.59, 440.12);
insert into STATION values (2755, '243', 4650, 261752.76, 451409.51, 442.03);
insert into STATION values (2756, '-', 4650, 261753.32, 451404.70, 442.90);
insert into STATION values (2757, '-', 4650, 261756.49, 451429.11, 450.55);
insert into STATION values (2758, '-', 4650, 261753.32, 451411.14, 459.50);
insert into STATION values (2759, '-', 4650, 261752.59, 451409.88, 440.95);
insert into STATION values (2760, '-', 4650, 261745.02, 451422.40, 443.99);
insert into STATION values (2761, '-', 4650, 261741.16, 451428.76, 444.96);
insert into STATION values (2762, '-', 4650, 261745.02, 451422.42, 444.00);
insert into STATION values (2763, '-', 4650, 261749.05, 451409.68, 442.72);
insert into STATION values (2764, '-', 4650, 261763.83, 451416.46, 445.36);
insert into STATION values (2765, '-', 4650, 261754.42, 451409.85, 450.32);
insert into STATION values (2766, '-', 4650, 261752.52, 451410.46, 440.03);
insert into STATION values (2767, '-', 4650, 261739.39, 451381.09, 436.26);
insert into STATION values (2768, '244', 4650, 261747.48, 451430.62, 443.03);
insert into STATION values (2769, '-', 4650, 261744.81, 451427.11, 445.05);
insert into STATION values (2770, '-', 4650, 261748.92, 451432.96, 443.56);
insert into STATION values (2771, '-', 4650, 261745.88, 451430.73, 447.16);
insert into STATION values (2772, '-', 4650, 261747.13, 451430.64, 441.93);
insert into STATION values (2773, '245', 4650, 261733.58, 451442.76, 445.98);
insert into STATION values (2774, '246', 4650, 261739.61, 451381.11, 432.95);
insert into STATION values (2775, '-', 4650, 261740.19, 451380.50, 433.38);
insert into STATION values (2776, '-', 4650, 261732.45, 451389.63, 437.28);
insert into STATION values (2777, '-', 4650, 261737.28, 451382.45, 445.24);
insert into STATION values (2778, '-', 4650, 261739.09, 451380.87, 431.43);
insert into STATION values (2779, '247', 4650, 261730.84, 451379.72, 433.11);
insert into STATION values (2780, '-', 4650, 261732.43, 451376.40, 432.92);
insert into STATION values (2781, '-', 4650, 261726.43, 451384.73, 434.57);
insert into STATION values (2782, '-', 4650, 261729.78, 451378.43, 442.13);
insert into STATION values (2783, '-', 4650, 261730.38, 451379.64, 432.22);
insert into STATION values (2784, '248', 4650, 261725.94, 451375.12, 431.85);
insert into STATION values (2785, '-', 4650, 261729.57, 451369.59, 431.42);
insert into STATION values (2786, '-', 4650, 261720.42, 451376.93, 435.29);
insert into STATION values (2787, '-', 4650, 261725.56, 451373.10, 441.12);
insert into STATION values (2788, '-', 4650, 261725.88, 451374.93, 431.01);
insert into STATION values (2789, '-', 4650, 261734.78, 451375.27, 427.41);
insert into STATION values (2790, '249', 4650, 261735.21, 451375.26, 427.21);
insert into STATION values (2791, '250', 4650, 261735.20, 451375.27, 427.24);
insert into STATION values (2792, '251', 4650, 261721.27, 451366.10, 435.48);
insert into STATION values (2793, '-', 4650, 261734.68, 451358.06, 435.31);
insert into STATION values (2794, '-', 4650, 261718.18, 451373.53, 436.31);
insert into STATION values (2795, '-', 4650, 261723.16, 451365.79, 442.43);
insert into STATION values (2796, '-', 4650, 261722.15, 451366.01, 434.17);
insert into STATION values (2797, '252', 4650, 261719.20, 451354.41, 443.24);
insert into STATION values (2798, '-', 4650, 261728.83, 451355.41, 443.73);
insert into STATION values (2799, '-', 4650, 261716.15, 451356.16, 443.38);
insert into STATION values (2800, '-', 4650, 261721.02, 451353.85, 446.93);
insert into STATION values (2801, '-', 4650, 261719.55, 451354.55, 442.67);
insert into STATION values (2802, '-', 4650, 261747.24, 451348.82, 464.68);
insert into STATION values (2803, '253', 4650, 261708.94, 451347.83, 441.89);
insert into STATION values (2804, '-', 4650, 261724.07, 451339.00, 450.06);
insert into STATION values (2805, '-', 4650, 261706.35, 451349.89, 441.00);
insert into STATION values (2806, '-', 4650, 261708.85, 451347.36, 443.92);
insert into STATION values (2807, '-', 4650, 261708.86, 451347.64, 440.99);
insert into STATION values (2808, '254', 4650, 261704.68, 451344.81, 439.96);
insert into STATION values (2809, '-', 4650, 261713.92, 451341.46, 447.38);
insert into STATION values (2810, '-', 4650, 261703.32, 451347.63, 439.87);
insert into STATION values (2811, '-', 4650, 261705.15, 451344.00, 443.82);
insert into STATION values (2812, '-', 4650, 261704.47, 451344.69, 439.55);
insert into STATION values (2813, '-', 4650, 261684.47, 451346.39, 424.83);
insert into STATION values (2814, '-', 4650, 261697.91, 451351.52, 430.99);
insert into STATION values (2815, '255', 4650, 261697.17, 451329.23, 442.18);
insert into STATION values (2816, '-', 4650, 261709.05, 451322.17, 449.34);
insert into STATION values (2817, '-', 4650, 261694.35, 451328.65, 443.15);
insert into STATION values (2818, '-', 4650, 261697.75, 451328.34, 445.07);
insert into STATION values (2819, '-', 4650, 261697.84, 451328.68, 441.53);
insert into STATION values (2820, '256', 4650, 261692.45, 451312.56, 439.13);
insert into STATION values (2821, '-', 4650, 261705.64, 451299.86, 453.28);
insert into STATION values (2822, '-', 4650, 261690.26, 451314.74, 439.03);
insert into STATION values (2823, '-', 4650, 261690.92, 451311.82, 445.90);
insert into STATION values (2824, '-', 4650, 261692.07, 451312.45, 437.70);
insert into STATION values (2825, '-', 4650, 261705.45, 451288.92, 462.31);
insert into STATION values (2826, '257', 4650, 261683.29, 451296.35, 441.63);
insert into STATION values (2827, '-', 4650, 261692.53, 451296.62, 443.90);
insert into STATION values (2828, '-', 4650, 261677.93, 451300.97, 443.00);
insert into STATION values (2829, '-', 4650, 261684.13, 451296.66, 445.95);
insert into STATION values (2830, '-', 4650, 261684.90, 451297.12, 439.97);
insert into STATION values (2831, '258', 4650, 261683.51, 451314.06, 441.21);
insert into STATION values (2832, '-', 4650, 261781.41, 451428.37, 442.72);
insert into STATION values (2833, '-', 4650, 261782.13, 451396.82, 446.30);
insert into STATION values (2834, '-', 4650, 261786.67, 451411.10, 457.49);
insert into STATION values (2835, '-', 4650, 261785.27, 451407.60, 439.56);
insert into STATION values (2836, '259', 4650, 261805.34, 451423.80, 438.45);
insert into STATION values (2837, '-', 4650, 261800.21, 451433.88, 439.86);
insert into STATION values (2838, '-', 4650, 261813.38, 451415.25, 444.22);
insert into STATION values (2839, '-', 4650, 261807.34, 451425.15, 446.36);
insert into STATION values (2840, '-', 4650, 261805.29, 451426.06, 435.24);
insert into STATION values (2841, '260', 4650, 261818.05, 451432.88, 440.19);
insert into STATION values (2842, '-', 4650, 261816.67, 451436.00, 441.56);
insert into STATION values (2843, '-', 4650, 261825.38, 451418.72, 446.12);
insert into STATION values (2844, '-', 4650, 261821.41, 451432.04, 453.14);
insert into STATION values (2845, '-', 4650, 261818.78, 451432.15, 438.57);
insert into STATION values (2846, '261', 4650, 261841.73, 451438.18, 442.56);
insert into STATION values (2847, '-', 4650, 261833.18, 451447.52, 447.01);
insert into STATION values (2848, '-', 4650, 261855.87, 451418.76, 446.17);
insert into STATION values (2849, '-', 4650, 261844.45, 451439.04, 454.02);
insert into STATION values (2850, '-', 4650, 261841.67, 451438.94, 441.58);
insert into STATION values (2851, '-', 4650, 261837.71, 451475.55, 444.73);
insert into STATION values (2852, '-', 4650, 261841.61, 451484.46, 446.58);
insert into STATION values (2853, '-', 4650, 261851.38, 451483.11, 447.37);
insert into STATION values (2854, '-', 4650, 261876.79, 451503.81, 448.87);
insert into STATION values (2855, '-', 4650, 261887.05, 451477.69, 442.62);
insert into STATION values (2856, '-', 4650, 261884.09, 451462.13, 443.29);
insert into STATION values (2857, '-', 4650, 261887.76, 451453.02, 442.59);
insert into STATION values (2858, '-', 4650, 261890.29, 451440.69, 444.30);
insert into STATION values (2859, '-', 4650, 261881.93, 451428.55, 445.63);
insert into STATION values (2860, '-', 4650, 261877.11, 451420.02, 443.94);
insert into STATION values (2861, '-', 4650, 261858.83, 451422.78, 444.49);
insert into STATION values (2862, '-', 4650, 261856.67, 451436.37, 454.95);
insert into STATION values (2863, '-', 4650, 261850.05, 451442.07, 456.38);
insert into STATION values (2864, '-', 4650, 261847.08, 451451.03, 458.35);
insert into STATION values (2865, '-', 4650, 261843.69, 451460.87, 457.87);
insert into STATION values (2866, '-', 4650, 261837.43, 451462.91, 452.82);
insert into STATION values (2867, '-', 4650, 261834.59, 451449.49, 446.78);
insert into STATION values (2868, '-', 4650, 261826.88, 451446.38, 452.55);
insert into STATION values (2869, '-', 4650, 261828.62, 451435.88, 452.61);
insert into STATION values (2870, '-', 4650, 261818.28, 451437.17, 442.23);
insert into STATION values (2871, '-', 4650, 261845.21, 451467.59, 424.20);
insert into STATION values (2872, '-', 4650, 261854.85, 451466.41, 418.36);
insert into STATION values (2873, '-', 4650, 261871.19, 451465.59, 413.66);
insert into STATION values (2874, '-', 4650, 261878.98, 451453.92, 416.61);
insert into STATION values (2875, '-', 4650, 261860.43, 451438.92, 429.55);
insert into STATION values (2876, '-', 4650, 261909.09, 451498.64, 441.31);
insert into STATION values (2877, '-', 4650, 261905.34, 451503.00, 439.99);
insert into STATION values (2878, '-', 4650, 261882.46, 451464.81, 444.55);
insert into STATION values (2879, '-', 4650, 261910.47, 451496.00, 440.69);
insert into STATION values (2880, '-', 4650, 261865.24, 451464.45, 475.12);
insert into STATION values (2881, '-', 4650, 261873.22, 451511.89, 455.32);
insert into STATION values (2882, '-', 4650, 261898.62, 451434.35, 445.05);
insert into STATION values (2883, '262', 4650, 261845.76, 451430.79, 442.73);
insert into STATION values (2884, '-', 4650, 261884.75, 451454.75, 442.20);
insert into STATION values (2885, '-', 4650, 261841.00, 451413.42, 443.90);
insert into STATION values (2886, '-', 4650, 261846.99, 451429.90, 453.59);
insert into STATION values (2887, '-', 4650, 261845.97, 451430.41, 441.07);
insert into STATION values (2888, '-', 4650, 261858.10, 451423.44, 445.84);
insert into STATION values (2889, '-', 4650, 261852.20, 451421.99, 449.05);
insert into STATION values (2890, '-', 4650, 261842.95, 451422.66, 450.03);
insert into STATION values (2891, '-', 4650, 261838.55, 451425.38, 450.66);
insert into STATION values (2892, '-', 4650, 261843.82, 451427.22, 452.43);
insert into STATION values (2893, '-', 4650, 261848.66, 451428.31, 452.85);
insert into STATION values (2894, '-', 4650, 261855.43, 451428.16, 453.04);
insert into STATION values (2895, '-', 4650, 261860.24, 451429.78, 452.55);
insert into STATION values (2896, '263', 4650, 261849.81, 451417.60, 438.68);
insert into STATION values (2897, '-', 4650, 261882.44, 451465.81, 446.44);
insert into STATION values (2898, '-', 4650, 261851.17, 451405.92, 435.88);
insert into STATION values (2899, '-', 4650, 261850.42, 451416.48, 447.69);
insert into STATION values (2900, '-', 4650, 261849.55, 451417.21, 437.30);
insert into STATION values (2901, '-', 4650, 261853.63, 451383.53, 447.57);
insert into STATION values (2902, '264', 4650, 261863.90, 451416.75, 437.18);
insert into STATION values (2903, '-', 4650, 261883.29, 451452.24, 455.58);
insert into STATION values (2904, '-', 4650, 261865.09, 451410.46, 437.04);
insert into STATION values (2905, '-', 4650, 261864.21, 451416.88, 442.90);
insert into STATION values (2906, '-', 4650, 261864.43, 451415.49, 435.46);
insert into STATION values (2907, '265', 4650, 261874.75, 451423.42, 441.05);
insert into STATION values (2908, '-', 4650, 261863.06, 451467.28, 465.06);
insert into STATION values (2909, '-', 4650, 261878.67, 451415.09, 441.27);
insert into STATION values (2910, '-', 4650, 261874.51, 451423.48, 447.16);
insert into STATION values (2911, '-', 4650, 261874.52, 451421.40, 439.26);
insert into STATION values (2912, '266', 4650, 261881.65, 451431.48, 442.53);
insert into STATION values (2913, '-', 4650, 261889.66, 451443.86, 444.71);
insert into STATION values (2914, '-', 4650, 261881.78, 451426.08, 442.49);
insert into STATION values (2915, '-', 4650, 261882.45, 451431.39, 451.51);
insert into STATION values (2916, '-', 4650, 261882.12, 451431.40, 441.70);
insert into STATION values (2917, '267', 4650, 261900.26, 451432.18, 443.29);
insert into STATION values (2918, '-', 4650, 261900.46, 451434.03, 444.07);
insert into STATION values (2919, '-', 4650, 261894.72, 451426.24, 444.51);
insert into STATION values (2920, '-', 4650, 261900.64, 451430.16, 447.72);
insert into STATION values (2921, '-', 4650, 261900.24, 451430.68, 441.11);
insert into STATION values (2922, '268', 4650, 261921.31, 451434.82, 453.79);
insert into STATION values (2923, '-', 4650, 261919.33, 451439.16, 456.43);
insert into STATION values (2924, '-', 4650, 261924.91, 451422.87, 457.13);
insert into STATION values (2925, '-', 4650, 261920.68, 451435.12, 461.55);
insert into STATION values (2926, '-', 4650, 261920.13, 451433.37, 451.90);
insert into STATION values (2927, '269', 4650, 261927.60, 451439.69, 456.11);
insert into STATION values (2928, '-', 4650, 261925.19, 451447.28, 457.94);
insert into STATION values (2929, '-', 4650, 261937.33, 451428.79, 457.80);
insert into STATION values (2930, '-', 4650, 261928.29, 451439.58, 470.40);
insert into STATION values (2931, '-', 4650, 261928.64, 451439.92, 454.80);
insert into STATION values (2932, '-', 4650, 261929.43, 451453.51, 454.91);
insert into STATION values (2933, '-', 4650, 261931.22, 451447.13, 460.79);
insert into STATION values (2934, '-', 4650, 261935.27, 451448.11, 463.37);
insert into STATION values (2935, '-', 4650, 261938.71, 451445.40, 463.26);
insert into STATION values (2936, '-', 4650, 261940.65, 451442.17, 462.18);
insert into STATION values (2937, '-', 4650, 261942.29, 451437.95, 460.87);
insert into STATION values (2938, '-', 4650, 261940.39, 451430.65, 459.17);
insert into STATION values (2939, '-', 4650, 261934.38, 451425.59, 457.38);
insert into STATION values (2940, '-', 4650, 261927.75, 451423.08, 456.81);
insert into STATION values (2941, '-', 4650, 261928.99, 451435.25, 465.27);
insert into STATION values (2942, '-', 4650, 261926.63, 451437.64, 472.17);
insert into STATION values (2943, '-', 4650, 261923.68, 451442.24, 474.02);
insert into STATION values (2944, '-', 4650, 261923.02, 451443.77, 466.79);
insert into STATION values (2945, '-', 4650, 261921.47, 451443.99, 463.57);
insert into STATION values (2946, '-', 4650, 261923.14, 451437.80, 464.04);
insert into STATION values (2947, '-', 4650, 261925.98, 451438.54, 468.69);
insert into STATION values (2948, '270', 4650, 261926.25, 451449.53, 455.67);
insert into STATION values (2949, '-', 4650, 261924.40, 451449.44, 455.45);
insert into STATION values (2950, '-', 4650, 261926.63, 451449.97, 455.88);
insert into STATION values (2951, '-', 4650, 261926.76, 451449.00, 457.71);
insert into STATION values (2952, '-', 4650, 261926.33, 451451.97, 451.42);
insert into STATION values (2953, '271', 4650, 261924.69, 451450.89, 452.43);
insert into STATION values (2954, '-', 4650, 261922.41, 451449.61, 451.40);
insert into STATION values (2955, '-', 4650, 261925.60, 451451.70, 452.53);
insert into STATION values (2956, '-', 4650, 261924.68, 451450.94, 453.23);
insert into STATION values (2957, '-', 4650, 261924.67, 451451.17, 451.67);
insert into STATION values (2958, '272', 4650, 261920.40, 451450.47, 449.88);
insert into STATION values (2959, '-', 4650, 261917.46, 451448.41, 450.82);
insert into STATION values (2960, '-', 4650, 261921.33, 451453.15, 449.97);
insert into STATION values (2961, '-', 4650, 261919.02, 451449.59, 457.19);
insert into STATION values (2962, '-', 4650, 261919.57, 451451.80, 447.97);
insert into STATION values (2963, '273', 4650, 261900.83, 451462.33, 442.84);
insert into STATION values (2964, '-', 4650, 261898.67, 451462.95, 442.92);
insert into STATION values (2965, '-', 4650, 261918.50, 451451.50, 447.84);
insert into STATION values (2966, '-', 4650, 261900.25, 451462.34, 446.84);
insert into STATION values (2967, '-', 4650, 261900.93, 451461.30, 441.70);
insert into STATION values (2968, '-', 4650, 261903.66, 451437.49, 458.10);
insert into STATION values (2969, '-', 4650, 261904.93, 451448.57, 459.81);
insert into STATION values (2970, '274', 4650, 261901.75, 451475.49, 438.24);
insert into STATION values (2971, '-', 4650, 261896.55, 451475.27, 439.69);
insert into STATION values (2972, '-', 4650, 261909.76, 451477.06, 441.21);
insert into STATION values (2973, '-', 4650, 261902.80, 451476.78, 444.26);
insert into STATION values (2974, '-', 4650, 261901.75, 451475.67, 437.41);
insert into STATION values (2975, '275', 4650, 261888.36, 451483.72, 434.96);
insert into STATION values (2976, '-', 4650, 261888.94, 451478.44, 437.98);
insert into STATION values (2977, '-', 4650, 261880.36, 451497.61, 438.13);
insert into STATION values (2978, '-', 4650, 261887.72, 451485.07, 445.90);
insert into STATION values (2979, '-', 4650, 261887.80, 451484.16, 433.23);
insert into STATION values (2980, '276', 4650, 261878.19, 451485.05, 435.86);
insert into STATION values (2981, '-', 4650, 261886.00, 451474.07, 445.03);
insert into STATION values (2982, '-', 4650, 261880.85, 451499.95, 448.89);
insert into STATION values (2983, '-', 4650, 261874.74, 451484.16, 452.87);
insert into STATION values (2984, '-', 4650, 261877.86, 451484.88, 434.67);
insert into STATION values (2985, '-', 4650, 261882.74, 451477.83, 444.17);
insert into STATION values (2986, '-', 4650, 261880.80, 451480.25, 448.72);
insert into STATION values (2987, '-', 4650, 261877.24, 451483.29, 448.73);
insert into STATION values (2988, '-', 4650, 261870.12, 451488.53, 453.04);
insert into STATION values (2989, '-', 4650, 261865.69, 451491.70, 452.43);
insert into STATION values (2990, '-', 4650, 261861.09, 451498.84, 451.93);
insert into STATION values (2991, '-', 4650, 261857.45, 451503.88, 450.93);
insert into STATION values (2992, '-', 4650, 261873.51, 451488.54, 436.65);
insert into STATION values (2993, '277', 4650, 261895.80, 451490.92, 431.98);
insert into STATION values (2994, '-', 4650, 261887.23, 451502.05, 435.71);
insert into STATION values (2995, '-', 4650, 261903.84, 451486.34, 436.73);
insert into STATION values (2996, '-', 4650, 261896.05, 451492.00, 443.22);
insert into STATION values (2997, '-', 4650, 261900.18, 451493.88, 426.28);
insert into STATION values (2998, '278', 4650, 261906.00, 451500.87, 431.67);
insert into STATION values (2999, '-', 4650, 261899.97, 451508.57, 433.70);
insert into STATION values (3000, '-', 4650, 261910.27, 451494.80, 435.25);
insert into STATION values (3001, '-', 4650, 261905.80, 451502.70, 441.34);
insert into STATION values (3002, '-', 4650, 261906.18, 451501.14, 430.53);
insert into STATION values (3003, '279', 4650, 261918.10, 451512.90, 432.16);
insert into STATION values (3004, '-', 4650, 261912.95, 451520.01, 437.29);
insert into STATION values (3005, '-', 4650, 261925.01, 451503.12, 439.16);
insert into STATION values (3006, '-', 4650, 261919.11, 451515.86, 450.86);
insert into STATION values (3007, '-', 4650, 261918.15, 451513.27, 431.22);
insert into STATION values (3008, '-', 4650, 261916.59, 451523.55, 435.97);
insert into STATION values (3009, '280', 4650, 261916.55, 451523.64, 436.03);
insert into STATION values (3010, '-', 4650, 261911.14, 451523.66, 438.85);
insert into STATION values (3011, '-', 4650, 261923.71, 451510.49, 436.56);
insert into STATION values (3012, '-', 4650, 261919.80, 451523.41, 445.97);
insert into STATION values (3013, '-', 4650, 261916.88, 451523.21, 434.83);
insert into STATION values (3014, '281', 4650, 261906.10, 451535.81, 440.62);
insert into STATION values (3015, '282', 4650, 261930.54, 451528.02, 438.50);
insert into STATION values (3016, '-', 4650, 261928.53, 451531.15, 439.43);
insert into STATION values (3017, '-', 4650, 261928.31, 451531.18, 439.20);
insert into STATION values (3018, '-', 4650, 261942.32, 451519.74, 442.15);
insert into STATION values (3019, '-', 4650, 261933.07, 451526.34, 446.10);
insert into STATION values (3020, '-', 4650, 261931.45, 451527.78, 437.34);
insert into STATION values (3021, '283', 4650, 261947.35, 451510.24, 449.10);
insert into STATION values (3022, '284', 4650, 261939.13, 451537.93, 439.03);
insert into STATION values (3023, '-', 4650, 261927.86, 451548.79, 440.31);
insert into STATION values (3024, '-', 4650, 261948.36, 451535.55, 439.57);
insert into STATION values (3025, '-', 4650, 261940.03, 451539.16, 444.93);
insert into STATION values (3026, '-', 4650, 261939.07, 451538.50, 438.15);
insert into STATION values (3027, '285', 4650, 261948.75, 451558.31, 435.48);
insert into STATION values (3028, '-', 4650, 261941.82, 451562.33, 437.29);
insert into STATION values (3029, '-', 4650, 261957.62, 451553.87, 441.60);
insert into STATION values (3030, '-', 4650, 261949.42, 451559.41, 444.92);
insert into STATION values (3031, '-', 4650, 261949.78, 451559.77, 433.53);
insert into STATION values (3032, '-', 4650, 261948.85, 451558.13, 435.56);
insert into STATION values (3033, '286', 4650, 261953.49, 451548.70, 439.89);
insert into STATION values (3034, '287', 4650, 261947.08, 451581.78, 433.11);
insert into STATION values (3035, '-', 4650, 261941.22, 451580.20, 433.21);
insert into STATION values (3036, '-', 4650, 261959.26, 451584.59, 439.94);
insert into STATION values (3037, '-', 4650, 261947.65, 451582.66, 441.12);
insert into STATION values (3038, '-', 4650, 261946.93, 451581.66, 432.41);
insert into STATION values (3039, '1', 5165, 260139.81, 449576.98, 137.04);
insert into STATION values (3040, '2', 5165, 260157.57, 449585.26, 136.36);
insert into STATION values (3041, '3', 5165, 260189.64, 449629.40, 132.54);
insert into STATION values (3042, '4', 5165, 260204.22, 449669.47, 136.27);
insert into STATION values (3043, '5', 5165, 260224.77, 449662.79, 145.00);
insert into STATION values (3044, '6', 5165, 260249.75, 449675.52, 143.04);
insert into STATION values (3045, '7', 5165, 260258.63, 449677.08, 136.24);
insert into STATION values (3046, '8', 5165, 260267.75, 449668.28, 135.36);
insert into STATION values (3047, '9', 5165, 260254.15, 449660.17, 147.93);
insert into STATION values (3048, '10', 5165, 260259.87, 449662.48, 144.22);
insert into STATION values (3049, '11', 5165, 260265.03, 449663.02, 145.71);
insert into STATION values (3050, '12', 5165, 260271.44, 449667.34, 149.48);
insert into STATION values (3051, '0a', 5165, 260144.15, 449660.66, 96.14);
insert into STATION values (3052, '1a', 5165, 260145.16, 449654.18, 98.60);
insert into STATION values (3053, '2a', 5165, 260151.86, 449638.77, 96.80);
insert into STATION values (3054, '3a', 5165, 260157.54, 449635.53, 101.05);
insert into STATION values (3055, '4a', 5165, 260149.44, 449616.43, 109.22);
insert into STATION values (3056, '5a', 5165, 260153.19, 449601.81, 118.65);
insert into STATION values (3057, '6a', 5165, 260154.04, 449585.56, 128.47);
insert into STATION values (3058, '13', 5165, 260132.93, 449558.05, 147.30);
insert into STATION values (3059, '14', 5165, 260112.80, 449546.90, 163.42);
insert into STATION values (3060, '15', 5165, 260109.15, 449540.32, 172.38);
insert into STATION values (3061, '16', 5165, 260135.28, 449553.97, 146.39);
insert into STATION values (3062, '17', 5165, 260141.46, 449555.63, 146.17);
insert into STATION values (3063, '18', 5165, 260142.91, 449558.35, 150.11);
insert into STATION values (3064, '19', 5165, 260146.89, 449558.91, 152.72);
insert into STATION values (3065, '20', 5165, 260159.82, 449548.44, 157.81);
insert into STATION values (3066, '21', 5165, 260149.08, 449544.09, 158.21);
insert into STATION values (3067, '22', 5165, 260141.61, 449543.04, 153.86);
insert into STATION values (3068, '23', 5165, 260173.66, 449556.43, 155.84);
insert into STATION values (3069, '24', 5165, 260187.94, 449569.74, 154.14);
insert into STATION values (3070, '25', 5165, 260203.50, 449580.23, 162.88);
insert into STATION values (3071, '26a', 5165, 260210.46, 449575.18, 165.85);
insert into STATION values (3072, '26', 5165, 260207.19, 449548.66, 168.12);
insert into STATION values (3073, '27', 5165, 260226.38, 449530.82, 184.39);
insert into STATION values (3074, '28', 5165, 260233.71, 449521.72, 181.55);
insert into STATION values (3075, '29', 5165, 260232.82, 449512.14, 178.09);
insert into STATION values (3076, '30', 5165, 260233.16, 449501.56, 178.60);
insert into STATION values (3077, '31', 5165, 260234.48, 449492.19, 180.26);
insert into STATION values (3078, '32', 5165, 260241.84, 449489.23, 182.52);
insert into STATION values (3079, '33', 5165, 260229.79, 449468.18, 186.23);
insert into STATION values (3080, '34', 5165, 260222.54, 449442.90, 188.53);
insert into STATION values (3081, '35', 5165, 260220.24, 449471.71, 183.09);
insert into STATION values (3082, '36', 5165, 260217.85, 449465.95, 179.83);
insert into STATION values (3083, '37', 5165, 260216.27, 449467.13, 178.35);
insert into STATION values (3084, '38', 5165, 260206.54, 449455.31, 177.41);
insert into STATION values (3085, '39', 5165, 260183.67, 449457.68, 166.98);
insert into STATION values (3086, '40', 5165, 260170.73, 449442.26, 165.22);
insert into STATION values (3087, '41', 5165, 260184.54, 449504.99, 150.51);
insert into STATION values (3088, '42', 5165, 260182.07, 449511.86, 149.34);
insert into STATION values (3089, '43', 5165, 260182.82, 449523.40, 155.44);
insert into STATION values (3090, '44', 5165, 260184.71, 449543.35, 156.92);
insert into STATION values (3091, '45', 5165, 260177.22, 449547.01, 157.46);
insert into STATION values (3092, '46', 5165, 260230.32, 449594.07, 194.09);
insert into STATION values (3093, '47', 5165, 260210.80, 449522.93, 161.16);
insert into STATION values (3094, '48', 5165, 260255.01, 449512.03, 184.36);
insert into STATION values (3095, '49', 5165, 260268.02, 449534.58, 182.54);
insert into STATION values (3096, '50', 5165, 260282.24, 449536.07, 182.04);
insert into STATION values (3097, '51', 5165, 260295.28, 449552.18, 183.85);
insert into STATION values (3098, '52', 5165, 260306.94, 449575.08, 183.85);
insert into STATION values (3099, '53', 5165, 260298.70, 449594.50, 183.85);
insert into STATION values (3100, '54', 5165, 260294.41, 449605.67, 183.01);
insert into STATION values (3101, '55', 5165, 260300.84, 449531.44, 195.46);
insert into STATION values (3102, '56', 5165, 260307.58, 449530.61, 197.15);
insert into STATION values (3103, '57', 5165, 260310.40, 449537.60, 196.23);
insert into STATION values (3104, '58', 5165, 260305.58, 449543.78, 195.26);
insert into STATION values (3105, '59', 5165, 260315.02, 449554.64, 199.12);
insert into STATION values (3106, '60', 5165, 260318.41, 449547.14, 195.14);
insert into STATION values (3107, '61', 5165, 260327.99, 449554.36, 195.14);
insert into STATION values (3108, '62', 5165, 260311.46, 449520.49, 205.03);
insert into STATION values (3109, '63', 5165, 260305.47, 449518.19, 210.61);
insert into STATION values (3110, '64', 5165, 260303.27, 449513.86, 216.83);
insert into STATION values (3111, '65', 5165, 260303.78, 449508.94, 219.24);
insert into STATION values (3112, '66', 5165, 260300.11, 449503.70, 218.11);
insert into STATION values (3113, '67', 5165, 260291.91, 449479.88, 225.33);
insert into STATION values (3114, '68', 5165, 260294.09, 449500.61, 203.75);
insert into STATION values (3115, '69', 5165, 260275.89, 449427.49, 224.38);
insert into STATION values (3116, '70', 5165, 260271.52, 449422.08, 228.72);
insert into STATION values (3117, '71', 5165, 260272.01, 449419.30, 231.27);
insert into STATION_FLAG values(3117, 'ent');
insert into STATION values (3118, '72', 5165, 260317.68, 449500.26, 207.77);
insert into STATION values (3119, '73', 5165, 260298.75, 449551.28, 202.33);
insert into STATION values (3120, '74', 5165, 260303.91, 449571.98, 205.71);
insert into STATION values (3121, '75', 5165, 260302.24, 449595.94, 216.91);
insert into STATION values (3122, '76', 5165, 260303.89, 449602.09, 222.07);
insert into STATION values (3123, '77', 5165, 260303.93, 449597.96, 214.77);
insert into STATION values (3124, '78', 5165, 260301.63, 449600.52, 212.36);
insert into STATION values (3125, '79', 5165, 260301.63, 449600.52, 199.66);
insert into STATION values (3126, '80', 5165, 260298.09, 449524.29, 196.26);
insert into STATION values (3127, '81', 5165, 260297.07, 449512.64, 195.86);
insert into STATION values (3128, '82', 5165, 260293.52, 449505.97, 196.65);
insert into STATION values (3129, '83', 5165, 260290.26, 449502.59, 198.64);
insert into STATION values (3130, '84', 5165, 260289.46, 449494.91, 199.73);
insert into STATION values (3131, '85', 5165, 260286.12, 449489.77, 197.86);
insert into STATION values (3132, '86', 5165, 260278.58, 449490.30, 194.95);
insert into STATION values (3133, '87', 5165, 260275.29, 449481.27, 201.44);
insert into STATION values (3134, '88', 5165, 260277.74, 449474.53, 205.42);
insert into STATION values (3135, '89', 5165, 260279.81, 449466.22, 213.68);
insert into STATION values (3136, '90', 5165, 260286.00, 449488.27, 204.01);
insert into STATION values (3137, '91', 5165, 260291.39, 449473.46, 224.19);
insert into STATION values (3138, '92', 5165, 260235.88, 449537.23, 185.39);
insert into STATION values (3139, '93', 5165, 260240.77, 449532.17, 183.10);
insert into STATION values (3140, '94', 5165, 260241.27, 449524.90, 184.39);
insert into STATION values (3141, '95', 5165, 260245.30, 449525.83, 183.66);
insert into STATION values (3142, '48a', 5165, 260249.96, 449513.05, 195.91);
insert into STATION values (3143, '96', 5165, 260233.00, 449549.01, 183.04);
insert into STATION values (3144, '97', 5165, 260231.92, 449564.41, 181.68);
insert into STATION values (3145, '98', 5165, 260234.98, 449567.37, 181.09);
insert into STATION values (3146, '99', 5165, 260238.34, 449577.10, 181.45);
insert into STATION values (3147, '0', 5552, 261001.75, 450668.91, 133.27);
insert into STATION values (3148, '1', 5552, 261014.64, 450681.14, 139.08);
insert into STATION values (3149, '2', 5552, 261024.17, 450684.11, 146.88);
insert into STATION values (3150, '3', 5552, 261036.10, 450690.95, 156.15);
insert into STATION values (3151, '4', 5552, 261057.72, 450700.20, 167.39);
insert into STATION values (3152, '5', 5552, 261084.32, 450690.16, 175.78);
insert into STATION values (3153, '6', 5552, 261099.08, 450697.60, 184.63);
insert into STATION values (3154, '7', 5552, 261107.58, 450704.00, 184.84);
insert into STATION values (3155, '8', 5552, 261136.18, 450710.73, 173.67);
insert into STATION values (3156, '9', 5552, 261153.48, 450724.11, 170.93);
insert into STATION values (3157, '10', 5552, 261156.79, 450733.83, 171.60);
insert into STATION values (3158, '11', 5552, 261183.27, 450746.91, 179.99);
insert into STATION values (3159, '12', 5552, 261219.15, 450755.40, 174.65);
insert into STATION values (3160, '13', 5552, 261255.03, 450764.63, 175.20);
insert into STATION values (3161, '14', 5552, 261281.24, 450763.46, 175.08);
insert into STATION values (3162, '15', 5552, 261285.91, 450759.48, 173.74);
insert into STATION values (3163, '-', 5552, 261010.08, 450687.93, 159.21);
insert into STATION values (3164, '-', 5552, 261001.22, 450674.85, 155.37);
insert into STATION values (3165, '-', 5552, 260998.56, 450668.69, 154.34);
insert into STATION values (3166, '-', 5552, 260994.86, 450659.44, 155.84);
insert into STATION values (3167, '-', 5552, 261000.54, 450665.30, 174.23);
insert into STATION values (3168, '-', 5552, 261001.31, 450668.68, 132.09);
insert into STATION values (3169, '-', 5552, 260983.91, 450677.59, 135.72);
insert into STATION values (3170, '-', 5552, 260967.51, 450689.90, 105.34);
insert into STATION values (3171, '-', 5552, 260989.40, 450715.08, 122.12);
insert into STATION values (3172, '-', 5552, 261007.38, 450717.25, 137.10);
insert into STATION values (3173, '-', 5552, 261026.34, 450720.80, 148.27);
insert into STATION values (3174, '-', 5552, 261036.89, 450711.38, 165.38);
insert into STATION values (3175, '-', 5552, 260980.87, 450663.63, 130.31);
insert into STATION values (3176, '-', 5552, 260972.84, 450653.56, 114.62);
insert into STATION values (3177, '-', 5552, 260965.74, 450664.43, 104.06);
insert into STATION values (3178, '-', 5552, 260990.52, 450662.30, 121.38);
insert into STATION values (3179, '-', 5552, 260974.98, 450640.20, 135.22);
insert into STATION values (3180, '-', 5552, 260985.55, 450627.68, 116.05);
insert into STATION values (3181, '-', 5552, 260987.97, 450652.88, 153.03);
insert into STATION values (3182, '-', 5552, 261003.65, 450647.77, 143.46);
insert into STATION values (3183, '-', 5552, 261013.13, 450650.72, 143.29);
insert into STATION values (3184, '-', 5552, 261005.77, 450664.78, 132.53);
insert into STATION values (3185, '-', 5552, 261003.93, 450661.43, 130.53);
insert into STATION values (3186, '-', 5552, 260999.27, 450652.12, 126.11);
insert into STATION values (3187, '-', 5552, 260977.10, 450616.71, 121.70);
insert into STATION values (3188, '-', 5552, 260967.53, 450631.06, 129.37);
insert into STATION values (3189, '-', 5552, 260991.44, 450654.15, 118.99);
insert into STATION values (3190, '-', 5552, 261001.34, 450665.44, 130.64);
insert into STATION values (3191, '-', 5552, 261015.10, 450679.63, 167.38);
insert into STATION values (3192, '-', 5552, 261015.39, 450686.36, 164.95);
insert into STATION values (3193, '-', 5552, 261019.90, 450670.23, 170.63);
insert into STATION values (3194, '-', 5552, 261026.63, 450662.71, 161.53);
insert into STATION values (3195, '-', 5552, 261014.08, 450681.64, 137.88);
insert into STATION values (3196, '-', 5552, 261012.09, 450720.25, 139.15);
insert into STATION values (3197, '-', 5552, 261014.09, 450718.83, 141.26);
insert into STATION values (3198, '-', 5552, 261014.92, 450700.75, 155.84);
insert into STATION values (3199, '-', 5552, 260978.00, 450685.54, 120.80);
insert into STATION values (3200, '-', 5552, 260986.62, 450707.70, 123.06);
insert into STATION values (3201, '-', 5552, 261034.87, 450711.16, 160.17);
insert into STATION values (3202, '-', 5552, 261041.15, 450709.44, 172.61);
insert into STATION values (3203, '-', 5552, 261012.99, 450647.54, 142.07);
insert into STATION values (3204, '-', 5552, 261019.65, 450659.78, 158.96);
insert into STATION values (3205, '-', 5552, 261018.60, 450652.34, 148.28);
insert into STATION values (3206, '-', 5552, 260980.13, 450620.50, 125.23);
insert into STATION values (3207, '-', 5552, 260982.69, 450652.21, 132.00);
insert into STATION values (3208, '-', 5552, 261043.39, 450682.32, 165.76);
insert into STATION values (3209, '-', 5552, 261022.88, 450683.83, 174.53);
insert into STATION values (3210, '-', 5552, 261019.28, 450694.86, 164.91);
insert into STATION values (3211, '-', 5552, 261017.82, 450683.62, 168.56);
insert into STATION values (3212, '-', 5552, 261018.33, 450668.23, 171.94);
insert into STATION values (3213, '-', 5552, 261023.34, 450685.29, 144.33);
insert into STATION values (3214, '-', 5552, 261003.06, 450713.57, 134.87);
insert into STATION values (3215, '-', 5552, 261013.50, 450721.14, 139.92);
insert into STATION values (3216, '-', 5552, 261017.60, 450704.89, 156.17);
insert into STATION values (3217, '-', 5552, 261004.52, 450687.79, 150.94);
insert into STATION values (3218, '-', 5552, 261031.82, 450651.61, 152.27);
insert into STATION values (3219, '-', 5552, 261018.57, 450660.60, 162.86);
insert into STATION values (3220, '-', 5552, 261019.78, 450644.79, 144.92);
insert into STATION values (3221, '-', 5552, 261035.59, 450671.02, 147.09);
insert into STATION values (3222, '-', 5552, 261039.95, 450632.22, 154.54);
insert into STATION values (3223, '-', 5552, 261039.85, 450677.54, 155.35);
insert into STATION values (3224, '-', 5552, 261076.94, 450684.91, 190.35);
insert into STATION values (3225, '-', 5552, 261037.22, 450687.99, 192.85);
insert into STATION values (3226, '-', 5552, 261031.93, 450702.54, 174.32);
insert into STATION values (3227, '-', 5552, 261034.98, 450697.72, 184.13);
insert into STATION values (3228, '-', 5552, 261052.14, 450685.70, 194.72);
insert into STATION values (3229, '-', 5552, 261046.63, 450681.77, 172.96);
insert into STATION values (3230, '-', 5552, 261035.59, 450691.20, 155.16);
insert into STATION values (3231, '-', 5552, 261029.68, 450715.30, 154.80);
insert into STATION values (3232, '-', 5552, 261029.73, 450712.47, 156.28);
insert into STATION values (3233, '-', 5552, 261030.62, 450706.06, 167.51);
insert into STATION values (3234, '-', 5552, 261000.74, 450681.91, 151.48);
insert into STATION values (3235, '-', 5552, 261039.72, 450677.84, 156.05);
insert into STATION values (3236, '-', 5552, 261032.21, 450678.27, 158.64);
insert into STATION values (3237, '-', 5552, 261027.01, 450673.14, 157.77);
insert into STATION values (3238, '-', 5552, 261011.59, 450657.04, 156.49);
insert into STATION values (3239, '-', 5552, 260996.61, 450658.85, 156.45);
insert into STATION values (3240, '-', 5552, 260998.65, 450666.98, 154.02);
insert into STATION values (3241, '-', 5552, 261058.30, 450704.39, 198.58);
insert into STATION values (3242, '-', 5552, 261054.22, 450713.11, 183.81);
insert into STATION values (3243, '-', 5552, 261053.82, 450709.35, 193.64);
insert into STATION values (3244, '-', 5552, 261054.14, 450699.81, 197.03);
insert into STATION values (3245, '-', 5552, 261068.10, 450694.76, 203.04);
insert into STATION values (3246, '-', 5552, 261067.98, 450685.09, 189.40);
insert into STATION values (3247, '-', 5552, 261060.22, 450701.81, 163.83);
insert into STATION values (3248, '-', 5552, 261049.73, 450720.26, 167.92);
insert into STATION values (3249, '-', 5552, 261048.60, 450730.41, 153.51);
insert into STATION values (3250, '-', 5552, 261056.21, 450757.34, 138.07);
insert into STATION values (3251, '-', 5552, 261053.38, 450717.58, 175.54);
insert into STATION values (3252, '-', 5552, 261037.98, 450711.81, 165.92);
insert into STATION values (3253, '-', 5552, 261057.87, 450699.89, 167.48);
insert into STATION values (3254, '-', 5552, 261073.43, 450674.75, 188.78);
insert into STATION values (3255, '-', 5552, 261064.79, 450680.34, 176.39);
insert into STATION values (3256, '-', 5552, 261058.43, 450683.49, 170.81);
insert into STATION values (3257, '-', 5552, 261049.35, 450683.26, 169.39);
insert into STATION values (3258, '-', 5552, 261007.44, 450694.10, 151.14);
insert into STATION values (3259, '-', 5552, 261070.43, 450670.07, 186.67);
insert into STATION values (3260, '-', 5552, 261077.90, 450695.97, 206.11);
insert into STATION values (3261, '-', 5552, 261086.08, 450722.89, 211.72);
insert into STATION values (3262, '-', 5552, 261082.17, 450699.12, 207.66);
insert into STATION values (3263, '-', 5552, 261086.78, 450688.77, 191.87);
insert into STATION values (3264, '-', 5552, 261087.11, 450685.97, 186.10);
insert into STATION values (3265, '-', 5552, 261082.11, 450691.76, 172.40);
insert into STATION values (3266, '-', 5552, 261084.51, 450725.46, 174.89);
insert into STATION values (3267, '-', 5552, 261058.63, 450683.62, 181.35);
insert into STATION values (3268, '-', 5552, 261029.15, 450697.31, 177.12);
insert into STATION values (3269, '-', 5552, 261041.17, 450709.18, 173.56);
insert into STATION values (3270, '-', 5552, 261053.14, 450717.92, 174.04);
insert into STATION values (3271, '-', 5552, 261067.48, 450721.68, 175.89);
insert into STATION values (3272, '-', 5552, 261074.54, 450721.69, 176.72);
insert into STATION values (3273, '-', 5552, 261086.82, 450724.99, 177.57);
insert into STATION values (3274, '-', 5552, 261107.32, 450729.82, 186.75);
insert into STATION values (3275, '-', 5552, 261007.97, 450691.41, 202.87);
insert into STATION values (3276, '-', 5552, 261082.92, 450663.10, 177.32);
insert into STATION values (3277, '-', 5552, 261091.98, 450672.00, 174.02);
insert into STATION values (3278, '-', 5552, 261086.50, 450666.41, 179.11);
insert into STATION values (3279, '-', 5552, 261077.84, 450671.92, 184.61);
insert into STATION values (3280, '-', 5552, 261069.17, 450679.02, 188.46);
insert into STATION values (3281, '-', 5552, 261100.21, 450712.36, 221.34);
insert into STATION values (3282, '-', 5552, 261101.39, 450694.49, 191.18);
insert into STATION values (3283, '-', 5552, 261097.93, 450697.67, 198.45);
insert into STATION values (3284, '-', 5552, 261087.34, 450702.85, 210.82);
insert into STATION values (3285, '-', 5552, 261081.39, 450712.07, 210.76);
insert into STATION values (3286, '-', 5552, 261093.60, 450725.31, 220.24);
insert into STATION values (3287, '-', 5552, 261100.41, 450698.35, 181.94);
insert into STATION values (3288, '-', 5552, 261073.58, 450721.43, 184.70);
insert into STATION values (3289, '-', 5552, 261096.05, 450726.63, 199.41);
insert into STATION values (3290, '-', 5552, 261097.27, 450728.35, 182.85);
insert into STATION values (3291, '-', 5552, 261110.99, 450736.95, 194.94);
insert into STATION values (3292, '-', 5552, 261049.46, 450714.73, 178.21);
insert into STATION values (3293, '-', 5552, 261105.03, 450691.06, 187.20);
insert into STATION values (3294, '-', 5552, 261109.63, 450691.50, 189.46);
insert into STATION values (3295, '-', 5552, 261108.69, 450705.69, 211.79);
insert into STATION values (3296, '-', 5552, 261107.01, 450737.16, 228.08);
insert into STATION values (3297, '-', 5552, 261106.73, 450715.24, 224.04);
insert into STATION values (3298, '-', 5552, 261106.11, 450703.65, 209.84);
insert into STATION values (3299, '-', 5552, 261107.70, 450696.91, 197.72);
insert into STATION values (3300, '-', 5552, 261126.40, 450701.63, 203.89);
insert into STATION values (3301, '-', 5552, 261108.63, 450703.36, 182.93);
insert into STATION values (3302, '-', 5552, 261097.80, 450726.72, 185.35);
insert into STATION values (3303, '-', 5552, 261108.88, 450733.75, 202.50);
insert into STATION values (3304, '-', 5552, 261154.83, 450733.76, 200.14);
insert into STATION values (3305, '-', 5552, 261112.33, 450699.96, 185.73);
insert into STATION values (3306, '-', 5552, 261107.42, 450693.20, 192.02);
insert into STATION values (3307, '-', 5552, 261107.25, 450692.38, 190.20);
insert into STATION values (3308, '-', 5552, 261140.99, 450723.67, 230.18);
insert into STATION values (3309, '-', 5552, 261142.08, 450738.41, 203.11);
insert into STATION values (3310, '-', 5552, 261125.01, 450742.63, 227.53);
insert into STATION values (3311, '-', 5552, 261099.61, 450728.32, 225.98);
insert into STATION values (3312, '-', 5552, 261116.30, 450721.54, 229.05);
insert into STATION values (3313, '-', 5552, 261104.71, 450716.25, 222.43);
insert into STATION values (3314, '-', 5552, 261136.05, 450711.76, 172.46);
insert into STATION values (3315, '-', 5552, 261129.92, 450732.23, 190.76);
insert into STATION values (3316, '-', 5552, 261141.20, 450718.29, 175.40);
insert into STATION values (3317, '-', 5552, 261153.95, 450734.08, 188.60);
insert into STATION values (3318, '-', 5552, 261122.93, 450731.43, 187.35);
insert into STATION values (3319, '-', 5552, 261160.61, 450735.23, 188.33);
insert into STATION values (3320, '-', 5552, 261136.82, 450709.24, 173.74);
insert into STATION values (3321, '-', 5552, 261159.62, 450726.29, 192.11);
insert into STATION values (3322, '-', 5552, 261178.39, 450744.47, 234.06);
insert into STATION values (3323, '-', 5552, 261176.02, 450742.92, 206.30);
insert into STATION values (3324, '-', 5552, 261180.61, 450744.01, 207.78);
insert into STATION values (3325, '-', 5552, 261173.60, 450744.21, 203.68);
insert into STATION values (3326, '-', 5552, 261183.82, 450746.88, 178.72);
insert into STATION values (3327, '-', 5552, 261182.99, 450747.84, 179.93);
insert into STATION values (3328, '-', 5552, 261185.37, 450742.00, 180.68);
insert into STATION values (3329, '-', 5552, 261216.64, 450759.98, 211.94);
insert into STATION values (3330, '-', 5552, 261196.65, 450756.51, 213.67);
insert into STATION values (3331, '-', 5552, 261205.70, 450758.41, 216.69);
insert into STATION values (3332, '-', 5552, 261218.99, 450761.48, 212.21);
insert into STATION values (3333, '-', 5552, 261226.70, 450764.91, 215.13);
insert into STATION values (3334, '-', 5552, 261225.14, 450758.96, 188.06);
insert into STATION values (3335, '-', 5552, 261229.26, 450759.27, 187.65);
insert into STATION values (3336, '-', 5552, 261214.82, 450760.94, 191.73);
insert into STATION values (3337, '-', 5552, 261222.71, 450763.82, 189.65);
insert into STATION values (3338, '-', 5552, 261219.17, 450755.54, 173.59);
insert into STATION values (3339, '-', 5552, 261216.69, 450759.37, 176.35);
insert into STATION values (3340, '-', 5552, 261220.31, 450753.06, 174.77);
insert into STATION values (3341, '-', 5552, 261278.91, 450760.85, 194.98);
insert into STATION values (3342, '-', 5552, 261279.02, 450756.48, 184.18);
insert into STATION values (3343, '-', 5552, 261273.51, 450760.88, 199.43);
insert into STATION values (3344, '-', 5552, 261267.32, 450762.44, 202.13);
insert into STATION values (3345, '-', 5552, 261284.39, 450764.80, 185.44);
insert into STATION values (3346, '-', 5552, 261281.47, 450763.16, 173.60);
insert into STATION values (3347, '-', 5552, 261281.11, 450763.74, 175.15);
insert into STATION values (3348, '-', 5552, 261291.02, 450765.95, 183.57);
insert into STATION values (3349, '-', 5552, 261281.34, 450758.03, 175.57);
insert into STATION values (3350, '-', 5552, 261279.35, 450758.64, 177.77);
insert into STATION values (3351, '-', 5552, 261286.91, 450750.92, 185.24);
insert into STATION values (3352, '-', 5552, 261290.47, 450756.49, 184.29);
insert into STATION values (3353, '-', 5552, 261290.47, 450760.81, 183.70);
insert into STATION values (3354, '-', 5552, 261290.20, 450763.47, 182.29);
insert into STATION values (3355, '-', 5552, 261287.44, 450765.96, 180.98);
insert into STATION values (3356, '-', 5552, 261282.58, 450764.00, 185.27);
insert into STATION values (3357, '-', 5552, 261283.39, 450760.26, 192.88);
insert into STATION values (3358, '-', 5552, 261283.20, 450756.29, 187.85);
insert into STATION values (3359, '-', 5552, 261285.96, 450752.91, 185.92);
insert into STATION values (3360, '-', 5552, 261284.08, 450765.25, 176.54);
insert into STATION values (3361, '-', 5552, 261296.65, 450753.72, 178.31);
insert into STATION values (3362, '-', 5552, 261315.02, 450753.77, 199.33);
insert into STATION values (3363, '-', 5552, 261317.77, 450761.61, 199.14);
insert into STATION values (3364, '-', 5552, 261323.21, 450770.07, 199.59);
insert into STATION values (3365, '-', 5552, 261341.90, 450763.69, 193.64);
insert into STATION values (3366, '-', 5552, 261334.84, 450760.48, 201.68);
insert into STATION values (3367, '-', 5552, 261336.94, 450767.10, 199.19);
insert into STATION values (3368, '-', 5552, 261340.29, 450769.63, 194.47);
insert into STATION values (3369, '-', 5552, 261328.40, 450771.55, 191.41);
insert into STATION values (3370, '-', 5552, 261301.38, 450784.27, 175.54);
insert into STATION values (3371, '-', 5552, 261301.89, 450780.70, 180.02);
insert into STATION values (3372, '-', 5552, 261317.06, 450797.89, 182.36);
insert into STATION values (3373, '-', 5552, 261319.29, 450796.75, 183.57);
insert into STATION values (3374, '-', 5552, 261315.58, 450789.90, 182.38);
insert into STATION values (3375, '-', 5552, 261315.10, 450784.98, 182.44);
insert into STATION values (3376, '-', 5552, 261303.79, 450769.25, 174.98);
insert into STATION values (3377, '-', 5552, 261296.78, 450759.99, 172.63);
insert into STATION values (3378, '-', 5552, 261283.96, 450764.49, 172.89);
insert into STATION values (3379, '-', 5552, 261287.16, 450767.43, 172.85);
insert into STATION values (3380, '-', 5552, 261289.36, 450769.67, 172.69);
insert into STATION values (3381, '-', 5552, 261283.28, 450754.09, 173.87);
insert into STATION values (3382, '-', 5552, 261282.97, 450736.62, 181.18);
insert into STATION values (3383, '-', 5552, 261283.58, 450746.78, 186.65);
insert into STATION values (3384, '-', 5552, 261282.82, 450756.52, 173.50);
insert into STATION values (3385, '-', 5552, 261277.93, 450733.75, 174.04);
insert into STATION values (3386, '-', 5552, 261293.08, 450752.45, 173.55);
insert into STATION values (3387, '0', 5556, 261001.75, 450668.91, 133.27);
insert into STATION values (3388, '1', 5556, 260995.64, 450651.76, 124.06);
insert into STATION values (3389, '2', 5556, 260980.22, 450647.52, 110.49);
insert into STATION values (3390, '3', 5556, 260967.83, 450632.83, 101.18);
insert into STATION values (3391, '4', 5556, 260956.35, 450620.55, 106.18);
insert into STATION values (3392, '5', 5556, 260949.69, 450592.79, 105.46);
insert into STATION values (3393, '6', 5556, 260934.94, 450584.34, 104.14);
insert into STATION values (3394, '7', 5556, 260929.27, 450559.22, 106.42);
insert into STATION values (3395, '8', 5556, 260924.59, 450542.40, 106.94);
insert into STATION values (3396, '9', 5556, 260927.57, 450514.41, 111.26);
insert into STATION values (3397, '10', 5556, 260912.85, 450465.19, 106.77);
insert into STATION values (3398, '11', 5556, 260891.72, 450446.45, 112.40);
insert into STATION values (3399, '12', 5556, 260882.22, 450434.88, 108.14);
insert into STATION values (3400, '13', 5556, 260868.20, 450428.06, 114.05);
insert into STATION values (3401, '14', 5556, 260865.05, 450426.90, 114.23);
insert into STATION values (3402, '15', 5556, 260822.92, 450409.29, 104.59);
insert into STATION values (3403, '16', 5556, 260803.51, 450377.34, 107.74);
insert into STATION values (3404, '17', 5556, 260783.55, 450369.56, 103.33);
insert into STATION values (3405, '18', 5556, 260773.59, 450343.21, 102.43);
insert into STATION values (3406, '19', 5556, 260750.22, 450335.80, 101.55);
insert into STATION values (3407, '20', 5556, 260735.63, 450315.74, 102.88);
insert into STATION values (3408, '21', 5556, 260719.33, 450302.28, 102.42);
insert into STATION values (3409, '22', 5556, 260713.92, 450294.43, 103.53);
insert into STATION values (3410, '23', 5556, 260699.16, 450277.78, 102.02);
insert into STATION values (3411, '24', 5556, 260676.04, 450233.44, 107.96);
insert into STATION values (3412, '25', 5556, 260663.83, 450220.98, 107.24);
insert into STATION values (3413, '26', 5556, 260646.38, 450201.09, 102.37);
insert into STATION values (3414, '27', 5556, 260629.72, 450178.17, 102.08);
insert into STATION values (3415, '28', 5556, 260602.17, 450136.72, 102.13);
insert into STATION values (3416, '29', 5556, 260585.36, 450112.42, 102.36);
insert into STATION values (3417, '30', 5556, 260562.91, 450068.33, 104.67);
insert into STATION values (3418, '31', 5556, 260537.84, 450053.30, 102.12);
insert into STATION values (3419, '32', 5556, 260536.24, 450022.20, 101.82);
insert into STATION values (3420, '33', 5556, 260520.75, 449981.88, 101.15);
insert into STATION values (3421, '34', 5556, 260509.26, 449968.96, 102.63);
insert into STATION values (3422, '35', 5556, 260474.32, 449929.78, 102.86);
insert into STATION values (3423, '36', 5556, 260455.06, 449921.39, 110.69);
insert into STATION values (3424, '999', 5556, 260443.51, 449919.16, 111.33);
insert into STATION values (3425, '37', 5556, 260430.81, 449893.94, 113.30);
insert into STATION values (3426, '38', 5556, 260420.00, 449873.99, 116.14);
insert into STATION values (3427, '39', 5556, 260386.71, 449848.94, 105.19);
insert into STATION values (3428, '40', 5556, 260362.50, 449833.06, 100.04);
insert into STATION values (3429, '41', 5556, 260338.35, 449816.67, 97.36);
insert into STATION values (3430, '42', 5556, 260295.55, 449805.04, 103.63);
insert into STATION values (3431, '43', 5556, 260269.71, 449787.06, 104.97);
insert into STATION values (3432, '44', 5556, 260259.88, 449762.43, 99.84);
insert into STATION values (3433, '45', 5556, 260243.03, 449741.05, 101.87);
insert into STATION values (3434, '46', 5556, 260215.94, 449707.25, 102.24);
insert into STATION values (3435, '47', 5556, 260211.46, 449707.58, 101.30);
insert into STATION values (3436, '48', 5556, 260195.49, 449695.42, 99.77);
insert into STATION values (3437, '49', 5556, 260180.13, 449680.81, 95.73);
insert into STATION values (3438, '50', 5556, 260154.66, 449671.55, 95.35);
insert into STATION values (3439, '51', 5556, 260144.15, 449660.66, 96.14);
insert into STATION values (3440, '52', 5556, 260135.03, 449659.19, 95.55);
insert into STATION values (3441, '53', 5556, 260112.84, 449657.62, 86.57);
insert into STATION values (3442, '54', 5556, 260091.25, 449668.11, 71.21);
insert into STATION values (3443, '55', 5556, 260085.27, 449656.05, 72.22);
insert into STATION values (3444, '56', 5556, 260081.80, 449633.65, 77.93);
insert into STATION values (3445, '57', 5556, 260063.17, 449635.38, 71.88);
insert into STATION values (3446, '58', 5556, 260049.95, 449623.62, 79.13);
insert into STATION values (3447, '59', 5556, 260042.86, 449626.15, 83.35);
insert into STATION values (3448, '60', 5556, 260019.05, 449612.31, 87.47);
insert into STATION values (3449, '61', 5556, 259998.04, 449611.78, 91.78);
insert into STATION values (3450, '62', 5556, 259978.32, 449616.17, 93.03);
insert into STATION values (3451, '63', 5556, 259965.84, 449619.87, 94.52);
insert into STATION values (3452, '64', 5556, 259964.46, 449620.90, 98.06);
insert into STATION values (3453, '65', 5556, 259963.85, 449621.89, 100.01);
insert into STATION values (3454, '66', 5556, 259961.64, 449621.41, 102.90);
insert into STATION values (3455, '67', 5556, 259960.57, 449618.59, 106.58);
insert into STATION values (3456, '68', 5556, 259958.27, 449617.97, 108.56);
insert into STATION values (3457, '69', 5556, 259961.25, 449616.02, 109.72);
insert into STATION values (3458, '70', 5556, 259957.80, 449614.35, 113.26);
insert into STATION values (3459, '71', 5556, 259957.37, 449613.90, 114.64);
insert into STATION values (3460, '72', 5556, 259952.27, 449616.50, 117.47);
insert into STATION values (3461, '73', 5556, 259949.95, 449618.25, 119.35);
insert into STATION values (3462, '74', 5556, 259937.01, 449615.34, 122.38);
insert into STATION values (3463, '75', 5556, 259920.48, 449622.32, 116.16);
insert into STATION values (3464, '76', 5556, 259900.91, 449629.99, 110.22);
insert into STATION values (3465, '77', 5556, 259868.81, 449624.83, 107.86);
insert into STATION values (3466, '78', 5556, 259864.79, 449626.94, 105.62);
insert into STATION values (3467, '79', 5556, 259854.90, 449616.04, 104.19);
insert into STATION values (3468, '80', 5556, 259851.73, 449596.85, 105.14);
insert into STATION values (3469, '81', 5556, 259849.05, 449577.09, 103.71);
insert into STATION values (3470, '82', 5556, 259822.77, 449561.15, 101.96);
insert into STATION values (3471, '83', 5556, 259826.45, 449543.43, 100.88);
insert into STATION values (3472, '84', 5556, 259815.08, 449537.94, 101.21);
insert into STATION values (3473, '85', 5556, 259796.83, 449527.02, 98.71);
insert into STATION values (3474, '86', 5556, 259785.23, 449483.73, 103.49);
insert into STATION values (3475, '87', 5556, 259772.19, 449479.62, 99.36);
insert into STATION values (3476, '88', 5556, 259746.57, 449468.60, 86.17);
insert into STATION values (3477, '89', 5556, 259701.90, 449459.90, 88.97);
insert into STATION values (3478, '90', 5556, 259693.55, 449458.33, 86.87);
insert into STATION values (3479, '91', 5556, 259693.18, 449467.18, 81.66);
insert into STATION values (3480, '92', 5556, 259688.83, 449467.55, 79.61);
insert into STATION values (3481, '93', 5556, 259686.60, 449461.79, 78.75);
insert into STATION values (3482, '94', 5556, 259684.86, 449464.20, 75.26);
insert into STATION values (3483, '95', 5556, 259684.25, 449461.96, 72.85);
insert into STATION values (3484, '96', 5556, 259684.59, 449464.90, 71.74);
insert into STATION values (3485, '97', 5556, 259688.68, 449465.83, 70.93);
insert into STATION values (3486, '98', 5556, 259687.50, 449468.86, 69.10);
insert into STATION values (3487, '99', 5556, 259683.51, 449469.60, 64.68);
insert into STATION values (3488, '100', 5556, 259679.36, 449467.08, 66.11);
insert into STATION values (3489, '101', 5556, 259659.22, 449443.89, 67.03);
insert into STATION values (3490, '102', 5556, 259635.99, 449430.64, 65.59);
insert into STATION values (3491, '103', 5556, 259615.74, 449428.09, 65.62);
insert into STATION values (3492, '104', 5556, 259590.55, 449421.03, 64.06);
insert into STATION values (3493, '105', 5556, 259545.67, 449405.63, 64.80);
insert into STATION values (3494, '106', 5556, 259518.12, 449396.47, 63.73);
insert into STATION values (3495, '107', 5556, 259502.29, 449366.89, 64.11);
insert into STATION values (3496, '108', 5556, 259497.00, 449353.53, 63.47);
insert into STATION values (3497, '109', 5556, 259483.00, 449357.70, 64.43);
insert into STATION values (3498, '110', 5556, 259460.97, 449353.81, 63.35);
insert into STATION values (3499, '111', 5556, 259452.27, 449351.79, 64.31);
insert into STATION values (3500, '112', 5556, 259434.67, 449332.56, 62.49);
insert into STATION values (3501, '113', 5556, 259422.78, 449296.69, 61.84);
insert into STATION values (3502, '114', 5556, 259421.56, 449279.10, 61.80);
insert into STATION values (3503, '115', 5556, 259417.20, 449270.86, 62.31);
insert into STATION values (3504, '116', 5556, 259410.71, 449236.64, 46.51);
insert into STATION values (3505, '117', 5556, 259403.17, 449243.24, 50.37);
insert into STATION values (3506, '118', 5556, 259396.26, 449240.33, 49.40);
insert into STATION values (3507, '119', 5556, 259387.46, 449220.47, 50.70);
insert into STATION values (3508, '120', 5556, 259380.55, 449195.23, 57.36);
insert into STATION values (3509, '121', 5556, 259367.00, 449171.01, 58.55);
insert into STATION values (3510, '122', 5556, 259359.99, 449141.12, 57.48);
insert into STATION values (3511, '123', 5556, 259344.27, 449139.51, 57.08);
insert into STATION values (3512, '124', 5556, 259327.59, 449123.51, 60.60);
insert into STATION values (3513, '125', 5556, 259325.35, 449133.06, 65.35);
insert into STATION values (3514, '126', 5556, 259317.44, 449154.80, 70.58);
insert into STATION values (3515, '127', 5556, 259320.78, 449162.12, 68.55);
insert into STATION values (3516, '128', 5556, 259319.16, 449171.63, 69.07);
insert into STATION values (3517, '129', 5556, 259318.63, 449187.71, 63.44);
insert into STATION values (3518, '130', 5556, 259314.82, 449193.90, 62.57);
insert into STATION values (3519, '131', 5556, 259306.10, 449194.46, 67.37);
insert into STATION values (3520, '132', 5556, 259297.02, 449195.47, 68.06);
insert into STATION values (3521, '133', 5556, 259300.03, 449202.74, 65.46);
insert into STATION values (3522, '134', 5556, 259302.93, 449210.04, 64.40);
insert into STATION values (3523, '135', 5556, 259307.73, 449231.43, 55.47);
insert into STATION values (3524, '136', 5556, 259268.65, 449217.93, 55.68);
insert into STATION values (3525, '137', 5556, 259261.27, 449202.43, 56.28);
insert into STATION values (3526, '138', 5556, 259235.68, 449178.22, 55.01);
insert into STATION values (3527, '139', 5556, 259224.74, 449172.32, 55.03);
insert into STATION values (3528, '141', 5556, 259207.39, 449155.07, 57.19);
insert into STATION values (3529, '-', 5556, 260866.67, 450469.30, 119.16);
insert into STATION values (3530, '-', 5556, 260815.23, 450448.40, 129.23);
insert into STATION values (3531, '-', 5556, 260814.24, 450339.54, 134.53);
insert into STATION values (3532, '-', 5556, 260770.41, 450284.28, 137.99);
insert into STATION values (3533, '-', 5556, 260647.20, 450168.63, 112.48);
insert into STATION values (3534, '-', 5556, 260586.97, 450109.72, 111.08);
insert into STATION values (3535, '-', 5556, 260585.13, 450112.19, 101.31);
insert into STATION values (3536, '-', 5556, 260592.75, 450109.79, 103.75);
insert into STATION values (3537, '-', 5556, 260629.78, 450105.94, 131.40);
insert into STATION values (3538, '-', 5556, 260597.57, 450085.95, 121.63);
insert into STATION values (3539, '-', 5556, 260614.96, 450092.80, 130.92);
insert into STATION values (3540, '-', 5556, 260586.80, 450082.98, 119.88);
insert into STATION values (3541, '-', 5556, 260581.07, 450079.36, 119.28);
insert into STATION values (3542, '-', 5556, 260612.90, 450118.82, 118.72);
insert into STATION values (3543, '-', 5556, 260582.97, 450113.19, 102.86);
insert into STATION values (3544, '-', 5556, 260537.51, 450051.80, 111.78);
insert into STATION values (3545, '-', 5556, 260536.64, 450053.20, 100.15);
insert into STATION values (3546, '-', 5556, 260555.09, 450045.94, 113.41);
insert into STATION values (3547, '-', 5556, 260525.16, 450051.14, 106.78);
insert into STATION values (3548, '-', 5556, 260506.30, 450071.27, 108.00);
insert into STATION values (3549, '-', 5556, 260516.03, 450078.12, 108.95);
insert into STATION values (3550, '-', 5556, 260523.40, 450080.79, 109.85);
insert into STATION values (3551, '-', 5556, 260269.82, 449785.55, 111.41);
insert into STATION values (3552, '-', 5556, 260294.94, 449770.84, 116.96);
insert into STATION values (3553, '-', 5556, 260267.56, 449747.02, 109.61);
insert into STATION values (3554, '-', 5556, 260278.48, 449763.27, 109.60);
insert into STATION values (3555, '-', 5556, 260290.27, 449772.27, 113.91);
insert into STATION values (3556, '-', 5556, 260299.15, 449786.30, 121.53);
insert into STATION values (3557, '-', 5556, 260303.72, 449798.23, 123.76);
insert into STATION values (3558, '-', 5556, 260282.59, 449818.05, 116.09);
insert into STATION values (3559, '-', 5556, 260258.51, 449787.13, 103.58);
insert into STATION values (3560, '-', 5556, 260265.56, 449783.72, 100.62);
insert into STATION values (3561, '-', 5556, 260260.73, 449782.88, 104.51);
insert into STATION values (3562, '-', 5556, 260257.33, 449790.59, 104.70);
insert into STATION values (3563, '-', 5556, 260239.54, 449805.29, 109.38);
insert into STATION values (3564, '-', 5556, 260224.10, 449810.40, 118.89);
insert into STATION values (3565, '-', 5556, 260245.24, 449818.07, 118.52);
insert into STATION values (3566, '-', 5556, 260251.34, 449823.48, 120.09);
insert into STATION values (3567, '-', 5556, 260267.14, 449825.93, 120.00);
insert into STATION values (3568, '-', 5556, 260275.92, 449818.68, 117.46);
insert into STATION values (3569, '-', 5556, 260226.79, 449776.37, 94.80);
insert into STATION values (3570, '-', 5556, 260217.18, 449758.22, 94.05);
insert into STATION values (3571, '-', 5556, 260090.56, 449666.87, 79.92);
insert into STATION values (3572, '-', 5556, 260091.24, 449667.76, 70.13);
insert into STATION values (3573, '-', 5556, 260097.31, 449651.49, 81.41);
insert into STATION values (3574, '-', 5556, 260095.15, 449674.52, 73.87);
insert into STATION values (3575, '-', 5556, 260092.51, 449690.90, 77.58);
insert into STATION values (3576, '-', 5556, 260075.95, 449676.37, 62.72);
insert into STATION values (3577, '-', 5556, 260065.60, 449653.26, 69.16);
insert into STATION values (3578, '-', 5556, 259802.92, 449570.51, 92.51);
insert into STATION values (3579, '-', 5556, 259799.26, 449576.88, 90.82);
insert into STATION values (3580, '0', 5560, 261506.14, 450777.63, 248.72);
insert into STATION values (3581, '1', 5560, 261489.90, 450772.18, 242.04);
insert into STATION values (3582, '2', 5560, 261478.75, 450771.91, 237.34);
insert into STATION values (3583, '3', 5560, 261470.76, 450770.02, 233.86);
insert into STATION values (3584, '4', 5560, 261480.44, 450761.29, 226.64);
insert into STATION values (3585, '5', 5560, 261469.08, 450753.08, 219.16);
insert into STATION values (3586, '6', 5560, 261460.62, 450750.93, 214.25);
insert into STATION values (3587, '7', 5560, 261477.57, 450750.19, 217.05);
insert into STATION values (3588, '8', 5560, 261487.30, 450753.35, 218.29);
insert into STATION values (3589, '9', 5560, 261514.09, 450762.35, 221.69);
insert into STATION values (3590, '10', 5560, 261536.15, 450763.38, 221.50);
insert into STATION values (3591, '11', 5560, 261462.84, 450767.98, 229.25);
insert into STATION values (3592, '12', 5560, 261459.16, 450763.08, 223.80);
insert into STATION values (3593, '13', 5560, 261441.01, 450759.80, 211.85);
insert into STATION values (3594, '14', 5560, 261507.51, 450782.07, 256.28);
insert into STATION values (3595, '15', 5560, 261521.04, 450786.21, 261.75);
insert into STATION values (3596, '16', 5560, 261518.28, 450790.27, 270.67);
insert into STATION values (3597, '17', 5560, 261514.76, 450792.80, 279.86);
insert into STATION values (3598, '18', 5560, 261511.77, 450794.46, 283.16);
insert into STATION values (3599, '19', 5560, 261503.98, 450791.09, 286.20);
insert into STATION values (3600, '20', 5560, 261501.62, 450791.73, 289.31);
insert into STATION values (3601, '21', 5560, 261495.92, 450799.05, 295.56);
insert into STATION values (3602, '22', 5560, 261490.72, 450798.99, 297.34);
insert into STATION values (3603, '-', 5560, 261520.71, 450789.79, 274.24);
insert into STATION values (3604, '-', 5560, 261521.06, 450786.19, 261.40);
insert into STATION values (3605, '-', 5560, 261520.10, 450788.08, 262.10);
insert into STATION values (3606, '-', 5560, 261522.04, 450785.38, 262.01);
insert into STATION values (3607, '-', 5560, 261479.53, 450759.86, 231.30);
insert into STATION values (3608, '-', 5560, 261478.28, 450754.66, 234.04);
insert into STATION values (3609, '-', 5560, 261480.36, 450761.21, 224.84);
insert into STATION values (3610, '-', 5560, 261482.92, 450760.70, 227.57);
insert into STATION values (3611, '-', 5560, 261486.04, 450755.52, 230.09);
insert into STATION values (3612, '-', 5560, 261480.73, 450754.03, 223.98);
insert into STATION values (3613, '-', 5560, 261477.15, 450758.87, 224.45);
insert into STATION values (3614, '-', 5560, 261476.24, 450760.89, 228.37);
insert into STATION values (3615, '-', 5560, 261467.39, 450752.78, 223.10);
insert into STATION values (3616, '-', 5560, 261469.40, 450752.55, 215.60);
insert into STATION values (3617, '-', 5560, 261471.12, 450748.80, 219.47);
insert into STATION values (3618, '-', 5560, 261471.07, 450746.83, 224.94);
insert into STATION values (3619, '-', 5560, 261477.42, 450750.10, 217.25);
insert into STATION values (3620, '-', 5560, 261466.52, 450755.90, 219.46);
insert into STATION values (3621, '-', 5560, 261459.34, 450750.95, 219.32);
insert into STATION values (3622, '-', 5560, 261461.51, 450750.47, 218.96);
insert into STATION values (3623, '-', 5560, 261459.82, 450751.33, 212.22);
insert into STATION values (3624, '-', 5560, 261460.91, 450750.50, 210.80);
insert into STATION values (3625, '-', 5560, 261460.58, 450744.96, 216.57);
insert into STATION values (3626, '-', 5560, 261437.57, 450743.07, 195.46);
insert into STATION values (3627, '-', 5560, 261462.13, 450746.31, 214.26);
insert into STATION values (3628, '-', 5560, 261459.61, 450753.19, 215.41);
insert into STATION values (3629, '-', 5560, 261433.20, 450748.46, 195.16);
insert into STATION values (3630, '-', 5560, 261459.20, 450753.50, 214.57);
insert into STATION values (3631, '-', 5560, 261487.90, 450753.82, 223.23);
insert into STATION values (3632, '-', 5560, 261482.60, 450759.32, 232.30);
insert into STATION values (3633, '-', 5560, 261487.31, 450753.61, 216.98);
insert into STATION values (3634, '-', 5560, 261485.99, 450756.87, 219.33);
insert into STATION values (3635, '-', 5560, 261487.42, 450752.97, 218.28);
insert into STATION values (3636, '-', 5560, 261536.58, 450763.81, 223.76);
insert into STATION values (3637, '-', 5560, 261536.07, 450763.50, 220.41);
insert into STATION values (3638, '-', 5560, 261535.96, 450766.87, 221.72);
insert into STATION values (3639, '-', 5560, 261543.38, 450768.00, 226.99);
insert into STATION values (3640, '-', 5560, 261546.22, 450768.24, 220.05);
insert into STATION values (3641, '-', 5560, 261550.81, 450764.32, 215.64);
insert into STATION values (3642, '-', 5560, 261536.16, 450763.15, 221.50);
insert into STATION values (3643, '100', 5564, 261460.62, 450750.93, 214.25);
insert into STATION values (3644, '101', 5564, 261458.05, 450749.59, 210.79);
insert into STATION values (3645, '102', 5564, 261450.07, 450740.07, 201.65);
insert into STATION values (3646, '103', 5564, 261447.23, 450738.59, 196.12);
insert into STATION values (3647, '104', 5564, 261442.51, 450743.89, 186.57);
insert into STATION values (3648, '105', 5564, 261439.68, 450750.86, 182.03);
insert into STATION values (3649, '0', 5568, 261731.39, 450918.66, 314.81);
insert into STATION values (3650, '-', 5568, 261731.01, 450918.36, 314.79);
insert into STATION values (3651, '-', 5568, 261732.48, 450920.47, 314.40);
insert into STATION values (3652, '-', 5568, 261731.37, 450918.59, 315.52);
insert into STATION values (3653, '-', 5568, 261731.41, 450918.33, 313.11);
insert into STATION values (3654, '1', 5568, 261729.31, 450922.45, 312.75);
insert into STATION values (3655, '-', 5568, 261732.46, 450919.91, 315.09);
insert into STATION values (3656, '-', 5568, 261731.20, 450918.55, 314.81);
insert into STATION values (3657, '-', 5568, 261731.42, 450918.65, 315.14);
insert into STATION values (3658, '-', 5568, 261731.54, 450918.55, 312.95);
insert into STATION values (3659, '2', 5568, 261733.02, 450913.91, 311.89);
insert into STATION values (3660, '-', 5568, 261731.18, 450920.81, 314.82);
insert into STATION values (3661, '-', 5568, 261731.62, 450917.67, 314.80);
insert into STATION values (3662, '-', 5568, 261731.30, 450918.77, 315.55);
insert into STATION values (3663, '-', 5568, 261731.63, 450918.88, 312.92);
insert into STATION values (3664, '3', 5568, 261737.80, 450921.40, 318.80);
insert into STATION values (3665, '-', 5568, 261736.31, 450923.79, 318.62);
insert into STATION values (3666, '-', 5568, 261738.03, 450921.10, 318.78);
insert into STATION values (3667, '-', 5568, 261737.82, 450921.96, 320.28);
insert into STATION values (3668, '-', 5568, 261737.93, 450921.46, 317.49);
insert into STATION values (3669, '4', 5568, 261739.56, 450925.27, 321.37);
insert into STATION values (3670, '-', 5568, 261739.25, 450925.46, 321.35);
insert into STATION values (3671, '-', 5568, 261741.90, 450923.79, 321.60);
insert into STATION values (3672, '-', 5568, 261739.35, 450924.30, 323.19);
insert into STATION values (3673, '-', 5568, 261739.58, 450925.02, 319.61);
insert into STATION values (3674, '5', 5568, 261743.98, 450922.87, 323.75);
insert into STATION values (3675, '-', 5568, 261745.20, 450924.23, 324.31);
insert into STATION values (3676, '-', 5568, 261743.67, 450922.38, 323.48);
insert into STATION values (3677, '-', 5568, 261744.54, 450922.80, 326.96);
insert into STATION values (3678, '-', 5568, 261743.94, 450922.92, 322.79);
insert into STATION values (3679, '1', 5596, 261366.11, 450877.48, 227.28);
insert into STATION values (3680, '2', 5596, 261363.47, 450887.58, 219.77);
insert into STATION values (3681, '3', 5596, 261353.25, 450886.23, 212.73);
insert into STATION values (3682, '4', 5596, 261352.27, 450895.32, 207.91);
insert into STATION values (3683, '5', 5596, 261344.25, 450887.43, 205.24);
insert into STATION values (3684, '6', 5596, 261340.82, 450883.06, 204.15);
insert into STATION values (3685, '7', 5596, 261339.60, 450877.30, 202.44);
insert into STATION values (3686, '8', 5596, 261342.76, 450875.57, 175.11);
insert into STATION values (3687, '9', 5596, 261338.06, 450877.90, 176.91);
insert into STATION values (3688, '214', 5600, 261749.76, 451163.07, 436.70);
insert into STATION values (3689, '-', 5600, 261763.35, 451162.37, 437.82);
insert into STATION values (3690, '-', 5600, 261739.37, 451158.95, 439.01);
insert into STATION values (3691, '-', 5600, 261750.46, 451160.80, 443.64);
insert into STATION values (3692, '-', 5600, 261749.94, 451163.22, 436.11);
insert into STATION values (3693, '403', 5600, 261778.03, 451148.47, 441.81);
insert into STATION values (3694, '-', 5600, 261777.44, 451155.04, 441.95);
insert into STATION values (3695, '-', 5600, 261778.09, 451144.50, 443.64);
insert into STATION values (3696, '-', 5600, 261780.10, 451149.22, 448.26);
insert into STATION values (3697, '-', 5600, 261778.47, 451148.58, 441.07);
insert into STATION values (3698, '-', 5600, 261764.61, 451158.40, 439.44);
insert into STATION values (3699, '-', 5600, 261764.44, 451142.19, 440.48);
insert into STATION values (3700, '-', 5600, 261740.04, 451159.74, 438.61);
insert into STATION values (3701, '404', 5600, 261803.10, 451162.56, 455.01);
insert into STATION values (3702, '-', 5600, 261801.12, 451164.33, 458.25);
insert into STATION values (3703, '-', 5600, 261808.54, 451151.23, 451.45);
insert into STATION values (3704, '-', 5600, 261803.38, 451162.32, 461.59);
insert into STATION values (3705, '-', 5600, 261803.52, 451162.63, 454.34);
insert into STATION values (3706, '405', 5600, 261811.38, 451164.27, 468.47);
insert into STATION values (3707, '406', 5600, 261812.66, 451156.28, 450.23);
insert into STATION values (3708, '-', 5600, 261812.85, 451162.74, 452.15);
insert into STATION values (3709, '-', 5600, 261815.53, 451149.36, 449.02);
insert into STATION values (3710, '-', 5600, 261813.51, 451157.04, 456.97);
insert into STATION values (3711, '-', 5600, 261813.51, 451156.34, 449.24);
insert into STATION values (3712, '-', 5600, 261824.75, 451165.86, 454.98);
insert into STATION values (3713, '-', 5600, 261835.17, 451159.17, 446.41);
insert into STATION values (3714, '-', 5600, 261817.80, 451152.99, 453.78);
insert into STATION values (3715, '-', 5600, 261812.16, 451163.38, 458.79);
insert into STATION values (3716, '-', 5600, 261824.95, 451164.32, 442.48);
insert into STATION values (3717, '-', 5600, 261840.50, 451152.60, 434.50);
insert into STATION values (3718, '407', 5600, 261821.82, 451155.17, 445.13);
insert into STATION values (3719, '-', 5600, 261820.27, 451166.03, 446.50);
insert into STATION values (3720, '-', 5600, 261823.88, 451151.43, 447.78);
insert into STATION values (3721, '-', 5600, 261821.01, 451156.40, 453.07);
insert into STATION values (3722, '-', 5600, 261825.91, 451155.56, 440.08);
insert into STATION values (3723, '408', 5600, 261836.14, 451154.20, 436.63);
insert into STATION values (3724, '-', 5600, 261838.46, 451154.76, 436.37);
insert into STATION values (3725, '-', 5600, 261835.35, 451148.38, 433.93);
insert into STATION values (3726, '-', 5600, 261835.75, 451153.66, 439.58);
insert into STATION values (3727, '-', 5600, 261836.41, 451153.62, 435.40);
insert into STATION values (3728, '-', 5600, 261824.06, 451165.79, 459.40);
insert into STATION values (3729, '-', 5600, 261839.04, 451166.91, 448.94);
insert into STATION values (3730, '409', 5600, 261844.25, 451150.77, 429.98);
insert into STATION values (3731, '-', 5600, 261844.45, 451154.89, 430.36);
insert into STATION values (3732, '-', 5600, 261843.03, 451144.33, 428.70);
insert into STATION values (3733, '-', 5600, 261844.18, 451150.39, 431.81);
insert into STATION values (3734, '-', 5600, 261844.56, 451150.44, 428.74);
insert into STATION values (3735, '410', 5600, 261858.14, 451148.24, 427.10);
insert into STATION values (3736, '-', 5600, 261861.23, 451155.58, 426.16);
insert into STATION values (3737, '-', 5600, 261857.94, 451145.01, 426.33);
insert into STATION values (3738, '-', 5600, 261858.38, 451148.17, 427.87);
insert into STATION values (3739, '-', 5600, 261858.41, 451147.95, 425.72);
insert into STATION values (3740, '411', 5600, 261876.11, 451149.31, 417.64);
insert into STATION values (3741, '-', 5600, 261875.08, 451153.22, 418.06);
insert into STATION values (3742, '-', 5600, 261878.77, 451144.70, 415.50);
insert into STATION values (3743, '-', 5600, 261876.34, 451149.34, 419.21);
insert into STATION values (3744, '-', 5600, 261876.88, 451149.44, 416.86);
insert into STATION values (3745, '412', 5600, 261884.68, 451148.93, 417.93);
insert into STATION values (3746, '-', 5600, 261884.89, 451150.72, 418.51);
insert into STATION values (3747, '-', 5600, 261885.45, 451147.38, 417.45);
insert into STATION values (3748, '-', 5600, 261885.23, 451148.99, 419.84);
insert into STATION values (3749, '-', 5600, 261885.50, 451148.60, 415.71);
insert into STATION values (3750, '413', 5600, 261888.64, 451147.62, 414.54);
insert into STATION values (3751, '-', 5600, 261888.64, 451146.39, 414.85);
insert into STATION values (3752, '-', 5600, 261888.62, 451146.37, 414.74);
insert into STATION values (3753, '-', 5600, 261885.37, 451148.27, 420.93);
insert into STATION values (3754, '-', 5600, 261888.12, 451147.34, 414.09);
insert into STATION values (3755, '414', 5600, 261896.87, 451148.38, 414.37);
insert into STATION values (3756, '-', 5600, 261896.77, 451151.29, 414.40);
insert into STATION values (3757, '-', 5600, 261897.24, 451147.30, 414.53);
insert into STATION values (3758, '-', 5600, 261897.20, 451149.87, 418.74);
insert into STATION values (3759, '-', 5600, 261897.01, 451148.53, 413.27);
insert into STATION values (3760, '-', 5600, 261894.38, 451151.11, 431.42);
insert into STATION values (3761, '-', 5600, 261900.10, 451149.56, 426.87);
insert into STATION values (3762, '-', 5600, 261901.74, 451148.32, 419.83);
insert into STATION values (3763, '-', 5600, 261903.10, 451148.06, 415.42);
insert into STATION values (3764, '-', 5600, 261913.78, 451153.22, 415.50);
insert into STATION values (3765, '-', 5600, 261901.13, 451151.04, 409.79);
insert into STATION values (3766, '415', 5600, 261908.92, 451153.38, 414.09);
insert into STATION values (3767, '-', 5600, 261906.55, 451156.99, 414.11);
insert into STATION values (3768, '-', 5600, 261911.35, 451147.61, 413.89);
insert into STATION values (3769, '-', 5600, 261908.78, 451153.75, 420.25);
insert into STATION values (3770, '-', 5600, 261908.65, 451153.91, 413.26);
insert into STATION values (3771, '416', 5600, 261921.80, 451158.55, 425.40);
insert into STATION values (3772, '-', 5600, 261916.91, 451164.04, 424.47);
insert into STATION values (3773, '-', 5600, 261922.35, 451157.99, 426.00);
insert into STATION values (3774, '-', 5600, 261921.94, 451159.13, 427.30);
insert into STATION values (3775, '-', 5600, 261921.75, 451158.72, 424.43);
insert into STATION values (3776, '417', 5600, 261928.36, 451160.47, 428.95);
insert into STATION values (3777, '-', 5600, 261927.56, 451163.08, 429.68);
insert into STATION values (3778, '-', 5600, 261929.25, 451159.66, 428.93);
insert into STATION values (3779, '-', 5600, 261928.58, 451160.42, 430.85);
insert into STATION values (3780, '-', 5600, 261928.69, 451160.35, 427.50);
insert into STATION values (3781, '418', 5600, 261931.74, 451164.95, 426.29);
insert into STATION values (3782, '-', 5600, 261931.06, 451167.71, 425.71);
insert into STATION values (3783, '-', 5600, 261932.61, 451164.61, 425.85);
insert into STATION values (3784, '-', 5600, 261931.75, 451165.34, 426.83);
insert into STATION values (3785, '-', 5600, 261931.65, 451165.18, 425.72);
insert into STATION values (3786, '-', 5600, 261930.11, 451167.75, 438.57);
insert into STATION values (3787, '419', 5600, 261933.79, 451167.04, 424.34);
insert into STATION values (3788, '420', 5600, 261932.76, 451170.47, 436.04);
insert into STATION values (3789, '-', 5600, 261933.06, 451169.52, 431.80);
insert into STATION values (3790, '-', 5600, 261933.78, 451167.47, 424.13);
insert into STATION values (3791, '287', 5750, 261947.08, 451581.78, 433.11);
insert into STATION values (3792, '-', 5750, 261941.14, 451582.43, 433.80);
insert into STATION values (3793, '-', 5750, 261959.40, 451585.98, 438.47);
insert into STATION values (3794, '-', 5750, 261947.32, 451581.47, 440.80);
insert into STATION values (3795, '-', 5750, 261947.37, 451581.60, 432.07);
insert into STATION values (3796, '288', 5750, 261948.77, 451584.50, 434.27);
insert into STATION values (3797, '-', 5750, 261942.10, 451585.00, 433.90);
insert into STATION values (3798, '-', 5750, 261959.59, 451585.74, 439.55);
insert into STATION values (3799, '-', 5750, 261948.79, 451585.23, 440.88);
insert into STATION values (3800, '-', 5750, 261948.85, 451584.82, 433.94);
insert into STATION values (3801, '289', 5750, 261955.66, 451589.80, 437.62);
insert into STATION values (3802, '-', 5750, 261941.87, 451598.09, 434.86);
insert into STATION values (3803, '-', 5750, 261959.75, 451588.24, 439.47);
insert into STATION values (3804, '-', 5750, 261955.50, 451591.41, 441.18);
insert into STATION values (3805, '-', 5750, 261956.25, 451590.21, 436.97);
insert into STATION values (3806, '290', 5750, 261960.64, 451595.10, 438.10);
insert into STATION values (3807, '-', 5750, 261951.89, 451607.93, 436.50);
insert into STATION values (3808, '-', 5750, 261965.14, 451591.55, 441.81);
insert into STATION values (3809, '-', 5750, 261962.22, 451595.65, 444.49);
insert into STATION values (3810, '-', 5750, 261960.87, 451595.60, 436.92);
insert into STATION values (3811, '291', 5750, 261970.85, 451603.17, 437.24);
insert into STATION values (3812, '-', 5750, 261971.77, 451603.26, 435.51);
insert into STATION values (3813, '-', 5750, 261964.41, 451612.19, 437.42);
insert into STATION values (3814, '-', 5750, 261969.94, 451593.15, 440.73);
insert into STATION values (3815, '-', 5750, 261968.90, 451602.34, 446.15);
insert into STATION values (3816, '-', 5750, 261970.92, 451603.04, 436.36);
insert into STATION values (3817, '-', 5750, 261978.43, 451586.85, 458.66);
insert into STATION values (3818, '-', 5750, 261982.40, 451596.88, 449.99);
insert into STATION values (3819, '-', 5750, 261972.81, 451601.34, 436.32);
insert into STATION values (3820, '-', 5750, 261976.42, 451605.43, 434.97);
insert into STATION values (3821, '-', 5750, 261982.53, 451608.29, 440.60);
insert into STATION values (3822, '-', 5750, 261976.11, 451605.70, 445.07);
insert into STATION values (3823, '-', 5750, 261978.07, 451613.75, 440.78);
insert into STATION values (3824, '-', 5750, 261965.02, 451612.64, 434.45);
insert into STATION values (3825, '-', 5750, 261968.37, 451612.64, 442.67);
insert into STATION values (3826, '-', 5750, 261957.78, 451636.04, 437.40);
insert into STATION values (3827, '292', 5750, 261987.08, 451607.38, 441.88);
insert into STATION values (3828, '-', 5750, 261987.10, 451607.75, 441.91);
insert into STATION values (3829, '-', 5750, 261989.70, 451594.95, 444.24);
insert into STATION values (3830, '-', 5750, 261987.62, 451606.75, 447.37);
insert into STATION values (3831, '-', 5750, 261987.49, 451607.24, 440.40);
insert into STATION values (3832, '293', 5750, 262000.26, 451605.26, 440.89);
insert into STATION values (3833, '-', 5750, 261999.05, 451608.84, 441.61);
insert into STATION values (3834, '-', 5750, 262001.71, 451597.77, 444.22);
insert into STATION values (3835, '-', 5750, 261998.30, 451605.70, 447.99);
insert into STATION values (3836, '-', 5750, 262000.35, 451605.33, 439.95);
insert into STATION values (3837, '294', 5750, 262024.29, 451615.16, 440.13);
insert into STATION values (3838, '-', 5750, 262024.05, 451619.28, 442.64);
insert into STATION values (3839, '-', 5750, 262026.07, 451609.43, 440.45);
insert into STATION values (3840, '-', 5750, 262026.02, 451615.42, 448.11);
insert into STATION values (3841, '-', 5750, 262026.74, 451612.11, 436.64);
insert into STATION values (3842, '295', 5750, 262042.57, 451613.60, 441.78);
insert into STATION values (3843, '-', 5750, 262044.01, 451625.72, 442.67);
insert into STATION values (3844, '-', 5750, 262042.86, 451613.18, 441.91);
insert into STATION values (3845, '-', 5750, 262044.40, 451617.87, 446.56);
insert into STATION values (3846, '-', 5750, 262047.76, 451620.32, 435.71);
insert into STATION values (3847, '296', 5750, 262064.38, 451622.31, 437.76);
insert into STATION values (3848, '-', 5750, 262061.21, 451632.11, 446.06);
insert into STATION values (3849, '-', 5750, 262067.31, 451617.98, 439.91);
insert into STATION values (3850, '-', 5750, 262065.76, 451624.86, 450.02);
insert into STATION values (3851, '-', 5750, 262065.82, 451622.76, 435.87);
insert into STATION values (3852, '297', 5750, 262091.38, 451638.16, 442.56);
insert into STATION values (3853, '-', 5750, 262088.79, 451644.37, 442.93);
insert into STATION values (3854, '-', 5750, 262093.39, 451633.94, 444.69);
insert into STATION values (3855, '-', 5750, 262092.24, 451639.63, 448.37);
insert into STATION values (3856, '-', 5750, 262091.73, 451638.46, 441.79);
insert into STATION values (3857, '298', 5750, 262098.10, 451651.80, 440.45);
insert into STATION values (3858, '-', 5750, 262095.29, 451653.74, 441.75);
insert into STATION values (3859, '-', 5750, 262103.54, 451644.62, 442.15);
insert into STATION values (3860, '-', 5750, 262099.87, 451652.93, 450.53);
insert into STATION values (3861, '-', 5750, 262098.33, 451652.02, 439.26);
insert into STATION values (3862, '299', 5750, 262114.04, 451662.01, 443.45);
insert into STATION values (3863, '-', 5750, 262113.89, 451662.92, 443.77);
insert into STATION values (3864, '-', 5750, 262116.39, 451651.89, 443.93);
insert into STATION values (3865, '-', 5750, 262113.77, 451657.51, 453.03);
insert into STATION values (3866, '-', 5750, 262115.08, 451655.23, 435.55);
insert into STATION values (3867, '300', 5750, 262104.82, 451663.31, 443.21);
insert into STATION values (3868, '301', 5750, 262148.86, 451663.36, 441.36);
insert into STATION values (3869, '-', 5750, 262147.12, 451668.71, 441.76);
insert into STATION values (3870, '-', 5750, 262149.38, 451661.43, 441.98);
insert into STATION values (3871, '-', 5750, 262149.07, 451665.05, 461.53);
insert into STATION values (3872, '-', 5750, 262149.33, 451664.14, 440.06);
insert into STATION values (3873, '302', 5750, 262178.77, 451672.35, 441.68);
insert into STATION values (3874, '-', 5750, 262178.26, 451682.45, 444.32);
insert into STATION values (3875, '-', 5750, 262177.39, 451667.72, 441.90);
insert into STATION values (3876, '-', 5750, 262180.01, 451673.24, 449.50);
insert into STATION values (3877, '-', 5750, 262178.39, 451671.31, 440.36);
insert into STATION values (3878, '303', 5750, 262191.14, 451684.23, 442.54);
insert into STATION values (3879, '-', 5750, 262196.11, 451674.00, 425.79);
insert into STATION values (3880, '-', 5750, 262192.23, 451668.76, 445.06);
insert into STATION values (3881, '-', 5750, 262193.08, 451674.32, 454.99);
insert into STATION values (3882, '-', 5750, 262212.82, 451677.93, 446.92);
insert into STATION values (3883, '-', 5750, 262208.98, 451685.35, 445.60);
insert into STATION values (3884, '-', 5750, 262201.40, 451681.54, 435.86);
insert into STATION values (3885, '-', 5750, 262208.35, 451677.09, 435.19);
insert into STATION values (3886, '-', 5750, 262196.69, 451678.84, 430.48);
insert into STATION values (3887, '-', 5750, 262188.17, 451678.16, 437.90);
insert into STATION values (3888, '-', 5750, 262183.10, 451675.32, 449.95);
insert into STATION values (3889, '-', 5750, 262179.94, 451679.46, 434.79);
insert into STATION values (3890, '-', 5750, 262231.31, 451691.88, 449.37);
insert into STATION values (3891, '304', 5750, 262127.85, 451663.95, 436.25);
insert into STATION values (3892, '-', 5750, 262125.11, 451667.01, 437.97);
insert into STATION values (3893, '-', 5750, 262129.84, 451665.05, 435.46);
insert into STATION values (3894, '-', 5750, 262129.08, 451665.17, 438.44);
insert into STATION values (3895, '-', 5750, 262128.91, 451664.91, 434.85);
insert into STATION values (3896, '305', 5750, 262131.54, 451671.02, 433.81);
insert into STATION values (3897, '-', 5750, 262131.10, 451672.13, 434.28);
insert into STATION values (3898, '-', 5750, 262131.59, 451669.29, 434.28);
insert into STATION values (3899, '-', 5750, 262131.76, 451671.56, 437.38);
insert into STATION values (3900, '-', 5750, 262131.74, 451671.15, 432.81);
insert into STATION values (3901, '306', 5750, 262136.61, 451669.97, 431.50);
insert into STATION values (3902, '-', 5750, 262136.61, 451670.86, 431.57);
insert into STATION values (3903, '-', 5750, 262137.14, 451668.58, 431.77);
insert into STATION values (3904, '-', 5750, 262136.69, 451670.01, 432.94);
insert into STATION values (3905, '-', 5750, 262136.81, 451670.15, 430.45);
insert into STATION values (3906, '307', 5750, 262145.17, 451672.27, 424.67);
insert into STATION values (3907, '-', 5750, 262145.70, 451675.73, 424.59);
insert into STATION values (3908, '-', 5750, 262145.45, 451671.37, 424.82);
insert into STATION values (3909, '-', 5750, 262145.28, 451672.40, 425.91);
insert into STATION values (3910, '-', 5750, 262146.17, 451673.10, 422.67);
insert into STATION values (3911, '308', 5750, 262160.32, 451668.85, 417.40);
insert into STATION values (3912, '-', 5750, 262160.71, 451669.54, 417.36);
insert into STATION values (3913, '-', 5750, 262160.49, 451667.95, 417.73);
insert into STATION values (3914, '-', 5750, 262160.72, 451668.86, 418.40);
insert into STATION values (3915, '-', 5750, 262161.13, 451668.74, 416.47);
insert into STATION values (3916, '-', 5750, 262103.79, 451664.01, 444.06);
insert into STATION values (3917, '-', 5750, 262107.84, 451664.10, 443.63);
insert into STATION values (3918, '-', 5750, 262105.25, 451664.41, 445.60);
insert into STATION values (3919, '-', 5750, 262104.80, 451663.70, 442.95);
insert into STATION values (3920, '309', 5750, 262110.98, 451678.32, 447.40);
insert into STATION values (3921, '-', 5750, 262108.09, 451679.18, 449.90);
insert into STATION values (3922, '-', 5750, 262111.98, 451677.88, 447.49);
insert into STATION values (3923, '-', 5750, 262110.43, 451679.49, 450.10);
insert into STATION values (3924, '-', 5750, 262112.67, 451680.40, 445.09);
insert into STATION values (3925, '310', 5750, 262118.63, 451684.81, 448.29);
insert into STATION values (3926, '-', 5750, 262118.24, 451686.84, 448.93);
insert into STATION values (3927, '-', 5750, 262119.92, 451682.19, 448.88);
insert into STATION values (3928, '-', 5750, 262119.07, 451685.81, 459.20);
insert into STATION values (3929, '-', 5750, 262118.79, 451685.31, 446.85);
insert into STATION values (3930, '311', 5750, 262123.31, 451684.87, 447.76);
insert into STATION values (3931, '-', 5750, 262123.25, 451686.54, 448.61);
insert into STATION values (3932, '-', 5750, 262123.07, 451682.60, 448.11);
insert into STATION values (3933, '-', 5750, 262123.37, 451685.62, 453.38);
insert into STATION values (3934, '-', 5750, 262123.57, 451684.85, 446.72);
insert into STATION values (3935, '312', 5750, 262130.74, 451687.29, 443.36);
insert into STATION values (3936, '-', 5750, 262131.01, 451687.40, 442.64);
insert into STATION values (3937, '-', 5750, 262130.82, 451686.96, 443.18);
insert into STATION values (3938, '-', 5750, 262130.95, 451687.27, 443.93);
insert into STATION values (3939, '-', 5750, 262130.74, 451687.25, 442.63);
insert into STATION values (3940, '313', 5750, 262121.17, 451690.83, 453.67);
insert into STATION values (3941, '-', 5750, 262119.36, 451691.84, 454.23);
insert into STATION values (3942, '-', 5750, 262121.45, 451690.82, 453.82);
insert into STATION values (3943, '-', 5750, 262120.59, 451691.45, 455.06);
insert into STATION values (3944, '-', 5750, 262121.03, 451691.84, 452.31);
insert into STATION values (3945, '314', 5750, 262121.16, 451694.07, 452.26);
insert into STATION values (3946, '-', 5750, 262120.18, 451695.82, 452.51);
insert into STATION values (3947, '-', 5750, 262122.66, 451693.24, 452.35);
insert into STATION values (3948, '-', 5750, 262121.17, 451695.12, 455.64);
insert into STATION values (3949, '-', 5750, 262122.81, 451694.55, 450.15);
insert into STATION values (3950, '315', 5750, 262127.00, 451696.60, 453.83);
insert into STATION values (3951, '-', 5750, 262125.59, 451697.96, 453.96);
insert into STATION values (3952, '-', 5750, 262127.48, 451696.59, 453.88);
insert into STATION values (3953, '-', 5750, 262126.65, 451697.25, 454.71);
insert into STATION values (3954, '-', 5750, 262127.18, 451697.55, 451.78);
insert into STATION values (3955, '316', 5750, 262126.48, 451701.48, 452.33);
insert into STATION values (3956, '-', 5750, 262125.92, 451701.61, 452.15);
insert into STATION values (3957, '-', 5750, 262127.35, 451702.20, 452.03);
insert into STATION values (3958, '-', 5750, 262126.34, 451701.86, 453.06);
insert into STATION values (3959, '-', 5750, 262125.85, 451702.17, 450.85);
insert into STATION values (3960, '317', 5750, 262122.10, 451700.18, 449.02);
insert into STATION values (3961, '-', 5750, 261952.42, 451608.92, 437.60);
insert into STATION values (3962, '-', 5750, 261979.70, 451613.66, 439.94);
insert into STATION values (3963, '-', 5750, 261971.09, 451603.09, 446.60);
insert into STATION values (3964, '-', 5750, 261970.97, 451603.51, 436.72);
insert into STATION values (3965, '318', 5750, 261960.58, 451625.75, 435.98);
insert into STATION values (3966, '-', 5750, 261954.67, 451625.02, 436.22);
insert into STATION values (3967, '-', 5750, 261963.10, 451627.06, 437.04);
insert into STATION values (3968, '-', 5750, 261959.89, 451626.62, 441.09);
insert into STATION values (3969, '-', 5750, 261960.95, 451626.56, 435.33);
insert into STATION values (3970, '319', 5750, 261960.65, 451640.82, 436.01);
insert into STATION values (3971, '-', 5750, 261957.59, 451641.23, 435.55);
insert into STATION values (3972, '-', 5750, 261966.21, 451637.02, 438.51);
insert into STATION values (3973, '-', 5750, 261962.65, 451641.45, 440.61);
insert into STATION values (3974, '-', 5750, 261961.10, 451640.95, 434.89);
insert into STATION values (3975, '320', 5750, 261958.91, 451643.38, 436.07);
insert into STATION values (3976, '321', 5750, 261976.23, 451643.77, 435.91);
insert into STATION values (3977, '-', 5750, 261967.83, 451648.10, 437.70);
insert into STATION values (3978, '-', 5750, 261978.13, 451643.64, 437.47);
insert into STATION values (3979, '-', 5750, 261975.74, 451645.37, 442.25);
insert into STATION values (3980, '-', 5750, 261975.98, 451644.29, 434.85);
insert into STATION values (3981, '322', 5750, 261973.25, 451670.90, 437.43);
insert into STATION values (3982, '-', 5750, 261966.36, 451673.96, 438.08);
insert into STATION values (3983, '-', 5750, 261977.09, 451670.71, 437.10);
insert into STATION values (3984, '-', 5750, 261973.91, 451671.40, 447.34);
insert into STATION values (3985, '-', 5750, 261973.11, 451671.32, 436.38);
insert into STATION values (3986, '323', 5750, 261975.22, 451688.22, 435.99);
insert into STATION values (3987, '-', 5750, 261968.87, 451684.21, 436.08);
insert into STATION values (3988, '-', 5750, 261990.92, 451685.90, 437.94);
insert into STATION values (3989, '-', 5750, 261975.23, 451687.26, 442.60);
insert into STATION values (3990, '-', 5750, 261975.44, 451687.99, 434.94);
insert into STATION values (3991, '-', 5750, 261979.54, 451678.41, 440.01);
insert into STATION values (3992, '-', 5750, 261971.85, 451682.49, 438.92);
insert into STATION values (3993, '-', 5750, 261964.96, 451687.27, 438.99);
insert into STATION values (3994, '-', 5750, 261965.62, 451693.87, 437.93);
insert into STATION values (3995, '-', 5750, 261948.13, 451691.04, 438.81);
insert into STATION values (3996, '-', 5750, 261973.53, 451694.51, 438.45);
insert into STATION values (3997, '-', 5750, 261979.47, 451696.24, 438.33);
insert into STATION values (3998, '-', 5750, 261981.24, 451688.79, 441.86);
insert into STATION values (3999, '-', 5750, 261971.52, 451691.03, 441.56);
insert into STATION values (4000, '324', 5750, 261985.27, 451691.20, 435.84);
insert into STATION values (4001, '-', 5750, 261979.90, 451697.10, 436.07);
insert into STATION values (4002, '-', 5750, 261992.34, 451689.60, 436.89);
insert into STATION values (4003, '-', 5750, 261986.45, 451691.28, 440.40);
insert into STATION values (4004, '-', 5750, 261989.81, 451692.37, 433.67);
insert into STATION values (4005, '325', 5750, 261998.25, 451702.59, 429.53);
insert into STATION values (4006, '-', 5750, 261999.45, 451704.71, 429.47);
insert into STATION values (4007, '-', 5750, 261998.14, 451696.89, 430.40);
insert into STATION values (4008, '-', 5750, 261998.48, 451701.79, 439.36);
insert into STATION values (4009, '-', 5750, 261998.27, 451701.72, 427.95);
insert into STATION values (4010, '326', 5750, 262010.07, 451700.46, 424.47);
insert into STATION values (4011, '-', 5750, 262005.52, 451707.94, 425.78);
insert into STATION values (4012, '-', 5750, 262011.12, 451698.19, 425.39);
insert into STATION values (4013, '-', 5750, 262010.67, 451703.37, 431.41);
insert into STATION values (4014, '-', 5750, 262009.72, 451701.35, 422.73);
insert into STATION values (4015, '327', 5750, 262017.83, 451712.89, 430.02);
insert into STATION values (4016, '-', 5750, 262017.92, 451714.27, 430.12);
insert into STATION values (4017, '-', 5750, 262020.92, 451705.80, 433.21);
insert into STATION values (4018, '-', 5750, 262019.42, 451712.20, 434.82);
insert into STATION values (4019, '-', 5750, 262018.16, 451713.22, 428.85);
insert into STATION values (4020, '328', 5750, 262029.74, 451716.66, 431.41);
insert into STATION values (4021, '-', 5750, 262025.16, 451718.28, 431.25);
insert into STATION values (4022, '-', 5750, 262037.59, 451716.19, 433.41);
insert into STATION values (4023, '-', 5750, 262036.19, 451719.52, 441.85);
insert into STATION values (4024, '-', 5750, 262030.93, 451717.38, 430.18);
insert into STATION values (4025, '-', 5750, 262043.16, 451722.26, 439.58);
insert into STATION values (4026, '329', 5750, 262032.13, 451736.88, 426.63);
insert into STATION values (4027, '-', 5750, 262026.46, 451739.88, 424.82);
insert into STATION values (4028, '-', 5750, 262035.94, 451738.68, 426.11);
insert into STATION values (4029, '-', 5750, 262031.72, 451737.90, 430.45);
insert into STATION values (4030, '-', 5750, 262031.85, 451737.34, 425.57);
insert into STATION values (4031, '330', 5750, 262036.74, 451750.03, 427.78);
insert into STATION values (4032, '-', 5750, 262033.60, 451751.43, 427.84);
insert into STATION values (4033, '-', 5750, 262037.36, 451750.13, 427.89);
insert into STATION values (4034, '-', 5750, 262036.79, 451750.83, 430.74);
insert into STATION values (4035, '-', 5750, 262035.38, 451750.77, 424.55);
insert into STATION values (4036, '331', 5750, 262036.20, 451754.65, 427.91);
insert into STATION values (4037, '-', 5750, 262035.46, 451755.22, 427.54);
insert into STATION values (4038, '-', 5750, 262039.10, 451755.19, 428.60);
insert into STATION values (4039, '-', 5750, 262036.35, 451754.76, 428.71);
insert into STATION values (4040, '-', 5750, 262036.48, 451754.82, 426.81);
insert into STATION values (4041, '337', 5750, 262054.64, 451745.59, 442.81);
insert into STATION values (4042, '332', 5750, 262054.98, 451774.69, 431.12);
insert into STATION values (4043, '-', 5750, 262049.70, 451778.22, 428.17);
insert into STATION values (4044, '-', 5750, 262062.07, 451770.09, 434.95);
insert into STATION values (4045, '-', 5750, 262056.48, 451774.60, 435.08);
insert into STATION values (4046, '-', 5750, 262055.41, 451774.69, 430.28);
insert into STATION values (4047, '333', 5750, 262077.26, 451806.44, 438.61);
insert into STATION values (4048, '-', 5750, 262073.97, 451808.87, 439.15);
insert into STATION values (4049, '-', 5750, 262080.23, 451804.55, 440.01);
insert into STATION values (4050, '-', 5750, 262077.77, 451807.29, 442.02);
insert into STATION values (4051, '-', 5750, 262077.81, 451806.70, 437.45);
insert into STATION values (4052, '334', 5750, 262096.11, 451827.61, 438.59);
insert into STATION values (4053, '-', 5750, 262088.37, 451834.09, 435.14);
insert into STATION values (4054, '-', 5750, 262097.11, 451827.22, 438.73);
insert into STATION values (4055, '-', 5750, 262095.61, 451829.10, 440.74);
insert into STATION values (4056, '-', 5750, 262093.91, 451831.86, 433.34);
insert into STATION values (4057, '335', 5750, 262105.17, 451850.13, 439.62);
insert into STATION values (4058, '-', 5750, 262099.74, 451854.33, 436.87);
insert into STATION values (4059, '-', 5750, 262109.34, 451850.65, 440.25);
insert into STATION values (4060, '-', 5750, 262105.39, 451850.59, 440.66);
insert into STATION values (4061, '-', 5750, 262105.11, 451850.55, 438.35);
insert into STATION values (4062, '336', 5750, 262109.37, 451857.39, 440.82);
insert into STATION values (4063, '-', 5750, 262107.24, 451857.18, 440.78);
insert into STATION values (4064, '-', 5750, 262113.28, 451857.49, 441.08);
insert into STATION values (4065, '-', 5750, 262109.49, 451857.60, 442.08);
insert into STATION values (4066, '-', 5750, 262109.06, 451857.28, 439.85);
insert into STATION values (4067, '-', 5750, 261995.89, 451698.63, 430.26);
insert into STATION values (4068, '-', 5750, 261999.66, 451704.56, 430.10);
insert into STATION values (4069, '-', 5750, 261998.12, 451703.56, 440.67);
insert into STATION values (4070, '-', 5750, 261998.11, 451702.87, 428.89);
insert into STATION values (4071, '338', 5750, 261983.16, 451712.17, 433.12);
insert into STATION values (4072, '-', 5750, 261982.02, 451710.11, 433.81);
insert into STATION values (4073, '-', 5750, 261982.90, 451713.96, 434.21);
insert into STATION values (4074, '-', 5750, 261980.31, 451713.91, 441.97);
insert into STATION values (4075, '-', 5750, 261983.63, 451712.13, 431.92);
insert into STATION values (4076, '-', 5750, 261980.32, 451715.76, 426.66);
insert into STATION values (4077, '-', 5750, 261979.18, 451718.51, 428.60);
insert into STATION values (4078, '-', 5750, 261980.16, 451716.84, 438.34);
insert into STATION values (4079, '-', 5750, 261970.39, 451714.96, 447.91);
insert into STATION values (4080, '339', 5750, 261972.90, 451707.83, 425.53);
insert into STATION values (4081, '-', 5750, 261983.90, 451712.34, 433.30);
insert into STATION values (4082, '-', 5750, 261981.67, 451710.44, 433.91);
insert into STATION values (4083, '-', 5750, 261980.04, 451716.75, 441.98);
insert into STATION values (4084, '-', 5750, 261982.64, 451711.37, 431.65);
insert into STATION values (4085, '341', 5750, 261979.18, 451716.35, 428.36);
insert into STATION values (4086, '340', 5750, 261981.95, 451712.87, 433.11);
insert into STATION values (4087, '-', 5750, 261983.23, 451714.25, 434.36);
insert into STATION values (4088, '-', 5750, 261978.48, 451710.90, 435.63);
insert into STATION values (4089, '-', 5750, 261983.32, 451714.52, 440.67);
insert into STATION values (4090, '-', 5750, 261981.32, 451714.12, 429.59);
insert into STATION values (4091, '-', 5750, 261970.46, 451682.05, 437.73);
insert into STATION values (4092, '-', 5750, 261973.09, 451693.96, 436.08);
insert into STATION values (4093, '-', 5750, 261973.81, 451689.01, 442.08);
insert into STATION values (4094, '-', 5750, 261974.90, 451688.37, 434.86);
insert into STATION values (4095, '342', 5750, 261956.05, 451691.63, 438.00);
insert into STATION values (4096, '-', 5750, 261954.15, 451688.51, 437.70);
insert into STATION values (4097, '-', 5750, 261955.87, 451691.93, 438.03);
insert into STATION values (4098, '-', 5750, 261953.37, 451691.58, 443.95);
insert into STATION values (4099, '-', 5750, 261955.83, 451689.77, 434.84);
insert into STATION values (4100, '343', 5750, 261948.59, 451689.49, 438.07);
insert into STATION values (4101, '-', 5750, 261948.58, 451688.83, 438.16);
insert into STATION values (4102, '-', 5750, 261948.10, 451690.35, 438.30);
insert into STATION values (4103, '-', 5750, 261946.12, 451689.64, 440.17);
insert into STATION values (4104, '-', 5750, 261947.64, 451689.03, 436.20);
insert into STATION values (4105, '344', 5750, 261933.73, 451688.44, 436.58);
insert into STATION values (4106, '-', 5750, 261934.00, 451687.76, 436.79);
insert into STATION values (4107, '-', 5750, 261933.56, 451688.93, 436.85);
insert into STATION values (4108, '-', 5750, 261933.89, 451688.32, 437.40);
insert into STATION values (4109, '-', 5750, 261934.42, 451688.00, 435.83);
insert into STATION values (4110, '345', 5750, 261929.84, 451688.02, 436.13);
insert into STATION values (4111, '-', 5750, 261929.78, 451687.65, 436.31);
insert into STATION values (4112, '-', 5750, 261929.69, 451689.16, 436.22);
insert into STATION values (4113, '-', 5750, 261929.25, 451689.27, 438.88);
insert into STATION values (4114, '-', 5750, 261929.71, 451687.98, 434.96);
insert into STATION values (4115, '346', 5750, 261926.54, 451688.65, 429.47);
insert into STATION values (4116, '-', 5750, 261927.79, 451689.61, 429.66);
insert into STATION values (4117, '-', 5750, 261924.73, 451686.74, 429.47);
insert into STATION values (4118, '-', 5750, 261927.48, 451688.60, 437.07);
insert into STATION values (4119, '-', 5750, 261926.37, 451688.48, 428.20);
insert into STATION values (4120, '347', 5750, 261931.07, 451684.94, 429.14);
insert into STATION values (4121, '348', 5750, 261937.58, 451674.57, 401.30);
insert into STATION values (4122, '-', 5750, 261934.81, 451679.28, 414.23);
insert into STATION values (4123, '-', 5750, 261936.16, 451674.66, 401.77);
insert into STATION values (4124, '349', 5750, 261924.27, 451691.60, 431.13);
insert into STATION values (4125, '-', 5750, 261923.12, 451691.01, 431.04);
insert into STATION values (4126, '-', 5750, 261925.52, 451692.67, 431.32);
insert into STATION values (4127, '-', 5750, 261923.12, 451693.62, 437.06);
insert into STATION values (4128, '-', 5750, 261924.46, 451691.67, 429.21);
insert into STATION values (4129, '350', 5750, 261923.26, 451694.44, 430.93);
insert into STATION values (4130, '-', 5750, 261921.37, 451693.57, 431.16);
insert into STATION values (4131, '-', 5750, 261923.72, 451695.13, 430.84);
insert into STATION values (4132, '-', 5750, 261923.26, 451694.51, 432.72);
insert into STATION values (4133, '-', 5750, 261922.99, 451694.63, 429.05);
insert into STATION values (4134, '351', 5750, 261915.91, 451701.41, 423.35);
insert into STATION values (4135, '-', 5750, 261915.01, 451700.24, 423.31);
insert into STATION values (4136, '-', 5750, 261916.06, 451702.33, 423.51);
insert into STATION values (4137, '-', 5750, 261915.77, 451701.54, 424.28);
insert into STATION values (4138, '-', 5750, 261915.87, 451701.31, 423.05);
insert into STATION values (4139, '352', 5750, 261914.16, 451701.81, 423.25);
insert into STATION values (4140, '-', 5750, 261914.00, 451701.62, 423.30);
insert into STATION values (4141, '-', 5750, 261914.62, 451703.14, 423.51);
insert into STATION values (4142, '-', 5750, 261914.18, 451701.85, 423.60);
insert into STATION values (4143, '-', 5750, 261914.13, 451701.78, 422.88);
insert into STATION values (4144, '353', 5750, 261911.23, 451706.54, 424.49);
insert into STATION values (4145, '-', 5750, 261908.75, 451703.80, 424.74);
insert into STATION values (4146, '-', 5750, 261911.73, 451708.29, 424.12);
insert into STATION values (4147, '-', 5750, 261910.74, 451706.50, 425.97);
insert into STATION values (4148, '-', 5750, 261911.10, 451706.57, 423.09);
insert into STATION values (4149, '354', 5750, 261901.30, 451711.40, 428.03);
insert into STATION values (4150, '-', 5750, 261900.96, 451710.13, 428.18);
insert into STATION values (4151, '-', 5750, 261901.02, 451712.39, 428.01);
insert into STATION values (4152, '-', 5750, 261901.07, 451710.93, 430.82);
insert into STATION values (4153, '-', 5750, 261901.68, 451711.46, 427.21);
insert into STATION values (4154, '-', 5750, 261908.87, 451705.40, 430.39);
insert into STATION values (4155, '-', 5750, 261902.95, 451707.19, 428.50);
insert into STATION values (4156, '-', 5750, 261903.00, 451708.34, 431.78);
insert into STATION values (4157, '-', 5750, 261909.57, 451710.68, 436.35);
insert into STATION values (4158, '-', 5750, 261908.64, 451718.61, 439.08);
insert into STATION values (4159, '-', 5750, 261906.44, 451714.96, 430.59);
insert into STATION values (4160, '-', 5750, 261900.76, 451718.24, 436.16);
insert into STATION values (4161, '355', 5750, 261889.89, 451708.94, 428.74);
insert into STATION values (4162, '-', 5750, 261889.86, 451708.65, 428.74);
insert into STATION values (4163, '-', 5750, 261889.02, 451713.34, 429.06);
insert into STATION values (4164, '-', 5750, 261889.43, 451709.35, 431.74);
insert into STATION values (4165, '-', 5750, 261889.95, 451708.52, 427.38);
insert into STATION values (4166, '-', 5750, 261951.62, 451607.50, 434.96);
insert into STATION values (4167, '-', 5750, 261964.32, 451592.13, 441.10);
insert into STATION values (4168, '-', 5750, 261961.78, 451597.54, 445.08);
insert into STATION values (4169, '-', 5750, 261960.65, 451595.29, 437.73);
insert into STATION values (4170, '356', 5750, 261953.46, 451607.35, 433.41);
insert into STATION values (4171, '-', 5750, 261951.62, 451607.95, 434.38);
insert into STATION values (4172, '-', 5750, 261955.59, 451609.44, 432.88);
insert into STATION values (4173, '-', 5750, 261953.37, 451608.24, 435.43);
insert into STATION values (4174, '-', 5750, 261953.86, 451607.76, 432.61);
insert into STATION values (4175, '357', 5750, 261955.84, 451611.42, 427.63);
insert into STATION values (4176, '-', 5750, 261951.29, 451610.63, 428.63);
insert into STATION values (4177, '-', 5750, 261957.35, 451612.19, 427.88);
insert into STATION values (4178, '-', 5750, 261955.28, 451611.88, 430.03);
insert into STATION values (4179, '-', 5750, 261955.34, 451611.88, 426.12);
insert into STATION values (4180, '358', 5750, 261948.39, 451632.16, 413.16);
insert into STATION values (4181, '-', 5750, 261946.02, 451631.35, 413.50);
insert into STATION values (4182, '-', 5750, 261953.16, 451637.70, 413.93);
insert into STATION values (4183, '-', 5750, 261948.91, 451633.77, 419.74);
insert into STATION values (4184, '-', 5750, 261948.05, 451632.35, 412.46);
insert into STATION values (4185, '359', 5750, 261940.80, 451646.38, 401.26);
insert into STATION values (4186, '-', 5750, 261939.15, 451646.02, 401.90);
insert into STATION values (4187, '-', 5750, 261946.87, 451651.48, 401.63);
insert into STATION values (4188, '-', 5750, 261945.10, 451654.18, 416.36);
insert into STATION values (4189, '-', 5750, 261943.69, 451650.03, 396.99);
insert into STATION values (4190, '360', 5750, 261932.83, 451659.27, 392.65);
insert into STATION values (4191, '-', 5750, 261929.46, 451659.18, 394.82);
insert into STATION values (4192, '-', 5750, 261940.57, 451663.93, 395.06);
insert into STATION values (4193, '-', 5750, 261932.91, 451659.77, 397.62);
insert into STATION values (4194, '-', 5750, 261933.08, 451659.61, 391.52);
insert into STATION values (4195, '-', 5750, 261918.71, 451629.99, 392.35);
insert into STATION values (4196, '-', 5750, 261922.52, 451649.83, 391.58);
insert into STATION values (4197, '-', 5750, 261930.84, 451660.87, 396.00);
insert into STATION values (4198, '-', 5750, 261936.62, 451669.75, 398.47);
insert into STATION values (4199, '-', 5750, 261938.94, 451661.71, 399.44);
insert into STATION values (4200, '-', 5750, 261941.93, 451659.63, 394.06);
insert into STATION values (4201, '361', 5750, 261930.81, 451673.74, 392.08);
insert into STATION values (4202, '-', 5750, 261927.06, 451671.34, 393.51);
insert into STATION values (4203, '-', 5750, 261933.08, 451676.66, 393.18);
insert into STATION values (4204, '-', 5750, 261929.52, 451676.42, 405.19);
insert into STATION values (4205, '-', 5750, 261930.78, 451674.06, 391.66);
insert into STATION values (4206, '-', 5750, 261934.90, 451683.32, 422.66);
insert into STATION values (4207, '362', 5750, 261924.19, 451678.49, 387.13);
insert into STATION values (4208, '-', 5750, 261921.63, 451677.33, 385.81);
insert into STATION values (4209, '-', 5750, 261926.20, 451681.37, 387.81);
insert into STATION values (4210, '-', 5750, 261924.66, 451680.20, 392.14);
insert into STATION values (4211, '-', 5750, 261923.91, 451678.39, 385.86);
insert into STATION values (4212, '363', 5750, 261917.77, 451690.45, 382.42);
insert into STATION values (4213, '-', 5750, 261914.78, 451689.24, 382.86);
insert into STATION values (4214, '-', 5750, 261923.65, 451691.53, 383.96);
insert into STATION values (4215, '-', 5750, 261917.71, 451690.62, 384.97);
insert into STATION values (4216, '-', 5750, 261917.45, 451691.02, 380.78);
insert into STATION values (4217, '364', 5750, 261918.16, 451698.15, 385.21);
insert into STATION values (4218, '-', 5750, 261918.57, 451705.86, 387.98);
insert into STATION values (4219, '-', 5750, 261911.95, 451695.39, 389.07);
insert into STATION values (4220, '-', 5750, 261918.46, 451698.31, 394.45);
insert into STATION values (4221, '-', 5750, 261918.11, 451698.21, 383.86);
insert into STATION values (4222, '-', 5750, 261922.77, 451707.97, 386.31);
insert into STATION values (4223, '-', 5750, 261922.22, 451708.14, 386.45);
insert into STATION values (4224, '-', 5750, 261911.64, 451713.06, 395.67);
insert into STATION values (4225, '-', 5750, 261920.50, 451710.25, 388.03);
insert into STATION values (4226, '-', 5750, 261926.88, 451706.60, 387.05);
insert into STATION values (4227, '-', 5750, 261930.26, 451696.47, 383.82);
insert into STATION values (4228, '365', 5750, 261906.19, 451709.19, 387.78);
insert into STATION values (4229, '-', 5750, 261906.57, 451696.54, 386.92);
insert into STATION values (4230, '-', 5750, 261905.97, 451710.79, 388.67);
insert into STATION values (4231, '-', 5750, 261903.87, 451709.96, 394.13);
insert into STATION values (4232, '-', 5750, 261906.38, 451707.21, 385.27);
insert into STATION values (4233, '366', 5750, 261895.91, 451704.14, 389.18);
insert into STATION values (4234, '-', 5750, 261896.15, 451703.54, 389.22);
insert into STATION values (4235, '-', 5750, 261896.03, 451707.74, 389.69);
insert into STATION values (4236, '-', 5750, 261896.39, 451707.86, 393.09);
insert into STATION values (4237, '-', 5750, 261896.38, 451704.21, 387.90);
insert into STATION values (4238, '367', 5750, 261882.53, 451705.57, 397.73);
insert into STATION values (4239, '-', 5750, 261882.76, 451704.94, 397.86);
insert into STATION values (4240, '-', 5750, 261882.79, 451704.96, 397.89);
insert into STATION values (4241, '-', 5750, 261882.78, 451705.45, 398.58);
insert into STATION values (4242, '-', 5750, 261882.69, 451705.45, 396.83);
insert into STATION values (4243, '-', 5750, 261932.63, 451644.71, 390.51);
insert into STATION values (4244, '-', 5750, 261927.35, 451663.09, 392.48);
insert into STATION values (4245, '-', 5750, 261933.44, 451660.12, 397.57);
insert into STATION values (4246, '-', 5750, 261932.88, 451659.37, 391.38);
insert into STATION values (4247, '368', 5750, 261929.84, 451648.11, 386.68);
insert into STATION values (4248, '-', 5750, 261932.33, 451647.15, 386.90);
insert into STATION values (4249, '-', 5750, 261921.16, 451648.62, 387.60);
insert into STATION values (4250, '-', 5750, 261929.01, 451646.21, 393.87);
insert into STATION values (4251, '-', 5750, 261929.81, 451648.04, 384.86);
insert into STATION values (4252, '369', 5750, 261920.74, 451633.81, 378.93);
insert into STATION values (4253, '-', 5750, 261924.30, 451631.71, 382.50);
insert into STATION values (4254, '-', 5750, 261915.01, 451641.65, 376.19);
insert into STATION values (4255, '-', 5750, 261919.31, 451634.44, 390.78);
insert into STATION values (4256, '-', 5750, 261920.45, 451633.42, 377.77);
insert into STATION values (4257, '370', 5750, 261907.70, 451641.54, 368.34);
insert into STATION values (4258, '-', 5750, 261903.80, 451637.72, 366.64);
insert into STATION values (4259, '-', 5750, 261908.88, 451643.60, 368.00);
insert into STATION values (4260, '-', 5750, 261907.18, 451641.73, 370.57);
insert into STATION values (4261, '-', 5750, 261907.48, 451640.93, 366.77);
insert into STATION values (4262, '371', 5750, 261896.76, 451646.17, 358.90);
insert into STATION values (4263, '-', 5750, 261895.09, 451644.47, 358.15);
insert into STATION values (4264, '-', 5750, 261897.41, 451650.80, 358.55);
insert into STATION values (4265, '-', 5750, 261896.69, 451646.66, 360.28);
insert into STATION values (4266, '-', 5750, 261896.09, 451646.31, 356.86);
insert into STATION values (4267, '372', 5750, 261884.67, 451645.56, 350.90);
insert into STATION values (4268, '-', 5750, 261889.86, 451638.22, 351.02);
insert into STATION values (4269, '-', 5750, 261883.89, 451646.40, 350.93);
insert into STATION values (4270, '-', 5750, 261884.72, 451645.48, 352.86);
insert into STATION values (4271, '-', 5750, 261884.28, 451645.81, 349.97);
insert into STATION values (4272, '373', 5750, 261882.57, 451643.87, 350.75);
insert into STATION values (4273, '-', 5750, 261923.38, 451632.50, 381.73);
insert into STATION values (4274, '-', 5750, 261909.22, 451635.64, 378.07);
insert into STATION values (4275, '-', 5750, 261918.54, 451632.49, 391.83);
insert into STATION values (4276, '-', 5750, 261920.08, 451634.12, 378.08);
insert into STATION values (4277, '374', 5750, 261914.22, 451619.31, 390.70);
insert into STATION values (4278, '-', 5750, 261916.29, 451617.43, 393.46);
insert into STATION values (4279, '-', 5750, 261915.14, 451618.27, 391.33);
insert into STATION values (4280, '-', 5750, 261913.28, 451620.29, 391.36);
insert into STATION values (4281, '-', 5750, 261915.86, 451617.71, 392.19);
insert into STATION values (4282, '375', 5750, 261912.18, 451614.91, 391.05);
insert into STATION values (4283, '263', 6281, 261849.81, 451417.60, 438.68);
insert into STATION values (4284, '-', 6281, 261862.34, 451411.68, 438.96);
insert into STATION values (4285, '-', 6281, 261845.67, 451409.54, 438.11);
insert into STATION values (4286, '-', 6281, 261850.40, 451416.44, 447.59);
insert into STATION values (4287, '-', 6281, 261850.10, 451416.99, 437.65);
insert into STATION values (4288, '393', 6281, 261853.61, 451389.63, 445.14);
insert into STATION values (4289, '-', 6281, 261854.83, 451389.86, 445.48);
insert into STATION values (4290, '-', 6281, 261851.29, 451389.12, 445.16);
insert into STATION values (4291, '-', 6281, 261852.82, 451389.12, 448.85);
insert into STATION values (4292, '-', 6281, 261853.05, 451386.84, 441.88);
insert into STATION values (4293, '394', 6281, 261854.59, 451379.47, 443.64);
insert into STATION values (4294, '-', 6281, 261857.97, 451379.08, 446.45);
insert into STATION values (4295, '-', 6281, 261851.65, 451379.53, 443.63);
insert into STATION values (4296, '-', 6281, 261854.63, 451378.72, 448.93);
insert into STATION values (4297, '-', 6281, 261854.33, 451379.06, 442.55);
insert into STATION values (4298, '395', 6281, 261850.52, 451382.53, 438.65);
insert into STATION values (4299, '396', 6281, 261865.93, 451360.13, 458.17);
insert into STATION values (4300, '397', 6281, 261853.83, 451371.16, 442.69);
insert into STATION values (4301, '-', 6281, 261856.09, 451370.82, 442.56);
insert into STATION values (4302, '-', 6281, 261852.27, 451370.59, 442.57);
insert into STATION values (4303, '-', 6281, 261854.61, 451369.89, 448.47);
insert into STATION values (4304, '-', 6281, 261855.13, 451370.37, 441.05);
insert into STATION values (4305, '398', 6281, 261855.43, 451356.27, 447.60);
insert into STATION values (4306, '-', 6281, 261857.53, 451360.99, 448.21);
insert into STATION values (4307, '-', 6281, 261854.13, 451354.08, 449.15);
insert into STATION values (4308, '-', 6281, 261854.94, 451355.74, 453.14);
insert into STATION values (4309, '-', 6281, 261855.75, 451355.99, 446.50);
insert into STATION values (4310, '399', 6281, 261861.72, 451355.56, 445.89);
insert into STATION values (4311, '-', 6281, 261862.52, 451356.36, 445.74);
insert into STATION values (4312, '-', 6281, 261859.51, 451352.44, 446.05);
insert into STATION values (4313, '-', 6281, 261860.02, 451354.91, 450.70);
insert into STATION values (4314, '-', 6281, 261861.84, 451354.05, 443.39);
insert into STATION values (4315, '400', 6281, 261863.39, 451352.31, 442.30);
insert into STATION values (4316, '-', 6281, 261863.68, 451354.42, 443.57);
insert into STATION values (4317, '-', 6281, 261862.76, 451349.43, 444.96);
insert into STATION values (4318, '-', 6281, 261861.85, 451352.92, 447.12);
insert into STATION values (4319, '-', 6281, 261862.30, 451352.69, 441.26);
insert into STATION values (4320, '401', 6281, 261866.78, 451354.50, 442.29);
insert into STATION values (4321, '-', 6281, 261869.82, 451354.69, 443.58);
insert into STATION values (4322, '-', 6281, 261865.13, 451355.78, 443.32);
insert into STATION values (4323, '-', 6281, 261866.79, 451354.02, 445.38);
insert into STATION values (4324, '-', 6281, 261867.18, 451353.99, 441.44);
insert into STATION values (4325, '402', 6281, 261874.01, 451332.01, 459.12);
insert into STATION values (4326, '-', 6281, 261850.91, 451405.94, 432.25);
insert into STATION values (4327, '286', 6394, 261953.49, 451548.70, 439.89);
insert into STATION values (4328, '-', 6394, 261957.96, 451551.00, 441.05);
insert into STATION values (4329, '-', 6394, 261955.14, 451544.34, 441.29);
insert into STATION values (4330, '-', 6394, 261954.88, 451548.11, 446.51);
insert into STATION values (4331, '-', 6394, 261954.03, 451548.72, 439.17);
insert into STATION values (4332, '376', 6394, 261960.07, 451548.27, 441.72);
insert into STATION values (4333, '-', 6394, 261960.17, 451548.52, 441.80);
insert into STATION values (4334, '-', 6394, 261960.50, 451545.66, 442.23);
insert into STATION values (4335, '-', 6394, 261960.72, 451548.89, 444.45);
insert into STATION values (4336, '-', 6394, 261960.63, 451548.31, 440.67);
insert into STATION values (4337, '377', 6394, 261975.79, 451546.61, 439.94);
insert into STATION values (4338, '-', 6394, 261975.75, 451548.07, 440.22);
insert into STATION values (4339, '-', 6394, 261975.86, 451546.23, 440.02);
insert into STATION values (4340, '-', 6394, 261977.07, 451548.58, 444.90);
insert into STATION values (4341, '-', 6394, 261976.37, 451546.79, 438.73);
insert into STATION values (4342, '378', 6394, 261989.85, 451549.27, 441.29);
insert into STATION values (4343, '-', 6394, 261989.87, 451549.49, 441.37);
insert into STATION values (4344, '-', 6394, 261989.84, 451548.48, 441.41);
insert into STATION values (4345, '-', 6394, 261989.96, 451549.51, 442.75);
insert into STATION values (4346, '-', 6394, 261990.27, 451549.53, 439.92);
insert into STATION values (4347, '379', 6394, 262000.19, 451547.73, 439.04);
insert into STATION values (4348, '-', 6394, 262000.39, 451549.03, 439.60);
insert into STATION values (4349, '-', 6394, 262000.26, 451547.12, 438.76);
insert into STATION values (4350, '-', 6394, 262001.17, 451550.61, 444.73);
insert into STATION values (4351, '-', 6394, 262000.09, 451547.34, 437.68);
insert into STATION values (4352, '-', 6394, 262001.73, 451550.75, 445.50);
insert into STATION values (4353, '380', 6394, 262007.28, 451546.76, 433.77);
insert into STATION values (4354, '-', 6394, 261957.30, 451545.07, 441.98);
insert into STATION values (4355, '-', 6394, 261941.39, 451554.92, 437.80);
insert into STATION values (4356, '-', 6394, 261952.38, 451548.75, 447.56);
insert into STATION values (4357, '-', 6394, 261953.08, 451548.62, 438.92);
insert into STATION values (4358, '381', 6394, 261950.00, 451543.50, 439.60);
insert into STATION values (4359, '-', 6394, 261951.05, 451542.33, 440.16);
insert into STATION values (4360, '-', 6394, 261940.04, 451553.18, 439.53);
insert into STATION values (4361, '-', 6394, 261948.54, 451541.75, 448.68);
insert into STATION values (4362, '-', 6394, 261949.77, 451543.24, 438.83);
insert into STATION values (4363, '-', 6394, 261934.66, 451534.44, 441.30);
insert into STATION values (4364, '-', 6394, 261930.68, 451543.98, 441.91);
insert into STATION values (4365, '-', 6394, 261928.02, 451547.54, 442.33);
insert into STATION values (4366, '-', 6394, 261939.24, 451549.74, 441.93);
insert into STATION values (4367, '-', 6394, 261944.41, 451557.33, 442.06);
insert into STATION values (4368, '-', 6394, 261958.17, 451551.62, 443.00);
insert into STATION values (4369, '-', 6394, 261961.60, 451556.87, 450.61);
insert into STATION values (4370, '-', 6394, 261956.56, 451562.17, 448.49);
insert into STATION values (4371, '-', 6394, 261954.92, 451545.08, 444.54);
insert into STATION values (4372, '-', 6394, 261947.12, 451567.58, 431.85);
insert into STATION values (4373, '-', 6394, 261943.10, 451554.06, 432.97);
insert into STATION values (4374, '-', 6394, 261946.31, 451529.30, 440.18);
insert into STATION values (4375, '-', 6394, 261946.26, 451528.97, 440.37);
insert into STATION values (4376, '382', 6394, 261937.39, 451555.04, 449.06);
insert into STATION values (4377, '-', 6394, 261937.07, 451554.71, 449.15);
insert into STATION values (4378, '-', 6394, 261937.79, 451555.52, 449.12);
insert into STATION values (4379, '-', 6394, 261937.77, 451554.54, 455.08);
insert into STATION values (4380, '-', 6394, 261937.16, 451555.41, 448.32);
insert into STATION values (4381, '383', 6394, 261935.22, 451556.23, 449.45);
insert into STATION values (4382, '-', 6394, 261934.72, 451555.57, 449.57);
insert into STATION values (4383, '-', 6394, 261935.90, 451557.22, 449.88);
insert into STATION values (4384, '-', 6394, 261935.11, 451556.98, 455.03);
insert into STATION values (4385, '-', 6394, 261934.43, 451556.36, 448.04);
insert into STATION values (4386, '384', 6394, 261927.92, 451559.26, 449.59);
insert into STATION values (4387, '-', 6394, 261927.78, 451559.10, 449.64);
insert into STATION values (4388, '-', 6394, 261928.28, 451560.24, 449.76);
insert into STATION values (4389, '-', 6394, 261926.25, 451562.36, 464.58);
insert into STATION values (4390, '-', 6394, 261927.67, 451560.35, 447.28);
insert into STATION values (4391, '385', 6394, 261916.50, 451568.45, 451.76);
insert into STATION values (4392, '-', 6394, 261916.02, 451567.68, 451.95);
insert into STATION values (4393, '-', 6394, 261916.49, 451568.83, 451.93);
insert into STATION values (4394, '-', 6394, 261915.76, 451568.55, 458.20);
insert into STATION values (4395, '-', 6394, 261916.23, 451568.80, 451.23);
insert into STATION values (4396, '-', 6394, 261924.49, 451562.33, 445.18);
insert into STATION values (4397, '386', 6394, 261911.12, 451569.96, 455.21);
insert into STATION values (4398, '-', 6394, 261911.78, 451568.30, 455.56);
insert into STATION values (4399, '-', 6394, 261911.04, 451570.38, 455.24);
insert into STATION values (4400, '-', 6394, 261911.82, 451569.82, 460.90);
insert into STATION values (4401, '-', 6394, 261910.69, 451569.91, 454.78);
insert into STATION values (4402, '387', 6394, 261911.78, 451567.54, 456.59);
insert into STATION values (4403, '-', 6394, 261912.17, 451566.54, 457.03);
insert into STATION values (4404, '-', 6394, 261911.44, 451569.35, 456.65);
insert into STATION values (4405, '-', 6394, 261911.92, 451568.83, 461.34);
insert into STATION values (4406, '-', 6394, 261912.08, 451566.96, 455.86);
insert into STATION values (4407, '-', 6394, 261911.26, 451570.01, 456.38);
insert into STATION values (4408, '-', 6394, 261912.05, 451567.20, 456.63);
insert into STATION values (4409, '-', 6394, 261912.10, 451569.74, 461.05);
insert into STATION values (4410, '-', 6394, 261910.92, 451568.84, 454.83);
insert into STATION values (4411, '388', 6394, 261913.64, 451573.24, 461.89);
insert into STATION values (4412, '-', 6394, 261912.30, 451573.30, 461.91);
insert into STATION values (4413, '-', 6394, 261913.83, 451573.31, 461.98);
insert into STATION values (4414, '-', 6394, 261913.47, 451573.04, 462.90);
insert into STATION values (4415, '-', 6394, 261914.18, 451574.00, 460.73);
insert into STATION values (4416, '389', 6394, 261911.81, 451577.37, 458.95);
insert into STATION values (4417, '-', 6394, 261911.57, 451577.47, 459.01);
insert into STATION values (4418, '-', 6394, 261913.47, 451577.86, 459.02);
insert into STATION values (4419, '-', 6394, 261911.96, 451577.57, 459.99);
insert into STATION values (4420, '-', 6394, 261912.71, 451577.87, 457.74);
insert into STATION values (4421, '390', 6394, 261912.88, 451580.04, 459.37);
insert into STATION values (4422, '391', 6394, 261913.22, 451580.89, 459.53);
insert into STATION values (4423, '-', 6394, 261911.49, 451580.77, 459.69);
insert into STATION values (4424, '-', 6394, 261913.76, 451580.12, 459.61);
insert into STATION values (4425, '-', 6394, 261913.51, 451580.66, 459.90);
insert into STATION values (4426, '-', 6394, 261913.26, 451580.47, 459.25);
insert into STATION values (4427, '-', 6394, 261915.83, 451583.88, 458.02);
insert into STATION values (4428, '392', 6394, 261913.97, 451581.99, 459.04);
insert into STATION_FLAG values(4428, 'ent');
insert into STATION values (4429, '-', 6394, 261911.54, 451581.82, 458.92);
insert into STATION values (4430, '-', 6394, 261908.37, 451583.23, 460.19);
insert into STATION values (4431, '-', 6394, 261910.46, 451584.05, 458.56);
insert into STATION values (4432, '-', 6394, 261909.31, 451591.37, 453.86);
insert into STATION values (4433, '-', 6394, 261903.42, 451597.08, 452.99);
insert into STATION values (4434, '-', 6394, 261911.62, 451589.33, 455.15);
insert into STATION values (4435, '-', 6394, 261908.50, 451596.62, 453.78);
insert into STATION values (4436, '-', 6394, 261905.45, 451596.41, 452.38);
insert into STATION values (4437, '-', 6394, 261905.34, 451593.13, 453.25);
insert into STATION values (4438, '-', 6394, 261915.10, 451590.83, 455.88);
insert into STATION values (4439, '-', 6394, 261913.69, 451585.57, 456.04);
insert into STATION values (4440, '-', 6394, 261917.76, 451585.79, 457.40);
insert into STATION values (4441, '-', 6394, 261923.08, 451592.57, 460.43);
insert into STATION values (4442, '-', 6394, 261921.25, 451587.80, 458.79);
insert into STATION values (4443, '-', 6394, 261929.93, 451593.04, 464.52);
insert into STATION values (4444, '-', 6394, 261920.65, 451584.29, 459.48);
insert into STATION values (4445, '-', 6394, 261916.35, 451581.51, 458.73);
insert into STATION values (4446, '-', 6394, 261916.80, 451580.74, 460.44);
insert into STATION values (4447, '-', 6394, 261911.95, 451590.61, 455.45);
insert into STATION values (4448, '-', 6394, 261909.01, 451592.27, 456.90);
insert into STATION values (4449, '-', 6394, 261912.15, 451605.63, 459.01);
insert into STATION values (4450, '-', 6394, 261923.78, 451583.60, 461.92);
insert into STATION values (4451, '-', 6394, 261930.56, 451584.33, 465.07);
insert into STATION values (4452, '-', 6394, 261914.13, 451579.95, 461.50);
insert into STATION values (4453, '-', 6394, 261915.91, 451580.51, 460.96);
insert into STATION values (4454, '-', 6394, 261913.13, 451581.08, 460.21);
insert into STATION values (4455, '-', 6394, 261912.79, 451581.36, 459.08);
insert into STATION values (4456, '-', 6394, 261914.10, 451580.50, 459.02);
insert into STATION values (4457, '0', 6539, 261642.50, 451341.54, 306.00);
insert into STATION values (4458, '1', 6539, 261635.85, 451355.00, 309.64);
insert into STATION values (4459, '2', 6539, 261632.01, 451361.43, 310.70);
insert into STATION values (4460, '3', 6539, 261625.33, 451385.24, 306.24);
insert into STATION values (4461, '4', 6539, 261613.29, 451410.76, 310.90);
insert into STATION values (4462, '5', 6539, 261610.63, 451426.39, 312.68);
insert into STATION values (4463, '6', 6539, 261609.50, 451437.08, 318.77);
insert into STATION values (4464, '7', 6539, 261609.41, 451449.79, 316.39);
insert into STATION values (4465, '8', 6539, 261609.69, 451462.57, 312.15);
insert into STATION values (4466, '9', 6539, 261606.35, 451467.54, 317.95);
insert into STATION values (4467, '10', 6539, 261595.03, 451479.10, 320.48);
insert into STATION values (4468, '11', 6539, 261612.37, 451491.19, 328.20);
insert into STATION values (4469, '12', 6539, 261599.81, 451507.02, 329.51);
insert into STATION values (4470, '13', 6539, 261592.95, 451514.28, 327.81);
insert into STATION values (4471, '14', 6539, 261586.06, 451523.74, 321.58);
insert into STATION values (4472, '15', 6539, 261584.53, 451519.37, 320.92);
insert into STATION values (4473, '16', 6539, 261584.81, 451515.20, 319.19);
insert into STATION values (4474, '17', 6539, 261578.50, 451500.23, 307.16);
insert into STATION values (4475, '18', 6539, 261620.45, 451498.65, 331.83);
insert into STATION values (4476, '19', 6539, 261635.71, 451500.27, 336.62);
insert into STATION values (4477, '20', 6539, 261652.11, 451493.37, 338.74);
insert into STATION values (4478, '21', 6539, 261652.83, 451500.36, 336.62);
insert into STATION values (4479, '22', 6539, 261583.33, 451467.46, 306.44);
insert into STATION values (4480, '23', 6539, 261574.07, 451459.90, 296.22);
insert into STATION values (4481, '24', 6539, 261575.11, 451456.05, 293.28);
insert into STATION values (4482, '25', 6539, 261577.31, 451443.23, 281.89);
insert into STATION values (4483, '26', 6539, 261564.46, 451430.10, 273.63);
insert into STATION values (4484, '27', 6539, 261539.35, 451434.21, 277.57);
insert into STATION values (4485, '28', 6539, 261558.49, 451411.49, 267.72);
insert into STATION values (4486, '29', 6539, 261540.65, 451392.65, 262.08);
insert into STATION values (4487, '30', 6539, 261533.91, 451375.36, 268.59);
insert into STATION values (4488, '31', 6539, 261534.49, 451363.26, 271.75);
insert into STATION values (4489, '32', 6539, 261539.71, 451350.75, 271.31);
insert into STATION values (4490, '33', 6539, 261532.53, 451334.29, 278.01);
insert into STATION values (4491, '34', 6539, 261526.36, 451318.18, 279.44);
insert into STATION values (4492, '35', 6539, 261515.54, 451319.40, 275.99);
insert into STATION values (4493, '36', 6539, 261502.61, 451295.68, 270.85);
insert into STATION values (4494, '37', 6539, 261502.23, 451264.29, 280.19);
insert into STATION values (4495, '38', 6539, 261500.02, 451229.58, 293.83);
insert into STATION values (4496, '39', 6539, 261502.64, 451217.71, 301.59);
insert into STATION values (4497, '40', 6539, 261509.28, 451196.83, 315.51);
insert into STATION values (4498, '41', 6539, 261515.17, 451176.35, 330.65);
insert into STATION values (4499, '42', 6539, 261512.56, 451154.44, 344.55);
insert into STATION values (4500, '43', 6539, 261578.71, 451423.94, 265.02);
insert into STATION values (4501, '44', 6539, 261579.87, 451410.32, 253.84);
insert into STATION values (4502, '45', 6539, 261588.29, 451386.00, 243.11);
insert into STATION values (4503, '-', 6539, 261623.94, 451384.48, 313.12);
insert into STATION values (4504, '-', 6539, 261625.23, 451385.18, 304.46);
insert into STATION values (4505, '-', 6539, 261623.41, 451384.82, 299.87);
insert into STATION values (4506, '-', 6539, 261620.60, 451383.26, 305.46);
insert into STATION values (4507, '-', 6539, 261617.62, 451378.09, 309.07);
insert into STATION values (4508, '-', 6539, 261631.16, 451387.68, 305.83);
insert into STATION values (4509, '-', 6539, 261637.55, 451365.59, 319.87);
insert into STATION values (4510, '-', 6539, 261636.22, 451371.90, 316.96);
insert into STATION values (4511, '-', 6539, 261633.14, 451389.50, 307.60);
insert into STATION values (4512, '-', 6539, 261609.80, 451424.39, 323.60);
insert into STATION values (4513, '-', 6539, 261610.62, 451426.44, 312.20);
insert into STATION values (4514, '-', 6539, 261607.24, 451424.93, 306.39);
insert into STATION values (4515, '-', 6539, 261604.34, 451426.19, 311.98);
insert into STATION values (4516, '-', 6539, 261611.56, 451426.03, 312.62);
insert into STATION values (4517, '-', 6539, 261610.22, 451436.64, 323.48);
insert into STATION values (4518, '-', 6539, 261609.34, 451436.80, 317.05);
insert into STATION values (4519, '-', 6539, 261608.55, 451436.81, 318.87);
insert into STATION values (4520, '-', 6539, 261613.38, 451438.94, 318.70);
insert into STATION values (4521, '-', 6539, 261621.89, 451438.25, 327.98);
insert into STATION values (4522, '-', 6539, 261609.64, 451450.00, 318.11);
insert into STATION values (4523, '-', 6539, 261609.58, 451450.03, 314.23);
insert into STATION values (4524, '-', 6539, 261607.70, 451450.46, 316.12);
insert into STATION values (4525, '-', 6539, 261613.14, 451448.65, 316.57);
insert into STATION values (4526, '-', 6539, 261620.52, 451446.04, 326.96);
insert into STATION values (4527, '-', 6539, 261606.25, 451468.64, 329.89);
insert into STATION values (4528, '-', 6539, 261606.55, 451467.58, 316.36);
insert into STATION values (4529, '-', 6539, 261602.31, 451464.14, 317.64);
insert into STATION values (4530, '-', 6539, 261606.25, 451457.17, 309.44);
insert into STATION values (4531, '-', 6539, 261606.48, 451467.67, 317.94);
insert into STATION values (4532, '-', 6539, 261597.11, 451479.43, 332.25);
insert into STATION values (4533, '-', 6539, 261595.47, 451479.03, 317.19);
insert into STATION values (4534, '-', 6539, 261599.98, 451491.44, 320.71);
insert into STATION values (4535, '-', 6539, 261594.20, 451478.62, 319.72);
insert into STATION values (4536, '-', 6539, 261565.49, 451458.65, 293.32);
insert into STATION values (4537, '-', 6539, 261580.62, 451475.84, 310.83);
insert into STATION values (4538, '-', 6539, 261584.90, 451493.48, 319.44);
insert into STATION values (4539, '-', 6539, 261587.15, 451468.85, 318.20);
insert into STATION values (4540, '-', 6539, 261612.59, 451490.83, 333.22);
insert into STATION values (4541, '-', 6539, 261612.17, 451491.35, 326.82);
insert into STATION values (4542, '-', 6539, 261624.80, 451474.74, 329.38);
insert into STATION values (4543, '-', 6539, 261617.80, 451479.81, 325.91);
insert into STATION values (4544, '-', 6539, 261619.62, 451478.00, 331.25);
insert into STATION values (4545, '-', 6539, 261583.98, 451527.62, 330.72);
insert into STATION values (4546, '-', 6539, 261637.58, 451505.09, 337.70);
insert into STATION values (4547, '-', 6539, 261616.74, 451515.32, 336.62);
insert into STATION values (4548, '-', 6539, 261584.06, 451522.34, 327.73);
insert into STATION values (4549, '-', 6539, 261609.72, 451535.64, 357.04);
insert into STATION values (4550, '-', 6539, 261585.83, 451523.93, 320.13);
insert into STATION values (4551, '-', 6539, 261590.21, 451527.04, 321.78);
insert into STATION values (4552, '-', 6539, 261581.79, 451522.45, 321.93);
insert into STATION values (4553, '-', 6539, 261558.20, 451547.66, 292.84);
insert into STATION values (4554, '-', 6539, 261603.38, 451469.20, 332.89);
insert into STATION values (4555, '-', 6539, 261605.19, 451465.70, 319.45);
insert into STATION values (4556, '-', 6539, 261598.17, 451483.29, 319.30);
insert into STATION values (4557, '-', 6539, 261584.39, 451488.12, 319.36);
insert into STATION values (4558, '-', 6539, 261564.45, 451429.19, 277.65);
insert into STATION values (4559, '-', 6539, 261563.86, 451429.22, 279.11);
insert into STATION values (4560, '-', 6539, 261564.43, 451430.00, 272.43);
insert into STATION values (4561, '-', 6539, 261564.36, 451429.56, 270.43);
insert into STATION values (4562, '-', 6539, 261572.44, 451426.52, 276.08);
insert into STATION values (4563, '-', 6539, 261563.38, 451418.27, 272.83);
insert into STATION values (4564, '-', 6539, 261561.14, 451430.88, 273.46);
insert into STATION values (4565, '-', 6539, 261563.91, 451434.47, 273.33);
insert into STATION values (4566, '-', 6539, 261532.42, 451333.88, 279.94);
insert into STATION values (4567, '-', 6539, 261532.68, 451333.99, 276.88);
insert into STATION values (4568, '-', 6539, 261537.21, 451332.36, 277.92);
insert into STATION values (4569, '-', 6539, 261530.37, 451328.65, 278.50);
insert into STATION values (4570, '-', 6539, 261530.48, 451334.38, 277.81);
insert into STATION values (4571, '-', 6539, 261526.05, 451318.06, 281.67);
insert into STATION values (4572, '-', 6539, 261526.34, 451318.15, 278.81);
insert into STATION values (4573, '-', 6539, 261525.24, 451291.82, 282.40);
insert into STATION values (4574, '-', 6539, 261530.49, 451290.39, 282.93);
insert into STATION values (4575, '-', 6539, 261526.53, 451324.86, 278.25);
insert into STATION values (4576, '-', 6539, 261588.81, 451385.68, 246.12);
insert into STATION values (4577, '-', 6539, 261588.29, 451385.97, 242.34);
insert into STATION values (4578, '-', 6539, 261600.57, 451366.25, 205.06);
insert into STATION values (4579, '-', 6539, 261589.15, 451379.77, 225.87);
insert into STATION values (4580, '-', 6539, 261591.60, 451376.66, 222.23);
insert into STATION values (4581, '-', 6539, 261592.03, 451387.51, 241.88);
insert into STATION values (4582, '-', 6539, 261585.59, 451384.53, 243.30);
insert into STATION values (4583, '0', 6543, 260060.23, 449629.28, 73.61);
insert into STATION values (4584, '1', 6543, 260053.81, 449623.45, 70.77);
insert into STATION values (4585, '-', 6543, 260054.91, 449621.32, 71.87);
insert into STATION values (4586, '-', 6543, 260050.49, 449630.23, 71.27);
insert into STATION values (4587, '-', 6543, 260053.55, 449622.38, 82.60);
insert into STATION values (4588, '-', 6543, 260053.84, 449623.43, 69.79);
insert into STATION values (4589, '-', 6543, 260045.26, 449613.60, 83.16);
insert into STATION values (4590, '-', 6543, 260040.29, 449619.15, 78.34);
insert into STATION values (4591, '-', 6543, 260044.11, 449625.57, 71.50);
insert into STATION values (4592, '-', 6543, 260061.16, 449618.91, 82.69);
insert into STATION values (4593, '-', 6543, 260065.75, 449624.75, 77.66);
insert into STATION values (4594, '-', 6543, 260056.50, 449625.73, 70.27);
insert into STATION values (4595, '-', 6543, 260059.46, 449627.81, 78.56);
insert into STATION values (4596, '-', 6543, 260056.39, 449630.18, 73.19);
insert into STATION values (4597, '-', 6543, 260052.11, 449629.89, 69.51);
insert into STATION values (4598, '-', 6543, 260051.80, 449625.51, 68.82);
insert into STATION values (4599, '-', 6543, 260047.18, 449629.79, 74.52);
insert into STATION values (4600, '-', 6543, 260044.23, 449625.54, 72.70);
insert into STATION values (4601, '-', 6543, 260052.31, 449631.27, 76.11);
insert into STATION values (4602, '-', 6543, 260051.96, 449627.68, 80.07);
insert into STATION values (4603, '2', 6543, 260046.06, 449624.78, 67.57);
insert into STATION values (4604, '-', 6543, 260045.11, 449624.57, 67.63);
insert into STATION values (4605, '-', 6543, 260047.36, 449626.65, 67.19);
insert into STATION values (4606, '-', 6543, 260044.73, 449626.87, 69.88);
insert into STATION values (4607, '-', 6543, 260046.13, 449624.76, 66.42);
insert into STATION values (4608, '-', 6543, 260045.51, 449632.53, 59.09);
insert into STATION values (4609, '888', 6543, 260045.58, 449632.43, 59.54);
insert into STATION values (4610, '889', 6543, 260038.97, 449634.20, 52.52);
insert into STATION values (4611, '-', 6543, 260040.21, 449636.54, 52.81);
insert into STATION values (4612, '-', 6543, 260039.05, 449633.69, 52.69);
insert into STATION values (4613, '-', 6543, 260039.43, 449635.90, 58.76);
insert into STATION values (4614, '-', 6543, 260039.00, 449634.07, 51.17);
insert into STATION values (4615, '-', 6543, 260030.69, 449635.23, 50.47);
insert into STATION values (4616, '-', 6543, 260027.14, 449631.12, 55.66);
insert into STATION values (4617, '-', 6543, 260028.53, 449628.09, 55.58);
insert into STATION values (4618, '-', 6543, 260032.50, 449634.24, 60.80);
insert into STATION values (4619, '-', 6543, 260031.97, 449639.85, 49.81);
insert into STATION values (4620, '-', 6543, 260037.94, 449637.71, 51.62);
insert into STATION values (4621, '-', 6543, 260038.78, 449632.26, 52.61);
insert into STATION values (4622, '890', 6543, 260032.00, 449639.22, 49.78);
insert into STATION values (4623, '-', 6543, 260031.76, 449639.27, 49.80);
insert into STATION values (4624, '-', 6543, 260037.46, 449638.42, 50.32);
insert into STATION values (4625, '-', 6543, 260032.26, 449640.00, 58.59);
insert into STATION values (4626, '-', 6543, 260031.80, 449639.13, 48.31);
insert into STATION values (4627, '891', 6543, 260036.56, 449642.32, 48.96);
insert into STATION values (4628, '-', 6543, 260035.30, 449644.01, 49.39);
insert into STATION values (4629, '-', 6543, 260037.96, 449641.58, 49.17);
insert into STATION values (4630, '-', 6543, 260036.35, 449642.43, 52.12);
insert into STATION values (4631, '-', 6543, 260036.47, 449642.44, 47.52);
insert into STATION values (4632, '892', 6543, 260041.49, 449646.92, 43.04);
insert into STATION values (4633, '893', 6543, 260037.53, 449648.58, 42.94);
insert into STATION values (4634, '894', 6543, 260033.31, 449629.09, 55.11);
insert into STATION values (4635, '-', 6543, 260031.97, 449625.99, 55.30);
insert into STATION values (4636, '-', 6543, 260030.90, 449633.39, 55.16);
insert into STATION values (4637, '-', 6543, 260033.05, 449629.25, 56.56);
insert into STATION values (4638, '-', 6543, 260033.18, 449628.97, 53.40);
insert into STATION values (4639, '895', 6543, 260026.12, 449633.27, 55.36);
insert into STATION values (4640, '-', 6543, 260025.56, 449632.66, 55.41);
insert into STATION values (4641, '-', 6543, 260026.50, 449634.17, 55.52);
insert into STATION values (4642, '-', 6543, 260026.10, 449633.32, 56.07);
insert into STATION values (4643, '-', 6543, 260026.05, 449633.29, 55.13);
insert into STATION values (4644, '896', 6543, 260023.21, 449634.88, 54.79);
insert into STATION values (4645, '-', 6543, 260021.77, 449632.62, 54.93);
insert into STATION values (4646, '-', 6543, 260023.94, 449636.65, 54.89);
insert into STATION values (4647, '-', 6543, 260023.37, 449635.05, 56.32);
insert into STATION values (4648, '-', 6543, 260023.19, 449634.81, 54.02);
insert into STATION values (4649, '897', 6543, 260015.71, 449636.13, 52.44);
insert into STATION values (4650, '-', 6543, 260014.07, 449634.56, 52.99);
insert into STATION values (4651, '-', 6543, 260017.59, 449640.38, 52.81);
insert into STATION values (4652, '-', 6543, 260016.13, 449636.80, 58.67);
insert into STATION values (4653, '-', 6543, 260015.62, 449635.97, 51.24);
insert into STATION values (4654, '898', 6543, 260022.08, 449637.95, 52.56);
insert into STATION values (4655, '-', 6543, 260020.05, 449638.96, 52.38);
insert into STATION values (4656, '-', 6543, 260022.33, 449637.92, 52.59);
insert into STATION values (4657, '-', 6543, 260022.04, 449638.34, 53.70);
insert into STATION values (4658, '-', 6543, 260022.17, 449638.05, 51.19);
insert into STATION values (4659, '899', 6543, 260021.13, 449641.27, 51.59);
insert into STATION values (4660, '-', 6543, 260020.89, 449641.43, 51.63);
insert into STATION values (4661, '-', 6543, 260022.08, 449639.93, 52.03);
insert into STATION values (4662, '-', 6543, 260021.40, 449640.93, 52.38);
insert into STATION values (4663, '-', 6543, 260021.13, 449641.23, 50.95);
insert into STATION values (4664, '900', 6543, 260023.37, 449642.67, 51.56);
insert into STATION values (4665, '-', 6543, 260024.25, 449642.91, 45.81);
insert into STATION values (4666, '901', 6543, 260009.08, 449644.69, 45.76);
insert into STATION values (4667, '-', 6543, 260005.36, 449643.18, 46.22);
insert into STATION values (4668, '-', 6543, 260011.91, 449645.35, 46.20);
insert into STATION values (4669, '-', 6543, 260008.38, 449645.41, 55.32);
insert into STATION values (4670, '-', 6543, 260009.12, 449644.68, 45.41);
insert into STATION values (4671, '-', 6543, 260008.52, 449640.23, 49.01);
insert into STATION values (4672, '-', 6543, 260004.06, 449643.12, 51.24);
insert into STATION values (4673, '-', 6543, 260008.12, 449639.85, 42.45);
insert into STATION values (4674, '-', 6543, 259993.99, 449654.49, 46.59);
insert into STATION values (4675, '-', 6543, 260008.78, 449669.40, 52.31);
insert into STATION values (4676, '-', 6543, 260011.77, 449652.52, 45.32);
insert into STATION values (4677, '902', 6543, 259995.07, 449654.25, 37.73);
insert into STATION values (4678, '-', 6543, 259992.05, 449654.73, 37.24);
insert into STATION values (4679, '-', 6543, 259999.35, 449653.98, 38.98);
insert into STATION values (4680, '-', 6543, 259995.56, 449653.49, 49.35);
insert into STATION values (4681, '-', 6543, 259995.14, 449654.21, 36.86);
insert into STATION values (4682, '-', 6543, 259990.32, 449640.21, 39.71);
insert into STATION values (4683, '-', 6543, 259991.67, 449650.06, 40.03);
insert into STATION values (4684, '-', 6543, 259994.89, 449644.23, 46.87);
insert into STATION values (4685, '-', 6543, 259997.37, 449650.42, 41.74);
insert into STATION values (4686, '-', 6543, 259998.46, 449651.75, 47.85);
insert into STATION values (4687, '-', 6543, 259994.44, 449655.41, 37.81);
insert into STATION values (4688, '-', 6543, 259996.43, 449662.40, 35.51);
insert into STATION values (4689, '-', 6543, 259998.81, 449660.37, 36.43);
insert into STATION values (4690, '-', 6543, 259998.93, 449657.55, 40.64);
insert into STATION values (4691, '-', 6543, 259997.61, 449657.35, 46.55);
insert into STATION values (4692, '903', 6543, 259996.77, 449660.34, 39.41);
insert into STATION values (4693, '-', 6543, 259996.42, 449660.38, 39.46);
insert into STATION values (4694, '-', 6543, 259998.73, 449659.96, 39.49);
insert into STATION values (4695, '-', 6543, 259996.14, 449658.23, 49.33);
insert into STATION values (4696, '-', 6543, 259996.85, 449660.26, 38.62);
insert into STATION values (4697, '904', 6543, 260000.18, 449669.32, 38.63);
insert into STATION values (4698, '-', 6543, 259996.74, 449670.03, 38.94);
insert into STATION values (4699, '-', 6543, 260000.74, 449669.13, 38.77);
insert into STATION values (4700, '-', 6543, 260000.55, 449671.32, 47.86);
insert into STATION values (4701, '-', 6543, 260000.08, 449669.52, 37.68);
insert into STATION values (4702, '905', 6543, 260004.39, 449676.74, 37.05);
insert into STATION values (4703, '-', 6543, 260000.86, 449678.18, 38.29);
insert into STATION values (4704, '-', 6543, 260006.38, 449676.00, 37.25);
insert into STATION values (4705, '-', 6543, 260004.46, 449677.28, 41.33);
insert into STATION values (4706, '-', 6543, 260004.22, 449676.79, 35.50);
insert into STATION values (4707, '906', 6543, 260006.10, 449677.53, 35.80);
insert into STATION values (4708, '-', 6543, 260004.33, 449678.45, 36.10);
insert into STATION values (4709, '-', 6543, 260007.81, 449676.58, 36.03);
insert into STATION values (4710, '-', 6543, 260005.79, 449677.94, 39.78);
insert into STATION values (4711, '-', 6543, 260006.02, 449677.51, 35.40);
insert into STATION values (4712, '-', 6543, 260003.18, 449697.98, 42.71);
insert into STATION values (4713, '-', 6543, 260006.14, 449691.72, 34.12);
insert into STATION values (4714, '-', 6543, 260009.38, 449677.34, 36.02);
insert into STATION values (4715, '-', 6543, 260009.26, 449678.36, 35.54);
insert into STATION values (4716, '-', 6543, 260018.22, 449678.88, 37.16);
insert into STATION values (4717, '907', 6543, 259988.02, 449680.21, 33.65);
insert into STATION values (4718, '-', 6543, 259987.76, 449677.72, 34.20);
insert into STATION values (4719, '-', 6543, 259987.25, 449681.88, 34.09);
insert into STATION values (4720, '-', 6543, 259987.59, 449680.27, 34.94);
insert into STATION values (4721, '-', 6543, 259988.04, 449680.18, 33.25);
insert into STATION values (4722, '908', 6543, 259983.39, 449677.54, 36.37);
insert into STATION values (4723, '-', 6543, 259982.57, 449677.32, 36.51);
insert into STATION values (4724, '-', 6543, 259984.20, 449678.62, 36.53);
insert into STATION values (4725, '-', 6543, 259983.25, 449677.42, 38.99);
insert into STATION values (4726, '-', 6543, 259983.31, 449677.40, 35.43);
insert into STATION values (4727, '909', 6543, 259980.47, 449682.60, 41.13);
insert into STATION values (4728, '-', 6543, 259978.90, 449682.20, 41.40);
insert into STATION values (4729, '-', 6543, 259982.66, 449683.40, 41.67);
insert into STATION values (4730, '-', 6543, 259980.67, 449682.78, 44.63);
insert into STATION values (4731, '-', 6543, 259980.37, 449682.84, 40.69);
insert into STATION values (4732, '910', 6543, 259979.19, 449685.24, 43.57);
insert into STATION values (4733, '-', 6543, 259977.07, 449685.42, 43.85);
insert into STATION values (4734, '-', 6543, 259979.42, 449685.30, 43.63);
insert into STATION values (4735, '-', 6543, 259974.75, 449685.01, 55.43);
insert into STATION values (4736, '-', 6543, 259978.91, 449685.29, 42.10);
insert into STATION values (4737, '911', 6543, 259976.90, 449688.94, 42.22);
insert into STATION values (4738, '-', 6543, 259975.40, 449688.79, 42.70);
insert into STATION values (4739, '-', 6543, 259986.50, 449691.00, 43.04);
insert into STATION values (4740, '-', 6543, 259977.91, 449691.20, 51.87);
insert into STATION values (4741, '-', 6543, 259976.77, 449689.06, 41.54);
insert into STATION values (4742, '-', 6543, 259973.65, 449699.26, 40.93);
insert into STATION values (4743, '-', 6543, 259978.56, 449693.94, 42.07);
insert into STATION values (4744, '-', 6543, 259984.75, 449697.37, 42.88);
insert into STATION values (4745, '-', 6543, 259988.89, 449688.36, 42.80);
insert into STATION values (4746, '-', 6543, 259983.52, 449684.77, 44.95);
insert into STATION values (4747, '-', 6543, 259985.89, 449686.54, 52.02);
insert into STATION values (4748, '-', 6543, 259979.98, 449691.11, 56.28);
insert into STATION values (4749, '-', 6543, 259973.13, 449695.02, 51.62);
insert into STATION values (4750, '-', 6543, 259964.38, 449697.22, 46.60);
insert into STATION values (4751, '-', 6543, 259968.96, 449703.06, 42.80);
insert into STATION values (4752, '-', 6543, 259975.52, 449699.46, 39.79);
insert into STATION values (4753, '-', 6543, 259970.12, 449688.88, 51.73);
insert into STATION values (4754, '-', 6543, 259976.42, 449683.72, 55.55);
insert into STATION values (4755, '-', 6543, 259975.98, 449686.06, 44.47);
insert into STATION values (4756, '912', 6543, 259969.85, 449695.57, 43.89);
insert into STATION values (4757, '-', 6543, 259965.96, 449694.38, 45.26);
insert into STATION values (4758, '-', 6543, 259971.00, 449697.36, 43.86);
insert into STATION values (4759, '-', 6543, 259969.94, 449698.10, 53.20);
insert into STATION values (4760, '-', 6543, 259969.50, 449695.51, 42.81);
insert into STATION values (4761, '913', 6543, 259962.97, 449706.62, 44.11);
insert into STATION values (4762, '-', 6543, 259960.70, 449706.48, 45.26);
insert into STATION values (4763, '-', 6543, 259964.90, 449708.26, 44.41);
insert into STATION values (4764, '-', 6543, 259960.62, 449707.45, 54.46);
insert into STATION values (4765, '-', 6543, 259963.49, 449707.25, 42.88);
insert into STATION values (4766, '914', 6543, 259961.42, 449713.18, 44.46);
insert into STATION values (4767, '-', 6543, 259960.91, 449710.68, 44.60);
insert into STATION values (4768, '-', 6543, 259962.88, 449714.98, 44.64);
insert into STATION values (4769, '-', 6543, 259961.10, 449712.24, 52.37);
insert into STATION values (4770, '-', 6543, 259961.44, 449713.17, 43.99);
insert into STATION values (4771, '915', 6543, 259944.83, 449712.84, 50.85);
insert into STATION values (4772, '-', 6543, 259946.67, 449710.51, 50.91);
insert into STATION values (4773, '-', 6543, 259945.02, 449714.47, 51.46);
insert into STATION values (4774, '-', 6543, 259946.24, 449713.59, 56.60);
insert into STATION values (4775, '-', 6543, 259945.28, 449712.65, 49.89);
insert into STATION values (4776, '-', 6543, 259947.15, 449709.36, 46.72);
insert into STATION values (4777, '916', 6543, 259942.25, 449711.30, 51.17);
insert into STATION values (4778, '-', 6543, 259944.49, 449707.53, 50.86);
insert into STATION values (4779, '-', 6543, 259942.10, 449711.93, 51.31);
insert into STATION values (4780, '-', 6543, 259939.74, 449709.17, 82.15);
insert into STATION values (4781, '-', 6543, 259942.40, 449711.30, 49.57);
insert into STATION values (4782, '-', 6543, 259939.53, 449707.54, 82.47);
insert into STATION values (4783, '-', 6543, 259942.40, 449709.83, 51.19);
insert into STATION values (4784, '-', 6543, 259945.30, 449708.71, 47.08);
insert into STATION values (4785, '-', 6543, 259942.39, 449712.66, 51.24);
insert into STATION values (4786, '-', 6543, 259942.47, 449716.04, 63.21);
insert into STATION values (4787, '-', 6543, 259938.73, 449713.85, 64.19);
insert into STATION values (4788, '0', 6656, 259609.06, 448880.08, 23.47);
insert into STATION values (4789, '1', 6656, 259605.13, 448878.33, 28.79);
insert into STATION values (4790, '16s1', 6656, 259618.05, 448881.62, 28.26);
insert into STATION values (4791, '16s2', 6656, 259608.45, 448878.20, 15.93);
insert into STATION values (4792, '16s3', 6656, 259617.60, 448881.05, 15.61);
insert into STATION values (4793, '16s4', 6656, 259605.78, 448890.89, 16.33);
insert into STATION values (4794, '0', 6663, 259583.62, 448892.04, 43.73);
insert into STATION values (4795, '1', 6663, 259582.40, 448891.92, 47.29);
insert into STATION values (4796, '2', 6663, 259584.67, 448892.50, 42.43);
insert into STATION values (4797, '3', 6663, 259584.82, 448887.88, 38.08);
insert into STATION values (4798, '4', 6663, 259585.98, 448885.55, 32.46);
insert into STATION values (4799, '5', 6663, 259587.33, 448885.81, 32.21);
insert into STATION values (4800, '6', 6663, 259592.92, 448882.08, 21.51);
insert into STATION values (4801, '7', 6663, 259594.92, 448881.87, 21.52);
insert into STATION values (4802, '8', 6663, 259595.36, 448878.01, 17.98);
insert into STATION values (4803, '9', 6663, 259605.78, 448890.89, 16.33);
insert into STATION values (4804, '1', 6672, 259364.60, 449046.88, 52.55);
insert into STATION values (4805, '1a', 6672, 259367.49, 449049.78, 55.42);
insert into STATION values (4806, '2', 6672, 259350.11, 449021.79, 44.79);
insert into STATION values (4807, '3', 6672, 259353.03, 448988.43, 50.69);
insert into STATION values (4808, '4', 6672, 259353.03, 448974.91, 54.32);
insert into STATION values (4809, '5', 6672, 259344.39, 448965.65, 51.39);
insert into STATION values (4810, '6', 6672, 259332.62, 448953.46, 49.91);
insert into STATION values (4811, '6a', 6672, 259334.68, 448950.04, 50.19);
insert into STATION values (4812, '6b', 6672, 259341.91, 448945.70, 56.10);
insert into STATION values (4813, '7', 6672, 259328.10, 448949.10, 50.35);
insert into STATION values (4814, '8', 6672, 259324.54, 448951.32, 50.35);
insert into STATION values (4815, '9', 6672, 259319.75, 448952.79, 48.62);
insert into STATION values (4816, '10', 6672, 259318.61, 448959.24, 44.04);
insert into STATION values (4817, '11', 6672, 259316.63, 448964.14, 40.60);
insert into STATION values (4818, '12', 6672, 259318.27, 448972.58, 39.24);
insert into STATION values (4819, '13', 6672, 259315.45, 448973.66, 41.20);
insert into STATION values (4820, '14', 6672, 259315.43, 448975.19, 39.92);
insert into STATION values (4821, '15', 6672, 259315.43, 448975.19, 27.32);
insert into STATION values (4822, '16', 6672, 259316.02, 448978.54, 24.85);
insert into STATION values (4823, '17', 6672, 259316.25, 448981.17, 22.71);
insert into STATION values (4824, '18', 6672, 259313.29, 448981.37, 21.26);
insert into STATION values (4825, '19', 6672, 259316.04, 448983.61, 17.32);
insert into STATION values (4826, '20', 6672, 259316.62, 448987.27, 15.83);
insert into STATION values (4827, '1', 6711, 259316.62, 448987.27, 15.83);
insert into STATION values (4828, '2', 6711, 259323.50, 449028.70, 17.61);
insert into STATION values (4829, '3', 6711, 259306.25, 449052.75, 20.53);
insert into STATION values (4830, '4', 6711, 259296.43, 449060.60, 23.14);
insert into STATION values (4831, '5', 6711, 259293.57, 449075.14, 19.88);
insert into STATION values (4832, '6', 6711, 259271.59, 449091.81, 19.10);
insert into STATION values (4833, '7', 6711, 259238.21, 449102.66, 19.12);
insert into STATION values (4834, '8', 6711, 259228.31, 449104.63, 21.24);
insert into STATION values (4835, '9', 6711, 259203.81, 449112.53, 22.06);
insert into STATION values (4836, '10', 6711, 259163.24, 449112.15, 20.91);
insert into STATION values (4837, '11', 6711, 259163.48, 449105.09, 22.43);
insert into STATION values (4838, '47', 6711, 259164.00, 449125.00, 20.00);
insert into STATION values (4839, 'm0', 6715, 259756.38, 448902.93, 16.83);
insert into STATION values (4840, '0', 6715, 259766.97, 448885.97, 16.83);
insert into STATION values (4841, '1', 6715, 259761.13, 448876.62, 18.38);
insert into STATION values (4842, '2', 6715, 259755.24, 448871.32, 19.49);
insert into STATION values (4843, '3', 6715, 259749.40, 448871.42, 22.34);
insert into STATION values (4844, '4', 6715, 259749.88, 448866.83, 20.57);
insert into STATION values (4845, '5', 6715, 259747.40, 448865.16, 20.67);
insert into STATION values (4846, '6', 6715, 259746.44, 448862.91, 21.42);
insert into STATION values (4847, '7', 6715, 259744.83, 448861.69, 23.59);
insert into STATION values (4848, '8', 6715, 259742.99, 448860.54, 23.82);
insert into STATION values (4849, '9', 6715, 259739.54, 448861.40, 25.33);
insert into STATION values (4850, '10', 6715, 259736.27, 448856.56, 29.42);
insert into STATION values (4851, '11', 6715, 259732.74, 448859.74, 28.32);
insert into STATION values (4852, '12', 6715, 259732.74, 448859.74, 30.02);
insert into STATION values (4853, '13', 6715, 259730.47, 448856.73, 32.37);
insert into STATION values (4854, '14', 6715, 259729.28, 448859.29, 34.66);
insert into STATION values (4855, '15', 6715, 259727.71, 448862.24, 38.24);
insert into STATION values (4856, '16', 6715, 259718.03, 448863.43, 44.33);
insert into STATION values (4857, '13a', 6715, 259724.34, 448852.44, 27.13);
insert into STATION values (4858, '14a', 6715, 259729.67, 448851.86, 34.79);
insert into STATION values (4859, '14b', 6715, 259701.50, 448798.89, 34.79);
insert into STATION values (4860, '15a', 6715, 259727.71, 448862.24, 49.24);
insert into STATION values (4861, '1', 6740, 262264.10, 451704.29, 449.09);
insert into STATION values (4862, '2', 6740, 262267.27, 451709.00, 447.14);
insert into STATION values (4863, '1a', 6740, 262259.97, 451708.98, 448.09);
insert into STATION values (4864, '1b', 6740, 262271.19, 451700.42, 449.72);
insert into STATION values (4865, '1c', 6740, 262264.05, 451704.70, 459.30);
insert into STATION values (4866, '1d', 6740, 262263.48, 451705.34, 446.82);
insert into STATION values (4867, '1e', 6740, 262263.61, 451706.30, 449.31);
insert into STATION values (4868, '2a', 6740, 262265.80, 451713.18, 449.74);
insert into STATION values (4869, '2b', 6740, 262269.76, 451700.22, 450.10);
insert into STATION values (4870, '2c', 6740, 262267.40, 451707.77, 460.16);
insert into STATION values (4871, '2d', 6740, 262267.32, 451708.81, 446.20);
insert into STATION values (4872, '3', 6740, 262287.18, 451706.86, 445.76);
insert into STATION values (4873, '3a', 6740, 262282.73, 451698.71, 450.71);
insert into STATION values (4874, '3b', 6740, 262287.58, 451713.60, 447.16);
insert into STATION values (4875, '3c', 6740, 262287.18, 451706.13, 458.50);
insert into STATION values (4876, '3d', 6740, 262286.62, 451706.13, 443.31);
insert into STATION values (4877, '4', 6740, 262299.71, 451702.45, 448.43);
insert into STATION values (4878, '4a', 6740, 262302.65, 451688.06, 451.37);
insert into STATION values (4879, '4b', 6740, 262301.13, 451726.24, 447.18);
insert into STATION values (4880, '4c', 6740, 262298.83, 451702.96, 459.76);
insert into STATION values (4881, '4d', 6740, 262301.92, 451705.87, 443.76);
insert into STATION values (4882, '4e', 6740, 262301.48, 451703.22, 448.38);
insert into STATION values (4883, '4f', 6740, 262290.29, 451697.17, 450.64);
insert into STATION values (4884, '4g', 6740, 262299.81, 451704.19, 456.71);
insert into STATION values (4885, '4h', 6740, 262298.93, 451703.18, 446.51);
insert into STATION values (4886, '5', 6740, 262289.63, 451687.82, 454.59);
insert into STATION values (4887, '5a', 6740, 262296.68, 451712.38, 460.36);
insert into STATION values (4888, '6', 6740, 262281.07, 451671.23, 452.35);
insert into STATION values (4889, '5b', 6740, 262295.56, 451683.82, 453.67);
insert into STATION values (4890, '5c', 6740, 262287.29, 451689.20, 454.76);
insert into STATION values (4891, '5d', 6740, 262289.48, 451686.34, 458.71);
insert into STATION values (4892, '5e', 6740, 262291.04, 451686.52, 452.27);
insert into STATION values (4893, '6a', 6740, 262289.23, 451665.20, 456.27);
insert into STATION values (4894, '6b', 6740, 262278.90, 451671.51, 452.28);
insert into STATION values (4895, '6c', 6740, 262283.80, 451671.49, 459.04);
insert into STATION values (4896, '6d', 6740, 262281.98, 451669.19, 449.73);
insert into STATION values (4897, '7', 6740, 262300.00, 451720.97, 446.86);
insert into STATION values (4898, '4i', 6740, 262295.62, 451709.43, 447.00);
insert into STATION values (4899, '4j', 6740, 262301.72, 451702.90, 448.27);
insert into STATION values (4900, '4k', 6740, 262299.24, 451705.62, 456.13);
insert into STATION values (4901, '4l', 6740, 262299.48, 451703.09, 446.86);
insert into STATION values (4902, '7a', 6740, 262298.25, 451721.16, 446.84);
insert into STATION values (4903, '7b', 6740, 262303.52, 451720.08, 447.04);
insert into STATION values (4904, '7c', 6740, 262300.94, 451719.72, 455.77);
insert into STATION values (4905, '7d', 6740, 262299.80, 451721.00, 445.87);
insert into STATION values (4906, '8', 6740, 262307.12, 451726.99, 455.87);
insert into STATION values (4907, '9', 6740, 262308.86, 451733.40, 461.85);
insert into STATION values (4908, '8a', 6740, 262305.02, 451727.55, 456.01);
insert into STATION values (4909, '8b', 6740, 262317.70, 451724.40, 456.84);
insert into STATION values (4910, '8c', 6740, 262307.19, 451726.49, 459.23);
insert into STATION values (4911, '8d', 6740, 262307.59, 451726.37, 453.55);
insert into STATION values (4912, '9a', 6740, 262306.26, 451734.17, 461.87);
insert into STATION values (4913, '9b', 6740, 262310.81, 451732.86, 461.77);
insert into STATION values (4914, '9c', 6740, 262315.59, 451730.40, 461.74);
insert into STATION values (4915, '9d', 6740, 262308.83, 451733.48, 463.07);
insert into STATION values (4916, '9e', 6740, 262308.37, 451733.02, 459.04);
insert into STATION values (4917, '10', 6740, 262311.50, 451732.65, 461.96);
insert into STATION values (4918, '10a', 6740, 262307.10, 451733.17, 460.97);
insert into STATION values (4919, '10b', 6740, 262317.75, 451733.08, 462.27);
insert into STATION values (4920, '10c', 6740, 262310.96, 451732.87, 466.24);
insert into STATION values (4921, '10d', 6740, 262311.49, 451732.65, 461.48);
insert into STATION values (4922, '11', 6740, 262309.00, 451740.47, 468.35);
insert into STATION values (4923, '11a', 6740, 262307.80, 451741.58, 468.39);
insert into STATION values (4924, '11b', 6740, 262312.67, 451738.06, 468.71);
insert into STATION values (4925, '11c', 6740, 262308.91, 451740.51, 469.68);
insert into STATION values (4926, '11d', 6740, 262309.22, 451740.32, 466.57);
insert into STATION values (4927, '12', 6740, 262317.42, 451742.72, 476.47);
insert into STATION values (4928, '12a', 6740, 262315.56, 451747.10, 477.09);
insert into STATION values (4929, '12b', 6740, 262317.89, 451741.04, 476.54);
insert into STATION values (4930, '12c', 6740, 262318.04, 451743.35, 479.98);
insert into STATION values (4931, '12d', 6740, 262317.65, 451742.55, 474.65);
insert into STATION values (4932, '13', 6740, 262327.24, 451748.16, 485.09);
insert into STATION values (4933, '13a', 6740, 262326.53, 451757.60, 484.02);
insert into STATION values (4934, '13b', 6740, 262327.47, 451744.57, 484.59);
insert into STATION values (4935, '13c', 6740, 262326.51, 451748.07, 487.24);
insert into STATION values (4936, '13d', 6740, 262326.28, 451748.22, 482.13);
insert into STATION values (4937, '14', 6740, 262333.86, 451746.69, 489.12);
insert into STATION values (4938, '14a', 6740, 262334.05, 451747.13, 489.16);
insert into STATION values (4939, '14b', 6740, 262334.16, 451745.13, 489.08);
insert into STATION values (4940, '14c', 6740, 262333.77, 451746.85, 489.90);
insert into STATION values (4941, '14d', 6740, 262333.96, 451746.62, 488.81);
insert into STATION values (4942, '15', 6740, 262336.09, 451745.82, 491.65);
insert into STATION values (4943, '15a', 6740, 262334.62, 451746.60, 491.31);
insert into STATION values (4944, '15b', 6740, 262336.57, 451745.88, 491.54);
insert into STATION values (4945, '15c', 6740, 262336.05, 451745.73, 492.51);
insert into STATION values (4946, '15d', 6740, 262335.76, 451745.44, 488.46);
insert into STATION values (4947, '16', 6740, 262335.94, 451749.72, 496.73);
insert into STATION values (4948, '16a', 6740, 262335.10, 451749.27, 496.80);
insert into STATION values (4949, '16b', 6740, 262336.71, 451749.77, 496.74);
insert into STATION values (4950, '16c', 6740, 262335.89, 451749.60, 497.65);
insert into STATION values (4951, '16d', 6740, 262335.39, 451749.79, 495.52);
insert into STATION values (4952, '17', 6740, 262338.31, 451754.22, 505.63);
insert into STATION values (4953, '17a', 6740, 262335.21, 451755.67, 506.12);
insert into STATION values (4954, '17b', 6740, 262353.04, 451751.28, 504.07);
insert into STATION values (4955, '17c', 6740, 262338.46, 451754.31, 510.75);
insert into STATION values (4956, '17d', 6740, 262338.25, 451754.39, 504.78);
insert into STATION values (4957, '17e', 6740, 262334.70, 451757.22, 521.50);
insert into STATION values (4958, '17f', 6740, 262347.04, 451757.38, 512.12);
insert into STATION values (4959, '17g', 6740, 262346.25, 451757.43, 525.71);
insert into STATION values (4960, '18', 6740, 262358.78, 451756.95, 513.85);
insert into STATION values (4961, '18a', 6740, 262356.26, 451762.38, 513.54);
insert into STATION values (4962, '18b', 6740, 262360.49, 451751.01, 512.60);
insert into STATION values (4963, '18c', 6740, 262358.52, 451757.45, 516.48);
insert into STATION values (4964, '18d', 6740, 262359.56, 451757.37, 512.34);
insert into STATION values (4965, '18e', 6740, 262349.64, 451769.52, 505.78);
insert into STATION values (4966, '19', 6740, 262370.61, 451754.98, 519.66);
insert into STATION values (4967, '19a', 6740, 262369.75, 451756.96, 519.42);
insert into STATION values (4968, '19b', 6740, 262371.75, 451752.73, 519.08);
insert into STATION values (4969, '19c', 6740, 262370.85, 451755.02, 520.44);
insert into STATION values (4970, '19d', 6740, 262370.93, 451755.03, 519.01);
insert into STATION values (4971, '20', 6740, 262375.02, 451756.64, 524.79);
insert into STATION values (4972, '20a', 6740, 262372.84, 451759.54, 525.34);
insert into STATION values (4973, '20b', 6740, 262375.48, 451755.85, 525.00);
insert into STATION values (4974, '20c', 6740, 262374.38, 451756.76, 525.88);
insert into STATION values (4975, '20d', 6740, 262375.00, 451756.31, 523.38);
insert into STATION values (4976, '21', 6740, 262375.24, 451760.81, 533.24);
insert into STATION values (4977, '21a', 6740, 262374.35, 451761.88, 533.18);
insert into STATION values (4978, '21b', 6740, 262376.37, 451759.50, 533.24);
insert into STATION values (4979, '21c', 6740, 262375.32, 451761.11, 534.58);
insert into STATION values (4980, '21d', 6740, 262375.48, 451760.58, 531.67);
insert into STATION values (4981, '22', 6740, 262377.10, 451760.17, 536.22);
insert into STATION values (4982, '22a', 6740, 262376.20, 451761.23, 536.22);
insert into STATION values (4983, '22b', 6740, 262377.96, 451759.67, 536.22);
insert into STATION values (4984, '22c', 6740, 262377.13, 451760.34, 537.20);
insert into STATION values (4985, '22d', 6740, 262377.10, 451760.03, 535.43);
insert into STATION values (4986, '1f', 6740, 262264.44, 451700.16, 450.21);
insert into STATION values (4987, '1g', 6740, 262261.43, 451710.92, 450.49);
insert into STATION values (4988, '1h', 6740, 262260.25, 451703.45, 458.24);
insert into STATION values (4989, '1i', 6740, 262263.70, 451703.85, 447.71);
insert into STATION values (4990, '23', 6740, 262255.76, 451702.15, 444.45);
insert into STATION values (4991, '23a', 6740, 262255.97, 451700.34, 444.57);
insert into STATION values (4992, '23b', 6740, 262254.45, 451706.61, 445.24);
insert into STATION values (4993, '23c', 6740, 262255.14, 451702.12, 457.69);
insert into STATION values (4994, '23d', 6740, 262255.63, 451702.57, 443.05);
insert into STATION values (4995, '23e', 6740, 262253.41, 451701.12, 465.51);
insert into STATION values (4996, '24', 6740, 262227.50, 451693.54, 449.46);
insert into STATION values (4997, '24a', 6740, 262232.78, 451692.00, 450.70);
insert into STATION values (4998, '24b', 6740, 262222.19, 451695.85, 450.15);
insert into STATION values (4999, '24c', 6740, 262227.56, 451691.79, 457.64);
insert into STATION values (5000, '24d', 6740, 262227.45, 451692.78, 448.38);
insert into STATION values (5001, '24e', 6740, 262238.02, 451691.51, 467.40);
insert into STATION values (5002, '24f', 6740, 262220.50, 451689.42, 455.57);
insert into STATION values (5003, '25', 6740, 262212.73, 451677.02, 445.48);
insert into STATION values (5004, '25a', 6740, 262213.58, 451675.60, 445.03);
insert into STATION values (5005, '25b', 6740, 262206.76, 451685.08, 447.70);
insert into STATION values (5006, '25c', 6740, 262211.61, 451677.04, 450.56);
insert into STATION values (5007, '25d', 6740, 262212.16, 451676.38, 443.67);
insert into STATION values (5008, '25e', 6740, 262250.10, 451694.48, 473.55);
insert into STATION values (5009, '26', 6740, 262178.77, 451672.35, 441.68);
insert into STATION values (5010, '26a', 6740, 262178.58, 451667.27, 441.47);
insert into STATION values (5011, '26b', 6740, 262176.89, 451681.12, 442.15);
insert into STATION values (5012, '26c', 6740, 262177.43, 451672.29, 449.21);
insert into STATION values (5013, '26d', 6740, 262178.05, 451671.04, 439.75);
insert into STATION values (5014, '26e', 6740, 262187.59, 451677.33, 432.13);
insert into STATION values (5015, '26f', 6740, 262195.06, 451677.58, 427.06);
insert into STATION values (5016, '257', 6744, 261683.29, 451296.35, 441.63);
insert into STATION values (5017, '258', 6744, 261681.22, 451276.72, 448.81);
insert into STATION values (5018, '259', 6744, 261680.69, 451270.58, 448.54);
insert into STATION values (5019, '260', 6744, 261652.41, 451260.01, 435.72);
insert into STATION values (5020, '261', 6744, 261651.52, 451243.13, 433.95);
insert into STATION values (5021, '262', 6744, 261624.13, 451250.47, 431.96);
insert into STATION values (5022, '263', 6744, 261605.05, 451247.10, 436.08);
insert into STATION values (5023, '264', 6744, 261605.05, 451247.10, 437.08);
insert into STATION values (5024, '265', 6744, 261582.63, 451235.43, 429.83);
insert into STATION values (5025, '266', 6744, 261573.86, 451238.11, 428.79);
insert into STATION values (5026, '267', 6744, 261557.60, 451234.36, 426.29);
insert into STATION values (5027, '268', 6744, 261546.62, 451229.24, 426.29);
insert into STATION values (5028, '269', 6744, 261544.85, 451226.97, 427.01);
insert into STATION values (5029, '500', 6744, 261580.11, 451248.94, 426.58);
insert into STATION values (5030, '501', 6744, 261587.62, 451249.21, 427.57);
insert into STATION values (5031, '502', 6744, 261591.54, 451258.00, 424.99);
insert into STATION values (5032, '503', 6744, 261600.75, 451260.82, 424.57);
insert into STATION values (5033, '270', 6744, 261531.25, 451216.83, 420.80);
insert into STATION values (5034, '270a', 6744, 261522.12, 451228.12, 423.51);
insert into STATION values (5035, '270b', 6744, 261535.21, 451213.44, 420.72);
insert into STATION values (5036, '270c', 6744, 261533.31, 451220.26, 431.87);
insert into STATION values (5037, '270d', 6744, 261531.42, 451218.26, 418.72);
insert into STATION values (5038, '268a', 6744, 261545.87, 451230.29, 426.00);
insert into STATION values (5039, '268b', 6744, 261547.07, 451228.72, 426.16);
insert into STATION values (5040, '268c', 6744, 261546.56, 451232.17, 427.75);
insert into STATION values (5041, '268d', 6744, 261547.14, 451230.16, 424.91);
insert into STATION values (5042, '270e', 6744, 261538.17, 451213.04, 420.90);
insert into STATION values (5043, '270f', 6744, 261523.42, 451216.58, 424.23);
insert into STATION values (5044, '270g', 6744, 261531.97, 451213.25, 432.25);
insert into STATION values (5045, '270h', 6744, 261531.48, 451216.07, 419.25);
insert into STATION values (5046, '271', 6744, 261529.56, 451197.99, 424.79);
insert into STATION values (5047, '271a', 6744, 261531.31, 451197.56, 424.45);
insert into STATION values (5048, '271b', 6744, 261527.75, 451198.29, 424.89);
insert into STATION values (5049, '271c', 6744, 261528.03, 451198.10, 426.15);
insert into STATION values (5050, '271d', 6744, 261532.01, 451197.87, 422.72);
insert into STATION values (5051, '270i', 6744, 261518.25, 451220.14, 426.73);
insert into STATION values (5052, '270j', 6744, 261519.39, 451211.00, 423.89);
insert into STATION values (5053, '270k', 6744, 261533.87, 451231.79, 420.80);
insert into STATION values (5054, '7', 6748, 262281.07, 451671.23, 452.35);
insert into STATION values (5055, '30', 6748, 262273.60, 451647.05, 451.30);
insert into STATION values (5056, '7a', 6748, 262290.76, 451665.61, 459.10);
insert into STATION values (5057, '7b', 6748, 262278.93, 451671.60, 452.43);
insert into STATION values (5058, '7c', 6748, 262284.84, 451671.02, 459.80);
insert into STATION values (5059, '7d', 6748, 262280.27, 451670.17, 450.73);
insert into STATION values (5060, '30a', 6748, 262279.57, 451645.60, 454.43);
insert into STATION values (5061, '30b', 6748, 262270.11, 451647.15, 451.24);
insert into STATION values (5062, '30c', 6748, 262275.00, 451646.42, 456.05);
insert into STATION values (5063, '30d', 6748, 262273.24, 451646.98, 449.99);
insert into STATION values (5064, '30e', 6748, 262283.36, 451649.22, 462.82);
insert into STATION values (5065, '31', 6748, 262268.60, 451637.65, 451.41);
insert into STATION values (5066, '31a', 6748, 262273.53, 451629.81, 454.70);
insert into STATION values (5067, '31b', 6748, 262267.86, 451640.21, 451.75);
insert into STATION values (5068, '31c', 6748, 262269.33, 451638.34, 457.69);
insert into STATION values (5069, '31d', 6748, 262268.63, 451637.74, 450.54);
insert into STATION values (5070, '32', 6748, 262232.73, 451624.98, 439.68);
insert into STATION values (5071, '32a', 6748, 262232.77, 451616.76, 439.88);
insert into STATION values (5072, '32b', 6748, 262227.71, 451629.94, 441.61);
insert into STATION values (5073, '32c', 6748, 262229.19, 451623.69, 448.83);
insert into STATION values (5074, '32d', 6748, 262232.40, 451625.55, 438.39);
insert into STATION values (5075, '32e', 6748, 262238.17, 451612.90, 444.09);
insert into STATION values (5076, '32f', 6748, 262229.62, 451631.78, 453.93);
insert into STATION values (5077, '32g', 6748, 262220.45, 451619.44, 425.46);
insert into STATION values (5078, '33', 6748, 262198.25, 451605.48, 410.77);
insert into STATION values (5079, '33a', 6748, 262200.84, 451602.85, 410.49);
insert into STATION values (5080, '33b', 6748, 262196.63, 451606.77, 410.56);
insert into STATION values (5081, '33c', 6748, 262199.48, 451604.04, 422.03);
insert into STATION values (5082, '33d', 6748, 262198.17, 451605.90, 410.07);
insert into STATION values (5083, '33e', 6748, 262206.68, 451601.42, 424.19);
insert into STATION values (5084, '34', 6748, 262173.73, 451594.48, 389.36);
insert into STATION values (5085, '34a', 6748, 262175.05, 451592.86, 389.36);
insert into STATION values (5086, '34b', 6748, 262173.01, 451596.33, 389.51);
insert into STATION values (5087, '34c', 6748, 262173.47, 451595.86, 400.60);
insert into STATION values (5088, '34d', 6748, 262173.76, 451594.76, 389.04);
insert into STATION values (5089, '34e', 6748, 262163.86, 451593.80, 406.94);
insert into STATION values (5090, '35', 6748, 262167.76, 451585.31, 387.12);
insert into STATION values (5091, '35a', 6748, 262169.08, 451581.93, 387.60);
insert into STATION values (5092, '35b', 6748, 262166.66, 451590.70, 387.61);
insert into STATION values (5093, '35c', 6748, 262168.40, 451585.08, 394.65);
insert into STATION values (5094, '35d', 6748, 262168.06, 451585.10, 386.61);
insert into STATION values (5095, '36', 6748, 262157.75, 451583.78, 395.93);
insert into STATION values (5096, '36a', 6748, 262163.64, 451581.44, 394.63);
insert into STATION values (5097, '36b', 6748, 262152.73, 451583.48, 395.81);
insert into STATION values (5098, '36c', 6748, 262154.08, 451584.95, 411.74);
insert into STATION values (5099, '36d', 6748, 262157.47, 451583.75, 394.62);
insert into STATION values (5100, '37', 6748, 262155.85, 451576.64, 396.91);
insert into STATION values (5101, '37a', 6748, 262161.14, 451576.35, 396.91);
insert into STATION values (5102, '37b', 6748, 262153.11, 451576.47, 396.96);
insert into STATION values (5103, '37c', 6748, 262157.51, 451576.51, 404.74);
insert into STATION values (5104, '37d', 6748, 262156.90, 451576.55, 395.55);
insert into STATION values (5105, '38', 6748, 262172.86, 451566.36, 401.88);
insert into STATION values (5106, '38a', 6748, 262175.24, 451572.32, 401.59);
insert into STATION values (5107, '38b', 6748, 262171.65, 451561.32, 400.92);
insert into STATION values (5108, '38c', 6748, 262173.30, 451566.16, 404.92);
insert into STATION values (5109, '38d', 6748, 262172.49, 451566.14, 400.78);
insert into STATION values (5110, '39', 6748, 262192.92, 451563.59, 390.65);
insert into STATION values (5111, '39a', 6748, 262193.29, 451565.71, 390.39);
insert into STATION values (5112, '39b', 6748, 262188.47, 451556.20, 391.96);
insert into STATION values (5113, '39c', 6748, 262191.84, 451566.29, 395.67);
insert into STATION values (5114, '39d', 6748, 262192.82, 451563.84, 389.23);
insert into STATION values (5115, '32h', 6748, 262235.03, 451625.62, 439.91);
insert into STATION values (5116, '32i', 6748, 262231.98, 451617.03, 440.92);
insert into STATION values (5117, '32j', 6748, 262236.58, 451614.51, 445.23);
insert into STATION values (5118, '32k', 6748, 262232.72, 451625.14, 438.14);
insert into STATION values (5119, '40', 6748, 262237.29, 451613.49, 444.85);
insert into STATION values (5120, '40a', 6748, 262239.80, 451613.23, 444.55);
insert into STATION values (5121, '40b', 6748, 262236.42, 451613.38, 445.08);
insert into STATION values (5122, '40c', 6748, 262235.73, 451613.13, 444.22);
insert into STATION values (5123, '40d', 6748, 262237.29, 451613.45, 445.28);
insert into STATION values (5124, '41', 6748, 262241.54, 451596.78, 444.38);
insert into STATION values (5125, '41a', 6748, 262248.30, 451596.07, 443.96);
insert into STATION values (5126, '41b', 6748, 262239.97, 451593.61, 444.48);
insert into STATION values (5127, '41c', 6748, 262243.03, 451596.62, 447.04);
insert into STATION values (5128, '41d', 6748, 262241.72, 451596.74, 443.72);
insert into STATION values (5129, '42', 6748, 262245.36, 451587.05, 445.81);
insert into STATION values (5130, '42a', 6748, 262246.98, 451585.59, 446.08);
insert into STATION values (5131, '42b', 6748, 262238.97, 451589.60, 444.47);
insert into STATION values (5132, '42c', 6748, 262245.23, 451586.71, 449.42);
insert into STATION values (5133, '42d', 6748, 262245.19, 451586.90, 443.54);
insert into STATION values (5134, '42e', 6748, 262242.59, 451588.59, 439.05);
insert into STATION values (5135, '43', 6748, 262240.93, 451582.67, 442.50);
insert into STATION values (5136, '43a', 6748, 262244.56, 451584.03, 442.70);
insert into STATION values (5137, '43b', 6748, 262234.60, 451579.09, 441.60);
insert into STATION values (5138, '43c', 6748, 262241.81, 451582.07, 449.78);
insert into STATION values (5139, '43d', 6748, 262241.53, 451582.05, 441.39);
insert into STATION values (5140, '43e', 6748, 262236.91, 451581.08, 436.01);
insert into STATION values (5141, '43f', 6748, 262227.95, 451585.33, 436.96);
insert into STATION values (5142, '44', 6748, 262252.30, 451581.40, 441.88);
insert into STATION values (5143, '44a', 6748, 262252.16, 451583.63, 442.12);
insert into STATION values (5144, '44b', 6748, 262253.44, 451578.49, 441.58);
insert into STATION values (5145, '44c', 6748, 262252.06, 451583.60, 449.56);
insert into STATION values (5146, '44d', 6748, 262251.97, 451581.94, 440.27);
insert into STATION values (5147, '45', 6748, 262302.43, 451584.69, 436.86);
insert into STATION values (5148, '45a', 6748, 262301.50, 451590.40, 436.75);
insert into STATION values (5149, '45b', 6748, 262302.47, 451584.54, 436.89);
insert into STATION values (5150, '45c', 6748, 262302.16, 451587.67, 441.67);
insert into STATION values (5151, '45d', 6748, 262302.57, 451585.31, 435.31);
insert into STATION values (5152, '46', 6748, 262350.82, 451602.24, 435.56);
insert into STATION values (5153, '46a', 6748, 262351.78, 451605.65, 435.81);
insert into STATION values (5154, '46b', 6748, 262350.04, 451595.37, 435.01);
insert into STATION values (5155, '46c', 6748, 262350.66, 451602.33, 441.16);
insert into STATION values (5156, '46d', 6748, 262351.13, 451602.44, 434.34);
insert into STATION values (5157, '46e', 6748, 262325.06, 451604.93, 431.51);
insert into STATION values (5158, '47', 6748, 262386.99, 451596.70, 419.97);
insert into STATION values (5159, '47a', 6748, 262391.68, 451594.07, 419.33);
insert into STATION values (5160, '47b', 6748, 262372.77, 451592.70, 417.17);
insert into STATION values (5161, '47c', 6748, 262386.23, 451595.76, 428.14);
insert into STATION values (5162, '47d', 6748, 262385.39, 451595.60, 415.23);
insert into STATION values (5163, '47e', 6748, 262394.87, 451599.55, 421.88);
insert into STATION values (5164, '48', 6748, 262379.48, 451578.34, 409.59);
insert into STATION values (5165, '48a', 6748, 262386.90, 451581.40, 409.78);
insert into STATION values (5166, '48b', 6748, 262375.07, 451574.41, 409.19);
insert into STATION values (5167, '48c', 6748, 262379.50, 451578.25, 421.67);
insert into STATION values (5168, '48d', 6748, 262380.42, 451577.62, 407.07);
insert into STATION values (5169, '48e', 6748, 262381.07, 451579.27, 413.63);
insert into STATION values (5170, '49', 6748, 262394.09, 451570.38, 408.95);
insert into STATION values (5171, '48f', 6748, 262375.36, 451562.69, 407.68);
insert into STATION values (5172, '48g', 6748, 262387.78, 451567.57, 403.37);
insert into STATION values (5173, '49a', 6748, 262393.80, 451579.24, 409.56);
insert into STATION values (5174, '49b', 6748, 262396.05, 451566.31, 409.01);
insert into STATION values (5175, '49c', 6748, 262394.15, 451570.89, 412.73);
insert into STATION values (5176, '49d', 6748, 262394.79, 451570.49, 407.50);
insert into STATION values (5177, '49e', 6748, 262383.40, 451563.32, 398.63);
insert into STATION values (5178, '49f', 6748, 262402.27, 451564.78, 417.91);
insert into STATION values (5179, '50', 6748, 262403.04, 451578.71, 408.86);
insert into STATION values (5180, '50a', 6748, 262403.01, 451578.95, 408.90);
insert into STATION values (5181, '50b', 6748, 262402.71, 451574.42, 408.52);
insert into STATION values (5182, '50c', 6748, 262403.83, 451578.01, 412.52);
insert into STATION values (5183, '50d', 6748, 262402.95, 451578.40, 407.34);
insert into STATION values (5184, '51', 6748, 262415.05, 451576.89, 413.17);
insert into STATION values (5185, '51a', 6748, 262414.18, 451581.04, 413.93);
insert into STATION values (5186, '51b', 6748, 262416.13, 451574.36, 412.84);
insert into STATION values (5187, '51c', 6748, 262415.37, 451577.98, 419.02);
insert into STATION values (5188, '51d', 6748, 262414.96, 451577.56, 411.92);
insert into STATION values (5189, '52', 6748, 262430.75, 451582.60, 416.15);
insert into STATION values (5190, '53', 6748, 262463.62, 451582.49, 413.87);
insert into STATION values (5191, '52a', 6748, 262430.41, 451584.84, 416.24);
insert into STATION values (5192, '52b', 6748, 262431.87, 451574.36, 415.54);
insert into STATION values (5193, '52c', 6748, 262431.61, 451582.99, 423.21);
insert into STATION values (5194, '52d', 6748, 262431.30, 451581.84, 414.49);
insert into STATION values (5195, '52e', 6748, 262429.91, 451573.38, 421.88);
insert into STATION values (5196, '52f', 6748, 262444.44, 451585.33, 415.62);
insert into STATION values (5197, '53a', 6748, 262462.42, 451585.88, 413.70);
insert into STATION values (5198, '53b', 6748, 262463.28, 451592.02, 414.41);
insert into STATION values (5199, '53c', 6748, 262462.38, 451579.64, 414.07);
insert into STATION values (5200, '53d', 6748, 262462.01, 451583.58, 425.78);
insert into STATION values (5201, '53e', 6748, 262463.90, 451582.01, 412.45);
insert into STATION values (5202, '54', 6748, 262470.99, 451587.06, 413.01);
insert into STATION values (5203, '54a', 6748, 262473.50, 451592.13, 412.80);
insert into STATION values (5204, '54b', 6748, 262471.12, 451581.37, 412.84);
insert into STATION values (5205, '54c', 6748, 262472.33, 451586.68, 419.37);
insert into STATION values (5206, '54d', 6748, 262470.97, 451587.02, 411.95);
insert into STATION values (5207, '55', 6748, 262496.54, 451586.84, 396.51);
insert into STATION values (5208, '55a', 6748, 262500.26, 451589.60, 397.30);
insert into STATION values (5209, '55b', 6748, 262493.14, 451580.58, 395.67);
insert into STATION values (5210, '55c', 6748, 262496.37, 451585.89, 401.08);
insert into STATION values (5211, '55d', 6748, 262497.22, 451586.91, 394.59);
insert into STATION values (5212, '56', 6748, 262512.18, 451572.29, 378.23);
insert into STATION values (5213, '56a', 6748, 262516.57, 451580.20, 380.79);
insert into STATION values (5214, '56b', 6748, 262508.87, 451567.70, 377.87);
insert into STATION values (5215, '56c', 6748, 262512.46, 451572.47, 382.00);
insert into STATION values (5216, '56d', 6748, 262512.47, 451572.74, 382.01);
insert into STATION values (5217, '56e', 6748, 262511.96, 451572.52, 377.19);
insert into STATION values (5218, '57', 6748, 262515.08, 451558.15, 363.06);
insert into STATION values (5219, '57a', 6748, 262524.41, 451558.72, 364.72);
insert into STATION values (5220, '57b', 6748, 262508.69, 451556.81, 363.45);
insert into STATION values (5221, '57c', 6748, 262514.61, 451558.27, 365.83);
insert into STATION values (5222, '57d', 6748, 262515.15, 451558.09, 362.75);
insert into STATION values (5223, '58', 6748, 262501.80, 451546.71, 358.32);
insert into STATION values (5224, '58a', 6748, 262508.52, 451544.37, 358.27);
insert into STATION values (5225, '58b', 6748, 262496.81, 451547.51, 357.81);
insert into STATION values (5226, '58c', 6748, 262501.84, 451545.96, 361.35);
insert into STATION values (5227, '58d', 6748, 262501.32, 451546.69, 357.64);
insert into STATION values (5228, '58e', 6748, 262496.63, 451529.44, 352.57);
insert into STATION values (5229, '59', 6748, 262504.83, 451533.39, 354.76);
insert into STATION values (5230, '59a', 6748, 262510.07, 451541.56, 357.08);
insert into STATION values (5231, '59b', 6748, 262504.68, 451527.21, 354.05);
insert into STATION values (5232, '59c', 6748, 262501.57, 451523.25, 349.58);
insert into STATION values (5233, '59d', 6748, 262504.79, 451532.11, 360.46);
insert into STATION values (5234, '59e', 6748, 262505.04, 451533.49, 354.01);
insert into STATION values (5235, '60', 6748, 262525.74, 451545.38, 362.96);
insert into STATION values (5236, '60a', 6748, 262525.47, 451545.76, 362.99);
insert into STATION values (5237, '60b', 6748, 262528.85, 451541.86, 363.72);
insert into STATION values (5238, '60c', 6748, 262525.74, 451545.07, 368.12);
insert into STATION values (5239, '60d', 6748, 262526.08, 451545.19, 361.66);
insert into STATION values (5240, '61', 6748, 262547.78, 451559.27, 377.54);
insert into STATION values (5241, '61a', 6748, 262546.60, 451560.78, 377.59);
insert into STATION values (5242, '61b', 6748, 262547.99, 451559.06, 377.45);
insert into STATION values (5243, '61c', 6748, 262545.80, 451566.67, 389.76);
insert into STATION values (5244, '61d', 6748, 262547.85, 451559.28, 377.25);
insert into STATION values (5245, '62', 6748, 262554.88, 451568.14, 393.28);
insert into STATION values (5246, '62a', 6748, 262555.13, 451567.71, 393.13);
insert into STATION values (5247, '62b', 6748, 262553.94, 451569.35, 393.39);
insert into STATION values (5248, '62c', 6748, 262554.68, 451568.34, 394.92);
insert into STATION values (5249, '62d', 6748, 262555.41, 451568.05, 391.36);
insert into STATION values (5250, '63', 6748, 262557.86, 451569.35, 393.81);
insert into STATION values (5251, '63a', 6748, 262555.36, 451570.11, 393.60);
insert into STATION values (5252, '63b', 6748, 262558.27, 451569.23, 393.86);
insert into STATION values (5253, '63c', 6748, 262557.79, 451569.74, 398.05);
insert into STATION values (5254, '63d', 6748, 262558.00, 451569.06, 392.17);
insert into STATION values (5255, '64', 6748, 262560.62, 451577.62, 401.98);
insert into STATION values (5256, '64a', 6748, 262556.97, 451579.42, 402.91);
insert into STATION values (5257, '64b', 6748, 262563.22, 451574.78, 401.96);
insert into STATION values (5258, '64c', 6748, 262559.91, 451578.47, 405.24);
insert into STATION values (5259, '64d', 6748, 262561.05, 451577.42, 400.10);
insert into STATION values (5260, '65', 6748, 262563.71, 451579.67, 406.31);
insert into STATION values (5261, '65a', 6748, 262563.34, 451581.64, 406.49);
insert into STATION values (5262, '65b', 6748, 262564.06, 451578.26, 406.21);
insert into STATION values (5263, '65c', 6748, 262563.32, 451579.81, 408.68);
insert into STATION values (5264, '65d', 6748, 262563.86, 451579.51, 404.90);
insert into STATION values (5265, '66', 6748, 262574.03, 451582.69, 408.53);
insert into STATION values (5266, '66a', 6748, 262574.05, 451584.39, 408.46);
insert into STATION values (5267, '66b', 6748, 262574.62, 451580.20, 408.38);
insert into STATION values (5268, '66c', 6748, 262573.91, 451583.14, 409.68);
insert into STATION values (5269, '66d', 6748, 262573.54, 451582.77, 406.86);
insert into STATION values (5270, '67', 6748, 262577.78, 451582.79, 408.61);
insert into STATION values (5271, '67a', 6748, 262577.53, 451585.81, 408.46);
insert into STATION values (5272, '67b', 6748, 262578.52, 451580.78, 408.59);
insert into STATION values (5273, '67c', 6748, 262577.52, 451583.69, 415.99);
insert into STATION values (5274, '67d', 6748, 262577.69, 451583.02, 407.78);
insert into STATION values (5275, '67e', 6748, 262583.15, 451584.95, 408.38);
insert into STATION values (5276, '67f', 6748, 262571.02, 451584.75, 423.86);
insert into STATION values (5277, '71', 6748, 262527.55, 451570.76, 369.14);
insert into STATION values (5278, '70', 6748, 262544.64, 451590.45, 391.81);
insert into STATION values (5279, '70a', 6748, 262542.15, 451593.05, 391.73);
insert into STATION values (5280, '70b', 6748, 262546.77, 451589.46, 391.65);
insert into STATION values (5281, '70c', 6748, 262542.89, 451591.19, 394.93);
insert into STATION values (5282, '70d', 6748, 262544.47, 451590.54, 390.62);
insert into STATION values (5283, '72', 6748, 262519.37, 451563.10, 366.96);
insert into STATION values (5284, '71a', 6748, 262529.75, 451565.13, 369.22);
insert into STATION values (5285, '71b', 6748, 262525.18, 451573.35, 368.65);
insert into STATION values (5286, '71c', 6748, 262526.79, 451569.29, 372.74);
insert into STATION values (5287, '71d', 6748, 262527.44, 451570.69, 368.06);
insert into STATION values (5288, '72a', 6748, 262521.37, 451560.67, 366.99);
insert into STATION values (5289, '72b', 6748, 262512.48, 451564.85, 367.91);
insert into STATION values (5290, '72c', 6748, 262519.19, 451562.53, 368.55);
insert into STATION values (5291, '72d', 6748, 262519.28, 451562.68, 365.84);
insert into STATION values (5292, '57e', 6748, 262519.62, 451552.58, 361.06);
insert into STATION values (5293, '57f', 6748, 262511.04, 451558.71, 362.63);
insert into STATION values (5294, '57g', 6748, 262514.70, 451556.89, 364.47);
insert into STATION values (5295, '57h', 6748, 262515.14, 451557.93, 362.12);
insert into STATION values (5296, '43g', 6748, 262237.68, 451576.04, 441.90);
insert into STATION values (5297, '43h', 6748, 262238.62, 451590.66, 442.29);
insert into STATION values (5298, '43i', 6748, 262239.96, 451581.94, 449.29);
insert into STATION values (5299, '43j', 6748, 262240.67, 451581.63, 439.44);
insert into STATION values (5300, '75', 6748, 262229.64, 451585.61, 437.20);
insert into STATION values (5301, '75a', 6748, 262229.14, 451584.35, 437.02);
insert into STATION values (5302, '75b', 6748, 262229.69, 451585.75, 437.18);
insert into STATION values (5303, '75c', 6748, 262229.25, 451585.45, 438.23);
insert into STATION values (5304, '75d', 6748, 262229.49, 451585.26, 436.01);
insert into STATION values (5305, '76', 6748, 262218.22, 451589.22, 429.42);
insert into STATION values (5306, '76a', 6748, 262218.13, 451588.72, 429.44);
insert into STATION values (5307, '76b', 6748, 262218.36, 451589.73, 429.42);
insert into STATION values (5308, '76c', 6748, 262218.11, 451589.13, 430.05);
insert into STATION values (5309, '76d', 6748, 262218.27, 451589.11, 429.14);
insert into STATION values (5310, '77', 6748, 262214.32, 451589.99, 427.27);
insert into STATION values (5311, '78', 6748, 262212.33, 451586.61, 425.36);
insert into STATION values (5312, '77a', 6748, 262214.98, 451589.07, 427.60);
insert into STATION values (5313, '77b', 6748, 262214.21, 451591.05, 427.47);
insert into STATION values (5314, '77c', 6748, 262214.75, 451589.38, 430.09);
insert into STATION values (5315, '77d', 6748, 262214.49, 451590.23, 426.48);
insert into STATION values (5316, '78a', 6748, 262212.35, 451586.43, 425.34);
insert into STATION values (5317, '78b', 6748, 262211.86, 451587.60, 425.19);
insert into STATION values (5318, '78c', 6748, 262212.26, 451586.52, 425.92);
insert into STATION values (5319, '78d', 6748, 262212.33, 451586.61, 424.63);
insert into STATION values (5320, '79', 6748, 262208.84, 451587.32, 421.40);
insert into STATION values (5321, '79a', 6748, 262207.75, 451588.08, 421.35);
insert into STATION values (5322, '79b', 6748, 262210.99, 451588.79, 422.44);
insert into STATION values (5323, '79c', 6748, 262208.62, 451587.50, 422.78);
insert into STATION values (5324, '79d', 6748, 262208.79, 451587.37, 421.13);
insert into STATION values (5325, '80', 6748, 262208.62, 451597.89, 420.11);
insert into STATION values (5326, '80a', 6748, 262205.40, 451596.31, 419.84);
insert into STATION values (5327, '80b', 6748, 262210.22, 451598.54, 420.04);
insert into STATION values (5328, '80c', 6748, 262208.33, 451598.03, 421.82);
insert into STATION values (5329, '80d', 6748, 262207.74, 451597.77, 418.81);
insert into STATION values (5330, '81', 6748, 262203.99, 451601.77, 416.92);
insert into STATION values (5331, '82', 6748, 262200.55, 451605.55, 407.14);
insert into STATION values (5332, '81a', 6748, 262201.31, 451600.91, 418.26);
insert into STATION values (5333, '81b', 6748, 262208.33, 451604.06, 417.88);
insert into STATION values (5334, '81c', 6748, 262203.06, 451602.78, 423.74);
insert into STATION values (5335, '81d', 6748, 262204.11, 451603.19, 414.70);
insert into STATION values (5336, '82a', 6748, 262199.01, 451604.97, 405.97);
insert into STATION values (5337, '82b', 6748, 262201.22, 451605.93, 406.49);
insert into STATION values (5338, '82c', 6748, 262197.15, 451609.28, 414.81);
insert into STATION values (5339, '82d', 6748, 262200.43, 451605.69, 405.95);
insert into STATION values (5340, '79e', 6748, 262209.03, 451586.22, 421.49);
insert into STATION values (5341, '79f', 6748, 262207.78, 451588.29, 421.04);
insert into STATION values (5342, '79g', 6748, 262208.41, 451587.36, 422.78);
insert into STATION values (5343, '79h', 6748, 262208.87, 451587.31, 421.23);
insert into STATION values (5344, '83', 6748, 262203.50, 451586.47, 419.01);
insert into STATION values (5345, '83a', 6748, 262206.63, 451583.70, 418.57);
insert into STATION values (5346, '83b', 6748, 262202.84, 451586.84, 418.70);
insert into STATION values (5347, '83c', 6748, 262203.78, 451586.02, 420.62);
insert into STATION values (5348, '83d', 6748, 262203.59, 451586.18, 417.94);
insert into STATION values (5349, '84', 6748, 262197.41, 451574.98, 418.45);
insert into STATION values (5350, '84a', 6748, 262201.86, 451573.12, 418.55);
insert into STATION values (5351, '84b', 6748, 262196.07, 451575.25, 418.34);
insert into STATION values (5352, '84c', 6748, 262197.77, 451574.72, 419.55);
insert into STATION values (5353, '84d', 6748, 262197.44, 451574.76, 416.77);
insert into STATION values (5354, '84e', 6748, 262193.15, 451578.22, 412.72);
insert into STATION values (5355, '85', 6748, 262201.66, 451564.87, 419.71);
insert into STATION values (5356, '85a', 6748, 262208.09, 451563.44, 421.79);
insert into STATION values (5357, '85b', 6748, 262198.58, 451566.03, 419.58);
insert into STATION values (5358, '85c', 6748, 262199.85, 451563.64, 435.01);
insert into STATION values (5359, '85d', 6748, 262201.73, 451564.58, 419.17);
insert into STATION values (5360, '86', 6748, 262196.93, 451558.93, 418.26);
insert into STATION values (5361, '86a', 6748, 262199.32, 451556.39, 417.59);
insert into STATION values (5362, '86b', 6748, 262188.98, 451562.71, 418.11);
insert into STATION values (5363, '86c', 6748, 262195.89, 451560.06, 425.76);
insert into STATION values (5364, '86d', 6748, 262197.01, 451558.92, 417.16);
insert into STATION values (5365, '86e', 6748, 262211.45, 451570.12, 433.76);
insert into STATION values (5366, '86f', 6748, 262191.12, 451566.90, 423.56);
insert into STATION values (5367, '87', 6748, 262187.07, 451541.00, 406.55);
insert into STATION values (5368, '87a', 6748, 262189.25, 451540.56, 406.88);
insert into STATION values (5369, '87b', 6748, 262178.69, 451543.99, 406.79);
insert into STATION values (5370, '87c', 6748, 262186.21, 451541.29, 411.77);
insert into STATION values (5371, '87d', 6748, 262187.81, 451540.75, 405.09);
insert into STATION values (5372, '87e', 6748, 262195.99, 451537.75, 406.72);
insert into STATION values (5373, '88', 6748, 262181.68, 451521.59, 403.31);
insert into STATION values (5374, '88a', 6748, 262181.55, 451521.30, 403.33);
insert into STATION values (5375, '88b', 6748, 262192.55, 451540.60, 403.02);
insert into STATION values (5376, '88c', 6748, 262180.43, 451522.76, 411.76);
insert into STATION values (5377, '88d', 6748, 262182.17, 451521.14, 401.69);
insert into STATION values (5378, '88e', 6748, 262176.14, 451536.55, 403.91);
insert into STATION values (5379, '89', 6748, 262169.78, 451532.40, 401.08);
insert into STATION values (5380, '89a', 6748, 262172.42, 451521.54, 401.88);
insert into STATION values (5381, '89b', 6748, 262169.43, 451533.44, 401.00);
insert into STATION values (5382, '89c', 6748, 262169.80, 451530.40, 408.74);
insert into STATION values (5383, '89d', 6748, 262169.47, 451532.37, 399.89);
insert into STATION values (5384, '90', 6748, 262145.12, 451514.11, 384.47);
insert into STATION values (5385, '90a', 6748, 262146.70, 451511.14, 384.57);
insert into STATION values (5386, '90b', 6748, 262138.09, 451522.33, 383.54);
insert into STATION values (5387, '90c', 6748, 262144.53, 451513.29, 392.98);
insert into STATION values (5388, '90d', 6748, 262144.95, 451514.37, 382.94);
insert into STATION values (5389, '90e', 6748, 262137.30, 451518.86, 375.50);
insert into STATION values (5390, '90f', 6748, 262151.55, 451515.67, 396.58);
insert into STATION values (5391, '91', 6748, 262127.33, 451498.85, 385.93);
insert into STATION values (5392, '91a', 6748, 262134.86, 451498.61, 386.37);
insert into STATION values (5393, '91b', 6748, 262126.54, 451498.93, 385.91);
insert into STATION values (5394, '91c', 6748, 262129.55, 451501.59, 401.96);
insert into STATION values (5395, '91d', 6748, 262127.63, 451498.31, 384.24);
insert into STATION values (5396, '92', 6748, 262134.37, 451483.45, 387.59);
insert into STATION values (5397, '92a', 6748, 262140.03, 451486.03, 387.23);
insert into STATION values (5398, '92b', 6748, 262130.28, 451481.45, 387.27);
insert into STATION values (5399, '92c', 6748, 262135.88, 451483.56, 402.28);
insert into STATION values (5400, '92d', 6748, 262135.85, 451483.42, 382.31);
insert into STATION values (5401, '92e', 6748, 262132.51, 451463.79, 394.30);
insert into STATION values (5402, '92f', 6748, 262130.77, 451467.32, 404.53);
insert into STATION values (5403, '92g', 6748, 262149.00, 451486.09, 395.01);
insert into STATION values (5404, '93', 6748, 262154.96, 451474.85, 395.38);
insert into STATION values (5405, '93a', 6748, 262153.09, 451481.89, 395.30);
insert into STATION values (5406, '93b', 6748, 262154.98, 451474.64, 395.36);
insert into STATION values (5407, '93c', 6748, 262150.56, 451478.17, 404.25);
insert into STATION values (5408, '93d', 6748, 262155.25, 451474.54, 393.66);
insert into STATION values (5409, '94', 6748, 262176.04, 451482.66, 402.46);
insert into STATION values (5410, '94a', 6748, 262175.87, 451483.70, 402.60);
insert into STATION values (5411, '94b', 6748, 262176.62, 451480.52, 402.28);
insert into STATION values (5412, '94c', 6748, 262176.05, 451482.68, 403.38);
insert into STATION values (5413, '94d', 6748, 262176.01, 451482.45, 400.68);
insert into STATION values (5414, '95', 6748, 262180.57, 451482.00, 402.51);
insert into STATION values (5415, '95a', 6748, 262180.78, 451483.80, 402.10);
insert into STATION values (5416, '95b', 6748, 262180.17, 451479.49, 401.86);
insert into STATION values (5417, '95c', 6748, 262180.69, 451482.83, 407.96);
insert into STATION values (5418, '95d', 6748, 262180.66, 451481.91, 401.25);
insert into STATION values (5419, '96', 6748, 262189.26, 451480.45, 401.76);
insert into STATION values (5420, '96a', 6748, 262190.17, 451484.41, 402.01);
insert into STATION values (5421, '96b', 6748, 262189.19, 451479.96, 401.74);
insert into STATION values (5422, '96c', 6748, 262188.80, 451481.75, 405.90);
insert into STATION values (5423, '96d', 6748, 262189.36, 451480.75, 400.52);
insert into STATION values (5424, '96e', 6748, 262188.21, 451490.42, 414.90);
insert into STATION values (5425, '97', 6748, 262200.97, 451481.85, 399.08);
insert into STATION values (5426, '97a', 6748, 262200.78, 451484.45, 399.61);
insert into STATION values (5427, '97b', 6748, 262201.70, 451478.93, 398.82);
insert into STATION values (5428, '97c', 6748, 262201.34, 451484.03, 406.47);
insert into STATION values (5429, '97d', 6748, 262201.24, 451482.21, 397.64);
insert into STATION values (5430, '98', 6748, 262210.70, 451486.08, 406.80);
insert into STATION values (5431, '98a', 6748, 262208.38, 451488.49, 406.52);
insert into STATION values (5432, '98b', 6748, 262211.72, 451483.58, 407.21);
insert into STATION values (5433, '98c', 6748, 262211.34, 451486.48, 411.50);
insert into STATION values (5434, '98d', 6748, 262210.86, 451486.05, 406.53);
insert into STATION values (5435, '99', 6748, 262212.63, 451489.59, 408.68);
insert into STATION values (5436, '99a', 6748, 262212.23, 451491.38, 408.97);
insert into STATION values (5437, '99b', 6748, 262213.93, 451484.96, 409.58);
insert into STATION values (5438, '99c', 6748, 262212.76, 451491.18, 419.33);
insert into STATION values (5439, '99d', 6748, 262212.70, 451489.78, 407.00);
insert into STATION values (5440, '100', 6748, 262218.40, 451493.48, 409.39);
insert into STATION values (5441, '100a', 6748, 262219.30, 451494.89, 409.65);
insert into STATION values (5442, '100b', 6748, 262219.16, 451490.45, 409.01);
insert into STATION values (5443, '100c', 6748, 262218.81, 451494.26, 413.85);
insert into STATION values (5444, '100d', 6748, 262218.42, 451493.37, 408.39);
insert into STATION values (5445, '92h', 6748, 262140.98, 451478.24, 386.27);
insert into STATION values (5446, '92i', 6748, 262129.29, 451483.85, 387.51);
insert into STATION values (5447, '92j', 6748, 262136.64, 451482.63, 401.77);
insert into STATION values (5448, '92k', 6748, 262135.77, 451483.93, 384.55);
insert into STATION values (5449, '101', 6748, 262135.05, 451468.34, 392.61);
insert into STATION values (5450, '101a', 6748, 262138.13, 451466.78, 392.51);
insert into STATION values (5451, '101b', 6748, 262131.16, 451471.16, 392.47);
insert into STATION values (5452, '101c', 6748, 262135.77, 451469.32, 400.67);
insert into STATION values (5453, '101d', 6748, 262135.08, 451468.48, 392.00);
insert into STATION values (5454, '101e', 6748, 262126.18, 451476.91, 397.13);
insert into STATION values (5455, '101f', 6748, 262132.64, 451469.09, 389.28);
insert into STATION values (5456, '102', 6748, 262127.70, 451465.85, 396.09);
insert into STATION values (5457, '102a', 6748, 262129.27, 451462.28, 396.02);
insert into STATION values (5458, '102b', 6748, 262124.94, 451471.33, 395.92);
insert into STATION values (5459, '102c', 6748, 262125.94, 451465.79, 402.86);
insert into STATION values (5460, '102d', 6748, 262122.74, 451467.91, 422.61);
insert into STATION values (5461, '102e', 6748, 262127.82, 451465.69, 395.13);
insert into STATION values (5462, '103', 6748, 262122.67, 451453.32, 390.97);
insert into STATION values (5463, '103a', 6748, 262129.85, 451453.03, 393.66);
insert into STATION values (5464, '103b', 6748, 262119.75, 451453.64, 391.38);
insert into STATION values (5465, '103c', 6748, 262112.20, 451454.88, 386.19);
insert into STATION values (5466, '103d', 6748, 262122.90, 451452.96, 398.39);
insert into STATION values (5467, '103e', 6748, 262122.60, 451453.63, 390.24);
insert into STATION values (5468, '104', 6748, 262119.65, 451442.20, 399.95);
insert into STATION values (5469, '104a', 6748, 262124.05, 451439.30, 399.63);
insert into STATION values (5470, '104b', 6748, 262118.20, 451445.35, 399.45);
insert into STATION values (5471, '104c', 6748, 262119.69, 451442.38, 406.16);
insert into STATION values (5472, '104d', 6748, 262119.50, 451442.00, 398.88);
insert into STATION values (5473, '104e', 6748, 262130.00, 451445.02, 397.02);
insert into STATION values (5474, '104f', 6748, 262116.31, 451428.13, 395.97);
insert into STATION values (5475, '105', 6748, 262116.70, 451429.85, 396.49);
insert into STATION values (5476, '105a', 6748, 262116.65, 451428.73, 395.93);
insert into STATION values (5477, '105b', 6748, 262114.77, 451437.05, 397.93);
insert into STATION values (5478, '105c', 6748, 262113.43, 451440.59, 403.97);
insert into STATION values (5479, '105d', 6748, 262111.99, 451431.23, 402.96);
insert into STATION values (5480, '105e', 6748, 262116.92, 451430.03, 395.35);
insert into STATION values (5481, '106', 6748, 262101.72, 451431.06, 397.97);
insert into STATION values (5482, '105f', 6748, 262109.83, 451425.00, 388.82);
insert into STATION values (5483, '106a', 6748, 262101.66, 451429.86, 397.88);
insert into STATION values (5484, '106b', 6748, 262102.43, 451437.34, 396.82);
insert into STATION values (5485, '106c', 6748, 262101.64, 451431.63, 404.10);
insert into STATION values (5486, '106d', 6748, 262102.01, 451431.13, 397.29);
insert into STATION values (5487, '107', 6748, 262092.11, 451434.65, 403.80);
insert into STATION values (5488, '107a', 6748, 262092.52, 451433.48, 403.82);
insert into STATION values (5489, '107b', 6748, 262091.75, 451436.85, 403.33);
insert into STATION values (5490, '107c', 6748, 262091.98, 451435.51, 408.13);
insert into STATION values (5491, '107d', 6748, 262092.14, 451434.70, 402.98);
insert into STATION values (5492, '107e', 6748, 262092.22, 451430.50, 404.46);
insert into STATION values (5493, '108', 6748, 262086.74, 451432.75, 405.63);
insert into STATION values (5494, '108a', 6748, 262086.99, 451430.04, 405.93);
insert into STATION values (5495, '108b', 6748, 262086.87, 451434.37, 405.52);
insert into STATION values (5496, '108c', 6748, 262087.99, 451434.46, 416.93);
insert into STATION values (5497, '108d', 6748, 262086.75, 451432.17, 404.86);
insert into STATION values (5498, '109', 6748, 262077.44, 451433.47, 403.80);
insert into STATION values (5499, '109a', 6748, 262077.42, 451431.24, 403.58);
insert into STATION values (5500, '109b', 6748, 262077.33, 451433.66, 403.79);
insert into STATION values (5501, '109c', 6748, 262078.10, 451431.34, 413.95);
insert into STATION values (5502, '109d', 6748, 262077.23, 451433.20, 402.69);
insert into STATION values (5503, '109e', 6748, 262051.95, 451429.51, 392.45);
insert into STATION values (5504, '109f', 6748, 262060.61, 451427.80, 381.98);
insert into STATION values (5505, '109g', 6748, 262036.19, 451428.64, 397.92);
insert into STATION values (5506, '110', 6748, 262112.86, 451427.54, 392.58);
insert into STATION values (5507, '105g', 6748, 262117.49, 451428.91, 396.20);
insert into STATION values (5508, '105h', 6748, 262107.59, 451432.62, 393.53);
insert into STATION values (5509, '105i', 6748, 262116.44, 451428.45, 398.12);
insert into STATION values (5510, '105j', 6748, 262116.81, 451429.75, 395.40);
insert into STATION values (5511, '110a', 6748, 262115.71, 451426.69, 392.32);
insert into STATION values (5512, '110b', 6748, 262110.12, 451427.09, 391.92);
insert into STATION values (5513, '110c', 6748, 262114.57, 451431.17, 401.97);
insert into STATION values (5514, '110d', 6748, 262112.81, 451427.54, 391.22);
insert into STATION values (5515, '111', 6748, 262110.31, 451421.38, 388.68);
insert into STATION values (5516, '111a', 6748, 262113.02, 451421.85, 390.21);
insert into STATION values (5517, '111b', 6748, 262107.95, 451419.79, 388.34);
insert into STATION values (5518, '111c', 6748, 262110.53, 451421.49, 390.20);
insert into STATION values (5519, '111d', 6748, 262110.18, 451421.29, 387.60);
insert into STATION values (5520, '111e', 6748, 262096.90, 451420.53, 378.50);
insert into STATION values (5521, '112', 6748, 262110.95, 451414.33, 392.61);
insert into STATION values (5522, '112a', 6748, 262114.39, 451413.92, 394.01);
insert into STATION values (5523, '112b', 6748, 262110.51, 451414.62, 392.78);
insert into STATION values (5524, '112c', 6748, 262111.90, 451413.94, 394.49);
insert into STATION values (5525, '112d', 6748, 262111.37, 451414.31, 391.25);
insert into STATION values (5526, '113', 6748, 262110.09, 451404.08, 395.49);
insert into STATION values (5527, '113a', 6748, 262111.42, 451404.28, 395.60);
insert into STATION values (5528, '113b', 6748, 262109.31, 451403.41, 395.71);
insert into STATION values (5529, '113c', 6748, 262111.27, 451403.87, 396.76);
insert into STATION values (5530, '113d', 6748, 262110.37, 451404.08, 394.92);
insert into STATION values (5531, '113e', 6748, 262118.24, 451400.90, 390.90);
insert into STATION values (5532, '113f', 6748, 262120.67, 451402.70, 387.76);
insert into STATION values (5533, '111f', 6748, 262107.90, 451419.85, 388.50);
insert into STATION values (5534, '111g', 6748, 262108.77, 451425.04, 388.58);
insert into STATION values (5535, '111h', 6748, 262110.32, 451421.37, 390.26);
insert into STATION values (5536, '111i', 6748, 262110.06, 451421.18, 387.64);
insert into STATION values (5537, '114', 6748, 262101.99, 451422.04, 383.35);
insert into STATION values (5538, '114a', 6748, 262102.44, 451420.05, 383.05);
insert into STATION values (5539, '114b', 6748, 262101.50, 451423.10, 383.25);
insert into STATION values (5540, '114c', 6748, 262102.02, 451421.97, 383.74);
insert into STATION values (5541, '114d', 6748, 262101.97, 451421.90, 381.62);
insert into STATION values (5542, '115', 6748, 262092.65, 451420.50, 376.29);
insert into STATION values (5543, '115a', 6748, 262091.96, 451418.12, 375.40);
insert into STATION values (5544, '115b', 6748, 262091.85, 451422.47, 375.37);
insert into STATION values (5545, '115c', 6748, 262092.24, 451420.37, 376.89);
insert into STATION values (5546, '115d', 6748, 262092.65, 451420.46, 375.00);
insert into STATION values (5547, '37e', 6748, 262153.16, 451573.32, 396.37);
insert into STATION values (5548, '37f', 6748, 262155.15, 451584.27, 397.06);
insert into STATION values (5549, '37g', 6748, 262155.34, 451575.49, 401.77);
insert into STATION values (5550, '37h', 6748, 262150.75, 451581.05, 393.26);
insert into STATION values (5551, '120', 6748, 262154.97, 451577.73, 395.47);
insert into STATION values (5552, '120a', 6748, 262155.61, 451577.04, 395.51);
insert into STATION values (5553, '120b', 6748, 262151.41, 451581.75, 394.85);
insert into STATION values (5554, '120c', 6748, 262154.09, 451577.42, 400.24);
insert into STATION values (5555, '120d', 6748, 262154.51, 451578.03, 393.21);
insert into STATION values (5556, '121', 6748, 262152.97, 451572.95, 391.15);
insert into STATION values (5557, '121a', 6748, 262153.24, 451571.90, 391.04);
insert into STATION values (5558, '121b', 6748, 262151.37, 451574.25, 390.66);
insert into STATION values (5559, '121c', 6748, 262152.78, 451572.82, 391.79);
insert into STATION values (5560, '121d', 6748, 262152.98, 451573.03, 390.83);
insert into STATION values (5561, '122', 6748, 262148.40, 451570.40, 387.70);
insert into STATION values (5562, '123', 6748, 262141.53, 451565.49, 374.40);
insert into STATION values (5563, '122a', 6748, 262149.56, 451569.29, 387.69);
insert into STATION values (5564, '122b', 6748, 262148.12, 451570.92, 387.66);
insert into STATION values (5565, '122c', 6748, 262149.33, 451569.49, 388.42);
insert into STATION values (5566, '122d', 6748, 262149.16, 451570.00, 386.36);
insert into STATION values (5567, '123a', 6748, 262145.97, 451564.42, 374.99);
insert into STATION values (5568, '123b', 6748, 262137.93, 451564.18, 374.33);
insert into STATION values (5569, '123c', 6748, 262142.19, 451563.70, 381.96);
insert into STATION values (5570, '123d', 6748, 262141.56, 451565.29, 373.75);
insert into STATION values (5571, '124', 6748, 262145.53, 451546.97, 371.56);
insert into STATION values (5572, '124a', 6748, 262147.63, 451547.70, 372.44);
insert into STATION values (5573, '124b', 6748, 262142.94, 451546.38, 371.35);
insert into STATION values (5574, '124c', 6748, 262146.32, 451546.07, 380.15);
insert into STATION values (5575, '124d', 6748, 262145.45, 451547.09, 370.59);
insert into STATION values (5576, '125', 6748, 262155.09, 451539.89, 381.70);
insert into STATION values (5577, '125a', 6748, 262156.97, 451538.32, 381.24);
insert into STATION values (5578, '125b', 6748, 262150.47, 451540.72, 380.71);
insert into STATION values (5579, '125c', 6748, 262155.08, 451539.52, 382.80);
insert into STATION values (5580, '125d', 6748, 262155.16, 451539.60, 380.07);
insert into STATION values (5581, '126', 6748, 262154.31, 451537.24, 384.22);
insert into STATION values (5582, '126a', 6748, 262154.41, 451537.80, 384.21);
insert into STATION values (5583, '126b', 6748, 262154.25, 451536.95, 384.19);
insert into STATION values (5584, '126c', 6748, 262154.11, 451537.11, 385.52);
insert into STATION values (5585, '126d', 6748, 262154.23, 451537.00, 382.06);
insert into STATION values (5586, '127', 6748, 262155.68, 451536.04, 387.49);
insert into STATION values (5587, '127a', 6748, 262155.75, 451536.23, 387.49);
insert into STATION values (5588, '127b', 6748, 262155.23, 451534.86, 387.46);
insert into STATION values (5589, '127c', 6748, 262154.48, 451534.93, 392.12);
insert into STATION values (5590, '127d', 6748, 262155.16, 451535.81, 385.40);
insert into STATION values (5591, '128', 6748, 262158.53, 451531.02, 393.66);
insert into STATION values (5592, '128a', 6748, 262160.15, 451532.84, 393.72);
insert into STATION values (5593, '128b', 6748, 262151.79, 451529.85, 393.44);
insert into STATION values (5594, '128c', 6748, 262158.43, 451531.61, 397.41);
insert into STATION values (5595, '128d', 6748, 262158.32, 451530.91, 392.73);
insert into STATION values (5596, '129', 6748, 262168.76, 451525.01, 401.00);
insert into STATION values (5597, '129a', 6748, 262165.42, 451531.10, 400.37);
insert into STATION values (5598, '129b', 6748, 262170.42, 451520.96, 402.52);
insert into STATION values (5599, '129c', 6748, 262168.64, 451524.98, 408.09);
insert into STATION values (5600, '129d', 6748, 262168.89, 451524.95, 399.69);
insert into STATION values (5601, '0', 6752, 261930.54, 451528.02, 438.50);
insert into STATION values (5602, '1', 6752, 261912.29, 451526.42, 437.54);
insert into STATION values (5603, '2', 6752, 261900.29, 451543.24, 436.82);
insert into STATION values (5604, '3', 6752, 261921.76, 451531.67, 435.44);
insert into STATION values (5605, '4', 6752, 261926.04, 451539.08, 430.09);
insert into STATION values (5606, '5', 6756, 261878.31, 451490.06, 438.21);
insert into STATION values (5607, '6', 6756, 261871.89, 451511.06, 454.17);
insert into STATION values (5608, '7', 6756, 261882.00, 451512.30, 460.29);
insert into STATION values (5609, '8', 6756, 261868.96, 451524.46, 459.04);
insert into STATION values (5610, '9', 6756, 261867.84, 451534.31, 463.45);
insert into STATION values (5611, '10', 6756, 261866.69, 451539.72, 464.33);
insert into STATION values (5612, '11', 6756, 261853.71, 451521.56, 463.96);
insert into STATION values (5613, '12', 6756, 261848.25, 451531.41, 471.84);
insert into STATION values (5614, '13', 6756, 261837.85, 451523.85, 482.63);
insert into STATION values (5615, '15', 6756, 261878.19, 451485.05, 435.86);
insert into STATION values (5616, '16', 6756, 261879.87, 451487.36, 436.52);
insert into STATION values (5617, '17', 6756, 261863.86, 451544.43, 464.64);
insert into STATION values (5618, '18', 6756, 261864.87, 451555.91, 449.40);
insert into STATION values (5619, '19', 6756, 261862.13, 451575.35, 432.57);
insert into STATION values (5620, '20', 6756, 261858.71, 451610.88, 409.03);
insert into STATION values (5621, '0', 6760, 261863.39, 451352.31, 442.30);
insert into STATION values (5622, '1', 6760, 261858.57, 451348.12, 447.30);
insert into STATION values (5623, '2', 6760, 261856.33, 451336.62, 448.85);
insert into STATION values (5624, '3', 6760, 261853.95, 451329.29, 454.12);
insert into STATION values (5625, '200', 6764, 261682.86, 451351.05, 418.12);
insert into STATION values (5626, '200a', 6764, 261682.12, 451351.32, 418.09);
insert into STATION values (5627, '200b', 6764, 261683.80, 451351.09, 418.24);
insert into STATION values (5628, '200c', 6764, 261682.80, 451351.03, 418.63);
insert into STATION values (5629, '200d', 6764, 261683.05, 451351.19, 417.40);
insert into STATION values (5630, '201', 6764, 261686.80, 451358.05, 414.32);
insert into STATION values (5631, '201a', 6764, 261682.19, 451356.31, 415.00);
insert into STATION values (5632, '201b', 6764, 261687.74, 451359.99, 414.52);
insert into STATION values (5633, '201c', 6764, 261686.15, 451357.87, 417.72);
insert into STATION values (5634, '201d', 6764, 261685.92, 451358.00, 411.79);
insert into STATION values (5635, '202', 6764, 261680.27, 451363.51, 408.81);
insert into STATION values (5636, '202a', 6764, 261677.86, 451362.83, 407.55);
insert into STATION values (5637, '202b', 6764, 261690.34, 451373.78, 402.82);
insert into STATION values (5638, '202c', 6764, 261680.10, 451363.44, 409.34);
insert into STATION values (5639, '202d', 6764, 261680.08, 451363.54, 408.09);
insert into STATION values (5640, '203', 6764, 261675.73, 451374.59, 396.77);
insert into STATION values (5641, '203a', 6764, 261674.43, 451374.59, 396.30);
insert into STATION values (5642, '203b', 6764, 261679.26, 451376.02, 396.79);
insert into STATION values (5643, '203c', 6764, 261675.73, 451374.55, 397.62);
insert into STATION values (5644, '203d', 6764, 261676.65, 451374.67, 395.60);
insert into STATION values (5645, '204', 6764, 261676.90, 451384.19, 390.51);
insert into STATION values (5646, '204a', 6764, 261674.74, 451384.02, 390.20);
insert into STATION values (5647, '204b', 6764, 261677.88, 451385.25, 390.88);
insert into STATION values (5648, '204c', 6764, 261676.77, 451384.20, 391.11);
insert into STATION values (5649, '204d', 6764, 261676.66, 451384.44, 389.59);
insert into STATION values (5650, '205', 6764, 261676.41, 451386.67, 389.42);
insert into STATION values (5651, '205a', 6764, 261675.13, 451386.57, 389.37);
insert into STATION values (5652, '205b', 6764, 261676.96, 451386.86, 389.45);
insert into STATION values (5653, '205c', 6764, 261676.48, 451386.95, 389.92);
insert into STATION values (5654, '205d', 6764, 261676.45, 451386.58, 389.13);
insert into STATION values (5655, '206', 6764, 261675.49, 451393.20, 384.65);
insert into STATION values (5656, '206a', 6764, 261676.97, 451392.76, 384.55);
insert into STATION values (5657, '206b', 6764, 261675.05, 451393.37, 384.75);
insert into STATION values (5658, '206c', 6764, 261675.78, 451392.97, 386.29);
insert into STATION values (5659, '206d', 6764, 261674.98, 451393.31, 382.47);
insert into STATION values (5660, '206e', 6764, 261675.15, 451388.65, 385.54);
insert into STATION values (5661, '206f', 6764, 261671.58, 451385.89, 383.18);
insert into STATION values (5662, '206g', 6764, 261669.32, 451386.62, 380.92);
insert into STATION values (5663, '207', 6764, 261683.63, 451399.08, 386.64);
insert into STATION values (5664, '207a', 6764, 261681.59, 451400.43, 386.75);
insert into STATION values (5665, '207b', 6764, 261686.96, 451396.59, 387.92);
insert into STATION values (5666, '207c', 6764, 261683.75, 451399.76, 388.94);
insert into STATION values (5667, '207d', 6764, 261683.91, 451398.95, 385.44);
insert into STATION values (5668, '208', 6764, 261693.91, 451407.29, 391.74);
insert into STATION values (5669, '208a', 6764, 261690.48, 451408.63, 392.03);
insert into STATION values (5670, '208b', 6764, 261694.82, 451406.76, 391.89);
insert into STATION values (5671, '208c', 6764, 261693.76, 451407.43, 393.09);
insert into STATION values (5672, '208d', 6764, 261693.83, 451407.80, 389.95);
insert into STATION values (5673, '208e', 6764, 261692.89, 451410.03, 391.45);
insert into STATION values (5674, '209', 6764, 261692.41, 451418.84, 395.71);
insert into STATION values (5675, '209a', 6764, 261691.55, 451419.21, 395.73);
insert into STATION values (5676, '209b', 6764, 261696.54, 451416.86, 395.62);
insert into STATION values (5677, '209c', 6764, 261692.59, 451419.00, 396.71);
insert into STATION values (5678, '209d', 6764, 261692.78, 451419.26, 395.23);
insert into STATION values (5679, '210', 6764, 261705.81, 451432.93, 409.89);
insert into STATION values (5680, '210a', 6764, 261704.37, 451433.92, 409.68);
insert into STATION values (5681, '210b', 6764, 261708.12, 451430.37, 408.52);
insert into STATION values (5682, '210c', 6764, 261705.75, 451433.37, 411.30);
insert into STATION values (5683, '210d', 6764, 261706.01, 451432.75, 408.58);
insert into STATION values (5684, '211', 6764, 261715.69, 451428.95, 410.83);
insert into STATION values (5685, '211a', 6764, 261716.00, 451429.54, 410.96);
insert into STATION values (5686, '211b', 6764, 261715.40, 451427.84, 410.55);
insert into STATION values (5687, '211c', 6764, 261715.79, 451428.98, 411.42);
insert into STATION values (5688, '211d', 6764, 261715.81, 451428.92, 410.33);
insert into STATION values (5689, '211e', 6764, 261717.80, 451431.89, 414.15);
insert into STATION values (5690, '211f', 6764, 261714.84, 451425.95, 408.06);
insert into STATION values (5691, '212', 6764, 261678.11, 451393.08, 386.99);
insert into STATION values (5692, '213', 6764, 261679.54, 451393.68, 387.30);
insert into STATION values (5693, '213a', 6764, 261680.67, 451393.95, 386.97);
insert into STATION values (5694, '213b', 6764, 261678.82, 451393.21, 386.56);
insert into STATION values (5695, '213c', 6764, 261679.58, 451393.60, 388.19);
insert into STATION values (5696, '213d', 6764, 261679.95, 451393.54, 386.27);
insert into STATION values (5697, '214', 6764, 261685.33, 451379.72, 391.92);
insert into STATION values (5698, '214a', 6764, 261685.83, 451379.79, 391.78);
insert into STATION values (5699, '214b', 6764, 261684.83, 451379.52, 391.64);
insert into STATION values (5700, '214c', 6764, 261685.91, 451379.40, 393.39);
insert into STATION values (5701, '214d', 6764, 261685.72, 451379.83, 390.52);
insert into STATION values (5702, '200e', 6764, 261683.72, 451350.76, 418.28);
insert into STATION values (5703, '200f', 6764, 261682.13, 451351.41, 417.91);
insert into STATION values (5704, '200g', 6764, 261683.00, 451350.86, 418.72);
insert into STATION values (5705, '200h', 6764, 261682.92, 451350.96, 417.51);
insert into STATION values (5706, '215', 6764, 261681.37, 451347.84, 418.10);
insert into STATION values (5707, '215a', 6764, 261679.89, 451344.65, 418.09);
insert into STATION values (5708, '215b', 6764, 261683.01, 451346.79, 418.06);
insert into STATION values (5709, '215c', 6764, 261680.57, 451348.06, 417.75);
insert into STATION values (5710, '215d', 6764, 261681.67, 451348.00, 416.53);
insert into STATION values (5711, '215e', 6764, 261681.31, 451347.92, 419.09);
insert into STATION values (5712, '215f', 6764, 261698.58, 451338.38, 437.00);
insert into STATION values (5713, '216', 6764, 261680.18, 451345.35, 416.75);
insert into STATION values (5714, '216a', 6764, 261681.38, 451344.10, 416.61);
insert into STATION values (5715, '216b', 6764, 261679.30, 451346.15, 417.75);
insert into STATION values (5716, '216c', 6764, 261679.90, 451345.18, 418.62);
insert into STATION values (5717, '216d', 6764, 261679.86, 451345.21, 415.15);
insert into STATION values (5718, '217', 6764, 261675.39, 451342.19, 413.65);
insert into STATION values (5719, '217a', 6764, 261675.96, 451341.35, 413.78);
insert into STATION values (5720, '217b', 6764, 261674.60, 451343.27, 413.29);
insert into STATION values (5721, '217c', 6764, 261675.52, 451341.85, 414.77);
insert into STATION values (5722, '217d', 6764, 261675.45, 451341.84, 412.86);
insert into STATION values (5723, '218', 6764, 261670.11, 451340.17, 408.15);
insert into STATION values (5724, '201e', 6764, 261690.19, 451360.31, 414.80);
insert into STATION values (5725, '201f', 6764, 261684.87, 451351.04, 416.54);
insert into STATION values (5726, '201g', 6764, 261687.27, 451358.04, 418.12);
insert into STATION values (5727, '201h', 6764, 261686.55, 451357.84, 412.92);
insert into STATION values (5728, '219', 6764, 261697.39, 451345.72, 432.17);
insert into STATION values (5729, '219a', 6764, 261700.10, 451352.00, 432.29);
insert into STATION values (5730, '219b', 6764, 261691.68, 451342.22, 431.38);
insert into STATION values (5731, '219c', 6764, 261697.24, 451345.82, 434.57);
insert into STATION values (5732, '219d', 6764, 261697.77, 451346.70, 430.37);
insert into STATION values (5733, '254', 6764, 261704.68, 451344.81, 439.96);
insert into STATION values (5734, '254a', 6764, 261705.92, 451347.77, 440.53);
insert into STATION values (5735, '254b', 6764, 261699.64, 451341.19, 439.46);
insert into STATION values (5736, '254c', 6764, 261704.87, 451345.89, 442.93);
insert into STATION values (5737, '254d', 6764, 261704.80, 451344.88, 439.60);
insert into STATION values (5738, '220', 6768, 261746.41, 451368.09, 411.82);
insert into STATION values (5739, '220a', 6768, 261753.82, 451372.11, 410.27);
insert into STATION values (5740, '220b', 6768, 261739.76, 451353.09, 410.13);
insert into STATION values (5741, '220c', 6768, 261747.49, 451366.66, 417.10);
insert into STATION values (5742, '220d', 6768, 261746.54, 451367.51, 410.54);
insert into STATION values (5743, '221', 6768, 261756.29, 451382.20, 415.56);
insert into STATION values (5744, '221a', 6768, 261755.53, 451383.33, 415.54);
insert into STATION values (5745, '221b', 6768, 261757.45, 451382.01, 413.87);
insert into STATION values (5746, '221c', 6768, 261757.43, 451382.55, 417.65);
insert into STATION values (5747, '221d', 6768, 261756.57, 451382.57, 414.58);
insert into STATION values (5748, '222', 6768, 261766.27, 451349.22, 397.07);
insert into STATION values (5749, '222a', 6768, 261770.52, 451351.76, 396.40);
insert into STATION values (5750, '222b', 6768, 261763.46, 451346.04, 396.02);
insert into STATION values (5751, '222c', 6768, 261766.80, 451348.91, 398.95);
insert into STATION values (5752, '222d', 6768, 261767.16, 451349.89, 395.31);
insert into STATION values (5753, '223', 6768, 261775.24, 451324.94, 403.98);
insert into STATION values (5754, '223a', 6768, 261777.12, 451325.99, 404.12);
insert into STATION values (5755, '223b', 6768, 261768.26, 451321.17, 403.69);
insert into STATION values (5756, '223c', 6768, 261774.96, 451325.30, 406.39);
insert into STATION values (5757, '223d', 6768, 261775.52, 451324.86, 402.70);
insert into STATION values (5758, '224', 6768, 261777.84, 451315.19, 411.59);
insert into STATION values (5759, '224a', 6768, 261779.72, 451316.53, 411.56);
insert into STATION values (5760, '224b', 6768, 261771.90, 451311.92, 410.40);
insert into STATION values (5761, '224c', 6768, 261777.88, 451315.24, 411.93);
insert into STATION values (5762, '224d', 6768, 261777.58, 451314.80, 410.78);
insert into STATION values (5763, '225', 6768, 261780.55, 451310.73, 415.68);
insert into STATION values (5764, '225a', 6768, 261781.72, 451310.40, 416.01);
insert into STATION values (5765, '225b', 6768, 261777.38, 451311.10, 413.70);
insert into STATION values (5766, '225c', 6768, 261780.44, 451310.83, 415.94);
insert into STATION values (5767, '225d', 6768, 261780.26, 451311.33, 413.99);
insert into STATION values (5768, '226', 6768, 261778.10, 451308.17, 418.36);
insert into STATION values (5769, '226a', 6768, 261779.39, 451306.28, 419.20);
insert into STATION values (5770, '226b', 6768, 261777.92, 451308.53, 418.34);
insert into STATION values (5771, '226c', 6768, 261777.97, 451307.49, 420.57);
insert into STATION values (5772, '226d', 6768, 261778.00, 451308.19, 417.76);
insert into STATION values (5773, '227', 6768, 261776.36, 451305.18, 421.41);
insert into STATION values (5774, '227a', 6768, 261776.79, 451304.58, 421.59);
insert into STATION values (5775, '227b', 6768, 261776.05, 451305.43, 421.45);
insert into STATION values (5776, '227c', 6768, 261776.14, 451305.17, 422.74);
insert into STATION values (5777, '227d', 6768, 261776.09, 451304.83, 420.58);
insert into STATION values (5778, '227e', 6768, 261778.75, 451306.53, 421.54);
insert into STATION values (5779, '227f', 6768, 261770.04, 451303.10, 422.55);
insert into STATION values (5780, '227g', 6768, 261777.83, 451302.09, 432.37);
insert into STATION values (5781, '227h', 6768, 261776.81, 451304.92, 420.08);
insert into STATION values (5782, '228', 6768, 261791.40, 451271.86, 432.63);
insert into STATION values (5783, '228a', 6768, 261794.24, 451272.40, 432.76);
insert into STATION values (5784, '228b', 6768, 261790.07, 451270.99, 432.06);
insert into STATION values (5785, '228c', 6768, 261792.84, 451272.23, 435.20);
insert into STATION values (5786, '228d', 6768, 261791.87, 451271.60, 431.26);
insert into STATION values (5787, '220e', 6768, 261738.68, 451361.79, 415.51);
insert into STATION values (5788, '220f', 6768, 261746.22, 451378.62, 414.88);
insert into STATION values (5789, '220g', 6768, 261745.94, 451369.71, 421.19);
insert into STATION values (5790, '220h', 6768, 261746.30, 451368.72, 411.05);
insert into STATION values (5791, '229', 6768, 261734.99, 451375.18, 427.72);
insert into STATION values (5792, '229a', 6768, 261734.72, 451371.61, 427.05);
insert into STATION values (5793, '229b', 6768, 261735.09, 451376.20, 428.01);
insert into STATION values (5794, '229c', 6768, 261734.85, 451374.50, 429.56);
insert into STATION values (5795, '229d', 6768, 261735.09, 451375.34, 427.05);
insert into STATION values (5796, '230', 6768, 261721.27, 451366.10, 435.48);
insert into STATION values (5797, '230a', 6768, 261723.24, 451363.80, 434.73);
insert into STATION values (5798, '230b', 6768, 261720.76, 451367.46, 435.04);
insert into STATION values (5799, '230c', 6768, 261719.93, 451366.64, 440.52);
insert into STATION values (5800, '230d', 6768, 261720.77, 451366.51, 434.50);
insert into STATION values (5801, '0', 6772, 261662.52, 451177.02, 391.73);
insert into STATION values (5802, '0a', 6772, 261645.68, 451196.33, 395.65);
insert into STATION values (5803, '0b', 6772, 261658.17, 451173.52, 392.14);
insert into STATION values (5804, '0c', 6772, 261669.35, 451184.28, 392.69);
insert into STATION values (5805, '0d', 6772, 261661.78, 451176.48, 402.08);
insert into STATION values (5806, '0e', 6772, 261662.15, 451176.98, 390.59);
insert into STATION values (5807, '1', 6772, 261679.58, 451170.77, 400.71);
insert into STATION values (5808, '1a', 6772, 261681.94, 451177.61, 400.16);
insert into STATION values (5809, '1b', 6772, 261673.05, 451163.37, 399.47);
insert into STATION values (5810, '1c', 6772, 261680.06, 451170.90, 405.52);
insert into STATION values (5811, '1d', 6772, 261678.95, 451174.15, 394.40);
insert into STATION values (5812, '2', 6772, 261694.25, 451162.89, 407.57);
insert into STATION values (5813, '2a', 6772, 261696.05, 451166.79, 408.23);
insert into STATION values (5814, '2b', 6772, 261694.50, 451163.22, 410.28);
insert into STATION values (5815, '2c', 6772, 261693.96, 451164.13, 404.79);
insert into STATION values (5816, '3', 6772, 261699.46, 451153.00, 415.25);
insert into STATION values (5817, '3a', 6772, 261703.95, 451153.75, 415.74);
insert into STATION values (5818, '3b', 6772, 261691.96, 451149.77, 415.34);
insert into STATION values (5819, '3c', 6772, 261701.31, 451155.16, 428.58);
insert into STATION values (5820, '3d', 6772, 261699.58, 451152.98, 413.82);
insert into STATION values (5821, '4', 6772, 261718.90, 451129.88, 435.77);
insert into STATION values (5822, '4a', 6772, 261720.94, 451137.99, 436.39);
insert into STATION values (5823, '4b', 6772, 261714.76, 451125.62, 436.50);
insert into STATION values (5824, '4c', 6772, 261720.69, 451127.46, 445.81);
insert into STATION values (5825, '4d', 6772, 261718.65, 451129.70, 434.04);
insert into STATION values (5826, '4e', 6772, 261744.81, 451120.55, 439.25);
insert into STATION values (5827, '0', 6776, 261665.23, 450879.28, 436.44);
insert into STATION values (5828, '0a', 6776, 261665.69, 450881.85, 434.84);
insert into STATION values (5829, '0b', 6776, 261665.20, 450875.04, 438.53);
insert into STATION values (5830, '0c', 6776, 261666.41, 450879.61, 441.05);
insert into STATION values (5831, '0d', 6776, 261665.44, 450879.43, 435.20);
insert into STATION values (5832, '1', 6776, 261677.70, 450877.32, 439.78);
insert into STATION values (5833, '1a', 6776, 261681.48, 450886.01, 439.87);
insert into STATION values (5834, '1b', 6776, 261674.69, 450875.28, 440.73);
insert into STATION values (5835, '1c', 6776, 261679.66, 450875.91, 446.45);
insert into STATION values (5836, '1d', 6776, 261678.77, 450878.78, 437.53);
insert into STATION values (5837, '1e', 6776, 261675.15, 450871.92, 440.60);
insert into STATION values (5838, '1f', 6776, 261685.26, 450869.98, 450.43);
insert into STATION values (5839, '2', 6776, 261683.92, 450876.64, 439.85);
insert into STATION values (5840, '2a', 6776, 261691.90, 450880.39, 439.22);
insert into STATION values (5841, '2b', 6776, 261682.44, 450868.40, 438.56);
insert into STATION values (5842, '2c', 6776, 261684.45, 450877.26, 445.88);
insert into STATION values (5843, '2d', 6776, 261683.80, 450875.64, 438.18);
insert into STATION values (5844, '3', 6776, 261692.03, 450866.28, 435.57);
insert into STATION values (5845, '3a', 6776, 261696.08, 450873.74, 435.43);
insert into STATION values (5846, '3b', 6776, 261691.96, 450865.83, 435.60);
insert into STATION values (5847, '3c', 6776, 261692.98, 450866.75, 440.05);
insert into STATION values (5848, '3d', 6776, 261692.51, 450867.15, 433.75);
insert into STATION values (5849, '4', 6776, 261714.32, 450877.97, 432.23);
insert into STATION values (5850, '4a', 6776, 261713.76, 450879.03, 432.53);
insert into STATION values (5851, '4b', 6776, 261715.97, 450872.66, 432.94);
insert into STATION values (5852, '4c', 6776, 261716.01, 450877.40, 437.94);
insert into STATION values (5853, '4d', 6776, 261714.95, 450877.71, 430.56);
insert into STATION values (5854, '4e', 6776, 261716.51, 450874.90, 436.00);
insert into STATION values (5855, '4f', 6776, 261717.33, 450880.48, 435.05);
insert into STATION values (5856, '5', 6776, 261749.81, 450878.63, 428.98);
insert into STATION values (5857, '5a', 6776, 261756.13, 450882.07, 428.82);
insert into STATION values (5858, '5b', 6776, 261741.81, 450873.67, 430.67);
insert into STATION values (5859, '5c', 6776, 261749.67, 450879.36, 436.06);
insert into STATION values (5860, '5d', 6776, 261750.78, 450879.39, 426.77);
insert into STATION values (5861, '5e', 6776, 261752.85, 450884.96, 425.34);
insert into STATION values (5862, '5f', 6776, 261760.26, 450874.47, 427.18);
insert into STATION values (5863, '5g', 6776, 261759.50, 450877.80, 445.47);
insert into STATION values (5864, '6', 6776, 261745.61, 450865.23, 429.60);
insert into STATION values (5865, '6a', 6776, 261748.04, 450864.25, 429.57);
insert into STATION values (5866, '6b', 6776, 261738.70, 450870.99, 428.99);
insert into STATION values (5867, '6c', 6776, 261739.14, 450867.48, 429.26);
insert into STATION values (5868, '6d', 6776, 261745.07, 450864.90, 434.64);
insert into STATION values (5869, '6e', 6776, 261746.66, 450863.73, 427.12);
insert into STATION values (5870, '6f', 6776, 261732.20, 450858.18, 429.86);
insert into STATION values (5871, '7', 6776, 261745.44, 450855.31, 429.51);
insert into STATION values (5872, '7a', 6776, 261748.15, 450861.14, 428.81);
insert into STATION values (5873, '7b', 6776, 261744.46, 450854.49, 429.81);
insert into STATION values (5874, '7c', 6776, 261746.08, 450855.70, 433.05);
insert into STATION values (5875, '7d', 6776, 261747.02, 450856.88, 427.26);
insert into STATION values (5876, '7e', 6776, 261748.01, 450848.39, 427.01);
insert into STATION values (5877, '7f', 6776, 261756.35, 450849.00, 426.51);
insert into STATION values (5878, '8', 6776, 261760.29, 450857.57, 428.27);
insert into STATION values (5879, '8a', 6776, 261761.87, 450860.18, 428.47);
insert into STATION values (5880, '8b', 6776, 261759.19, 450852.58, 432.28);
insert into STATION values (5881, '8c', 6776, 261761.87, 450856.89, 435.26);
insert into STATION values (5882, '8d', 6776, 261760.89, 450857.76, 426.67);
insert into STATION values (5883, '8e', 6776, 261777.22, 450845.13, 424.97);
insert into STATION values (5884, '8f', 6776, 261768.53, 450838.91, 423.29);
insert into STATION values (5885, '8g', 6776, 261772.95, 450833.23, 423.60);
insert into STATION values (5886, '9', 6776, 261764.73, 450853.09, 426.05);
insert into STATION values (5887, '9a', 6776, 261771.80, 450854.73, 426.22);
insert into STATION values (5888, '9b', 6776, 261759.55, 450848.85, 425.54);
insert into STATION values (5889, '9c', 6776, 261768.12, 450851.00, 434.88);
insert into STATION values (5890, '9d', 6776, 261768.87, 450854.24, 422.84);
insert into STATION values (5891, '9e', 6776, 261779.23, 450849.84, 422.85);
insert into STATION values (5892, '9f', 6776, 261777.56, 450835.41, 406.13);
insert into STATION values (5893, '10', 6776, 261765.27, 450845.20, 419.72);
insert into STATION values (5894, '10a', 6776, 261765.86, 450842.65, 420.42);
insert into STATION values (5895, '10b', 6776, 261765.71, 450851.45, 420.62);
insert into STATION values (5896, '10c', 6776, 261767.56, 450845.71, 431.19);
insert into STATION values (5897, '10d', 6776, 261765.51, 450844.89, 418.60);
insert into STATION values (5898, '10e', 6776, 261772.05, 450840.40, 422.81);
insert into STATION values (5899, '10f', 6776, 261774.17, 450842.07, 414.00);
insert into STATION values (5900, '10g', 6776, 261775.75, 450844.09, 409.67);
insert into STATION values (5901, '10h', 6776, 261771.09, 450841.38, 412.23);
insert into STATION values (5902, '11', 6776, 261775.89, 450842.34, 407.70);
insert into STATION values (5903, '11a', 6776, 261771.17, 450841.98, 408.65);
insert into STATION values (5904, '11b', 6776, 261778.24, 450841.89, 407.88);
insert into STATION values (5905, '11c', 6776, 261773.74, 450841.63, 412.97);
insert into STATION values (5906, '11d', 6776, 261775.55, 450842.09, 406.83);
insert into STATION values (5907, '11e', 6776, 261770.28, 450842.34, 410.15);
insert into STATION values (5908, '11f', 6776, 261775.93, 450845.52, 409.48);
insert into STATION values (5909, '11g', 6776, 261773.88, 450851.20, 411.93);
insert into STATION values (5910, '11h', 6776, 261767.62, 450851.98, 414.86);
insert into STATION values (5911, '12', 6776, 261776.06, 450832.30, 401.56);
insert into STATION values (5912, '12a', 6776, 261777.95, 450832.03, 401.22);
insert into STATION values (5913, '12b', 6776, 261772.09, 450832.03, 401.65);
insert into STATION values (5914, '12c', 6776, 261767.52, 450836.82, 404.72);
insert into STATION values (5915, '12d', 6776, 261763.51, 450836.88, 406.42);
insert into STATION values (5916, '12e', 6776, 261766.99, 450837.38, 408.85);
insert into STATION values (5917, '12f', 6776, 261764.37, 450839.12, 415.07);
insert into STATION values (5918, '12g', 6776, 261762.87, 450834.56, 408.20);
insert into STATION values (5919, '12h', 6776, 261777.99, 450835.68, 400.16);
insert into STATION values (5920, '12i', 6776, 261779.76, 450835.41, 398.80);
insert into STATION values (5921, '12j', 6776, 261782.73, 450835.38, 396.51);
insert into STATION values (5922, '12k', 6776, 261776.08, 450832.12, 400.37);
insert into STATION values (5923, '13', 6776, 261771.22, 450825.33, 400.99);
insert into STATION values (5924, '13a', 6776, 261774.15, 450823.15, 400.62);
insert into STATION values (5925, '13b', 6776, 261769.52, 450826.73, 400.96);
insert into STATION values (5926, '13c', 6776, 261771.42, 450825.40, 403.60);
insert into STATION values (5927, '13d', 6776, 261771.13, 450825.22, 399.55);
insert into STATION values (5928, '13e', 6776, 261778.45, 450825.90, 401.29);
insert into STATION values (5929, '13f', 6776, 261777.28, 450832.20, 400.35);
insert into STATION values (5930, '13g', 6776, 261767.33, 450826.97, 398.01);
insert into STATION values (5931, '13h', 6776, 261763.86, 450823.37, 399.57);
insert into STATION values (5932, '14', 6776, 261758.30, 450817.93, 405.35);
insert into STATION values (5933, '14a', 6776, 261764.95, 450809.08, 409.16);
insert into STATION values (5934, '14b', 6776, 261757.45, 450819.09, 405.11);
insert into STATION values (5935, '14c', 6776, 261758.03, 450817.64, 404.08);
insert into STATION values (5936, '14d', 6776, 261781.66, 450820.64, 408.33);
insert into STATION values (5937, '14e', 6776, 261770.21, 450812.49, 408.77);
insert into STATION values (5938, '14f', 6776, 261757.09, 450809.40, 406.51);
insert into STATION values (5939, '15', 6776, 261759.67, 450813.41, 406.63);
insert into STATION values (5940, '15a', 6776, 261769.72, 450812.47, 407.21);
insert into STATION values (5941, '15b', 6776, 261753.23, 450814.91, 404.62);
insert into STATION values (5942, '15c', 6776, 261765.87, 450820.53, 430.08);
insert into STATION values (5943, '15d', 6776, 261759.74, 450813.30, 405.82);
insert into STATION values (5944, '15e', 6776, 261789.24, 450823.60, 448.18);
insert into STATION values (5945, '16', 6776, 261752.75, 450808.56, 397.27);
insert into STATION values (5946, '16a', 6776, 261753.52, 450806.95, 397.04);
insert into STATION values (5947, '16b', 6776, 261751.80, 450810.85, 397.78);
insert into STATION values (5948, '16c', 6776, 261752.26, 450808.69, 399.68);
insert into STATION values (5949, '16d', 6776, 261752.46, 450808.45, 396.55);
insert into STATION values (5950, '17', 6776, 261746.22, 450806.09, 398.23);
insert into STATION values (5951, '17a', 6776, 261750.48, 450805.74, 397.84);
insert into STATION values (5952, '17b', 6776, 261744.01, 450806.18, 398.18);
insert into STATION values (5953, '17c', 6776, 261746.40, 450806.63, 401.58);
insert into STATION values (5954, '17d', 6776, 261746.53, 450806.29, 397.22);
insert into STATION values (5955, '17e', 6776, 261744.75, 450809.53, 397.06);
insert into STATION values (5956, '17f', 6776, 261750.57, 450810.13, 396.08);
insert into STATION values (5957, '18', 6776, 261746.52, 450800.66, 402.38);
insert into STATION values (5958, '18a', 6776, 261747.91, 450799.77, 403.43);
insert into STATION values (5959, '18b', 6776, 261742.63, 450802.53, 402.40);
insert into STATION values (5960, '18c', 6776, 261745.08, 450807.07, 419.31);
insert into STATION values (5961, '18d', 6776, 261746.38, 450801.05, 400.95);
insert into STATION values (5962, '18e', 6776, 261749.88, 450815.13, 412.41);
insert into STATION values (5963, '18f', 6776, 261742.45, 450809.00, 414.16);
insert into STATION values (5964, '18g', 6776, 261750.95, 450810.49, 419.02);
insert into STATION values (5965, '18h', 6776, 261742.26, 450792.08, 398.05);
insert into STATION values (5966, '18i', 6776, 261739.62, 450793.77, 399.62);
insert into STATION values (5967, '19', 6776, 261736.24, 450786.19, 394.01);
insert into STATION values (5968, '19a', 6776, 261742.41, 450789.03, 393.13);
insert into STATION values (5969, '19b', 6776, 261734.15, 450785.48, 393.86);
insert into STATION values (5970, '19c', 6776, 261736.30, 450786.10, 395.20);
insert into STATION values (5971, '19d', 6776, 261736.39, 450786.19, 393.14);
insert into STATION values (5972, '19e', 6776, 261737.50, 450794.46, 394.77);
insert into STATION values (5973, '19f', 6776, 261742.44, 450789.23, 393.57);
insert into STATION values (5974, '19g', 6776, 261743.51, 450778.24, 385.15);
insert into STATION values (5975, '19h', 6776, 261737.74, 450777.50, 387.29);
insert into STATION values (5976, '19i', 6776, 261734.13, 450781.33, 391.92);
insert into STATION values (5977, '19j', 6776, 261750.45, 450778.63, 390.00);
insert into STATION values (5978, '20', 6776, 261763.61, 450778.73, 399.48);
insert into STATION values (5979, '20a', 6776, 261761.67, 450775.01, 399.70);
insert into STATION values (5980, '20b', 6776, 261768.71, 450787.04, 403.43);
insert into STATION values (5981, '20c', 6776, 261764.23, 450782.23, 430.69);
insert into STATION values (5982, '20d', 6776, 261763.92, 450778.54, 398.28);
insert into STATION values (5983, '20e', 6776, 261750.29, 450779.31, 420.42);
insert into STATION values (5984, '20f', 6776, 261772.06, 450782.72, 413.91);
insert into STATION values (5985, '20g', 6776, 261789.01, 450782.86, 425.51);
insert into STATION values (5986, '20h', 6776, 261791.48, 450772.08, 420.59);
insert into STATION values (5987, '20i', 6776, 261766.39, 450763.86, 393.57);
insert into STATION values (5988, '21', 6776, 261790.80, 450780.66, 419.08);
insert into STATION values (5989, '21a', 6776, 261790.84, 450785.10, 418.08);
insert into STATION values (5990, '21b', 6776, 261789.98, 450772.58, 418.94);
insert into STATION values (5991, '21c', 6776, 261791.44, 450781.12, 423.12);
insert into STATION values (5992, '21d', 6776, 261790.83, 450780.35, 417.36);
insert into STATION values (5993, '21e', 6776, 261795.95, 450789.57, 416.95);
insert into STATION values (5994, '21f', 6776, 261800.95, 450786.95, 423.10);
insert into STATION values (5995, '22', 6776, 261797.30, 450777.29, 421.65);
insert into STATION values (5996, '22a', 6776, 261799.30, 450777.93, 421.77);
insert into STATION values (5997, '22b', 6776, 261789.49, 450774.64, 418.81);
insert into STATION values (5998, '22c', 6776, 261797.45, 450777.57, 423.63);
insert into STATION values (5999, '22d', 6776, 261798.18, 450778.07, 420.42);
insert into STATION values (6000, '23', 6776, 261799.95, 450768.38, 420.47);
insert into STATION values (6001, '23a', 6776, 261804.48, 450769.92, 422.12);
insert into STATION values (6002, '23b', 6776, 261797.76, 450767.72, 420.12);
insert into STATION values (6003, '23c', 6776, 261800.67, 450768.45, 425.88);
insert into STATION values (6004, '23d', 6776, 261800.18, 450768.27, 418.50);
insert into STATION values (6005, '23e', 6776, 261808.41, 450765.71, 410.26);
insert into STATION values (6006, '24', 6776, 261800.61, 450760.86, 416.81);
insert into STATION values (6007, '24a', 6776, 261804.63, 450763.01, 417.16);
insert into STATION values (6008, '24b', 6776, 261798.29, 450757.27, 417.18);
insert into STATION values (6009, '24c', 6776, 261801.64, 450762.85, 433.82);
insert into STATION values (6010, '24d', 6776, 261800.76, 450761.20, 415.54);
insert into STATION values (6011, '24e', 6776, 261816.07, 450748.01, 412.44);
insert into STATION values (6012, '24f', 6776, 261807.25, 450740.29, 411.96);
insert into STATION values (6013, '24g', 6776, 261806.37, 450739.53, 413.99);
insert into STATION values (6014, '24h', 6776, 261818.83, 450739.13, 410.27);
insert into STATION values (6015, '24i', 6776, 261814.21, 450733.63, 410.52);
insert into STATION values (6016, '24j', 6776, 261823.61, 450741.53, 410.97);
insert into STATION values (6017, '24k', 6776, 261796.75, 450760.33, 416.53);
insert into STATION values (6018, '24l', 6776, 261795.81, 450763.77, 416.05);
insert into STATION values (6019, '24m', 6776, 261805.93, 450755.30, 404.40);
insert into STATION values (6020, '25', 6776, 261816.22, 450742.53, 412.07);
insert into STATION values (6021, '25a', 6776, 261816.73, 450747.84, 413.32);
insert into STATION values (6022, '25b', 6776, 261819.27, 450738.86, 412.79);
insert into STATION values (6023, '25c', 6776, 261816.86, 450742.33, 415.44);
insert into STATION values (6024, '25d', 6776, 261816.13, 450742.53, 411.27);
insert into STATION values (6025, '26', 6776, 261821.80, 450745.65, 415.49);
insert into STATION values (6026, '26a', 6776, 261820.43, 450748.72, 416.20);
insert into STATION values (6027, '26b', 6776, 261824.11, 450742.29, 415.19);
insert into STATION values (6028, '26c', 6776, 261822.14, 450745.32, 419.18);
insert into STATION values (6029, '26d', 6776, 261821.72, 450745.91, 414.66);
insert into STATION values (6030, '26e', 6776, 261832.07, 450751.18, 415.37);
insert into STATION values (6031, '26f', 6776, 261848.77, 450760.46, 429.05);
insert into STATION values (6032, '25e', 6776, 261806.51, 450740.34, 414.96);
insert into STATION values (6033, '27', 6776, 261803.06, 450732.24, 418.88);
insert into STATION values (6034, '27a', 6776, 261810.48, 450732.23, 417.60);
insert into STATION values (6035, '27b', 6776, 261800.06, 450731.90, 419.05);
insert into STATION values (6036, '27c', 6776, 261802.39, 450731.56, 423.48);
insert into STATION values (6037, '27d', 6776, 261803.10, 450732.35, 418.25);
insert into STATION values (6038, '28', 6776, 261805.12, 450721.98, 424.55);
insert into STATION values (6039, '28a', 6776, 261800.45, 450725.33, 426.87);
insert into STATION values (6040, '28b', 6776, 261803.85, 450725.56, 428.02);
insert into STATION values (6041, '28c', 6776, 261805.18, 450722.03, 423.35);
insert into STATION values (6042, '29', 6776, 261796.82, 450709.09, 422.89);
insert into STATION values (6043, '29a', 6776, 261814.45, 450709.82, 425.67);
insert into STATION values (6044, '29b', 6776, 261789.90, 450713.62, 427.01);
insert into STATION values (6045, '29c', 6776, 261795.22, 450707.75, 433.41);
insert into STATION values (6046, '29d', 6776, 261796.78, 450709.15, 422.26);
insert into STATION values (6047, '29e', 6776, 261792.01, 450723.44, 430.13);
insert into STATION values (6048, '29f', 6776, 261802.65, 450698.65, 422.06);
insert into STATION values (6049, '29g', 6776, 261790.88, 450696.30, 418.82);
insert into STATION values (6050, '29h', 6776, 261807.11, 450719.93, 458.43);
insert into STATION values (6051, '30', 6776, 261785.49, 450723.54, 432.84);
insert into STATION values (6052, '30a', 6776, 261783.35, 450717.01, 432.96);
insert into STATION values (6053, '30b', 6776, 261785.71, 450724.57, 433.19);
insert into STATION values (6054, '30c', 6776, 261785.44, 450723.49, 435.84);
insert into STATION values (6055, '30d', 6776, 261785.60, 450723.16, 431.73);
insert into STATION values (6056, '30e', 6776, 261764.53, 450726.03, 446.14);
insert into STATION values (6057, '31', 6776, 261800.10, 450680.11, 419.09);
insert into STATION values (6058, '31a', 6776, 261807.18, 450682.87, 419.79);
insert into STATION values (6059, '31b', 6776, 261794.35, 450677.60, 421.39);
insert into STATION values (6060, '31c', 6776, 261800.10, 450680.01, 426.01);
insert into STATION values (6061, '31d', 6776, 261800.11, 450680.06, 418.68);
insert into STATION values (6062, '31e', 6776, 261785.68, 450685.41, 416.80);
insert into STATION values (6063, '32', 6776, 261817.61, 450670.33, 419.91);
insert into STATION values (6064, '32a', 6776, 261819.00, 450675.22, 420.24);
insert into STATION values (6065, '32b', 6776, 261817.73, 450669.25, 420.07);
insert into STATION values (6066, '32c', 6776, 261817.61, 450670.55, 420.91);
insert into STATION values (6067, '32d', 6776, 261817.62, 450670.29, 419.59);
insert into STATION values (6068, '33', 6776, 261824.10, 450675.27, 419.27);
insert into STATION values (6069, '33a', 6776, 261824.05, 450675.76, 419.31);
insert into STATION values (6070, '33b', 6776, 261825.54, 450668.48, 421.96);
insert into STATION values (6071, '33c', 6776, 261824.43, 450675.34, 421.54);
insert into STATION values (6072, '33d', 6776, 261824.14, 450675.36, 417.75);
insert into STATION values (6073, '34', 6776, 261834.16, 450668.18, 421.72);
insert into STATION values (6074, '34a', 6776, 261835.91, 450667.68, 422.01);
insert into STATION values (6075, '34b', 6776, 261831.43, 450665.87, 421.00);
insert into STATION values (6076, '34c', 6776, 261833.77, 450667.99, 424.06);
insert into STATION values (6077, '34d', 6776, 261834.10, 450668.28, 420.80);
insert into STATION values (6078, '34e', 6776, 261829.02, 450654.81, 419.12);
insert into STATION values (6079, '35', 6776, 261835.46, 450688.77, 425.74);
insert into STATION values (6080, '35a', 6776, 261837.84, 450682.81, 425.54);
insert into STATION values (6081, '35b', 6776, 261835.84, 450688.16, 427.07);
insert into STATION values (6082, '35c', 6776, 261835.48, 450688.54, 423.64);
insert into STATION values (6083, '35d', 6776, 261830.29, 450681.71, 422.60);
insert into STATION values (6084, '36', 6776, 261866.20, 450680.12, 438.74);
insert into STATION values (6085, '36a', 6776, 261868.93, 450683.83, 438.93);
insert into STATION values (6086, '36b', 6776, 261865.78, 450678.67, 438.73);
insert into STATION values (6087, '36c', 6776, 261866.89, 450680.20, 440.77);
insert into STATION values (6088, '36d', 6776, 261866.47, 450680.02, 437.81);
insert into STATION values (6089, '37', 6776, 261830.39, 450660.16, 419.85);
insert into STATION values (6090, '37a', 6776, 261831.47, 450656.34, 421.34);
insert into STATION values (6091, '37b', 6776, 261834.75, 450653.25, 423.58);
insert into STATION values (6092, '37c', 6776, 261827.47, 450663.74, 420.71);
insert into STATION values (6093, '37d', 6776, 261830.51, 450660.11, 421.76);
insert into STATION values (6094, '37e', 6776, 261830.50, 450660.17, 419.12);
insert into STATION values (6095, '38', 6776, 261814.90, 450649.01, 411.62);
insert into STATION values (6096, '38a', 6776, 261815.65, 450648.33, 411.56);
insert into STATION values (6097, '38b', 6776, 261813.54, 450650.25, 411.66);
insert into STATION values (6098, '38c', 6776, 261814.68, 450649.05, 412.28);
insert into STATION values (6099, '38d', 6776, 261814.83, 450649.07, 410.93);
insert into STATION values (6100, '39', 6776, 261810.01, 450644.03, 412.34);
insert into STATION values (6101, '39a', 6776, 261811.47, 450642.34, 412.54);
insert into STATION values (6102, '39b', 6776, 261807.87, 450646.67, 412.95);
insert into STATION values (6103, '39c', 6776, 261809.79, 450644.12, 415.17);
insert into STATION values (6104, '39d', 6776, 261810.07, 450644.27, 411.52);
insert into STATION values (6105, '40', 6776, 261806.04, 450639.38, 409.24);
insert into STATION values (6106, '40a', 6776, 261808.29, 450639.08, 409.27);
insert into STATION values (6107, '40b', 6776, 261805.04, 450639.40, 409.64);
insert into STATION values (6108, '40c', 6776, 261806.11, 450639.52, 411.77);
insert into STATION values (6109, '40d', 6776, 261806.27, 450639.27, 408.13);
insert into STATION values (6110, '40e', 6776, 261811.19, 450630.93, 404.80);
insert into STATION values (6111, '40f', 6776, 261816.06, 450636.14, 406.79);
insert into STATION values (6112, '40g', 6776, 261809.23, 450636.00, 403.73);
insert into STATION values (6113, '41', 6776, 261788.46, 450680.49, 419.44);
insert into STATION values (6114, '41a', 6776, 261788.51, 450679.50, 419.59);
insert into STATION values (6115, '41b', 6776, 261787.83, 450684.48, 419.41);
insert into STATION values (6116, '41c', 6776, 261787.60, 450681.87, 422.70);
insert into STATION values (6117, '41d', 6776, 261788.40, 450680.59, 418.27);
insert into STATION values (6118, '42', 6776, 261779.73, 450682.39, 417.01);
insert into STATION values (6119, '42a', 6776, 261779.27, 450679.78, 417.49);
insert into STATION values (6120, '42b', 6776, 261778.56, 450683.83, 417.22);
insert into STATION values (6121, '42c', 6776, 261778.53, 450681.22, 422.33);
insert into STATION values (6122, '42d', 6776, 261779.57, 450682.00, 415.79);
insert into STATION values (6123, '43', 6776, 261764.04, 450678.72, 409.82);
insert into STATION values (6124, '43a', 6776, 261763.91, 450677.11, 409.78);
insert into STATION values (6125, '43b', 6776, 261764.95, 450683.68, 410.16);
insert into STATION values (6126, '43c', 6776, 261763.93, 450679.46, 415.51);
insert into STATION values (6127, '43d', 6776, 261764.07, 450678.81, 408.92);
insert into STATION values (6128, '44', 6776, 261755.44, 450679.45, 415.54);
insert into STATION values (6129, '44a', 6776, 261755.46, 450676.38, 415.48);
insert into STATION values (6130, '44b', 6776, 261756.36, 450684.93, 415.12);
insert into STATION values (6131, '44c', 6776, 261756.58, 450681.31, 422.67);
insert into STATION values (6132, '44d', 6776, 261755.80, 450678.84, 412.32);
insert into STATION values (6133, '45', 6776, 261749.12, 450678.44, 415.19);
insert into STATION values (6134, '45a', 6776, 261749.18, 450674.90, 415.33);
insert into STATION values (6135, '45b', 6776, 261748.35, 450681.35, 415.27);
insert into STATION values (6136, '45c', 6776, 261748.75, 450677.98, 419.99);
insert into STATION values (6137, '45d', 6776, 261749.23, 450678.50, 413.86);
insert into STATION values (6138, '46', 6776, 261745.67, 450676.38, 413.71);
insert into STATION values (6139, '46a', 6776, 261745.88, 450674.67, 413.88);
insert into STATION values (6140, '46b', 6776, 261742.77, 450683.02, 413.37);
insert into STATION values (6141, '46c', 6776, 261743.99, 450677.56, 421.26);
insert into STATION values (6142, '46d', 6776, 261745.66, 450675.90, 412.65);
insert into STATION values (6143, '46e', 6776, 261725.49, 450684.41, 420.17);
insert into STATION values (6144, '47', 6776, 261724.11, 450670.11, 399.44);
insert into STATION values (6145, '47a', 6776, 261724.81, 450666.37, 399.03);
insert into STATION values (6146, '47b', 6776, 261722.91, 450672.84, 399.74);
insert into STATION values (6147, '47c', 6776, 261723.36, 450669.95, 405.00);
insert into STATION values (6148, '47d', 6776, 261724.12, 450670.30, 398.35);
insert into STATION values (6149, '48', 6776, 261713.52, 450665.85, 390.46);
insert into STATION values (6150, '48a', 6776, 261712.43, 450668.40, 390.37);
insert into STATION values (6151, '48b', 6776, 261715.89, 450663.30, 390.38);
insert into STATION values (6152, '48c', 6776, 261715.90, 450665.68, 416.07);
insert into STATION values (6153, '48d', 6776, 261708.46, 450664.57, 385.05);
insert into STATION values (6154, '48e', 6776, 261711.11, 450654.38, 383.25);
insert into STATION values (6155, '350', 6780, 261545.69, 450926.01, 421.46);
insert into STATION values (6156, '350a', 6780, 261541.14, 450929.85, 419.82);
insert into STATION values (6157, '350b', 6780, 261554.36, 450931.74, 417.89);
insert into STATION values (6158, '350c', 6780, 261544.21, 450929.07, 431.92);
insert into STATION values (6159, '350d', 6780, 261545.26, 450926.59, 419.99);
insert into STATION values (6160, '351', 6780, 261545.94, 450948.09, 412.09);
insert into STATION values (6161, '351a', 6780, 261545.78, 450950.93, 411.79);
insert into STATION values (6162, '351b', 6780, 261548.82, 450944.79, 412.52);
insert into STATION values (6163, '351c', 6780, 261547.63, 450949.45, 425.97);
insert into STATION values (6164, '351d', 6780, 261546.02, 450948.07, 411.47);
insert into STATION values (6165, '352', 6780, 261556.29, 450945.20, 420.96);
insert into STATION values (6166, '352a', 6780, 261548.14, 450953.64, 421.57);
insert into STATION values (6167, '352b', 6780, 261557.88, 450945.11, 421.23);
insert into STATION values (6168, '352c', 6780, 261555.54, 450946.11, 428.36);
insert into STATION values (6169, '352d', 6780, 261555.64, 450946.08, 419.02);
insert into STATION values (6170, '352e', 6780, 261555.88, 450950.71, 422.82);
insert into STATION values (6171, '353', 6780, 261555.86, 450950.76, 422.92);
insert into STATION values (6172, '353a', 6780, 261550.81, 450952.95, 422.76);
insert into STATION values (6173, '353b', 6780, 261557.61, 450950.63, 422.99);
insert into STATION values (6174, '353c', 6780, 261555.32, 450950.48, 429.26);
insert into STATION values (6175, '353d', 6780, 261555.56, 450950.54, 422.17);
insert into STATION values (6176, '354', 6780, 261557.31, 450971.58, 421.46);
insert into STATION values (6177, '354a', 6780, 261552.51, 450969.68, 422.71);
insert into STATION values (6178, '354b', 6780, 261567.87, 450974.87, 422.27);
insert into STATION values (6179, '354c', 6780, 261557.12, 450972.00, 433.49);
insert into STATION values (6180, '354d', 6780, 261557.22, 450971.83, 420.36);
insert into STATION values (6181, '355', 6780, 261553.36, 450993.20, 429.90);
insert into STATION values (6182, '355a', 6780, 261550.01, 450992.95, 429.91);
insert into STATION values (6183, '355b', 6780, 261558.38, 450991.79, 430.41);
insert into STATION values (6184, '355c', 6780, 261553.06, 450994.04, 434.43);
insert into STATION values (6185, '355d', 6780, 261552.96, 450993.41, 429.09);
insert into STATION values (6186, '356', 6780, 261556.83, 450999.86, 435.95);
insert into STATION values (6187, '355e', 6780, 261552.87, 450993.82, 429.60);
insert into STATION values (6188, '355f', 6780, 261554.78, 450993.39, 429.67);
insert into STATION values (6189, '355g', 6780, 261554.09, 450993.64, 430.21);
insert into STATION values (6190, '355h', 6780, 261554.01, 450993.20, 428.69);
insert into STATION values (6191, '0', 6784, 261638.13, 450858.30, 433.68);
insert into STATION values (6192, '1', 6784, 261651.67, 450852.55, 439.04);
insert into STATION values (6193, '2', 6784, 261656.84, 450828.26, 442.92);
insert into STATION values (6194, '3', 6784, 261649.40, 450824.64, 441.81);
insert into STATION values (6195, '4', 6784, 261646.69, 450815.19, 441.31);
insert into STATION values (6196, '5', 6784, 261647.82, 450802.30, 441.17);
insert into STATION values (6197, '6', 6784, 261640.80, 450795.98, 440.46);
insert into STATION values (6198, '7', 6784, 261638.97, 450790.95, 439.35);
insert into STATION values (6199, '8', 6784, 261633.87, 450790.54, 438.28);
insert into STATION values (6200, '9', 6784, 261631.58, 450790.70, 438.40);
insert into STATION values (6201, '10', 6784, 261631.36, 450788.15, 439.82);
insert into STATION values (6202, '11', 6784, 261623.32, 450794.90, 431.90);
insert into STATION values (6203, '12', 6784, 261626.61, 450785.63, 437.20);
insert into STATION values (6204, '13', 6784, 261625.92, 450780.74, 437.68);
insert into STATION values (6205, '14', 6784, 261620.51, 450742.22, 447.02);
insert into STATION values (6206, '15', 6784, 261663.49, 450825.16, 448.64);
insert into STATION values (6207, '0', 6821, 261837.85, 451523.85, 482.63);
insert into STATION values (6208, '1', 6821, 261838.70, 451515.83, 486.92);
insert into STATION values (6209, '2', 6821, 261837.37, 451510.09, 487.32);
insert into STATION values (6210, '3', 6821, 261839.17, 451501.62, 492.12);
insert into STATION values (6211, '4', 6821, 261848.60, 451500.47, 500.09);
insert into STATION values (6212, '5', 6821, 261832.98, 451501.08, 489.63);
insert into STATION values (6213, '6', 6821, 261828.65, 451497.04, 487.48);
insert into STATION values (6214, '7', 6821, 261830.27, 451490.99, 488.36);
insert into STATION values (6215, '8', 6821, 261852.56, 451499.62, 503.03);
insert into STATION values (6216, '9', 6821, 261860.58, 451495.54, 510.07);
insert into STATION values (6217, '10', 6821, 261871.19, 451490.13, 519.36);
insert into STATION values (6218, '0', 6825, 261953.92, 451164.98, 411.26);
insert into STATION values (6219, '1', 6825, 261961.79, 451169.25, 412.14);
insert into STATION values (6220, '2', 6825, 261968.37, 451172.90, 420.70);
insert into STATION values (6221, '3', 6825, 261937.39, 451155.81, 416.93);
insert into STATION values (6222, '4', 6825, 261934.20, 451150.07, 416.67);
insert into STATION values (6223, '5', 6825, 261929.30, 451147.68, 417.98);
insert into STATION values (6224, '6', 6825, 261936.53, 451150.17, 421.10);
insert into STATION values (6225, '7', 6825, 261942.22, 451150.47, 421.33);
insert into STATION values (6226, '8', 6825, 261954.09, 451152.99, 427.25);
insert into STATION values (6227, '9', 6825, 261961.17, 451154.18, 428.93);
insert into STATION values (6228, '10', 6825, 261968.76, 451153.18, 427.68);
insert into STATION values (6229, '11', 6825, 261972.64, 451156.80, 428.45);
insert into STATION values (6230, '12', 6825, 261972.64, 451156.80, 429.79);
insert into STATION values (6231, '13', 6825, 261973.34, 451164.72, 430.67);
insert into STATION values (6232, '20', 6825, 261930.04, 451145.11, 415.49);
insert into STATION values (6233, '21', 6825, 261926.95, 451139.77, 418.11);
insert into STATION values (6234, '22', 6825, 261928.05, 451136.40, 417.38);
insert into STATION values (6235, '23', 6825, 261929.76, 451132.74, 412.78);
insert into STATION values (6236, '5a', 6825, 261926.26, 451151.30, 421.67);
insert into STATION values (6237, '5b', 6825, 261919.36, 451152.83, 421.41);
insert into STATION values (6238, '5c', 6825, 261908.92, 451153.38, 414.09);
insert into STATION values (6239, '1', 6829, 261762.39, 451189.91, 444.12);
insert into STATION values (6240, '2', 6829, 261746.83, 451212.12, 438.60);
insert into STATION values (6241, '3', 6829, 261745.13, 451218.49, 441.12);
insert into STATION values (6242, '4', 6829, 261736.84, 451230.32, 442.79);
insert into STATION values (6243, '5', 6829, 261735.53, 451237.74, 443.45);
insert into STATION values (6244, '6', 6829, 261754.83, 451211.98, 434.53);
insert into STATION values (6245, '7', 6829, 261762.73, 451222.86, 427.29);
insert into STATION values (6246, '0', 6833, 261501.99, 450758.91, 182.00);
insert into STATION values (6247, '1', 6833, 261491.43, 450743.82, 162.26);
insert into STATION values (6248, '2', 6833, 261509.21, 450756.84, 190.05);
insert into STATION values (6249, '3', 6833, 261506.82, 450739.85, 194.26);
insert into STATION values (6250, '4', 6833, 261505.59, 450735.25, 192.20);
insert into STATION values (6251, '5', 6833, 261509.71, 450733.33, 191.97);
insert into STATION values (6252, '1a', 6833, 261494.15, 450742.55, 162.26);
insert into STATION values (6253, '1b', 6833, 261484.20, 450728.34, 141.57);
insert into STATION values (6254, '0', 6837, 261431.57, 450757.40, 181.78);
insert into STATION values (6255, '1', 6837, 261412.12, 450769.55, 170.40);
insert into STATION values (6256, '2', 6837, 261415.51, 450776.81, 168.74);
insert into STATION values (6257, '3', 6837, 261414.92, 450782.46, 165.05);
insert into STATION values (6258, '4', 6837, 261415.99, 450785.40, 164.91);
insert into STATION values (6259, '5', 6837, 261430.84, 450798.77, 174.40);
insert into STATION values (6260, '6', 6837, 261433.16, 450801.36, 174.72);
insert into STATION values (6261, '10', 6837, 261433.16, 450801.36, 169.72);
insert into STATION values (6262, '7', 6837, 261411.20, 450784.39, 164.94);
insert into STATION values (6263, '8', 6837, 261405.58, 450783.89, 168.49);
insert into STATION values (6264, '9', 6837, 261405.58, 450783.89, 148.49);
insert into STATION values (6265, '20', 6841, 261858.71, 451610.88, 409.03);
insert into STATION values (6266, '20a', 6841, 261859.40, 451611.10, 409.00);
insert into STATION values (6267, '20b', 6841, 261858.16, 451610.42, 408.91);
insert into STATION values (6268, '20c', 6841, 261858.77, 451610.73, 409.64);
insert into STATION values (6269, '20d', 6841, 261858.85, 451610.80, 407.85);
insert into STATION values (6270, '21', 6841, 261856.77, 451614.99, 408.36);
insert into STATION values (6271, '21a', 6841, 261855.98, 451614.23, 408.45);
insert into STATION values (6272, '21b', 6841, 261857.36, 451615.21, 408.39);
insert into STATION values (6273, '21c', 6841, 261856.71, 451614.88, 409.25);
insert into STATION values (6274, '21d', 6841, 261856.75, 451614.56, 406.28);
insert into STATION values (6275, '22', 6841, 261855.47, 451618.74, 400.39);
insert into STATION values (6276, '22a', 6841, 261858.20, 451612.96, 400.98);
insert into STATION values (6277, '22b', 6841, 261852.75, 451621.24, 400.07);
insert into STATION values (6278, '22c', 6841, 261855.59, 451617.82, 406.58);
insert into STATION values (6279, '22d', 6841, 261855.44, 451618.86, 399.70);
insert into STATION values (6280, '22e', 6841, 261857.14, 451623.17, 401.76);
insert into STATION values (6281, '23', 6841, 261843.31, 451611.79, 387.62);
insert into STATION values (6282, '23a', 6841, 261845.83, 451606.58, 390.03);
insert into STATION values (6283, '23b', 6841, 261841.11, 451613.48, 389.27);
insert into STATION values (6284, '23c', 6841, 261842.54, 451610.84, 404.91);
insert into STATION values (6285, '23d', 6841, 261843.44, 451611.86, 387.18);
insert into STATION values (6286, '23e', 6841, 261842.05, 451609.74, 385.36);
insert into STATION values (6287, '23f', 6841, 261826.94, 451608.32, 386.32);
insert into STATION values (6288, '24', 6841, 261839.17, 451612.28, 388.19);
insert into STATION values (6289, '25', 6841, 261843.65, 451607.17, 383.63);
insert into STATION values (6290, '25a', 6841, 261865.18, 451588.38, 381.41);
insert into STATION values (6291, '25b', 6841, 261847.19, 451553.99, 383.07);
insert into STATION values (6292, '25c', 6841, 261816.62, 451578.38, 388.22);
insert into STATION values (6293, '25d', 6841, 261826.20, 451607.17, 388.21);
insert into STATION values (6294, '25e', 6841, 261830.06, 451618.80, 394.16);
insert into STATION values (6295, '25f', 6841, 261797.11, 451571.83, 381.35);
insert into STATION values (6296, '25g', 6841, 261831.36, 451593.56, 411.17);
insert into STATION values (6297, '25h', 6841, 261844.04, 451595.46, 330.32);
insert into STATION values (6298, '26', 6841, 261845.06, 451606.70, 376.46);
insert into STATION values (6299, '26a', 6841, 261815.88, 451567.13, 370.42);
insert into STATION values (6300, '26b', 6841, 261847.36, 451607.21, 376.91);
insert into STATION values (6301, '26c', 6841, 261845.02, 451606.90, 382.81);
insert into STATION values (6302, '27', 6841, 261844.84, 451582.50, 325.00);
insert into STATION values (6303, '27a', 6841, 261848.95, 451598.38, 334.26);
insert into STATION values (6304, '27b', 6841, 261838.69, 451556.27, 317.28);
insert into STATION values (6305, '27c', 6841, 261844.14, 451577.62, 393.38);
insert into STATION values (6306, '27d', 6841, 261844.53, 451582.05, 322.47);
insert into STATION values (6307, '28', 6841, 261852.59, 451568.91, 320.80);
insert into STATION values (6308, '28a', 6841, 261863.50, 451575.56, 325.04);
insert into STATION values (6309, '28b', 6841, 261850.83, 451553.28, 321.66);
insert into STATION values (6310, '29', 6841, 261885.55, 451538.76, 312.31);
insert into STATION values (6311, '29a', 6841, 261900.83, 451568.79, 315.68);
insert into STATION values (6312, '29b', 6841, 261883.79, 451516.42, 313.69);
insert into STATION values (6313, '29c', 6841, 261882.14, 451530.98, 341.13);
insert into STATION values (6314, '29d', 6841, 261885.42, 451538.32, 311.43);
insert into STATION values (6315, '30', 6841, 261904.70, 451537.78, 309.11);
insert into STATION values (6316, '30a', 6841, 261923.57, 451556.88, 309.46);
insert into STATION values (6317, '30b', 6841, 261909.52, 451536.20, 323.46);
insert into STATION values (6318, '30c', 6841, 261901.91, 451526.26, 324.32);
insert into STATION values (6319, '30d', 6841, 261932.50, 451531.13, 313.01);
insert into STATION values (6320, '30e', 6841, 261894.18, 451516.01, 304.11);
insert into STATION values (6321, '27e', 6841, 261844.96, 451582.37, 325.05);
insert into STATION values (6322, '27f', 6841, 261861.10, 451577.16, 328.55);
insert into STATION values (6323, '27g', 6841, 261826.58, 451589.37, 325.91);
insert into STATION values (6324, '31', 6841, 261839.91, 451576.54, 319.83);
insert into STATION values (6325, '31a', 6841, 261838.02, 451553.78, 316.16);
insert into STATION values (6326, '31b', 6841, 261832.88, 451560.33, 312.80);
insert into STATION values (6327, '31c', 6841, 261823.06, 451573.96, 312.45);
insert into STATION values (6328, '32', 6841, 261811.77, 451564.63, 297.60);
insert into STATION values (6329, '32a', 6841, 261812.24, 451554.32, 296.53);
insert into STATION values (6330, '32b', 6841, 261810.20, 451567.13, 297.63);
insert into STATION values (6331, '32c', 6841, 261811.36, 451564.86, 300.84);
insert into STATION values (6332, '32d', 6841, 261811.71, 451564.48, 296.55);
insert into STATION values (6333, '33', 6841, 261784.12, 451559.21, 273.80);
insert into STATION values (6334, '33a', 6841, 261783.23, 451553.25, 273.49);
insert into STATION values (6335, '33b', 6841, 261782.47, 451562.82, 273.11);
insert into STATION values (6336, '33c', 6841, 261783.03, 451561.32, 278.37);
insert into STATION values (6337, '33d', 6841, 261783.99, 451559.16, 273.11);
insert into STATION values (6338, '34', 6841, 261765.90, 451558.74, 260.79);
insert into STATION values (6339, '34a', 6841, 261768.22, 451545.38, 261.31);
insert into STATION values (6340, '34b', 6841, 261756.52, 451579.64, 257.93);
insert into STATION values (6341, '34c', 6841, 261754.40, 451561.21, 287.20);
insert into STATION values (6342, '34d', 6841, 261765.34, 451558.22, 258.79);
insert into STATION values (6343, '35', 6841, 261718.05, 451583.86, 243.18);
insert into STATION values (6344, '35a', 6841, 261728.30, 451541.20, 244.61);
insert into STATION values (6345, '35b', 6841, 261734.37, 451589.55, 243.87);
insert into STATION values (6346, '35c', 6841, 261699.91, 451581.69, 241.52);
insert into STATION values (6347, '35d', 6841, 261733.35, 451591.76, 243.29);
insert into STATION values (6348, '35e', 6841, 261714.67, 451590.97, 260.71);
insert into STATION values (6349, '35f', 6841, 261717.18, 451584.61, 241.55);
insert into STATION values (6350, '36', 6841, 261695.63, 451624.56, 242.70);
insert into STATION values (6351, '36a', 6841, 261688.37, 451621.92, 245.97);
insert into STATION values (6352, '36b', 6841, 261704.37, 451626.34, 240.99);
insert into STATION values (6353, '36c', 6841, 261692.87, 451625.29, 267.64);
insert into STATION values (6354, '36d', 6841, 261695.92, 451624.90, 240.98);
insert into STATION values (6355, '37', 6841, 261682.67, 451632.89, 247.34);
insert into STATION values (6356, '37a', 6841, 261677.99, 451630.34, 249.19);
insert into STATION values (6357, '37b', 6841, 261692.04, 451644.89, 245.60);
insert into STATION values (6358, '37c', 6841, 261681.30, 451639.96, 266.64);
insert into STATION values (6359, '37d', 6841, 261682.34, 451632.75, 246.53);
insert into STATION values (6360, '38', 6841, 261656.79, 451662.07, 243.14);
insert into STATION values (6361, '38a', 6841, 261667.37, 451656.38, 244.40);
insert into STATION values (6362, '38b', 6841, 261671.09, 451666.99, 250.16);
insert into STATION values (6363, '38c', 6841, 261659.35, 451658.80, 252.22);
insert into STATION values (6364, '38d', 6841, 261647.50, 451655.65, 239.38);
insert into STATION values (6365, '38e', 6841, 261649.67, 451667.14, 240.39);
insert into STATION values (6366, '37e', 6841, 261685.47, 451624.26, 247.33);
insert into STATION values (6367, '37f', 6841, 261679.51, 451650.59, 242.23);
insert into STATION values (6368, '37g', 6841, 261681.33, 451635.51, 270.81);
insert into STATION values (6369, '37h', 6841, 261683.02, 451632.51, 246.32);
insert into STATION values (6370, '39', 6841, 261699.50, 451645.76, 232.52);
insert into STATION values (6371, '39a', 6841, 261697.28, 451651.78, 232.85);
insert into STATION values (6372, '39b', 6841, 261703.59, 451643.62, 232.84);
insert into STATION values (6373, '39c', 6841, 261700.53, 451646.24, 241.45);
insert into STATION values (6374, '39d', 6841, 261699.63, 451645.61, 232.23);
insert into STATION values (6375, '39e', 6841, 261712.03, 451661.88, 242.22);
insert into STATION values (6376, '40', 6841, 261711.89, 451661.79, 242.10);
insert into STATION values (6377, '40a', 6841, 261711.31, 451663.99, 242.88);
insert into STATION values (6378, '40b', 6841, 261713.00, 451659.74, 242.57);
insert into STATION values (6379, '40c', 6841, 261712.48, 451661.83, 245.97);
insert into STATION values (6380, '40d', 6841, 261712.04, 451662.41, 241.25);
insert into STATION values (6381, '41', 6841, 261724.49, 451665.60, 245.33);
insert into STATION values (6382, '41a', 6841, 261726.70, 451667.42, 245.68);
insert into STATION values (6383, '41b', 6841, 261723.82, 451664.01, 245.18);
insert into STATION values (6384, '41c', 6841, 261725.81, 451664.87, 250.36);
insert into STATION values (6385, '41d', 6841, 261724.65, 451666.01, 244.54);
insert into STATION values (6386, '42', 6841, 261733.52, 451659.62, 250.27);
insert into STATION values (6387, '42a', 6841, 261734.38, 451663.86, 251.08);
insert into STATION values (6388, '42b', 6841, 261734.28, 451657.29, 250.80);
insert into STATION values (6389, '42c', 6841, 261734.19, 451661.29, 260.89);
insert into STATION values (6390, '42d', 6841, 261733.55, 451659.67, 250.02);
insert into STATION values (6391, '42e', 6841, 261735.06, 451644.77, 273.06);
insert into STATION values (6392, '0', 6845, 261562.68, 451528.55, 293.80);
insert into STATION values (6393, '0a', 6845, 261558.61, 451523.28, 294.38);
insert into STATION values (6394, '0b', 6845, 261567.01, 451541.10, 293.84);
insert into STATION values (6395, '0c', 6845, 261563.09, 451529.92, 307.34);
insert into STATION values (6396, '0d', 6845, 261562.27, 451527.24, 290.89);
insert into STATION values (6397, '0e', 6845, 261565.66, 451510.81, 293.20);
insert into STATION values (6398, '1', 6845, 261557.29, 451549.01, 291.22);
insert into STATION values (6399, '1a', 6845, 261554.48, 451548.85, 291.70);
insert into STATION values (6400, '1b', 6845, 261560.22, 451550.29, 292.04);
insert into STATION values (6401, '1c', 6845, 261557.32, 451549.39, 296.75);
insert into STATION values (6402, '1d', 6845, 261556.64, 451548.60, 289.06);
insert into STATION values (6403, '2', 6845, 261555.72, 451552.24, 291.47);
insert into STATION values (6404, '2a', 6845, 261555.53, 451552.19, 291.53);
insert into STATION values (6405, '2b', 6845, 261559.54, 451552.32, 291.88);
insert into STATION values (6406, '2c', 6845, 261555.95, 451551.96, 296.90);
insert into STATION values (6407, '2d', 6845, 261555.74, 451552.24, 289.83);
insert into STATION values (6408, '3', 6845, 261554.70, 451563.44, 282.87);
insert into STATION values (6409, '3a', 6845, 261549.11, 451556.44, 281.90);
insert into STATION values (6410, '3b', 6845, 261556.15, 451565.22, 282.39);
insert into STATION values (6411, '3c', 6845, 261553.61, 451561.17, 288.99);
insert into STATION values (6412, '3d', 6845, 261554.59, 451563.20, 281.51);
insert into STATION values (6413, '3e', 6845, 261554.59, 451563.29, 281.50);
insert into STATION values (6414, '4', 6845, 261541.87, 451563.94, 274.05);
insert into STATION values (6415, '4a', 6845, 261541.33, 451561.86, 273.90);
insert into STATION values (6416, '4b', 6845, 261542.62, 451568.52, 273.87);
insert into STATION values (6417, '4c', 6845, 261541.29, 451564.94, 278.55);
insert into STATION values (6418, '4d', 6845, 261541.92, 451563.67, 272.84);
insert into STATION values (6419, '5', 6845, 261536.18, 451566.69, 270.45);
insert into STATION values (6420, '5a', 6845, 261530.49, 451569.47, 266.84);
insert into STATION values (6421, '5b', 6845, 261534.65, 451562.75, 268.10);
insert into STATION values (6422, '5c', 6845, 261536.86, 451568.27, 270.21);
insert into STATION values (6423, '5d', 6845, 261535.92, 451566.87, 272.46);
insert into STATION values (6424, '5e', 6845, 261536.16, 451566.91, 268.94);
insert into STATION values (6425, '3f', 6845, 261551.82, 451565.69, 282.56);
insert into STATION values (6426, '3g', 6845, 261556.58, 451563.81, 282.46);
insert into STATION values (6427, '3h', 6845, 261554.85, 451563.74, 283.79);
insert into STATION values (6428, '3i', 6845, 261554.76, 451563.44, 281.47);
insert into STATION values (6429, '6', 6845, 261556.13, 451566.11, 282.00);
insert into STATION values (6430, '6a', 6845, 261555.15, 451567.75, 282.12);
insert into STATION values (6431, '6b', 6845, 261556.52, 451565.35, 282.47);
insert into STATION values (6432, '6c', 6845, 261556.21, 451566.31, 283.65);
insert into STATION values (6433, '6d', 6845, 261555.75, 451566.03, 280.62);
insert into STATION values (6434, '7', 6845, 261563.35, 451571.39, 289.33);
insert into STATION values (6435, '7a', 6845, 261563.67, 451573.67, 289.86);
insert into STATION values (6436, '7b', 6845, 261563.57, 451569.79, 289.83);
insert into STATION values (6437, '7c', 6845, 261563.37, 451571.42, 290.27);
insert into STATION values (6438, '7d', 6845, 261563.28, 451571.26, 288.79);
insert into STATION values (6439, '8', 6845, 261571.14, 451572.43, 296.50);
insert into STATION values (6440, '8a', 6845, 261571.22, 451573.46, 296.55);
insert into STATION values (6441, '8b', 6845, 261571.18, 451572.18, 296.50);
insert into STATION values (6442, '8c', 6845, 261572.65, 451572.77, 302.60);
insert into STATION values (6443, '8d', 6845, 261571.12, 451572.54, 295.41);
insert into STATION values (6444, '8e', 6845, 261574.66, 451570.19, 305.60);
insert into STATION values (6445, '9', 6845, 261575.49, 451532.19, 307.38);
insert into STATION values (6446, '9a', 6845, 261581.66, 451542.46, 309.62);
insert into STATION values (6447, '9b', 6845, 261582.98, 451531.43, 311.73);
insert into STATION values (6448, '9c', 6845, 261576.78, 451533.87, 321.98);
insert into STATION values (6449, '9d', 6845, 261575.42, 451533.05, 305.66);
insert into STATION values (6450, '10', 6845, 261586.06, 451523.74, 321.58);
insert into STATION values (6451, '11', 6845, 261592.40, 451512.81, 325.52);
insert into STATION values (6452, '12', 6845, 261592.97, 451522.28, 329.69);
insert into STATION values (6453, '13', 6845, 261596.46, 451540.42, 344.17);
insert into STATION values (6454, '11a', 6845, 261594.53, 451511.27, 325.95);
insert into STATION values (6455, '11b', 6845, 261600.49, 451506.94, 327.14);
insert into STATION values (6456, '0', 6849, 261866.75, 451444.95, 411.67);
insert into STATION values (6457, '0a', 6849, 261867.48, 451444.72, 411.68);
insert into STATION values (6458, '0b', 6849, 261866.08, 451444.87, 411.58);
insert into STATION values (6459, '0c', 6849, 261866.77, 451444.98, 411.88);
insert into STATION values (6460, '0d', 6849, 261866.73, 451444.82, 411.36);
insert into STATION values (6461, '1', 6849, 261867.12, 451442.45, 412.58);
insert into STATION values (6462, '1a', 6849, 261868.66, 451442.66, 412.60);
insert into STATION values (6463, '1b', 6849, 261864.46, 451442.37, 412.76);
insert into STATION values (6464, '1c', 6849, 261867.27, 451442.63, 414.02);
insert into STATION values (6465, '1d', 6849, 261867.43, 451442.45, 411.11);
insert into STATION values (6466, '1e', 6849, 261865.48, 451441.59, 415.78);
insert into STATION values (6467, '1f', 6849, 261865.10, 451443.13, 410.92);
insert into STATION values (6468, '1g', 6849, 261871.27, 451439.04, 417.47);
insert into STATION values (6469, '1h', 6849, 261869.63, 451435.37, 419.03);
insert into STATION values (6470, '2', 6849, 261870.69, 451434.86, 419.18);
insert into STATION values (6471, '2a', 6849, 261873.60, 451438.44, 419.60);
insert into STATION values (6472, '2b', 6849, 261870.33, 451434.69, 419.22);
insert into STATION values (6473, '2c', 6849, 261870.90, 451435.70, 421.38);
insert into STATION values (6474, '2d', 6849, 261872.32, 451437.49, 422.86);
insert into STATION values (6475, '2e', 6849, 261870.91, 451434.72, 418.23);
insert into STATION values (6476, '2f', 6849, 261873.50, 451431.89, 423.02);
insert into STATION values (6477, '2g', 6849, 261877.07, 451432.86, 424.13);
insert into STATION values (6478, '2h', 6849, 261877.27, 451435.40, 423.33);
insert into STATION values (6479, '2i', 6849, 261876.94, 451437.33, 422.58);
insert into STATION values (6480, '3', 6849, 261877.33, 451433.51, 424.44);
insert into STATION values (6481, '3a', 6849, 261877.76, 451436.10, 424.55);
insert into STATION values (6482, '3b', 6849, 261877.28, 451433.25, 424.37);
insert into STATION values (6483, '3c', 6849, 261877.07, 451434.02, 424.97);
insert into STATION values (6484, '3d', 6849, 261877.64, 451433.88, 422.95);
insert into STATION values (6485, '3e', 6849, 261884.54, 451433.58, 428.17);
insert into STATION values (6486, '3f', 6849, 261882.46, 451437.27, 426.51);
insert into STATION values (6487, '3g', 6849, 261873.40, 451434.24, 427.09);
insert into STATION values (6488, '3h', 6849, 261873.81, 451434.36, 429.81);
insert into STATION values (6489, '4', 6849, 261888.58, 451438.82, 429.37);
insert into STATION values (6490, '4a', 6849, 261887.30, 451440.11, 429.49);
insert into STATION values (6491, '4b', 6849, 261889.54, 451437.62, 429.79);
insert into STATION values (6492, '4c', 6849, 261887.04, 451439.35, 435.38);
insert into STATION values (6493, '4d', 6849, 261888.64, 451438.77, 428.84);
insert into STATION values (6494, '4e', 6849, 261884.17, 451441.39, 437.19);
insert into STATION values (6495, '4f', 6849, 261890.38, 451439.52, 430.36);
insert into STATION values (6496, '4g', 6849, 261890.68, 451439.08, 426.68);
insert into STATION values (6497, '4h', 6849, 261890.16, 451437.37, 431.16);
insert into STATION values (6498, '5', 6849, 261889.28, 451441.49, 429.65);
insert into STATION values (6499, '5a', 6849, 261889.10, 451441.73, 429.64);
insert into STATION values (6500, '5b', 6849, 261890.83, 451440.00, 429.97);
insert into STATION values (6501, '5c', 6849, 261889.85, 451441.03, 430.27);
insert into STATION values (6502, '5d', 6849, 261889.27, 451441.52, 428.91);
insert into STATION values (6503, '5e', 6849, 261891.79, 451440.77, 430.77);
insert into STATION values (6504, '5f', 6849, 261892.32, 451442.75, 430.76);
insert into STATION values (6505, '6', 6849, 261897.68, 451440.09, 434.19);
insert into STATION values (6506, '6a', 6849, 261897.67, 451440.63, 434.19);
insert into STATION values (6507, '6b', 6849, 261897.65, 451438.40, 434.17);
insert into STATION values (6508, '6c', 6849, 261897.77, 451439.67, 435.46);
insert into STATION values (6509, '6d', 6849, 261898.13, 451439.74, 432.88);
insert into STATION values (6510, '6e', 6849, 261897.05, 451440.49, 435.46);
insert into STATION values (6511, '6f', 6849, 261901.20, 451438.51, 437.31);
insert into STATION values (6512, '6g', 6849, 261898.81, 451439.13, 433.13);
insert into STATION values (6513, '6h', 6849, 261898.95, 451440.71, 434.66);
insert into STATION values (6514, '6i', 6849, 261899.48, 451440.05, 434.20);
insert into STATION values (6515, '7', 6849, 261901.31, 451441.13, 434.19);
insert into STATION values (6516, '7a', 6849, 261901.03, 451442.13, 434.18);
insert into STATION values (6517, '7b', 6849, 261900.50, 451441.64, 440.57);
insert into STATION values (6518, '7c', 6849, 261901.64, 451440.97, 432.72);
insert into STATION values (6519, '7d', 6849, 261901.11, 451443.86, 433.20);
insert into STATION values (6520, '7e', 6849, 261899.54, 451440.57, 430.03);
insert into STATION values (6521, '7f', 6849, 261900.28, 451441.00, 433.98);
insert into STATION values (6522, '7g', 6849, 261900.29, 451440.66, 434.06);
insert into STATION values (6523, '7h', 6849, 261903.64, 451442.79, 434.61);
insert into STATION values (6524, '7i', 6849, 261902.68, 451441.23, 434.14);
insert into STATION values (6525, '7j', 6849, 261904.14, 451441.85, 433.09);
insert into STATION values (6526, '7k', 6849, 261900.51, 451442.05, 435.26);
insert into STATION values (6527, '7l', 6849, 261899.83, 451442.22, 435.22);
insert into STATION values (6528, '7m', 6849, 261904.32, 451442.90, 436.21);
insert into STATION values (6529, '8', 6849, 261909.04, 451443.75, 434.69);
insert into STATION values (6530, '8a', 6849, 261908.66, 451444.27, 434.78);
insert into STATION values (6531, '8b', 6849, 261909.29, 451443.34, 434.73);
insert into STATION values (6532, '8c', 6849, 261908.86, 451445.27, 436.91);
insert into STATION values (6533, '8d', 6849, 261909.10, 451443.56, 434.04);
insert into STATION values (6534, '8e', 6849, 261909.46, 451444.97, 437.45);
insert into STATION values (6535, '8f', 6849, 261910.05, 451444.17, 434.83);
insert into STATION values (6536, '8g', 6849, 261908.13, 451444.05, 434.97);
insert into STATION values (6537, '8h', 6849, 261908.35, 451441.97, 434.56);
insert into STATION values (6538, '8i', 6849, 261909.45, 451441.79, 434.47);
insert into STATION values (6539, '8j', 6849, 261910.59, 451441.80, 433.87);
insert into STATION values (6540, '9', 6849, 261865.77, 451475.02, 419.39);
insert into STATION values (6541, '9a', 6849, 261841.65, 451464.50, 424.53);
insert into STATION values (6542, '9b', 6849, 261866.23, 451475.18, 419.48);
insert into STATION values (6543, '9c', 6849, 261866.60, 451468.36, 456.47);
insert into STATION values (6544, '9d', 6849, 261873.03, 451465.94, 496.19);
insert into STATION values (6545, '9e', 6849, 261866.82, 451447.52, 404.45);
insert into STATION values (6546, '9f', 6849, 261884.34, 451453.31, 418.97);
insert into STATION values (6547, '9g', 6849, 261882.74, 451457.09, 430.11);
insert into STATION values (6548, '9h', 6849, 261839.70, 451473.40, 428.11);
insert into STATION values (6549, '9i', 6849, 261840.98, 451487.36, 445.90);
insert into STATION values (6550, '9j', 6849, 261856.13, 451495.91, 445.10);
insert into STATION values (6551, '9k', 6849, 261859.62, 451488.10, 423.66);
insert into STATION values (6552, '9l', 6849, 261868.30, 451490.45, 427.12);
insert into STATION values (6553, '9m', 6849, 261877.99, 451466.76, 412.00);
insert into STATION values (6554, '9n', 6849, 261867.06, 451462.21, 408.55);
insert into STATION values (6555, '9o', 6849, 261860.81, 451462.50, 410.67);
insert into STATION values (6556, '9p', 6849, 261877.28, 451484.47, 436.08);
insert into STATION values (6557, '10', 6849, 261877.64, 451484.50, 435.83);
insert into STATION values (6558, '10a', 6849, 261878.28, 451482.87, 436.05);
insert into STATION values (6559, '10b', 6849, 261877.47, 451484.46, 435.05);
insert into STATION values (6560, '10c', 6849, 261877.60, 451482.94, 452.27);
insert into STATION values (6561, '10d', 6849, 261859.27, 451499.09, 446.05);
insert into STATION values (6562, '10e', 6849, 261886.55, 451475.01, 447.53);
insert into STATION values (6563, '11', 6849, 261878.19, 451485.05, 435.86);
insert into STATION values (6564, '0', 6853, 261964.90, 451603.94, 458.88);
insert into STATION values (6565, '0a', 6853, 261964.88, 451603.59, 458.73);
insert into STATION values (6566, '0b', 6853, 261965.25, 451605.14, 458.80);
insert into STATION values (6567, '0c', 6853, 261964.69, 451604.57, 462.27);
insert into STATION values (6568, '0d', 6853, 261964.82, 451603.80, 457.22);
insert into STATION values (6569, '1', 6853, 261965.18, 451605.91, 433.60);
insert into STATION values (6570, '0e', 6853, 261964.81, 451603.61, 458.78);
insert into STATION values (6571, '0f', 6853, 261965.00, 451605.30, 459.12);
insert into STATION values (6572, '0g', 6853, 261964.77, 451604.35, 462.26);
insert into STATION values (6573, '0h', 6853, 261964.53, 451603.75, 457.95);
insert into STATION values (6574, '2', 6853, 261962.70, 451604.26, 461.72);
insert into STATION values (6575, '20', 6853, 261913.97, 451581.99, 459.04);
insert into STATION values (6576, '20a', 6853, 261915.22, 451580.42, 458.66);
insert into STATION values (6577, '20b', 6853, 261913.74, 451582.51, 458.86);
insert into STATION values (6578, '20c', 6853, 261915.50, 451580.76, 459.18);
insert into STATION values (6579, '20d', 6853, 261914.05, 451582.07, 457.92);
insert into STATION values (6580, '21', 6853, 261929.06, 451592.31, 468.05);
insert into STATION values (6581, '21a', 6853, 261929.92, 451592.83, 467.60);
insert into STATION values (6582, '21b', 6853, 261928.29, 451591.35, 467.38);
insert into STATION values (6583, '21c', 6853, 261930.33, 451591.02, 467.75);
insert into STATION values (6584, '21d', 6853, 261929.35, 451592.21, 466.96);
insert into STATION values (6585, '22', 6853, 261933.71, 451589.62, 462.21);
insert into STATION values (6586, '22a', 6853, 261934.30, 451590.93, 462.50);
insert into STATION values (6587, '22b', 6853, 261933.45, 451588.70, 462.61);
insert into STATION values (6588, '22c', 6853, 261933.44, 451590.08, 464.35);
insert into STATION values (6589, '22d', 6853, 261933.87, 451589.90, 461.65);
insert into STATION values (6590, '23', 6853, 261939.49, 451592.30, 464.59);
insert into STATION values (6591, '23a', 6853, 261938.34, 451593.57, 464.33);
insert into STATION values (6592, '23b', 6853, 261939.68, 451592.48, 466.08);
insert into STATION values (6593, '23c', 6853, 261939.03, 451591.94, 462.29);
insert into STATION values (6594, '23d', 6853, 261939.99, 451592.22, 464.23);
insert into STATION values (6595, '24', 6853, 261950.25, 451598.80, 463.95);
insert into STATION values (6596, '24a', 6853, 261949.76, 451599.47, 464.04);
insert into STATION values (6597, '24b', 6853, 261950.45, 451598.50, 463.93);
insert into STATION values (6598, '24c', 6853, 261949.80, 451598.92, 466.22);
insert into STATION values (6599, '24d', 6853, 261950.33, 451598.82, 463.06);
insert into STATION values (6600, '25', 6853, 261957.60, 451603.25, 462.92);
insert into STATION values (6601, '25a', 6853, 261957.71, 451602.57, 462.88);
insert into STATION values (6602, '25b', 6853, 261957.51, 451603.68, 463.03);
insert into STATION values (6603, '25c', 6853, 261957.00, 451604.33, 466.60);
insert into STATION values (6604, '25d', 6853, 261957.64, 451603.53, 461.45);
insert into STATION values (6605, '2a', 6853, 261962.84, 451603.83, 461.66);
insert into STATION values (6606, '2b', 6853, 261963.16, 451605.82, 461.80);
insert into STATION values (6607, '2c', 6853, 261964.61, 451605.73, 466.46);
insert into STATION values (6608, '2d', 6853, 261963.02, 451604.42, 460.83);
insert into STATION values (6609, '0', 6857, 262212.73, 451677.02, 445.48);
insert into STATION values (6610, '0a', 6857, 262213.41, 451675.48, 445.30);
insert into STATION values (6611, '0b', 6857, 262208.29, 451685.33, 447.41);
insert into STATION values (6612, '0c', 6857, 262211.01, 451678.84, 454.79);
insert into STATION values (6613, '0d', 6857, 262212.64, 451677.00, 444.95);
insert into STATION values (6614, '0e', 6857, 262210.47, 451678.59, 444.78);
insert into STATION values (6615, '0f', 6857, 262179.63, 451673.11, 440.64);
insert into STATION values (6616, '0g', 6857, 262180.87, 451667.50, 440.83);
insert into STATION values (6617, '0h', 6857, 262174.07, 451678.02, 439.80);
insert into STATION values (6618, '1', 6857, 262202.24, 451672.52, 443.75);
insert into STATION values (6619, '1a', 6857, 262202.46, 451672.10, 444.09);
insert into STATION values (6620, '1b', 6857, 262199.09, 451682.03, 443.49);
insert into STATION values (6621, '1c', 6857, 262200.57, 451676.33, 454.69);
insert into STATION values (6622, '1d', 6857, 262201.85, 451672.46, 442.29);
insert into STATION values (6623, '1e', 6857, 262207.42, 451676.66, 435.96);
insert into STATION values (6624, '1f', 6857, 262196.80, 451675.50, 427.74);
insert into STATION values (6625, '1g', 6857, 262189.92, 451669.77, 417.77);
insert into STATION values (6626, '1h', 6857, 262177.76, 451664.90, 398.06);
insert into STATION values (6627, '1i', 6857, 262201.38, 451672.25, 442.15);
insert into STATION values (6628, '1j', 6857, 262201.38, 451672.25, 442.15);
insert into STATION values (6629, '1k', 6857, 262178.24, 451664.93, 398.86);
insert into STATION values (6630, '1l', 6857, 262179.51, 451665.39, 398.54);
insert into STATION values (6631, '1m', 6857, 262179.49, 451665.40, 398.58);
insert into STATION values (6632, '1n', 6857, 262179.38, 451665.32, 398.57);
insert into STATION values (6633, '2', 6857, 262180.55, 451665.95, 397.94);
insert into STATION values (6634, '24', 6866, 259444.85, 448905.86, 20.35);
insert into STATION values (6635, '25', 6866, 259424.99, 448905.49, 19.27);
insert into STATION values (6636, '25a', 6866, 259426.48, 448889.12, 39.97);
insert into STATION values (6637, '26', 6866, 259410.96, 448906.18, 19.25);
insert into STATION values (6638, '27', 6866, 259391.92, 448906.04, 18.35);
insert into STATION values (6639, '28', 6866, 259367.54, 448930.83, 17.98);
insert into STATION values (6640, '29', 6866, 259365.61, 448942.50, 18.09);
insert into STATION values (6641, '30', 6866, 259346.25, 448946.85, 19.38);
insert into STATION values (6642, '31', 6866, 259313.77, 448963.83, 19.49);
insert into STATION values (6643, '32', 6866, 259322.49, 448977.32, 19.42);
insert into STATION values (6644, '33', 6866, 259319.94, 448996.95, 18.80);
insert into STATION values (6645, '34', 6866, 259316.87, 449015.90, 20.11);
insert into STATION values (6646, '35', 6866, 259292.64, 449034.35, 19.80);
insert into STATION values (6647, '36', 6866, 259295.25, 449046.68, 19.73);
insert into STATION values (6648, '37', 6866, 259280.19, 449055.60, 21.92);
insert into STATION values (6649, '38', 6866, 259279.50, 449071.33, 20.35);
insert into STATION values (6650, '39', 6866, 259274.18, 449076.48, 19.42);
insert into STATION values (6651, '40', 6866, 259252.03, 449095.28, 19.94);
insert into STATION values (6652, '41', 6866, 259208.30, 449104.11, 19.79);
insert into STATION values (6653, '42', 6866, 259183.62, 449111.40, 20.28);
insert into STATION values (6654, '43', 6866, 259161.85, 449112.41, 20.84);
insert into STATION values (6655, '44', 6866, 259159.30, 449128.74, 19.91);
insert into STATION values (6656, '45', 6866, 259164.00, 449125.00, 20.00);
insert into STATION values (6657, '0', 6870, 259252.03, 449095.28, 19.94);
insert into STATION values (6658, '1', 6870, 259256.06, 449116.16, 43.38);
insert into STATION values (6659, '2', 6870, 259273.61, 449121.11, 52.70);
insert into STATION values (6660, '14', 6875, 259507.81, 448919.35, 58.05);
insert into STATION values (6661, '15', 6875, 259500.01, 448921.94, 54.14);
insert into STATION values (6662, '15a', 6875, 259494.22, 448937.46, 52.76);
insert into STATION values (6663, '15b', 6875, 259500.02, 448923.33, 59.71);
insert into STATION values (6664, '16', 6875, 259485.48, 448920.86, 47.25);
insert into STATION values (6665, '16a', 6875, 259480.07, 448926.34, 46.62);
insert into STATION values (6666, '16b', 6875, 259487.71, 448904.42, 53.76);
insert into STATION values (6667, '16c', 6875, 259483.58, 448920.04, 54.46);
insert into STATION values (6668, '16d', 6875, 259484.56, 448920.56, 45.19);
insert into STATION values (6669, '17', 6875, 259481.80, 448917.52, 45.18);
insert into STATION values (6670, '17a', 6875, 259488.80, 448905.19, 54.58);
insert into STATION values (6671, '17b', 6875, 259483.93, 448914.11, 46.12);
insert into STATION values (6672, '17c', 6875, 259478.10, 448926.47, 46.05);
insert into STATION values (6673, '17d', 6875, 259482.76, 448916.51, 54.65);
insert into STATION values (6674, '17e', 6875, 259481.72, 448917.40, 44.10);
insert into STATION values (6675, '17f', 6875, 259477.66, 448905.11, 56.11);
insert into STATION values (6676, '18', 6875, 259476.65, 448911.23, 40.86);
insert into STATION values (6677, '19', 6875, 259472.39, 448909.77, 36.21);
insert into STATION values (6678, '18a', 6875, 259477.18, 448908.91, 40.82);
insert into STATION values (6679, '18b', 6875, 259479.35, 448903.85, 39.70);
insert into STATION values (6680, '18c', 6875, 259474.89, 448914.97, 40.10);
insert into STATION values (6681, '18d', 6875, 259476.60, 448911.31, 38.98);
insert into STATION values (6682, '19a', 6875, 259474.04, 448907.51, 35.07);
insert into STATION values (6683, '19b', 6875, 259471.65, 448910.15, 36.33);
insert into STATION values (6684, '19c', 6875, 259472.28, 448909.78, 37.21);
insert into STATION values (6685, '19d', 6875, 259472.31, 448909.76, 35.10);
insert into STATION values (6686, '20', 6875, 259473.91, 448906.28, 32.82);
insert into STATION values (6687, '19e', 6875, 259468.61, 448905.92, 33.85);
insert into STATION values (6688, '20a', 6875, 259476.21, 448907.02, 32.87);
insert into STATION values (6689, '20b', 6875, 259472.16, 448906.76, 32.90);
insert into STATION values (6690, '20c', 6875, 259473.87, 448906.31, 33.53);
insert into STATION values (6691, '20d', 6875, 259473.95, 448906.25, 31.94);
insert into STATION values (6692, '21', 6875, 259467.20, 448904.86, 29.44);
insert into STATION values (6693, '21a', 6875, 259468.95, 448899.88, 27.92);
insert into STATION values (6694, '21b', 6875, 259469.47, 448895.91, 25.73);
insert into STATION values (6695, '21c', 6875, 259467.72, 448908.19, 30.27);
insert into STATION values (6696, '21d', 6875, 259460.46, 448915.93, 31.88);
insert into STATION values (6697, '21e', 6875, 259467.38, 448904.69, 31.10);
insert into STATION values (6698, '21f', 6875, 259467.08, 448904.91, 27.44);
insert into STATION values (6699, '21g', 6875, 259466.29, 448896.91, 27.40);
insert into STATION values (6700, '22', 6875, 259456.21, 448901.81, 29.15);
insert into STATION values (6701, '22a', 6875, 259456.81, 448898.47, 26.39);
insert into STATION values (6702, '22b', 6875, 259455.53, 448905.25, 29.06);
insert into STATION values (6703, '22c', 6875, 259451.84, 448915.43, 29.04);
insert into STATION values (6704, '22d', 6875, 259456.29, 448901.76, 30.29);
insert into STATION values (6705, '22e', 6875, 259456.22, 448901.79, 27.42);
insert into STATION values (6706, '23', 6875, 259449.36, 448900.31, 25.86);
insert into STATION values (6707, '23a', 6875, 259449.44, 448898.93, 26.43);
insert into STATION values (6708, '23b', 6875, 259449.62, 448897.12, 25.55);
insert into STATION values (6709, '23c', 6875, 259447.88, 448898.70, 24.50);
insert into STATION values (6710, '23d', 6875, 259450.16, 448904.68, 24.61);
insert into STATION values (6711, '23e', 6875, 259443.25, 448920.57, 24.68);
insert into STATION values (6712, '23f', 6875, 259448.00, 448903.77, 33.27);
insert into STATION values (6713, '23g', 6875, 259449.10, 448900.46, 22.51);
insert into STATION values (6714, '24', 6875, 259447.81, 448898.78, 24.50);
insert into STATION values (6715, '24a', 6875, 259447.54, 448896.20, 24.98);
insert into STATION values (6716, '24b', 6875, 259447.76, 448920.02, 25.87);
insert into STATION values (6717, '24c', 6875, 259447.82, 448898.77, 26.49);
insert into STATION values (6718, '24d', 6875, 259447.54, 448898.65, 22.55);
insert into STATION values (6719, '24e', 6875, 259441.96, 448894.37, 22.31);
insert into STATION values (6720, '24f', 6875, 259445.85, 448899.75, 22.35);
insert into STATION values (6721, '24g', 6875, 259431.48, 448897.46, 20.28);
insert into STATION values (6722, '24h', 6875, 259434.19, 448903.33, 20.31);
insert into STATION values (6723, '24i', 6875, 259439.34, 448908.05, 20.36);
insert into STATION values (6724, '24j', 6875, 259441.36, 448914.83, 20.54);
insert into STATION values (6725, '24k', 6875, 259427.18, 448897.89, 24.89);
insert into STATION values (6726, '24l', 6875, 259431.91, 448908.13, 24.87);
insert into STATION values (6727, '24m', 6875, 259439.34, 448916.97, 24.85);
insert into STATION values (6728, '24n', 6875, 259444.66, 448905.07, 20.35);
insert into STATION values (6729, '25', 6875, 259444.85, 448905.86, 20.35);
insert into STATION values (6730, '0', 6879, 259539.43, 448865.31, 59.73);
insert into STATION values (6731, '1', 6879, 259540.36, 448860.10, 61.70);
insert into STATION values (6732, '2', 6879, 259536.36, 448853.87, 61.90);
insert into STATION values (6733, '3', 6879, 259534.63, 448847.99, 60.89);
insert into STATION values (6734, '4', 6879, 259541.85, 448843.09, 65.34);
insert into STATION values (6735, '5', 6879, 259550.65, 448851.08, 70.14);
insert into STATION values (6736, '6', 6879, 259551.99, 448853.35, 73.63);
insert into STATION values (6737, '7', 6879, 259560.31, 448852.64, 79.22);
insert into STATION values (6738, '8', 6879, 259561.53, 448847.99, 80.32);
insert into STATION values (6739, '9', 6879, 259565.10, 448843.40, 76.85);
insert into STATION values (6740, '10', 6879, 259579.13, 448843.23, 74.58);
insert into STATION values (6741, '11', 6879, 259581.42, 448831.54, 71.08);
insert into STATION values (6742, '12', 6879, 259593.86, 448824.38, 65.26);
insert into STATION values (6743, '13', 6879, 259592.72, 448808.31, 64.77);
insert into STATION values (6744, '14', 6879, 259579.86, 448796.98, 64.34);
insert into STATION values (6745, '15', 6879, 259575.25, 448788.61, 66.07);
insert into STATION values (6746, '16', 6879, 259565.28, 448785.06, 67.39);
insert into STATION values (6747, '17', 6879, 259559.03, 448779.00, 65.21);
insert into STATION values (6748, '18', 6879, 259551.38, 448774.78, 62.76);
insert into STATION values (6749, '19', 6879, 259543.80, 448776.59, 63.13);
insert into STATION values (6750, '20', 6879, 259548.47, 448786.43, 68.86);
insert into STATION values (6751, '21', 6879, 259544.43, 448797.55, 76.26);
insert into STATION values (6752, '22', 6879, 259546.97, 448799.12, 78.49);
insert into STATION values (6753, '23', 6879, 259549.39, 448810.09, 79.27);
insert into STATION values (6754, '24', 6879, 259560.34, 448815.02, 82.37);
insert into STATION values (6755, '25', 6879, 259562.76, 448825.19, 82.68);
insert into STATION values (6756, '26', 6879, 259562.57, 448831.38, 83.70);
insert into STATION values (6757, '27', 6879, 259562.45, 448840.65, 81.73);
insert into STATION values (6758, '28', 6879, 259562.21, 448844.36, 82.82);
insert into STATION values (6759, '221', 6879, 259558.49, 448840.95, 84.87);
insert into STATION values (6760, '222', 6879, 259551.88, 448834.55, 81.98);
insert into STATION values (6761, '223', 6879, 259547.66, 448831.01, 80.00);
insert into STATION values (6762, '224', 6879, 259544.76, 448831.75, 78.12);
insert into STATION values (6763, '225', 6879, 259537.92, 448846.62, 64.34);
insert into STATION values (6764, '226', 6879, 259535.36, 448843.37, 63.81);
insert into STATION values (6765, '331', 6879, 259543.21, 448826.09, 81.10);
insert into STATION values (6766, '332', 6879, 259542.07, 448822.20, 80.12);
insert into STATION values (6767, '333', 6879, 259542.96, 448819.62, 79.17);
insert into STATION values (6768, '441', 6879, 259540.55, 448868.91, 60.11);
insert into STATION values (6769, '442', 6879, 259543.43, 448873.32, 60.18);
insert into STATION values (6770, '443', 6879, 259541.54, 448877.40, 59.68);
insert into STATION values (6771, '444', 6879, 259538.80, 448878.46, 59.01);
insert into STATION values (6772, '445', 6879, 259538.27, 448880.85, 58.18);
insert into STATION values (6773, '446', 6879, 259537.01, 448883.22, 59.74);
insert into STATION values (6774, '447', 6879, 259532.86, 448883.11, 59.20);
insert into STATION values (6775, '448', 6879, 259530.38, 448885.52, 60.48);
insert into STATION values (6776, '449', 6879, 259522.85, 448887.62, 59.60);
insert into STATION values (6777, '4410', 6879, 259515.57, 448892.33, 58.40);
insert into STATION values (6778, '4411', 6879, 259515.73, 448911.73, 58.79);
insert into STATION values (6779, '4412', 6879, 259514.23, 448919.42, 59.23);
insert into STATION values (6780, '4413', 6879, 259508.15, 448917.32, 59.70);
insert into STATION values (6781, '4414', 6879, 259507.81, 448919.35, 58.05);
insert into STATION values (6782, '552', 6879, 259539.95, 448796.14, 73.05);
insert into STATION values (6783, '553', 6879, 259537.88, 448803.18, 74.08);
insert into STATION values (6784, '554', 6879, 259537.21, 448795.11, 69.57);
insert into STATION values (6785, '555', 6879, 259537.17, 448788.57, 62.58);
insert into STATION values (6786, '556', 6879, 259537.74, 448809.49, 69.37);
insert into STATION values (6787, '557', 6879, 259529.83, 448812.52, 62.87);
insert into STATION values (6788, '558', 6879, 259524.71, 448814.75, 64.04);
insert into STATION values (6789, '559', 6879, 259523.62, 448820.27, 62.08);
insert into STATION values (6790, '5510', 6879, 259518.66, 448821.25, 62.05);
insert into STATION values (6791, '5511', 6879, 259515.86, 448812.05, 59.79);
insert into STATION values (6792, '5512', 6879, 259508.16, 448803.25, 60.82);
insert into STATION values (6793, '5513', 6879, 259493.18, 448795.68, 63.72);
insert into STATION values (6794, '5514', 6879, 259491.36, 448784.68, 60.64);
insert into STATION values (6795, '5515', 6879, 259482.03, 448783.15, 57.32);
insert into STATION values (6796, '5516', 6879, 259486.20, 448774.60, 51.58);
insert into STATION values (6797, '5517', 6879, 259468.34, 448779.66, 61.07);
insert into STATION values (6798, '5518', 6879, 259479.10, 448792.62, 62.31);
insert into STATION values (6799, '5519', 6879, 259521.32, 448800.49, 59.48);
insert into STATION values (6800, '5520', 6879, 259521.61, 448796.92, 58.55);
insert into STATION values (6801, '5521', 6879, 259524.50, 448794.21, 57.94);
insert into STATION values (6802, '5522', 6879, 259520.64, 448786.09, 57.88);
insert into STATION values (6803, '5523', 6879, 259516.71, 448794.84, 68.76);
insert into STATION values (6804, '5524', 6879, 259511.21, 448793.91, 70.78);
insert into STATION values (6805, '5525', 6879, 259506.59, 448794.84, 69.97);
insert into STATION values (6806, '5526', 6879, 259505.54, 448799.25, 71.23);
insert into STATION values (6807, '5527', 6879, 259499.46, 448798.35, 70.15);
insert into STATION values (6808, '5528', 6879, 259531.27, 448805.08, 71.95);
insert into STATION values (6809, '5530', 6879, 259538.55, 448810.75, 68.26);
insert into STATION values (6810, '5531', 6879, 259522.88, 448809.96, 72.15);
insert into STATION values (6811, '5532', 6879, 259521.78, 448831.86, 61.32);
insert into STATION values (6812, '5533', 6879, 259518.71, 448836.70, 61.56);
insert into STATION values (6813, '5534', 6879, 259516.73, 448843.15, 60.91);
insert into STATION values (6814, '5535', 6879, 259517.90, 448848.52, 61.15);
insert into STATION values (6815, '5536', 6879, 259513.70, 448844.45, 60.45);
insert into STATION values (6816, '662', 6879, 259539.15, 448860.16, 61.88);
insert into STATION values (6817, '663', 6879, 259528.91, 448860.23, 61.92);
insert into STATION values (6818, '664', 6879, 259538.29, 448876.28, 76.97);
insert into STATION values (6819, '7751', 6879, 259503.75, 448802.67, 74.51);
insert into STATION values (6820, '7752', 6879, 259505.84, 448804.22, 74.98);
insert into STATION values (6821, '7753', 6879, 259505.39, 448805.51, 77.03);
insert into STATION values (6822, '7754', 6879, 259513.48, 448808.88, 80.84);
insert into STATION values (6823, '7755', 6879, 259507.89, 448800.27, 81.38);
insert into STATION values (6824, '7756', 6879, 259504.48, 448800.21, 81.63);
insert into STATION values (6825, '7757', 6879, 259500.97, 448795.39, 79.42);
insert into STATION values (6826, '7758', 6879, 259517.96, 448811.89, 81.67);
insert into STATION values (6827, '7759', 6879, 259518.68, 448821.04, 82.17);
insert into STATION values (6828, '7760', 6879, 259517.64, 448828.05, 80.80);
insert into STATION values (6829, '7761', 6879, 259519.84, 448834.40, 79.76);
insert into STATION values (6830, '7762', 6879, 259521.38, 448836.48, 78.01);
insert into STATION values (6831, '7763', 6879, 259522.94, 448841.08, 77.82);
insert into STATION values (6832, '7764', 6879, 259518.32, 448850.11, 69.64);
insert into STATION values (6833, '7765', 6879, 259521.04, 448847.43, 69.48);
insert into STATION values (6834, '7766', 6879, 259530.70, 448848.98, 61.57);
insert into STATION values (6835, '7768', 6879, 259527.37, 448833.64, 80.05);
insert into STATION values (6836, '7769', 6879, 259527.49, 448829.37, 81.60);
insert into STATION values (6837, '7770', 6879, 259510.39, 448827.00, 78.50);
insert into STATION values (6838, '7771', 6879, 259498.56, 448821.77, 77.99);
insert into STATION values (6839, '7772', 6879, 259492.06, 448821.91, 75.39);
insert into STATION values (6840, '7773', 6879, 259488.23, 448821.42, 75.87);
insert into STATION values (6841, '7774', 6879, 259491.02, 448822.88, 75.01);
insert into STATION values (6842, '7775', 6879, 259499.22, 448826.84, 74.80);
insert into STATION values (6843, '7776', 6879, 259500.01, 448814.64, 77.40);
insert into STATION values (6844, '7777', 6879, 259491.77, 448814.51, 76.47);
insert into STATION values (6845, '7778', 6879, 259505.19, 448805.71, 76.82);
insert into STATION values (6846, '992', 6879, 259569.57, 448860.12, 81.39);
insert into STATION values (6847, '991', 6879, 259561.46, 448847.96, 80.36);
insert into STATION values (6848, '993', 6879, 259578.87, 448879.15, 80.41);
insert into STATION values (6849, '994', 6879, 259582.72, 448894.47, 85.66);
insert into STATION values (6850, '995', 6879, 259587.20, 448900.58, 92.15);
insert into STATION values (6851, '996', 6879, 259598.51, 448907.03, 97.46);
insert into STATION values (6852, '997', 6879, 259603.08, 448914.69, 102.04);
insert into STATION values (6853, '998', 6879, 259571.80, 448889.99, 84.27);
insert into STATION values (6854, '999', 6879, 259559.86, 448892.92, 84.10);
insert into STATION values (6855, '9910', 6879, 259589.24, 448870.56, 76.99);
insert into STATION values (6856, '9911', 6879, 259599.88, 448867.95, 65.62);
insert into STATION values (6857, '9912', 6879, 259609.58, 448880.74, 63.46);
insert into STATION values (6858, '9913', 6879, 259608.17, 448897.19, 62.80);
insert into STATION values (6859, '9914', 6879, 259580.95, 448895.72, 62.27);
insert into STATION values (6860, '9915', 6879, 259610.96, 448891.85, 61.34);
insert into STATION values (6861, '9916', 6879, 259624.56, 448886.01, 68.46);
insert into STATION values (6862, '9917', 6879, 259634.67, 448879.95, 75.06);
insert into STATION values (6863, '9918', 6879, 259630.90, 448903.97, 87.85);
insert into STATION values (6864, '9919', 6879, 259632.58, 448918.44, 91.12);
insert into STATION values (6865, '9920', 6879, 259610.35, 448913.95, 102.21);
insert into STATION values (6866, '9921', 6879, 259617.27, 448916.56, 95.37);
insert into STATION values (6867, '9922', 6879, 259616.49, 448906.27, 89.68);
insert into STATION values (6868, '9923', 6879, 259615.54, 448903.54, 86.23);
insert into STATION values (6869, '9924', 6879, 259652.20, 448871.43, 85.58);
insert into STATION values (6870, '9925', 6879, 259663.72, 448882.06, 97.05);
insert into STATION values (6871, '9926', 6879, 259669.64, 448882.06, 98.28);
insert into STATION values (6872, '9927', 6879, 259675.53, 448887.32, 100.38);
insert into STATION values (6873, '9928', 6879, 259687.46, 448899.77, 101.82);
insert into STATION values (6874, '9929', 6879, 259691.66, 448905.46, 102.69);
insert into STATION values (6875, '9930', 6879, 259698.88, 448894.81, 109.93);
insert into STATION values (6876, '9931', 6879, 259696.45, 448883.47, 100.67);
insert into STATION values (6877, '9932', 6879, 259648.12, 448851.78, 76.22);
insert into STATION values (6878, '9933', 6879, 259622.88, 448839.63, 63.91);
insert into STATION values (6879, '9934', 6879, 259606.67, 448833.81, 63.45);
insert into STATION values (6880, '9935', 6879, 259600.64, 448827.21, 66.45);
insert into STATION values (6881, '9936', 6879, 259591.08, 448816.44, 64.95);
insert into STATION values (6882, '101', 6879, 259483.55, 448765.66, 35.62);
insert into STATION values (6883, '102', 6879, 259481.50, 448764.00, 34.57);
insert into STATION values (6884, '103', 6879, 259482.88, 448764.22, 31.47);
insert into STATION values (6885, '104', 6879, 259482.44, 448764.95, 32.07);
insert into STATION values (6886, '105', 6879, 259483.49, 448758.52, 24.50);
insert into STATION values (6887, '106', 6879, 259485.31, 448757.16, 21.74);
insert into STATION values (6888, '107', 6879, 259484.23, 448753.41, 21.16);
insert into STATION values (6889, '108', 6879, 259480.71, 448746.15, 21.16);
insert into STATION values (6890, '109', 6879, 259481.09, 448763.35, 27.05);
insert into STATION values (6891, '1010', 6879, 259476.91, 448768.82, 34.18);
insert into STATION values (6892, '1011', 6879, 259478.92, 448766.17, 36.53);
insert into STATION values (6893, '1012', 6879, 259475.23, 448764.71, 36.95);
insert into STATION values (6894, '1013', 6879, 259469.54, 448763.39, 41.10);
insert into STATION values (6895, '1014', 6879, 259486.12, 448769.81, 37.93);
insert into STATION values (6896, '1015', 6879, 259485.51, 448770.86, 44.67);
insert into STATION values (6897, '1016', 6879, 259482.99, 448772.02, 48.42);
insert into STATION values (6898, '112', 6879, 259467.42, 448777.18, 62.38);
insert into STATION values (6899, '113', 6879, 259464.32, 448778.91, 63.25);
insert into STATION values (6900, '114', 6879, 259462.41, 448778.07, 63.22);
insert into STATION values (6901, '115', 6879, 259460.67, 448776.30, 63.28);
insert into STATION values (6902, '116', 6879, 259459.43, 448779.29, 62.90);
insert into STATION values (6903, '117', 6879, 259453.57, 448778.20, 62.94);
insert into STATION values (6904, '118', 6879, 259451.32, 448777.59, 62.96);
insert into STATION values (6905, '119', 6879, 259450.07, 448775.81, 63.84);
insert into STATION values (6906, '71', 7256, 259349.10, 449605.21, 57.49);
insert into STATION values (6907, '73', 7256, 259375.43, 449610.58, 43.05);
insert into STATION values (6908, '74', 7256, 259394.84, 449630.26, 46.84);
insert into STATION values (6909, '74a', 7256, 259399.34, 449639.28, 44.55);
insert into STATION values (6910, '74b', 7256, 259399.46, 449639.59, 48.32);
insert into STATION values (6911, '75', 7256, 259356.29, 449627.06, 41.68);
insert into STATION values (6912, '76', 7256, 259352.69, 449649.63, 42.49);
insert into STATION values (6913, '77', 7256, 259344.26, 449666.50, 40.03);
insert into STATION values (6914, '77a', 7256, 259344.39, 449666.45, 39.53);
insert into STATION values (6915, '77b', 7256, 259345.15, 449668.44, 44.64);
insert into STATION values (6916, '78', 7256, 259343.10, 449695.88, 40.73);
insert into STATION values (6917, '79', 7256, 259355.57, 449707.75, 44.55);
insert into STATION values (6918, '80', 7256, 259373.59, 449722.49, 45.80);
insert into STATION values (6919, '81', 7256, 259385.20, 449725.22, 44.78);
insert into STATION values (6920, '82', 7256, 259397.25, 449715.26, 46.30);
insert into STATION values (6921, '83', 7256, 259405.14, 449723.23, 52.46);
insert into STATION values (6922, '84', 7256, 259408.01, 449729.39, 53.07);
insert into STATION values (6923, '85', 7256, 259421.41, 449738.51, 50.60);
insert into STATION values (6924, '85a', 7256, 259416.81, 449756.78, 47.70);
insert into STATION values (6925, '85b', 7256, 259416.61, 449754.23, 49.07);
insert into STATION values (6926, '85c', 7256, 259418.00, 449748.16, 53.31);
insert into STATION values (6927, '86', 7256, 259427.55, 449735.49, 50.62);
insert into STATION values (6928, '87', 7256, 259426.92, 449723.18, 45.73);
insert into STATION values (6929, '88', 7256, 259434.52, 449721.73, 36.57);
insert into STATION values (6930, '88a', 7256, 259453.96, 449718.85, 41.16);
insert into STATION values (6931, '88b', 7256, 259461.14, 449728.49, 47.17);
insert into STATION values (6932, '88c', 7256, 259462.42, 449735.84, 42.61);
insert into STATION values (6933, '88d', 7256, 259463.89, 449738.15, 48.05);
insert into STATION values (6934, '89', 7256, 259441.76, 449722.17, 29.52);
insert into STATION values (6935, '90', 7256, 259449.61, 449724.66, 22.69);
insert into STATION values (6936, '90a', 7256, 259464.35, 449723.38, 21.17);
insert into STATION values (6937, '90b', 7256, 259465.43, 449723.92, 24.32);
insert into STATION values (6938, '90c', 7256, 259466.46, 449740.32, 20.49);
insert into STATION values (6939, '90d', 7256, 259468.68, 449739.60, 24.32);
insert into STATION values (6940, '91', 7256, 259448.01, 449711.69, 22.31);
insert into STATION values (6941, '92', 7256, 259442.77, 449699.28, 20.92);
insert into STATION values (6942, '93', 7256, 259434.96, 449696.49, 22.58);
insert into STATION values (6943, '94', 7256, 259427.75, 449694.35, 23.00);
insert into STATION values (6944, '95', 7256, 259388.14, 449698.04, 22.38);
insert into STATION values (6945, '95a', 7256, 259384.22, 449704.56, 20.39);
insert into STATION values (6946, '95b', 7256, 259384.95, 449702.14, 24.73);
insert into STATION values (6947, '96', 7256, 259365.15, 449667.40, 25.32);
insert into STATION values (6948, '97', 7256, 259363.19, 449631.10, 34.22);
insert into STATION values (6949, '98', 7256, 259362.19, 449622.64, 40.45);
insert into STATION values (6950, '110', 7256, 259456.15, 449751.06, 21.54);
insert into STATION values (6951, '110a', 7256, 259466.66, 449735.06, 21.32);
insert into STATION values (6952, '110b', 7256, 259466.88, 449736.47, 24.33);
insert into STATION values (6953, '110c', 7256, 259468.13, 449745.72, 20.33);
insert into STATION values (6954, '110d', 7256, 259471.35, 449744.82, 24.54);
insert into STATION values (6955, '110e', 7256, 259459.96, 449736.64, 36.32);
insert into STATION values (6956, '110f', 7256, 259460.16, 449733.20, 48.32);
insert into STATION values (6957, '110g', 7256, 259467.20, 449747.23, 39.26);
insert into STATION values (6958, '110h', 7256, 259468.27, 449747.32, 49.66);
insert into STATION values (6959, '110i', 7256, 259477.26, 449762.51, 19.94);
insert into STATION values (6960, '110j', 7256, 259481.75, 449762.80, 24.29);
insert into STATION values (6961, '110k', 7256, 259477.18, 449759.50, 42.94);
insert into STATION values (6962, '110l', 7256, 259475.33, 449761.64, 52.60);
insert into STATION values (6963, '111', 7256, 259471.53, 449775.60, 20.54);
insert into STATION values (6964, '111a', 7256, 259468.41, 449747.32, 20.16);
insert into STATION values (6965, '111b', 7256, 259470.14, 449742.90, 24.45);
insert into STATION values (6966, '111c', 7256, 259460.34, 449737.44, 36.56);
insert into STATION values (6967, '111d', 7256, 259455.32, 449725.86, 47.84);
insert into STATION values (6968, '111e', 7256, 259478.60, 449757.04, 53.67);
insert into STATION values (6969, '111f', 7256, 259477.37, 449760.03, 43.04);
insert into STATION values (6970, '111g', 7256, 259481.94, 449763.86, 24.31);
insert into STATION values (6971, '111h', 7256, 259479.89, 449766.74, 19.95);
insert into STATION values (6972, '111i', 7256, 259491.23, 449785.26, 20.74);
insert into STATION values (6973, '111j', 7256, 259488.85, 449784.43, 24.70);
insert into STATION values (6974, '111k', 7256, 259485.64, 449786.23, 40.59);
insert into STATION values (6975, '111l', 7256, 259488.77, 449790.91, 55.83);
insert into STATION values (6976, '112', 7256, 259489.96, 449812.82, 20.34);
insert into STATION values (6977, '112a', 7256, 259496.03, 449797.33, 21.05);
insert into STATION values (6978, '112b', 7256, 259494.02, 449800.44, 25.19);
insert into STATION values (6979, '112c', 7256, 259500.76, 449809.00, 21.01);
insert into STATION values (6980, '112d', 7256, 259497.79, 449810.78, 25.12);
insert into STATION values (6981, '112e', 7256, 259505.83, 449827.84, 21.04);
insert into STATION values (6982, '112f', 7256, 259503.78, 449826.83, 24.48);
insert into STATION values (6983, '112g', 7256, 259494.51, 449818.13, 35.95);
insert into STATION values (6984, '112h', 7256, 259496.04, 449823.24, 53.44);
insert into STATION values (6985, '112i', 7256, 259490.88, 449805.54, 36.70);
insert into STATION values (6986, '112j', 7256, 259489.15, 449805.06, 55.31);
insert into STATION values (6987, '112k', 7256, 259487.93, 449797.93, 38.06);
insert into STATION values (6988, '112l', 7256, 259483.34, 449793.02, 53.19);
insert into STATION values (6989, '113', 7256, 259492.21, 449836.01, 18.78);
insert into STATION values (6990, '113a', 7256, 259500.78, 449832.23, 19.35);
insert into STATION values (6991, '113b', 7256, 259502.71, 449831.55, 23.84);
insert into STATION values (6992, '113c', 7256, 259502.07, 449842.26, 20.17);
insert into STATION values (6993, '113d', 7256, 259498.99, 449843.89, 24.24);
insert into STATION values (6994, '113e', 7256, 259501.53, 449852.42, 20.26);
insert into STATION values (6995, '113f', 7256, 259498.39, 449849.69, 24.46);
insert into STATION values (6996, '114', 7256, 259488.22, 449853.56, 19.84);
insert into STATION values (6997, '114a', 7256, 259501.29, 449834.53, 20.69);
insert into STATION values (6998, '114b', 7256, 259502.17, 449845.74, 21.15);
insert into STATION values (6999, '114c', 7256, 259501.39, 449854.69, 21.12);
insert into STATION values (7000, '114d', 7256, 259499.76, 449853.10, 24.88);
insert into STATION values (7001, '114e', 7256, 259497.89, 449847.13, 25.33);
insert into STATION values (7002, '114f', 7256, 259499.40, 449837.03, 24.89);
insert into STATION values (7003, '115', 7256, 259484.04, 449876.85, 20.96);
insert into STATION values (7004, '115a', 7256, 259488.90, 449896.90, 23.22);
insert into STATION values (7005, '115b', 7256, 259488.60, 449900.43, 28.43);
insert into STATION values (7006, '115c', 7256, 259484.64, 449910.07, 28.83);
insert into STATION values (7007, '115d', 7256, 259483.47, 449904.23, 22.27);
insert into STATION values (7008, '115e', 7256, 259466.62, 449892.46, 21.20);
insert into STATION values (7009, '115f', 7256, 259468.29, 449889.56, 24.23);
insert into STATION values (7010, '115g', 7256, 259469.40, 449898.67, 20.58);
insert into STATION values (7011, '115h', 7256, 259470.23, 449895.41, 25.00);
insert into STATION values (7012, '115i', 7256, 259466.92, 449877.66, 20.80);
insert into STATION values (7013, '115j', 7256, 259467.40, 449878.41, 24.31);
insert into STATION values (7014, '116', 7256, 259466.25, 449894.95, 21.68);
insert into STATION values (7015, '116a', 7256, 259482.82, 449905.21, 21.68);
insert into STATION values (7016, '116b', 7256, 259482.30, 449912.99, 21.35);
insert into STATION values (7017, '116c', 7256, 259485.51, 449924.25, 21.53);
insert into STATION values (7018, '116d', 7256, 259488.47, 449920.24, 27.99);
insert into STATION values (7019, '116e', 7256, 259485.68, 449907.60, 28.54);
insert into STATION values (7020, '116f', 7256, 259488.37, 449900.35, 28.04);
insert into STATION values (7021, '116g', 7256, 259467.81, 449894.88, 20.68);
insert into STATION values (7022, '116h', 7256, 259470.03, 449898.73, 20.26);
insert into STATION values (7023, '116i', 7256, 259469.67, 449905.38, 20.79);
insert into STATION values (7024, '116j', 7256, 259472.13, 449908.64, 24.83);
insert into STATION values (7025, '116k', 7256, 259470.39, 449899.55, 25.04);
insert into STATION values (7026, '116l', 7256, 259470.65, 449894.94, 24.82);
insert into STATION values (7027, '116m', 7256, 259489.02, 449901.11, 23.95);
insert into STATION values (7028, '116n', 7256, 259489.22, 449910.67, 24.32);
insert into STATION values (7029, '116o', 7256, 259489.29, 449918.98, 24.11);
insert into STATION values (7030, '117', 7256, 259468.84, 449920.84, 22.78);
insert into STATION values (7031, '117a', 7256, 259494.50, 449928.48, 23.79);
insert into STATION values (7032, '117b', 7256, 259494.46, 449931.00, 27.79);
insert into STATION values (7033, '117c', 7256, 259488.05, 449918.17, 23.26);
insert into STATION values (7034, '117d', 7256, 259487.56, 449918.13, 28.50);
insert into STATION values (7035, '117e', 7256, 259487.13, 449901.67, 23.38);
insert into STATION values (7036, '117f', 7256, 259488.92, 449899.02, 28.35);
insert into STATION values (7037, '117g', 7256, 259466.28, 449897.73, 21.65);
insert into STATION values (7038, '117h', 7256, 259472.11, 449907.08, 24.83);
insert into STATION values (7039, '117i', 7256, 259468.10, 449913.80, 21.48);
insert into STATION values (7040, '117j', 7256, 259472.42, 449914.19, 24.79);
insert into STATION values (7041, '117k', 7256, 259469.51, 449919.55, 21.19);
insert into STATION values (7042, '117l', 7256, 259473.51, 449918.44, 24.94);
insert into STATION values (7043, '117m', 7256, 259470.65, 449924.87, 21.37);
insert into STATION values (7044, '117n', 7256, 259474.22, 449925.17, 24.67);
insert into STATION values (7045, '118', 7256, 259483.22, 449942.06, 21.11);
insert into STATION values (7046, '118a', 7256, 259471.66, 449927.04, 21.21);
insert into STATION values (7047, '118b', 7256, 259474.66, 449925.86, 24.96);
insert into STATION values (7048, '118c', 7256, 259476.56, 449939.50, 24.76);
insert into STATION values (7049, '118d', 7256, 259472.08, 449940.37, 22.40);
insert into STATION values (7050, '118e', 7256, 259485.04, 449952.87, 22.85);
insert into STATION values (7051, '118f', 7256, 259486.54, 449949.12, 25.06);
insert into STATION values (7052, '118g', 7256, 259492.53, 449959.41, 22.87);
insert into STATION values (7053, '118h', 7256, 259494.14, 449954.42, 24.76);
insert into STATION values (7054, '118i', 7256, 259487.59, 449916.52, 23.26);
insert into STATION values (7055, '118j', 7256, 259484.98, 449910.90, 28.41);
insert into STATION values (7056, '118k', 7256, 259494.20, 449933.22, 27.74);
insert into STATION values (7057, '118l', 7256, 259496.85, 449932.48, 22.73);
insert into STATION values (7058, '118m', 7256, 259508.47, 449941.62, 22.45);
insert into STATION values (7059, '118n', 7256, 259514.61, 449941.05, 24.89);
insert into STATION values (7060, '118o', 7256, 259498.13, 449933.74, 41.92);
insert into STATION values (7061, '118p', 7256, 259506.03, 449939.25, 35.27);
insert into STATION values (7062, '118q', 7256, 259534.02, 449947.91, 43.56);
insert into STATION values (7063, '118r', 7256, 259529.60, 449947.61, 50.44);
insert into STATION values (7064, '118s', 7256, 259511.19, 449933.52, 53.37);
insert into STATION values (7065, '118t', 7256, 259499.74, 449921.51, 53.36);
insert into STATION values (7066, '118u', 7256, 259484.95, 449913.10, 49.04);
insert into STATION values (7067, '118v', 7256, 259484.86, 449918.67, 41.52);
insert into STATION values (7068, '119', 7256, 259508.66, 449954.50, 19.72);
insert into STATION values (7069, '119a', 7256, 259499.94, 449963.45, 21.91);
insert into STATION values (7070, '119b', 7256, 259502.57, 449962.56, 24.61);
insert into STATION values (7071, '119c', 7256, 259493.50, 449960.80, 22.45);
insert into STATION values (7072, '119d', 7256, 259500.43, 449957.84, 25.01);
insert into STATION values (7073, '119e', 7256, 259506.44, 449969.43, 22.49);
insert into STATION values (7074, '119f', 7256, 259509.72, 449966.64, 25.23);
insert into STATION values (7075, '119g', 7256, 259511.84, 449975.96, 22.95);
insert into STATION values (7076, '119h', 7256, 259513.44, 449971.35, 25.17);
insert into STATION values (7077, '119i', 7256, 259504.15, 449935.65, 39.21);
insert into STATION values (7078, '119j', 7256, 259502.64, 449933.51, 52.08);
insert into STATION values (7079, '119k', 7256, 259521.14, 449945.56, 37.84);
insert into STATION values (7080, '119l', 7256, 259526.21, 449945.07, 49.69);
insert into STATION values (7081, '119m', 7256, 259525.24, 449949.92, 35.69);
insert into STATION values (7082, '119n', 7256, 259535.75, 449947.71, 48.74);
insert into STATION values (7083, '120', 7256, 259525.40, 449972.43, 23.56);
insert into STATION values (7084, '120a', 7256, 259501.09, 449964.39, 22.47);
insert into STATION values (7085, '120b', 7256, 259508.67, 449964.82, 25.46);
insert into STATION values (7086, '120c', 7256, 259512.75, 449971.56, 24.93);
insert into STATION values (7087, '120d', 7256, 259508.43, 449971.94, 22.73);
insert into STATION values (7088, '121', 7256, 259541.13, 449985.06, 23.13);
insert into STATION values (7089, '122', 7256, 259563.29, 450001.19, 22.60);
insert into STATION values (7090, '122a', 7256, 259552.05, 450010.42, 22.28);
insert into STATION values (7091, '122b', 7256, 259556.51, 450006.72, 25.29);
insert into STATION values (7092, '122c', 7256, 259555.37, 450016.93, 22.29);
insert into STATION values (7093, '122d', 7256, 259558.90, 450011.61, 24.96);
insert into STATION values (7094, '122e', 7256, 259558.80, 450022.99, 22.43);
insert into STATION values (7095, '122f', 7256, 259561.19, 450015.95, 25.48);
insert into STATION values (7096, '122g', 7256, 259577.48, 450010.30, 24.19);
insert into STATION values (7097, '122h', 7256, 259575.64, 450009.58, 28.34);
insert into STATION values (7098, '122i', 7256, 259579.78, 450016.50, 24.01);
insert into STATION values (7099, '122j', 7256, 259577.83, 450015.49, 27.71);
insert into STATION values (7100, '123', 7256, 259576.88, 450022.14, 20.50);
insert into STATION values (7101, '123a', 7256, 259557.74, 450020.95, 21.96);
insert into STATION values (7102, '123b', 7256, 259562.35, 450020.39, 24.93);
insert into STATION values (7103, '123c', 7256, 259561.59, 450026.95, 21.89);
insert into STATION values (7104, '123d', 7256, 259567.19, 450026.14, 25.56);
insert into STATION values (7105, '123e', 7256, 259566.17, 450035.76, 22.18);
insert into STATION values (7106, '123f', 7256, 259570.98, 450034.67, 25.49);
insert into STATION values (7107, '123g', 7256, 259572.18, 450043.42, 22.54);
insert into STATION values (7108, '123h', 7256, 259573.58, 450041.01, 24.96);
insert into STATION values (7109, '123i', 7256, 259577.98, 450017.79, 22.40);
insert into STATION values (7110, '123j', 7256, 259576.86, 450009.13, 27.01);
insert into STATION values (7111, '123k', 7256, 259578.95, 450015.31, 26.24);
insert into STATION values (7112, '123l', 7256, 259579.00, 450019.05, 22.47);
insert into STATION values (7113, '123m', 7256, 259582.31, 450021.24, 23.77);
insert into STATION values (7114, '123n', 7256, 259582.45, 450021.76, 25.45);
insert into STATION values (7115, '123p', 7256, 259585.17, 450026.28, 23.80);
insert into STATION values (7116, '124', 7256, 259597.17, 450049.75, 20.06);
insert into STATION values (7117, '124a', 7256, 259596.97, 450049.71, 20.08);
insert into STATION values (7118, '124b', 7256, 259596.94, 450049.65, 20.08);
insert into STATION values (7119, '124c', 7256, 259571.73, 450038.26, 24.85);
insert into STATION values (7120, '124d', 7256, 259577.64, 450046.02, 24.95);
insert into STATION values (7121, '124e', 7256, 259575.67, 450046.10, 21.64);
insert into STATION values (7122, '124f', 7256, 259577.60, 450051.56, 20.97);
insert into STATION values (7123, '124g', 7256, 259582.79, 450052.88, 25.00);
insert into STATION values (7124, '124h', 7256, 259581.33, 450059.14, 21.83);
insert into STATION values (7125, '124i', 7256, 259587.44, 450060.43, 24.68);
insert into STATION values (7126, '124j', 7256, 259589.58, 450066.05, 22.57);
insert into STATION values (7127, '124k', 7256, 259593.28, 450065.71, 24.37);
insert into STATION values (7128, '125', 7256, 259603.32, 450067.90, 22.93);
insert into STATION values (7129, '125a', 7256, 259593.15, 450034.25, 27.26);
insert into STATION values (7130, '125b', 7256, 259603.33, 450044.16, 22.14);
insert into STATION values (7131, '125c', 7256, 259605.93, 450045.86, 25.57);
insert into STATION values (7132, '125d', 7256, 259609.69, 450046.26, 22.26);
insert into STATION values (7133, '125e', 7256, 259612.21, 450047.55, 24.56);
insert into STATION values (7134, '125f', 7256, 259614.24, 450049.12, 21.76);
insert into STATION values (7135, '125g', 7256, 259618.15, 450050.23, 24.41);
insert into STATION values (7136, '125h', 7256, 259619.80, 450051.92, 21.25);
insert into STATION values (7137, '125i', 7256, 259624.78, 450051.36, 24.46);
insert into STATION values (7138, '125j', 7256, 259628.77, 450052.39, 21.44);
insert into STATION values (7139, '125k', 7256, 259636.42, 450051.25, 24.39);
insert into STATION values (7140, '126', 7256, 259628.20, 450070.24, 21.18);
insert into STATION values (7141, '126a', 7256, 259632.77, 450053.76, 21.34);
insert into STATION values (7142, '126b', 7256, 259637.23, 450051.84, 24.82);
insert into STATION values (7143, '126c', 7256, 259666.40, 450052.08, 24.87);
insert into STATION values (7144, '126d', 7256, 259672.81, 450056.37, 25.17);
insert into STATION values (7145, '126e', 7256, 259685.83, 450058.40, 25.40);
insert into STATION values (7146, '126f', 7256, 259698.67, 450064.01, 25.90);
insert into STATION values (7147, '126g', 7256, 259696.24, 450064.13, 46.58);
insert into STATION values (7148, '126h', 7256, 259693.64, 450065.95, 47.97);
insert into STATION values (7149, '126i', 7256, 259686.42, 450055.07, 45.66);
insert into STATION values (7150, '126j', 7256, 259683.94, 450055.88, 47.93);
insert into STATION values (7151, '126k', 7256, 259646.08, 450048.14, 45.42);
insert into STATION values (7152, '126l', 7256, 259646.07, 450047.85, 48.99);
insert into STATION values (7153, '126m', 7256, 259652.64, 450052.90, 44.35);
insert into STATION values (7154, '126n', 7256, 259654.02, 450053.72, 49.77);
insert into STATION values (7155, '126o', 7256, 259629.08, 450087.63, 43.16);
insert into STATION values (7156, '126p', 7256, 259628.90, 450087.63, 48.49);
insert into STATION values (7157, '126q', 7256, 259632.76, 450087.46, 41.87);
insert into STATION values (7158, '126r', 7256, 259633.91, 450089.90, 48.32);
insert into STATION values (7159, '126s', 7256, 259626.03, 450077.29, 22.22);
insert into STATION values (7160, '126t', 7256, 259626.41, 450076.06, 21.95);
insert into STATION values (7161, '126u', 7256, 259626.06, 450076.06, 25.00);
insert into STATION values (7162, '127', 7256, 259677.01, 450065.68, 20.65);
insert into STATION values (7163, '127a', 7256, 259655.55, 450049.84, 22.88);
insert into STATION values (7164, '127b', 7256, 259657.32, 450050.83, 24.85);
insert into STATION values (7165, '127c', 7256, 259664.57, 450048.62, 23.20);
insert into STATION values (7166, '127d', 7256, 259669.96, 450056.19, 25.23);
insert into STATION values (7167, '127e', 7256, 259676.66, 450051.19, 21.75);
insert into STATION values (7168, '127f', 7256, 259680.04, 450057.31, 25.76);
insert into STATION values (7169, '127g', 7256, 259688.02, 450053.97, 22.53);
insert into STATION values (7170, '127h', 7256, 259685.81, 450059.11, 25.57);
insert into STATION values (7171, '127i', 7256, 259701.46, 450058.61, 22.39);
insert into STATION values (7172, '127j', 7256, 259699.31, 450063.67, 25.23);
insert into STATION values (7173, '127k', 7256, 259706.76, 450066.45, 22.77);
insert into STATION values (7174, '127l', 7256, 259704.65, 450067.32, 24.87);
insert into STATION values (7175, '127m', 7256, 259709.17, 450071.55, 22.39);
insert into STATION values (7176, '127n', 7256, 259708.74, 450072.33, 24.89);
insert into STATION values (7177, '127o', 7256, 259691.40, 450063.20, 44.20);
insert into STATION values (7178, '127p', 7256, 259691.14, 450064.83, 48.05);
insert into STATION values (7179, '127q', 7256, 259695.99, 450068.61, 43.29);
insert into STATION values (7180, '127r', 7256, 259699.62, 450071.09, 48.50);
insert into STATION values (7181, '127s', 7256, 259698.55, 450070.34, 41.00);
insert into STATION values (7182, '127t', 7256, 259706.12, 450072.71, 48.34);
insert into STATION values (7183, '127u', 7256, 259708.33, 450073.25, 44.54);
insert into STATION values (7184, '127v', 7256, 259711.04, 450075.75, 48.61);
insert into STATION values (7185, '128', 7256, 259704.86, 450089.25, 20.26);
insert into STATION values (7186, '128a', 7256, 259704.77, 450088.75, 20.29);
insert into STATION values (7187, '128b', 7256, 259700.57, 450063.41, 24.94);
insert into STATION values (7188, '128c', 7256, 259708.48, 450070.68, 22.58);
insert into STATION values (7189, '128d', 7256, 259708.28, 450072.12, 24.82);
insert into STATION values (7190, '128e', 7256, 259712.12, 450077.48, 22.44);
insert into STATION values (7191, '128f', 7256, 259712.22, 450079.01, 24.96);
insert into STATION values (7192, '128g', 7256, 259714.76, 450083.53, 22.64);
insert into STATION values (7193, '128h', 7256, 259714.00, 450085.44, 25.18);
insert into STATION values (7194, '128i', 7256, 259717.40, 450089.01, 22.24);
insert into STATION values (7195, '128j', 7256, 259715.76, 450090.34, 25.23);
insert into STATION values (7196, '128k', 7256, 259719.96, 450094.26, 22.31);
insert into STATION values (7197, '128l', 7256, 259719.58, 450095.16, 25.19);
insert into STATION values (7198, '128m', 7256, 259725.14, 450100.89, 23.30);
insert into STATION values (7199, '128n', 7256, 259721.48, 450100.66, 25.15);
insert into STATION values (7200, '128o', 7256, 259705.60, 450072.25, 43.78);
insert into STATION values (7201, '128p', 7256, 259704.99, 450073.77, 48.50);
insert into STATION values (7202, '128q', 7256, 259713.06, 450078.24, 44.53);
insert into STATION values (7203, '128r', 7256, 259712.52, 450081.19, 49.21);
insert into STATION values (7204, '128s', 7256, 259718.89, 450088.71, 43.39);
insert into STATION values (7205, '128t', 7256, 259719.81, 450091.57, 49.48);
insert into STATION values (7206, '128u', 7256, 259721.75, 450099.74, 39.35);
insert into STATION values (7207, '128v', 7256, 259728.73, 450109.08, 50.66);
insert into STATION values (7208, '128w', 7256, 259732.74, 450115.04, 50.99);
insert into STATION values (7209, '128x', 7256, 259706.70, 450090.66, 19.08);
insert into STATION values (7210, '128y', 7256, 259688.72, 450097.26, 34.20);
insert into STATION values (7211, '128z', 7256, 259686.49, 450099.97, 40.96);
insert into STATION values (7212, '128aa', 7256, 259692.69, 450105.77, 37.20);
insert into STATION values (7213, '128ab', 7256, 259690.01, 450110.25, 47.88);
insert into STATION values (7214, '128ac', 7256, 259704.78, 450118.11, 49.27);
insert into STATION values (7215, '128ad', 7256, 259704.34, 450108.79, 34.45);
insert into STATION values (7216, '128ae', 7256, 259715.13, 450125.46, 45.37);
insert into STATION values (7217, '128af', 7256, 259715.19, 450124.57, 48.44);
insert into STATION values (7218, '128ag', 7256, 259722.28, 450125.19, 50.71);
insert into STATION values (7219, '128ah', 7256, 259720.20, 450128.13, 44.99);
insert into STATION values (7220, '129', 7256, 259726.80, 450118.05, 22.42);
insert into STATION values (7221, '129a', 7256, 259722.21, 450097.15, 23.13);
insert into STATION values (7222, '129b', 7256, 259723.04, 450103.65, 25.26);
insert into STATION values (7223, '129c', 7256, 259727.41, 450103.44, 24.16);
insert into STATION values (7224, '129d', 7256, 259726.88, 450105.99, 25.11);
insert into STATION values (7225, '129e', 7256, 259730.17, 450109.61, 23.96);
insert into STATION values (7226, '129f', 7256, 259731.06, 450110.30, 24.91);
insert into STATION values (7227, '129g', 7256, 259733.57, 450116.99, 24.52);
insert into STATION values (7228, '129h', 7256, 259733.38, 450117.73, 24.87);
insert into STATION values (7229, '129i', 7256, 259734.98, 450122.36, 24.37);
insert into STATION values (7230, '129j', 7256, 259735.03, 450122.60, 24.78);
insert into STATION values (7231, '129k', 7256, 259736.03, 450128.16, 23.95);
insert into STATION values (7232, '129l', 7256, 259736.07, 450129.09, 25.13);
insert into STATION values (7233, '129m', 7256, 259720.54, 450146.48, 22.10);
insert into STATION values (7234, '129n', 7256, 259723.70, 450144.11, 25.02);
insert into STATION values (7235, '129o', 7256, 259719.67, 450132.63, 25.50);
insert into STATION values (7236, '129p', 7256, 259713.66, 450135.90, 20.71);
insert into STATION values (7237, '129q', 7256, 259716.65, 450127.56, 25.03);
insert into STATION values (7238, '129r', 7256, 259711.94, 450129.43, 21.67);
insert into STATION values (7239, '129s', 7256, 259706.45, 450118.88, 22.33);
insert into STATION values (7240, '129t', 7256, 259706.73, 450121.01, 24.91);
insert into STATION values (7241, '129u', 7256, 259698.53, 450116.22, 23.08);
insert into STATION values (7242, '129v', 7256, 259701.68, 450115.25, 24.87);
insert into STATION values (7243, '129w', 7256, 259698.91, 450111.00, 24.99);
insert into STATION values (7244, '129x', 7256, 259694.97, 450110.19, 23.36);
insert into STATION values (7245, '129y', 7256, 259691.25, 450103.75, 25.25);
insert into STATION values (7246, '129z', 7256, 259690.31, 450102.09, 23.67);
insert into STATION values (7247, '129aa', 7256, 259717.39, 450110.70, 19.16);
insert into STATION values (7248, '129ab', 7256, 259731.53, 450126.58, 37.35);
insert into STATION values (7249, '129ac', 7256, 259733.50, 450133.35, 49.80);
insert into STATION values (7250, '129ad', 7256, 259730.21, 450129.99, 35.42);
insert into STATION values (7251, '129ae', 7256, 259733.06, 450143.60, 50.93);
insert into STATION values (7252, '130', 7256, 259734.11, 450136.42, 22.55);
insert into STATION values (7253, '130a', 7256, 259720.47, 450156.92, 24.41);
insert into STATION values (7254, '130b', 7256, 259722.56, 450161.40, 24.34);
insert into STATION values (7255, '130c', 7256, 259709.73, 450126.25, 22.41);
insert into STATION values (7256, '130d', 7256, 259712.13, 450132.07, 21.84);
insert into STATION values (7257, '130e', 7256, 259713.58, 450136.69, 20.98);
insert into STATION values (7258, '130f', 7256, 259717.50, 450140.34, 21.58);
insert into STATION values (7259, '130g', 7256, 259718.81, 450143.90, 22.13);
insert into STATION values (7260, '130h', 7256, 259724.26, 450145.58, 24.99);
insert into STATION values (7261, '130i', 7256, 259721.37, 450142.14, 24.99);
insert into STATION values (7262, '130j', 7256, 259721.13, 450137.39, 25.47);
insert into STATION values (7263, '130k', 7256, 259720.18, 450133.22, 25.48);
insert into STATION values (7264, '130l', 7256, 259718.15, 450129.45, 25.25);
insert into STATION values (7265, '130m', 7256, 259714.65, 450125.14, 25.46);
insert into STATION values (7266, '130n', 7256, 259729.75, 450139.42, 19.19);
insert into STATION values (7267, '130o', 7256, 259732.93, 450117.77, 24.98);
insert into STATION values (7268, '130p', 7256, 259733.44, 450120.33, 24.25);
insert into STATION values (7269, '130q', 7256, 259734.94, 450123.07, 24.87);
insert into STATION values (7270, '130r', 7256, 259734.90, 450123.55, 24.19);
insert into STATION values (7271, '130s', 7256, 259736.27, 450128.50, 24.64);
insert into STATION values (7272, '130t', 7256, 259736.17, 450129.06, 23.90);
insert into STATION values (7273, '130u', 7256, 259736.78, 450130.34, 25.00);
insert into STATION values (7274, '130v', 7256, 259736.88, 450130.12, 24.12);
insert into STATION values (7275, '130w', 7256, 259738.79, 450133.60, 23.89);
insert into STATION values (7276, '130x', 7256, 259739.07, 450133.60, 24.71);
insert into STATION values (7277, '130y', 7256, 259740.70, 450135.97, 24.60);
insert into STATION values (7278, '130z', 7256, 259740.92, 450136.12, 23.81);
insert into STATION values (7279, '130aa', 7256, 259743.57, 450137.64, 25.06);
insert into STATION values (7280, '130ab', 7256, 259743.89, 450136.80, 23.89);
insert into STATION values (7281, '130ac', 7256, 259740.40, 450159.20, 21.79);
insert into STATION values (7282, '130ad', 7256, 259742.48, 450156.34, 25.31);
insert into STATION values (7283, '130ae', 7256, 259745.52, 450160.50, 22.31);
insert into STATION values (7284, '130af', 7256, 259747.56, 450156.81, 25.13);
insert into STATION values (7285, '130ag', 7256, 259749.18, 450160.45, 21.67);
insert into STATION values (7286, '130ah', 7256, 259753.95, 450156.52, 25.17);
insert into STATION values (7287, '130ai', 7256, 259753.37, 450159.68, 22.33);
insert into STATION values (7288, '130aj', 7256, 259757.71, 450159.23, 21.75);
insert into STATION values (7289, '130ak', 7256, 259757.54, 450153.46, 25.36);
insert into STATION values (7290, '130al', 7256, 259765.94, 450158.99, 21.39);
insert into STATION values (7291, '130am', 7256, 259766.25, 450156.87, 25.02);
insert into STATION values (7292, '131', 7256, 259778.08, 450148.49, 21.00);
insert into STATION values (7293, '131a', 7256, 259757.78, 450159.35, 21.66);
insert into STATION values (7294, '131b', 7256, 259764.40, 450160.70, 22.44);
insert into STATION values (7295, '131c', 7256, 259781.33, 450154.04, 22.86);
insert into STATION values (7296, '131d', 7256, 259782.89, 450152.40, 24.45);
insert into STATION values (7297, '131e', 7256, 259777.81, 450153.69, 25.10);
insert into STATION values (7298, '131f', 7256, 259774.56, 450155.03, 25.13);
insert into STATION values (7299, '131g', 7256, 259771.02, 450156.52, 25.26);
insert into STATION values (7300, '131h', 7256, 259767.03, 450157.32, 25.07);
insert into STATION values (7301, '131i', 7256, 259773.26, 450130.60, 23.53);
insert into STATION values (7302, '131j', 7256, 259774.20, 450132.96, 25.24);
insert into STATION values (7303, '131k', 7256, 259770.01, 450132.78, 23.59);
insert into STATION values (7304, '131l', 7256, 259768.90, 450134.86, 25.14);
insert into STATION values (7305, '131m', 7256, 259766.29, 450136.32, 22.00);
insert into STATION values (7306, '131n', 7256, 259768.74, 450134.95, 22.01);
insert into STATION values (7307, '131o', 7256, 259763.50, 450136.71, 22.24);
insert into STATION values (7308, '131p', 7256, 259763.00, 450136.16, 24.90);
insert into STATION values (7309, '131q', 7256, 259759.86, 450136.46, 24.78);
insert into STATION values (7310, '131r', 7256, 259759.30, 450137.31, 22.39);
insert into STATION values (7311, '131s', 7256, 259775.59, 450141.96, 19.06);
insert into STATION values (7312, '132', 7256, 259802.77, 450130.94, 22.97);
insert into STATION values (7313, '132a', 7256, 259784.00, 450123.93, 37.57);
insert into STATION values (7314, '132b', 7256, 259791.32, 450119.16, 37.96);
insert into STATION values (7315, '132c', 7256, 259798.51, 450117.82, 38.78);
insert into STATION values (7316, '132d', 7256, 259806.64, 450117.99, 40.23);
insert into STATION values (7317, '132e', 7256, 259811.69, 450120.93, 40.70);
insert into STATION values (7318, '132f', 7256, 259813.79, 450113.10, 54.91);
insert into STATION values (7319, '132g', 7256, 259804.58, 450111.18, 53.03);
insert into STATION values (7320, '132h', 7256, 259796.33, 450112.71, 51.47);
insert into STATION values (7321, '132i', 7256, 259789.15, 450115.31, 49.68);
insert into STATION values (7322, '132j', 7256, 259779.08, 450120.32, 48.91);
insert into STATION values (7323, '132k', 7256, 259783.10, 450128.28, 25.23);
insert into STATION values (7324, '132l', 7256, 259777.13, 450124.92, 20.27);
insert into STATION values (7325, '132m', 7256, 259781.36, 450119.62, 20.51);
insert into STATION values (7326, '132n', 7256, 259787.25, 450121.88, 25.66);
insert into STATION values (7327, '132o', 7256, 259784.63, 450114.05, 21.19);
insert into STATION values (7328, '132p', 7256, 259791.86, 450116.61, 25.62);
insert into STATION values (7329, '132q', 7256, 259789.96, 450110.32, 21.03);
insert into STATION values (7330, '132r', 7256, 259800.65, 450114.99, 25.67);
insert into STATION values (7331, '132s', 7256, 259799.83, 450109.51, 20.75);
insert into STATION values (7332, '132t', 7256, 259803.51, 450110.11, 20.45);
insert into STATION values (7333, '132u', 7256, 259805.73, 450115.11, 25.49);
insert into STATION values (7334, '132v', 7256, 259809.74, 450111.62, 20.61);
insert into STATION values (7335, '132w', 7256, 259810.56, 450115.47, 25.52);
insert into STATION values (7336, '132x', 7256, 259814.54, 450112.17, 21.08);
insert into STATION values (7337, '132y', 7256, 259816.38, 450117.14, 25.87);
insert into STATION values (7338, '132z', 7256, 259821.27, 450115.28, 20.73);
insert into STATION values (7339, '132aa', 7256, 259822.92, 450119.59, 26.20);
insert into STATION values (7340, '132ab', 7256, 259825.57, 450117.43, 20.95);
insert into STATION values (7341, '132ac', 7256, 259810.58, 450131.26, 25.87);
insert into STATION values (7342, '132ad', 7256, 259804.78, 450131.08, 26.33);
insert into STATION values (7343, '132ae', 7256, 259804.25, 450131.63, 23.07);
insert into STATION values (7344, '132af', 7256, 259803.17, 450131.62, 25.60);
insert into STATION values (7345, '132ag', 7256, 259803.52, 450132.26, 23.10);
insert into STATION values (7346, '132ah', 7256, 259801.97, 450123.89, 19.45);
insert into STATION values (7347, '133', 7256, 259809.00, 450130.71, 23.61);
insert into STATION values (7348, '134', 7256, 259818.57, 450129.77, 20.69);
insert into STATION values (7349, '134a', 7256, 259834.34, 450124.30, 21.92);
insert into STATION values (7350, '134b', 7256, 259837.87, 450125.12, 24.90);
insert into STATION values (7351, '134c', 7256, 259844.54, 450129.69, 25.55);
insert into STATION values (7352, '134d', 7256, 259843.42, 450129.73, 21.52);
insert into STATION values (7353, '134e', 7256, 259847.60, 450134.70, 28.24);
insert into STATION values (7354, '134f', 7256, 259850.99, 450136.16, 22.10);
insert into STATION values (7355, '134g', 7256, 259859.28, 450143.23, 31.40);
insert into STATION values (7356, '134h', 7256, 259831.94, 450129.27, 42.19);
insert into STATION values (7357, '134i', 7256, 259838.76, 450130.84, 56.15);
insert into STATION values (7358, '134j', 7256, 259843.76, 450135.48, 44.91);
insert into STATION values (7359, '134k', 7256, 259847.11, 450138.10, 51.89);
insert into STATION values (7360, '134l', 7256, 259849.08, 450137.59, 41.30);
insert into STATION values (7361, '134m', 7256, 259857.94, 450143.33, 49.07);
insert into STATION values (7362, '134n', 7256, 259853.31, 450141.60, 41.02);
insert into STATION values (7363, '134o', 7256, 259822.90, 450127.28, 19.40);
insert into STATION values (7364, '135', 7256, 259851.32, 450162.81, 24.26);
insert into STATION values (7365, '135a', 7256, 259911.42, 450158.61, 22.75);
insert into STATION values (7366, '135b', 7256, 259906.21, 450157.91, 25.80);
insert into STATION values (7367, '135c', 7256, 259883.19, 450153.21, 25.57);
insert into STATION values (7368, '135d', 7256, 259883.66, 450152.19, 23.41);
insert into STATION values (7369, '135e', 7256, 259872.19, 450149.19, 25.23);
insert into STATION values (7370, '135f', 7256, 259870.97, 450149.09, 23.24);
insert into STATION values (7371, '135g', 7256, 259855.41, 450141.29, 23.07);
insert into STATION values (7372, '135h', 7256, 259854.64, 450138.83, 26.27);
insert into STATION values (7373, '135i', 7256, 259847.89, 450133.05, 22.49);
insert into STATION values (7374, '135j', 7256, 259847.26, 450133.23, 26.13);
insert into STATION values (7375, '135k', 7256, 259840.60, 450127.49, 22.40);
insert into STATION values (7376, '135l', 7256, 259839.05, 450129.08, 27.15);
insert into STATION values (7377, '135m', 7256, 259833.22, 450147.11, 22.00);
insert into STATION values (7378, '135n', 7256, 259838.42, 450149.86, 25.48);
insert into STATION values (7379, '135o', 7256, 259835.20, 450150.50, 25.06);
insert into STATION values (7380, '135p', 7256, 259837.20, 450152.05, 22.39);
insert into STATION values (7381, '135q', 7256, 259839.47, 450156.49, 24.99);
insert into STATION values (7382, '135r', 7256, 259840.44, 450155.54, 22.68);
insert into STATION values (7383, '135s', 7256, 259851.01, 450162.69, 24.90);
insert into STATION values (7384, '135t', 7256, 259850.93, 450162.46, 23.30);
insert into STATION values (7385, '135u', 7256, 259855.87, 450161.86, 22.54);
insert into STATION values (7386, '135v', 7256, 259862.04, 450156.58, 19.80);
insert into STATION values (7387, '135w', 7256, 259859.27, 450165.49, 24.93);
insert into STATION values (7388, '135x', 7256, 259863.45, 450165.57, 22.70);
insert into STATION values (7389, '135y', 7256, 259873.16, 450168.64, 22.73);
insert into STATION values (7390, '135z', 7256, 259871.23, 450166.96, 25.24);
insert into STATION values (7391, '136', 7256, 259899.24, 450170.50, 20.61);
insert into STATION values (7392, '136a', 7256, 259863.38, 450167.30, 23.72);
insert into STATION values (7393, '136b', 7256, 259863.76, 450165.16, 25.44);
insert into STATION values (7394, '136c', 7256, 259878.99, 450169.48, 25.50);
insert into STATION values (7395, '136d', 7256, 259875.63, 450170.97, 23.64);
insert into STATION values (7396, '136e', 7256, 259886.97, 450174.14, 23.63);
insert into STATION values (7397, '136f', 7256, 259888.66, 450172.72, 25.59);
insert into STATION values (7398, '136g', 7256, 259894.33, 450174.38, 25.73);
insert into STATION values (7399, '136h', 7256, 259892.52, 450176.41, 23.98);
insert into STATION values (7400, '136i', 7256, 259898.45, 450177.65, 23.33);
insert into STATION values (7401, '136j', 7256, 259899.42, 450175.95, 26.00);
insert into STATION values (7402, '136k', 7256, 259905.04, 450178.14, 26.22);
insert into STATION values (7403, '136l', 7256, 259905.32, 450179.74, 22.85);
insert into STATION values (7404, '136m', 7256, 259910.61, 450181.12, 23.13);
insert into STATION values (7405, '136n', 7256, 259912.19, 450180.44, 26.19);
insert into STATION values (7406, '136o', 7256, 259921.52, 450183.67, 23.98);
insert into STATION values (7407, '136p', 7256, 259921.32, 450182.17, 25.91);
insert into STATION values (7408, '136q', 7256, 259927.76, 450184.22, 23.94);
insert into STATION values (7409, '136r', 7256, 259935.58, 450183.50, 27.98);
insert into STATION values (7410, '136s', 7256, 259981.21, 450180.68, 23.74);
insert into STATION values (7411, '136t', 7256, 259969.23, 450178.09, 26.03);
insert into STATION values (7412, '136u', 7256, 259937.83, 450168.69, 25.43);
insert into STATION values (7413, '136v', 7256, 259938.29, 450167.36, 23.44);
insert into STATION values (7414, '136w', 7256, 259925.42, 450163.26, 23.21);
insert into STATION values (7415, '136x', 7256, 259923.63, 450162.75, 25.17);
insert into STATION values (7416, '136y', 7256, 259917.33, 450159.68, 23.25);
insert into STATION values (7417, '136z', 7256, 259914.72, 450159.63, 25.87);
insert into STATION values (7418, '136aa', 7256, 259902.12, 450155.28, 22.76);
insert into STATION values (7419, '136ab', 7256, 259899.20, 450156.28, 25.38);
insert into STATION values (7420, '136ac', 7256, 259892.74, 450154.47, 23.00);
insert into STATION values (7421, '136ad', 7256, 259889.13, 450155.25, 25.60);
insert into STATION values (7422, '136ae', 7256, 259878.05, 450151.01, 23.52);
insert into STATION values (7423, '136af', 7256, 259877.31, 450151.86, 25.23);
insert into STATION values (7424, '136ag', 7256, 259868.75, 450148.20, 23.57);
insert into STATION values (7425, '136ah', 7256, 259869.04, 450149.22, 25.19);
insert into STATION values (7426, '136ai', 7256, 259919.06, 450166.68, 44.05);
insert into STATION values (7427, '136aj', 7256, 259925.48, 450171.43, 49.43);
insert into STATION values (7428, '136ak', 7256, 259928.87, 450173.40, 44.45);
insert into STATION values (7429, '136al', 7256, 259939.14, 450178.69, 49.45);
insert into STATION values (7430, '136am', 7256, 259939.73, 450176.78, 46.00);
insert into STATION values (7431, '136an', 7256, 259950.07, 450182.02, 49.29);
insert into STATION values (7432, '136ao', 7256, 259950.59, 450179.51, 47.75);
insert into STATION values (7433, '136ap', 7256, 259931.59, 450185.29, 40.84);
insert into STATION values (7434, '136aq', 7256, 259941.28, 450188.71, 55.27);
insert into STATION values (7435, '136ar', 7256, 259923.02, 450185.27, 38.86);
insert into STATION values (7436, '136as', 7256, 259925.41, 450179.12, 55.72);
insert into STATION values (7437, '136at', 7256, 259912.97, 450182.69, 36.43);
insert into STATION values (7438, '136au', 7256, 259914.84, 450183.68, 50.68);
insert into STATION values (7439, '136av', 7256, 259903.68, 450177.11, 32.20);
insert into STATION values (7440, '136aw', 7256, 259892.93, 450172.71, 29.57);
insert into STATION values (7441, '136ax', 7256, 259873.37, 450173.06, 48.62);
insert into STATION values (7442, '136ay', 7256, 259882.77, 450169.94, 31.33);
insert into STATION values (7443, '136az', 7256, 259856.44, 450167.06, 50.16);
insert into STATION values (7444, '136ba', 7256, 259876.87, 450168.14, 32.27);
insert into STATION values (7445, '136bb', 7256, 259843.19, 450163.31, 49.87);
insert into STATION values (7446, '136bc', 7256, 259897.73, 450168.90, 19.88);
insert into STATION values (7447, '137', 7256, 259969.96, 450177.09, 22.31);
insert into STATION values (7448, '137a', 7256, 259928.33, 450182.76, 26.97);
insert into STATION values (7449, '137b', 7256, 259941.92, 450185.65, 27.73);
insert into STATION values (7450, '137c', 7256, 259939.51, 450187.54, 24.00);
insert into STATION values (7451, '137d', 7256, 259952.16, 450189.52, 23.57);
insert into STATION values (7452, '137e', 7256, 259956.19, 450189.13, 26.82);
insert into STATION values (7453, '137f', 7256, 259959.41, 450190.74, 22.87);
insert into STATION values (7454, '137g', 7256, 259960.56, 450191.27, 25.91);
insert into STATION values (7455, '137h', 7256, 259963.78, 450192.78, 22.71);
insert into STATION values (7456, '137i', 7256, 259963.94, 450192.13, 26.37);
insert into STATION values (7457, '137j', 7256, 259968.10, 450195.17, 22.60);
insert into STATION values (7458, '137k', 7256, 259968.82, 450193.32, 25.56);
insert into STATION values (7459, '137l', 7256, 259969.37, 450196.33, 22.71);
insert into STATION values (7460, '137m', 7256, 259970.43, 450194.31, 25.70);
insert into STATION values (7461, '137n', 7256, 259973.89, 450200.39, 23.11);
insert into STATION values (7462, '137o', 7256, 259978.24, 450198.38, 25.81);
insert into STATION values (7463, '137p', 7256, 259981.56, 450208.34, 22.25);
insert into STATION values (7464, '137q', 7256, 259985.26, 450205.82, 25.76);
insert into STATION values (7465, '137r', 7256, 259990.81, 450217.60, 22.55);
insert into STATION values (7466, '137s', 7256, 259999.10, 450194.96, 25.42);
insert into STATION values (7467, '137t', 7256, 259984.66, 450185.28, 26.52);
insert into STATION values (7468, '137u', 7256, 259973.36, 450179.94, 25.82);
insert into STATION values (7469, '137v', 7256, 259980.64, 450180.79, 23.54);
insert into STATION values (7470, '137w', 7256, 259972.50, 450176.70, 23.06);
insert into STATION values (7471, '137x', 7256, 259970.62, 450177.69, 26.03);
insert into STATION values (7472, '137y', 7256, 259970.71, 450174.48, 23.23);
insert into STATION values (7473, '137z', 7256, 259967.76, 450175.76, 25.73);
insert into STATION values (7474, '137aa', 7256, 259966.56, 450173.09, 22.68);
insert into STATION values (7475, '137ab', 7256, 259962.70, 450174.81, 25.14);
insert into STATION values (7476, '137ac', 7256, 259955.77, 450172.44, 22.46);
insert into STATION values (7477, '137ad', 7256, 259949.20, 450172.65, 25.49);
insert into STATION values (7478, '137ae', 7256, 259967.07, 450176.42, 20.06);
insert into STATION values (7479, '138', 7256, 260003.68, 450217.54, 22.95);
insert into STATION values (7480, '138a', 7256, 259955.31, 450173.48, 21.85);
insert into STATION values (7481, '138b', 7256, 259953.71, 450174.55, 25.49);
insert into STATION values (7482, '138c', 7256, 259967.04, 450177.67, 25.98);
insert into STATION values (7483, '138d', 7256, 259973.78, 450179.48, 21.76);
insert into STATION values (7484, '138e', 7256, 259980.05, 450183.80, 26.09);
insert into STATION values (7485, '138f', 7256, 259998.65, 450195.22, 28.24);
insert into STATION values (7486, '138g', 7256, 260001.08, 450199.09, 24.35);
insert into STATION values (7487, '138h', 7256, 260010.23, 450200.16, 24.03);
insert into STATION values (7488, '138i', 7256, 260011.98, 450199.90, 25.59);
insert into STATION values (7489, '138j', 7256, 260014.18, 450199.97, 23.43);
insert into STATION values (7490, '138k', 7256, 260016.59, 450196.86, 25.42);
insert into STATION values (7491, '138l', 7256, 260018.02, 450196.43, 23.79);
insert into STATION values (7492, '138m', 7256, 260018.25, 450197.19, 25.63);
insert into STATION values (7493, '138n', 7256, 260033.34, 450202.92, 41.20);
insert into STATION values (7494, '138o', 7256, 260041.38, 450200.18, 48.00);
insert into STATION values (7495, '138p', 7256, 260033.51, 450199.52, 49.07);
insert into STATION values (7496, '138q', 7256, 260027.50, 450202.04, 43.19);
insert into STATION values (7497, '138r', 7256, 260021.55, 450200.44, 43.97);
insert into STATION values (7498, '138s', 7256, 260022.68, 450197.51, 49.42);
insert into STATION values (7499, '138t', 7256, 260010.80, 450199.71, 44.39);
insert into STATION values (7500, '138u', 7256, 260011.80, 450198.16, 49.93);
insert into STATION values (7501, '138v', 7256, 260007.66, 450197.59, 49.98);
insert into STATION values (7502, '138w', 7256, 260006.42, 450198.90, 44.93);
insert into STATION values (7503, '138x', 7256, 260003.53, 450198.04, 44.94);
insert into STATION values (7504, '138y', 7256, 260002.36, 450195.86, 49.57);
insert into STATION values (7505, '138z', 7256, 259996.80, 450194.78, 49.48);
insert into STATION values (7506, '138aa', 7256, 259997.60, 450197.74, 44.76);
insert into STATION values (7507, '138ab', 7256, 259984.02, 450201.64, 25.89);
insert into STATION values (7508, '138ac', 7256, 259972.17, 450195.70, 25.69);
insert into STATION values (7509, '138ad', 7256, 259967.81, 450196.36, 23.03);
insert into STATION values (7510, '138ae', 7256, 259977.65, 450204.23, 22.82);
insert into STATION values (7511, '138af', 7256, 259982.81, 450210.38, 23.05);
insert into STATION values (7512, '138ag', 7256, 259983.95, 450210.82, 21.75);
insert into STATION values (7513, '138ah', 7256, 259988.34, 450214.68, 21.97);
insert into STATION values (7514, '138ai', 7256, 259993.18, 450215.92, 25.62);
insert into STATION values (7515, '138aj', 7256, 259995.33, 450220.16, 25.10);
insert into STATION values (7516, '138ak', 7256, 259993.23, 450220.12, 23.46);
insert into STATION values (7517, '138al', 7256, 259995.80, 450213.65, 26.18);
insert into STATION values (7518, '138am', 7256, 259999.28, 450218.93, 22.64);
insert into STATION values (7519, '138an', 7256, 260002.54, 450220.50, 22.88);
insert into STATION values (7520, '138ao', 7256, 260002.31, 450216.46, 26.23);
insert into STATION values (7521, '138ap', 7256, 260006.89, 450219.15, 25.51);
insert into STATION values (7522, '138aq', 7256, 260010.40, 450222.17, 23.74);
insert into STATION values (7523, '138ar', 7256, 260014.23, 450221.67, 23.73);
insert into STATION values (7524, '138as', 7256, 260017.17, 450217.78, 26.18);
insert into STATION values (7525, '138at', 7256, 260001.42, 450211.23, 20.08);
insert into STATION values (7526, '139', 7256, 260036.17, 450210.13, 23.91);
insert into STATION values (7527, '139a', 7256, 260059.53, 450190.93, 23.15);
insert into STATION values (7528, '139b', 7256, 260049.87, 450199.91, 27.36);
insert into STATION values (7529, '139c', 7256, 260045.35, 450198.76, 26.48);
insert into STATION values (7530, '139d', 7256, 260048.45, 450192.56, 22.46);
insert into STATION values (7531, '139e', 7256, 260036.15, 450196.93, 25.61);
insert into STATION values (7532, '139f', 7256, 260026.40, 450197.59, 24.15);
insert into STATION values (7533, '139g', 7256, 260026.66, 450198.33, 25.31);
insert into STATION values (7534, '139h', 7256, 260023.60, 450198.41, 25.50);
insert into STATION values (7535, '139i', 7256, 260023.39, 450197.41, 24.44);
insert into STATION values (7536, '139j', 7256, 260017.72, 450197.33, 25.28);
insert into STATION values (7537, '139k', 7256, 260017.86, 450197.01, 23.32);
insert into STATION values (7538, '139l', 7256, 260013.87, 450198.12, 25.10);
insert into STATION values (7539, '139m', 7256, 260014.10, 450197.82, 23.52);
insert into STATION values (7540, '139n', 7256, 260037.27, 450218.46, 24.80);
insert into STATION values (7541, '139o', 7256, 260037.46, 450215.61, 26.27);
insert into STATION values (7542, '139p', 7256, 260032.53, 450216.27, 26.62);
insert into STATION values (7543, '139q', 7256, 260030.33, 450219.87, 24.59);
insert into STATION values (7544, '139r', 7256, 260026.84, 450220.77, 24.04);
insert into STATION values (7545, '139s', 7256, 260027.82, 450217.45, 26.15);
insert into STATION values (7546, '139t', 7256, 260021.95, 450221.28, 23.85);
insert into STATION values (7547, '139u', 7256, 260025.46, 450217.92, 25.64);
insert into STATION values (7548, '139v', 7256, 260013.58, 450199.02, 50.44);
insert into STATION values (7549, '139w', 7256, 260027.12, 450202.44, 41.78);
insert into STATION values (7550, '139x', 7256, 260022.90, 450200.43, 49.87);
insert into STATION values (7551, '139y', 7256, 260032.54, 450203.51, 41.37);
insert into STATION values (7552, '139z', 7256, 260032.72, 450201.09, 49.10);
insert into STATION values (7553, '139aa', 7256, 260044.49, 450204.03, 38.51);
insert into STATION values (7554, '139ab', 7256, 260051.37, 450201.33, 46.30);
insert into STATION values (7555, '139ac', 7256, 260061.38, 450201.98, 49.51);
insert into STATION values (7556, '139ad', 7256, 260051.86, 450204.56, 36.37);
insert into STATION values (7557, '139ae', 7256, 260047.55, 450204.10, 20.20);
insert into STATION values (7558, '140', 7256, 260086.89, 450203.07, 22.75);
insert into STATION values (7559, '140a', 7256, 260064.40, 450213.40, 23.89);
insert into STATION values (7560, '140b', 7256, 260071.89, 450211.26, 25.86);
insert into STATION values (7561, '140c', 7256, 260080.94, 450215.62, 26.08);
insert into STATION values (7562, '140d', 7256, 260078.25, 450220.85, 22.84);
insert into STATION values (7563, '140e', 7256, 260081.71, 450223.35, 21.63);
insert into STATION values (7564, '140f', 7256, 260085.55, 450218.25, 25.90);
insert into STATION values (7565, '140g', 7256, 260089.77, 450226.32, 21.14);
insert into STATION values (7566, '140h', 7256, 260090.39, 450219.36, 25.83);
insert into STATION values (7567, '140i', 7256, 260095.59, 450228.75, 20.99);
insert into STATION values (7568, '140j', 7256, 260095.45, 450221.63, 26.19);
insert into STATION values (7569, '140k', 7256, 260031.35, 450195.76, 22.88);
insert into STATION values (7570, '140l', 7256, 260053.68, 450199.75, 26.94);
insert into STATION values (7571, '140m', 7256, 260064.56, 450195.00, 26.23);
insert into STATION values (7572, '140n', 7256, 260054.65, 450191.63, 22.47);
insert into STATION values (7573, '140o', 7256, 260066.70, 450188.46, 25.24);
insert into STATION values (7574, '140p', 7256, 260067.85, 450189.54, 23.77);
insert into STATION values (7575, '140q', 7256, 260059.38, 450202.76, 36.25);
insert into STATION values (7576, '140r', 7256, 260054.36, 450199.03, 45.95);
insert into STATION values (7577, '140s', 7256, 260066.29, 450193.01, 35.46);
insert into STATION values (7578, '140t', 7256, 260054.99, 450184.95, 48.49);
insert into STATION values (7579, '140u', 7256, 260081.21, 450197.91, 33.98);
insert into STATION values (7580, '140v', 7256, 260090.55, 450198.29, 29.07);
insert into STATION values (7581, '140w', 7256, 260091.50, 450196.92, 38.24);
insert into STATION values (7582, '140x', 7256, 260076.90, 450194.46, 49.54);
insert into STATION values (7583, '140y', 7256, 260099.70, 450198.51, 24.32);
insert into STATION values (7584, '140z', 7256, 260104.78, 450197.61, 28.41);
insert into STATION values (7585, '140aa', 7256, 260108.89, 450198.54, 27.25);
insert into STATION values (7586, '141', 7256, 260133.77, 450216.55, 21.80);
insert into STATION values (7587, '141a', 7256, 260133.71, 450216.49, 20.66);
insert into STATION values (7588, '141b', 7256, 260113.91, 450199.98, 21.60);
insert into STATION values (7589, '141c', 7256, 260113.41, 450197.87, 25.46);
insert into STATION values (7590, '141d', 7256, 260114.09, 450191.07, 25.49);
insert into STATION values (7591, '141e', 7256, 260112.76, 450189.24, 20.98);
insert into STATION values (7592, '141f', 7256, 260113.67, 450183.19, 25.90);
insert into STATION values (7593, '141g', 7256, 260109.06, 450175.87, 22.14);
insert into STATION values (7594, '141h', 7256, 260113.53, 450175.08, 26.42);
insert into STATION values (7595, '141i', 7256, 260139.88, 450210.34, 24.18);
insert into STATION values (7596, '141j', 7256, 260138.19, 450209.04, 25.49);
insert into STATION values (7597, '141k', 7256, 260138.82, 450206.88, 23.68);
insert into STATION values (7598, '141l', 7256, 260137.90, 450204.42, 25.58);
insert into STATION values (7599, '141m', 7256, 260139.77, 450203.16, 23.71);
insert into STATION values (7600, '141n', 7256, 260137.17, 450196.49, 26.23);
insert into STATION values (7601, '141o', 7256, 260139.67, 450194.83, 23.26);
insert into STATION values (7602, '142', 7256, 260135.10, 450177.95, 23.43);
insert into STATION values (7603, '142a', 7256, 260129.83, 450177.77, 20.99);
insert into STATION values (7604, '142b', 7256, 260100.57, 450148.23, 25.42);
insert into STATION values (7605, '142c', 7256, 260109.89, 450168.79, 25.54);
insert into STATION values (7606, '142d', 7256, 260110.34, 450179.55, 21.26);
insert into STATION values (7607, '142e', 7256, 260112.63, 450179.66, 25.26);
insert into STATION values (7608, '142f', 7256, 260114.09, 450188.55, 25.47);
insert into STATION values (7609, '142g', 7256, 260112.05, 450192.25, 20.97);
insert into STATION values (7610, '142h', 7256, 260113.38, 450196.14, 24.88);
insert into STATION values (7611, '142i', 7256, 260112.02, 450197.59, 21.92);
insert into STATION values (7612, '142j', 7256, 260115.16, 450193.92, 27.10);
insert into STATION values (7613, '142k', 7256, 260118.46, 450186.55, 31.78);
insert into STATION values (7614, '142l', 7256, 260116.71, 450194.01, 33.58);
insert into STATION values (7615, '142m', 7256, 260113.17, 450200.74, 30.70);
insert into STATION values (7616, '142n', 7256, 260114.76, 450200.51, 36.48);
insert into STATION values (7617, '143', 7256, 260111.40, 450135.27, 23.94);
insert into STATION values (7618, '143a', 7256, 260115.46, 450140.74, 20.69);
insert into STATION values (7619, '143b', 7256, 260110.51, 450183.08, 22.18);
insert into STATION values (7620, '143c', 7256, 260111.08, 450150.71, 24.71);
insert into STATION values (7621, '143d', 7256, 260106.40, 450158.48, 26.32);
insert into STATION values (7622, '143e', 7256, 260102.55, 450157.49, 22.25);
insert into STATION values (7623, '143f', 7256, 260098.17, 450150.68, 22.86);
insert into STATION values (7624, '143g', 7256, 260100.64, 450143.83, 26.46);
insert into STATION values (7625, '143h', 7256, 260093.26, 450143.85, 24.22);
insert into STATION values (7626, '143i', 7256, 260098.79, 450140.68, 26.08);
insert into STATION values (7627, '143j', 7256, 260087.67, 450124.66, 22.77);
insert into STATION values (7628, '143k', 7256, 260095.16, 450123.74, 26.64);
insert into STATION values (7629, '143l', 7256, 260085.89, 450114.17, 22.75);
insert into STATION values (7630, '143m', 7256, 260086.02, 450104.10, 22.69);
insert into STATION values (7631, '143n', 7256, 260094.49, 450107.58, 27.79);
insert into STATION values (7632, '143o', 7256, 260087.78, 450094.06, 23.55);
insert into STATION values (7633, '143p', 7256, 260092.95, 450100.38, 27.02);
insert into STATION values (7634, '144', 7256, 260107.19, 450120.53, 23.79);
insert into STATION values (7635, '144a', 7256, 260103.17, 450122.66, 20.59);
insert into STATION values (7636, '144b', 7256, 260093.24, 450136.32, 21.76);
insert into STATION values (7637, '144c', 7256, 260095.80, 450133.08, 26.23);
insert into STATION values (7638, '144d', 7256, 260088.37, 450127.80, 21.25);
insert into STATION values (7639, '144e', 7256, 260094.46, 450123.53, 26.25);
insert into STATION values (7640, '144f', 7256, 260086.83, 450119.05, 22.26);
insert into STATION values (7641, '144g', 7256, 260095.54, 450118.30, 27.36);
insert into STATION values (7642, '144h', 7256, 260086.40, 450104.29, 22.01);
insert into STATION values (7643, '144i', 7256, 260094.11, 450109.82, 27.13);
insert into STATION values (7644, '0', 7260, 259159.75, 449129.15, 20.09);
insert into STATION values (7645, '1', 7260, 259164.00, 449125.00, 20.00);
insert into STATION values (7646, '2', 7260, 259155.70, 449136.33, 21.67);
insert into STATION values (7647, '3', 7260, 259154.65, 449141.04, 20.40);
insert into STATION values (7648, '4', 7260, 259153.29, 449147.58, 19.86);
insert into STATION values (7649, '5', 7260, 259156.04, 449154.39, 19.70);
insert into STATION values (7650, '6', 7260, 259159.56, 449162.15, 19.95);
insert into STATION values (7651, '7', 7260, 259162.39, 449173.34, 20.42);
insert into STATION values (7652, '8', 7260, 259165.43, 449179.74, 20.24);
insert into STATION values (7653, '9', 7260, 259166.09, 449187.60, 20.60);
insert into STATION values (7654, '10', 7260, 259165.97, 449196.95, 20.49);
insert into STATION values (7655, '11', 7260, 259171.93, 449209.56, 20.04);
insert into STATION values (7656, '12', 7260, 259174.97, 449220.28, 20.54);
insert into STATION values (7657, '13', 7260, 259173.33, 449228.53, 20.21);
insert into STATION values (7658, '14', 7260, 259178.95, 449235.10, 20.71);
insert into STATION values (7659, '15', 7260, 259176.84, 449235.46, 20.47);
insert into STATION values (7660, '16', 7260, 259167.83, 449235.26, 17.13);
insert into STATION values (7661, '17', 7260, 259179.41, 449241.02, 22.64);
insert into STATION values (7662, '18', 7260, 259179.75, 449247.68, 23.65);
insert into STATION values (7663, '19', 7260, 259181.48, 449254.77, 23.97);
insert into STATION values (7664, '20', 7260, 259186.38, 449268.83, 22.02);
insert into STATION values (7665, '21', 7260, 259186.32, 449275.14, 22.26);
insert into STATION values (7666, '22', 7260, 259187.84, 449284.40, 22.06);
insert into STATION values (7667, '23', 7260, 259190.81, 449291.79, 22.11);
insert into STATION values (7668, '24', 7260, 259194.52, 449300.92, 22.42);
insert into STATION values (7669, '25', 7260, 259197.63, 449312.52, 22.73);
insert into STATION values (7670, '26', 7260, 259199.20, 449321.53, 22.99);
insert into STATION values (7671, '27', 7260, 259203.86, 449327.95, 24.09);
insert into STATION values (7672, '28', 7260, 259204.91, 449341.84, 24.27);
insert into STATION values (7673, '29', 7260, 259205.74, 449348.68, 26.98);
insert into STATION values (7674, '30', 7260, 259205.49, 449357.39, 28.84);
insert into STATION values (7675, '31', 7260, 259207.46, 449360.61, 30.53);
insert into STATION values (7676, '32', 7260, 259211.23, 449365.22, 32.32);
insert into STATION values (7677, '33', 7260, 259213.60, 449374.71, 32.66);
insert into STATION values (7678, '34', 7260, 259210.48, 449387.41, 31.64);
insert into STATION values (7679, '35', 7260, 259210.78, 449400.86, 33.91);
insert into STATION values (7680, '37', 7260, 259210.02, 449413.67, 35.45);
insert into STATION values (7681, '38', 7260, 259215.53, 449424.03, 35.58);
insert into STATION values (7682, '39', 7260, 259222.26, 449431.12, 36.10);
insert into STATION values (7683, '40', 7260, 259230.08, 449439.70, 35.78);
insert into STATION values (7684, '41', 7260, 259235.60, 449447.62, 35.87);
insert into STATION values (7685, '42', 7260, 259238.20, 449451.93, 36.02);
insert into STATION values (7686, '43', 7260, 259242.06, 449458.80, 36.38);
insert into STATION values (7687, '44', 7260, 259244.09, 449466.62, 36.59);
insert into STATION values (7688, '45', 7260, 259248.38, 449475.64, 35.24);
insert into STATION values (7689, '46', 7260, 259248.05, 449481.94, 32.50);
insert into STATION values (7690, '47', 7260, 259249.55, 449486.12, 30.97);
insert into STATION values (7691, '48', 7260, 259249.15, 449490.19, 28.96);
insert into STATION values (7692, '49', 7260, 259250.12, 449492.75, 26.67);
insert into STATION values (7693, '50', 7260, 259254.66, 449496.76, 26.59);
insert into STATION values (7694, '51', 7260, 259257.89, 449502.43, 25.08);
insert into STATION values (7695, '52', 7260, 259260.17, 449508.31, 24.22);
insert into STATION values (7696, '53', 7260, 259262.35, 449510.82, 24.45);
insert into STATION values (7697, '54', 7260, 259262.69, 449515.53, 21.02);
insert into STATION values (7698, '55', 7260, 259263.91, 449521.46, 20.52);
insert into STATION values (7699, '56', 7260, 259270.39, 449527.48, 20.27);
insert into STATION values (7700, '57', 7260, 259275.13, 449542.31, 20.19);
insert into STATION values (7701, '58', 7260, 259281.64, 449552.84, 20.65);
insert into STATION values (7702, '59', 7260, 259290.63, 449561.78, 21.35);
insert into STATION values (7703, '60', 7260, 259295.67, 449573.12, 21.29);
insert into STATION values (7704, '100', 7260, 259294.69, 449577.38, 20.76);
insert into STATION values (7705, '101', 7260, 259288.58, 449583.00, 16.66);
insert into STATION values (7706, '61', 7260, 259305.38, 449580.54, 20.86);
insert into STATION values (7707, '62', 7260, 259310.80, 449586.62, 23.89);
insert into STATION values (7708, '63', 7260, 259320.59, 449586.28, 28.29);
insert into STATION values (7709, '64', 7260, 259320.88, 449593.69, 32.07);
insert into STATION values (7710, '65', 7260, 259323.98, 449599.59, 36.45);
insert into STATION values (7711, '66', 7260, 259334.24, 449602.20, 44.26);
insert into STATION values (7712, '67', 7260, 259336.03, 449609.83, 48.53);
insert into STATION values (7713, '68', 7260, 259344.12, 449603.68, 53.30);
insert into STATION values (7714, '69', 7260, 259346.91, 449595.15, 57.95);
insert into STATION values (7715, '70', 7260, 259348.42, 449601.05, 58.44);
insert into STATION values (7716, '71', 7260, 259349.10, 449605.21, 57.49);
insert into STATION values (7717, '0', 7267, 259722.48, 448909.15, 127.95);
insert into STATION values (7718, '0a', 7267, 259726.09, 448908.92, 127.77);
insert into STATION values (7719, '0b', 7267, 259723.06, 448907.88, 127.93);
insert into STATION values (7720, '0c', 7267, 259721.11, 448906.33, 127.73);
insert into STATION values (7721, '0d', 7267, 259717.16, 448907.56, 128.01);
insert into STATION values (7722, '0e', 7267, 259718.76, 448909.25, 128.08);
insert into STATION values (7723, '0f', 7267, 259720.39, 448910.13, 128.05);
insert into STATION values (7724, '0g', 7267, 259724.85, 448910.93, 128.22);
insert into STATION values (7725, '0h', 7267, 259723.37, 448911.44, 128.21);
insert into STATION values (7726, '0i', 7267, 259725.79, 448911.51, 130.53);
insert into STATION values (7727, '0j', 7267, 259724.09, 448913.55, 133.17);
insert into STATION values (7728, '0k', 7267, 259725.86, 448913.70, 135.05);
insert into STATION values (7729, '0l', 7267, 259724.70, 448899.47, 119.18);
insert into STATION values (7730, '0m', 7267, 259722.40, 448903.91, 123.18);
insert into STATION values (7731, '0n', 7267, 259726.14, 448902.53, 121.68);
insert into STATION values (7732, '0o', 7267, 259728.10, 448905.77, 123.55);
insert into STATION values (7733, '0p', 7267, 259720.93, 448905.35, 126.01);
insert into STATION values (7734, '1', 7267, 259720.85, 448904.58, 124.03);
insert into STATION values (7735, '1a', 7267, 259720.89, 448903.58, 123.66);
insert into STATION values (7736, '1b', 7267, 259720.69, 448905.79, 123.97);
insert into STATION values (7737, '1c', 7267, 259720.63, 448904.71, 125.10);
insert into STATION values (7738, '1d', 7267, 259720.41, 448903.98, 122.95);
insert into STATION values (7739, '2', 7267, 259716.49, 448903.47, 121.93);
insert into STATION values (7740, '2a', 7267, 259716.58, 448904.09, 121.85);
insert into STATION values (7741, '2b', 7267, 259716.48, 448903.12, 122.05);
insert into STATION values (7742, '2c', 7267, 259716.74, 448903.80, 123.38);
insert into STATION values (7743, '2d', 7267, 259716.12, 448903.78, 122.65);
insert into STATION values (7744, '2e', 7267, 259715.94, 448903.01, 119.17);
insert into STATION values (7745, '3', 7267, 259714.27, 448903.92, 121.12);
insert into STATION values (7746, '3a', 7267, 259713.93, 448902.46, 121.05);
insert into STATION values (7747, '3b', 7267, 259714.25, 448903.58, 122.39);
insert into STATION values (7748, '3c', 7267, 259714.24, 448903.62, 119.76);
insert into STATION values (7749, '3d', 7267, 259714.17, 448904.25, 121.13);
insert into STATION values (7750, '4', 7267, 259714.39, 448897.08, 113.93);
insert into STATION values (7751, '4a', 7267, 259713.05, 448898.73, 116.98);
insert into STATION values (7752, '4b', 7267, 259713.60, 448900.44, 118.56);
insert into STATION values (7753, '4c', 7267, 259712.94, 448903.31, 121.80);
insert into STATION values (7754, '4d', 7267, 259713.89, 448903.71, 121.23);
insert into STATION values (7755, '4e', 7267, 259713.29, 448897.42, 114.85);
insert into STATION values (7756, '4f', 7267, 259717.94, 448901.13, 117.72);
insert into STATION values (7757, '4g', 7267, 259718.23, 448898.84, 115.17);
insert into STATION values (7758, '4h', 7267, 259720.34, 448898.66, 116.06);
insert into STATION values (7759, '4i', 7267, 259719.92, 448897.04, 114.52);
insert into STATION values (7760, '4j', 7267, 259720.27, 448898.62, 110.70);
insert into STATION values (7761, '4k', 7267, 259720.79, 448893.86, 111.34);
insert into STATION values (7762, '4l', 7267, 259721.69, 448899.52, 109.44);
insert into STATION values (7763, '5', 7267, 259717.96, 448893.11, 110.05);
insert into STATION values (7764, '5a', 7267, 259721.61, 448893.43, 111.44);
insert into STATION values (7765, '5b', 7267, 259718.06, 448893.08, 111.59);
insert into STATION values (7766, '5c', 7267, 259713.03, 448892.48, 110.11);
insert into STATION values (7767, '5d', 7267, 259718.17, 448892.20, 108.53);
insert into STATION values (7768, '5e', 7267, 259721.54, 448898.75, 117.95);
insert into STATION values (7769, '5f', 7267, 259713.63, 448898.22, 114.60);
insert into STATION values (7770, '5g', 7267, 259714.11, 448894.66, 111.56);
insert into STATION values (7771, '5h', 7267, 259713.95, 448891.35, 109.47);
insert into STATION values (7772, '5i', 7267, 259714.04, 448889.77, 108.25);
insert into STATION values (7773, '5j', 7267, 259719.84, 448890.73, 108.83);
insert into STATION values (7774, '5k', 7267, 259721.67, 448891.70, 109.76);
insert into STATION values (7775, '5l', 7267, 259718.24, 448886.96, 105.48);
insert into STATION values (7776, '5m', 7267, 259718.00, 448888.71, 106.81);
insert into STATION values (7777, '5n', 7267, 259718.17, 448886.94, 105.48);
insert into STATION values (7778, '6', 7267, 259711.27, 448893.46, 110.55);
insert into STATION values (7779, '6a', 7267, 259711.20, 448891.96, 109.89);
insert into STATION values (7780, '6b', 7267, 259711.49, 448893.19, 109.28);
insert into STATION values (7781, '6c', 7267, 259711.22, 448893.50, 110.96);
insert into STATION values (7782, '6d', 7267, 259708.44, 448897.55, 112.58);
insert into STATION values (7783, '6e', 7267, 259710.03, 448890.17, 108.94);
insert into STATION values (7784, '6f', 7267, 259708.98, 448891.78, 109.95);
insert into STATION values (7785, '6g', 7267, 259708.25, 448893.41, 111.30);
insert into STATION values (7786, '6h', 7267, 259707.65, 448894.61, 112.10);
insert into STATION values (7787, '6i', 7267, 259706.21, 448897.41, 112.51);
insert into STATION values (7788, '6j', 7267, 259708.81, 448898.00, 112.88);
insert into STATION values (7789, '6k', 7267, 259710.47, 448896.12, 112.04);
insert into STATION values (7790, '7', 7267, 259707.59, 448898.03, 112.70);
insert into STATION values (7791, '7a', 7267, 259707.64, 448897.78, 113.36);
insert into STATION values (7792, '7b', 7267, 259705.75, 448897.09, 112.93);
insert into STATION values (7793, '7c', 7267, 259708.31, 448898.43, 112.98);
insert into STATION values (7794, '7d', 7267, 259707.39, 448897.75, 112.30);
insert into STATION values (7795, '7e', 7267, 259705.91, 448900.49, 114.10);
insert into STATION values (7796, '7f', 7267, 259706.88, 448900.66, 114.15);
insert into STATION values (7797, '7g', 7267, 259704.07, 448899.33, 113.31);
insert into STATION values (7798, '8', 7267, 259704.79, 448900.02, 113.84);
insert into STATION values (7799, '8a', 7267, 259707.17, 448900.60, 114.26);
insert into STATION values (7800, '8b', 7267, 259704.89, 448899.96, 114.57);
insert into STATION values (7801, '8c', 7267, 259703.95, 448900.18, 113.00);
insert into STATION values (7802, '8d', 7267, 259703.26, 448899.82, 113.63);
insert into STATION values (7803, '9', 7267, 259701.06, 448900.17, 112.34);
insert into STATION values (7804, '9a', 7267, 259700.40, 448900.62, 112.43);
insert into STATION values (7805, '9b', 7267, 259702.25, 448898.32, 112.13);
insert into STATION values (7806, '9c', 7267, 259701.05, 448900.13, 112.05);
insert into STATION values (7807, '9d', 7267, 259697.80, 448896.59, 109.80);
insert into STATION values (7808, '9e', 7267, 259698.82, 448898.71, 110.93);
insert into STATION values (7809, '9f', 7267, 259701.74, 448901.17, 113.14);
insert into STATION values (7810, '9g', 7267, 259702.24, 448900.94, 113.39);
insert into STATION values (7811, '9h', 7267, 259702.81, 448900.78, 113.50);
insert into STATION values (7812, '9i', 7267, 259701.26, 448900.09, 112.35);
insert into STATION values (7813, '9j', 7267, 259702.87, 448899.84, 113.06);
insert into STATION values (7814, '10', 7267, 259700.35, 448897.10, 110.62);
insert into STATION values (7815, '10a', 7267, 259698.84, 448898.71, 110.97);
insert into STATION values (7816, '10b', 7267, 259700.07, 448897.26, 109.35);
insert into STATION values (7817, '10c', 7267, 259701.06, 448896.47, 110.62);
insert into STATION values (7818, '10d', 7267, 259698.59, 448900.23, 111.94);
insert into STATION values (7819, '10e', 7267, 259698.43, 448900.24, 111.83);
insert into STATION values (7820, '10f', 7267, 259698.74, 448895.30, 110.17);
insert into STATION values (7821, '10g', 7267, 259698.72, 448895.33, 110.21);
insert into STATION values (7822, '11', 7267, 259698.68, 448895.42, 110.16);
insert into STATION values (7823, '12', 7267, 259698.88, 448894.81, 109.93);
insert into STATION values (7824, '1', 7272, 260154.66, 449671.55, 95.35);
insert into STATION values (7825, '2', 7272, 260170.30, 449678.93, 95.37);
insert into STATION values (7826, '-', 7272, 260174.15, 449662.40, 96.53);
insert into STATION values (7827, '-', 7272, 260164.02, 449692.22, 95.42);
insert into STATION values (7828, '-', 7272, 260169.69, 449678.97, 102.07);
insert into STATION values (7829, '-', 7272, 260170.23, 449678.91, 94.72);
insert into STATION values (7830, '3', 7272, 260186.29, 449689.00, 97.66);
insert into STATION values (7831, '-', 7272, 260202.94, 449676.13, 111.11);
insert into STATION values (7832, '-', 7272, 260177.30, 449709.29, 97.46);
insert into STATION values (7833, '-', 7272, 260187.96, 449689.43, 104.98);
insert into STATION values (7834, '-', 7272, 260186.23, 449688.95, 96.44);
insert into STATION values (7835, '4', 7272, 260188.91, 449698.84, 98.14);
insert into STATION values (7836, '5', 7272, 260204.94, 449724.19, 95.99);
insert into STATION values (7837, '-', 7272, 260175.97, 449708.59, 96.86);
insert into STATION values (7838, '-', 7272, 260213.49, 449686.64, 110.01);
insert into STATION values (7839, '-', 7272, 260189.23, 449698.96, 104.44);
insert into STATION values (7840, '-', 7272, 260190.25, 449698.27, 96.49);
insert into STATION values (7841, '-', 7272, 260231.22, 449702.84, 112.35);
insert into STATION values (7842, '-', 7272, 260194.86, 449730.91, 96.43);
insert into STATION values (7843, '-', 7272, 260205.06, 449724.85, 99.71);
insert into STATION values (7844, '-', 7272, 260205.57, 449723.89, 94.33);
insert into STATION values (7845, '6', 7272, 260212.51, 449734.69, 94.83);
insert into STATION values (7846, '-', 7272, 260221.50, 449727.02, 98.97);
insert into STATION values (7847, '-', 7272, 260208.82, 449741.77, 95.74);
insert into STATION values (7848, '-', 7272, 260212.66, 449735.28, 99.39);
insert into STATION values (7849, '-', 7272, 260212.31, 449734.62, 93.97);
insert into STATION values (7850, '-', 7272, 260208.72, 449741.40, 94.87);
insert into STATION values (7851, '-', 7272, 260208.78, 449740.65, 97.56);
insert into STATION values (7852, '-', 7272, 260211.54, 449745.64, 93.40);
insert into STATION values (7853, '-', 7272, 260211.93, 449735.51, 93.94);
insert into STATION values (7854, '-', 7272, 260211.56, 449736.03, 93.95);
insert into STATION values (7855, '-', 7272, 260210.50, 449737.43, 93.26);
insert into STATION values (7856, '-', 7272, 260209.78, 449738.27, 93.23);
insert into STATION values (7857, '-', 7272, 260209.13, 449739.02, 93.29);
insert into STATION values (7858, '-', 7272, 260208.51, 449739.75, 93.32);
insert into STATION values (7859, '-', 7272, 260208.30, 449740.22, 93.92);
insert into STATION values (7860, '-', 7272, 260207.81, 449740.89, 94.33);
insert into STATION values (7861, '-', 7272, 260208.12, 449741.13, 96.20);
insert into STATION values (7862, '-', 7272, 260208.29, 449740.80, 97.26);
insert into STATION values (7863, '-', 7272, 260209.22, 449739.41, 97.79);
insert into STATION values (7864, '-', 7272, 260210.45, 449737.70, 98.36);
insert into STATION values (7865, '-', 7272, 260211.62, 449736.33, 98.52);
insert into STATION values (7866, '-', 7272, 260212.44, 449735.49, 99.24);
insert into STATION values (7867, '-', 7272, 260214.32, 449733.21, 100.04);
insert into STATION values (7868, '-', 7272, 260216.25, 449731.64, 101.33);
insert into STATION values (7869, '-', 7272, 260217.06, 449731.03, 100.57);
insert into STATION values (7870, '-', 7272, 260218.14, 449730.01, 99.90);
insert into STATION values (7871, '-', 7272, 260218.92, 449729.01, 99.90);
insert into STATION values (7872, '-', 7272, 260223.08, 449724.66, 101.14);
insert into STATION values (7873, '-', 7272, 260221.22, 449726.58, 99.28);
insert into STATION values (7874, '-', 7272, 260221.32, 449726.77, 97.74);
insert into STATION values (7875, '-', 7272, 260219.34, 449728.52, 96.59);
insert into STATION values (7876, '-', 7272, 260217.82, 449729.88, 95.52);
insert into STATION values (7877, '-', 7272, 260216.80, 449730.86, 94.63);
insert into STATION values (7878, '-', 7272, 260215.99, 449731.59, 94.03);
insert into STATION values (7879, '-', 7272, 260214.83, 449732.63, 94.03);
insert into STATION values (7880, '-', 7272, 260213.97, 449733.40, 93.95);
insert into STATION values (7881, '-', 7272, 260213.40, 449733.87, 93.94);
insert into STATION values (7882, '-', 7272, 260212.86, 449734.36, 93.91);
insert into STATION values (7883, '-', 7272, 260230.62, 449712.96, 107.55);
insert into STATION values (7884, '-', 7272, 260231.63, 449712.31, 109.25);
insert into STATION values (7885, '7', 7272, 260227.04, 449739.93, 96.45);
insert into STATION values (7886, '-', 7272, 260216.04, 449777.57, 95.91);
insert into STATION values (7887, '-', 7272, 260241.57, 449706.83, 117.15);
insert into STATION values (7888, '-', 7272, 260227.49, 449739.87, 101.40);
insert into STATION values (7889, '-', 7272, 260227.27, 449739.99, 95.60);
insert into STATION values (7890, '8', 7272, 260231.10, 449766.43, 95.05);
insert into STATION values (7891, '-', 7272, 260216.16, 449759.30, 95.97);
insert into STATION values (7892, '-', 7272, 260236.10, 449770.23, 95.40);
insert into STATION values (7893, '-', 7272, 260230.87, 449766.66, 98.46);
insert into STATION values (7894, '-', 7272, 260230.79, 449766.80, 93.82);
insert into STATION values (7895, '9', 7272, 260214.80, 449781.31, 97.72);
insert into STATION values (7896, '-', 7272, 260211.98, 449778.89, 98.07);
insert into STATION values (7897, '-', 7272, 260222.97, 449787.54, 99.14);
insert into STATION values (7898, '-', 7272, 260215.08, 449781.70, 102.80);
insert into STATION values (7899, '-', 7272, 260216.07, 449783.04, 96.53);
insert into STATION values (7900, '10', 7272, 260209.38, 449788.75, 101.93);
insert into STATION values (7901, '-', 7272, 260207.64, 449787.91, 104.19);
insert into STATION values (7902, '-', 7272, 260210.36, 449790.57, 102.08);
insert into STATION values (7903, '-', 7272, 260209.34, 449789.02, 105.88);
insert into STATION values (7904, '-', 7272, 260209.19, 449788.83, 99.95);
insert into STATION values (7905, '11', 7272, 260209.97, 449797.14, 108.20);
insert into STATION values (7906, '-', 7272, 260201.76, 449802.84, 109.41);
insert into STATION values (7907, '-', 7272, 260215.33, 449790.54, 108.84);
insert into STATION values (7908, '-', 7272, 260210.33, 449797.90, 115.63);
insert into STATION values (7909, '-', 7272, 260208.46, 449798.18, 106.53);
insert into STATION values (7910, '12', 7272, 260212.26, 449802.91, 112.58);
insert into STATION values (7911, '-', 7272, 260203.66, 449805.12, 113.03);
insert into STATION values (7912, '-', 7272, 260223.83, 449801.67, 115.57);
insert into STATION values (7913, '-', 7272, 260212.09, 449803.94, 122.26);
insert into STATION values (7914, '-', 7272, 260212.29, 449803.93, 111.58);
insert into STATION values (7915, '-', 7272, 260203.24, 449804.18, 113.88);
insert into STATION values (7916, '-', 7272, 260235.41, 449799.94, 122.68);
insert into STATION values (7917, '-', 7272, 260211.99, 449808.62, 126.59);
insert into STATION values (7918, '-', 7272, 260212.97, 449803.56, 111.61);
insert into STATION values (7919, '13', 7272, 260222.02, 449811.21, 119.54);
insert into STATION values (7920, '-', 7272, 260209.47, 449815.66, 121.34);
insert into STATION values (7921, '-', 7272, 260252.63, 449798.72, 124.13);
insert into STATION values (7922, '-', 7272, 260222.16, 449810.96, 134.53);
insert into STATION values (7923, '-', 7272, 260219.50, 449810.79, 117.53);
insert into STATION values (7924, '-', 7272, 260222.38, 449814.16, 120.54);
insert into STATION values (7925, '14', 7272, 260224.12, 449820.51, 124.61);
insert into STATION values (7926, '-', 7272, 260212.99, 449822.16, 128.75);
insert into STATION values (7927, '-', 7272, 260228.51, 449820.51, 125.18);
insert into STATION values (7928, '-', 7272, 260224.24, 449820.65, 127.41);
insert into STATION values (7929, '-', 7272, 260225.28, 449820.09, 121.67);
insert into STATION values (7930, '15', 7272, 260210.50, 449835.53, 115.03);
insert into STATION values (7931, '-', 7272, 260219.80, 449834.44, 116.31);
insert into STATION values (7932, '-', 7272, 260213.58, 449835.57, 127.44);
insert into STATION values (7933, '-', 7272, 260210.73, 449835.38, 113.67);
insert into STATION values (7934, '16', 7272, 260219.79, 449849.88, 109.74);
insert into STATION values (7935, '-', 7272, 260218.71, 449837.98, 131.14);
insert into STATION values (7936, '-', 7272, 260218.40, 449837.38, 131.02);
insert into STATION values (7937, '-', 7272, 260209.56, 449853.08, 109.72);
insert into STATION values (7938, '-', 7272, 260219.46, 449849.92, 126.67);
insert into STATION values (7939, '-', 7272, 260219.79, 449849.88, 108.11);
insert into STATION values (7940, '17', 7272, 260204.78, 449863.93, 102.34);
insert into STATION values (7941, '-', 7272, 260216.78, 449868.20, 106.06);
insert into STATION values (7942, '-', 7272, 260204.58, 449864.03, 98.75);
insert into STATION values (7943, '-', 7272, 260226.28, 449877.68, 141.80);
insert into STATION values (7944, '-', 7272, 260225.69, 449879.52, 141.31);
insert into STATION values (7945, '-', 7272, 260202.09, 449906.66, 104.36);
insert into STATION values (7946, '18', 7272, 260209.50, 449877.05, 102.17);
insert into STATION values (7947, '19', 7272, 260205.86, 449890.16, 93.43);
insert into STATION values (7948, '-', 7272, 260219.76, 449898.00, 101.91);
insert into STATION values (7949, '-', 7272, 260206.44, 449890.94, 103.81);
insert into STATION values (7950, '-', 7272, 260204.88, 449890.31, 91.68);
insert into STATION values (7951, '-', 7272, 260199.89, 449873.21, 99.83);
insert into STATION values (7952, '20', 7272, 260197.00, 449883.24, 87.14);
insert into STATION values (7953, '-', 7272, 260208.66, 449888.55, 94.01);
insert into STATION values (7954, '-', 7272, 260196.97, 449883.05, 84.56);
insert into STATION values (7955, '-', 7272, 260209.96, 449888.16, 96.01);
insert into STATION values (7956, '-', 7272, 260196.42, 449882.45, 85.17);
insert into STATION values (7957, '-', 7272, 260200.48, 449884.82, 88.59);
insert into STATION values (7958, '-', 7272, 260195.47, 449882.89, 83.11);
insert into STATION values (7959, '21', 7272, 260195.63, 449882.92, 83.40);
insert into STATION values (7960, '-', 7272, 260194.97, 449882.61, 83.40);
insert into STATION values (7961, '-', 7272, 260195.66, 449882.93, 85.05);
insert into STATION values (7962, '-', 7272, 260195.34, 449882.72, 82.80);
insert into STATION values (7963, '-', 7272, 260195.05, 449882.38, 83.48);
insert into STATION values (7964, '-', 7272, 260195.62, 449882.88, 85.04);
insert into STATION values (7965, '-', 7272, 260196.16, 449883.41, 84.26);
insert into STATION values (7966, '-', 7272, 260195.46, 449882.92, 83.00);
insert into STATION values (7967, '22', 7272, 260195.25, 449883.78, 83.27);
insert into STATION values (7968, '-', 7272, 260194.56, 449883.55, 83.23);
insert into STATION values (7969, '-', 7272, 260195.10, 449883.59, 83.72);
insert into STATION values (7970, '-', 7272, 260195.26, 449883.81, 81.94);
insert into STATION values (7971, '23', 7272, 260194.35, 449883.91, 81.89);
insert into STATION values (7972, '-', 7272, 260196.01, 449883.93, 82.57);
insert into STATION values (7973, '-', 7272, 260194.36, 449883.96, 82.21);
insert into STATION values (7974, '-', 7272, 260194.33, 449883.90, 81.17);
insert into STATION values (7975, '24', 7272, 260194.68, 449887.00, 81.68);
insert into STATION values (7976, '-', 7272, 260195.94, 449886.85, 81.82);
insert into STATION values (7977, '-', 7272, 260194.84, 449886.71, 83.10);
insert into STATION values (7978, '-', 7272, 260194.10, 449886.91, 81.69);
insert into STATION values (7979, '-', 7272, 260194.53, 449886.51, 81.12);
insert into STATION values (7980, '25', 7272, 260196.46, 449889.66, 82.23);
insert into STATION values (7981, '-', 7272, 260196.11, 449889.72, 82.24);
insert into STATION values (7982, '-', 7272, 260196.09, 449889.64, 82.66);
insert into STATION values (7983, '-', 7272, 260195.90, 449889.59, 80.94);
insert into STATION values (7984, '26', 7272, 260196.91, 449893.91, 78.02);
insert into STATION values (7985, '-', 7272, 260198.08, 449891.59, 78.42);
insert into STATION values (7986, '-', 7272, 260197.19, 449893.72, 79.72);
insert into STATION values (7987, '-', 7272, 260197.99, 449891.92, 75.83);
insert into STATION values (7988, '27', 7272, 260201.93, 449891.81, 75.49);
insert into STATION values (7989, '-', 7272, 260197.98, 449893.55, 76.17);
insert into STATION values (7990, '-', 7272, 260199.73, 449891.56, 77.33);
insert into STATION values (7991, '-', 7272, 260201.92, 449891.83, 74.06);
insert into STATION values (7992, '-', 7272, 260203.47, 449891.27, 74.87);
insert into STATION values (7993, '28', 7272, 260199.95, 449901.88, 66.85);
insert into STATION values (7994, '-', 7272, 260197.30, 449901.40, 67.05);
insert into STATION values (7995, '-', 7272, 260201.60, 449902.33, 67.65);
insert into STATION values (7996, '-', 7272, 260199.96, 449902.01, 69.12);
insert into STATION values (7997, '-', 7272, 260199.01, 449901.62, 65.63);
insert into STATION values (7998, '-', 7272, 260194.64, 449901.20, 66.22);
insert into STATION values (7999, '-', 7272, 260204.13, 449903.31, 67.97);
insert into STATION values (8000, '-', 7272, 260199.28, 449902.07, 69.25);
insert into STATION values (8001, '-', 7272, 260199.20, 449901.74, 65.23);
insert into STATION values (8002, '29', 7272, 260192.84, 449913.86, 58.34);
insert into STATION values (8003, '30', 7272, 260198.35, 449926.67, 59.83);
insert into STATION values (8004, '-', 7272, 260208.05, 449929.14, 63.30);
insert into STATION values (8005, '-', 7272, 260197.63, 449927.24, 67.91);
insert into STATION values (8006, '-', 7272, 260193.41, 449925.27, 55.33);
insert into STATION values (8007, '-', 7272, 260195.53, 449926.59, 58.06);
insert into STATION values (8008, '-', 7272, 260194.19, 449926.69, 57.85);
insert into STATION values (8009, '-', 7272, 260175.05, 449927.72, 51.58);
insert into STATION values (8010, '-', 7272, 260174.19, 449927.47, 55.27);
insert into STATION values (8011, '-', 7272, 260174.50, 449927.41, 58.42);
insert into STATION values (8012, '-', 7272, 260177.80, 449927.17, 61.02);
insert into STATION values (8013, '-', 7272, 260182.64, 449926.97, 61.68);
insert into STATION values (8014, '-', 7272, 260186.03, 449926.82, 62.66);
insert into STATION values (8015, '-', 7272, 260187.24, 449927.01, 63.62);
insert into STATION values (8016, '-', 7272, 260188.64, 449926.92, 64.40);
insert into STATION values (8017, '-', 7272, 260189.73, 449926.92, 65.10);
insert into STATION values (8018, '-', 7272, 260191.04, 449926.91, 66.31);
insert into STATION values (8019, '-', 7272, 260193.32, 449926.81, 65.99);
insert into STATION values (8020, '-', 7272, 260194.93, 449926.76, 66.08);
insert into STATION values (8021, '-', 7272, 260196.29, 449926.77, 64.60);
insert into STATION values (8022, '-', 7272, 260197.47, 449926.95, 63.97);
insert into STATION values (8023, '-', 7272, 260197.90, 449927.07, 63.03);
insert into STATION values (8024, '-', 7272, 260198.23, 449927.11, 62.34);
insert into STATION values (8025, '-', 7272, 260198.76, 449927.20, 62.02);
insert into STATION values (8026, '-', 7272, 260199.23, 449927.01, 61.61);
insert into STATION values (8027, '-', 7272, 260200.58, 449927.34, 61.91);
insert into STATION values (8028, '-', 7272, 260201.11, 449927.47, 61.62);
insert into STATION values (8029, '-', 7272, 260202.56, 449927.24, 61.15);
insert into STATION values (8030, '-', 7272, 260202.62, 449927.27, 60.21);
insert into STATION values (8031, '-', 7272, 260202.13, 449927.23, 59.20);
insert into STATION values (8032, '-', 7272, 260201.76, 449927.16, 58.68);
insert into STATION values (8033, '-', 7272, 260201.07, 449927.19, 58.60);
insert into STATION values (8034, '-', 7272, 260200.37, 449927.03, 58.20);
insert into STATION values (8035, '-', 7272, 260199.70, 449926.77, 58.10);
insert into STATION values (8036, '-', 7272, 260199.08, 449926.66, 58.18);
insert into STATION values (8037, '31', 7272, 260184.91, 449917.05, 50.66);
insert into STATION values (8038, '-', 7272, 260177.23, 449913.28, 51.19);
insert into STATION values (8039, '-', 7272, 260187.25, 449919.09, 51.31);
insert into STATION values (8040, '-', 7272, 260183.22, 449919.16, 63.99);
insert into STATION values (8041, '-', 7272, 260184.62, 449918.11, 48.70);
insert into STATION values (8042, '-', 7272, 260174.98, 449913.18, 52.21);
insert into STATION values (8043, '-', 7272, 260184.77, 449918.83, 65.87);
insert into STATION values (8044, '-', 7272, 260191.99, 449923.37, 54.59);
insert into STATION values (8045, '-', 7272, 260186.19, 449918.35, 49.10);
insert into STATION values (8046, '32', 7272, 260184.57, 449933.23, 44.86);
insert into STATION values (8047, '-', 7272, 260193.48, 449933.83, 44.74);
insert into STATION values (8048, '-', 7272, 260184.52, 449936.52, 61.79);
insert into STATION values (8049, '-', 7272, 260190.24, 449931.79, 41.35);
insert into STATION values (8050, '-', 7272, 260184.00, 449933.32, 45.01);
insert into STATION values (8051, '33', 7272, 260194.18, 449942.67, 41.87);
insert into STATION values (8052, '-', 7272, 260188.61, 449944.62, 44.56);
insert into STATION values (8053, '-', 7272, 260190.79, 449946.73, 64.44);
insert into STATION values (8054, '-', 7272, 260194.99, 449942.73, 42.15);
insert into STATION values (8055, '-', 7272, 260194.26, 449943.70, 40.30);
insert into STATION values (8056, '-', 7272, 260178.00, 449950.46, 59.15);
insert into STATION values (8057, '-', 7272, 260195.18, 449943.05, 45.51);
insert into STATION values (8058, '-', 7272, 260195.00, 449942.81, 41.97);
insert into STATION values (8059, '-', 7272, 260192.71, 449944.28, 40.25);
insert into STATION values (8060, '34', 7272, 260195.29, 449952.06, 41.54);
insert into STATION values (8061, '-', 7272, 260194.63, 449952.23, 41.81);
insert into STATION values (8062, '-', 7272, 260196.68, 449952.45, 41.90);
insert into STATION values (8063, '-', 7272, 260193.67, 449953.87, 65.84);
insert into STATION values (8064, '-', 7272, 260196.39, 449952.69, 40.49);
insert into STATION values (8065, '-', 7272, 260187.17, 449952.80, 47.64);
insert into STATION values (8066, '-', 7272, 260196.72, 449952.62, 42.84);
insert into STATION values (8067, '-', 7272, 260195.44, 449954.83, 66.66);
insert into STATION values (8068, '-', 7272, 260196.26, 449952.20, 40.61);
insert into STATION values (8069, '35', 7272, 260190.67, 449971.28, 42.10);
insert into STATION values (8070, '-', 7272, 260189.07, 449970.90, 42.41);
insert into STATION values (8071, '-', 7272, 260196.62, 449973.49, 43.03);
insert into STATION values (8072, '-', 7272, 260190.41, 449971.56, 62.12);
insert into STATION values (8073, '-', 7272, 260189.89, 449969.86, 39.63);
insert into STATION values (8074, '-', 7272, 260186.07, 449985.53, 42.99);
insert into STATION values (8075, '36', 7272, 260187.04, 449992.33, 41.20);
insert into STATION values (8076, '-', 7272, 260193.66, 449991.62, 41.90);
insert into STATION values (8077, '-', 7272, 260192.47, 449993.61, 61.34);
insert into STATION values (8078, '-', 7272, 260187.59, 449992.42, 39.27);
insert into STATION values (8079, '-', 7272, 260204.15, 449992.12, 45.95);
insert into STATION values (8080, '-', 7272, 260197.08, 449995.57, 62.01);
insert into STATION values (8081, '-', 7272, 260189.56, 449992.50, 39.52);
insert into STATION values (8082, '37', 7272, 260193.80, 450012.53, 41.91);
insert into STATION values (8083, '-', 7272, 260191.25, 450012.99, 41.88);
insert into STATION values (8084, '-', 7272, 260214.97, 450012.02, 54.18);
insert into STATION values (8085, '-', 7272, 260195.94, 450011.43, 60.99);
insert into STATION values (8086, '-', 7272, 260193.14, 450012.72, 41.02);
insert into STATION values (8087, '38', 7272, 260196.08, 450020.59, 43.19);
insert into STATION values (8088, '-', 7272, 260199.63, 450018.76, 44.01);
insert into STATION values (8089, '-', 7272, 260198.51, 450019.19, 61.07);
insert into STATION values (8090, '-', 7272, 260196.06, 450020.15, 41.42);
insert into STATION values (8091, '-', 7272, 260211.68, 450013.58, 49.75);
insert into STATION values (8092, '-', 7272, 260202.46, 450019.78, 62.85);
insert into STATION values (8093, '-', 7272, 260196.52, 450020.20, 41.62);
insert into STATION values (8094, '39', 7272, 260202.06, 450022.05, 43.98);
insert into STATION values (8095, '-', 7272, 260196.59, 450034.81, 47.80);
insert into STATION values (8096, '-', 7272, 260210.49, 450015.49, 45.80);
insert into STATION values (8097, '-', 7272, 260202.11, 450021.96, 43.01);
insert into STATION values (8098, '-', 7272, 260204.81, 450023.86, 66.25);
insert into STATION values (8099, '-', 7272, 260201.85, 450022.30, 44.09);
insert into STATION values (8100, '-', 7272, 260208.89, 450018.76, 42.67);
insert into STATION values (8101, '-', 7272, 260203.93, 450023.24, 40.90);
insert into STATION values (8102, '-', 7272, 260206.79, 450023.53, 62.98);
insert into STATION values (8103, '40', 7272, 260210.61, 450036.27, 39.10);
insert into STATION values (8104, '-', 7272, 260203.09, 450034.36, 40.53);
insert into STATION values (8105, '-', 7272, 260212.91, 450036.49, 39.12);
insert into STATION values (8106, '-', 7272, 260212.46, 450033.41, 61.60);
insert into STATION values (8107, '-', 7272, 260210.89, 450037.25, 37.88);
insert into STATION values (8108, '-', 7272, 260215.08, 450035.59, 37.01);
insert into STATION values (8109, '-', 7272, 260198.04, 450039.28, 56.44);
insert into STATION values (8110, '-', 7272, 260216.35, 450019.96, 55.38);
insert into STATION values (8111, '-', 7272, 260216.61, 450021.63, 55.08);
insert into STATION values (8112, '41', 7272, 260210.77, 450052.37, 45.60);
insert into STATION values (8113, '42', 7272, 260210.13, 450053.76, 45.93);
insert into STATION values (8114, '-', 7272, 260212.20, 450055.14, 46.29);
insert into STATION values (8115, '-', 7272, 260211.54, 450054.50, 50.52);
insert into STATION values (8116, '-', 7272, 260211.29, 450054.58, 45.07);
insert into STATION values (8117, '-', 7272, 260210.14, 450054.07, 45.71);
insert into STATION values (8118, '43', 7272, 260211.09, 450063.75, 38.54);
insert into STATION values (8119, '-', 7272, 260207.07, 450063.15, 40.03);
insert into STATION values (8120, '-', 7272, 260213.19, 450064.63, 38.77);
insert into STATION values (8121, '-', 7272, 260210.55, 450064.48, 43.62);
insert into STATION values (8122, '-', 7272, 260211.18, 450063.61, 38.36);
insert into STATION values (8123, '44', 7272, 260206.67, 450070.31, 37.55);
insert into STATION values (8124, '-', 7272, 260206.09, 450070.47, 43.20);
insert into STATION values (8125, '-', 7272, 260207.04, 450069.70, 37.00);
insert into STATION values (8126, '-', 7272, 260204.77, 450071.02, 36.95);
insert into STATION values (8127, '-', 7272, 260209.52, 450069.97, 37.58);
insert into STATION values (8128, '-', 7272, 260208.46, 450070.53, 38.85);
insert into STATION values (8129, '-', 7272, 260206.63, 450070.35, 36.03);
insert into STATION values (8130, '45', 7272, 260215.48, 450084.14, 35.94);
insert into STATION values (8131, '-', 7272, 260224.29, 450097.97, 34.34);
insert into STATION values (8132, '-', 7272, 260209.94, 450085.84, 36.06);
insert into STATION values (8133, '-', 7272, 260215.48, 450084.20, 38.17);
insert into STATION values (8134, '-', 7272, 260215.36, 450084.06, 35.30);
insert into STATION values (8135, '-', 7272, 260209.72, 450085.53, 36.84);
insert into STATION values (8136, '-', 7272, 260215.61, 450084.38, 38.19);
insert into STATION values (8137, '-', 7272, 260215.23, 450083.95, 34.80);
insert into STATION values (8138, '46', 7272, 260212.99, 450088.95, 32.92);
insert into STATION values (8139, '-', 7272, 260208.44, 450088.08, 33.20);
insert into STATION values (8140, '-', 7272, 260218.49, 450088.68, 33.09);
insert into STATION values (8141, '-', 7272, 260212.56, 450092.67, 42.99);
insert into STATION values (8142, '-', 7272, 260213.89, 450089.45, 32.05);
insert into STATION values (8143, '-', 7272, 260209.36, 450112.94, 36.41);
insert into STATION values (8144, '-', 7272, 260210.50, 450108.08, 38.23);
insert into STATION values (8145, '-', 7272, 260211.34, 450103.85, 40.07);
insert into STATION values (8146, '-', 7272, 260212.52, 450099.55, 40.55);
insert into STATION values (8147, '-', 7272, 260212.50, 450097.17, 41.51);
insert into STATION values (8148, '-', 7272, 260212.37, 450098.49, 45.84);
insert into STATION values (8149, '-', 7272, 260212.55, 450096.07, 46.80);
insert into STATION values (8150, '-', 7272, 260213.00, 450093.04, 43.30);
insert into STATION values (8151, '-', 7272, 260212.96, 450090.63, 38.73);
insert into STATION values (8152, '-', 7272, 260212.89, 450089.85, 38.03);
insert into STATION values (8153, '-', 7272, 260212.68, 450088.94, 37.52);
insert into STATION values (8154, '-', 7272, 260212.36, 450087.67, 37.40);
insert into STATION values (8155, '-', 7272, 260210.52, 450086.75, 37.19);
insert into STATION values (8156, '-', 7272, 260211.73, 450087.98, 34.62);
insert into STATION values (8157, '-', 7272, 260211.81, 450087.83, 33.96);
insert into STATION values (8158, '-', 7272, 260211.83, 450087.76, 33.35);
insert into STATION values (8159, '-', 7272, 260213.10, 450088.84, 37.36);
insert into STATION values (8160, '-', 7272, 260210.19, 450111.37, 37.31);
insert into STATION values (8161, '47', 7272, 260242.85, 450101.81, 33.71);
insert into STATION values (8162, '50', 7272, 260142.76, 450120.61, 35.37);
insert into STATION values (8163, '51', 7272, 260133.82, 450090.42, 34.10);
insert into STATION values (8164, '52', 7272, 260170.89, 450097.49, 34.76);
insert into STATION values (8165, '53', 7272, 260204.18, 450107.92, 34.64);
insert into STATION values (8166, '1', 7276, 260560.81, 449871.74, 179.05);
insert into STATION values (8167, '-', 7276, 260560.74, 449871.63, 179.05);
insert into STATION values (8168, '-', 7276, 260560.76, 449871.88, 179.06);
insert into STATION values (8169, '-', 7276, 260564.23, 449868.74, 180.39);
insert into STATION values (8170, '-', 7276, 260555.43, 449874.84, 179.49);
insert into STATION values (8171, '-', 7276, 260560.12, 449871.66, 185.39);
insert into STATION values (8172, '-', 7276, 260560.35, 449871.08, 177.49);
insert into STATION values (8173, '-', 7276, 260556.50, 449881.54, 178.65);
insert into STATION values (8174, '-', 7276, 260554.86, 449886.67, 177.75);
insert into STATION values (8175, '-', 7276, 260558.90, 449892.25, 179.94);
insert into STATION values (8176, '-', 7276, 260576.40, 449861.77, 195.14);
insert into STATION values (8177, '-', 7276, 260567.15, 449865.01, 186.61);
insert into STATION values (8178, '-', 7276, 260567.90, 449868.45, 186.01);
insert into STATION values (8179, '2', 7276, 260552.59, 449860.10, 179.27);
insert into STATION values (8180, '-', 7276, 260559.55, 449856.07, 183.35);
insert into STATION values (8181, '-', 7276, 260553.23, 449859.96, 185.83);
insert into STATION values (8182, '-', 7276, 260545.43, 449862.61, 180.32);
insert into STATION values (8183, '-', 7276, 260551.47, 449859.33, 177.58);
insert into STATION values (8184, '3', 7276, 260545.47, 449842.59, 182.21);
insert into STATION values (8185, '-', 7276, 260545.45, 449842.60, 182.20);
insert into STATION values (8186, '-', 7276, 260536.10, 449846.53, 183.79);
insert into STATION values (8187, '-', 7276, 260545.43, 449842.17, 187.94);
insert into STATION values (8188, '-', 7276, 260549.16, 449840.58, 183.18);
insert into STATION values (8189, '-', 7276, 260544.86, 449842.22, 181.02);
insert into STATION values (8190, '-', 7276, 260555.30, 449836.52, 193.18);
insert into STATION values (8191, '4', 7276, 260541.54, 449833.38, 185.24);
insert into STATION values (8192, '-', 7276, 260545.26, 449829.46, 189.18);
insert into STATION values (8193, '-', 7276, 260527.68, 449840.69, 182.73);
insert into STATION values (8194, '-', 7276, 260540.99, 449832.75, 190.40);
insert into STATION values (8195, '-', 7276, 260534.32, 449833.22, 179.11);
insert into STATION values (8196, '5', 7276, 260528.09, 449833.05, 179.75);
insert into STATION values (8197, '-', 7276, 260536.87, 449821.98, 185.98);
insert into STATION values (8198, '-', 7276, 260527.93, 449832.22, 184.58);
insert into STATION values (8199, '-', 7276, 260524.26, 449836.01, 179.25);
insert into STATION values (8200, '-', 7276, 260528.03, 449832.81, 179.27);
insert into STATION values (8201, '-', 7276, 260539.56, 449799.54, 200.45);
insert into STATION values (8202, '6', 7276, 260514.94, 449815.86, 178.65);
insert into STATION values (8203, '-', 7276, 260511.87, 449818.39, 178.95);
insert into STATION values (8204, '-', 7276, 260515.01, 449815.07, 184.03);
insert into STATION values (8205, '-', 7276, 260525.24, 449806.66, 186.46);
insert into STATION values (8206, '-', 7276, 260515.32, 449815.65, 177.62);
insert into STATION values (8207, '7', 7276, 260503.05, 449796.91, 179.24);
insert into STATION values (8208, '-', 7276, 260523.00, 449787.14, 194.56);
insert into STATION values (8209, '-', 7276, 260496.68, 449798.56, 179.88);
insert into STATION values (8210, '-', 7276, 260502.27, 449796.71, 177.89);
insert into STATION values (8211, '-', 7276, 260502.99, 449796.11, 184.19);
insert into STATION values (8212, '8', 7276, 260488.30, 449771.87, 181.73);
insert into STATION values (8213, '-', 7276, 260473.58, 449746.87, 184.16);
insert into STATION values (8214, '-', 7276, 260498.39, 449767.03, 182.27);
insert into STATION values (8215, '-', 7276, 260483.82, 449771.32, 183.05);
insert into STATION values (8216, '-', 7276, 260487.84, 449771.36, 186.13);
insert into STATION values (8217, '-', 7276, 260494.68, 449769.60, 177.74);
insert into STATION values (8218, '9', 7276, 260483.06, 449760.82, 181.71);
insert into STATION values (8219, '-', 7276, 260477.55, 449763.79, 182.21);
insert into STATION values (8220, '-', 7276, 260482.31, 449760.11, 186.25);
insert into STATION values (8221, '-', 7276, 260493.10, 449751.43, 182.31);
insert into STATION values (8222, '-', 7276, 260483.71, 449758.03, 179.02);
insert into STATION values (8223, '10', 7276, 260461.63, 449745.42, 178.79);
insert into STATION values (8224, '-', 7276, 260457.57, 449750.25, 178.28);
insert into STATION values (8225, '-', 7276, 260461.17, 449744.71, 184.25);
insert into STATION values (8226, '-', 7276, 260474.18, 449729.18, 184.79);
insert into STATION values (8227, '-', 7276, 260460.88, 449744.40, 176.87);
insert into STATION values (8228, '11', 7276, 260442.39, 449731.08, 176.19);
insert into STATION values (8229, '-', 7276, 260442.82, 449729.27, 184.59);
insert into STATION values (8230, '-', 7276, 260442.74, 449730.66, 175.27);
insert into STATION values (8231, '12', 7276, 260428.32, 449717.49, 178.35);
insert into STATION values (8232, '-', 7276, 260427.53, 449717.88, 178.43);
insert into STATION values (8233, '-', 7276, 260429.07, 449716.93, 183.32);
insert into STATION values (8234, '-', 7276, 260429.59, 449717.35, 175.93);
insert into STATION values (8235, '13', 7276, 260435.67, 449710.39, 179.10);
insert into STATION values (8236, '-', 7276, 260454.58, 449714.55, 185.88);
insert into STATION values (8237, '-', 7276, 260436.73, 449712.17, 185.76);
insert into STATION values (8238, '-', 7276, 260425.19, 449711.21, 180.52);
insert into STATION values (8239, '-', 7276, 260435.79, 449711.04, 177.56);
insert into STATION values (8240, '-', 7276, 260459.15, 449694.91, 182.60);
insert into STATION values (8241, '-', 7276, 260454.37, 449694.24, 182.35);
insert into STATION values (8242, '-', 7276, 260449.75, 449693.48, 182.39);
insert into STATION values (8243, '-', 7276, 260438.12, 449699.87, 181.77);
insert into STATION values (8244, '14', 7276, 260436.74, 449696.52, 186.90);
insert into STATION values (8245, '-', 7276, 260436.12, 449696.85, 186.88);
insert into STATION values (8246, '-', 7276, 260436.54, 449696.43, 185.49);
insert into STATION values (8247, '-', 7276, 260436.32, 449696.70, 187.68);
insert into STATION values (8248, '-', 7276, 260436.95, 449696.24, 187.00);
insert into STATION values (8249, '15', 7276, 260429.49, 449687.70, 186.11);
insert into STATION values (8250, '-', 7276, 260435.51, 449684.71, 187.44);
insert into STATION values (8251, '-', 7276, 260429.33, 449687.78, 188.76);
insert into STATION values (8252, '-', 7276, 260424.09, 449689.76, 185.99);
insert into STATION values (8253, '-', 7276, 260428.96, 449687.76, 184.93);
insert into STATION values (8254, '-', 7276, 260411.26, 449677.35, 181.34);
insert into STATION values (8255, '16', 7276, 260411.51, 449677.65, 180.89);
insert into STATION values (8256, '17', 7276, 260411.67, 449662.29, 184.33);
insert into STATION values (8257, '-', 7276, 260411.27, 449662.64, 187.26);
insert into STATION values (8258, '-', 7276, 260413.07, 449659.43, 187.56);
insert into STATION values (8259, '-', 7276, 260407.76, 449665.42, 185.11);
insert into STATION values (8260, '-', 7276, 260409.99, 449663.00, 182.91);
insert into STATION values (8261, '18', 7276, 260396.39, 449662.69, 179.54);
insert into STATION values (8262, '19', 7276, 260381.86, 449662.16, 171.18);
insert into STATION values (8263, '-', 7276, 260396.11, 449662.81, 180.70);
insert into STATION values (8264, '-', 7276, 260396.58, 449663.86, 178.98);
insert into STATION values (8265, '-', 7276, 260400.59, 449640.89, 187.01);
insert into STATION values (8266, '-', 7276, 260400.47, 449639.07, 188.50);
insert into STATION values (8267, '-', 7276, 260396.53, 449661.54, 177.80);
insert into STATION values (8268, '20', 7276, 260370.66, 449660.52, 165.83);
insert into STATION values (8269, '-', 7276, 260366.94, 449663.74, 165.26);
insert into STATION values (8270, '-', 7276, 260370.15, 449660.36, 169.14);
insert into STATION values (8271, '-', 7276, 260370.54, 449660.07, 165.27);
insert into STATION values (8272, '-', 7276, 260376.66, 449648.80, 175.19);
insert into STATION values (8273, '21', 7276, 260355.60, 449654.71, 161.68);
insert into STATION values (8274, '-', 7276, 260353.93, 449656.26, 161.72);
insert into STATION values (8275, '-', 7276, 260361.24, 449648.01, 167.43);
insert into STATION values (8276, '-', 7276, 260355.25, 449654.89, 164.46);
insert into STATION values (8277, '-', 7276, 260355.62, 449655.03, 161.18);
insert into STATION values (8278, '22', 7276, 260337.52, 449642.33, 158.05);
insert into STATION values (8279, '-', 7276, 260333.37, 449644.32, 157.27);
insert into STATION values (8280, '-', 7276, 260333.56, 449644.73, 157.08);
insert into STATION values (8281, '-', 7276, 260337.13, 449642.10, 161.12);
insert into STATION values (8282, '-', 7276, 260347.48, 449634.96, 166.54);
insert into STATION values (8283, '-', 7276, 260336.73, 449643.05, 156.60);
insert into STATION values (8284, '23', 7276, 260318.43, 449626.60, 155.98);
insert into STATION values (8285, '-', 7276, 260317.38, 449628.80, 156.27);
insert into STATION values (8286, '-', 7276, 260322.49, 449620.16, 160.46);
insert into STATION values (8287, '-', 7276, 260318.80, 449626.52, 160.25);
insert into STATION values (8288, '-', 7276, 260317.89, 449626.02, 155.17);
insert into STATION values (8289, '-', 7276, 260317.90, 449626.06, 155.14);
insert into STATION values (8290, '24', 7276, 260301.58, 449618.49, 151.97);
insert into STATION values (8291, '-', 7276, 260299.18, 449624.28, 151.21);
insert into STATION values (8292, '-', 7276, 260301.26, 449618.49, 157.08);
insert into STATION values (8293, '-', 7276, 260305.12, 449608.07, 158.37);
insert into STATION values (8294, '-', 7276, 260300.38, 449618.76, 150.91);
insert into STATION values (8295, '25', 7276, 260291.16, 449625.98, 146.68);
insert into STATION values (8296, '26', 7276, 260299.56, 449633.36, 147.20);
insert into STATION values (8297, '-', 7276, 260293.68, 449611.83, 152.19);
insert into STATION values (8298, '-', 7276, 260287.05, 449630.89, 151.25);
insert into STATION values (8299, '-', 7276, 260290.94, 449626.10, 149.25);
insert into STATION values (8300, '-', 7276, 260291.07, 449625.70, 146.14);
insert into STATION values (8301, '-', 7276, 260295.38, 449636.86, 147.17);
insert into STATION values (8302, '-', 7276, 260299.49, 449633.28, 146.34);
insert into STATION values (8303, '-', 7276, 260299.53, 449633.27, 147.58);
insert into STATION values (8304, '-', 7276, 260302.07, 449630.95, 147.29);
insert into STATION values (8305, '27', 7276, 260301.82, 449643.31, 146.81);
insert into STATION values (8306, '-', 7276, 260306.79, 449638.13, 145.98);
insert into STATION values (8307, '-', 7276, 260302.06, 449643.29, 147.67);
insert into STATION values (8308, '-', 7276, 260301.71, 449643.75, 147.00);
insert into STATION values (8309, '-', 7276, 260302.41, 449643.06, 146.40);
insert into STATION values (8310, '28', 7276, 260309.28, 449645.23, 146.48);
insert into STATION values (8311, '-', 7276, 260310.11, 449643.01, 146.12);
insert into STATION values (8312, '-', 7276, 260308.59, 449646.51, 146.49);
insert into STATION values (8313, '-', 7276, 260309.28, 449645.30, 146.67);
insert into STATION values (8314, '-', 7276, 260309.43, 449645.46, 145.61);
insert into STATION values (8315, '29', 7276, 260309.64, 449654.14, 146.34);
insert into STATION values (8316, '-', 7276, 260315.62, 449652.73, 146.39);
insert into STATION values (8317, '-', 7276, 260309.68, 449654.32, 147.28);
insert into STATION values (8318, '-', 7276, 260309.77, 449654.11, 145.50);
insert into STATION values (8319, '-', 7276, 260308.98, 449655.03, 146.42);
insert into STATION values (8320, '30', 7276, 260307.56, 449663.91, 140.59);
insert into STATION values (8321, '-', 7276, 260307.60, 449664.18, 142.42);
insert into STATION values (8322, '-', 7276, 260307.79, 449665.96, 140.82);
insert into STATION values (8323, '-', 7276, 260307.08, 449659.76, 141.56);
insert into STATION values (8324, '-', 7276, 260307.83, 449663.81, 139.23);
insert into STATION values (8325, '31', 7276, 260303.61, 449665.51, 138.50);
insert into STATION values (8326, '32', 7276, 260300.79, 449661.16, 138.50);
insert into STATION values (8327, '-', 7276, 260304.09, 449660.05, 140.31);
insert into STATION values (8328, '-', 7276, 260304.34, 449664.36, 141.33);
insert into STATION values (8329, '-', 7276, 260303.56, 449665.57, 137.27);
insert into STATION values (8330, '-', 7276, 260301.78, 449663.17, 138.47);
insert into STATION values (8331, '-', 7276, 260301.10, 449658.56, 138.25);
insert into STATION values (8332, '-', 7276, 260299.20, 449662.63, 138.34);
insert into STATION values (8333, '-', 7276, 260300.26, 449661.97, 137.12);
insert into STATION values (8334, '-', 7276, 260300.83, 449660.95, 139.91);
insert into STATION values (8335, '33', 7276, 260293.85, 449658.72, 134.37);
insert into STATION values (8336, '-', 7276, 260294.42, 449656.55, 135.04);
insert into STATION values (8337, '-', 7276, 260293.87, 449658.53, 135.22);
insert into STATION values (8338, '-', 7276, 260294.39, 449660.83, 135.03);
insert into STATION values (8339, '-', 7276, 260293.85, 449658.49, 133.79);
insert into STATION values (8340, '34', 7276, 260290.47, 449659.12, 135.67);
insert into STATION values (8341, '-', 7276, 260290.72, 449660.44, 135.75);
insert into STATION values (8342, '-', 7276, 260290.46, 449659.36, 137.73);
insert into STATION values (8343, '-', 7276, 260290.34, 449658.80, 135.72);
insert into STATION values (8344, '-', 7276, 260292.08, 449659.22, 132.81);
insert into STATION values (8345, '35', 7276, 260284.89, 449660.26, 134.89);
insert into STATION values (8346, '36', 7276, 260274.46, 449672.60, 139.25);
insert into STATION values (8347, '-', 7276, 260288.37, 449666.57, 135.77);
insert into STATION values (8348, '-', 7276, 260284.44, 449661.68, 142.30);
insert into STATION values (8349, '-', 7276, 260283.24, 449659.34, 135.11);
insert into STATION values (8350, '-', 7276, 260284.56, 449660.46, 134.10);
insert into STATION values (8351, '-', 7276, 260274.09, 449672.23, 143.98);
insert into STATION values (8352, '-', 7276, 260274.22, 449673.26, 137.52);
insert into STATION values (8353, '-', 7276, 260277.82, 449670.55, 139.59);
insert into STATION values (8354, '37', 7276, 260262.52, 449665.20, 141.71);
insert into STATION values (8355, '-', 7276, 260262.20, 449664.63, 145.54);
insert into STATION values (8356, '-', 7276, 260261.76, 449666.07, 140.30);
insert into STATION values (8357, '-', 7276, 260279.35, 449656.59, 146.98);
insert into STATION values (8358, '38', 7276, 260249.41, 449646.60, 140.95);
insert into STATION values (8359, '-', 7276, 260248.70, 449646.34, 144.87);
insert into STATION values (8360, '-', 7276, 260248.54, 449647.03, 139.00);
insert into STATION values (8361, '-', 7276, 260253.75, 449639.38, 143.69);
insert into STATION values (8362, '39', 7276, 260233.34, 449649.76, 133.70);
insert into STATION values (8363, '-', 7276, 260232.53, 449649.29, 140.02);
insert into STATION values (8364, '-', 7276, 260233.29, 449649.67, 132.94);
insert into STATION values (8365, '-', 7276, 260234.83, 449636.28, 134.88);
insert into STATION values (8366, '40', 7276, 260222.22, 449640.29, 130.70);
insert into STATION values (8367, '-', 7276, 260221.00, 449640.54, 137.26);
insert into STATION values (8368, '-', 7276, 260222.08, 449640.03, 129.87);
insert into STATION values (8369, '-', 7276, 260225.11, 449633.45, 134.53);
insert into STATION values (8370, '41', 7276, 260206.52, 449620.91, 129.96);
insert into STATION values (8371, '-', 7276, 260217.77, 449614.12, 136.08);
insert into STATION values (8372, '-', 7276, 260206.56, 449620.14, 135.55);
insert into STATION values (8373, '-', 7276, 260206.23, 449620.51, 128.95);
insert into STATION values (8374, '42', 7276, 260189.10, 449603.79, 130.34);
insert into STATION values (8375, '-', 7276, 260171.71, 449586.64, 130.77);
insert into STATION values (8376, '-', 7276, 260188.86, 449604.57, 136.17);
insert into STATION values (8377, '-', 7276, 260190.17, 449604.01, 128.26);
insert into STATION values (8378, '-', 7276, 260195.93, 449595.82, 132.61);
insert into STATION values (8379, '43', 7276, 260177.45, 449581.69, 134.70);
insert into STATION values (8380, '44', 7276, 260158.80, 449576.37, 135.72);
insert into STATION values (8381, '-', 7276, 260159.65, 449576.49, 143.80);
insert into STATION values (8382, '-', 7276, 260159.48, 449560.80, 143.29);
insert into STATION values (8383, '-', 7276, 260160.26, 449576.82, 134.13);
insert into STATION values (8384, '45', 7276, 260157.90, 449592.40, 126.41);
insert into STATION values (8385, '-', 7276, 260156.93, 449595.03, 139.60);
insert into STATION values (8386, '-', 7276, 260157.73, 449592.87, 124.77);
insert into STATION values (8387, '46', 7276, 260169.02, 449598.26, 121.46);
insert into STATION values (8388, '-', 7276, 260167.88, 449601.88, 136.92);
insert into STATION values (8389, '-', 7276, 260168.66, 449598.30, 118.90);
insert into STATION values (8390, '47', 7276, 260160.70, 449616.77, 116.25);
insert into STATION values (8391, '-', 7276, 260144.26, 449635.03, 109.39);
insert into STATION values (8392, '48', 7276, 260143.39, 449636.00, 108.98);
insert into STATION values (8393, '-', 7276, 260142.58, 449637.07, 117.27);
insert into STATION values (8394, '-', 7276, 260144.96, 449640.11, 103.64);
insert into STATION values (8395, '49', 7276, 260136.16, 449641.39, 105.68);
insert into STATION values (8396, '-', 7276, 260136.55, 449642.69, 100.98);
insert into STATION values (8397, '50', 7276, 260132.41, 449656.86, 95.58);
insert into STATION values (8398, '-', 7276, 260131.24, 449656.84, 102.04);
insert into STATION values (8399, '-', 7276, 260131.32, 449656.90, 94.09);
insert into STATION values (8400, '51', 7276, 260143.79, 449668.81, 95.67);
insert into STATION values (8401, '-', 7276, 260144.07, 449668.80, 94.41);
insert into STATION values (8402, '-', 7276, 260144.04, 449668.86, 96.33);
insert into STATION values (8403, '-', 7276, 260133.78, 449677.18, 89.97);
insert into STATION values (8404, '52', 7276, 260154.66, 449671.55, 95.35);
insert into STATION values (8405, '1', 7280, 261433.16, 450801.36, 174.72);
insert into STATION values (8406, '2', 7280, 261433.23, 450797.22, 169.57);
insert into STATION values (8407, '3', 7280, 261425.65, 450797.88, 163.89);
insert into STATION values (8408, '4', 7280, 261423.85, 450807.10, 163.63);
insert into STATION values (8409, '5', 7280, 261421.60, 450811.34, 162.24);
insert into STATION values (8410, '51', 7280, 261419.83, 450807.67, 158.81);
insert into STATION values (8411, '52', 7280, 261417.76, 450811.31, 156.03);
insert into STATION values (8412, '53', 7280, 261414.13, 450806.62, 153.47);
insert into STATION values (8413, '54', 7280, 261414.18, 450811.89, 152.66);
insert into STATION values (8414, '55', 7280, 261410.61, 450804.22, 147.71);
insert into STATION values (8415, '56', 7280, 261408.14, 450799.94, 148.46);
insert into STATION values (8416, '57', 7280, 261400.63, 450795.61, 146.03);
insert into STATION values (8417, '58', 7280, 261421.14, 450814.23, 156.77);
insert into STATION values (8418, '59', 7280, 261423.41, 450817.13, 158.62);
insert into STATION values (8419, '6', 7280, 261418.58, 450827.04, 146.80);
insert into STATION values (8420, '7', 7280, 261412.69, 450827.97, 144.54);
insert into STATION values (8421, '8', 7280, 261403.15, 450825.05, 140.31);
insert into STATION values (8422, '1', 7284, 261405.58, 450783.89, 168.49);
insert into STATION values (8423, '2', 7284, 261404.19, 450782.25, 156.27);
insert into STATION values (8424, '3', 7284, 261402.58, 450786.23, 156.35);
insert into STATION values (8425, '4', 7284, 261397.96, 450778.22, 152.56);
insert into STATION values (8426, '5', 7284, 261398.38, 450772.21, 151.10);
insert into STATION values (8427, '6', 7284, 261392.50, 450773.46, 149.19);
insert into STATION values (8428, '0', 7288, 259191.84, 449150.60, 44.03);
insert into STATION values (8429, '1', 7288, 259184.49, 449162.04, 41.84);
insert into STATION values (8430, '2', 7288, 259203.23, 449176.29, 43.02);
insert into STATION values (8431, '3', 7288, 259219.00, 449188.79, 44.31);
insert into STATION values (8432, '4', 7288, 259239.60, 449204.56, 42.27);
insert into STATION values (8433, '5', 7288, 259251.06, 449211.16, 41.86);
insert into STATION values (8434, '6', 7288, 259245.66, 449219.42, 41.04);
insert into STATION values (8435, '7', 7288, 259234.28, 449227.71, 35.77);
insert into STATION values (8436, '8', 7288, 259240.58, 449232.47, 37.75);
insert into STATION values (8437, '9', 7288, 259231.02, 449235.01, 49.28);
insert into STATION values (8438, '10', 7288, 259277.65, 449224.59, 43.52);
insert into STATION values (8439, '11', 7288, 259275.70, 449233.11, 43.31);
insert into STATION values (8440, '12', 7288, 259281.00, 449257.49, 36.51);
insert into STATION values (8441, '13', 7288, 259294.89, 449274.99, 41.86);
insert into STATION values (8442, '14', 7288, 259321.57, 449282.82, 45.66);
insert into STATION values (8443, '15', 7288, 259313.93, 449294.91, 42.59);
insert into STATION values (8444, '16', 7288, 259320.47, 449299.23, 42.47);
insert into STATION values (8445, '17', 7288, 259325.61, 449310.21, 38.49);
insert into STATION values (8446, '18', 7288, 259340.81, 449307.05, 30.37);
insert into STATION values (8447, '19', 7288, 259355.08, 449338.90, 27.97);
insert into STATION values (8448, '20', 7288, 259358.33, 449339.53, 22.81);
insert into STATION values (8449, '21', 7288, 259340.17, 449291.39, 50.29);
insert into STATION values (8450, '22', 7288, 259345.42, 449295.73, 48.85);
insert into STATION values (8451, '23', 7288, 259349.63, 449297.07, 49.17);
insert into STATION values (8452, '24', 7288, 259351.16, 449298.88, 48.90);
insert into STATION values (8453, '25', 7288, 259356.50, 449307.21, 44.89);
insert into STATION values (8454, '26', 7288, 259357.72, 449308.95, 48.02);
insert into STATION values (8455, '27', 7288, 259360.11, 449320.90, 54.49);
insert into STATION values (8456, '28', 7288, 259368.40, 449301.49, 39.48);
insert into STATION values (8457, '29', 7288, 259374.19, 449299.40, 35.96);
insert into STATION values (8458, '30', 7288, 259379.49, 449301.04, 34.43);
insert into STATION values (8459, '31', 7288, 259382.14, 449289.53, 27.22);
insert into STATION values (8460, '32', 7288, 259386.28, 449288.88, 24.22);
insert into STATION values (8461, '33', 7288, 259387.29, 449287.34, 24.10);
insert into STATION values (8462, '34', 7288, 259385.97, 449283.87, 28.51);
insert into STATION values (8463, '35', 7288, 259380.96, 449280.92, 33.63);
insert into STATION values (8464, '36', 7288, 259379.84, 449279.37, 33.54);
insert into STATION values (8465, '37', 7288, 259381.71, 449277.37, 33.27);
insert into STATION values (8466, '38', 7288, 259384.50, 449277.07, 32.95);
insert into STATION values (8467, '39', 7288, 259389.24, 449283.66, 27.21);
insert into STATION values (8468, '40', 7288, 259392.30, 449285.38, 22.87);
insert into STATION values (8469, '0', 7346, 259310.12, 449133.59, 53.02);
insert into STATION values (8470, '1', 7346, 259309.72, 449138.87, 55.35);
insert into STATION values (8471, '2', 7346, 259306.83, 449150.66, 58.15);
insert into STATION values (8472, '3', 7346, 259318.90, 449140.27, 71.72);
insert into STATION values (8473, '3a', 7346, 259322.92, 449138.69, 74.22);
insert into STATION values (8474, '4', 7346, 259326.16, 449138.07, 77.64);
insert into STATION values (8475, '5', 7346, 259326.92, 449140.69, 79.18);
insert into STATION values (8476, '6', 7346, 259327.05, 449145.24, 79.74);
insert into STATION values (8477, '6a', 7346, 259331.40, 449149.42, 74.03);
insert into STATION values (8478, '0', 7350, 259174.28, 449145.91, 43.94);
insert into STATION values (8479, '1', 7350, 259180.56, 449158.01, 42.95);
insert into STATION values (8480, '3', 7350, 259184.49, 449162.04, 41.84);
insert into STATION values (8481, '4', 7350, 259193.49, 449149.93, 44.47);
insert into STATION values (8482, '5', 7350, 259208.73, 449162.72, 44.30);
insert into STATION values (8483, '6', 7350, 259215.90, 449170.82, 44.81);
insert into STATION values (8484, '7', 7350, 259237.68, 449183.68, 45.26);
insert into STATION values (8485, '8', 7350, 259259.43, 449196.58, 45.68);
insert into STATION values (8486, '9', 7350, 259273.34, 449209.44, 45.87);
insert into STATION values (8487, '10', 7350, 259282.18, 449217.52, 46.58);
insert into STATION values (8488, '11', 7350, 259293.29, 449236.98, 43.45);
insert into STATION values (8489, '12', 7350, 259293.26, 449220.70, 47.36);
insert into STATION values (8490, '13', 7350, 259291.11, 449205.65, 52.25);
insert into STATION values (8491, '14', 7350, 259287.35, 449203.35, 53.15);
insert into STATION values (8492, '15', 7350, 259284.84, 449196.34, 55.33);
insert into STATION values (8493, '16', 7350, 259291.53, 449192.06, 55.17);
insert into STATION values (8494, '17', 7350, 259293.71, 449194.83, 55.25);
insert into STATION values (8495, '18', 7350, 259302.36, 449194.17, 50.61);
insert into STATION values (8496, '19', 7350, 259305.89, 449187.61, 50.00);
insert into STATION values (8497, '20', 7350, 259311.53, 449179.01, 55.83);
insert into STATION values (8498, '21', 7350, 259305.92, 449172.14, 56.87);
insert into STATION values (8499, '22', 7350, 259306.41, 449165.91, 56.43);
insert into STATION values (8500, '23', 7350, 259305.71, 449156.18, 57.61);
insert into STATION values (8501, '24', 7350, 259309.04, 449139.12, 54.99);
insert into STATION values (8502, '25', 7350, 259310.12, 449133.59, 53.02);
insert into STATION values (8503, '26', 7350, 259312.15, 449129.79, 50.49);
insert into STATION values (8504, '27', 7350, 259333.51, 449141.23, 44.73);
insert into STATION values (8505, '28', 7350, 259343.77, 449152.79, 42.57);
insert into STATION values (8506, '29', 7350, 259342.92, 449164.01, 44.46);
insert into STATION values (8507, '30', 7350, 259350.33, 449173.45, 46.14);
insert into STATION values (8508, '31', 7350, 259358.65, 449190.08, 45.01);
insert into STATION values (8509, '32', 7350, 259361.98, 449211.84, 43.91);
insert into STATION values (8510, '33', 7350, 259373.69, 449222.36, 39.60);
insert into STATION values (8511, '34', 7350, 259371.42, 449229.52, 35.28);
insert into STATION values (8512, '35', 7350, 259379.57, 449242.81, 36.82);
insert into STATION values (8513, '36', 7350, 259386.45, 449244.02, 37.81);
insert into STATION values (8514, '37', 7350, 259390.69, 449247.86, 36.07);
insert into STATION values (8515, '38', 7350, 259397.34, 449264.36, 39.92);
insert into STATION values (8516, '39', 7350, 259398.27, 449262.08, 41.24);
insert into STATION values (8517, '40', 7350, 259397.93, 449261.16, 40.93);
insert into STATION values (8518, '41', 7350, 259400.29, 449273.67, 50.16);
insert into STATION values (8519, '42', 7350, 259405.62, 449299.34, 49.81);
insert into STATION values (8520, '43', 7350, 259412.35, 449321.83, 50.17);
insert into STATION values (8521, '44', 7350, 259422.69, 449342.43, 50.40);
insert into STATION values (8522, '45', 7350, 259435.48, 449355.01, 51.91);
insert into STATION values (8523, '46', 7350, 259446.85, 449361.05, 50.42);
insert into STATION values (8524, '47', 7350, 259462.14, 449360.51, 52.30);
insert into STATION values (8525, '48', 7350, 259466.40, 449366.69, 54.66);
insert into STATION values (8526, '49', 7350, 259482.45, 449360.12, 51.67);
insert into STATION values (8527, '50', 7350, 259481.52, 449384.69, 51.18);
insert into STATION values (8528, '51', 7350, 259500.84, 449400.40, 51.38);
insert into STATION values (8529, '52', 7350, 259527.32, 449408.85, 51.65);
insert into STATION values (8530, '53', 7350, 259552.58, 449414.24, 51.00);
insert into STATION values (8531, '54', 7350, 259576.86, 449427.30, 51.16);
insert into STATION values (8532, '55', 7350, 259599.11, 449436.01, 53.51);
insert into STATION values (8533, '56', 7350, 259620.20, 449433.24, 52.78);
insert into STATION values (8534, '57', 7350, 259630.03, 449444.46, 53.47);
insert into STATION values (8535, '58', 7350, 259644.89, 449456.78, 53.25);
insert into STATION values (8536, '59', 7350, 259656.05, 449465.60, 53.19);
insert into STATION values (8537, '60', 7350, 259657.13, 449469.46, 52.64);
insert into STATION values (8538, '61', 7350, 259662.65, 449474.07, 52.92);
insert into STATION values (8539, '62', 7350, 259665.17, 449474.61, 51.90);
insert into STATION values (8540, '63', 7350, 259668.53, 449475.29, 54.86);
insert into STATION values (8541, '64', 7350, 259669.52, 449474.57, 56.50);
insert into STATION values (8542, '65', 7350, 259670.06, 449471.83, 58.81);
insert into STATION values (8543, '66', 7350, 259666.09, 449469.76, 59.36);
insert into STATION values (8544, '67', 7350, 259666.04, 449467.73, 61.18);
insert into STATION values (8545, '68', 7350, 259666.85, 449469.81, 62.13);
insert into STATION values (8546, '69', 7350, 259668.66, 449467.65, 66.21);
insert into STATION values (8547, '70', 7350, 259668.28, 449465.59, 65.97);
insert into STATION values (8548, '71', 7350, 259672.45, 449461.82, 67.52);
insert into STATION values (8549, '72', 7350, 259673.54, 449466.03, 68.58);
insert into STATION values (8550, '73', 7350, 259673.26, 449470.67, 70.15);
insert into STATION values (8551, '74', 7350, 259677.56, 449465.97, 74.78);
insert into STATION values (8552, '75', 7350, 259683.82, 449465.76, 76.37);
insert into STATION values (8553, '76', 7350, 259685.26, 449468.75, 76.76);
insert into STATION values (8554, '77', 7350, 259700.49, 449467.36, 71.83);
insert into STATION values (8555, '78', 7350, 259713.66, 449468.71, 74.80);
insert into STATION values (8556, '79', 7350, 259716.30, 449475.93, 74.63);
insert into STATION values (8557, '80', 7350, 259724.45, 449480.56, 73.05);
insert into STATION values (8558, '81', 7350, 259731.00, 449493.74, 75.16);
insert into STATION values (8559, '82', 7350, 259748.83, 449494.30, 83.32);
insert into STATION values (8560, '83', 7350, 259755.22, 449494.31, 86.60);
insert into STATION values (8561, '84', 7350, 259762.19, 449491.91, 89.05);
insert into STATION values (8562, '85', 7350, 259767.95, 449492.57, 89.52);
insert into STATION values (8563, '86', 7350, 259775.47, 449508.85, 88.00);
insert into STATION values (8564, '87', 7350, 259782.82, 449522.78, 86.53);
insert into STATION values (8565, '88', 7350, 259796.80, 449544.35, 88.49);
insert into STATION values (8566, '89', 7350, 259809.91, 449561.47, 89.94);
insert into STATION values (8567, '90', 7350, 259817.07, 449582.01, 88.95);
insert into STATION values (8568, '91', 7350, 259820.06, 449589.36, 89.02);
insert into STATION values (8569, '92', 7350, 259830.22, 449591.39, 91.84);
insert into STATION values (8570, '93', 7350, 259833.32, 449603.74, 92.28);
insert into STATION values (8571, '94', 7350, 259832.56, 449617.76, 88.64);
insert into STATION values (8572, '95', 7350, 259835.36, 449625.19, 91.17);
insert into STATION values (8573, '96', 7350, 259843.74, 449632.83, 90.84);
insert into STATION values (8574, '97', 7350, 259850.19, 449636.87, 92.65);
insert into STATION values (8575, '98', 7350, 259855.47, 449637.30, 94.31);
insert into STATION values (8576, '99', 7350, 259863.40, 449638.20, 91.44);
insert into STATION values (8577, '100', 7350, 259879.71, 449646.93, 95.74);
insert into STATION values (8578, '101', 7350, 259883.99, 449643.41, 97.46);
insert into STATION values (8579, '102', 7350, 259896.15, 449641.70, 99.36);
insert into STATION values (8580, '103', 7350, 259907.94, 449632.37, 102.33);
insert into STATION values (8581, '104', 7350, 259920.96, 449627.37, 107.68);
insert into STATION values (8582, '105', 7350, 259933.35, 449624.49, 106.70);
insert into STATION values (8583, '106', 7350, 259937.04, 449623.20, 103.04);
insert into STATION values (8584, '107', 7350, 259938.64, 449622.51, 101.98);
insert into STATION values (8585, '108', 7350, 259940.68, 449622.95, 99.41);
insert into STATION values (8586, '109', 7350, 259942.15, 449624.29, 96.65);
insert into STATION values (8587, '110', 7350, 259940.93, 449627.27, 95.32);
insert into STATION values (8588, '111', 7350, 259943.12, 449626.15, 93.48);
insert into STATION values (8589, '112', 7350, 259946.82, 449630.65, 87.41);
insert into STATION values (8590, '113', 7350, 259947.11, 449629.05, 85.50);
insert into STATION values (8591, '114', 7350, 259949.20, 449628.10, 80.65);
insert into STATION values (8592, '115', 7350, 259953.05, 449626.91, 80.97);
insert into STATION values (8593, '116', 7350, 259961.26, 449624.30, 80.18);
insert into STATION values (8594, '117', 7350, 259981.02, 449621.45, 78.50);
insert into STATION values (8595, '118', 7350, 260002.28, 449621.21, 74.34);
insert into STATION values (8596, '119', 7350, 260022.82, 449624.57, 73.66);
insert into STATION values (8597, '0', 7354, 259178.95, 449235.10, 20.71);
insert into STATION values (8598, '1', 7354, 259177.31, 449228.94, 21.95);
insert into STATION values (8599, '2', 7354, 259181.45, 449219.32, 24.29);
insert into STATION values (8600, '3', 7354, 259181.38, 449203.79, 27.56);
insert into STATION values (8601, '4', 7354, 259184.26, 449190.26, 31.21);
insert into STATION values (8602, '5', 7354, 259177.93, 449171.02, 35.72);
insert into STATION values (8603, '6', 7354, 259174.05, 449166.46, 37.59);
insert into STATION values (8604, '7', 7354, 259173.26, 449161.92, 38.15);
insert into STATION values (8605, '8', 7354, 259172.03, 449158.76, 40.33);
insert into STATION values (8606, '9', 7354, 259179.90, 449157.42, 43.20);
insert into STATION values (8607, '10', 7354, 259184.49, 449162.04, 41.84);
insert into STATION values (8608, '0', 7358, 259349.02, 449602.23, 58.55);
insert into STATION values (8609, '1', 7358, 259346.91, 449595.15, 57.95);
insert into STATION values (8610, '2', 7358, 259346.79, 449595.21, 57.95);
insert into STATION values (8611, '3', 7358, 259358.20, 449607.38, 53.39);
insert into STATION values (8612, '4', 7358, 259369.30, 449634.72, 41.07);
insert into STATION values (8613, '5', 7358, 259359.69, 449659.64, 30.17);
insert into STATION values (8614, '6', 7358, 259363.89, 449670.17, 28.41);
insert into STATION values (8615, '7', 7358, 259384.63, 449708.43, 24.62);
insert into STATION values (8616, '8', 7358, 259420.38, 449700.21, 24.44);
insert into STATION values (8617, '9', 7358, 259424.16, 449700.52, 24.47);
insert into STATION values (8618, '10', 7358, 259430.13, 449703.08, 24.60);
insert into STATION values (8619, '11', 7358, 259441.60, 449711.64, 23.20);
insert into STATION values (8620, '12', 7358, 259443.24, 449718.14, 24.35);
insert into STATION values (8621, '13', 7358, 259452.77, 449760.16, 22.94);
insert into STATION values (8622, '14', 7358, 259466.54, 449782.89, 22.65);
insert into STATION values (8623, '15', 7358, 259485.72, 449819.10, 22.17);
insert into STATION values (8624, '16', 7358, 259485.53, 449839.48, 21.25);
insert into STATION values (8625, '17', 7358, 259483.40, 449860.13, 21.73);
insert into STATION values (8626, '18', 7358, 259478.17, 449880.30, 23.23);
insert into STATION values (8627, '19', 7358, 259461.43, 449904.98, 24.40);
insert into STATION values (8628, '20', 7358, 259481.26, 449958.27, 24.90);
insert into STATION values (8629, '21', 7358, 259515.45, 449963.17, 23.99);
insert into STATION values (8630, '22', 7358, 259535.82, 449970.65, 24.54);
insert into STATION values (8631, '23', 7358, 259554.01, 449981.05, 26.30);
insert into STATION values (8632, '24', 7358, 259558.75, 449986.73, 27.73);
insert into STATION values (8633, '25', 7358, 259568.89, 450003.18, 30.64);
insert into STATION values (8634, '26', 7358, 259565.25, 450007.44, 28.12);
insert into STATION values (8635, '27', 7358, 259580.85, 450035.94, 24.53);
insert into STATION values (8636, '28', 7358, 259591.27, 450046.54, 24.79);
insert into STATION values (8637, '29', 7358, 259576.79, 449985.63, 45.67);
insert into STATION values (8638, '30', 7358, 259602.20, 449991.01, 50.16);
insert into STATION values (8639, '31', 7358, 259607.55, 449994.67, 51.62);
insert into STATION values (8640, '0', 7362, 259505.96, 448777.23, 102.49);
insert into STATION values (8641, '1', 7362, 259503.37, 448770.40, 103.11);
insert into STATION values (8642, '2', 7362, 259517.08, 448797.87, 102.07);
insert into STATION values (8643, '3', 7362, 259519.87, 448803.92, 101.66);
insert into STATION values (8644, '4', 7362, 259524.04, 448807.71, 103.29);
insert into STATION values (8645, '5', 7362, 259530.65, 448810.17, 102.86);
insert into STATION values (8646, '6', 7362, 259533.43, 448809.88, 103.90);
insert into STATION values (8647, '7', 7362, 259549.39, 448810.09, 79.27);
insert into STATION values (8648, '1', 7366, 259517.90, 448848.52, 61.15);
insert into STATION values (8649, '2', 7366, 259513.89, 448844.00, 60.37);
insert into STATION values (8650, '3', 7366, 259508.23, 448844.35, 59.50);
insert into STATION values (8651, '4', 7366, 259505.75, 448842.26, 59.49);
insert into STATION values (8652, '5', 7366, 259501.93, 448842.25, 58.78);
insert into STATION values (8653, '6', 7366, 259498.41, 448840.48, 58.58);
insert into STATION values (8654, '7', 7366, 259500.59, 448837.05, 58.43);
insert into STATION values (8655, '8', 7366, 259500.37, 448834.44, 59.14);
insert into STATION values (8656, '9', 7366, 259497.56, 448835.31, 58.20);
insert into STATION values (8657, '10', 7366, 259491.48, 448836.95, 58.31);
insert into STATION values (8658, '11', 7366, 259485.75, 448836.63, 60.06);
insert into STATION values (8659, '12', 7366, 259484.35, 448834.46, 60.24);
insert into STATION values (8660, '13', 7366, 259482.51, 448830.46, 52.69);
insert into STATION values (8661, '4', 7370, 259519.87, 448803.92, 101.66);
insert into STATION values (8662, '8', 7370, 259511.79, 448805.18, 111.80);
insert into STATION values (8663, '9', 7370, 259509.83, 448812.40, 117.19);
insert into STATION values (8664, '10', 7370, 259506.50, 448808.02, 116.09);
insert into STATION values (8665, '11', 7370, 259505.00, 448801.35, 119.79);
insert into STATION values (8666, '12', 7370, 259502.88, 448790.74, 122.27);
insert into STATION values (8667, '13', 7370, 259503.14, 448785.91, 124.47);
insert into STATION values (8668, '14', 7370, 259504.98, 448785.89, 125.24);
insert into STATION values (8669, '15', 7370, 259507.98, 448785.54, 127.97);
insert into STATION values (8670, '16', 7370, 259508.12, 448783.06, 129.41);
insert into STATION values (8671, '17', 7370, 259511.44, 448782.70, 133.01);
insert into STATION values (8672, '18', 7370, 259513.04, 448783.20, 134.40);
insert into STATION values (8673, '19', 7370, 259514.62, 448781.88, 136.87);
insert into STATION values (8674, '20', 7370, 259515.67, 448779.48, 138.41);
insert into STATION values (8675, '21', 7370, 259494.97, 448778.98, 124.01);
insert into STATION values (8676, '22', 7370, 259493.42, 448774.13, 124.38);
insert into STATION values (8677, '0', 7374, 259507.89, 448800.27, 81.38);
insert into STATION values (8678, '1', 7374, 259504.21, 448800.32, 81.28);
insert into STATION values (8679, '2', 7374, 259503.93, 448798.70, 80.02);
insert into STATION values (8680, '3', 7374, 259501.52, 448800.25, 78.72);
insert into STATION values (8681, '4', 7374, 259496.64, 448803.58, 78.12);
insert into STATION values (8682, '5', 7374, 259494.38, 448801.32, 78.73);
insert into STATION values (8683, '6', 7374, 259482.17, 448800.74, 78.07);
insert into STATION values (8684, '7', 7374, 259480.57, 448796.78, 78.32);
insert into STATION values (8685, '8', 7374, 259475.27, 448796.18, 79.38);
insert into STATION values (8686, '9', 7374, 259472.61, 448793.07, 79.13);
insert into STATION values (8687, '10', 7374, 259469.40, 448793.75, 76.63);
insert into STATION values (8688, '11', 7374, 259472.30, 448791.70, 77.03);
insert into STATION values (8689, '12', 7374, 259474.93, 448791.50, 76.78);
insert into STATION values (8690, '13', 7374, 259473.10, 448791.56, 76.16);
insert into STATION values (8691, '14', 7374, 259472.19, 448791.62, 74.92);
insert into STATION values (8692, '15', 7374, 259468.35, 448788.90, 73.29);
insert into STATION values (8693, '16', 7374, 259466.27, 448787.88, 72.38);
insert into STATION values (8694, '200', 7461, 261865.41, 452366.86, 53.08);
insert into STATION values (8695, '201', 7461, 261863.14, 452352.26, 53.42);
insert into STATION values (8696, '202', 7461, 261860.54, 452322.47, 52.44);
insert into STATION values (8697, '203', 7461, 261841.09, 452316.25, 52.86);
insert into STATION values (8698, '204', 7461, 261825.93, 452319.12, 51.85);
insert into STATION values (8699, '205', 7461, 261817.18, 452282.99, 53.09);
insert into STATION values (8700, '206', 7461, 261811.42, 452276.53, 55.46);
insert into STATION values (8701, '1', 7465, 261865.41, 452366.86, 53.08);
insert into STATION values (8702, '2', 7465, 261868.10, 452374.95, 53.38);
insert into STATION values (8703, '3', 7465, 261869.94, 452375.39, 51.04);
insert into STATION values (8704, '4', 7465, 261874.17, 452376.44, 47.83);
insert into STATION values (8705, '5', 7465, 261876.17, 452377.32, 47.93);
insert into STATION values (8706, '6', 7465, 261879.76, 452376.54, 47.06);
insert into STATION values (8707, '7', 7465, 261883.91, 452376.30, 47.52);
insert into STATION values (8708, '8', 7465, 261891.74, 452376.80, 43.44);
insert into STATION values (8709, '9', 7465, 261905.72, 452368.57, 35.94);
insert into STATION values (8710, '10', 7465, 261908.52, 452377.89, 32.66);
insert into STATION values (8711, '11', 7465, 261902.19, 452388.34, 30.38);
insert into STATION values (8712, '12', 7465, 261896.85, 452387.40, 28.48);
insert into STATION values (8713, '13', 7465, 261920.09, 452363.03, 28.13);
insert into STATION values (8714, '14', 7465, 261917.75, 452353.91, 28.34);
insert into STATION values (8715, '15', 7465, 261913.21, 452337.88, 34.14);
insert into STATION values (8716, '100', 7465, 261914.42, 452333.74, 33.97);
insert into STATION values (8717, '16', 7465, 261921.70, 452332.34, 36.95);
insert into STATION values (8718, '17', 7465, 261926.98, 452346.10, 47.46);
insert into STATION values (8719, '18', 7465, 261934.24, 452352.39, 52.92);
insert into STATION values (8720, '19', 7465, 261936.78, 452365.41, 55.47);
insert into STATION values (8721, '20', 7465, 261945.54, 452380.66, 50.40);
insert into STATION values (8722, '21', 7465, 261949.71, 452389.53, 50.98);
insert into STATION values (8723, '22', 7465, 261950.43, 452394.36, 49.89);
insert into STATION values (8724, '23', 7465, 261937.64, 452348.07, 54.75);
insert into STATION values (8725, '0', 7562, 261914.42, 452333.74, 33.97);
insert into STATION values (8726, '1', 7562, 261908.10, 452322.90, 36.25);
insert into STATION values (8727, '2', 7562, 261908.24, 452315.10, 38.21);
insert into STATION values (8728, '3', 7562, 261918.59, 452312.24, 38.08);
insert into STATION values (8729, '4', 7562, 261926.58, 452309.33, 41.06);
insert into STATION values (8730, '5', 7562, 261934.32, 452312.50, 42.40);
insert into STATION values (8731, '6', 7562, 261936.89, 452310.83, 43.77);
insert into STATION values (8732, '7', 7562, 261936.17, 452307.03, 45.77);
insert into STATION values (8733, '8', 7562, 261934.35, 452298.73, 45.72);
insert into STATION values (8734, '9', 7562, 261930.80, 452296.08, 45.87);
insert into STATION values (8735, '10', 7562, 261924.86, 452294.35, 49.22);
insert into STATION values (8736, '11', 7562, 261920.02, 452293.21, 49.78);
insert into STATION values (8737, '12', 7562, 261915.93, 452291.26, 51.54);
insert into STATION values (8738, '13', 7562, 261914.02, 452289.16, 52.96);
insert into STATION values (8739, '14', 7562, 261915.00, 452280.97, 53.02);
insert into STATION values (8740, '15', 7562, 261920.01, 452299.20, 55.25);
insert into STATION values (8741, '16', 7562, 261942.98, 452320.54, 39.35);
insert into STATION values (8742, '17', 7562, 261915.87, 452310.11, 39.30);
insert into STATION values (8743, '18', 7562, 261913.56, 452302.19, 41.79);
insert into STATION values (8744, '19', 7562, 261914.19, 452296.47, 40.26);
insert into STATION values (8745, '22', 7634, 261950.43, 452394.36, 49.89);
insert into STATION values (8746, '23', 7634, 261962.00, 452421.63, 38.64);
insert into STATION values (8747, '24', 7634, 261964.51, 452430.78, 35.22);
insert into STATION values (8748, '25', 7634, 261971.27, 452441.24, 38.38);
insert into STATION values (8749, '26', 7634, 261970.52, 452449.85, 41.13);
insert into STATION values (8750, '27', 7634, 261972.13, 452451.27, 40.66);
insert into STATION values (8751, '28', 7634, 261968.24, 452452.56, 34.78);
insert into STATION values (8752, '29', 7634, 261956.29, 452446.10, 46.59);
insert into STATION values (8753, '30', 7634, 261951.21, 452420.63, 33.49);
insert into STATION values (8754, '31', 7634, 261946.23, 452414.96, 32.44);
insert into STATION values (8755, '32', 7634, 261944.24, 452425.30, 36.30);
insert into STATION values (8756, '33', 7634, 261947.29, 452427.91, 40.68);
insert into STATION values (8757, '34', 7634, 261945.80, 452428.78, 41.48);
insert into STATION values (8758, '35', 7634, 261953.53, 452428.46, 49.25);
insert into STATION values (8759, '36', 7634, 261952.74, 452431.35, 48.92);
insert into STATION values (8760, '37', 7634, 261952.72, 452441.77, 48.46);
insert into STATION values (8761, '38', 7634, 261963.40, 452450.06, 41.06);
insert into STATION values (8762, '1', 7773, 261709.01, 452101.83, 101.46);
insert into STATION values (8763, '2', 7773, 261723.13, 452105.59, 99.40);
insert into STATION values (8764, '1a', 7773, 261721.37, 452093.90, 103.05);
insert into STATION values (8765, '1ba', 7773, 261721.44, 452101.79, 101.74);
insert into STATION values (8766, '1bb', 7773, 261713.41, 452085.62, 102.54);
insert into STATION values (8767, '1bc', 7773, 261700.55, 452104.71, 98.72);
insert into STATION values (8768, '1bd', 7773, 261698.64, 452091.92, 98.70);
insert into STATION values (8769, '1be', 7773, 261710.69, 452115.71, 99.29);
insert into STATION values (8770, '1bf', 7773, 261723.24, 452120.51, 101.25);
insert into STATION values (8771, '1bg', 7773, 261715.07, 452105.41, 105.36);
insert into STATION values (8772, '1bh', 7773, 261709.48, 452101.04, 106.65);
insert into STATION values (8773, '1bi', 7773, 261708.37, 452091.03, 119.40);
insert into STATION values (8774, '1bj', 7773, 261706.94, 452093.51, 98.15);
insert into STATION values (8775, '1bk', 7773, 261709.55, 452102.10, 100.42);
insert into STATION values (8776, '1bl', 7773, 261716.24, 452108.76, 97.85);
insert into STATION values (8777, '2bm', 7773, 261722.23, 452111.43, 99.44);
insert into STATION values (8778, '2bn', 7773, 261720.63, 452119.76, 101.22);
insert into STATION values (8779, '2bo', 7773, 261723.31, 452106.30, 100.52);
insert into STATION values (8780, '2bp', 7773, 261723.06, 452106.57, 97.58);
insert into STATION values (8781, '2bq', 7773, 261723.70, 452108.53, 101.59);
insert into STATION values (8782, '2br', 7773, 261709.24, 452115.14, 99.52);
insert into STATION values (8783, '2bs', 7773, 261729.26, 452107.54, 99.20);
insert into STATION values (8784, '2bt', 7773, 261722.56, 452103.83, 100.05);
insert into STATION values (8785, '2bu', 7773, 261718.40, 452102.86, 100.25);
insert into STATION values (8786, '2bv', 7773, 261718.58, 452106.61, 107.08);
insert into STATION values (8787, '3', 7773, 261740.72, 452104.51, 99.90);
insert into STATION values (8788, '3a', 7773, 261735.52, 452122.54, 101.31);
insert into STATION values (8789, '3ba', 7773, 261739.51, 452108.82, 99.79);
insert into STATION values (8790, '3bb', 7773, 261737.42, 452113.84, 108.11);
insert into STATION values (8791, '3bc', 7773, 261740.24, 452105.57, 101.15);
insert into STATION values (8792, '3bd', 7773, 261740.38, 452106.38, 98.64);
insert into STATION values (8793, '3be', 7773, 261740.86, 452104.59, 98.82);
insert into STATION values (8794, '3bf', 7773, 261740.56, 452103.75, 99.58);
insert into STATION values (8795, '3bg', 7773, 261740.47, 452103.72, 99.62);
insert into STATION values (8796, '3bh', 7773, 261740.27, 452103.58, 99.54);
insert into STATION values (8797, '3bi', 7773, 261737.18, 452103.01, 99.20);
insert into STATION values (8798, '3bj', 7773, 261736.39, 452104.94, 98.68);
insert into STATION values (8799, '3bk', 7773, 261731.12, 452106.36, 99.33);
insert into STATION values (8800, '3bl', 7773, 261731.86, 452101.90, 99.19);
insert into STATION values (8801, '4', 7773, 261740.04, 452099.90, 96.37);
insert into STATION values (8802, '4a', 7773, 261744.72, 452101.62, 93.94);
insert into STATION values (8803, '4ba', 7773, 261742.49, 452103.88, 94.50);
insert into STATION values (8804, '4bb', 7773, 261741.04, 452103.82, 96.85);
insert into STATION values (8805, '4bc', 7773, 261739.77, 452103.28, 98.03);
insert into STATION values (8806, '4bd', 7773, 261739.08, 452101.27, 96.82);
insert into STATION values (8807, '4be', 7773, 261738.96, 452100.11, 96.47);
insert into STATION values (8808, '4bf', 7773, 261739.69, 452101.34, 98.45);
insert into STATION values (8809, '4bg', 7773, 261740.04, 452101.19, 95.12);
insert into STATION values (8810, '4bh', 7773, 261740.51, 452104.43, 93.24);
insert into STATION values (8811, '5', 7773, 261748.33, 452101.65, 89.65);
insert into STATION values (8812, '5a', 7773, 261748.71, 452102.71, 89.15);
insert into STATION values (8813, '5ba', 7773, 261748.44, 452098.80, 89.58);
insert into STATION values (8814, '5bb', 7773, 261748.51, 452101.49, 90.12);
insert into STATION values (8815, '5bc', 7773, 261748.38, 452101.36, 88.89);
insert into STATION values (8816, '5bd', 7773, 261743.83, 452102.96, 94.37);
insert into STATION values (8817, '5be', 7773, 261747.29, 452100.76, 90.58);
insert into STATION values (8818, '5bf', 7773, 261747.52, 452098.72, 89.41);
insert into STATION values (8819, '5bg', 7773, 261751.21, 452097.57, 89.26);
insert into STATION values (8820, '5bh', 7773, 261752.25, 452103.89, 87.65);
insert into STATION values (8821, '6', 7773, 261752.28, 452099.66, 89.17);
insert into STATION values (8822, '6a', 7773, 261750.28, 452099.75, 91.63);
insert into STATION values (8823, '6ba', 7773, 261756.46, 452107.28, 91.23);
insert into STATION values (8824, '6bb', 7773, 261756.52, 452100.32, 90.70);
insert into STATION values (8825, '6bc', 7773, 261751.08, 452094.78, 89.93);
insert into STATION values (8826, '6bd', 7773, 261747.01, 452093.88, 93.63);
insert into STATION values (8827, '6be', 7773, 261750.53, 452099.31, 90.98);
insert into STATION values (8828, '6bf', 7773, 261759.02, 452097.25, 112.04);
insert into STATION values (8829, '6bg', 7773, 261751.88, 452099.82, 87.85);
insert into STATION values (8830, '7', 7773, 261756.77, 452095.75, 94.08);
insert into STATION values (8831, '7bb', 7773, 261759.81, 452100.07, 95.48);
insert into STATION values (8832, '7bc', 7773, 261754.34, 452092.74, 94.58);
insert into STATION values (8833, '7bd', 7773, 261759.69, 452095.03, 111.33);
insert into STATION values (8834, '7be', 7773, 261756.73, 452095.73, 93.50);
insert into STATION values (8835, '7bf', 7773, 261751.92, 452096.56, 94.66);
insert into STATION values (8836, '7bg', 7773, 261755.38, 452100.83, 94.68);
insert into STATION values (8837, '7bh', 7773, 261747.52, 452102.30, 95.83);
insert into STATION values (8838, '7bi', 7773, 261761.75, 452096.06, 95.64);
insert into STATION values (8839, '7bj', 7773, 261757.56, 452093.18, 95.57);
insert into STATION values (8840, '7bk', 7773, 261771.08, 452111.15, 137.36);
insert into STATION values (8841, '7bl', 7773, 261765.33, 452101.66, 108.82);
insert into STATION values (8842, '7bm', 7773, 261765.55, 452101.81, 109.25);
insert into STATION values (8843, '8', 7773, 261765.29, 452101.65, 108.81);
insert into STATION values (8844, '8a', 7773, 261761.07, 452105.93, 108.88);
insert into STATION values (8845, '8ba', 7773, 261765.95, 452100.37, 109.04);
insert into STATION values (8846, '8bb', 7773, 261769.04, 452109.48, 136.17);
insert into STATION values (8847, '8bc', 7773, 261757.66, 452095.84, 93.78);
insert into STATION values (8848, '8bd', 7773, 261756.65, 452097.75, 107.67);
insert into STATION values (8849, '8be', 7773, 261754.17, 452103.33, 108.03);
insert into STATION values (8850, '8bf', 7773, 261758.42, 452104.62, 108.60);
insert into STATION values (8851, '8bg', 7773, 261765.22, 452105.40, 110.85);
insert into STATION values (8852, '8bh', 7773, 261765.64, 452101.64, 109.28);
insert into STATION values (8853, '8bi', 7773, 261767.48, 452101.15, 111.05);
insert into STATION values (8854, '8bj', 7773, 261763.86, 452096.70, 113.06);
insert into STATION values (8855, '9', 7773, 261777.17, 452109.08, 126.76);
insert into STATION values (8856, '9a', 7773, 261779.17, 452100.36, 128.17);
insert into STATION values (8857, '9ba', 7773, 261776.96, 452109.94, 126.66);
insert into STATION values (8858, '9bb', 7773, 261773.95, 452102.03, 144.17);
insert into STATION values (8859, '9bc', 7773, 261775.34, 452107.33, 122.87);
insert into STATION values (8860, '9bd', 7773, 261753.67, 452094.62, 93.86);
insert into STATION values (8861, '9be', 7773, 261772.50, 452097.56, 126.54);
insert into STATION values (8862, '9bf', 7773, 261768.13, 452100.31, 124.87);
insert into STATION values (8863, '9bg', 7773, 261761.18, 452103.32, 124.06);
insert into STATION values (8864, '9bh', 7773, 261772.96, 452111.09, 126.41);
insert into STATION values (8865, '9bi', 7773, 261776.21, 452109.46, 124.61);
insert into STATION values (8866, '9bj', 7773, 261774.22, 452109.44, 124.40);
insert into STATION values (8867, '9bk', 7773, 261778.83, 452110.26, 126.59);
insert into STATION values (8868, '9bl', 7773, 261781.43, 452108.41, 126.23);
insert into STATION values (8869, '9bm', 7773, 261786.34, 452108.00, 131.89);
insert into STATION values (8870, '9bn', 7773, 261781.48, 452108.78, 127.06);
insert into STATION values (8871, '9bo', 7773, 261783.25, 452109.66, 128.22);
insert into STATION values (8872, '10', 7773, 261781.48, 452108.78, 127.06);
insert into STATION values (8873, '10a', 7773, 261781.27, 452113.71, 128.24);
insert into STATION values (8874, '10ba', 7773, 261778.10, 452101.32, 128.63);
insert into STATION values (8875, '10bb', 7773, 261780.35, 452123.48, 156.64);
insert into STATION values (8876, '10bc', 7773, 261781.49, 452109.22, 132.85);
insert into STATION values (8877, '10bd', 7773, 261781.49, 452109.02, 124.93);
insert into STATION values (8878, '10be', 7773, 261778.03, 452110.26, 126.91);
insert into STATION values (8879, '10bf', 7773, 261780.01, 452112.10, 127.33);
insert into STATION values (8880, '10bg', 7773, 261774.16, 452113.37, 133.76);
insert into STATION values (8881, '10bh', 7773, 261786.32, 452111.87, 131.81);
insert into STATION values (8882, '10bi', 7773, 261786.77, 452105.87, 130.35);
insert into STATION values (8883, '10bj', 7773, 261778.52, 452114.85, 137.79);
insert into STATION values (8884, '10bk', 7773, 261778.38, 452115.96, 137.23);
insert into STATION values (8885, '11', 7773, 261780.29, 452116.58, 140.09);
insert into STATION values (8886, '11a', 7773, 261780.16, 452116.44, 140.17);
insert into STATION values (8887, '11ba', 7773, 261778.70, 452114.11, 141.39);
insert into STATION values (8888, '11bb', 7773, 261780.58, 452116.86, 140.18);
insert into STATION values (8889, '11bc', 7773, 261781.51, 452116.29, 152.08);
insert into STATION values (8890, '11bd', 7773, 261781.60, 452109.12, 125.36);
insert into STATION values (8891, '11be', 7773, 261785.85, 452111.78, 133.07);
insert into STATION values (8892, '11bf', 7773, 261779.59, 452110.80, 138.30);
insert into STATION values (8893, '11bg', 7773, 261777.33, 452115.91, 143.39);
insert into STATION values (8894, '11bh', 7773, 261781.89, 452120.89, 143.98);
insert into STATION values (8895, '11bi', 7773, 261779.25, 452122.33, 147.74);
insert into STATION values (8896, '12', 7773, 261778.22, 452117.77, 144.51);
insert into STATION values (8897, '12a', 7773, 261777.74, 452114.95, 146.20);
insert into STATION values (8898, '12ba', 7773, 261782.29, 452127.03, 145.73);
insert into STATION values (8899, '12bb', 7773, 261779.88, 452119.55, 152.01);
insert into STATION values (8900, '12bc', 7773, 261784.76, 452110.33, 127.75);
insert into STATION values (8901, '12bd', 7773, 261781.79, 452112.61, 143.73);
insert into STATION values (8902, '12be', 7773, 261786.57, 452115.63, 143.16);
insert into STATION values (8903, '12bf', 7773, 261788.13, 452118.88, 143.72);
insert into STATION values (8904, '12bg', 7773, 261789.71, 452119.41, 148.53);
insert into STATION values (8905, '12bh', 7773, 261783.36, 452115.85, 151.13);
insert into STATION values (8906, '12bi', 7773, 261779.43, 452124.99, 155.32);
insert into STATION values (8907, '12bj', 7773, 261770.50, 452123.63, 152.52);
insert into STATION values (8908, '12bk', 7773, 261776.27, 452119.25, 146.53);
insert into STATION values (8909, '13', 7773, 261770.51, 452123.62, 152.52);
insert into STATION values (8910, '13a', 7773, 261769.70, 452121.15, 152.69);
insert into STATION values (8911, '13ba', 7773, 261770.35, 452124.06, 152.97);
insert into STATION values (8912, '13bb', 7773, 261768.19, 452122.43, 156.60);
insert into STATION values (8913, '13bc', 7773, 261770.18, 452123.07, 151.32);
insert into STATION values (8914, '13bd', 7773, 261773.45, 452119.99, 149.02);
insert into STATION values (8915, '13be', 7773, 261774.02, 452122.14, 149.17);
insert into STATION values (8916, '13bf', 7773, 261772.39, 452121.00, 150.95);
insert into STATION values (8917, '13bg', 7773, 261771.63, 452123.45, 151.89);
insert into STATION values (8918, '14', 7773, 261763.86, 452123.56, 154.88);
insert into STATION values (8919, '14a', 7773, 261763.92, 452121.94, 154.65);
insert into STATION values (8920, '14ba', 7773, 261764.34, 452125.49, 155.31);
insert into STATION values (8921, '14bb', 7773, 261772.87, 452121.45, 182.70);
insert into STATION values (8922, '14bc', 7773, 261763.57, 452123.24, 153.31);
insert into STATION values (8923, '14bd', 7773, 261765.39, 452122.34, 154.21);
insert into STATION values (8924, '14be', 7773, 261770.83, 452121.30, 152.11);
insert into STATION values (8925, '14bf', 7773, 261767.94, 452125.47, 154.64);
insert into STATION values (8926, '14bg', 7773, 261766.78, 452126.77, 154.89);
insert into STATION values (8927, '14bh', 7773, 261765.13, 452125.86, 154.95);
insert into STATION values (8928, '14bi', 7773, 261767.82, 452127.83, 157.97);
insert into STATION values (8929, '14bj', 7773, 261764.32, 452123.83, 155.62);
insert into STATION values (8930, '14bk', 7773, 261768.41, 452126.55, 162.72);
insert into STATION values (8931, '15', 7773, 261767.63, 452126.26, 155.89);
insert into STATION values (8932, '15a', 7773, 261764.27, 452126.81, 156.34);
insert into STATION values (8933, '15ba', 7773, 261769.60, 452123.99, 156.32);
insert into STATION values (8934, '15bb', 7773, 261767.17, 452122.64, 177.22);
insert into STATION values (8935, '15bc', 7773, 261766.97, 452125.05, 153.71);
insert into STATION values (8936, '15bd', 7773, 261768.20, 452126.10, 158.82);
insert into STATION values (8937, '15be', 7773, 261762.21, 452124.40, 156.30);
insert into STATION values (8938, '15bf', 7773, 261767.15, 452120.33, 175.85);
insert into STATION values (8939, '15bg', 7773, 261759.55, 452127.63, 164.84);
insert into STATION values (8940, '15bh', 7773, 261765.43, 452119.07, 153.22);
insert into STATION values (8941, '15bi', 7773, 261769.50, 452121.87, 156.44);
insert into STATION values (8942, '10bl', 7773, 261775.77, 452113.57, 133.75);
insert into STATION values (8943, '10bm', 7773, 261775.47, 452113.84, 134.06);
insert into STATION values (8944, '16', 7773, 261775.76, 452113.57, 133.71);
insert into STATION values (8945, '16a', 7773, 261775.17, 452112.09, 133.74);
insert into STATION values (8946, '16ba', 7773, 261775.45, 452113.62, 136.61);
insert into STATION values (8947, '16bb', 7773, 261775.72, 452113.39, 132.03);
insert into STATION values (8948, '16bc', 7773, 261780.08, 452108.92, 125.35);
insert into STATION values (8949, '16bd', 7773, 261782.60, 452109.17, 125.71);
insert into STATION values (8950, '16be', 7773, 261776.55, 452111.27, 131.62);
insert into STATION values (8951, '16bf', 7773, 261776.27, 452113.70, 133.90);
insert into STATION values (8952, '16bg', 7773, 261775.15, 452113.80, 134.13);
insert into STATION values (8953, '16bh', 7773, 261774.43, 452112.14, 133.86);
insert into STATION values (8954, '16bi', 7773, 261774.42, 452113.35, 134.74);
insert into STATION values (8955, '16bj', 7773, 261775.56, 452113.54, 133.87);
insert into STATION values (8956, '17', 7773, 261771.97, 452112.97, 136.43);
insert into STATION values (8957, '17a', 7773, 261771.84, 452118.22, 145.30);
insert into STATION values (8958, '17ba', 7773, 261772.02, 452118.36, 145.75);
insert into STATION values (8959, '17bb', 7773, 261771.97, 452114.47, 139.03);
insert into STATION values (8960, '18', 7773, 261772.00, 452118.37, 145.74);
insert into STATION values (8961, 'clearwater_cave_fake.0', 71, 259115.52, 449172.92, 28.34);
insert into STATION_FLAG values(8961, 'fix');
insert into STATION values (8962, '1', 7900, 261877.00, 449888.00, 81.00);
insert into STATION_FLAG values(8962, 'fix');
insert into STATION values (8963, '2', 7900, 261916.37, 449919.50, 82.00);
insert into STATION values (8964, '3', 7900, 261892.75, 449935.24, 81.00);
insert into STATION values (8965, '4', 7900, 261947.87, 449958.87, 80.00);
insert into STATION values (8966, '5', 7900, 261963.61, 449998.24, 81.00);
insert into STATION values (8967, '6', 7900, 262010.86, 450013.98, 71.00);
insert into STATION values (8968, '7', 7900, 261971.49, 450021.86, 75.00);
insert into STATION values (8969, '8', 7900, 261932.12, 450013.98, 74.00);
insert into STATION values (8970, '9', 7900, 261924.24, 450053.35, 73.00);
insert into STATION values (8971, '10', 7900, 261947.87, 450124.22, 74.00);
insert into STATION values (8972, '11', 7900, 261869.13, 450116.35, 74.00);
insert into STATION values (8973, '12', 7900, 261806.13, 450084.85, 76.00);
insert into STATION values (8974, '13', 7900, 261766.76, 450084.85, 75.00);
insert into STATION values (8975, '14', 7900, 261735.27, 450061.23, 73.00);
insert into STATION values (8976, '15', 7900, 261711.65, 450061.23, 74.00);
insert into STATION values (8977, '16', 7900, 261688.02, 450029.73, 75.00);
insert into STATION values (8978, '17', 7900, 261625.03, 450021.86, 77.00);
insert into STATION values (8979, '18', 7900, 261569.91, 450006.11, 81.00);
insert into STATION values (8980, '19', 7900, 261554.17, 450006.11, 74.00);
insert into STATION values (8981, '25', 7900, 261829.76, 449880.13, 81.00);
insert into STATION values (8982, '817', 7936, 260808.55, 449968.36, 364.00);
insert into STATION values (8983, '825', 7936, 260989.27, 449932.21, 368.00);
insert into STATION values (8984, '826', 7936, 261001.32, 449944.26, 368.00);
insert into STATION values (8985, '827', 7936, 261031.44, 449926.19, 394.00);
insert into STATION values (8986, '828', 7936, 261067.59, 449932.21, 407.00);
insert into STATION values (8987, '829', 7936, 261091.68, 449938.24, 418.00);
insert into STATION values (8988, '830', 7936, 261115.78, 449980.41, 438.00);
insert into STATION values (8989, '831', 7936, 261121.80, 450004.50, 440.00);
insert into STATION values (8990, '832', 7936, 261115.78, 450034.62, 445.00);
insert into STATION values (8991, '835', 7936, 261115.78, 449980.41, 460.00);
insert into STATION values (8992, '840', 7936, 261176.02, 449998.48, 448.00);
insert into STATION values (8993, '845', 7936, 261013.37, 449896.07, 390.00);
insert into STATION_FLAG values(8993, 'fix');
insert into STATION values (8994, '0', 7955, 261380.00, 451788.00, 536.00);
insert into STATION_FLAG values(8994, 'fix');
insert into STATION values (8995, '1', 7955, 261380.17, 451788.98, 535.98);
insert into STATION values (8996, '2', 7955, 261380.17, 451788.98, 385.98);
insert into STATION values (8997, '3', 7955, 261274.11, 451788.98, 279.92);
insert into STATION values (8998, '4', 7955, 261231.68, 451788.98, 237.49);
