create table SURVEY (ID integer, PARENT_ID integer, NAME varchar(32), FULL_NAME varchar(50), TITLE varchar(61));
create table CENTRELINE (ID integer, SURVEY_ID integer, TITLE varchar(26), TOPO_DATE date, EXPLO_DATE date, LENGTH real, SURFACE_LENGTH real, DUPLICATE_LENGTH real);
create table PERSON (ID integer, NAME varchar(10), SURNAME varchar(14));
create table EXPLO (PERSON_ID integer, CENTRELINE_ID integer);
create table TOPO (PERSON_ID integer, CENTRELINE_ID integer);
create table STATION (ID integer, NAME varchar(24), SURVEY_ID integer, X real, Y real, Z real);
create table STATION_FLAG (STATION_ID integer, FLAG char(3));
create table SHOT (ID integer, FROM_ID integer, TO_ID integer, CENTRELINE_ID integer, LENGTH real, BEARING real, GRADIENT real, ADJ_LENGTH real, ADJ_BEARING real, ADJ_GRADIENT real, ERR_LENGTH real, ERR_BEARING real, ERR_GRADIENT real);
create table SHOT_FLAG (SHOT_ID integer, FLAG char(3));
create table MAPS (ID integer, SURVEY_ID integer, NAME varchar(32), TITLE varchar(61), PROJID integer, LENGTH real, DEPTH real);
create table SCRAPS (ID integer, SURVEY_ID integer, NAME varchar(32), PROJID integer, MAX_DISTORTION real, AVG_DISTORTION real);
create table MAPITEMS (ID integer, TYPE integer, ITEMID integer);
insert into SURVEY values (1, 0, '', '', NULL);
 insert into CENTRELINE values (2, 1, NULL, NULL, NULL, 0.00, 0.00, 0.00);
 insert into SURVEY values (68, 1, 'clearwater_master', 'clearwater_master', NULL);
 insert into CENTRELINE values (69, 68, NULL, NULL, NULL, 0.00, 0.00, 0.00);
 insert into SURVEY values (70, 68, 'snow_slopes', 'snow_slopes.clearwater_master', NULL);
 insert into CENTRELINE values (71, 70, NULL, NULL, NULL, 0.00, 0.00, 0.00);
 insert into CENTRELINE values (72, 70, NULL, '1989-11-02', NULL, 1093.90, 0.00, 0.00);
 insert into SHOT values (1, 1, 2, 72, 30.40, 90.00, 14.00, 30.51, 86.40, 13.96, 1.86, 1.63, 0.17);
insert into SHOT values (2, 2, 3, 72, 20.40, 94.00, 24.00, 20.47, 91.59, 23.80, 0.79, 9.40, -2.71);
insert into SHOT values (3, 3, 4, 72, 21.50, 114.00, -24.00, 21.53, 111.22, -23.48, 0.97, 29.10, 9.74);
insert into SHOT values (4, 4, 5, 72, 25.00, 60.00, -10.00, 25.11, 58.27, -9.03, 0.86, 342.39, 27.65);
insert into SHOT values (5, 5, 6, 72, 14.70, 118.00, -10.00, 14.70, 115.86, -9.71, 0.55, 28.43, 7.64);
insert into SHOT values (6, 6, 7, 72, 21.70, 62.00, 5.00, 21.80, 60.39, 5.16, 0.62, 340.39, 6.36);
insert into SHOT values (7, 7, 8, 72, 29.80, 122.00, 10.00, 29.87, 117.85, 10.51, 2.15, 30.57, 7.37);
insert into SHOT values (8, 8, 9, 72, 11.50, 95.00, 19.00, 11.55, 93.52, 18.95, 0.29, 13.74, 1.20);
insert into SHOT values (9, 9, 10, 72, 27.60, 177.00, 14.00, 27.55, 174.91, 15.26, 1.15, 74.08, 29.89);
insert into SHOT values (10, 10, 11, 72, 19.80, 157.00, 0.00, 19.75, 154.71, 0.35, 0.80, 62.52, 8.60);
insert into SHOT values (11, 11, 12, 72, 30.00, 74.00, -3.00, 30.12, 71.08, -2.30, 1.58, 347.67, 13.18);
insert into SHOT values (12, 12, 13, 72, 30.00, 71.00, 0.00, 30.12, 68.23, 0.53, 1.48, 344.25, 10.87);
insert into SHOT values (13, 13, 14, 72, 14.80, 52.00, 8.00, 14.90, 51.19, 7.98, 0.23, 347.80, 2.53);
insert into SHOT values (14, 14, 15, 72, 24.30, 22.00, 1.00, 24.40, 22.49, 1.39, 0.28, 86.78, 35.95);
insert into SHOT values (15, 15, 16, 72, 30.00, 60.00, -4.00, 30.12, 57.90, -3.22, 1.18, 336.24, 19.93);
insert into SHOT values (16, 16, 17, 72, 27.00, 70.00, 1.00, 27.11, 67.57, 1.42, 1.17, 343.98, 9.79);
insert into SHOT values (17, 17, 18, 72, 30.50, 62.00, 6.00, 30.61, 59.74, 6.15, 1.21, 335.88, 4.36);
insert into SHOT values (18, 18, 19, 72, 27.30, 75.00, -7.00, 27.41, 72.31, -6.18, 1.34, 350.45, 16.36);
insert into SHOT values (19, 19, 20, 72, 30.00, 52.00, -2.00, 30.11, 50.42, -1.33, 0.91, 329.44, 22.50);
insert into SHOT values (20, 20, 21, 72, 30.00, 85.00, 1.00, 30.13, 81.54, 1.48, 1.84, 357.12, 8.03);
insert into SHOT values (21, 21, 22, 72, 13.00, 67.00, 0.00, 13.08, 65.86, 0.26, 0.28, 354.39, 12.45);
insert into SHOT values (22, 22, 23, 72, 13.30, 133.00, 3.00, 13.28, 131.06, 3.24, 0.45, 39.43, 6.82);
insert into SHOT values (23, 23, 24, 72, 30.00, 56.00, -1.00, 30.11, 54.16, -0.40, 1.02, 331.91, 17.89);
insert into SHOT values (24, 24, 25, 72, 18.80, 67.00, -8.00, 18.89, 65.39, -7.36, 0.57, 348.49, 20.11);
insert into SHOT values (25, 25, 26, 72, 19.60, 136.00, 0.00, 19.60, 133.30, 0.35, 0.93, 44.37, 7.42);
insert into SHOT values (26, 26, 27, 72, 20.20, 123.00, 19.00, 20.22, 120.25, 19.38, 0.93, 30.24, 8.28);
insert into SHOT values (27, 27, 28, 72, 30.00, 76.00, -12.00, 30.01, 76.00, -12.00, 0.01, 82.59, -19.98);
insert into SHOT values (28, 28, 29, 72, 27.60, 86.00, 13.00, 27.59, 85.99, 13.01, 0.01, 299.78, 9.37);
insert into SHOT values (29, 29, 30, 72, 30.00, 148.00, -2.00, 30.00, 148.00, -2.01, 0.01, 152.55, -33.42);
insert into SHOT values (30, 30, 31, 72, 21.50, 107.00, 11.00, 21.50, 107.00, 11.00, 0.00, 280.14, -40.11);
insert into SHOT values (31, 31, 32, 72, 10.80, 81.00, 30.00, 10.80, 80.96, 29.99, 0.01, 16.86, -0.00);
insert into SHOT values (32, 32, 33, 72, 16.80, 107.00, -2.00, 16.80, 107.00, -1.98, 0.01, 106.53, 57.42);
insert into SHOT values (33, 30, 34, 72, 11.00, 253.00, -20.00, 10.99, 253.00, -20.00, 0.01, 66.70, 22.37);
insert into SHOT values (34, 34, 35, 72, 27.00, 223.00, -22.00, 27.00, 223.01, -21.99, 0.01, 259.15, 32.01);
insert into SHOT values (35, 35, 36, 72, 27.60, 180.00, 4.00, 27.60, 180.00, 3.99, 0.01, 0.00, -62.33);
insert into SHOT values (36, 36, 37, 72, 5.10, 160.00, 22.00, 5.10, 159.95, 22.00, 0.00, 38.03, -6.40);
insert into SHOT values (37, 37, 38, 72, 31.00, 92.00, -41.00, 31.00, 92.01, -41.00, 0.00, 206.55, -29.07);
insert into SHOT values (38, 38, 39, 72, 22.60, 78.00, 32.00, 22.60, 78.02, 32.01, 0.01, 148.63, 34.16);
insert into SHOT values (39, 39, 40, 72, 17.80, 49.00, 33.00, 17.80, 48.97, 32.99, 0.01, 313.07, -27.00);
insert into SHOT values (40, 40, 41, 72, 13.00, 20.00, -8.00, 13.00, 20.04, -8.01, 0.01, 135.45, -4.29);
insert into SHOT values (41, 41, 42, 72, 26.60, 7.00, -26.00, 26.60, 6.99, -26.00, 0.00, 274.46, 10.43);
insert into SHOT values (42, 42, 43, 72, 15.80, 346.00, 20.00, 15.81, 346.01, 20.02, 0.01, 25.48, 54.75);
insert into SHOT values (43, 43, 44, 72, 10.50, 12.00, 38.00, 10.49, 12.00, 37.99, 0.01, 184.93, -53.28);
insert into SHOT values (44, 39, 45, 72, 16.80, 176.00, -33.00, 16.80, 176.01, -33.01, 0.01, 331.97, -0.61);
insert into SHOT values (45, 45, 46, 72, 18.60, 141.00, 21.00, 18.61, 141.01, 21.01, 0.01, 157.86, 37.95);
insert into SHOT values (46, 46, 47, 72, 15.00, 88.00, 24.00, 15.00, 87.99, 24.00, 0.01, 290.07, -11.53);
insert into SHOT values (47, 45, 48, 72, 11.50, 220.00, -6.00, 11.50, 220.00, -5.99, 0.00, 51.31, 46.05);
insert into SHOT values (48, 48, 49, 72, 29.50, 185.00, 3.00, 29.50, 185.00, 2.99, 0.01, 223.82, -48.10);
insert into SHOT values (49, 49, 50, 72, 26.60, 187.00, 3.00, 26.60, 187.00, 2.99, 0.01, 211.39, -22.26);
insert into SHOT values (50, 50, 51, 72, 10.00, 187.00, 0.00, 9.99, 186.95, 0.00, 0.01, 57.86, 0.00);
insert into SHOT values (51, 15, 52, 72, 10.00, 0.00, 90.00, 10.00, 90.00, 90.00, 0.00, 0.00, 0.00);
insert into SCRAPS values (73, 70, 'snow_slopes_s1', 1, 52.88247, 5.03030);
 insert into SCRAPS values (136, 70, 'snow_slopes_s2', 1, 6.18879, 0.88478);
 insert into MAPS values (141, 70, 'snow_slopes_m', 'Snow Slopes', 1, 1093.900, 39.880);
 insert into MAPITEMS values (141, 4, 73);
 insert into MAPITEMS values (141, 4, 136);
 insert into SURVEY values (143, 68, 'armistice_north', 'armistice_north.clearwater_master', NULL);
 insert into CENTRELINE values (144, 143, NULL, NULL, NULL, 0.00, 0.00, 0.00);
 insert into MAPS values (145, 143, 'armistice_north_m', NULL, 1, 2185.400, 124.300);
 insert into MAPITEMS values (145, 4, 146);
 insert into MAPITEMS values (145, 4, 208);
 insert into MAPITEMS values (145, 4, 248);
 insert into MAPITEMS values (145, 4, 280);
 insert into SCRAPS values (146, 143, 'armistice_s1', 1, 33.31591, 2.83012);
 insert into SCRAPS values (208, 143, 'armistice_s2', 1, 55.85874, 1.25803);
 insert into SCRAPS values (248, 143, 'armistice_s3', 1, 78.47397, 20.70423);
 insert into SCRAPS values (280, 143, 'armistice_s4', 1, 10.04833, 1.00529);
 insert into CENTRELINE values (297, 143, 'armistice north', '1989-11-02', NULL, 2185.40, 0.00, 0.00);
 insert into SHOT values (52, 53, 54, 297, 27.80, 247.00, 34.00, 27.79, 247.01, 34.00, 0.01, 44.03, -37.16);
insert into SHOT values (53, 54, 55, 297, 25.10, 205.00, 2.00, 25.10, 204.99, 2.01, 0.01, 167.20, 35.34);
insert into SHOT values (54, 55, 56, 297, 17.20, 104.00, 6.00, 17.19, 103.98, 6.01, 0.01, 317.16, 10.61);
insert into SHOT values (55, 56, 57, 297, 23.80, 59.00, 3.00, 23.81, 59.01, 2.99, 0.01, 98.54, -36.88);
insert into SHOT values (56, 57, 58, 297, 7.20, 105.00, 4.00, 7.19, 105.02, 3.99, 0.01, 262.32, -16.08);
insert into SHOT values (57, 58, 59, 297, 6.30, 128.00, 1.00, 6.31, 127.98, 1.00, 0.01, 107.01, 0.43);
insert into SHOT values (58, 59, 60, 297, 37.00, 177.00, 1.00, 37.00, 177.01, 1.01, 0.01, 300.85, 30.80);
insert into SHOT values (59, 60, 61, 297, 27.10, 95.00, -2.00, 27.10, 95.00, -2.01, 0.00, 318.22, -81.30);
insert into SHOT values (60, 61, 62, 297, 8.80, 48.00, 0.00, 8.79, 48.04, 0.00, 0.01, 177.77, 0.00);
insert into SHOT values (61, 62, 63, 297, 23.40, 76.00, 5.00, 23.40, 76.00, 5.00, 0.00, 68.95, 19.32);
insert into SHOT values (62, 63, 64, 297, 21.40, 156.00, 8.00, 21.40, 156.00, 8.00, 0.00, 125.30, 68.54);
insert into SHOT values (63, 64, 65, 297, 19.50, 100.00, 30.00, 19.50, 99.99, 30.00, 0.00, 339.34, -0.00);
insert into SHOT values (64, 65, 66, 297, 13.80, 137.00, -4.00, 13.80, 137.00, -3.99, 0.00, 144.69, 48.52);
insert into SHOT values (65, 66, 67, 297, 60.00, 29.00, 10.00, 60.00, 29.00, 10.00, 0.00, 88.91, 18.35);
insert into SHOT values (66, 67, 68, 297, 34.10, 10.00, 0.00, 34.10, 10.00, 0.00, 0.00, 215.81, 0.00);
insert into SHOT values (67, 68, 69, 297, 51.10, 352.00, 13.00, 51.10, 352.00, 12.99, 0.01, 352.91, -49.44);
insert into SHOT values (68, 69, 70, 297, 36.20, 19.00, -10.00, 36.20, 19.00, -9.99, 0.01, 57.43, 55.73);
insert into SHOT values (69, 70, 71, 297, 54.00, 15.00, -2.00, 54.00, 14.99, -2.01, 0.01, 282.99, -34.43);
insert into SHOT values (70, 71, 72, 297, 49.30, 7.00, 2.00, 49.30, 7.01, 2.00, 0.01, 116.28, -5.08);
insert into SHOT values (71, 72, 73, 297, 46.00, 335.00, 3.00, 46.00, 334.99, 3.00, 0.01, 244.01, 20.25);
insert into SHOT values (72, 73, 74, 297, 20.20, 22.00, 4.00, 20.21, 22.00, 4.00, 0.01, 11.97, 7.87);
insert into SHOT values (73, 74, 75, 297, 44.50, 21.00, -10.00, 44.50, 21.01, -10.00, 0.01, 122.95, -24.45);
insert into SHOT values (74, 75, 76, 297, 33.50, 55.00, 3.00, 33.50, 54.99, 3.01, 0.01, 290.91, 57.69);
insert into SHOT values (75, 76, 77, 297, 37.40, 32.00, 14.00, 37.39, 32.00, 13.99, 0.01, 183.20, -58.25);
insert into SHOT values (76, 77, 78, 297, 22.50, 350.00, -8.00, 22.50, 350.00, -8.00, 0.00, 200.35, 27.31);
insert into SHOT values (77, 78, 79, 297, 54.30, 20.00, -3.00, 54.31, 20.00, -3.00, 0.01, 39.13, 17.19);
insert into SHOT values (78, 79, 80, 297, 60.00, 0.00, 0.00, 60.00, 0.00, 0.00, 0.00, 90.00, 0.00);
insert into SHOT values (79, 80, 81, 297, 30.30, 125.00, 22.00, 30.30, 125.00, 22.00, 0.00, 322.31, -6.77);
insert into SHOT values (80, 81, 82, 297, 19.00, 60.00, 24.00, 19.01, 60.01, 24.00, 0.01, 80.74, 13.75);
insert into SHOT values (81, 82, 83, 297, 11.30, 53.00, 27.00, 11.29, 53.04, 27.01, 0.01, 185.90, -0.57);
insert into SHOT values (82, 83, 84, 297, 30.70, 75.00, 28.00, 30.70, 74.99, 28.00, 0.01, 326.52, -28.18);
insert into SHOT values (83, 84, 85, 297, 17.30, 145.00, 31.00, 17.30, 145.02, 31.00, 0.01, 243.29, -1.46);
insert into SHOT values (84, 85, 86, 297, 10.10, 190.00, 5.00, 10.10, 189.96, 5.00, 0.01, 100.21, -2.15);
insert into SHOT values (85, 58, 87, 297, 16.60, 10.50, 30.00, 16.60, 10.50, 30.01, 0.01, 178.07, -0.00);
insert into SHOT values (86, 87, 88, 297, 22.60, 7.00, 10.00, 22.60, 7.02, 10.01, 0.01, 95.69, 36.02);
insert into SHOT values (87, 88, 89, 297, 9.90, 35.00, -39.00, 9.90, 34.95, -38.98, 0.01, 338.91, 1.90);
insert into SHOT values (88, 89, 90, 297, 13.30, 59.00, 29.00, 13.30, 59.00, 29.01, 0.00, 219.52, 53.72);
insert into SHOT values (89, 90, 91, 297, 10.70, 18.00, 1.00, 10.70, 18.03, 0.96, 0.01, 139.77, -47.27);
insert into SHOT values (90, 91, 92, 297, 17.10, 5.00, 1.00, 17.10, 5.00, 1.01, 0.00, 183.34, 33.77);
insert into SHOT values (91, 80, 93, 297, 19.60, 22.00, -6.00, 19.60, 22.00, -6.00, 0.00, 212.45, -17.87);
insert into SHOT values (92, 93, 94, 297, 9.10, 351.00, -3.00, 9.10, 351.01, -2.96, 0.01, 20.21, 53.44);
insert into SHOT values (93, 94, 95, 297, 4.10, 327.00, 4.00, 4.10, 326.97, 3.92, 0.01, 265.91, -67.99);
insert into SHOT values (94, 95, 96, 297, 24.00, 319.00, -2.00, 23.99, 319.01, -2.01, 0.01, 108.91, -21.39);
insert into SHOT values (95, 96, 97, 297, 11.70, 21.00, -32.00, 11.70, 20.98, -32.01, 0.01, 241.53, 0.48);
insert into SHOT values (96, 97, 98, 297, 24.60, 6.00, 13.00, 24.60, 6.01, 13.01, 0.01, 68.18, 51.97);
insert into SHOT values (97, 98, 99, 297, 27.70, 23.00, 1.00, 27.70, 22.99, 0.99, 0.01, 344.79, -29.31);
insert into SHOT values (98, 99, 100, 297, 30.50, 59.00, 3.00, 30.50, 59.01, 3.01, 0.01, 162.67, 26.67);
insert into SHOT values (99, 100, 101, 297, 19.90, 42.00, 7.00, 19.90, 41.98, 6.99, 0.01, 284.36, -38.01);
insert into SHOT values (100, 101, 102, 297, 9.40, 297.00, -16.00, 9.40, 296.99, -16.00, 0.00, 155.28, 22.31);
insert into SHOT values (101, 102, 103, 297, 21.30, 9.00, 1.00, 21.31, 8.99, 1.00, 0.01, 344.14, -17.06);
insert into SHOT values (102, 103, 104, 297, 23.00, 355.00, -16.00, 22.99, 355.02, -16.00, 0.01, 125.20, -2.30);
insert into SHOT values (103, 104, 105, 297, 12.20, 18.00, -14.00, 12.20, 18.01, -13.99, 0.00, 48.24, 28.62);
insert into SHOT values (104, 105, 106, 297, 6.60, 280.00, -15.00, 6.60, 280.02, -15.01, 0.00, 329.64, -27.50);
insert into SHOT values (105, 106, 107, 297, 27.30, 5.00, -2.00, 27.30, 5.00, -1.99, 0.00, 77.84, 52.10);
insert into SHOT values (106, 107, 108, 297, 25.70, 4.00, -10.00, 25.70, 3.99, -9.99, 0.01, 290.82, 25.09);
insert into SHOT values (107, 108, 109, 297, 30.70, 351.00, -10.00, 30.70, 351.00, -10.00, 0.00, 197.14, 34.83);
insert into SHOT values (108, 109, 110, 297, 30.60, 325.00, -31.00, 30.59, 325.00, -31.01, 0.01, 142.08, 1.29);
insert into SHOT values (109, 110, 111, 297, 30.60, 352.00, -30.00, 30.61, 352.00, -29.99, 0.01, 346.11, 0.00);
insert into SHOT values (110, 111, 112, 297, 30.70, 340.00, -30.00, 30.70, 340.00, -30.00, 0.00, 137.55, 0.00);
insert into SHOT values (111, 112, 113, 297, 26.90, 10.00, -6.00, 26.90, 9.99, -6.00, 0.01, 304.37, 15.12);
insert into SHOT values (112, 113, 114, 297, 30.50, 345.00, 30.00, 30.50, 344.99, 30.00, 0.01, 223.95, -0.00);
insert into SHOT values (113, 105, 115, 297, 8.80, 125.00, 40.00, 8.80, 124.96, 40.04, 0.01, 342.63, 26.68);
insert into SHOT values (114, 115, 116, 297, 16.00, 82.00, 30.00, 16.00, 82.03, 30.00, 0.01, 190.45, -0.00);
insert into SHOT values (115, 116, 117, 297, 31.10, 84.00, 13.00, 31.10, 84.00, 13.01, 0.01, 51.24, 45.40);
insert into SHOT values (116, 117, 118, 297, 28.60, 18.00, 14.00, 28.59, 17.99, 13.98, 0.01, 247.21, -57.02);
insert into SHOT values (117, 118, 119, 297, 30.70, 18.00, 9.00, 30.70, 18.00, 9.01, 0.01, 359.35, 74.75);
insert into SHOT values (118, 119, 120, 297, 16.10, 5.00, -17.00, 16.10, 4.99, -17.01, 0.00, 317.70, -45.01);
insert into SHOT values (119, 120, 121, 297, 24.50, 137.00, 32.00, 24.50, 137.01, 31.99, 0.01, 180.02, -33.69);
insert into SHOT values (120, 121, 122, 297, 23.00, 118.00, 17.00, 23.00, 117.99, 17.02, 0.01, 355.82, 42.03);
insert into SHOT values (121, 120, 123, 297, 3.20, 310.00, -40.00, 3.20, 310.20, -40.08, 0.01, 61.20, -19.00);
insert into SHOT values (122, 123, 124, 297, 13.10, 23.00, -28.00, 13.09, 23.02, -28.01, 0.01, 175.47, 0.62);
insert into SHOT values (123, 124, 125, 297, 22.50, 356.00, 4.00, 22.50, 355.99, 4.00, 0.00, 263.16, 6.31);
insert into SHOT values (124, 125, 126, 297, 13.40, 61.00, 28.00, 13.40, 60.99, 27.99, 0.00, 26.00, -11.74);
insert into SHOT values (125, 126, 127, 297, 26.20, 25.00, 13.00, 26.20, 25.00, 13.01, 0.01, 19.71, 60.65);
insert into SHOT values (126, 127, 128, 297, 17.20, 326.00, -25.00, 17.20, 325.98, -25.00, 0.00, 221.27, -11.89);
insert into SHOT values (127, 128, 129, 297, 30.50, 340.00, -2.00, 30.50, 339.99, -2.01, 0.01, 236.26, -44.31);
insert into SHOT values (128, 86, 130, 297, 2.60, 211.00, -1.00, 2.59, 211.12, -0.88, 0.01, 352.41, 32.72);
insert into SHOT values (129, 130, 131, 297, 11.10, 240.00, -28.00, 11.10, 240.01, -27.99, 0.00, 278.77, 25.70);
insert into SHOT values (130, 131, 132, 297, 16.30, 240.00, -19.00, 16.31, 239.99, -19.01, 0.01, 215.38, -33.28);
insert into SHOT values (131, 132, 133, 297, 3.80, 225.00, -57.00, 3.80, 225.00, -57.09, 0.01, 45.00, -32.04);
insert into SHOT values (132, 133, 134, 297, 7.70, 200.00, -20.00, 7.70, 199.96, -19.98, 0.01, 98.76, 36.59);
insert into SHOT values (133, 84, 135, 297, 15.20, 81.00, 25.00, 15.21, 80.98, 25.01, 0.01, 36.81, 44.93);
insert into SHOT values (134, 135, 136, 297, 15.60, 60.00, 26.00, 15.59, 60.00, 25.98, 0.01, 257.62, -72.14);
insert into SHOT values (135, 84, 137, 297, 4.70, 302.00, -9.00, 4.70, 301.98, -8.93, 0.01, 270.76, 58.23);
insert into SHOT values (136, 137, 138, 297, 9.70, 331.00, -31.00, 9.70, 331.00, -31.03, 0.00, 154.84, -61.32);
insert into SHOT values (137, 138, 139, 297, 18.30, 310.00, -33.00, 18.31, 310.01, -33.00, 0.01, 327.47, -29.09);
insert into SHOT values (138, 139, 140, 297, 22.10, 37.00, 2.00, 22.11, 37.02, 2.02, 0.01, 83.52, 47.32);
insert into SHOT values (139, 140, 141, 297, 29.80, 41.00, 19.00, 29.79, 41.00, 19.00, 0.01, 227.07, -14.63);
insert into SHOT values (140, 141, 142, 297, 17.50, 355.00, 0.00, 17.50, 355.02, 0.00, 0.01, 123.11, 0.00);
insert into SHOT values (141, 142, 143, 297, 4.40, 55.00, -38.00, 4.40, 54.98, -38.01, 0.00, 350.92, -40.30);
insert into SHOT values (142, 143, 144, 297, 3.90, 52.00, -36.00, 3.90, 51.82, -35.97, 0.01, 319.89, 13.57);
insert into SHOT values (143, 144, 145, 297, 8.20, 101.00, 40.00, 8.20, 101.01, 39.98, 0.00, 110.28, -11.83);
insert into SHOT values (144, 145, 146, 297, 14.20, 23.00, 8.00, 14.19, 22.99, 7.98, 0.01, 227.91, -46.64);
insert into SHOT values (145, 146, 147, 297, 16.70, 20.00, -6.00, 16.70, 19.99, -5.98, 0.01, 351.80, 60.89);
insert into SHOT values (146, 147, 148, 297, 10.00, 39.00, 2.00, 10.00, 38.99, 2.01, 0.00, 10.89, 16.77);
insert into SHOT values (147, 148, 149, 297, 15.50, 5.00, 1.00, 15.49, 5.00, 1.00, 0.01, 184.67, -3.37);
insert into SHOT values (148, 149, 150, 297, 28.10, 23.00, 0.00, 28.10, 23.00, 0.00, 0.00, 6.81, 0.00);
insert into SHOT values (149, 150, 151, 297, 4.00, 87.00, 23.00, 4.00, 87.04, 22.95, 0.01, 131.76, -35.78);
insert into SHOT values (150, 151, 152, 297, 5.20, 40.00, 33.00, 5.20, 39.97, 33.00, 0.00, 256.41, -32.39);
insert into SHOT values (151, 152, 153, 297, 3.90, 134.00, 56.00, 3.90, 133.88, 56.09, 0.01, 13.92, 52.96);
insert into SHOT values (152, 153, 154, 297, 7.60, 38.00, -2.00, 7.60, 38.05, -2.04, 0.01, 143.85, -36.32);
insert into SHOT values (153, 154, 155, 297, 10.70, 78.00, 10.00, 10.70, 78.01, 10.01, 0.00, 106.88, 33.64);
insert into SHOT values (154, 155, 156, 297, 2.30, 146.00, 49.00, 2.29, 146.10, 48.96, 0.01, 284.29, -56.18);
insert into SHOT values (155, 156, 157, 297, 4.10, 41.00, 10.00, 4.10, 40.99, 10.10, 0.01, 20.74, 70.25);
insert into SHOT values (156, 157, 158, 297, 1.60, 50.00, 70.00, 1.60, 50.19, 69.97, 0.00, 155.60, -61.23);
insert into SHOT values (157, 158, 159, 297, 5.50, 168.00, 30.00, 5.50, 168.01, 30.00, 0.00, 198.27, -0.00);
insert into SHOT values (158, 159, 160, 297, 13.10, 31.00, 3.00, 13.11, 30.99, 3.02, 0.01, 19.08, 32.61);
insert into SURVEY values (299, 68, 'armistice_south', 'armistice_south.clearwater_master', NULL);
 insert into CENTRELINE values (300, 299, NULL, NULL, NULL, 0.00, 0.00, 0.00);
 insert into MAPS values (301, 299, 'armistice_south_m', NULL, 1, 1365.600, 103.980);
 insert into MAPITEMS values (301, 4, 303);
 insert into MAPITEMS values (301, 4, 376);
 insert into CENTRELINE values (302, 299, 'armistice south', '1989-11-02', NULL, 1365.60, 0.00, 0.00);
 insert into SHOT values (159, 161, 162, 302, 30.00, 195.00, 17.00, 30.00, 194.99, 17.00, 0.01, 73.35, -11.76);
insert into SHOT values (160, 162, 163, 302, 30.00, 198.00, 15.00, 30.00, 198.01, 15.01, 0.01, 264.70, 45.16);
insert into SHOT values (161, 163, 164, 302, 30.00, 189.00, -11.00, 30.00, 189.01, -11.01, 0.01, 332.96, -39.23);
insert into SHOT values (162, 164, 165, 302, 27.40, 298.00, -16.00, 27.39, 298.00, -16.00, 0.01, 133.05, 17.89);
insert into SHOT values (163, 165, 166, 302, 30.00, 188.00, -24.00, 30.00, 188.01, -24.00, 0.01, 266.50, 19.95);
insert into SHOT values (164, 166, 167, 302, 22.60, 171.00, 16.00, 22.60, 171.00, 16.00, 0.00, 152.48, 10.15);
insert into SHOT values (165, 167, 168, 302, 30.00, 191.00, -2.00, 30.00, 191.00, -2.01, 0.00, 41.78, -68.71);
insert into SHOT values (166, 168, 169, 302, 30.00, 186.00, 3.00, 30.00, 186.00, 3.00, 0.01, 18.08, -0.90);
insert into SHOT values (167, 169, 170, 302, 30.00, 188.00, -7.00, 30.00, 187.99, -7.01, 0.01, 129.84, -36.47);
insert into SHOT values (168, 170, 171, 302, 30.00, 321.00, -22.00, 30.00, 321.00, -21.98, 0.01, 302.63, 53.39);
insert into SHOT values (169, 171, 172, 302, 30.00, 300.00, 10.00, 29.99, 300.00, 9.98, 0.01, 109.26, -55.82);
insert into SHOT values (170, 172, 173, 302, 30.00, 180.00, -4.00, 30.00, 180.00, -3.99, 0.00, 180.00, 41.19);
insert into SHOT values (171, 173, 174, 302, 30.00, 182.00, 15.00, 30.00, 182.02, 15.01, 0.01, 270.81, 31.99);
insert into SHOT values (172, 174, 175, 302, 31.00, 171.00, 25.00, 31.00, 170.99, 25.00, 0.01, 94.23, -13.38);
insert into SHOT values (173, 175, 176, 302, 25.10, 59.00, 14.00, 25.11, 58.99, 13.99, 0.01, 32.60, -16.08);
insert into SHOT values (174, 176, 177, 302, 31.00, 80.00, -8.00, 31.00, 80.00, -7.99, 0.00, 249.95, 64.76);
insert into SHOT values (175, 177, 178, 302, 30.00, 43.00, 25.00, 29.99, 43.00, 24.99, 0.01, 211.34, -55.88);
insert into SHOT values (176, 178, 179, 302, 30.00, 10.00, 9.00, 30.00, 10.01, 9.01, 0.01, 96.01, 55.89);
insert into SHOT values (177, 179, 180, 302, 30.00, 304.00, -44.00, 30.00, 304.01, -44.00, 0.00, 17.51, -5.40);
insert into SHOT values (178, 180, 181, 302, 15.90, 281.00, -16.00, 15.91, 281.01, -16.02, 0.01, 298.49, -43.80);
insert into SHOT values (179, 172, 182, 302, 13.20, 13.00, -3.00, 13.19, 12.98, -3.00, 0.01, 232.48, 7.14);
insert into SHOT values (180, 182, 183, 302, 25.60, 318.00, -17.00, 25.60, 318.01, -16.99, 0.01, 10.50, 34.40);
insert into SHOT values (181, 183, 184, 302, 31.00, 16.00, 17.00, 31.00, 16.00, 16.99, 0.00, 334.85, -47.07);
insert into SHOT values (182, 184, 185, 302, 29.20, 50.00, -10.00, 29.20, 50.01, -10.00, 0.00, 162.62, 6.75);
insert into SHOT values (183, 185, 186, 302, 7.40, 126.00, 11.00, 7.40, 125.99, 10.98, 0.00, 95.31, -31.19);
insert into SHOT values (184, 186, 187, 302, 11.30, 86.00, 36.00, 11.31, 85.99, 36.03, 0.01, 9.34, 73.85);
insert into SHOT values (185, 187, 188, 302, 12.40, 38.00, 32.00, 12.39, 38.00, 32.02, 0.01, 212.44, -7.32);
insert into SHOT values (186, 188, 189, 302, 17.40, 105.00, -15.00, 17.41, 105.00, -15.02, 0.01, 90.00, -49.57);
insert into SHOT values (187, 183, 190, 302, 30.00, 235.00, -24.00, 30.00, 235.00, -24.00, 0.00, 183.40, 80.37);
insert into SHOT values (188, 190, 191, 302, 23.30, 288.00, -22.00, 23.30, 287.98, -22.00, 0.01, 214.27, -13.33);
insert into SHOT values (189, 175, 192, 302, 30.00, 194.00, -13.00, 30.00, 194.00, -13.00, 0.00, 30.29, -24.26);
insert into SHOT values (190, 192, 193, 302, 30.00, 215.00, -8.00, 30.00, 215.01, -8.01, 0.01, 358.23, -41.64);
insert into SHOT values (191, 193, 194, 302, 21.80, 268.00, -13.00, 21.80, 267.98, -12.99, 0.01, 190.89, 23.96);
insert into SHOT values (192, 194, 195, 302, 30.00, 180.00, 20.00, 30.00, 180.00, 20.00, 0.00, 0.00, -37.82);
insert into SHOT values (193, 195, 196, 302, 13.80, 200.00, 5.00, 13.79, 200.00, 4.99, 0.01, 12.84, -17.67);
insert into SHOT values (194, 196, 197, 302, 27.00, 130.00, 18.00, 27.00, 130.01, 18.01, 0.01, 192.10, 56.95);
insert into SHOT values (195, 197, 198, 302, 25.30, 121.00, 19.00, 25.29, 121.00, 18.99, 0.01, 276.44, -54.73);
insert into SHOT values (196, 198, 199, 302, 22.60, 75.00, 15.00, 22.60, 75.00, 15.00, 0.00, 90.00, 9.99);
insert into SHOT values (197, 199, 200, 302, 30.00, 225.00, -18.00, 30.01, 225.00, -17.99, 0.01, 225.00, 4.09);
insert into SHOT values (198, 200, 201, 302, 26.80, 200.00, 11.00, 26.80, 199.98, 11.01, 0.01, 82.15, 38.99);
insert into SHOT values (199, 201, 202, 302, 15.60, 182.00, -11.00, 15.60, 182.02, -11.01, 0.01, 306.06, -26.13);
insert into SHOT values (200, 202, 203, 302, 27.70, 198.00, 9.00, 27.70, 197.99, 8.99, 0.01, 90.99, -36.41);
insert into SHOT values (201, 164, 204, 302, 19.60, 124.00, 4.00, 19.60, 124.02, 4.01, 0.01, 176.09, 23.00);
insert into SHOT values (202, 204, 205, 302, 30.90, 70.00, 3.00, 30.91, 69.99, 3.00, 0.01, 28.50, 22.23);
insert into SHOT values (203, 205, 206, 302, 31.00, 82.00, 31.00, 30.99, 82.02, 30.99, 0.01, 203.80, -34.81);
insert into SHOT values (204, 206, 207, 302, 6.50, 349.00, 23.00, 6.51, 349.03, 22.98, 0.01, 14.05, 2.07);
insert into SHOT values (205, 207, 208, 302, 12.80, 20.00, 4.00, 12.80, 20.01, 3.99, 0.00, 66.26, -43.24);
insert into SHOT values (206, 208, 209, 302, 29.00, 96.00, 22.00, 29.00, 96.00, 22.01, 0.01, 299.94, 79.45);
insert into SHOT values (207, 209, 210, 302, 6.40, 132.00, 55.00, 6.40, 132.02, 54.96, 0.00, 151.61, -31.49);
insert into SHOT values (208, 210, 211, 302, 6.90, 83.00, 10.00, 6.90, 82.98, 10.02, 0.01, 292.53, 20.47);
insert into SHOT values (209, 211, 212, 302, 10.60, 72.00, 14.00, 10.61, 72.01, 13.97, 0.01, 78.24, -27.41);
insert into SHOT values (210, 212, 213, 302, 20.50, 72.00, 29.00, 20.50, 72.00, 29.01, 0.00, 254.90, 32.07);
insert into SHOT values (211, 194, 214, 302, 30.00, 331.00, -6.00, 30.00, 331.01, -6.01, 0.01, 41.87, -30.96);
insert into SHOT values (212, 214, 215, 302, 18.20, 263.00, 13.00, 18.21, 263.01, 13.01, 0.01, 277.73, 34.02);
insert into SHOT values (213, 215, 216, 302, 30.00, 184.00, 1.00, 30.00, 184.00, 0.99, 0.00, 45.14, -46.83);
insert into SHOT values (214, 216, 217, 302, 26.50, 246.00, -4.00, 26.50, 245.98, -4.00, 0.01, 180.13, -10.64);
insert into SHOT values (215, 217, 218, 302, 12.30, 236.00, -25.00, 12.30, 236.01, -25.01, 0.00, 25.83, -23.88);
insert into SCRAPS values (303, 299, 'ArmisticeSouthSP1', 1, 100.00000, 7.42720);
 insert into SCRAPS values (376, 299, 'ArmisticeSouth1SP1', 1, 42.07925, 9.72378);
 insert into SURVEY values (392, 68, 'the_big_uee', 'the_big_uee.clearwater_master', NULL);
 insert into CENTRELINE values (393, 392, NULL, NULL, NULL, 0.00, 0.00, 0.00);
 insert into MAPS values (394, 392, 'the_big_uee_m', NULL, 1, 1907.900, 126.970);
 insert into MAPITEMS values (394, 4, 395);
 insert into MAPITEMS values (394, 4, 413);
 insert into SCRAPS values (395, 392, 'BigUEESP1', 1, 63.44540, 5.95581);
 insert into SCRAPS values (413, 392, 'BigUEESP2', 1, 6.19673, 1.75479);
 insert into CENTRELINE values (431, 392, NULL, '1989-11-01', NULL, 1907.90, 0.00, 0.00);
 insert into SHOT values (216, 219, 220, 431, 18.80, 241.00, -33.00, 18.80, 241.01, -33.01, 0.00, 1.93, -11.12);
insert into SHOT values (217, 220, 221, 431, 30.00, 277.00, -33.00, 30.00, 276.99, -33.00, 0.01, 157.58, -6.99);
insert into SHOT values (218, 221, 222, 431, 30.00, 261.00, -21.00, 30.01, 261.01, -20.99, 0.01, 280.14, 7.86);
insert into SHOT values (219, 222, 223, 431, 13.50, 270.00, -14.00, 13.50, 270.00, -13.97, 0.01, 270.00, 80.38);
insert into SHOT values (220, 223, 224, 431, 22.00, 244.00, -19.00, 22.00, 243.99, -19.02, 0.01, 101.54, -49.93);
insert into SHOT values (221, 224, 225, 431, 31.00, 30.00, -10.00, 31.00, 29.99, -9.99, 0.01, 283.38, 33.66);
insert into SHOT values (222, 225, 226, 431, 15.00, 17.00, 10.00, 15.00, 17.00, 10.02, 0.01, 17.40, 56.33);
insert into SHOT values (223, 224, 227, 431, 17.40, 307.00, -39.00, 17.40, 307.01, -39.00, 0.00, 344.24, 4.69);
insert into SHOT values (224, 227, 228, 431, 22.10, 233.00, -36.00, 22.10, 233.00, -36.00, 0.00, 270.98, 3.17);
insert into SHOT values (225, 228, 229, 431, 30.40, 273.00, -36.00, 30.39, 273.01, -35.99, 0.01, 8.23, 71.67);
insert into SHOT values (226, 229, 230, 431, 30.00, 246.00, -37.00, 30.01, 245.99, -37.00, 0.01, 204.88, -45.37);
insert into SHOT values (227, 230, 231, 431, 30.00, 296.00, -17.00, 30.00, 296.01, -17.00, 0.01, 58.08, 9.84);
insert into SHOT values (228, 231, 232, 431, 30.00, 30.00, -10.00, 29.99, 30.00, -10.00, 0.01, 199.26, -4.94);
insert into SHOT values (229, 232, 233, 431, 30.00, 30.00, 25.00, 30.00, 29.99, 25.00, 0.01, 306.63, 14.17);
insert into SHOT values (230, 233, 234, 431, 30.00, 70.00, 32.00, 30.00, 70.01, 32.00, 0.00, 117.42, 36.90);
insert into SHOT values (231, 234, 235, 431, 31.00, 68.00, 31.00, 31.00, 67.99, 30.99, 0.01, 24.63, -43.68);
insert into SHOT values (232, 235, 236, 431, 23.70, 92.00, 30.00, 23.70, 92.01, 30.00, 0.00, 211.89, -0.00);
insert into SHOT values (233, 236, 237, 431, 28.50, 22.00, 11.00, 28.50, 22.00, 11.00, 0.00, 349.93, 68.42);
insert into SHOT values (234, 237, 238, 431, 30.00, 350.00, -20.00, 30.00, 349.99, -20.00, 0.01, 242.13, 6.45);
insert into SHOT values (235, 238, 239, 431, 16.00, 0.00, -1.00, 16.00, 0.00, -1.00, 0.00, 0.00, -17.35);
insert into SHOT values (236, 239, 240, 431, 20.10, 25.00, -16.00, 20.10, 25.01, -16.00, 0.00, 103.90, 3.89);
insert into SHOT values (237, 240, 241, 431, 22.60, 353.00, -15.00, 22.60, 353.00, -15.00, 0.00, 8.12, -13.73);
insert into SHOT values (238, 241, 242, 431, 23.80, 286.00, -13.00, 23.80, 286.00, -12.99, 0.00, 140.66, 55.58);
insert into SHOT values (239, 242, 243, 431, 30.00, 267.00, -17.00, 30.00, 267.00, -17.00, 0.00, 353.24, 37.80);
insert into SHOT values (240, 243, 244, 431, 29.60, 3.00, 0.00, 29.60, 3.00, 0.00, 0.00, 56.53, 0.00);
insert into SHOT values (241, 244, 245, 431, 30.00, 16.00, -10.00, 30.00, 15.99, -10.00, 0.00, 274.27, -9.00);
insert into SHOT values (242, 245, 246, 431, 30.00, 11.00, 8.00, 30.00, 11.00, 7.99, 0.01, 147.08, -62.99);
insert into SHOT values (243, 246, 247, 431, 30.00, 45.00, 24.00, 30.00, 45.00, 24.00, 0.00, 45.00, -62.45);
insert into SHOT values (244, 247, 248, 431, 30.00, 330.00, 24.00, 30.00, 330.00, 24.02, 0.01, 145.37, 54.68);
insert into SHOT values (245, 248, 249, 431, 22.00, 328.00, 21.00, 22.00, 327.99, 20.99, 0.01, 289.27, -32.32);
insert into SHOT values (246, 249, 250, 431, 31.00, 67.00, 0.00, 31.00, 67.01, 0.00, 0.01, 121.50, 0.00);
insert into SHOT values (247, 250, 251, 431, 20.30, 68.00, 38.00, 20.30, 67.97, 38.00, 0.01, 346.57, 14.92);
insert into SHOT values (248, 251, 252, 431, 30.30, 307.00, 31.00, 30.30, 307.00, 30.99, 0.01, 100.88, -67.53);
insert into SHOT values (249, 252, 253, 431, 11.80, 271.00, 45.00, 11.81, 270.96, 45.00, 0.01, 232.82, 33.43);
insert into SHOT values (250, 253, 254, 431, 30.00, 253.00, 31.00, 30.00, 253.00, 31.00, 0.00, 139.89, -27.81);
insert into SHOT values (251, 254, 255, 431, 11.70, 173.00, -5.00, 11.69, 173.00, -5.01, 0.01, 357.03, -1.85);
insert into SHOT values (252, 251, 256, 431, 6.80, 60.00, 7.00, 6.79, 60.01, 7.02, 0.01, 227.47, 10.59);
insert into SHOT values (253, 256, 257, 431, 30.00, 97.00, 3.00, 30.00, 97.00, 3.00, 0.00, 76.40, -0.99);
insert into SHOT values (254, 246, 258, 431, 30.00, 282.00, 30.00, 30.00, 282.00, 30.00, 0.00, 119.43, -0.00);
insert into SHOT values (255, 258, 259, 431, 19.70, 272.00, 31.00, 19.71, 272.00, 31.00, 0.01, 279.44, 42.12);
insert into SHOT values (256, 259, 260, 431, 30.00, 295.00, 46.00, 30.00, 295.00, 45.99, 0.00, 314.68, -2.85);
insert into SHOT values (257, 245, 261, 431, 30.00, 120.00, 28.00, 30.00, 120.01, 27.99, 0.01, 176.55, -35.58);
insert into SHOT values (258, 261, 262, 431, 23.00, 88.00, 37.00, 23.00, 88.00, 36.99, 0.00, 112.30, -32.11);
insert into SHOT values (259, 262, 263, 431, 13.80, 59.00, 0.00, 13.80, 58.99, 0.00, 0.00, 23.80, 0.00);
insert into SHOT values (260, 263, 264, 431, 23.80, 81.00, 2.00, 23.80, 81.00, 2.00, 0.00, 251.86, -12.24);
insert into SHOT values (261, 262, 265, 431, 15.70, 122.00, -23.00, 15.69, 121.98, -23.00, 0.01, 324.64, 23.62);
insert into SHOT values (262, 265, 266, 431, 22.90, 190.00, -2.00, 22.90, 189.99, -2.00, 0.00, 111.71, -10.24);
insert into SHOT values (263, 266, 267, 431, 25.00, 202.00, -2.00, 25.00, 202.00, -1.99, 0.01, 186.81, 28.63);
insert into SHOT values (264, 240, 268, 431, 30.00, 75.00, 30.00, 30.00, 75.01, 30.00, 0.01, 133.74, -0.00);
insert into SHOT values (265, 268, 269, 431, 18.00, 51.00, 24.00, 17.99, 50.98, 24.00, 0.01, 279.64, -7.65);
insert into SHOT values (266, 237, 270, 431, 24.00, 126.00, 28.00, 24.00, 126.02, 28.01, 0.01, 219.87, 25.10);
insert into SHOT values (267, 270, 271, 431, 10.40, 12.00, 31.00, 10.40, 12.04, 30.97, 0.01, 87.70, -44.24);
insert into SHOT values (268, 271, 272, 431, 30.50, 71.00, 25.00, 30.49, 70.99, 25.00, 0.01, 274.64, 1.28);
insert into SHOT values (269, 272, 273, 431, 18.40, 66.00, 31.00, 18.40, 65.99, 31.00, 0.01, 18.49, 32.04);
insert into SHOT values (270, 270, 274, 431, 25.00, 192.00, 7.00, 25.00, 192.00, 7.01, 0.00, 326.10, 62.43);
insert into SHOT values (271, 236, 275, 431, 29.00, 280.00, -19.00, 29.00, 280.00, -19.00, 0.00, 112.55, 21.47);
insert into SHOT values (272, 275, 276, 431, 31.00, 262.00, -35.00, 31.00, 262.01, -35.00, 0.01, 320.35, 9.23);
insert into SHOT values (273, 276, 277, 431, 30.00, 353.00, -33.00, 30.00, 352.99, -33.00, 0.00, 235.52, -10.32);
insert into SHOT values (274, 277, 278, 431, 27.00, 21.00, 2.00, 27.00, 21.00, 2.00, 0.00, 181.75, -60.06);
insert into SHOT values (275, 278, 279, 431, 18.50, 0.00, -19.00, 18.50, 0.00, -18.99, 0.00, 180.00, 55.19);
insert into SHOT values (276, 279, 280, 431, 19.80, 347.00, 5.00, 19.80, 347.02, 5.01, 0.01, 82.86, 31.16);
insert into SHOT values (277, 280, 281, 431, 23.30, 15.00, 33.00, 23.30, 14.97, 33.00, 0.01, 302.42, -0.57);
insert into SHOT values (278, 281, 282, 431, 31.00, 85.00, 18.00, 31.00, 85.00, 18.00, 0.00, 306.07, 34.27);
insert into SHOT values (279, 282, 283, 431, 20.90, 97.00, 18.00, 20.90, 97.02, 17.98, 0.01, 171.91, -47.79);
insert into SHOT values (280, 283, 284, 431, 9.70, 115.00, 11.00, 9.70, 114.98, 11.05, 0.01, 4.67, 65.91);
insert into SHOT values (281, 230, 285, 431, 15.10, 166.00, -8.00, 15.10, 165.99, -7.99, 0.00, 113.91, 28.68);
insert into SHOT values (282, 285, 286, 431, 24.40, 214.00, -21.00, 24.40, 214.01, -20.99, 0.01, 338.57, 38.17);
insert into SHOT values (283, 286, 287, 431, 30.00, 233.00, -7.00, 30.00, 233.00, -7.01, 0.00, 104.59, -82.82);
insert into SHOT values (284, 287, 288, 431, 31.00, 213.00, -9.00, 31.00, 213.01, -9.00, 0.00, 252.23, -7.11);
insert into SHOT values (285, 288, 289, 431, 20.00, 204.00, 18.00, 20.00, 203.98, 18.00, 0.01, 116.82, -2.63);
insert into SHOT values (286, 289, 290, 431, 18.20, 198.00, 16.00, 18.20, 198.01, 16.01, 0.01, 250.90, 40.52);
insert into SHOT values (287, 290, 291, 431, 22.30, 236.00, -20.00, 22.29, 236.01, -20.01, 0.01, 18.09, -19.39);
insert into SHOT values (288, 290, 292, 431, 31.00, 213.00, 8.00, 30.99, 213.01, 7.99, 0.01, 355.03, -37.01);
insert into SHOT values (289, 292, 293, 431, 21.20, 230.00, 2.00, 21.20, 230.00, 2.00, 0.00, 168.31, 6.07);
insert into SHOT values (290, 293, 294, 431, 7.90, 195.00, 27.00, 7.90, 194.98, 27.02, 0.00, 116.25, 59.79);
insert into SHOT values (291, 294, 295, 431, 16.90, 227.00, -3.00, 16.90, 226.99, -3.02, 0.01, 90.46, -61.98);
insert into SHOT values (292, 290, 296, 431, 26.00, 106.00, 20.00, 26.00, 105.99, 19.99, 0.01, 45.47, -22.03);
insert into SHOT values (293, 296, 297, 431, 9.20, 110.00, -5.00, 9.20, 110.04, -4.99, 0.01, 202.89, 17.40);
insert into SHOT values (294, 297, 298, 431, 23.80, 356.00, 15.00, 23.81, 356.01, 15.00, 0.01, 27.55, 0.78);
insert into SHOT values (295, 298, 299, 431, 18.30, 275.00, -28.00, 18.30, 275.01, -27.99, 0.00, 296.18, 18.60);
insert into SHOT values (296, 299, 300, 431, 12.80, 287.00, -39.00, 12.80, 286.96, -39.03, 0.01, 161.41, -28.05);
insert into SURVEY values (433, 68, 'rampage', 'rampage.clearwater_master', NULL);
 insert into CENTRELINE values (434, 433, NULL, NULL, NULL, 0.00, 0.00, 0.00);
 insert into CENTRELINE values (435, 433, NULL, '1989-11-01', NULL, 638.20, 0.00, 0.00);
 insert into SHOT values (297, 301, 302, 435, 30.00, 251.00, -28.00, 29.99, 251.00, -28.00, 0.01, 54.44, 32.48);
insert into SHOT values (298, 302, 303, 435, 6.50, 256.00, -23.00, 6.50, 255.99, -22.99, 0.01, 240.53, -2.78);
insert into SHOT values (299, 303, 304, 435, 16.80, 244.00, -40.00, 16.80, 244.01, -40.00, 0.00, 299.22, -19.20);
insert into SHOT values (300, 304, 305, 435, 6.70, 230.00, -26.00, 6.70, 229.99, -26.03, 0.00, 75.07, -42.63);
insert into SHOT values (301, 305, 306, 435, 16.20, 265.00, -32.00, 16.20, 264.99, -31.98, 0.01, 236.09, 44.96);
insert into SHOT values (302, 306, 307, 435, 27.70, 244.00, -26.00, 27.70, 244.00, -26.02, 0.01, 60.26, -41.81);
insert into SHOT values (303, 307, 308, 435, 19.90, 259.00, -18.00, 19.90, 258.98, -18.00, 0.01, 191.00, -3.61);
insert into SHOT values (304, 308, 309, 435, 21.80, 217.00, -17.00, 21.79, 217.02, -16.99, 0.01, 338.76, 19.95);
insert into SHOT values (305, 309, 310, 435, 30.00, 265.00, -36.00, 30.00, 264.99, -35.99, 0.01, 201.51, 35.24);
insert into SHOT values (306, 310, 311, 435, 24.30, 299.00, -34.00, 24.30, 299.01, -34.00, 0.00, 355.55, -26.58);
insert into SHOT values (307, 310, 312, 435, 30.00, 20.00, 2.00, 30.00, 20.01, 1.99, 0.01, 122.56, -46.20);
insert into SHOT values (308, 312, 313, 435, 30.00, 16.00, -3.00, 30.00, 16.00, -3.00, 0.00, 52.94, 1.63);
insert into SHOT values (309, 313, 314, 435, 30.00, 26.00, 10.00, 30.00, 25.99, 10.00, 0.01, 347.04, 5.31);
insert into SHOT values (310, 314, 315, 435, 30.00, 0.00, -3.00, 30.00, 0.00, -3.00, 0.00, 0.00, 4.04);
insert into SHOT values (311, 310, 316, 435, 30.00, 179.00, 9.00, 30.00, 178.99, 8.99, 0.01, 143.35, -32.22);
insert into SHOT values (312, 316, 317, 435, 19.80, 204.00, 6.00, 19.80, 204.00, 6.00, 0.00, 219.46, 16.29);
insert into SHOT values (313, 317, 318, 435, 26.90, 232.00, -23.00, 26.90, 232.01, -23.00, 0.01, 26.72, 7.15);
insert into SHOT values (314, 318, 319, 435, 30.00, 186.00, 6.00, 30.00, 186.00, 6.01, 0.00, 329.11, 58.11);
insert into SHOT values (315, 319, 320, 435, 30.00, 200.00, 5.00, 30.01, 199.99, 4.99, 0.01, 166.50, -34.97);
insert into SHOT values (316, 320, 321, 435, 30.00, 294.00, -23.00, 30.00, 294.01, -22.99, 0.01, 343.72, 13.21);
insert into SHOT values (317, 321, 322, 435, 10.00, 245.00, -17.00, 10.00, 244.94, -17.04, 0.01, 140.21, -29.65);
insert into SHOT values (318, 322, 323, 435, 9.30, 195.00, -14.00, 9.30, 195.04, -14.01, 0.01, 324.46, -0.94);
insert into SHOT values (319, 320, 324, 435, 21.70, 225.00, 21.00, 21.70, 225.02, 21.01, 0.01, 315.70, 25.78);
insert into SHOT values (320, 323, 325, 435, 110.60, 197.62, 0.00, 110.61, 197.61, 0.00, 0.00, 168.43, 0.00);
insert into SCRAPS values (436, 433, 'RampageSP1', 1, 33.50872, 2.20247);
 insert into MAPS values (449, 433, 'rampage_m', 'Rampage', 1, 638.203, 96.140);
 insert into MAPITEMS values (449, 4, 436);
 insert into SURVEY values (451, 68, 'alexandra_palace', 'alexandra_palace.clearwater_master', NULL);
 insert into CENTRELINE values (452, 451, NULL, NULL, NULL, 0.00, 0.00, 0.00);
 insert into CENTRELINE values (453, 451, 'alexandra palace', '1989-11-01', NULL, 319.40, 0.00, 0.00);
 insert into SHOT values (321, 326, 327, 453, 16.60, 105.00, -12.00, 16.61, 104.99, -12.03, 0.01, 67.37, -53.03);
insert into SHOT values (322, 327, 328, 453, 7.90, 100.00, -51.00, 7.90, 100.09, -51.03, 0.01, 222.38, -3.46);
insert into SHOT values (323, 328, 329, 453, 7.20, 135.00, -36.00, 7.20, 135.00, -35.98, 0.00, 135.00, 51.43);
insert into SHOT values (324, 329, 330, 453, 10.00, 157.00, -6.00, 10.00, 156.97, -5.97, 0.01, 41.53, 40.56);
insert into SHOT values (325, 330, 331, 453, 8.80, 207.00, 0.00, 8.80, 207.03, 0.00, 0.00, 279.96, 0.00);
insert into SHOT values (326, 331, 332, 453, 11.20, 185.00, 0.00, 11.20, 185.02, 0.00, 0.00, 235.81, 0.00);
insert into SHOT values (327, 332, 333, 453, 9.70, 51.00, 24.00, 9.70, 51.00, 23.96, 0.01, 45.51, -48.23);
insert into SHOT values (328, 333, 334, 453, 11.60, 49.00, -12.00, 11.59, 49.00, -12.00, 0.01, 219.83, 18.90);
insert into SHOT values (329, 334, 335, 453, 12.70, 161.00, -7.00, 12.70, 160.98, -7.01, 0.01, 103.10, -19.82);
insert into SHOT values (330, 335, 336, 453, 18.40, 178.00, 32.00, 18.40, 178.02, 32.01, 0.01, 315.03, -4.54);
insert into SHOT values (331, 336, 337, 453, 2.80, 98.00, -15.00, 2.80, 98.07, -14.90, 0.01, 154.31, 49.65);
insert into SHOT values (332, 337, 338, 453, 2.60, 90.00, -7.00, 2.60, 90.00, -7.07, 0.00, 270.00, -78.83);
insert into SHOT values (333, 338, 339, 453, 9.60, 39.00, 16.00, 9.60, 39.02, 16.02, 0.00, 121.84, 52.17);
insert into SHOT values (334, 339, 340, 453, 6.10, 106.00, 14.00, 6.10, 105.99, 13.95, 0.01, 18.41, -75.11);
insert into SHOT values (335, 340, 341, 453, 6.30, 52.00, 18.00, 6.30, 51.98, 18.03, 0.00, 308.11, 59.34);
insert into SHOT values (336, 341, 342, 453, 3.60, 24.00, 9.00, 3.60, 24.04, 8.94, 0.01, 65.43, -37.31);
insert into SHOT values (337, 342, 343, 453, 6.00, 338.00, -1.00, 6.00, 337.97, -0.96, 0.01, 230.15, 53.25);
insert into SHOT values (338, 343, 344, 453, 7.20, 1.00, -7.00, 7.20, 0.96, -7.02, 0.01, 315.21, -20.76);
insert into SHOT values (339, 344, 345, 453, 10.60, 357.00, -33.00, 10.59, 357.03, -33.01, 0.01, 145.74, 18.76);
insert into SHOT values (340, 345, 346, 453, 11.20, 278.00, -25.00, 11.20, 278.04, -24.99, 0.01, 14.30, 23.80);
insert into SHOT values (341, 345, 347, 453, 21.50, 58.00, 39.00, 21.50, 57.98, 38.99, 0.01, 2.69, -3.85);
insert into SHOT values (342, 347, 348, 453, 9.30, 94.00, 4.00, 9.30, 94.02, 4.01, 0.01, 239.06, 12.87);
insert into SHOT values (343, 348, 349, 453, 10.40, 74.00, -10.00, 10.40, 74.02, -10.02, 0.01, 122.90, -35.62);
insert into SHOT values (344, 349, 350, 453, 18.00, 98.00, 1.00, 18.00, 97.99, 1.02, 0.01, 335.97, 48.49);
insert into SHOT values (345, 350, 351, 453, 15.50, 117.00, 17.00, 15.50, 117.00, 16.99, 0.00, 102.33, -31.07);
insert into SHOT values (346, 351, 352, 453, 16.00, 167.00, -5.00, 16.00, 167.02, -5.02, 0.01, 276.17, -44.77);
insert into SHOT values (347, 352, 353, 453, 30.00, 177.00, 0.00, 30.00, 177.00, 0.00, 0.00, 184.04, 0.00);
insert into SHOT values (348, 353, 354, 453, 8.60, 177.00, -10.00, 8.60, 176.96, -9.97, 0.01, 108.52, 25.37);
insert into SHOT values (349, 354, 355, 453, 10.00, 223.00, -2.00, 10.00, 223.01, -2.01, 0.00, 257.58, -13.24);
insert into SCRAPS values (454, 451, 'AlexandraPalaceSP1', 1, 46.82356, 6.16735);
 insert into MAPS values (466, 451, 'alexandra_palace_m', NULL, 1, 319.400, 25.810);
 insert into MAPITEMS values (466, 4, 454);
 insert into SURVEY values (468, 68, 'clearwater_5', 'clearwater_5.clearwater_master', NULL);
 insert into CENTRELINE values (469, 468, NULL, NULL, NULL, 0.00, 0.00, 0.00);
 insert into SCRAPS values (470, 468, 'clearwater_5_s1', 1, 56.26722, 5.73407);
 insert into MAPS values (542, 468, 'clearwater_5_m', NULL, 1, 1317.400, 118.850);
 insert into MAPITEMS values (542, 4, 470);
 insert into CENTRELINE values (543, 468, NULL, '1989-11-01', NULL, 1317.40, 0.00, 0.00);
 insert into SHOT values (350, 356, 357, 543, 11.00, 190.00, -6.00, 11.01, 190.00, -6.00, 0.01, 182.96, -1.66);
insert into SHOT values (351, 357, 358, 543, 7.00, 212.00, -43.00, 7.00, 211.98, -42.99, 0.01, 61.77, 50.38);
insert into SHOT values (352, 358, 359, 543, 30.50, 248.00, -30.00, 30.50, 248.01, -30.00, 0.00, 5.09, 0.00);
insert into SHOT values (353, 359, 360, 543, 27.00, 36.00, 0.00, 27.00, 36.00, 0.00, 0.00, 183.34, 0.00);
insert into SHOT values (354, 360, 361, 543, 30.50, 37.00, 0.00, 30.50, 36.99, 0.00, 0.01, 286.79, 0.00);
insert into SHOT values (355, 361, 362, 543, 30.50, 3.00, 0.00, 30.50, 3.01, 0.00, 0.00, 64.39, 0.00);
insert into SHOT values (356, 362, 363, 543, 30.00, 358.00, 0.00, 30.00, 357.99, 0.00, 0.00, 240.23, 0.00);
insert into SHOT values (357, 363, 364, 543, 30.50, 16.00, 0.00, 30.50, 16.00, 0.00, 0.00, 63.62, 0.00);
insert into SHOT values (358, 364, 365, 543, 31.00, 16.00, 0.00, 30.99, 16.00, 0.00, 0.01, 207.57, 0.00);
insert into SHOT values (359, 365, 366, 543, 30.50, 336.00, 0.00, 30.50, 336.01, 0.00, 0.01, 38.54, 0.00);
insert into SHOT values (360, 366, 367, 543, 29.50, 3.00, 0.00, 29.50, 2.99, 0.00, 0.00, 276.26, 0.00);
insert into SHOT values (361, 367, 368, 543, 17.80, 43.00, 0.00, 17.80, 43.00, 0.00, 0.00, 12.70, 0.00);
insert into SHOT values (362, 368, 369, 543, 30.00, 13.00, 0.00, 30.00, 13.00, 0.00, 0.00, 126.89, 0.00);
insert into SHOT values (363, 369, 370, 543, 30.50, 38.00, 0.00, 30.50, 38.01, 0.00, 0.00, 151.76, 0.00);
insert into SHOT values (364, 370, 371, 543, 23.10, 14.00, 0.00, 23.09, 13.98, 0.00, 0.01, 245.47, 0.00);
insert into SHOT values (365, 371, 372, 543, 30.50, 17.00, 0.00, 30.50, 17.00, 0.00, 0.00, 44.55, 0.00);
insert into SHOT values (366, 372, 373, 543, 11.30, 41.00, 0.00, 11.31, 41.02, 0.00, 0.01, 74.74, 0.00);
insert into SHOT values (367, 373, 374, 543, 9.20, 6.00, 0.00, 9.20, 5.99, 0.00, 0.00, 283.49, 0.00);
insert into SHOT values (368, 374, 375, 543, 30.50, 11.00, 0.00, 30.50, 11.00, 0.00, 0.00, 41.28, 0.00);
insert into SHOT values (369, 375, 376, 543, 30.50, 17.00, 0.00, 30.50, 16.99, 0.00, 0.01, 290.24, 0.00);
insert into SHOT values (370, 376, 377, 543, 17.00, 37.00, 0.00, 16.99, 37.01, 0.00, 0.01, 187.17, 0.00);
insert into SHOT values (371, 377, 378, 543, 30.50, 25.00, 0.00, 30.51, 24.99, 0.00, 0.01, 1.08, 0.00);
insert into SHOT values (372, 378, 379, 543, 30.50, 11.00, 0.00, 30.50, 11.00, 0.00, 0.00, 41.28, 0.00);
insert into SHOT values (373, 379, 380, 543, 7.90, 358.00, 0.00, 7.89, 358.04, 0.00, 0.01, 132.28, 0.00);
insert into SHOT values (374, 380, 381, 543, 31.00, 40.00, 0.00, 31.00, 39.99, 0.00, 0.01, 292.23, 0.00);
insert into SHOT values (375, 381, 382, 543, 30.50, 59.00, 0.00, 30.51, 59.00, 0.00, 0.01, 78.18, 0.00);
insert into SHOT values (376, 382, 383, 543, 30.50, 22.00, 0.00, 30.50, 21.99, 0.00, 0.01, 279.21, 0.00);
insert into SHOT values (377, 383, 384, 543, 30.50, 8.00, 0.00, 30.50, 8.01, 0.00, 0.01, 121.32, 0.00);
insert into SHOT values (378, 384, 385, 543, 28.00, 6.00, 0.00, 28.00, 6.01, 0.00, 0.00, 43.40, 0.00);
insert into SHOT values (379, 385, 386, 543, 25.90, 22.00, 0.00, 25.90, 22.00, 0.00, 0.00, 209.64, 0.00);
insert into SHOT values (380, 386, 387, 543, 30.50, 23.00, 0.00, 30.51, 23.00, 0.00, 0.01, 30.41, 0.00);
insert into SHOT values (381, 387, 388, 543, 30.50, 20.00, 0.00, 30.50, 20.00, 0.00, 0.00, 248.84, 0.00);
insert into SHOT values (382, 388, 389, 543, 29.40, 13.00, 0.00, 29.39, 13.00, 0.00, 0.01, 208.79, 0.00);
insert into SHOT values (383, 389, 390, 543, 29.10, 22.00, 0.00, 29.10, 22.00, 0.00, 0.00, 225.05, 0.00);
insert into SHOT values (384, 390, 391, 543, 20.70, 18.00, 0.00, 20.70, 18.01, 0.00, 0.00, 46.93, 0.00);
insert into SHOT values (385, 391, 392, 543, 30.50, 357.00, 0.00, 30.50, 356.99, 0.00, 0.00, 295.61, 0.00);
insert into SHOT values (386, 392, 393, 543, 30.50, 11.00, 0.00, 30.50, 11.00, 0.00, 0.00, 41.28, 0.00);
insert into SHOT values (387, 393, 394, 543, 27.60, 12.00, 0.00, 27.59, 12.01, 0.00, 0.01, 166.60, 0.00);
insert into SHOT values (388, 394, 395, 543, 30.50, 4.00, 6.00, 30.50, 4.01, 6.00, 0.00, 76.61, 24.15);
insert into SHOT values (389, 395, 396, 543, 30.50, 17.00, -2.00, 30.50, 17.00, -2.01, 0.01, 283.94, -70.57);
insert into SHOT values (390, 396, 397, 543, 19.60, 55.00, -6.00, 19.60, 55.01, -6.00, 0.00, 101.27, -25.33);
insert into SHOT values (391, 397, 398, 543, 24.80, 313.00, 10.00, 24.81, 312.99, 10.00, 0.01, 293.05, 22.12);
insert into SHOT values (392, 398, 399, 543, 17.40, 260.00, 28.00, 17.40, 259.99, 28.00, 0.00, 183.00, 28.55);
insert into SHOT values (393, 399, 400, 543, 6.50, 210.00, -13.00, 6.49, 209.97, -13.00, 0.01, 53.89, 14.73);
insert into SHOT values (394, 400, 401, 543, 20.10, 260.00, 11.00, 20.10, 259.99, 10.99, 0.01, 165.92, -53.33);
insert into SHOT values (395, 401, 402, 543, 24.20, 273.00, 3.00, 24.21, 273.01, 3.01, 0.01, 309.63, 23.03);
insert into SHOT values (396, 402, 403, 543, 30.50, 290.00, 5.00, 30.50, 290.00, 5.00, 0.00, 140.84, 35.26);
insert into SHOT values (397, 403, 404, 543, 20.80, 345.00, 25.00, 20.80, 345.00, 25.00, 0.00, 320.13, -17.24);
insert into SHOT values (398, 403, 405, 543, 100.00, 0.00, 90.00, 100.00, 90.00, 90.00, 0.00, 0.00, -2.33);
insert into SURVEY values (545, 68, 'edwins_long_cut', 'edwins_long_cut.clearwater_master', NULL);
 insert into CENTRELINE values (546, 545, NULL, NULL, NULL, 0.00, 0.00, 0.00);
 insert into CENTRELINE values (547, 545, NULL, '1991-01-01', NULL, 1089.20, 0.00, 0.00);
 insert into SHOT values (399, 406, 407, 547, 16.00, 26.00, -5.00, 16.00, 26.02, -4.99, 0.01, 155.30, 34.30);
insert into SHOT values (400, 407, 408, 547, 8.00, 5.00, -51.00, 8.01, 5.01, -50.99, 0.01, 14.74, -30.80);
insert into SHOT values (401, 408, 409, 547, 17.90, 305.00, -40.00, 17.91, 304.96, -40.00, 0.01, 236.79, -24.23);
insert into SHOT values (402, 409, 410, 547, 31.00, 257.00, -32.00, 31.00, 256.96, -30.81, 0.64, 253.49, 58.29);
insert into SHOT values (403, 410, 411, 547, 17.30, 310.00, -35.00, 17.30, 309.74, -34.43, 0.18, 275.43, 51.26);
insert into SHOT values (404, 411, 412, 547, 14.60, 9.00, -11.00, 14.59, 8.70, -10.58, 0.13, 288.93, 54.28);
insert into SHOT values (405, 412, 413, 547, 10.80, 350.00, -25.00, 10.79, 349.71, -24.72, 0.07, 270.66, 47.17);
insert into SHOT values (406, 413, 414, 547, 5.70, 176.00, 29.00, 5.70, 175.97, 29.07, 0.01, 35.10, 59.38);
insert into SHOT values (407, 414, 415, 547, 7.90, 239.00, -13.00, 7.91, 238.97, -13.01, 0.01, 199.44, -26.41);
insert into SHOT values (408, 415, 416, 547, 3.20, 290.00, -22.00, 3.20, 290.08, -22.00, 0.01, 339.62, -12.71);
insert into SHOT values (409, 416, 417, 547, 3.80, 167.00, -6.00, 3.80, 166.99, -6.05, 0.00, 356.77, -50.19);
insert into SHOT values (410, 417, 418, 547, 7.60, 292.00, -15.00, 7.59, 292.02, -14.96, 0.01, 90.01, 47.26);
insert into SHOT values (411, 418, 419, 547, 9.50, 172.00, -10.00, 9.51, 172.02, -10.00, 0.01, 200.95, -3.40);
insert into SHOT values (412, 419, 420, 547, 3.70, 276.00, -23.00, 3.70, 276.06, -23.04, 0.01, 325.04, -41.42);
insert into SHOT values (413, 420, 421, 547, 13.90, 304.00, -40.00, 13.90, 303.97, -39.99, 0.01, 209.12, 43.99);
insert into SHOT values (414, 421, 422, 547, 7.70, 305.00, -47.00, 7.70, 304.99, -47.06, 0.01, 140.89, -72.70);
insert into SHOT values (415, 422, 423, 547, 4.50, 298.00, -35.00, 4.50, 298.03, -35.02, 0.00, 96.77, 12.99);
insert into SHOT values (416, 423, 424, 547, 8.70, 36.00, 3.00, 8.70, 35.96, 3.03, 0.01, 280.10, 34.41);
insert into SHOT values (417, 424, 425, 547, 19.30, 307.00, -38.00, 19.30, 307.04, -38.00, 0.01, 40.31, 13.44);
insert into SHOT values (418, 425, 426, 547, 24.60, 321.00, -36.00, 24.60, 320.98, -36.00, 0.01, 219.11, -3.24);
insert into SHOT values (419, 426, 427, 547, 26.20, 2.00, -13.00, 26.21, 2.02, -13.01, 0.01, 52.12, -28.67);
insert into SHOT values (420, 427, 428, 547, 6.20, 270.00, 43.00, 6.21, 270.00, 42.98, 0.01, 270.00, 16.02);
insert into SHOT values (421, 428, 429, 547, 12.70, 293.00, -15.00, 12.70, 292.99, -15.02, 0.00, 147.09, -38.19);
insert into SHOT values (422, 429, 430, 547, 5.70, 297.00, -25.00, 5.69, 296.96, -24.94, 0.01, 151.30, 55.93);
insert into SHOT values (423, 430, 431, 547, 5.30, 306.00, -13.00, 5.31, 306.03, -13.07, 0.01, 335.32, -56.98);
insert into SHOT values (424, 431, 432, 547, 17.00, 28.00, 5.00, 17.00, 28.00, 5.00, 0.00, 192.19, -28.30);
insert into SHOT values (425, 432, 433, 547, 6.70, 331.00, -29.00, 6.70, 331.03, -28.92, 0.01, 11.39, 59.39);
insert into SHOT values (426, 433, 434, 547, 17.20, 4.00, 20.00, 17.20, 4.01, 19.99, 0.01, 142.69, -33.18);
insert into SHOT values (427, 434, 435, 547, 12.30, 8.00, 5.50, 12.31, 7.98, 5.50, 0.01, 325.66, 8.91);
insert into SHOT values (428, 435, 436, 547, 15.30, 10.00, -23.00, 15.30, 9.98, -23.01, 0.01, 272.44, -17.89);
insert into SHOT values (429, 436, 437, 547, 13.80, 324.00, 23.00, 13.79, 324.01, 23.01, 0.01, 136.27, -12.32);
insert into SHOT values (430, 437, 438, 547, 10.20, 340.00, -47.00, 10.20, 340.00, -46.99, 0.00, 346.10, -3.40);
insert into SHOT values (431, 438, 439, 547, 13.50, 333.00, -8.00, 13.50, 332.99, -8.01, 0.00, 206.88, -34.20);
insert into SHOT values (432, 431, 440, 547, 16.50, 279.00, -8.00, 16.50, 279.01, -7.98, 0.01, 336.20, 55.81);
insert into SHOT values (433, 440, 441, 547, 28.50, 276.00, 35.00, 28.50, 276.00, 34.99, 0.01, 261.59, -73.29);
insert into SHOT values (434, 441, 442, 547, 13.30, 258.00, 0.00, 13.30, 257.98, 0.00, 0.00, 187.60, 0.00);
insert into SHOT values (435, 442, 443, 547, 6.10, 316.00, 14.00, 6.10, 316.03, 14.04, 0.01, 33.14, 56.51);
insert into SHOT values (436, 443, 444, 547, 4.30, 300.00, -43.00, 4.30, 299.99, -43.01, 0.00, 124.60, 31.41);
insert into SHOT values (437, 444, 445, 547, 2.40, 302.00, 8.00, 2.40, 301.95, 7.89, 0.01, 277.24, -41.57);
insert into SHOT values (438, 445, 446, 547, 13.00, 241.00, 10.00, 13.00, 240.99, 10.01, 0.00, 219.74, 31.54);
insert into SHOT values (439, 446, 447, 547, 6.30, 196.00, 4.00, 6.30, 195.98, 4.01, 0.00, 62.36, 11.70);
insert into SHOT values (440, 447, 448, 547, 13.70, 211.00, -36.00, 13.70, 211.01, -36.02, 0.01, 285.83, -77.56);
insert into SHOT values (441, 448, 449, 547, 14.30, 197.00, -30.00, 14.30, 197.00, -30.01, 0.00, 14.40, 0.00);
insert into SHOT values (442, 449, 450, 547, 22.50, 223.00, -21.00, 22.49, 222.99, -21.00, 0.01, 66.58, 27.59);
insert into SHOT values (443, 450, 451, 547, 16.90, 248.00, 27.00, 16.90, 248.00, 27.00, 0.00, 61.74, -54.30);
insert into SHOT values (444, 451, 452, 547, 6.00, 313.00, 46.00, 6.00, 312.96, 46.03, 0.01, 214.68, 52.11);
insert into SHOT values (445, 452, 453, 547, 3.20, 236.00, 28.00, 3.20, 235.97, 27.98, 0.00, 90.92, -44.01);
insert into SHOT values (446, 453, 454, 547, 10.60, 288.00, 36.00, 10.60, 287.99, 35.99, 0.00, 270.00, -7.21);
insert into SHOT values (447, 454, 455, 547, 11.00, 246.00, 15.00, 11.00, 246.02, 15.01, 0.00, 295.84, 38.27);
insert into SHOT values (448, 455, 456, 547, 6.50, 270.00, 25.00, 6.50, 270.00, 25.03, 0.00, 90.00, 71.45);
insert into SHOT values (449, 456, 457, 547, 13.80, 305.00, 31.00, 13.79, 304.98, 30.98, 0.01, 183.89, -57.50);
insert into SHOT values (450, 435, 458, 547, 10.00, 76.00, 40.00, 10.00, 76.02, 40.02, 0.00, 221.89, 26.09);
insert into SHOT values (451, 413, 459, 547, 18.50, 45.00, 14.00, 18.50, 44.80, 14.65, 0.22, 274.90, 67.86);
insert into SHOT values (452, 459, 460, 547, 26.20, 80.00, 23.00, 26.20, 80.09, 23.96, 0.44, 248.32, 65.47);
insert into SHOT values (453, 460, 461, 547, 20.00, 50.00, 26.00, 20.00, 49.99, 26.00, 0.01, 356.52, 25.78);
insert into SHOT values (454, 461, 462, 547, 12.90, 40.00, 4.50, 12.89, 39.98, 4.49, 0.01, 256.72, -17.89);
insert into SHOT values (455, 462, 463, 547, 27.70, 167.00, 25.00, 27.70, 166.99, 25.01, 0.00, 64.12, 49.54);
insert into SHOT values (456, 460, 464, 547, 21.50, 185.00, 18.00, 21.52, 185.46, 18.59, 0.28, 293.88, 51.38);
insert into SHOT values (457, 464, 465, 547, 13.50, 157.00, 30.00, 13.51, 157.29, 30.37, 0.11, 279.93, 49.14);
insert into SHOT values (458, 465, 466, 547, 10.20, 180.00, 35.00, 10.21, 180.21, 35.23, 0.05, 297.10, 49.55);
insert into SHOT values (459, 466, 409, 547, 5.30, 207.00, -23.00, 5.31, 207.09, -22.71, 0.03, 229.18, 46.24);
insert into SHOT values (460, 426, 467, 547, 5.00, 298.00, -38.00, 4.99, 298.06, -38.07, 0.01, 88.34, -10.81);
insert into SHOT values (461, 467, 468, 547, 11.40, 338.00, -31.00, 11.40, 337.95, -30.99, 0.01, 268.97, 8.62);
insert into SHOT values (462, 468, 469, 547, 11.70, 270.00, -55.00, 11.70, 270.00, -55.02, 0.01, 90.00, -81.88);
insert into SHOT values (463, 469, 470, 547, 9.60, 0.00, 17.00, 9.60, 0.00, 17.02, 0.00, 180.00, 80.76);
insert into SHOT values (464, 427, 471, 547, 7.00, 342.00, -19.00, 7.00, 341.95, -19.02, 0.01, 225.24, -8.73);
insert into SHOT values (465, 471, 472, 547, 3.40, 8.00, 30.00, 3.40, 7.99, 29.97, 0.00, 2.84, 0.00);
insert into SHOT values (466, 472, 473, 547, 10.80, 27.00, 5.00, 10.79, 26.99, 5.00, 0.01, 215.38, -9.49);
insert into SHOT values (467, 473, 474, 547, 9.80, 43.00, -2.00, 9.81, 42.97, -1.99, 0.01, 3.93, 15.81);
insert into SHOT values (468, 474, 475, 547, 11.50, 34.00, -2.00, 11.50, 34.04, -1.99, 0.01, 158.51, 8.75);
insert into SHOT values (469, 475, 476, 547, 8.50, 9.00, -23.00, 8.50, 8.97, -22.99, 0.00, 297.07, 15.17);
insert into SHOT values (470, 476, 477, 547, 13.70, 294.00, -40.00, 13.70, 294.02, -40.03, 0.01, 79.58, -26.59);
insert into SHOT values (471, 439, 478, 547, 21.00, 304.00, -59.00, 21.00, 304.00, -58.99, 0.00, 299.72, 7.70);
insert into SHOT values (472, 478, 479, 547, 22.20, 296.00, -66.00, 22.20, 296.03, -66.01, 0.01, 73.38, 6.79);
insert into SHOT values (473, 479, 480, 547, 15.70, 100.00, -9.00, 15.70, 100.03, -8.98, 0.01, 188.78, 39.23);
insert into SHOT values (474, 480, 481, 547, 28.10, 78.00, 22.00, 28.09, 77.99, 21.99, 0.01, 304.37, -49.60);
insert into SHOT values (475, 481, 482, 547, 30.80, 49.00, 30.00, 30.80, 49.00, 30.00, 0.00, 304.50, -0.00);
insert into SHOT values (476, 480, 483, 547, 22.50, 254.00, -40.00, 22.51, 254.00, -40.01, 0.01, 297.60, -75.29);
insert into SHOT values (477, 483, 484, 547, 26.40, 252.00, 9.00, 26.40, 252.02, 9.00, 0.01, 350.83, 0.97);
insert into SHOT values (478, 484, 485, 547, 8.90, 264.00, -3.00, 8.90, 263.99, -2.96, 0.01, 222.34, 77.21);
insert into SHOT values (479, 485, 486, 547, 28.50, 223.00, -29.00, 28.50, 223.00, -29.01, 0.00, 344.39, -85.81);
insert into SHOT values (480, 486, 487, 547, 10.20, 220.00, -51.00, 10.20, 219.94, -51.02, 0.01, 113.95, -25.00);
insert into SCRAPS values (548, 545, 'edwins_long_cut_s1', 1, 0.75031, 0.31203);
 insert into SCRAPS values (592, 545, 'edwins_long_cut_s2', 1, 7.56139, 1.01418);
 insert into SCRAPS values (658, 545, 'edwins_long_cut_s3', 1, 4.34645, 1.77335);
 insert into SCRAPS values (694, 545, 'edwins_long_cut_s4', 1, 2.42358, 0.55644);
 insert into MAPS values (739, 545, 'edwins_long_cut_m', 'Edwins Long Cut', 1, 1089.200, 187.140);
 insert into MAPITEMS values (739, 4, 694);
 insert into MAPITEMS values (739, 4, 548);
 insert into MAPITEMS values (739, 4, 592);
 insert into MAPITEMS values (739, 4, 658);
 insert into SURVEY values (741, 68, 'alans_clearwater_5', 'alans_clearwater_5.clearwater_master', NULL);
 insert into CENTRELINE values (742, 741, NULL, NULL, NULL, 0.00, 0.00, 0.00);
 insert into CENTRELINE values (743, 741, NULL, NULL, NULL, 922.60, 0.00, 0.00);
 insert into SHOT values (481, 488, 489, 743, 15.90, 105.00, -19.00, 15.90, 105.00, -19.01, 0.00, 304.51, -62.56);
insert into SHOT values (482, 489, 490, 743, 27.30, 21.00, 0.50, 27.29, 21.00, 0.50, 0.01, 208.01, 15.10);
insert into SHOT values (483, 490, 491, 743, 29.20, 51.00, 2.50, 29.20, 51.00, 2.51, 0.01, 321.45, 74.87);
insert into SHOT values (484, 491, 492, 743, 18.70, 53.00, 12.50, 18.70, 52.99, 12.48, 0.01, 350.40, -68.91);
insert into SHOT values (485, 492, 493, 743, 25.60, 50.50, 24.50, 25.60, 50.52, 24.51, 0.01, 146.13, 23.25);
insert into SHOT values (486, 493, 494, 743, 30.00, 37.50, 2.00, 30.00, 37.49, 2.01, 0.01, 336.22, 35.29);
insert into SHOT values (487, 494, 495, 743, 24.30, 352.50, -6.50, 24.30, 352.50, -6.50, 0.00, 26.88, 15.17);
insert into SHOT values (488, 495, 496, 743, 30.00, 1.50, -4.50, 30.00, 1.49, -4.51, 0.01, 313.38, -57.46);
insert into SHOT values (489, 496, 497, 743, 26.70, 23.00, -7.50, 26.70, 23.02, -7.49, 0.01, 136.99, 27.10);
insert into SHOT values (490, 497, 498, 743, 30.00, 24.50, -12.00, 30.00, 24.50, -12.01, 0.00, 155.11, -46.34);
insert into SHOT values (491, 498, 499, 743, 30.00, 57.50, 5.50, 30.00, 57.49, 5.49, 0.01, 314.79, -35.94);
insert into SHOT values (492, 499, 500, 743, 7.10, 1.50, -2.50, 7.10, 1.54, -2.50, 0.00, 100.64, -3.93);
insert into SHOT values (493, 500, 501, 743, 26.80, 332.50, -6.00, 26.80, 332.49, -6.00, 0.00, 240.37, 22.03);
insert into SHOT values (494, 501, 502, 743, 30.00, 21.00, 0.50, 30.00, 21.00, 0.52, 0.01, 350.23, 65.68);
insert into SHOT values (495, 502, 503, 743, 30.00, 13.50, 0.00, 30.00, 13.49, 0.00, 0.00, 251.91, 0.00);
insert into SHOT values (496, 503, 504, 743, 30.00, 1.50, 0.50, 30.00, 1.51, 0.50, 0.01, 73.24, -20.01);
insert into SHOT values (497, 504, 505, 743, 25.90, 349.50, -1.00, 25.90, 349.50, -1.02, 0.01, 198.67, -72.23);
insert into SHOT values (498, 499, 506, 743, 28.90, 29.50, 12.50, 28.90, 29.49, 12.51, 0.01, 308.54, 45.92);
insert into SHOT values (499, 506, 507, 743, 24.50, 48.50, 1.50, 24.51, 48.51, 1.50, 0.01, 78.71, -10.79);
insert into SHOT values (500, 507, 508, 743, 30.00, 16.50, 1.50, 29.99, 16.49, 1.51, 0.01, 237.87, 27.78);
insert into SHOT values (501, 508, 509, 743, 24.00, 355.50, -7.00, 24.00, 355.52, -7.01, 0.01, 75.49, -28.96);
insert into SHOT values (502, 509, 510, 743, 27.60, 20.00, -6.00, 27.59, 19.99, -5.99, 0.01, 246.85, 29.68);
insert into SHOT values (503, 510, 511, 743, 28.10, 65.00, 19.00, 28.10, 65.00, 18.98, 0.01, 9.68, -80.31);
insert into SHOT values (504, 511, 512, 743, 30.00, 47.50, 23.50, 30.01, 47.50, 23.51, 0.01, 61.90, 47.10);
insert into SHOT values (505, 512, 513, 743, 30.00, 17.00, 33.00, 30.00, 16.99, 33.00, 0.01, 263.09, 7.68);
insert into SHOT values (506, 513, 514, 743, 30.00, 56.50, 32.00, 30.00, 56.51, 31.98, 0.01, 113.62, -55.67);
insert into SHOT values (507, 514, 515, 743, 12.50, 20.00, 28.00, 12.50, 19.98, 28.01, 0.01, 255.56, 17.87);
insert into SHOT values (508, 513, 516, 743, 22.10, 292.00, -11.50, 22.10, 291.99, -11.51, 0.00, 192.86, -56.04);
insert into SHOT values (509, 516, 517, 743, 19.50, 265.50, 6.50, 19.50, 265.50, 6.51, 0.01, 88.63, 27.25);
insert into SHOT values (510, 516, 518, 743, 18.30, 247.50, -39.50, 18.29, 247.51, -39.51, 0.01, 57.22, 1.90);
insert into SHOT values (511, 518, 519, 743, 10.30, 238.00, -38.50, 10.30, 237.96, -38.46, 0.01, 205.48, 11.55);
insert into SHOT values (512, 510, 520, 743, 30.00, 351.00, -7.00, 30.00, 351.02, -7.01, 0.01, 88.49, -25.95);
insert into SHOT values (513, 520, 521, 743, 8.80, 353.50, -3.00, 8.80, 353.47, -3.00, 0.01, 254.36, 5.91);
insert into SHOT values (514, 521, 522, 743, 9.60, 54.00, 26.00, 9.60, 54.01, 26.01, 0.00, 198.05, 43.16);
insert into SHOT values (515, 522, 523, 743, 30.00, 20.50, 3.50, 30.00, 20.50, 3.50, 0.00, 56.35, -19.76);
insert into SHOT values (516, 523, 524, 743, 21.50, 31.50, -1.00, 21.50, 31.49, -1.01, 0.01, 297.12, -64.70);
insert into SHOT values (517, 510, 525, 743, 30.00, 234.00, -3.50, 30.00, 234.00, -3.52, 0.01, 82.74, -58.27);
insert into SHOT values (518, 525, 526, 743, 19.40, 241.00, -0.50, 19.40, 241.02, -0.47, 0.01, 328.57, 58.04);
insert into SCRAPS values (744, 741, 'alans_clearwater_5_s1', 1, 0.11076, 0.00431);
 insert into MAPS values (792, 741, 'alans_clearwater_5_m', NULL, 1, 922.600, 66.360);
 insert into MAPITEMS values (792, 4, 744);
 insert into SURVEY values (794, 68, 'clearwater_6_7', 'clearwater_6_7.clearwater_master', NULL);
 insert into CENTRELINE values (795, 794, NULL, NULL, NULL, 0.00, 0.00, 0.00);
 insert into CENTRELINE values (796, 794, 'clearwater 6 & 7', '1998-01-01', NULL, 1476.40, 0.00, 0.00);
 insert into SHOT values (519, 527, 528, 796, 10.50, 6.00, -16.00, 10.49, 5.98, -15.99, 0.01, 212.31, 24.01);
insert into SHOT values (520, 528, 529, 796, 14.30, 273.00, 10.00, 14.30, 273.01, 9.99, 0.01, 49.32, -34.85);
insert into SHOT values (521, 529, 530, 796, 21.60, 293.00, 1.00, 21.60, 293.00, 1.01, 0.00, 355.27, 63.68);
insert into SHOT values (522, 530, 531, 796, 16.60, 340.00, -6.00, 16.60, 339.98, -5.98, 0.01, 226.00, 46.20);
insert into SHOT values (523, 531, 532, 796, 17.20, 351.00, -7.00, 17.20, 351.00, -7.01, 0.00, 159.05, -65.84);
insert into SHOT values (524, 532, 533, 796, 28.80, 76.00, 11.00, 28.80, 76.00, 10.99, 0.01, 300.99, -76.42);
insert into SHOT values (525, 533, 534, 796, 17.90, 6.00, 0.00, 17.91, 5.99, 0.00, 0.01, 352.51, 0.00);
insert into SHOT values (526, 534, 535, 796, 25.70, 78.00, 8.00, 25.71, 78.01, 8.01, 0.01, 102.01, 26.96);
insert into SHOT values (527, 535, 536, 796, 15.70, 120.00, 28.00, 15.70, 120.01, 28.01, 0.01, 282.62, -7.69);
insert into SHOT values (528, 536, 537, 796, 18.30, 135.00, 2.00, 18.30, 135.02, 2.00, 0.01, 195.50, 9.36);
insert into SHOT values (529, 537, 538, 796, 30.40, 92.00, 2.00, 30.41, 92.00, 2.00, 0.01, 87.57, -7.65);
insert into SHOT values (530, 538, 539, 796, 19.20, 30.00, 3.00, 19.20, 29.97, 3.02, 0.01, 306.69, 31.11);
insert into SHOT values (531, 539, 540, 796, 27.20, 16.00, -8.00, 27.20, 16.01, -8.01, 0.01, 108.33, -37.15);
insert into SHOT values (532, 540, 541, 796, 25.20, 117.00, 26.00, 25.20, 116.99, 26.01, 0.00, 340.66, 46.72);
insert into SHOT values (533, 532, 542, 796, 25.00, 200.00, 0.00, 25.00, 200.00, 0.00, 0.00, 12.27, 0.00);
insert into SHOT values (534, 539, 543, 796, 7.80, 206.00, -8.00, 7.80, 205.97, -8.04, 0.01, 68.53, -34.53);
insert into SHOT values (535, 543, 544, 796, 27.60, 240.00, -40.00, 27.60, 239.98, -39.99, 0.01, 178.50, 6.23);
insert into SHOT values (536, 544, 545, 796, 16.60, 105.00, 0.00, 16.59, 104.98, 0.00, 0.01, 325.67, 0.00);
insert into SHOT values (537, 545, 546, 796, 15.20, 112.00, 10.00, 15.20, 112.01, 10.00, 0.00, 159.83, 11.69);
insert into SHOT values (538, 546, 547, 796, 60.00, 57.00, -1.00, 60.00, 57.00, -1.00, 0.01, 217.37, -34.00);
insert into SHOT values (539, 547, 548, 796, 46.80, 56.00, 1.00, 46.81, 56.00, 1.00, 0.01, 61.60, 22.22);
insert into SHOT values (540, 548, 549, 796, 30.30, 96.00, 1.00, 30.30, 96.01, 1.00, 0.00, 170.01, 19.75);
insert into SHOT values (541, 549, 550, 796, 24.90, 23.00, 3.00, 24.90, 22.99, 2.99, 0.01, 278.15, -28.09);
insert into SHOT values (542, 550, 551, 796, 50.00, 7.00, 1.00, 50.00, 7.00, 1.00, 0.00, 275.64, -45.76);
insert into SHOT values (543, 551, 552, 796, 45.20, 25.00, 1.00, 45.20, 25.00, 1.00, 0.00, 26.58, 42.41);
insert into SHOT values (544, 552, 553, 796, 15.00, 345.00, -2.00, 15.00, 345.00, -1.99, 0.00, 232.36, 88.36);
insert into SHOT values (545, 553, 554, 796, 48.30, 7.00, 1.00, 48.30, 7.01, 1.00, 0.01, 120.16, -28.98);
insert into SHOT values (546, 554, 555, 796, 46.20, 309.00, 1.00, 46.26, 308.61, -0.98, 1.63, 228.95, -78.66);
insert into SHOT values (547, 555, 556, 796, 60.00, 32.00, 1.00, 60.00, 32.00, 1.00, 0.01, 356.31, 30.37);
insert into SHOT values (548, 556, 557, 796, 34.80, 18.00, 0.00, 34.80, 18.01, 0.00, 0.01, 137.46, 0.00);
insert into SHOT values (549, 554, 558, 796, 13.50, 321.00, 0.00, 13.51, 321.01, 0.00, 0.01, 333.92, 0.00);
insert into SHOT values (550, 558, 559, 796, 26.70, 73.00, 21.00, 26.70, 73.02, 21.00, 0.01, 161.79, 10.82);
insert into SHOT values (551, 559, 560, 796, 60.00, 58.00, 2.00, 60.00, 58.00, 2.00, 0.01, 335.85, -40.69);
insert into SHOT values (552, 560, 561, 796, 28.90, 50.00, 2.00, 28.90, 50.01, 2.00, 0.01, 137.53, 11.17);
insert into SHOT values (553, 561, 562, 796, 16.00, 14.00, 5.00, 16.00, 13.98, 5.02, 0.01, 305.81, 36.57);
insert into SHOT values (554, 562, 563, 796, 15.70, 342.00, -26.00, 15.70, 342.00, -25.99, 0.00, 127.02, 73.90);
insert into SHOT values (555, 560, 564, 796, 60.00, 97.00, 10.00, 60.00, 97.00, 10.00, 0.00, 61.45, 26.30);
insert into SHOT values (556, 564, 565, 796, 40.60, 82.00, 25.00, 40.60, 82.00, 25.00, 0.00, 117.17, 37.06);
insert into SHOT values (557, 555, 566, 796, 19.80, 236.00, 7.00, 19.80, 236.50, 6.12, 0.35, 313.16, -60.04);
insert into SHOT values (558, 566, 567, 796, 12.10, 167.00, 30.00, 12.08, 167.29, 29.63, 0.10, 237.87, -55.11);
insert into SHOT values (559, 567, 568, 796, 11.90, 136.00, 39.00, 11.86, 136.10, 38.79, 0.06, 242.14, -74.72);
insert into SHOT values (560, 568, 569, 796, 10.40, 270.00, 14.00, 10.42, 270.11, 13.44, 0.11, 297.19, -65.49);
insert into SHOT values (561, 569, 570, 796, 11.10, 247.00, 36.00, 11.10, 247.21, 35.48, 0.11, 277.86, -52.67);
insert into SHOT values (562, 570, 571, 796, 36.70, 197.00, 25.00, 36.70, 198.00, 23.61, 1.06, 255.51, -49.70);
insert into SHOT values (563, 571, 572, 796, 58.00, 130.00, 28.00, 57.99, 130.45, 26.60, 1.47, 162.33, -58.96);
insert into SHOT values (564, 572, 573, 796, 45.40, 1.00, -30.00, 45.45, 359.88, -31.40, 1.35, 235.76, -46.60);
insert into SHOT values (565, 573, 554, 796, 60.00, 50.00, -40.00, 60.08, 48.74, -42.48, 2.78, 260.31, -46.11);
insert into SHOT values (566, 533, 574, 796, 26.50, 182.00, 22.00, 26.50, 182.01, 22.01, 0.01, 335.12, 26.15);
insert into SHOT values (567, 574, 575, 796, 33.30, 140.00, 27.00, 33.31, 139.99, 27.00, 0.01, 97.44, 14.42);
insert into SHOT values (568, 575, 576, 796, 14.50, 133.00, 38.00, 14.50, 133.01, 38.03, 0.01, 291.76, 22.38);
insert into SHOT values (569, 576, 577, 796, 11.20, 192.00, 17.00, 11.20, 191.96, 16.97, 0.01, 116.62, -30.73);
insert into SHOT values (570, 577, 578, 796, 21.80, 184.00, -10.00, 21.80, 184.01, -9.98, 0.01, 214.66, 52.52);
insert into SCRAPS values (797, 794, 'clearwater_6_s1', 1, 31.50004, 2.55259);
 insert into SCRAPS values (855, 794, 'clearwater_6_s2', 1, 44.49552, 5.29354);
 insert into SCRAPS values (873, 794, 'clearwater_7_s1', 1, 0.04863, 0.00000);
 insert into MAPS values (958, 794, 'clearwater_6_7_m', NULL, 1, 1476.400, 70.790);
 insert into MAPITEMS values (958, 4, 873);
 insert into MAPITEMS values (958, 4, 797);
 insert into MAPITEMS values (958, 4, 855);
 insert into SURVEY values (960, 68, 'clearwater_cave_fake', 'clearwater_cave_fake.clearwater_master', NULL);
 insert into CENTRELINE values (961, 960, NULL, NULL, NULL, 0.00, 0.00, 0.00);
 insert into CENTRELINE values (962, 960, NULL, NULL, NULL, 43956.65, 184.34, 0.00);
 insert into SHOT values (571, 579, 580, 962, 124.19, 104.04, 0.00, 110.18, 103.56, -0.72, 14.12, 287.78, -5.65);
insert into SHOT values (572, 580, 581, 962, 64.88, 111.80, 0.00, 50.89, 112.92, -1.57, 14.12, 287.76, -5.65);
insert into SHOT values (573, 581, 582, 962, 97.13, 172.87, 0.00, 92.11, 180.83, -0.86, 14.13, 287.78, -5.65);
insert into SHOT values (574, 582, 583, 962, 137.37, 127.87, 0.21, 137.38, 127.87, 0.21, 0.01, 116.57, -0.00);
insert into SHOT values (575, 583, 584, 962, 51.12, 45.00, 0.00, 51.12, 44.99, 0.00, 0.01, 326.31, 0.00);
insert into SHOT values (576, 584, 585, 962, 77.14, 141.34, 0.00, 77.14, 141.34, 0.00, 0.00, 270.00, 0.00);
insert into SHOT values (577, 585, 586, 962, 21.72, 33.69, 0.00, 21.72, 33.70, 0.00, 0.00, 135.00, 0.00);
insert into SHOT values (578, 586, 587, 962, 13.47, 116.57, 0.00, 13.47, 116.55, 0.00, 0.00, 26.57, 0.00);
insert into SHOT values (579, 587, 588, 962, 12.05, 180.00, 0.00, 12.05, 180.00, 0.00, 0.00, 180.00, 0.00);
insert into SHOT values (580, 588, 589, 962, 24.84, 104.04, 0.00, 24.83, 104.05, 0.00, 0.01, 225.00, 0.00);
insert into SHOT values (581, 589, 590, 962, 12.05, 180.00, 0.00, 12.04, 180.00, 0.00, 0.01, 0.00, 0.00);
insert into SHOT values (582, 590, 591, 962, 18.07, 90.00, 0.00, 18.08, 90.00, 0.00, 0.01, 90.00, 0.00);
insert into SHOT values (583, 591, 592, 962, 13.47, 26.57, 0.00, 13.46, 26.57, 0.00, 0.01, 206.57, 0.00);
insert into SHOT values (584, 592, 593, 962, 13.47, 116.57, 0.00, 13.47, 116.55, 0.00, 0.00, 26.57, 0.00);
insert into SHOT values (585, 593, 594, 962, 26.94, 26.57, 0.00, 26.94, 26.57, 0.00, 0.00, 26.57, 0.00);
insert into SHOT values (586, 594, 595, 962, 151.08, 85.43, 0.19, 151.08, 85.43, 0.19, 0.01, 180.00, 0.00);
insert into SHOT values (587, 595, 596, 962, 43.44, 56.31, 0.00, 43.44, 56.30, 0.00, 0.01, 315.00, 0.00);
insert into SHOT values (588, 596, 597, 962, 26.94, 116.57, 0.00, 26.94, 116.57, 0.00, 0.00, 116.57, 0.00);
insert into SHOT values (589, 597, 598, 962, 30.72, 11.31, 0.00, 30.72, 11.30, 0.00, 0.00, 270.00, 0.00);
insert into SHOT values (590, 598, 599, 962, 38.57, 141.34, 0.00, 38.57, 141.34, 0.00, 0.00, 90.00, 0.00);
insert into SHOT values (591, 599, 600, 962, 54.56, 353.66, 1.05, 54.56, 353.65, 1.05, 0.01, 303.69, 0.00);
insert into SHOT values (592, 595, 601, 962, 91.96, 148.39, 0.62, 91.96, 148.39, 0.62, 0.00, 315.00, 0.00);
insert into SHOT values (593, 584, 602, 962, 25.60, 45.00, 3.36, 25.60, 45.00, 3.36, 0.00, 225.00, 0.00);
insert into SHOT values (594, 602, 603, 962, 45.89, 23.20, 1.25, 45.89, 23.20, 1.25, 0.00, 315.00, 0.00);
insert into SHOT values (595, 603, 604, 962, 64.88, 111.80, 0.00, 64.88, 111.80, 0.00, 0.00, 180.00, 0.00);
insert into SHOT values (596, 604, 605, 962, 105.20, 76.76, 0.00, 105.21, 76.76, 0.00, 0.00, 26.57, 0.00);
insert into SHOT values (597, 605, 606, 962, 45.89, 203.20, -1.25, 45.89, 203.20, -1.25, 0.00, 135.00, 0.00);
insert into SHOT values (598, 606, 607, 962, 55.55, 220.60, -1.03, 55.55, 220.60, -1.03, 0.00, 116.57, 0.00);
insert into SHOT values (599, 607, 608, 962, 18.10, 270.00, 3.17, 18.11, 270.00, 3.17, 0.01, 270.00, 0.00);
insert into SHOT values (600, 608, 609, 962, 21.72, 213.69, 0.00, 21.71, 213.68, 0.00, 0.01, 75.96, 0.00);
insert into SHOT values (601, 609, 587, 962, 42.62, 261.87, -2.02, 42.62, 261.88, -2.02, 0.00, 333.43, 0.00);
insert into SHOT values (602, 605, 610, 962, 47.05, 309.81, 0.00, 47.05, 309.81, 0.00, 0.00, 90.00, 0.00);
insert into SHOT values (603, 604, 611, 962, 62.41, 240.95, 6.44, 62.41, 240.94, 6.44, 0.01, 90.00, 0.00);
insert into SHOT values (604, 611, 602, 962, 28.10, 296.57, -16.54, 28.11, 296.57, -16.54, 0.00, 296.57, 0.00);
insert into SHOT values (605, 607, 594, 962, 24.10, 180.00, -1.19, 24.10, 180.00, -1.19, 0.01, 0.00, 0.00);
insert into SHOT values (606, 611, 612, 962, 20.66, 198.43, 22.78, 20.66, 198.45, 22.78, 0.01, 288.43, 0.00);
insert into SHOT values (607, 612, 613, 962, 51.51, 200.56, 2.23, 51.51, 200.55, 2.23, 0.00, 45.00, 0.00);
insert into SHOT values (608, 580, 614, 962, 61.95, 45.00, 34.40, 61.95, 45.00, 34.40, 0.01, 225.00, 0.00);
insert into SHOT values (609, 614, 615, 962, 37.31, 80.54, -10.82, 37.31, 80.53, -10.81, 0.01, 45.00, 0.00);
insert into SHOT values (610, 615, 616, 962, 137.50, 28.81, 0.42, 137.50, 28.81, 0.42, 0.00, 270.00, 0.00);
insert into SHOT values (611, 616, 617, 962, 68.75, 15.26, 2.50, 68.75, 15.25, 2.50, 0.00, 206.57, 0.00);
insert into SHOT values (612, 617, 618, 962, 52.17, 54.46, 6.60, 52.17, 54.46, 6.60, 0.00, 90.00, 0.00);
insert into SHOT values (613, 618, 619, 962, 62.02, 29.05, 0.00, 62.02, 29.05, 0.00, 0.00, 360.00, 0.00);
insert into SHOT values (614, 619, 620, 962, 135.91, 77.20, 0.42, 135.91, 77.20, 0.42, 0.00, 90.00, 0.00);
insert into SHOT values (615, 620, 621, 962, 51.15, 45.00, -2.24, 51.15, 45.00, -2.24, 0.01, 225.00, 0.00);
insert into SHOT values (616, 621, 622, 962, 34.79, 135.00, 11.61, 34.79, 134.99, 11.61, 0.01, 33.69, 0.00);
insert into SHOT values (617, 622, 623, 962, 108.67, 33.69, 2.11, 108.67, 33.69, 2.11, 0.00, 213.70, 0.00);
insert into SHOT values (618, 623, 624, 962, 120.93, 45.00, 9.52, 120.93, 45.00, 9.52, 0.01, 303.69, 0.00);
insert into SHOT values (619, 624, 625, 962, 80.67, 102.99, 4.98, 80.68, 103.00, 4.98, 0.01, 135.00, 0.00);
insert into SHOT values (620, 625, 626, 962, 51.75, 90.00, -35.43, 51.74, 90.00, -35.43, 0.01, 270.00, 0.00);
insert into SHOT values (621, 626, 627, 962, 104.47, 79.99, 5.49, 104.47, 79.99, 5.49, 0.01, 14.04, 0.00);
insert into SHOT values (622, 614, 628, 962, 63.00, 90.00, 90.00, 63.00, 90.00, 90.00, 0.00, 90.00, 0.00);
insert into SHOT values (623, 614, 629, 962, 48.45, 0.00, -5.92, 48.46, 0.00, -5.92, 0.01, 0.00, 0.00);
insert into SHOT values (624, 629, 630, 962, 19.05, 288.43, 0.00, 19.05, 288.43, 0.00, 0.00, 153.43, 0.00);
insert into SHOT values (625, 630, 631, 962, 36.98, 9.46, -7.77, 36.98, 9.46, -7.77, 0.01, 225.00, 0.00);
insert into SHOT values (626, 631, 632, 962, 78.70, 32.47, -3.64, 78.71, 32.47, -3.64, 0.01, 18.43, 0.00);
insert into SHOT values (627, 632, 633, 962, 64.88, 21.80, 0.00, 64.88, 21.80, 0.00, 0.00, 90.00, 0.00);
insert into SHOT values (628, 633, 634, 962, 74.51, 345.96, 0.00, 74.51, 345.97, 0.00, 0.00, 45.00, 0.00);
insert into SHOT values (629, 632, 635, 962, 37.98, 80.54, 15.26, 37.99, 80.55, 15.26, 0.01, 123.69, 0.00);
insert into SHOT values (630, 635, 636, 962, 22.29, 33.69, 12.96, 22.28, 33.68, 12.97, 0.01, 255.96, 0.00);
insert into SHOT values (631, 636, 637, 962, 34.44, 135.00, 8.35, 34.44, 134.99, 8.35, 0.01, 33.69, 0.00);
insert into SHOT values (632, 633, 638, 962, 30.12, 36.87, 0.00, 30.11, 36.87, 0.00, 0.01, 198.43, 0.00);
insert into SHOT values (633, 631, 639, 962, 120.48, 233.13, 0.00, 120.47, 233.13, 0.00, 0.01, 26.57, 0.00);
insert into SHOT values (634, 631, 640, 962, 44.14, 285.95, -6.50, 44.13, 285.95, -6.51, 0.01, 75.96, 0.00);
insert into SHOT values (635, 640, 641, 962, 19.05, 251.57, 0.00, 19.06, 251.58, 0.00, 0.01, 296.57, 0.00);
insert into SHOT values (636, 619, 642, 962, 49.07, 352.87, 8.20, 49.07, 352.88, 8.20, 0.00, 116.57, 0.00);
insert into SHOT values (637, 642, 643, 962, 36.16, 323.13, 33.58, 36.16, 323.12, 33.58, 0.01, 296.57, 0.00);
insert into SHOT values (638, 643, 644, 962, 55.46, 6.34, 10.39, 55.45, 6.35, 10.39, 0.01, 135.00, 0.00);
insert into SHOT values (639, 618, 645, 962, 74.93, 146.31, 29.59, 74.93, 146.31, 29.59, 0.01, 326.31, 0.00);
insert into SHOT values (640, 645, 646, 962, 72.96, 204.44, 3.93, 72.97, 204.44, 3.93, 0.01, 180.00, 0.00);
insert into SHOT values (641, 646, 647, 962, 66.29, 180.00, 1.73, 66.29, 180.00, 1.73, 0.00, 0.00, 0.00);
insert into SHOT values (642, 647, 648, 962, 77.60, 208.61, 13.41, 77.59, 208.61, 13.41, 0.01, 45.00, 0.00);
insert into SHOT values (643, 648, 649, 962, 82.54, 72.90, 6.96, 82.54, 72.90, 6.96, 0.01, 198.43, 0.00);
insert into SHOT values (644, 649, 650, 962, 92.97, 23.20, 9.28, 92.98, 23.20, 9.28, 0.01, 56.31, 0.00);
insert into SHOT values (645, 650, 651, 962, 28.23, 315.00, 25.15, 28.24, 314.98, 25.15, 0.01, 255.96, 0.00);
insert into SHOT values (646, 648, 652, 962, 96.00, 235.30, 7.18, 96.00, 235.30, 7.18, 0.00, 153.43, 0.00);
insert into SHOT values (647, 652, 653, 962, 44.54, 188.13, 16.97, 44.54, 188.14, 16.97, 0.01, 251.57, 0.00);
insert into SHOT values (648, 645, 654, 962, 67.35, 26.57, 0.00, 67.35, 26.57, 0.00, 0.00, 206.57, 0.00);
insert into SHOT values (649, 622, 655, 962, 105.16, 217.57, 20.02, 105.15, 217.57, 20.02, 0.00, 0.00, 0.00);
insert into SHOT values (650, 655, 656, 962, 50.05, 203.20, 23.55, 50.05, 203.20, 23.55, 0.00, 135.00, 0.00);
insert into SHOT values (651, 656, 657, 962, 71.81, 225.00, 33.85, 71.81, 225.00, 33.85, 0.00, 225.00, 0.00);
insert into SHOT values (652, 622, 658, 962, 112.61, 164.48, -2.04, 112.61, 164.48, -2.04, 0.00, 360.00, 0.00);
insert into SHOT values (653, 658, 659, 962, 89.55, 160.35, 0.00, 89.56, 160.35, 0.00, 0.00, 180.00, 0.00);
insert into SHOT values (654, 659, 660, 962, 154.37, 218.66, 1.86, 154.37, 218.66, 1.86, 0.01, 270.00, 0.00);
insert into SHOT values (655, 660, 661, 962, 85.22, 188.13, -1.34, 85.22, 188.12, -1.34, 0.01, 116.57, 0.00);
insert into SHOT values (656, 661, 662, 962, 43.45, 213.69, 1.32, 43.45, 213.70, 1.32, 0.01, 315.00, 0.00);
insert into SHOT values (657, 662, 663, 962, 24.86, 284.04, 2.31, 24.86, 284.03, 2.31, 0.01, 225.00, 0.00);
insert into SHOT values (658, 663, 664, 962, 83.71, 210.26, 1.37, 83.70, 210.25, 1.37, 0.01, 45.00, 0.00);
insert into SHOT values (659, 664, 665, 962, 70.32, 149.04, 2.45, 70.31, 149.04, 2.45, 0.00, 270.00, 0.00);
insert into SHOT values (660, 664, 666, 962, 38.08, 270.00, -18.37, 38.09, 270.00, -18.36, 0.01, 270.00, 0.00);
insert into SHOT values (661, 658, 667, 962, 164.42, 208.44, 0.00, 164.43, 208.44, 0.00, 0.00, 153.43, 0.00);
insert into SHOT values (662, 667, 660, 962, 61.64, 168.69, 4.65, 61.63, 168.70, 4.65, 0.01, 270.00, 0.00);
insert into SHOT values (663, 659, 668, 962, 18.07, 90.00, 0.00, 18.07, 90.00, 0.00, 0.00, 270.00, 0.00);
insert into SHOT values (664, 668, 669, 962, 146.58, 9.46, -0.78, 146.59, 9.46, -0.78, 0.01, 45.00, 0.00);
insert into SHOT values (665, 668, 670, 962, 30.27, 180.00, 5.69, 30.27, 180.00, 5.69, 0.00, 0.00, 0.00);
insert into SHOT values (666, 625, 671, 962, 67.30, 233.13, 26.47, 67.30, 233.14, 26.47, 0.01, 296.57, 0.00);
insert into SHOT values (667, 671, 672, 962, 48.27, 203.20, 18.11, 48.27, 203.20, 18.11, 0.00, 135.00, 0.00);
insert into SHOT values (668, 672, 673, 962, 38.15, 198.43, -3.00, 38.15, 198.44, -3.01, 0.00, 333.43, 0.00);
insert into SHOT values (669, 673, 674, 962, 83.89, 107.10, 12.39, 83.90, 107.10, 12.39, 0.01, 116.57, 0.00);
insert into SHOT values (670, 674, 675, 962, 43.49, 33.69, 2.64, 43.49, 33.68, 2.64, 0.01, 315.00, 0.00);
insert into SHOT values (671, 623, 676, 962, 81.25, 351.25, -12.80, 81.25, 351.25, -12.80, 0.00, 225.00, 0.00);
insert into SHOT values (672, 676, 677, 962, 42.89, 8.13, -6.69, 42.89, 8.12, -6.69, 0.00, 296.57, 0.00);
insert into SHOT values (673, 677, 678, 962, 38.59, 51.34, 1.49, 38.59, 51.34, 1.48, 0.00, 360.00, 0.00);
insert into SHOT values (674, 678, 679, 962, 44.65, 116.57, 25.18, 44.66, 116.57, 25.18, 0.01, 143.13, 0.00);
insert into SHOT values (675, 679, 624, 962, 53.74, 150.26, 25.34, 53.73, 150.26, 25.35, 0.01, 323.13, 0.00);
insert into SHOT values (676, 680, 681, 962, 25.02, 75.96, 6.89, 25.02, 75.97, 6.89, 0.01, 135.00, 0.00);
insert into SHOT values (677, 681, 682, 962, 84.19, 19.98, -33.12, 84.19, 19.98, -33.12, 0.01, 315.00, 0.00);
insert into SHOT values (678, 682, 683, 962, 60.54, 95.71, 0.00, 60.54, 95.72, 0.00, 0.01, 180.00, 0.00);
insert into SHOT values (679, 683, 684, 962, 68.68, 15.26, 0.00, 68.69, 15.25, 0.00, 0.01, 341.57, 0.00);
insert into SHOT values (680, 684, 685, 962, 129.76, 21.80, 0.22, 129.76, 21.80, 0.22, 0.01, 90.00, 0.00);
insert into SHOT values (681, 685, 686, 962, 64.88, 338.20, 0.00, 64.81, 338.18, 0.03, 0.08, 175.10, 23.12);
insert into SHOT values (682, 686, 687, 962, 170.60, 42.14, 0.17, 170.55, 42.15, 0.17, 0.07, 176.42, 17.32);
insert into SHOT values (683, 687, 688, 962, 121.83, 81.47, 0.00, 121.83, 81.50, 0.01, 0.07, 170.84, 25.53);
insert into SHOT values (684, 688, 689, 962, 83.90, 21.04, 0.00, 83.85, 21.06, 0.01, 0.07, 170.84, 17.66);
insert into SHOT values (685, 689, 690, 962, 68.16, 135.00, 0.42, 68.20, 135.03, 0.45, 0.07, 172.15, 27.13);
insert into SHOT values (686, 690, 691, 962, 53.88, 63.43, 0.00, 53.86, 63.50, 0.03, 0.07, 173.09, 24.29);
insert into SHOT values (687, 691, 692, 962, 159.04, 65.38, 0.18, 159.02, 65.40, 0.19, 0.07, 176.42, 17.32);
insert into SHOT values (688, 692, 693, 962, 49.68, 104.04, 0.00, 49.70, 104.10, 0.03, 0.07, 172.65, 25.64);
insert into SHOT values (689, 693, 694, 962, 87.71, 74.05, 0.00, 87.70, 74.10, 0.01, 0.07, 176.53, 16.83);
insert into SHOT values (690, 694, 695, 962, 112.54, 195.52, 0.25, 112.60, 195.51, 0.27, 0.07, 171.63, 23.58);
insert into SHOT values (691, 695, 696, 962, 51.82, 125.54, 0.00, 51.86, 125.59, 0.03, 0.07, 178.09, 26.55);
insert into SHOT values (692, 696, 697, 962, 57.15, 71.57, 0.50, 57.14, 71.63, 0.52, 0.07, 167.28, 17.47);
insert into SHOT values (693, 697, 698, 962, 60.24, 90.00, 0.00, 60.24, 90.00, 0.00, 0.00, 270.00, 0.00);
insert into SHOT values (694, 698, 699, 962, 48.57, 29.74, 0.00, 48.57, 29.74, 0.00, 0.01, 288.43, 0.00);
insert into SHOT values (695, 682, 700, 962, 54.55, 276.34, 0.00, 54.54, 276.34, 0.00, 0.01, 123.69, 0.00);
insert into SHOT values (696, 700, 701, 962, 48.57, 240.26, 0.00, 48.57, 240.26, 0.00, 0.01, 341.57, 0.00);
insert into SHOT values (697, 701, 702, 962, 98.06, 349.38, 0.00, 98.06, 349.38, 0.00, 0.00, 153.43, 0.00);
insert into SHOT values (698, 702, 703, 962, 130.04, 13.39, 0.00, 130.04, 13.39, 0.00, 0.00, 180.00, 0.00);
insert into SHOT values (699, 703, 704, 962, 72.54, 48.37, 0.00, 72.54, 48.36, 0.00, 0.01, 323.13, 0.00);
insert into SHOT values (700, 704, 705, 962, 100.98, 17.35, 0.00, 100.98, 17.35, 0.00, 0.00, 180.00, 0.00);
insert into SHOT values (701, 705, 706, 962, 64.04, 41.19, 0.00, 64.04, 41.19, 0.00, 0.00, 135.00, 0.00);
insert into SHOT values (702, 706, 707, 962, 86.25, 12.09, 0.00, 86.25, 12.09, 0.00, 0.00, 333.43, 0.00);
insert into SHOT values (703, 707, 708, 962, 32.44, 68.20, 0.00, 32.44, 68.20, 0.00, 0.00, 360.00, 0.00);
insert into SHOT values (704, 708, 709, 962, 19.05, 161.57, 0.00, 19.06, 161.56, 0.00, 0.01, 143.13, 0.00);
insert into SHOT values (705, 709, 710, 962, 38.57, 38.66, 0.00, 38.57, 38.65, 0.00, 0.01, 270.00, 0.00);
insert into SHOT values (706, 710, 711, 962, 42.60, 188.13, 0.67, 42.59, 188.13, 0.67, 0.01, 26.57, 0.00);
insert into SHOT values (707, 705, 712, 962, 42.60, 98.13, 0.67, 42.60, 98.12, 0.67, 0.00, 26.57, 0.00);
insert into SHOT values (708, 712, 713, 962, 13.47, 26.57, 0.00, 13.46, 26.57, 0.00, 0.01, 206.57, 0.00);
insert into SHOT values (709, 705, 714, 962, 30.12, 323.13, 0.00, 30.12, 323.14, 0.00, 0.00, 26.57, 0.00);
insert into SHOT values (710, 714, 715, 962, 24.84, 14.04, 0.00, 24.83, 14.03, 0.00, 0.01, 213.69, 0.00);
insert into SHOT values (711, 715, 716, 962, 25.56, 315.00, 0.00, 25.55, 315.00, 0.00, 0.00, 135.00, 0.00);
insert into SHOT values (712, 716, 717, 962, 57.15, 18.43, 0.00, 57.15, 18.43, 0.00, 0.00, 333.43, 0.00);
insert into SHOT values (713, 714, 718, 962, 40.41, 243.43, 0.00, 40.41, 243.42, 0.00, 0.01, 153.43, 0.00);
insert into SHOT values (714, 703, 719, 962, 26.94, 296.57, 1.06, 26.95, 296.57, 1.06, 0.00, 296.57, 0.00);
insert into SHOT values (715, 719, 720, 962, 38.10, 18.43, 0.00, 38.11, 18.43, 0.00, 0.01, 18.43, 0.00);
insert into SHOT values (716, 720, 721, 962, 13.47, 296.57, 0.00, 13.47, 296.55, 0.00, 0.00, 206.57, 0.00);
insert into SHOT values (717, 721, 722, 962, 21.72, 33.69, 0.00, 21.72, 33.70, 0.00, 0.00, 135.00, 0.00);
insert into SHOT values (718, 702, 723, 962, 78.32, 292.62, 0.73, 78.32, 292.62, 0.73, 0.00, 270.00, 0.00);
insert into SHOT values (719, 680, 724, 962, 106.86, 16.39, -2.68, 106.86, 16.39, -2.68, 0.00, 360.00, 0.00);
insert into SHOT values (720, 724, 725, 962, 43.90, 74.05, 2.61, 43.90, 74.05, 2.61, 0.00, 45.00, 0.00);
insert into SHOT values (721, 725, 726, 962, 65.19, 33.69, -1.76, 65.18, 33.69, -1.76, 0.01, 213.69, 0.00);
insert into SHOT values (722, 726, 727, 962, 74.68, 284.04, 3.84, 74.68, 284.03, 3.84, 0.00, 225.00, 0.00);
insert into SHOT values (723, 725, 728, 962, 43.00, 90.00, 90.00, 43.00, 90.00, 90.00, 0.00, 90.00, 0.00);
insert into SHOT values (724, 683, 725, 962, 72.31, 323.13, 33.58, 72.31, 323.14, 33.58, 0.01, 26.57, 0.00);
insert into SHOT values (725, 689, 729, 962, 47.09, 230.19, 2.43, 47.10, 230.20, 2.43, 0.01, 270.00, 0.00);
insert into SHOT values (726, 729, 730, 962, 30.12, 306.87, 0.00, 30.11, 306.87, 0.00, 0.01, 108.43, 0.00);
insert into SHOT values (727, 730, 731, 962, 51.51, 20.56, -2.23, 51.51, 20.55, -2.23, 0.01, 345.96, 0.00);
insert into SHOT values (728, 731, 732, 962, 24.84, 14.04, 0.00, 24.83, 14.03, 0.00, 0.01, 213.69, 0.00);
insert into SHOT values (729, 732, 733, 962, 54.55, 6.34, 0.00, 54.55, 6.35, 0.00, 0.01, 56.31, 0.00);
insert into SHOT values (730, 733, 734, 962, 78.31, 67.38, 0.00, 78.30, 67.38, 0.00, 0.01, 270.00, 0.00);
insert into SHOT values (731, 734, 735, 962, 91.95, 31.61, 0.00, 91.95, 31.61, 0.00, 0.01, 104.04, 0.00);
insert into SHOT values (732, 735, 736, 962, 64.07, 48.81, 1.79, 64.07, 48.81, 1.79, 0.00, 315.00, 0.00);
insert into SHOT values (733, 732, 737, 962, 55.54, 310.60, 0.00, 55.54, 310.60, 0.00, 0.01, 341.57, 0.00);
insert into SHOT values (734, 737, 738, 962, 35.13, 239.04, 0.00, 35.13, 239.03, 0.00, 0.01, 180.00, 0.00);
insert into SHOT values (735, 738, 739, 962, 59.33, 203.96, 0.00, 59.32, 203.96, 0.00, 0.01, 45.00, 0.00);
insert into SHOT values (736, 739, 740, 962, 24.10, 270.00, 0.00, 24.10, 270.00, 0.00, 0.00, 270.00, 0.00);
insert into SHOT values (737, 697, 741, 962, 156.28, 27.55, 0.37, 156.28, 27.55, 0.37, 0.00, 135.00, 0.00);
insert into SHOT values (738, 741, 742, 962, 60.54, 95.71, 0.00, 60.54, 95.71, 0.00, 0.00, 360.00, 0.00);
insert into SHOT values (739, 742, 743, 962, 60.55, 174.29, 0.95, 60.55, 174.29, 0.95, 0.00, 270.00, 0.00);
insert into SHOT values (740, 697, 744, 962, 98.92, 190.62, 7.55, 98.99, 190.61, 7.56, 0.07, 178.26, 24.43);
insert into SHOT values (741, 744, 745, 962, 97.39, 187.13, 4.12, 96.55, 187.24, 3.96, 0.91, 353.71, -22.06);
insert into SHOT values (742, 745, 746, 962, 35.24, 165.96, 45.19, 34.61, 165.77, 45.63, 0.69, 353.36, -22.10);
insert into SHOT values (743, 746, 747, 962, 38.67, 146.31, 55.83, 38.15, 145.55, 56.31, 0.68, 352.85, -22.53);
insert into SHOT values (744, 747, 748, 962, 72.35, 180.00, 2.38, 71.64, 180.06, 2.18, 0.76, 353.46, -21.73);
insert into SHOT values (745, 748, 749, 962, 79.06, 94.40, -6.54, 78.98, 94.01, -6.70, 0.58, 353.38, -22.26);
insert into SHOT values (746, 749, 750, 962, 79.26, 81.25, 1.45, 79.28, 80.60, 1.18, 0.97, 352.84, -22.37);
insert into SHOT values (747, 750, 751, 962, 72.54, 48.37, 0.00, 73.06, 47.78, -0.28, 0.97, 353.27, -21.71);
insert into SHOT values (748, 751, 752, 962, 62.09, 29.05, -2.77, 62.27, 28.89, -4.07, 1.43, 326.15, -82.08);
insert into SHOT values (749, 752, 753, 962, 198.89, 35.13, 0.29, 198.96, 35.08, -0.12, 1.42, 328.36, -81.85);
insert into SHOT values (750, 753, 754, 962, 196.89, 27.35, 2.62, 196.92, 27.30, 2.21, 1.43, 326.15, -82.08);
insert into SHOT values (751, 754, 755, 962, 72.55, 48.37, 0.79, 72.88, 47.89, -0.28, 1.53, 347.85, -62.98);
insert into SHOT values (752, 755, 756, 962, 59.64, 45.00, -0.96, 59.92, 44.61, -1.85, 1.04, 346.84, -62.97);
insert into SHOT values (753, 756, 757, 962, 64.23, 41.19, -4.46, 64.62, 40.82, -5.23, 1.03, 348.00, -59.73);
insert into SHOT values (754, 757, 758, 962, 69.41, 52.13, 8.28, 69.53, 51.73, 7.55, 1.01, 349.58, -58.32);
insert into SHOT values (755, 758, 759, 962, 73.59, 55.01, 2.34, 73.84, 54.51, 1.45, 1.33, 348.40, -58.36);
insert into SHOT values (756, 759, 760, 962, 108.55, 0.00, -2.64, 109.34, 359.92, -3.26, 1.43, 348.36, -58.65);
insert into SHOT values (757, 760, 761, 962, 51.74, 45.00, 8.90, 51.90, 44.54, 7.97, 0.94, 349.05, -58.25);
insert into SHOT values (758, 761, 762, 962, 30.19, 53.13, 3.80, 30.35, 52.31, 2.30, 0.91, 348.41, -58.51);
insert into SHOT values (759, 762, 763, 962, 81.99, 17.10, -2.10, 82.38, 16.97, -2.55, 0.78, 349.19, -58.84);
insert into SHOT values (760, 763, 764, 962, 98.58, 74.05, 27.16, 98.09, 73.57, 26.51, 1.42, 348.75, -58.26);
insert into SHOT values (761, 764, 765, 962, 70.72, 353.66, -39.52, 70.71, 353.65, -39.52, 0.01, 225.00, -0.00);
insert into SHOT values (762, 765, 766, 962, 103.66, 35.54, 1.11, 103.66, 35.54, 1.11, 0.00, 360.00, 0.00);
insert into SHOT values (763, 766, 767, 962, 156.29, 27.55, 0.73, 156.29, 27.55, 0.73, 0.00, 135.00, 0.00);
insert into SHOT values (764, 767, 768, 962, 78.65, 32.47, -2.92, 78.64, 32.47, -2.92, 0.00, 153.43, 0.00);
insert into SHOT values (765, 768, 769, 962, 103.66, 35.54, -1.11, 103.66, 35.54, -1.11, 0.00, 0.00, 0.00);
insert into SHOT values (766, 769, 770, 962, 135.51, 32.28, -2.54, 135.51, 32.28, -2.54, 0.00, 26.57, 0.00);
insert into SHOT values (767, 770, 771, 962, 103.66, 35.54, -1.11, 103.66, 35.54, -1.11, 0.01, 180.00, 0.00);
insert into SHOT values (768, 771, 772, 962, 114.62, 356.99, -0.50, 114.62, 356.98, -0.50, 0.01, 303.69, 0.00);
insert into SHOT values (769, 772, 773, 962, 54.59, 96.34, 2.10, 54.59, 96.35, 2.10, 0.01, 146.31, 0.00);
insert into SHOT values (770, 773, 774, 962, 60.55, 354.29, -0.95, 60.55, 354.28, -0.95, 0.01, 270.00, 0.00);
insert into SHOT values (771, 774, 775, 962, 82.09, 53.97, 3.49, 82.10, 53.97, 3.49, 0.01, 36.87, 0.00);
insert into SHOT values (772, 775, 776, 962, 61.36, 5.71, -9.38, 61.36, 5.71, -9.38, 0.00, 270.00, 0.00);
insert into SHOT values (773, 776, 777, 962, 104.52, 266.63, -11.03, 104.52, 266.63, -11.03, 0.01, 198.43, 0.00);
insert into SHOT values (774, 777, 778, 962, 54.78, 276.34, -5.24, 54.77, 276.35, -5.24, 0.01, 45.00, 0.00);
insert into SHOT values (775, 778, 779, 962, 78.37, 270.00, -2.19, 78.37, 270.00, -2.19, 0.00, 90.00, 0.00);
insert into SHOT values (776, 779, 780, 962, 13.51, 333.43, 4.25, 13.50, 333.40, 4.25, 0.01, 216.87, 0.00);
insert into SHOT values (777, 780, 781, 962, 48.36, 270.00, 4.74, 48.36, 270.00, 4.74, 0.00, 90.00, 0.00);
insert into SHOT values (778, 781, 782, 962, 72.55, 221.63, -0.79, 72.54, 221.64, -0.79, 0.01, 18.43, 0.00);
insert into SHOT values (779, 782, 783, 962, 51.83, 305.54, -1.11, 51.83, 305.54, -1.11, 0.00, 270.00, 0.00);
insert into SHOT values (780, 783, 784, 962, 102.41, 208.07, -0.56, 102.41, 208.07, -0.56, 0.00, 90.00, 0.00);
insert into SHOT values (781, 784, 785, 962, 59.67, 225.00, -1.92, 59.67, 225.00, -1.92, 0.00, 225.00, 0.00);
insert into SHOT values (782, 785, 786, 962, 94.12, 219.81, -1.22, 94.12, 219.80, -1.22, 0.00, 180.00, 0.00);
insert into SHOT values (783, 786, 787, 962, 70.69, 199.98, 4.06, 70.68, 199.99, 4.06, 0.01, 315.00, 0.00);
insert into SHOT values (784, 787, 788, 962, 32.58, 248.20, 5.28, 32.58, 248.20, 5.28, 0.00, 180.00, 0.00);
insert into SHOT values (785, 776, 789, 962, 94.63, 243.43, 4.85, 94.62, 243.43, 4.85, 0.01, 108.43, 0.00);
insert into SHOT values (786, 789, 790, 962, 57.18, 288.43, -2.00, 57.19, 288.43, -2.00, 0.00, 243.43, 0.00);
insert into SHOT values (787, 790, 791, 962, 121.99, 249.78, 0.94, 122.00, 249.77, 0.94, 0.00, 243.43, 0.00);
insert into SHOT values (788, 791, 779, 962, 77.55, 15.26, -27.66, 77.55, 15.26, -27.66, 0.01, 53.13, 0.00);
insert into SHOT values (789, 779, 792, 962, 60.43, 263.66, 25.48, 60.43, 263.65, 25.48, 0.01, 213.69, -0.00);
insert into SHOT values (790, 792, 793, 962, 80.85, 206.57, 1.42, 80.85, 206.56, 1.42, 0.00, 116.57, 0.00);
insert into SHOT values (791, 793, 794, 962, 94.42, 206.57, 3.04, 94.42, 206.57, 3.04, 0.01, 341.57, 0.00);
insert into SHOT values (792, 794, 795, 962, 55.57, 192.53, 2.06, 55.58, 192.53, 2.06, 0.00, 206.57, 0.00);
insert into SHOT values (793, 795, 796, 962, 76.20, 251.57, 0.75, 76.20, 251.57, 0.75, 0.01, 341.57, 0.00);
insert into SHOT values (794, 782, 797, 962, 80.40, 192.99, -1.43, 80.39, 192.99, -1.43, 0.00, 45.00, 0.00);
insert into SHOT values (795, 797, 798, 962, 102.24, 225.00, -0.56, 102.24, 225.00, -0.56, 0.00, 225.00, 0.00);
insert into SHOT values (796, 798, 799, 962, 100.28, 147.26, 1.14, 100.28, 147.27, 1.14, 0.01, 236.31, 0.00);
insert into SHOT values (797, 799, 800, 962, 37.59, 68.20, 30.36, 37.60, 68.20, 30.36, 0.00, 360.00, -0.00);
insert into SHOT values (798, 800, 801, 962, 99.36, 104.04, 0.58, 99.36, 104.04, 0.58, 0.01, 123.69, 0.00);
insert into SHOT values (799, 801, 802, 962, 31.16, 143.13, 14.87, 31.16, 143.13, 14.88, 0.01, 341.57, 0.00);
insert into SHOT values (800, 802, 803, 962, 42.61, 98.13, 1.34, 42.61, 98.14, 1.34, 0.01, 161.57, 0.00);
insert into SHOT values (801, 803, 770, 962, 43.96, 164.05, 3.91, 43.95, 164.05, 3.91, 0.01, 14.04, 0.00);
insert into SHOT values (802, 802, 804, 962, 37.21, 168.69, -34.36, 37.21, 168.70, -34.36, 0.00, 270.00, 0.00);
insert into SHOT values (803, 804, 805, 962, 47.05, 230.19, 0.00, 47.05, 230.19, 0.00, 0.00, 90.00, 0.00);
insert into SHOT values (804, 805, 806, 962, 18.18, 180.00, -6.32, 18.18, 180.00, -6.32, 0.00, 0.00, 0.00);
insert into SHOT values (805, 783, 807, 962, 132.29, 30.07, 1.30, 132.28, 30.07, 1.30, 0.01, 213.69, 0.00);
insert into SHOT values (806, 807, 808, 962, 47.05, 39.81, 0.00, 47.05, 39.80, 0.00, 0.01, 360.00, 0.00);
insert into SHOT values (807, 808, 809, 962, 43.90, 15.95, 2.61, 43.90, 15.95, 2.61, 0.00, 45.00, 0.00);
insert into SHOT values (808, 809, 810, 962, 78.55, 32.47, 0.73, 78.55, 32.47, 0.73, 0.00, 153.43, -0.00);
insert into SHOT values (809, 810, 811, 962, 55.55, 12.53, 1.03, 55.55, 12.53, 1.03, 0.00, 26.57, 0.00);
insert into SHOT values (810, 811, 812, 962, 32.58, 21.80, -5.28, 32.58, 21.80, -5.28, 0.00, 90.00, 0.00);
insert into SHOT values (811, 777, 813, 962, 47.22, 50.19, -4.86, 47.22, 50.20, -4.86, 0.01, 90.00, 0.00);
insert into SHOT values (812, 813, 814, 962, 57.85, 71.57, 8.95, 57.85, 71.57, 8.95, 0.01, 251.57, -0.00);
insert into SHOT values (813, 814, 815, 962, 43.10, 26.57, -20.36, 43.11, 26.57, -20.36, 0.01, 53.13, 0.00);
insert into SHOT values (814, 815, 816, 962, 61.47, 11.31, -1.86, 61.46, 11.30, -1.86, 0.01, 270.00, 0.00);
insert into SHOT values (815, 816, 817, 962, 129.40, 27.76, -1.77, 129.40, 27.76, -1.77, 0.01, 180.00, 0.00);
insert into SHOT values (816, 817, 818, 962, 22.29, 326.31, -12.96, 22.29, 326.34, -12.96, 0.01, 45.00, 0.00);
insert into SHOT values (817, 818, 819, 962, 87.16, 33.69, -4.61, 87.15, 33.69, -4.61, 0.01, 194.04, 0.00);
insert into SHOT values (818, 819, 820, 962, 60.67, 354.29, 3.78, 60.67, 354.28, 3.78, 0.01, 270.00, 0.00);
insert into SHOT values (819, 820, 821, 962, 36.36, 0.00, 6.32, 36.37, 0.00, 6.31, 0.01, 0.00, 0.00);
insert into SHOT values (820, 821, 822, 962, 36.52, 30.96, -15.89, 36.53, 30.97, -15.89, 0.01, 90.00, 0.00);
insert into SHOT values (821, 822, 823, 962, 61.36, 5.71, -9.38, 61.36, 5.71, -9.38, 0.00, 270.00, 0.00);
insert into SHOT values (822, 820, 824, 962, 25.55, 75.96, -13.58, 25.56, 75.95, -13.58, 0.01, 33.69, 0.00);
insert into SHOT values (823, 824, 825, 962, 79.00, 90.00, 90.00, 79.00, 90.00, 90.00, 0.00, 90.00, 0.00);
insert into SHOT values (824, 785, 826, 962, 31.74, 306.87, -18.37, 31.74, 306.86, -18.37, 0.00, 243.43, 0.00);
insert into SHOT values (825, 826, 827, 962, 24.00, 90.00, -90.00, 24.00, 90.00, -90.00, 0.00, 90.00, 0.00);
insert into SHOT values (826, 827, 828, 962, 53.92, 243.43, 2.13, 53.91, 243.44, 2.13, 0.01, 18.43, 0.00);
insert into SHOT values (827, 827, 829, 962, 38.10, 18.43, 0.00, 38.11, 18.43, 0.00, 0.01, 18.43, 0.00);
insert into SHOT values (828, 829, 830, 962, 118.81, 329.53, 0.00, 118.80, 329.53, 0.00, 0.01, 180.00, 0.00);
insert into SHOT values (829, 830, 831, 962, 80.82, 26.57, 0.00, 80.82, 26.57, 0.00, 0.01, 71.57, 0.00);
insert into SHOT values (830, 831, 832, 962, 55.55, 347.47, 1.03, 55.55, 347.47, 1.03, 0.00, 333.43, 0.00);
insert into SHOT values (831, 832, 833, 962, 80.37, 12.99, 0.00, 80.37, 12.99, 0.00, 0.00, 225.00, 0.00);
insert into SHOT values (832, 831, 834, 962, 86.93, 33.69, 1.98, 86.93, 33.69, 1.98, 0.00, 315.00, 0.00);
insert into SHOT values (833, 831, 835, 962, 60.17, 156.04, 9.57, 60.16, 156.04, 9.57, 0.01, 315.00, 0.00);
insert into SHOT values (834, 776, 836, 962, 92.53, 37.87, 42.07, 92.53, 37.88, 42.07, 0.01, 161.57, 0.00);
insert into SHOT values (835, 836, 837, 962, 47.82, 33.69, 24.72, 47.83, 33.69, 24.72, 0.01, 33.69, 0.00);
insert into SHOT values (836, 837, 838, 962, 32.50, 21.80, -3.53, 32.50, 21.79, -3.53, 0.01, 270.00, 0.00);
insert into SHOT values (837, 838, 839, 962, 37.21, 11.31, -34.36, 37.21, 11.32, -34.36, 0.01, 90.00, 0.00);
insert into SHOT values (838, 839, 840, 962, 20.19, 0.00, -26.47, 20.19, 0.00, -26.48, 0.00, 180.00, 0.00);
insert into SHOT values (839, 840, 841, 962, 35.48, 30.96, 8.10, 35.48, 30.96, 8.10, 0.00, 270.00, 0.00);
insert into SHOT values (840, 841, 842, 962, 37.98, 9.46, -15.26, 37.98, 9.46, -15.27, 0.01, 225.00, 0.00);
insert into SHOT values (841, 842, 843, 962, 17.25, 45.00, -60.41, 17.25, 45.00, -60.38, 0.01, 45.00, -0.00);
insert into SHOT values (842, 843, 844, 962, 38.62, 141.34, 2.97, 38.62, 141.35, 2.97, 0.01, 270.00, 0.00);
insert into SHOT values (843, 844, 845, 962, 145.70, 29.74, 0.39, 145.70, 29.75, 0.39, 0.00, 153.43, 0.00);
insert into SHOT values (844, 845, 846, 962, 53.92, 333.43, -2.13, 53.91, 333.44, -2.13, 0.01, 108.43, 0.00);
insert into SHOT values (845, 846, 825, 962, 59.36, 293.96, -1.93, 59.37, 293.96, -1.93, 0.01, 315.00, 0.00);
insert into SHOT values (846, 825, 847, 962, 62.15, 29.05, -3.69, 62.14, 29.06, -3.69, 0.01, 180.00, 0.00);
insert into SHOT values (847, 847, 848, 962, 19.38, 0.00, -21.17, 19.39, 0.00, -21.16, 0.01, 0.00, 0.00);
insert into SHOT values (848, 848, 849, 962, 42.59, 90.00, -8.10, 42.59, 90.00, -8.10, 0.00, 90.00, 0.00);
insert into SHOT values (849, 849, 850, 962, 27.11, 63.43, 6.35, 27.10, 63.44, 6.36, 0.01, 216.87, 0.00);
insert into SHOT values (850, 850, 851, 962, 27.62, 341.57, -46.39, 27.62, 341.58, -46.38, 0.01, 26.57, 0.00);
insert into SHOT values (851, 851, 852, 962, 20.84, 270.00, -54.67, 20.84, 270.00, -54.67, 0.00, 270.00, 0.00);
insert into SHOT values (852, 852, 853, 962, 25.16, 255.96, 9.15, 25.15, 255.95, 9.15, 0.01, 135.00, -0.00);
insert into SHOT values (853, 853, 854, 962, 18.51, 0.00, -12.48, 18.51, 0.00, -12.48, 0.00, 180.00, 0.00);
insert into SHOT values (854, 854, 855, 962, 10.01, 0.00, -53.02, 10.02, 0.00, -52.99, 0.01, 0.00, 0.00);
insert into SHOT values (855, 855, 856, 962, 79.45, 355.60, 8.69, 79.45, 355.60, 8.69, 0.01, 251.57, -0.00);
insert into SHOT values (856, 856, 857, 962, 72.82, 24.44, 1.57, 72.81, 24.45, 1.57, 0.00, 180.00, 0.00);
insert into SHOT values (857, 857, 858, 962, 69.27, 37.87, 7.47, 69.28, 37.87, 7.46, 0.00, 26.57, 0.00);
insert into SHOT values (858, 858, 859, 962, 55.55, 12.53, 1.03, 55.55, 12.53, 1.03, 0.00, 26.57, 0.00);
insert into SHOT values (859, 859, 860, 962, 90.97, 47.73, 10.13, 90.97, 47.72, 10.13, 0.00, 270.00, 0.00);
insert into SHOT values (860, 860, 861, 962, 78.57, 355.60, 1.46, 78.57, 355.60, 1.46, 0.00, 116.57, 0.00);
insert into SHOT values (861, 861, 862, 962, 70.76, 344.74, -13.90, 70.75, 344.75, -13.90, 0.00, 153.43, 0.00);
insert into SHOT values (862, 862, 863, 962, 13.00, 90.00, -90.00, 13.00, 90.00, -90.00, 0.00, 90.00, 0.00);
insert into SHOT values (863, 863, 864, 962, 97.83, 21.80, 5.87, 97.83, 21.80, 5.87, 0.00, 270.00, 0.00);
insert into SHOT values (864, 864, 865, 962, 82.09, 36.03, 3.49, 82.09, 36.02, 3.49, 0.01, 341.57, 0.00);
insert into SHOT values (865, 865, 866, 962, 35.09, 306.87, 30.86, 35.08, 306.87, 30.87, 0.01, 108.43, 0.00);
insert into SHOT values (866, 866, 867, 962, 91.77, 233.13, -10.04, 91.77, 233.13, -10.04, 0.00, 206.57, 0.00);
insert into SHOT values (867, 867, 868, 962, 77.15, 255.96, 15.02, 77.15, 255.97, 15.02, 0.00, 315.00, 0.00);
insert into SHOT values (868, 868, 869, 962, 76.82, 0.00, 19.78, 76.82, 0.00, 19.78, 0.00, 0.00, 0.00);
insert into SHOT values (869, 869, 870, 962, 62.61, 23.96, -18.63, 62.61, 23.97, -18.63, 0.01, 146.31, -0.00);
insert into SHOT values (870, 870, 871, 962, 64.48, 0.00, -20.90, 64.48, 0.00, -20.90, 0.00, 180.00, 0.00);
insert into SHOT values (871, 871, 872, 962, 39.20, 321.34, -10.29, 39.20, 321.34, -10.29, 0.00, 270.00, 0.00);
insert into SHOT values (872, 872, 873, 962, 34.63, 281.31, 27.51, 34.63, 281.32, 27.51, 0.01, 0.00, 0.00);
insert into SHOT values (873, 868, 874, 962, 133.78, 204.23, -9.03, 133.78, 204.23, -9.03, 0.00, 270.00, 0.00);
insert into SHOT values (874, 874, 875, 962, 81.27, 228.01, -4.23, 81.27, 228.01, -4.23, 0.00, 180.00, 0.00);
insert into SHOT values (875, 875, 876, 962, 42.64, 278.13, -2.69, 42.64, 278.14, -2.69, 0.01, 53.13, 0.00);
insert into SHOT values (876, 876, 877, 962, 92.15, 11.31, 0.62, 92.15, 11.31, 0.62, 0.00, 270.00, 0.00);
insert into SHOT values (877, 877, 878, 962, 74.54, 14.04, 1.54, 74.54, 14.03, 1.54, 0.00, 315.00, 0.00);
insert into SHOT values (878, 875, 879, 962, 19.04, 180.00, -18.37, 19.04, 180.00, -18.37, 0.00, 0.00, 0.00);
insert into SHOT values (879, 879, 880, 962, 67.36, 206.57, -0.85, 67.36, 206.57, -0.85, 0.00, 26.57, 0.00);
insert into SHOT values (880, 880, 881, 962, 38.57, 231.34, 0.00, 38.57, 231.35, 0.00, 0.01, 0.00, 0.00);
insert into SHOT values (881, 881, 882, 962, 45.98, 203.20, -3.74, 45.98, 203.20, -3.74, 0.00, 135.00, 0.00);
insert into SHOT values (882, 882, 883, 962, 13.51, 296.57, -4.25, 13.51, 296.55, -4.25, 0.00, 206.57, 0.00);
insert into SHOT values (883, 883, 884, 962, 67.42, 26.57, 2.55, 67.42, 26.57, 2.55, 0.00, 206.57, 0.00);
insert into SHOT values (884, 884, 885, 962, 70.52, 19.98, 0.81, 70.52, 19.98, 0.81, 0.01, 33.69, 0.00);
insert into SHOT values (885, 885, 876, 962, 19.69, 341.57, 14.71, 19.69, 341.57, 14.71, 0.00, 116.57, 0.00);
insert into SHOT values (886, 866, 886, 962, 128.06, 32.91, 17.73, 128.06, 32.90, 17.73, 0.00, 296.57, 0.00);
insert into SHOT values (887, 865, 887, 962, 78.54, 32.47, 0.00, 78.54, 32.47, 0.00, 0.00, 153.43, 0.00);
insert into SHOT values (888, 887, 888, 962, 90.37, 53.13, -0.63, 90.37, 53.13, -0.63, 0.00, 26.57, 0.00);
insert into SHOT values (889, 888, 889, 962, 51.13, 45.00, -1.12, 51.12, 45.00, -1.12, 0.01, 225.00, 0.00);
insert into SHOT values (890, 868, 890, 962, 59.34, 66.04, -0.97, 59.34, 66.04, -0.97, 0.01, 45.00, 0.00);
insert into SHOT values (891, 890, 891, 962, 43.44, 56.31, 0.00, 43.43, 56.31, 0.00, 0.01, 213.69, 0.00);
insert into SHOT values (892, 891, 892, 962, 36.66, 170.54, -1.56, 36.65, 170.54, -1.56, 0.01, 315.00, 0.00);
insert into SHOT values (893, 892, 893, 962, 24.81, 146.31, -28.92, 24.81, 146.30, -28.92, 0.00, 45.00, 0.00);
insert into SHOT values (894, 893, 864, 962, 18.72, 116.57, -43.98, 18.72, 116.58, -43.97, 0.01, 161.57, 0.00);
insert into SHOT values (895, 855, 894, 962, 51.94, 50.19, 25.06, 51.94, 50.19, 25.06, 0.00, 270.00, -0.00);
insert into SHOT values (896, 894, 895, 962, 70.83, 30.96, -7.30, 70.82, 30.96, -7.30, 0.00, 270.00, 0.00);
insert into SHOT values (897, 895, 896, 962, 38.26, 9.46, -16.71, 38.26, 9.47, -16.71, 0.01, 123.69, 0.00);
insert into SHOT values (898, 896, 897, 962, 40.46, 26.57, -2.83, 40.46, 26.56, -2.83, 0.01, 341.57, 0.00);
insert into SHOT values (899, 897, 898, 962, 38.59, 51.34, 1.49, 38.58, 51.35, 1.49, 0.01, 180.00, 0.00);
insert into SHOT values (900, 898, 899, 962, 34.21, 315.00, 5.03, 34.21, 315.00, 5.03, 0.01, 315.00, 0.00);
insert into SHOT values (901, 899, 900, 962, 96.40, 0.00, -1.19, 96.40, 0.00, -1.19, 0.00, 180.00, 0.00);
insert into SHOT values (902, 900, 901, 962, 25.02, 284.04, 6.89, 25.01, 284.05, 6.89, 0.01, 45.00, 0.00);
insert into SHOT values (903, 901, 902, 962, 25.81, 14.04, 15.74, 25.80, 14.03, 15.74, 0.01, 213.69, -0.00);
insert into SHOT values (904, 902, 903, 962, 36.64, 0.00, -9.43, 36.64, 0.00, -9.42, 0.01, 0.00, 0.00);
insert into SHOT values (905, 903, 904, 962, 84.65, 4.09, 2.71, 84.64, 4.09, 2.71, 0.01, 135.00, 0.00);
insert into SHOT values (906, 904, 863, 962, 30.19, 90.00, 3.80, 30.19, 90.00, 3.80, 0.00, 270.00, -0.09);
insert into SHOT values (907, 895, 905, 962, 52.17, 116.57, -39.24, 52.18, 116.56, -39.23, 0.01, 71.57, 0.00);
insert into SHOT values (908, 764, 906, 962, 65.65, 77.47, 32.22, 64.42, 75.93, 30.36, 2.86, 348.55, -58.56);
insert into SHOT values (909, 906, 907, 962, 30.53, 53.13, 9.43, 30.80, 51.12, 5.68, 2.29, 348.58, -58.57);
insert into SHOT values (910, 907, 908, 962, 38.22, 71.57, -4.50, 38.70, 69.34, -8.08, 2.86, 348.71, -58.40);
insert into SHOT values (911, 908, 909, 962, 60.25, 90.00, 0.95, 59.98, 88.60, -1.38, 2.86, 348.39, -58.58);
insert into SHOT values (912, 909, 910, 962, 42.78, 98.13, 5.36, 42.15, 96.22, 2.12, 2.86, 348.49, -58.52);
insert into SHOT values (913, 910, 911, 962, 24.92, 14.04, 4.60, 24.92, 14.05, 4.60, 0.01, 56.31, 0.00);
insert into SHOT values (914, 911, 912, 962, 34.09, 45.00, 1.68, 34.08, 45.00, 1.68, 0.01, 225.00, 0.00);
insert into SHOT values (915, 912, 913, 962, 86.40, 12.09, 3.32, 86.40, 12.10, 3.32, 0.01, 63.43, 0.00);
insert into SHOT values (916, 913, 914, 962, 50.05, 336.80, -23.55, 50.05, 336.79, -23.55, 0.01, 284.04, 0.00);
insert into SHOT values (917, 914, 915, 962, 40.52, 26.57, -4.25, 40.52, 26.58, -4.25, 0.01, 116.57, 0.00);
insert into SHOT values (918, 915, 916, 962, 17.16, 45.00, -6.69, 17.15, 44.98, -6.70, 0.01, 284.04, 0.00);
insert into SHOT values (919, 916, 917, 962, 22.82, 146.31, -17.86, 22.82, 146.30, -17.86, 0.00, 45.00, 0.00);
insert into SHOT values (920, 917, 918, 962, 35.13, 30.96, 0.00, 35.12, 30.96, 0.00, 0.00, 270.00, 0.00);
insert into SHOT values (921, 918, 919, 962, 20.29, 108.43, 20.18, 20.30, 108.44, 20.17, 0.01, 126.87, 0.00);
insert into SHOT values (922, 919, 920, 962, 25.34, 75.96, 11.38, 25.33, 75.95, 11.38, 0.01, 315.00, 0.00);
insert into SHOT values (923, 920, 921, 962, 100.00, 90.00, -90.00, 100.00, 90.00, -90.00, 0.00, 90.00, 0.00);
insert into SHOT values (924, 921, 922, 962, 31.89, 104.04, -38.84, 31.89, 104.05, -38.84, 0.01, 146.31, 0.00);
insert into SHOT values (925, 922, 923, 962, 35.61, 90.00, 32.24, 35.61, 90.00, 32.24, 0.00, 90.00, 0.00);
insert into SHOT values (926, 923, 924, 962, 66.04, 66.04, 26.05, 66.03, 66.03, 26.05, 0.01, 303.69, 0.00);
insert into SHOT values (927, 924, 925, 962, 37.51, 9.46, -12.32, 37.50, 9.47, -12.32, 0.01, 123.69, 0.00);
insert into SHOT values (928, 925, 926, 962, 89.19, 50.71, 16.28, 89.19, 50.71, 16.28, 0.01, 315.00, 0.00);
insert into SHOT values (929, 926, 927, 962, 16.20, 26.57, -33.75, 16.20, 26.58, -33.74, 0.01, 71.57, 0.00);
insert into SHOT values (930, 927, 928, 962, 68.24, 83.66, 36.93, 68.23, 83.66, 36.93, 0.01, 236.31, 0.00);
insert into SHOT values (931, 928, 929, 962, 31.74, 348.69, -14.60, 31.74, 348.70, -14.60, 0.00, 90.00, 0.00);
insert into SHOT values (932, 929, 930, 962, 63.63, 23.96, -21.19, 63.63, 23.96, -21.19, 0.01, 303.69, 0.00);
insert into SHOT values (933, 910, 931, 962, 52.78, 234.46, -10.92, 52.77, 234.46, -10.92, 0.01, 90.00, 0.00);
insert into SHOT values (934, 931, 932, 962, 42.89, 225.00, -6.69, 42.89, 225.00, -6.69, 0.00, 45.00, 0.00);
insert into SHOT values (935, 906, 933, 962, 44.15, 0.00, 56.93, 43.91, 359.86, 56.26, 0.57, 348.47, -58.52);
insert into SHOT values (936, 933, 934, 962, 35.00, 45.00, 13.21, 35.05, 44.57, 12.37, 0.58, 347.35, -58.41);
insert into SHOT values (937, 934, 935, 962, 42.75, 0.00, 9.43, 42.74, 0.00, 9.43, 0.01, 180.00, 0.00);
insert into SHOT values (938, 935, 936, 962, 33.19, 111.80, 12.18, 33.18, 111.79, 12.18, 0.01, 360.00, 0.00);
insert into SHOT values (939, 934, 937, 962, 31.89, 165.96, -38.84, 31.97, 165.92, -39.85, 0.57, 349.31, -59.29);
insert into SHOT values (940, 937, 907, 962, 21.74, 225.00, -66.93, 22.12, 226.70, -67.81, 0.57, 349.22, -58.06);
insert into SHOT values (941, 764, 938, 962, 64.00, 180.00, 32.09, 65.27, 179.85, 32.66, 1.43, 169.20, 58.51);
insert into SHOT values (942, 938, 939, 962, 108.67, 199.44, 2.11, 109.37, 199.23, 2.74, 1.44, 168.27, 58.36);
insert into SHOT values (943, 939, 940, 962, 25.09, 180.00, 16.20, 25.47, 179.88, 17.01, 0.52, 169.28, 59.16);
insert into SHOT values (944, 940, 941, 962, 38.26, 260.54, 16.71, 38.39, 260.10, 17.37, 0.54, 168.93, 58.56);
insert into SHOT values (945, 941, 942, 962, 44.43, 90.00, 18.37, 44.63, 90.37, 18.89, 0.53, 167.07, 58.38);
insert into SHOT values (946, 942, 943, 962, 48.45, 180.00, 5.92, 48.77, 179.94, 6.42, 0.53, 169.43, 58.79);
insert into SHOT values (947, 943, 944, 962, 42.15, 206.57, 16.54, 42.50, 206.33, 17.05, 0.54, 169.33, 58.59);
insert into SHOT values (948, 944, 945, 962, 86.30, 192.09, 1.99, 86.57, 192.02, 2.28, 0.53, 167.25, 58.02);
insert into SHOT values (949, 945, 946, 962, 109.13, 277.59, -33.35, 108.82, 277.43, -33.18, 0.53, 169.43, 58.79);
insert into SHOT values (950, 946, 947, 962, 102.41, 225.00, -3.36, 102.62, 224.78, -2.91, 0.92, 168.02, 59.13);
insert into SHOT values (951, 947, 948, 962, 36.26, 239.04, -14.37, 36.23, 238.32, -13.10, 0.92, 168.88, 59.42);
insert into SHOT values (952, 948, 949, 962, 37.51, 189.46, 12.32, 37.82, 189.32, 12.88, 0.49, 167.11, 60.62);
insert into SHOT values (953, 949, 950, 962, 54.03, 243.43, -4.25, 54.06, 243.20, -3.79, 0.49, 169.38, 62.08);
insert into SHOT values (954, 950, 951, 962, 39.59, 260.54, -22.26, 39.59, 260.53, -22.26, 0.01, 146.31, 0.00);
insert into SHOT values (955, 951, 952, 962, 62.79, 198.43, 24.46, 62.78, 198.43, 24.47, 0.01, 18.43, 0.00);
insert into SHOT values (956, 952, 953, 962, 68.09, 206.57, -8.45, 68.09, 206.57, -8.45, 0.00, 290.86, 0.00);
insert into SHOT values (957, 950, 952, 962, 81.79, 221.99, 7.73, 81.78, 221.98, 7.73, 0.01, 90.00, 0.00);
insert into SHOT values (958, 950, 755, 962, 105.87, 315.00, -43.59, 105.42, 314.90, -43.50, 0.49, 166.65, 60.57);
insert into SHOT values (959, 948, 756, 962, 102.94, 298.61, -42.84, 102.59, 298.47, -42.75, 0.43, 169.35, 56.52);
insert into SHOT values (960, 946, 954, 962, 68.95, 264.29, -28.59, 68.68, 263.98, -28.22, 0.62, 169.57, 57.48);
insert into SHOT values (961, 954, 757, 962, 87.41, 270.00, -40.70, 87.01, 269.72, -40.46, 0.62, 168.69, 58.38);
insert into SHOT values (962, 939, 955, 962, 52.43, 249.44, -11.00, 52.37, 248.93, -10.15, 0.90, 168.64, 58.76);
insert into SHOT values (963, 955, 956, 962, 55.91, 215.54, -22.06, 55.93, 215.16, -21.20, 0.90, 168.98, 58.56);
insert into SHOT values (964, 956, 957, 962, 74.68, 194.04, 3.84, 75.16, 193.88, 4.40, 0.90, 168.74, 58.54);
insert into SHOT values (965, 957, 946, 962, 62.00, 203.96, 16.88, 62.66, 203.67, 17.52, 1.01, 168.35, 58.61);
insert into SHOT values (966, 957, 759, 962, 73.27, 303.69, -53.64, 73.35, 303.73, -53.66, 0.09, 352.23, -60.97);
insert into SHOT values (967, 947, 958, 962, 70.46, 156.04, 32.64, 70.46, 156.04, 32.64, 0.01, 236.31, 0.00);
insert into SHOT values (968, 958, 959, 962, 75.00, 243.43, 26.10, 75.00, 243.43, 26.10, 0.00, 63.43, 0.00);
insert into SHOT values (969, 945, 960, 962, 47.06, 135.00, -25.15, 47.06, 135.00, -25.15, 0.00, 315.00, 0.00);
insert into SHOT values (970, 960, 961, 962, 35.00, 90.00, -90.00, 35.00, 90.00, -90.00, 0.00, 90.00, 0.00);
insert into SHOT values (971, 961, 962, 962, 27.87, 90.00, -30.16, 27.86, 90.00, -30.16, 0.01, 270.00, 0.00);
insert into SHOT values (972, 962, 963, 962, 67.95, 349.70, -7.61, 67.96, 349.69, -7.61, 0.01, 341.57, 0.00);
insert into SHOT values (973, 963, 964, 962, 84.04, 8.75, -19.46, 84.03, 8.75, -19.46, 0.00, 135.00, 0.00);
insert into SHOT values (974, 964, 965, 962, 57.83, 26.57, -21.29, 57.83, 26.57, -21.29, 0.00, 116.57, 0.00);
insert into SHOT values (975, 965, 966, 962, 19.76, 90.00, -23.88, 19.76, 90.00, -23.88, 0.00, 270.00, 0.00);
insert into SHOT values (976, 966, 967, 962, 30.27, 36.87, -5.69, 30.27, 36.86, -5.69, 0.00, 333.43, 0.00);
insert into SHOT values (977, 744, 968, 962, 19.28, 108.43, -8.95, 19.63, 110.84, -7.70, 0.98, 173.13, 22.29);
insert into SHOT values (978, 968, 969, 962, 36.70, 170.54, -3.12, 37.58, 170.60, -2.50, 0.97, 173.25, 21.75);
insert into SHOT values (979, 969, 970, 962, 24.10, 90.00, 0.00, 24.22, 92.13, 0.88, 0.98, 173.41, 22.21);
insert into SHOT values (980, 970, 971, 962, 13.51, 26.57, -4.25, 12.74, 28.80, -2.83, 0.98, 173.27, 22.25);
insert into SHOT values (981, 971, 972, 962, 30.78, 101.31, -3.73, 31.06, 102.89, -3.03, 0.97, 173.00, 21.74);
insert into SHOT values (982, 972, 973, 962, 55.76, 40.60, -5.14, 55.12, 41.29, -4.82, 0.98, 173.27, 22.25);
insert into SHOT values (983, 973, 974, 962, 32.44, 111.80, 0.00, 32.89, 113.19, 0.64, 0.98, 173.05, 22.16);
insert into SHOT values (984, 974, 975, 962, 90.50, 216.87, 3.17, 89.52, 217.47, 2.54, 1.68, 351.56, -37.92);
insert into SHOT values (985, 975, 976, 962, 18.04, 116.57, 41.70, 16.85, 111.73, 40.67, 1.66, 352.17, -37.99);
insert into SHOT values (986, 976, 977, 962, 31.33, 153.43, 30.71, 29.73, 152.51, 30.23, 1.67, 351.81, -37.98);
insert into SHOT values (987, 977, 978, 962, 115.11, 47.12, 1.00, 115.84, 46.59, 0.48, 1.66, 351.85, -37.88);
insert into SHOT values (988, 978, 979, 962, 86.25, 24.78, 0.00, 87.36, 24.31, -0.68, 1.67, 351.93, -38.16);
insert into SHOT values (989, 979, 980, 962, 77.20, 51.34, 2.23, 77.84, 50.51, 1.46, 1.66, 351.67, -37.87);
insert into SHOT values (990, 980, 981, 962, 94.10, 39.81, 0.61, 94.76, 39.36, 0.14, 1.25, 351.80, -38.10);
insert into SHOT values (991, 981, 982, 962, 75.72, 28.61, -4.54, 76.86, 28.02, -5.24, 1.67, 351.98, -37.72);
insert into SHOT values (992, 982, 983, 962, 35.48, 59.04, 8.10, 35.87, 57.09, 6.35, 1.67, 351.67, -38.14);
insert into SHOT values (993, 983, 984, 962, 78.70, 32.47, 3.64, 79.09, 32.18, 3.04, 1.01, 349.56, -53.66);
insert into SHOT values (994, 984, 985, 962, 47.09, 50.19, -2.43, 47.54, 49.36, -3.71, 1.34, 349.54, -53.71);
insert into SHOT values (995, 985, 986, 962, 64.11, 41.19, 2.68, 64.39, 40.84, 2.00, 0.90, 349.78, -56.53);
insert into SHOT values (996, 986, 987, 962, 55.55, 40.60, 1.03, 55.65, 40.46, 0.75, 0.32, 348.82, -57.00);
insert into SHOT values (997, 987, 988, 962, 60.47, 315.00, 9.52, 60.56, 315.09, 9.25, 0.32, 348.83, -58.55);
insert into SHOT values (998, 988, 989, 962, 34.60, 45.00, 9.99, 34.64, 44.76, 9.52, 0.32, 347.62, -58.12);
insert into SHOT values (999, 989, 990, 962, 44.58, 344.05, 10.34, 44.58, 344.05, 10.34, 0.00, 315.00, 0.00);
insert into SHOT values (1000, 990, 991, 962, 83.39, 278.75, 18.17, 83.39, 278.75, 18.17, 0.00, 45.00, 0.00);
insert into SHOT values (1001, 991, 992, 962, 34.31, 315.00, -6.69, 34.32, 315.00, -6.69, 0.01, 315.00, 0.00);
insert into SHOT values (1002, 989, 993, 962, 102.79, 143.13, 28.47, 102.53, 143.08, 28.38, 0.32, 347.91, -57.53);
insert into SHOT values (1003, 993, 758, 962, 39.14, 126.87, -39.69, 39.22, 126.64, -40.10, 0.31, 351.40, -56.22);
insert into SHOT values (1004, 986, 757, 962, 57.62, 119.74, 32.55, 57.18, 119.46, 32.26, 0.58, 347.86, -56.04);
insert into SHOT values (1005, 985, 756, 962, 62.29, 119.74, 38.76, 61.93, 119.47, 38.63, 0.45, 350.79, -48.59);
insert into SHOT values (1006, 983, 754, 962, 51.68, 126.87, 54.35, 51.53, 126.12, 54.71, 0.53, 354.96, 6.53);
insert into SHOT values (1007, 985, 994, 962, 53.90, 339.44, -17.27, 53.90, 339.45, -17.27, 0.00, 135.00, 0.00);
insert into SHOT values (1008, 983, 995, 962, 55.32, 0.00, -11.47, 55.56, 359.96, -11.70, 0.33, 348.35, -53.74);
insert into SHOT values (1009, 995, 996, 962, 45.92, 23.20, -2.50, 46.10, 23.07, -2.82, 0.33, 350.54, -54.21);
insert into SHOT values (1010, 996, 997, 962, 47.14, 309.81, -3.65, 47.14, 309.81, -3.65, 0.00, 90.00, 0.00);
insert into SHOT values (1011, 984, 996, 962, 42.57, 321.34, -25.02, 42.29, 321.20, -24.79, 0.34, 169.80, 53.03);
insert into SHOT values (1012, 982, 998, 962, 65.60, 348.69, -20.53, 65.60, 348.69, -20.53, 0.00, 270.00, 0.00);
insert into SHOT values (1013, 998, 999, 962, 53.89, 206.57, -1.06, 53.89, 206.57, -1.06, 0.00, 296.57, 0.00);
insert into SHOT values (1014, 977, 1000, 962, 60.27, 216.87, 1.90, 60.28, 216.87, 1.90, 0.01, 216.87, 0.00);
insert into SHOT values (1015, 762, 1001, 962, 90.74, 342.90, -25.45, 90.86, 342.90, -25.50, 0.14, 348.37, -59.95);
insert into SHOT values (1016, 1001, 1002, 962, 41.99, 239.04, -33.22, 41.82, 238.63, -32.64, 0.51, 169.03, 59.15);
insert into SHOT values (1017, 1002, 1003, 962, 65.37, 201.80, 7.03, 65.66, 201.67, 7.39, 0.52, 168.28, 57.92);
insert into SHOT values (1018, 1003, 1004, 962, 40.26, 251.57, -18.84, 40.25, 251.57, -18.84, 0.01, 26.57, 0.00);
insert into SHOT values (1019, 1004, 1005, 962, 68.71, 217.87, -1.67, 68.72, 217.87, -1.67, 0.00, 206.57, 0.00);
insert into SHOT values (1020, 1005, 1006, 962, 36.20, 270.00, -3.17, 36.21, 270.00, -3.17, 0.01, 270.00, 0.00);
insert into SHOT values (1021, 1006, 1007, 962, 85.62, 219.29, 0.00, 85.61, 219.29, 0.00, 0.01, 56.31, 0.00);
insert into SHOT values (1022, 1001, 1008, 962, 87.22, 24.78, -8.57, 87.22, 24.77, -8.57, 0.00, 243.43, 0.00);
insert into SHOT values (1023, 1008, 1009, 962, 35.11, 101.31, 28.96, 35.11, 101.30, 28.96, 0.00, 0.00, 0.00);
insert into SHOT values (1024, 1009, 1010, 962, 64.89, 21.80, -0.88, 64.89, 21.80, -0.88, 0.00, 90.00, 0.00);
insert into SHOT values (1025, 1010, 1011, 962, 36.70, 350.54, -3.12, 36.69, 350.54, -3.12, 0.01, 135.00, 0.00);
insert into SHOT values (1026, 1011, 1012, 962, 60.17, 23.96, -9.57, 60.17, 23.96, -9.57, 0.01, 303.69, 0.00);
insert into SHOT values (1027, 1011, 1013, 962, 26.09, 270.00, -22.54, 26.09, 270.00, -22.54, 0.00, 270.00, 0.00);
insert into SHOT values (1028, 763, 1001, 962, 60.15, 270.00, -36.76, 59.78, 269.61, -36.37, 0.64, 169.36, 58.60);
insert into SHOT values (1029, 761, 1003, 962, 77.27, 288.43, -42.30, 77.28, 288.44, -42.31, 0.02, 333.43, -65.91);
insert into SHOT values (1030, 760, 1014, 962, 23.06, 18.43, -34.31, 23.48, 18.08, -34.83, 0.48, 349.94, -58.44);
insert into SHOT values (1031, 1014, 1003, 962, 53.37, 326.31, -35.51, 53.80, 326.43, -35.72, 0.48, 347.62, -58.44);
insert into SHOT values (1032, 980, 1015, 962, 82.81, 17.10, -8.33, 83.14, 17.00, -8.48, 0.42, 352.02, -38.13);
insert into SHOT values (1033, 1015, 1016, 962, 48.61, 209.74, -2.36, 48.36, 209.98, -2.67, 0.41, 352.36, -37.07);
insert into SHOT values (1034, 1016, 981, 962, 71.83, 59.04, 12.05, 71.90, 58.79, 11.83, 0.41, 351.01, -39.10);
insert into SHOT values (1035, 627, 1017, 962, 26.27, 45.00, 49.57, 26.27, 45.19, 49.68, 0.08, 169.99, 23.48);
insert into SHOT values (1036, 1017, 1018, 962, 32.42, 90.00, 21.72, 32.38, 89.75, 21.64, 0.14, 351.25, -24.52);
insert into SHOT values (1037, 1018, 1019, 962, 53.74, 97.13, 25.34, 53.69, 96.96, 25.31, 0.15, 355.24, -19.09);
insert into SHOT values (1038, 1019, 1020, 962, 111.53, 49.40, -5.14, 111.65, 49.31, -5.19, 0.22, 352.67, -23.84);
insert into SHOT values (1039, 1020, 748, 962, 74.32, 335.56, -11.64, 74.15, 335.52, -11.62, 0.18, 173.05, 22.96);
insert into SHOT values (1040, 1020, 749, 962, 80.79, 38.66, -17.28, 81.09, 38.46, -17.33, 0.40, 353.52, -21.94);
insert into SHOT values (1041, 627, 1021, 962, 41.75, 170.54, 28.63, 41.68, 170.53, 28.63, 0.07, 356.42, -25.07);
insert into SHOT values (1042, 1021, 1022, 962, 25.53, 108.43, 41.75, 25.49, 108.23, 41.75, 0.08, 350.79, -21.81);
insert into SHOT values (1043, 1022, 1019, 962, 83.89, 53.97, 12.39, 83.92, 53.93, 12.37, 0.07, 356.63, -16.36);
insert into SHOT values (1044, 1017, 1023, 962, 45.16, 8.13, -19.40, 44.94, 8.20, -19.39, 0.22, 172.87, 20.89);
insert into SHOT values (1045, 1023, 1024, 962, 39.66, 71.57, -16.10, 39.59, 71.87, -16.01, 0.22, 175.60, 20.98);
insert into SHOT values (1046, 1024, 1025, 962, 47.57, 140.19, 8.46, 47.56, 140.19, 8.46, 0.00, 360.00, 0.00);
insert into SHOT values (1047, 1025, 1026, 962, 132.15, 46.85, 1.30, 132.16, 46.85, 1.30, 0.01, 90.00, 0.00);
insert into SHOT values (1048, 1024, 1027, 962, 115.72, 38.66, 0.50, 115.59, 38.73, 0.54, 0.22, 170.91, 23.96);
insert into SHOT values (1049, 1027, 1028, 962, 37.13, 279.46, -9.30, 37.06, 279.15, -9.19, 0.22, 173.29, 21.28);
insert into SHOT values (1050, 1028, 1029, 962, 37.51, 260.54, -12.32, 37.50, 260.21, -12.18, 0.23, 173.35, 23.46);
insert into SHOT values (1051, 1029, 1030, 962, 12.69, 0.00, -18.37, 12.47, 0.10, -18.32, 0.22, 174.51, 20.95);
insert into SHOT values (1052, 1030, 1031, 962, 46.05, 66.80, -4.98, 45.99, 67.04, -4.89, 0.22, 173.78, 21.49);
insert into SHOT values (1053, 1031, 745, 962, 78.37, 22.62, -2.19, 78.19, 22.70, -2.13, 0.23, 171.79, 23.18);
insert into SHOT values (1054, 747, 1032, 962, 74.46, 48.81, 30.69, 74.45, 48.86, 30.72, 0.07, 172.15, 27.13);
insert into SHOT values (1055, 1032, 1033, 962, 82.82, 12.99, -13.97, 82.76, 13.01, -13.97, 0.07, 172.65, 17.74);
insert into SHOT values (1056, 1033, 1034, 962, 48.49, 288.43, -38.22, 48.50, 288.43, -38.21, 0.01, 288.43, 0.00);
insert into SHOT values (1057, 1034, 1035, 962, 115.09, 6.01, 0.00, 115.08, 6.01, 0.00, 0.01, 161.57, 0.00);
insert into SHOT values (1058, 751, 1036, 962, 49.16, 135.00, 58.68, 49.81, 133.80, 59.80, 1.28, 0.63, 55.12);
insert into SHOT values (1059, 1036, 1037, 962, 162.09, 221.99, 0.00, 162.09, 221.99, 0.00, 0.00, 90.00, 0.00);
insert into SHOT values (1060, 1037, 1038, 962, 42.27, 270.00, -4.07, 42.28, 270.00, -4.07, 0.00, 270.00, 0.00);
insert into SHOT values (1061, 1038, 1039, 962, 34.14, 225.00, -3.36, 34.13, 225.01, -3.36, 0.01, 326.31, 0.00);
insert into SHOT values (1062, 1039, 1040, 962, 43.75, 188.13, 13.21, 43.76, 188.12, 13.21, 0.00, 116.57, 0.00);
insert into SHOT values (1063, 1040, 1041, 962, 103.05, 225.00, 7.25, 103.06, 225.00, 7.25, 0.00, 225.00, 0.00);
insert into SHOT values (1064, 1041, 1042, 962, 23.15, 123.69, 20.22, 23.15, 123.70, 20.22, 0.00, 225.00, 0.00);
insert into SHOT values (1065, 1042, 1043, 962, 47.43, 50.19, 7.27, 47.43, 50.20, 7.27, 0.01, 90.00, 0.00);
insert into SHOT values (1066, 1043, 1044, 962, 61.21, 84.29, 8.46, 61.21, 84.28, 8.46, 0.01, 360.00, 0.00);
insert into SHOT values (1067, 1044, 1045, 962, 67.47, 63.43, 3.40, 67.47, 63.43, 3.40, 0.00, 243.43, 0.00);
insert into SHOT values (1068, 1045, 1046, 962, 35.42, 116.57, 40.49, 35.42, 116.57, 40.49, 0.01, 251.57, 0.00);
insert into SHOT values (1069, 1046, 1047, 962, 42.61, 45.00, -1.34, 42.61, 45.00, -1.34, 0.00, 225.00, 0.00);
insert into SHOT values (1070, 1047, 1048, 962, 57.39, 32.01, -8.01, 57.39, 32.01, -8.01, 0.00, 180.00, 0.00);
insert into SHOT values (1071, 1048, 1049, 962, 72.60, 48.37, -2.37, 72.60, 48.37, -2.37, 0.00, 116.57, 0.00);
insert into SHOT values (1072, 1049, 1050, 962, 67.47, 26.57, -3.40, 67.47, 26.57, -3.40, 0.00, 206.57, 0.00);
insert into SHOT values (1073, 1050, 1051, 962, 55.57, 40.60, 2.06, 55.57, 40.60, 2.06, 0.00, 296.57, 0.00);
insert into SHOT values (1074, 1051, 1052, 962, 24.86, 14.04, -2.31, 24.86, 14.05, -2.31, 0.01, 56.31, 0.00);
insert into SHOT values (1075, 1052, 1053, 962, 77.15, 38.66, -0.74, 77.15, 38.66, -0.74, 0.00, 270.00, 0.00);
insert into SHOT values (1076, 1053, 1054, 962, 75.54, 28.61, 2.28, 75.53, 28.61, 2.28, 0.01, 225.00, 0.00);
insert into SHOT values (1077, 1046, 1055, 962, 25.87, 225.00, 8.90, 25.87, 225.00, 8.90, 0.00, 45.00, 0.00);
insert into SHOT values (1078, 1055, 1056, 962, 44.58, 254.05, 10.34, 44.58, 254.05, 10.34, 0.00, 225.00, 0.00);
insert into SHOT values (1079, 1037, 1057, 962, 78.35, 204.44, 21.72, 78.35, 204.45, 21.72, 0.00, 0.00, 0.00);
insert into SHOT values (1080, 1057, 1058, 962, 23.51, 123.69, 22.51, 23.51, 123.70, 22.51, 0.00, 225.00, 0.00);
insert into SHOT values (1081, 1058, 1044, 962, 40.52, 206.57, 4.25, 40.52, 206.57, 4.25, 0.00, 26.57, 0.00);
insert into SHOT values (1082, 1057, 1040, 962, 48.52, 270.00, -29.65, 48.52, 270.00, -29.65, 0.00, 270.00, 0.00);
insert into SHOT values (1083, 1045, 1059, 962, 47.09, 39.81, 2.43, 47.09, 39.81, 2.43, 0.00, 180.00, 0.00);
insert into SHOT values (1084, 1059, 1060, 962, 48.66, 29.74, 3.53, 48.66, 29.74, 3.53, 0.01, 288.43, 0.00);
insert into SHOT values (1085, 1060, 1061, 962, 25.34, 75.96, 11.38, 25.34, 75.97, 11.38, 0.01, 135.00, 0.00);
insert into SHOT values (1086, 1061, 1048, 962, 19.46, 161.57, 11.86, 19.46, 161.57, 11.86, 0.00, 296.57, 0.00);
insert into SHOT values (1087, 1059, 1047, 962, 36.16, 126.87, 33.58, 36.15, 126.87, 33.59, 0.01, 288.43, 0.00);
insert into SHOT values (1088, 1050, 1062, 962, 49.06, 285.95, -26.64, 49.07, 285.95, -26.64, 0.00, 315.00, 0.00);
insert into SHOT values (1089, 1062, 1063, 962, 52.78, 35.54, -10.92, 52.78, 35.54, -10.92, 0.00, 360.00, 0.00);
insert into SHOT values (1090, 1063, 1064, 962, 94.29, 39.81, 3.65, 94.29, 39.80, 3.65, 0.00, 0.00, 0.00);
insert into SHOT values (1091, 1064, 1065, 962, 47.06, 39.81, -1.22, 47.06, 39.81, -1.22, 0.00, 180.00, 0.00);
insert into SHOT values (1092, 1052, 1063, 962, 64.60, 257.47, -30.72, 64.61, 257.47, -30.72, 0.00, 243.43, 0.00);
insert into SHOT values (1093, 1053, 1064, 962, 49.54, 270.00, -31.66, 49.54, 270.00, -31.66, 0.00, 270.00, 0.00);
insert into SHOT values (1094, 1062, 1036, 962, 59.57, 290.56, -30.24, 59.57, 290.55, -30.24, 0.00, 135.00, 0.00);
insert into SHOT values (1095, 1062, 1066, 962, 36.70, 189.46, 3.12, 36.69, 189.46, 3.12, 0.01, 45.00, 0.00);
insert into SHOT values (1096, 1066, 1067, 962, 48.61, 240.26, 2.36, 48.61, 240.25, 2.36, 0.00, 206.57, 0.00);
insert into SHOT values (1097, 1067, 1068, 962, 27.11, 206.57, 6.35, 27.10, 206.57, 6.36, 0.01, 341.57, 0.00);
insert into SHOT values (1098, 1048, 1069, 962, 108.99, 90.00, 5.79, 108.99, 90.00, 5.79, 0.00, 270.00, 0.00);
insert into SHOT values (1099, 1048, 1070, 962, 39.58, 116.57, 47.11, 39.59, 116.57, 47.10, 0.00, 116.57, 0.00);
insert into SHOT values (1100, 1070, 1071, 962, 79.04, 71.57, 15.41, 79.04, 71.56, 15.41, 0.00, 26.57, 0.00);
insert into SHOT values (1101, 1071, 1072, 962, 55.65, 83.66, 11.40, 55.64, 83.66, 11.40, 0.01, 236.31, 0.00);
insert into SHOT values (1102, 1072, 1073, 962, 110.00, 90.00, 90.00, 110.00, 90.00, 90.00, 0.00, 90.00, 0.00);
insert into SHOT values (1103, 1072, 1074, 962, 76.22, 198.43, 1.50, 76.22, 198.43, 1.50, 0.01, 36.87, 0.00);
insert into SHOT values (1104, 1074, 1075, 962, 96.23, 246.80, 17.54, 96.23, 246.80, 17.54, 0.01, 213.69, 0.00);
insert into SHOT values (1105, 1075, 1076, 962, 71.91, 21.80, -25.54, 71.91, 21.80, -25.54, 0.00, 90.00, 0.00);
insert into SHOT values (1106, 1076, 1071, 962, 52.98, 35.54, -11.98, 52.98, 35.54, -11.98, 0.00, 360.00, 0.00);
insert into SHOT values (1107, 1071, 1077, 962, 25.16, 14.04, -9.15, 25.16, 14.03, -9.15, 0.01, 315.00, 0.00);
insert into SHOT values (1108, 1077, 1078, 962, 21.43, 315.00, -37.34, 21.43, 314.98, -37.35, 0.01, 194.04, 0.00);
insert into SHOT values (1109, 1078, 1079, 962, 47.18, 23.20, -13.48, 47.18, 23.20, -13.48, 0.00, 315.00, 0.00);
insert into SHOT values (1110, 1079, 1050, 962, 41.81, 306.87, -43.91, 41.81, 306.87, -43.92, 0.01, 108.43, 0.00);
insert into SHOT values (1111, 1072, 1080, 962, 43.45, 128.66, -27.41, 43.45, 128.65, -27.41, 0.01, 0.00, 0.00);
insert into SHOT values (1112, 1080, 1081, 962, 51.89, 75.96, -16.80, 51.89, 75.96, -16.80, 0.00, 315.00, 0.00);
insert into SHOT values (1113, 1081, 1082, 962, 31.89, 75.96, 38.84, 31.89, 75.97, 38.84, 0.01, 135.00, 0.00);
insert into SHOT values (1114, 1082, 1083, 962, 97.58, 75.96, 40.21, 97.58, 75.97, 40.21, 0.00, 135.00, 0.00);
insert into SHOT values (1115, 1083, 1084, 962, 102.72, 93.58, 19.92, 102.71, 93.57, 19.92, 0.01, 315.00, 0.00);
insert into SHOT values (1116, 1072, 1085, 962, 55.74, 90.00, 30.16, 55.73, 90.00, 30.16, 0.00, 270.00, 0.00);
insert into SHOT values (1117, 1085, 1086, 962, 81.94, 72.90, 0.70, 81.95, 72.90, 0.70, 0.01, 63.43, 0.00);
insert into SHOT values (1118, 1086, 1087, 962, 38.31, 71.57, 5.99, 38.31, 71.56, 5.99, 0.00, 296.57, 0.00);
insert into SHOT values (1119, 1087, 1083, 962, 30.83, 153.43, 29.11, 30.84, 153.43, 29.10, 0.00, 153.43, 0.00);
insert into SHOT values (1120, 1051, 1088, 962, 24.14, 90.00, 41.52, 24.14, 90.00, 41.52, 0.00, 270.00, 0.00);
insert into SHOT values (1121, 1088, 1089, 962, 31.27, 75.96, 37.41, 31.28, 75.95, 37.41, 0.01, 33.69, 0.00);
insert into SHOT values (1122, 1089, 1090, 962, 30.92, 146.31, 45.37, 30.92, 146.32, 45.36, 0.01, 165.96, 0.00);
insert into SHOT values (1123, 1090, 1091, 962, 60.21, 156.80, 40.37, 60.21, 156.80, 40.37, 0.01, 345.96, 0.00);
insert into SHOT values (1124, 1091, 1092, 962, 34.60, 225.00, -9.99, 34.61, 225.00, -9.98, 0.01, 225.00, 0.00);
insert into SHOT values (1125, 1092, 1072, 962, 61.98, 198.43, -22.78, 61.99, 198.43, -22.78, 0.00, 153.43, 0.00);
insert into SHOT values (1126, 1090, 1093, 962, 34.59, 216.87, 29.44, 34.58, 216.87, 29.45, 0.01, 18.43, 0.00);
insert into SHOT values (1127, 1093, 1092, 962, 46.68, 164.05, 20.04, 46.68, 164.07, 20.04, 0.01, 255.96, 0.00);
insert into SHOT values (1128, 1090, 1094, 962, 40.85, 26.57, -8.45, 40.86, 26.56, -8.44, 0.01, 341.57, 0.00);
insert into SHOT values (1129, 1094, 1095, 962, 57.76, 6.34, -19.20, 57.76, 6.34, -19.21, 0.01, 213.69, 0.00);
insert into SHOT values (1130, 1095, 1053, 962, 42.11, 284.04, -53.85, 42.10, 284.05, -53.86, 0.01, 45.00, 0.00);
insert into SHOT values (1131, 1091, 1096, 962, 65.23, 33.69, -2.64, 65.22, 33.69, -2.64, 0.01, 213.69, 0.00);
insert into SHOT values (1132, 1096, 1097, 962, 81.10, 318.01, 2.12, 81.10, 318.02, 2.12, 0.01, 90.00, 0.00);
insert into SHOT values (1133, 1097, 1098, 962, 144.72, 267.61, 0.79, 144.72, 267.62, 0.79, 0.01, 315.00, 0.00);
insert into SHOT values (1134, 1098, 1099, 962, 124.14, 240.95, -2.31, 124.14, 240.94, -2.31, 0.00, 90.00, 0.00);
insert into SHOT values (1135, 1099, 1100, 962, 114.61, 266.99, 0.00, 114.62, 266.98, 0.00, 0.01, 213.69, 0.00);
insert into SHOT values (1136, 1096, 1101, 962, 32.50, 68.20, -3.53, 32.50, 68.20, -3.53, 0.00, 0.00, 0.00);
insert into SHOT values (1137, 1101, 1102, 962, 19.15, 341.57, 5.99, 19.15, 341.57, 5.99, 0.00, 116.57, 0.00);
insert into SHOT values (1138, 1102, 1103, 962, 32.58, 68.20, 5.28, 32.58, 68.20, 5.28, 0.00, 360.00, 0.00);
insert into SHOT values (1139, 1103, 1104, 962, 31.12, 11.31, 9.25, 31.12, 11.30, 9.25, 0.00, 270.00, 0.00);
insert into SHOT values (1140, 1104, 1105, 962, 40.92, 59.04, 30.87, 40.92, 59.04, 30.87, 0.00, 180.00, 0.00);
insert into SHOT values (1141, 1105, 1106, 962, 19.46, 18.43, 11.86, 19.46, 18.45, 11.86, 0.01, 108.43, 0.00);
insert into SHOT values (1142, 1106, 1107, 962, 44.81, 33.69, -14.21, 44.81, 33.68, -14.21, 0.01, 315.00, 0.00);
insert into SHOT values (1143, 1107, 1108, 962, 55.66, 45.00, 81.20, 55.66, 45.05, 81.19, 0.01, 123.69, 0.00);
insert into SHOT values (1144, 1103, 1109, 962, 47.28, 108.43, 36.31, 47.28, 108.44, 36.32, 0.00, 243.43, 0.00);
insert into SHOT values (1145, 1109, 1110, 962, 22.00, 161.57, 30.00, 22.00, 161.55, 30.00, 0.01, 71.57, 0.00);
insert into SHOT values (1146, 1110, 1111, 962, 28.40, 63.43, 18.47, 28.40, 63.43, 18.48, 0.01, 288.43, 0.00);
insert into SHOT values (1147, 1109, 1105, 962, 60.27, 0.00, -1.90, 60.27, 0.00, -1.90, 0.00, 180.00, 0.00);
insert into SHOT values (1148, 1108, 1112, 962, 184.34, 101.31, 1.24, 184.34, 101.31, 1.24, 0.00, 0.00, 0.00);
insert into SHOT_FLAG values(1148, 'srf');
insert into SHOT values (1149, 1112, 1113, 962, 17.04, 45.00, 0.00, 17.04, 45.00, 0.00, 0.00, 45.00, 0.00);
insert into SHOT values (1150, 1113, 1114, 962, 43.70, 120.96, 36.51, 43.70, 120.97, 36.51, 0.01, 180.00, 0.00);
insert into SHOT values (1151, 1114, 1115, 962, 38.88, 80.54, 19.53, 38.88, 80.53, 19.54, 0.01, 326.31, 0.00);
insert into SHOT values (1152, 1115, 1116, 962, 27.16, 75.96, 23.89, 27.17, 75.97, 23.88, 0.01, 135.00, 0.00);
insert into SHOT values (1153, 1116, 1117, 962, 52.52, 29.74, 22.38, 52.52, 29.74, 22.38, 0.01, 288.43, 0.00);
insert into SHOT values (1154, 1117, 1118, 962, 24.92, 14.04, 4.60, 24.92, 14.05, 4.60, 0.01, 56.31, 0.00);
insert into SHOT values (1155, 1118, 1119, 962, 31.12, 348.69, 9.25, 31.12, 348.68, 9.25, 0.01, 270.00, 0.00);
insert into SHOT values (1156, 1117, 1120, 962, 22.00, 90.00, 90.00, 22.00, 90.00, 90.00, 0.00, 90.00, 0.00);
insert into SHOT values (1157, 1118, 1121, 962, 55.13, 96.34, 8.34, 55.13, 96.35, 8.34, 0.01, 225.00, 0.00);
insert into SHOT values (1158, 1114, 1122, 962, 35.35, 210.96, -6.50, 35.36, 210.97, -6.50, 0.01, 270.00, 0.00);
insert into SHOT values (1159, 1033, 1123, 962, 31.16, 36.87, -14.87, 31.11, 36.96, -14.84, 0.07, 173.09, 24.29);
insert into SHOT values (1160, 1123, 1124, 962, 13.80, 333.43, -12.56, 13.73, 333.32, -12.49, 0.07, 176.63, 23.77);
insert into SHOT values (1161, 1124, 1125, 962, 30.38, 36.87, -7.56, 30.34, 36.95, -7.54, 0.06, 171.87, 19.47);
insert into SHOT values (1162, 1125, 1126, 962, 27.01, 333.43, -4.25, 26.95, 333.39, -4.19, 0.07, 173.09, 24.29);
insert into SHOT values (1163, 1126, 1127, 962, 25.02, 14.04, -6.89, 24.95, 14.09, -6.86, 0.07, 174.81, 16.79);
insert into SHOT values (1164, 1127, 1128, 962, 25.64, 45.00, -4.47, 25.60, 45.11, -4.41, 0.07, 172.65, 25.64);
insert into SHOT values (1165, 1128, 1129, 962, 69.15, 307.87, -6.64, 69.10, 307.84, -6.62, 0.07, 174.09, 27.23);
insert into SHOT values (1166, 1129, 1130, 962, 36.70, 279.46, 3.12, 36.67, 279.37, 3.16, 0.07, 167.66, 16.98);
insert into SHOT values (1167, 1130, 1131, 962, 154.88, 256.50, 0.00, 154.89, 256.48, 0.01, 0.07, 180.00, 24.44);
insert into SHOT values (1168, 1131, 1132, 962, 121.25, 243.43, -0.95, 121.26, 243.41, -0.94, 0.07, 169.38, 17.07);
insert into SHOT values (1169, 1132, 1133, 962, 54.22, 270.00, 0.00, 54.21, 269.94, 0.03, 0.07, 174.29, 26.45);
insert into SHOT values (1170, 1133, 1134, 962, 137.69, 246.80, 1.66, 137.71, 246.78, 1.67, 0.07, 176.42, 17.32);
insert into SHOT values (1171, 1134, 1135, 962, 32.99, 248.20, -10.48, 33.00, 248.07, -10.42, 0.08, 172.09, 22.43);
insert into SHOT values (1172, 1135, 1136, 962, 60.55, 264.29, 0.95, 60.54, 264.24, 0.97, 0.06, 169.88, 27.81);
insert into SHOT values (1173, 1136, 1137, 962, 43.02, 225.00, 8.02, 43.06, 224.92, 8.04, 0.07, 171.87, 15.79);
insert into SHOT values (1174, 1137, 1138, 962, 73.44, 254.74, -20.73, 73.44, 254.70, -20.71, 0.07, 176.05, 27.29);
insert into SHOT values (1175, 1138, 1139, 962, 65.26, 201.80, -6.16, 65.32, 201.77, -6.13, 0.07, 175.10, 15.89);
insert into SHOT values (1176, 1139, 685, 962, 53.88, 260.54, -47.15, 53.85, 260.45, -47.13, 0.07, 165.96, 27.46);
insert into SHOT values (1177, 689, 1140, 962, 60.57, 0.00, 26.47, 60.57, 0.00, 26.47, 0.00, 0.00, -0.00);
insert into SHOT values (1178, 1140, 1141, 962, 56.91, 32.01, 3.02, 56.91, 32.01, 3.02, 0.00, 180.00, 0.00);
insert into SHOT values (1179, 1141, 1142, 962, 67.36, 79.70, 0.85, 67.35, 79.69, 0.85, 0.00, 296.57, 0.00);
insert into SHOT values (1180, 1142, 1143, 962, 112.58, 15.52, 1.53, 112.58, 15.52, 1.53, 0.00, 180.00, 0.00);
insert into SHOT values (1181, 1143, 1144, 962, 68.75, 52.13, 2.50, 68.75, 52.13, 2.50, 0.00, 63.43, 0.00);
insert into SHOT values (1182, 1144, 1145, 962, 72.71, 94.76, -3.94, 72.70, 94.77, -3.94, 0.01, 233.13, 0.00);
insert into SHOT values (1183, 1145, 1146, 962, 78.57, 57.53, 1.46, 78.57, 57.53, 1.46, 0.01, 71.57, 0.00);
insert into SHOT values (1184, 1146, 1147, 962, 59.54, 66.04, 4.82, 59.54, 66.03, 4.82, 0.01, 303.69, 0.00);
insert into SHOT values (1185, 1147, 1148, 962, 117.03, 78.11, -1.96, 117.04, 78.11, -1.96, 0.01, 146.31, 0.00);
insert into SHOT values (1186, 1148, 1149, 962, 102.24, 45.00, -0.56, 102.24, 45.00, -0.56, 0.00, 45.00, 0.00);
insert into SHOT values (1187, 1149, 1150, 962, 68.69, 52.13, -0.83, 68.69, 52.12, -0.83, 0.01, 288.43, 0.00);
insert into SHOT values (1188, 1150, 1151, 962, 43.45, 303.69, 1.32, 43.45, 303.70, 1.32, 0.01, 45.00, 0.00);
insert into SHOT values (1189, 1151, 1152, 962, 54.59, 263.66, -2.10, 54.59, 263.65, -2.10, 0.01, 213.69, 0.00);
insert into SHOT values (1190, 1152, 1153, 962, 98.80, 232.43, 0.00, 98.80, 232.43, 0.00, 0.00, 90.00, 0.00);
insert into SHOT values (1191, 1153, 1154, 962, 40.46, 333.43, -2.83, 40.46, 333.44, -2.83, 0.01, 18.43, 0.00);
insert into SHOT values (1192, 1154, 1155, 962, 35.14, 59.04, -1.63, 35.14, 59.04, -1.63, 0.00, 180.00, 0.00);
insert into SHOT values (1193, 973, 1156, 962, 150.60, 16.26, 0.00, 150.60, 16.26, 0.00, 0.00, 26.57, 0.00);
insert into SHOT values (1194, 974, 1157, 962, 51.82, 54.46, 0.00, 52.88, 52.65, 0.66, 2.06, 355.97, 17.25);
insert into SHOT values (1195, 1157, 1158, 962, 121.83, 81.47, 0.00, 122.00, 80.55, 0.29, 2.06, 355.91, 17.26);
insert into SHOT values (1196, 1158, 1159, 962, 149.03, 75.96, 0.00, 149.38, 75.22, 0.23, 2.05, 356.02, 17.28);
insert into SHOT values (1197, 1159, 1160, 962, 89.55, 222.27, 0.00, 88.21, 223.20, 0.40, 2.06, 355.92, 17.21);
insert into SHOT values (1198, 1160, 1161, 962, 14.37, 243.43, -20.36, 13.58, 251.54, -18.82, 2.05, 355.84, 17.56);
insert into SHOT values (1199, 1161, 1162, 962, 43.86, 195.95, 0.00, 42.02, 196.87, 0.83, 2.06, 355.85, 17.26);
insert into SHOT values (1200, 1162, 1163, 962, 14.37, 153.43, 20.36, 12.96, 149.73, 25.65, 2.06, 356.08, 17.27);
insert into SHOT values (1201, 1163, 1164, 962, 21.72, 123.69, 0.00, 20.58, 119.37, 1.70, 2.06, 355.85, 17.26);
insert into SHOT values (1202, 1164, 1165, 962, 112.05, 216.25, 0.00, 110.56, 216.91, 0.32, 2.06, 356.03, 17.25);
insert into SHOT values (1203, 1165, 1166, 962, 66.54, 84.81, 0.00, 66.62, 83.36, 0.77, 1.90, 356.79, 28.20);
insert into SHOT values (1204, 1166, 1167, 962, 81.94, 107.10, 0.00, 81.27, 105.76, 0.84, 2.35, 357.12, 30.40);
insert into SHOT values (1205, 1167, 1168, 962, 120.48, 90.00, 0.24, 120.40, 89.04, 0.81, 2.35, 356.88, 30.68);
insert into SHOT values (1206, 1168, 1169, 962, 116.96, 78.11, 0.00, 117.30, 77.14, 0.58, 2.34, 356.99, 30.54);
insert into SHOT values (1207, 1169, 1170, 962, 168.67, 90.00, 0.17, 168.59, 89.31, 0.58, 2.36, 357.12, 30.56);
insert into SHOT values (1208, 1170, 1171, 962, 35.13, 30.96, 0.00, 37.43, 28.67, 2.54, 3.16, 357.19, 31.65);
insert into SHOT values (1209, 1171, 1172, 962, 55.54, 77.47, 0.00, 56.08, 74.75, 1.70, 3.17, 357.11, 31.63);
insert into SHOT values (1210, 1172, 1173, 962, 14.37, 63.43, -20.36, 15.13, 53.82, -12.79, 3.16, 357.06, 31.53);
insert into SHOT values (1211, 1173, 1174, 962, 36.64, 80.54, 0.00, 37.09, 76.39, 2.57, 3.17, 357.15, 31.59);
insert into SHOT values (1212, 1174, 1175, 962, 14.37, 63.43, 20.36, 16.19, 53.82, 24.29, 3.16, 357.06, 31.68);
insert into SHOT values (1213, 1175, 1176, 962, 111.08, 77.47, 0.00, 111.57, 76.10, 0.85, 3.17, 356.98, 31.61);
insert into SHOT values (1214, 1176, 1177, 962, 32.44, 68.20, 0.00, 33.46, 63.83, 2.84, 3.17, 357.24, 31.63);
insert into SHOT values (1215, 1170, 1178, 962, 48.57, 209.74, 0.00, 49.14, 209.33, -0.55, 0.82, 177.78, -34.95);
insert into SHOT values (1216, 1178, 1179, 962, 64.04, 138.81, 0.00, 64.56, 139.18, -0.42, 0.82, 177.26, -35.10);
insert into SHOT values (1217, 1179, 1180, 962, 158.12, 252.26, 0.00, 158.30, 252.02, -0.17, 0.82, 177.47, -34.13);
insert into SHOT values (1218, 1180, 1181, 962, 51.12, 225.00, 0.00, 51.57, 224.45, -0.52, 0.82, 177.08, -35.18);
insert into SHOT values (1219, 1181, 1182, 962, 67.35, 259.70, 0.00, 67.43, 259.24, -0.31, 0.66, 177.46, -34.29);
insert into SHOT values (1220, 1182, 1183, 962, 94.29, 206.57, 0.00, 94.29, 206.57, 0.00, 0.01, 341.57, 0.00);
insert into SHOT values (1221, 1183, 1184, 962, 65.16, 236.31, 0.00, 65.16, 236.30, 0.00, 0.01, 135.00, 0.00);
insert into SHOT values (1222, 1184, 1185, 962, 84.55, 175.91, 0.00, 84.54, 175.92, 0.00, 0.01, 326.31, 0.00);
insert into SHOT values (1223, 1185, 1186, 962, 51.82, 234.46, 0.00, 51.82, 234.46, 0.00, 0.00, 270.00, 0.00);
insert into SHOT values (1224, 1186, 1187, 962, 61.43, 191.31, 0.00, 61.43, 191.31, 0.00, 0.00, 270.00, 0.00);
insert into SHOT values (1225, 1187, 1188, 962, 91.96, 238.39, 0.62, 91.96, 238.39, 0.62, 0.00, 45.00, 0.00);
insert into SHOT values (1226, 1188, 1189, 962, 12.05, 0.00, 0.00, 12.04, 0.00, 0.00, 0.01, 180.00, 0.00);
insert into SHOT values (1227, 1189, 1190, 962, 26.94, 243.43, 0.00, 26.93, 243.44, 0.00, 0.01, 36.87, 0.00);
insert into SHOT values (1228, 1190, 1191, 962, 40.42, 296.57, 1.42, 40.43, 296.56, 1.42, 0.01, 251.57, 0.00);
insert into SHOT values (1229, 1191, 1192, 962, 86.25, 257.91, 0.00, 86.24, 257.91, 0.00, 0.01, 71.57, 0.00);
insert into SHOT values (1230, 1192, 1193, 962, 135.91, 257.20, 0.00, 135.91, 257.20, 0.00, 0.00, 270.00, 0.00);
insert into SHOT values (1231, 1193, 1194, 962, 72.57, 175.24, 1.58, 72.57, 175.24, 1.58, 0.00, 243.43, 0.00);
insert into SHOT values (1232, 1193, 1195, 962, 66.29, 270.00, 1.73, 66.30, 270.00, 1.73, 0.01, 270.00, 0.00);
insert into SHOT values (1233, 1187, 1196, 962, 26.40, 56.31, 34.63, 26.40, 56.32, 34.62, 0.01, 75.96, 0.00);
insert into SHOT values (1234, 1179, 1197, 962, 61.43, 78.69, 0.00, 61.43, 78.70, 0.00, 0.01, 180.00, 0.00);
insert into SHOT values (1235, 1197, 1198, 962, 38.15, 18.43, 3.00, 38.16, 18.43, 3.00, 0.01, 18.43, 0.00);
insert into SHOT values (1236, 1198, 1199, 962, 18.07, 90.00, 0.00, 18.07, 90.00, 0.00, 0.00, 270.00, 0.00);
insert into SHOT values (1237, 1199, 1200, 962, 30.78, 191.31, -3.73, 30.78, 191.30, -3.73, 0.00, 90.00, 0.00);
insert into SHOT values (1238, 1200, 1201, 962, 30.72, 101.31, 0.00, 30.72, 101.32, 0.00, 0.01, 180.00, 0.00);
insert into SHOT values (1239, 1201, 1202, 962, 19.05, 161.57, 0.00, 19.05, 161.57, 0.00, 0.00, 296.57, 0.00);
insert into SHOT values (1240, 1202, 1203, 962, 35.14, 59.04, 1.63, 35.14, 59.04, 1.63, 0.00, 180.00, 0.00);
insert into SHOT values (1241, 1203, 1204, 962, 36.16, 180.00, 1.58, 36.15, 180.00, 1.58, 0.00, 0.00, 0.00);
insert into SHOT values (1242, 1204, 1205, 962, 17.07, 135.00, -3.36, 17.07, 135.00, -3.36, 0.00, 135.00, 0.00);
insert into SHOT values (1243, 1181, 1206, 962, 42.64, 171.87, 2.69, 42.77, 171.89, 2.56, 0.16, 177.40, -34.26);
insert into SHOT values (1244, 1206, 1207, 962, 47.05, 219.81, 0.00, 47.15, 219.69, -0.11, 0.16, 175.79, -33.42);
insert into SHOT values (1245, 1207, 1208, 962, 49.68, 345.96, 0.00, 49.55, 345.92, -0.12, 0.17, 180.87, -37.14);
insert into SHOT values (1246, 1208, 1182, 962, 35.18, 300.96, -3.26, 35.11, 300.77, -3.41, 0.17, 175.97, -32.30);
insert into SHOT values (1247, 1165, 1209, 962, 68.69, 216.87, 28.71, 68.37, 217.07, 28.58, 0.41, 350.74, -45.43);
insert into SHOT values (1248, 1209, 1210, 962, 63.28, 156.04, 20.35, 63.11, 156.08, 19.84, 0.58, 205.71, -84.10);
insert into SHOT values (1249, 1210, 1211, 962, 17.39, 116.57, 39.24, 17.04, 118.77, 36.30, 1.08, 180.78, -57.22);
insert into SHOT values (1250, 1211, 1212, 962, 57.28, 77.47, 14.15, 56.88, 78.21, 13.17, 1.27, 180.47, -55.01);
insert into SHOT values (1251, 1212, 1213, 962, 62.99, 29.05, 10.06, 62.18, 29.39, 9.21, 1.28, 180.00, -54.97);
insert into SHOT values (1252, 1213, 1214, 962, 57.89, 32.01, 10.95, 57.08, 32.40, 10.04, 1.28, 180.00, -55.12);
insert into SHOT values (1253, 1214, 1215, 962, 30.38, 270.00, 7.56, 30.28, 268.59, 5.59, 1.28, 180.77, -54.82);
insert into SHOT values (1254, 1215, 1216, 962, 46.27, 246.80, 7.45, 46.44, 245.97, 6.12, 1.28, 180.16, -55.27);
insert into SHOT values (1255, 1216, 1217, 962, 54.80, 270.00, 8.39, 54.66, 269.23, 7.31, 1.28, 179.53, -55.19);
insert into SHOT values (1256, 1217, 1036, 962, 85.34, 261.87, -3.36, 85.52, 261.38, -4.05, 1.28, 180.31, -54.49);
insert into SHOT values (1257, 1214, 1218, 962, 46.24, 81.87, 22.91, 46.24, 81.87, 22.91, 0.01, 243.43, 0.00);
insert into SHOT values (1258, 1212, 1219, 962, 78.37, 180.00, -2.19, 78.38, 180.00, -2.19, 0.01, 180.00, 0.00);
insert into SHOT values (1259, 1166, 1220, 962, 46.19, 149.04, 40.50, 46.24, 149.30, 39.97, 0.46, 177.06, -40.56);
insert into SHOT values (1260, 1220, 1221, 962, 26.04, 225.00, 11.07, 26.22, 224.43, 10.35, 0.45, 178.03, -39.79);
insert into SHOT values (1261, 1221, 1222, 962, 42.70, 278.13, 4.03, 42.63, 277.67, 3.63, 0.46, 178.67, -41.08);
insert into SHOT values (1262, 1222, 1209, 962, 61.64, 258.69, -4.65, 61.72, 258.37, -4.93, 0.46, 178.37, -40.43);
insert into SHOT values (1263, 1209, 1223, 962, 61.07, 264.29, -7.53, 61.07, 264.29, -7.53, 0.00, 0.00, -0.00);
insert into SHOT values (1264, 1223, 1224, 962, 68.71, 254.74, -1.67, 68.71, 254.75, -1.67, 0.00, 63.43, 0.00);
insert into SHOT values (1265, 1224, 1225, 962, 79.26, 261.25, 1.45, 79.26, 261.25, 1.45, 0.00, 135.00, 0.00);
insert into SHOT values (1266, 1210, 1226, 962, 90.36, 233.13, 0.00, 90.08, 233.40, 0.21, 0.61, 356.45, 32.55);
insert into SHOT values (1267, 1226, 1227, 962, 42.64, 225.00, -2.69, 42.28, 225.51, -2.28, 0.60, 357.75, 32.09);
insert into SHOT values (1268, 1227, 1228, 962, 48.58, 209.74, -1.18, 48.38, 209.89, -1.03, 0.26, 356.49, 29.64);
insert into SHOT values (1269, 1228, 1229, 962, 68.71, 217.87, -1.67, 68.83, 217.79, -1.78, 0.21, 177.03, -42.24);
insert into SHOT values (1270, 1229, 1230, 962, 42.27, 270.00, -4.07, 42.29, 269.80, -4.26, 0.21, 180.76, -43.02);
insert into SHOT values (1271, 1230, 1231, 962, 45.98, 203.20, -3.74, 46.13, 203.11, -3.90, 0.21, 175.76, -40.76);
insert into SHOT values (1272, 1231, 1232, 962, 116.72, 261.03, -6.89, 116.76, 260.96, -6.96, 0.20, 181.55, -43.40);
insert into SHOT values (1273, 1232, 1233, 962, 56.90, 225.00, -26.06, 56.90, 225.00, -26.07, 0.01, 45.00, 0.00);
insert into SHOT values (1274, 1182, 1234, 962, 48.65, 279.46, 41.13, 48.24, 278.44, 40.82, 0.81, 177.07, -35.26);
insert into SHOT values (1275, 1234, 1235, 962, 77.89, 270.00, 21.86, 77.69, 269.47, 21.55, 0.81, 177.61, -34.45);
insert into SHOT values (1276, 1235, 1236, 962, 54.96, 270.00, 9.43, 54.86, 269.29, 8.94, 0.82, 177.78, -35.03);
insert into SHOT values (1277, 1236, 1237, 962, 84.65, 265.91, 2.71, 84.64, 265.46, 2.40, 0.82, 176.95, -34.20);
insert into SHOT values (1278, 1237, 1238, 962, 44.04, 285.95, 5.21, 43.79, 285.11, 4.62, 0.82, 177.60, -35.11);
insert into SHOT values (1279, 1238, 1239, 962, 55.57, 257.47, 2.06, 55.68, 256.79, 1.57, 0.82, 177.78, -34.95);
insert into SHOT values (1280, 1239, 1240, 962, 85.81, 248.96, -12.11, 86.12, 248.53, -12.38, 0.81, 177.27, -34.44);
insert into SHOT values (1281, 1240, 1241, 962, 72.71, 274.76, 3.94, 72.66, 274.53, 3.79, 0.36, 176.50, -34.18);
insert into SHOT values (1282, 1241, 1242, 962, 75.65, 241.39, 3.79, 75.64, 241.39, 3.79, 0.01, 45.00, 0.00);
insert into SHOT values (1283, 1242, 1243, 962, 121.89, 261.47, 1.88, 121.89, 261.47, 1.88, 0.01, 180.00, 0.00);
insert into SHOT values (1284, 1240, 1228, 962, 36.81, 239.04, -17.39, 37.05, 238.51, -17.71, 0.46, 176.89, -36.23);
insert into SHOT values (1285, 1241, 1227, 962, 70.30, 74.74, -12.32, 70.28, 74.99, -12.49, 0.36, 176.97, -33.48);
insert into SHOT values (1286, 1237, 1244, 962, 42.92, 90.00, 10.74, 42.92, 90.00, 10.74, 0.00, 90.00, 0.00);
insert into SHOT values (1287, 1244, 1245, 962, 25.64, 45.00, 4.47, 25.64, 44.98, 4.47, 0.01, 345.96, 0.00);
insert into SHOT values (1288, 1245, 1246, 962, 54.22, 90.00, 0.00, 54.21, 90.00, 0.00, 0.01, 270.00, 0.00);
insert into SHOT values (1289, 1246, 1247, 962, 60.25, 90.00, 0.95, 60.25, 90.00, 0.95, 0.00, 270.00, 0.00);
insert into SHOT values (1290, 1247, 1248, 962, 66.57, 84.81, -1.72, 66.57, 84.81, -1.72, 0.01, 123.69, 0.00);
insert into SHOT values (1291, 1248, 1249, 962, 57.18, 71.57, -2.00, 57.18, 71.57, -2.00, 0.01, 251.57, 0.00);
insert into SHOT values (1292, 1211, 1250, 962, 84.37, 188.75, 20.10, 84.28, 188.77, 20.23, 0.21, 355.49, 42.56);
insert into SHOT values (1293, 1250, 1251, 962, 36.16, 143.13, 33.58, 36.13, 142.95, 33.89, 0.22, 359.27, 43.87);
insert into SHOT values (1294, 1251, 1252, 962, 47.72, 230.19, -9.65, 47.61, 230.34, -9.50, 0.21, 357.71, 43.00);
insert into SHOT values (1295, 1252, 1253, 962, 62.09, 240.95, 2.77, 62.03, 241.08, 2.90, 0.21, 358.57, 41.18);
insert into SHOT values (1296, 1253, 1254, 962, 124.39, 255.96, -3.23, 124.34, 256.03, -3.16, 0.21, 360.00, 43.03);
insert into SHOT values (1297, 1254, 1255, 962, 66.72, 264.81, -4.30, 66.71, 264.94, -4.18, 0.21, 357.77, 42.25);
insert into SHOT values (1298, 1255, 1256, 962, 74.94, 255.96, -6.13, 74.89, 256.08, -6.02, 0.21, 359.25, 42.64);
insert into SHOT values (1299, 1256, 1232, 962, 63.81, 213.69, -70.10, 63.64, 213.94, -70.16, 0.21, 355.49, 42.56);
insert into SHOT values (1300, 1255, 1257, 962, 60.45, 216.87, 4.74, 60.44, 216.87, 4.75, 0.00, 63.43, 0.00);
insert into SHOT values (1301, 1257, 1258, 962, 62.61, 156.04, -18.63, 62.61, 156.04, -18.63, 0.01, 236.31, 0.00);
insert into SHOT values (1302, 1258, 1259, 962, 65.37, 111.80, -7.03, 65.37, 111.80, -7.03, 0.00, 180.00, 0.00);
insert into SHOT values (1303, 1259, 1260, 962, 34.09, 45.00, -1.68, 34.10, 45.00, -1.68, 0.01, 45.00, 0.00);
insert into SHOT values (1304, 1260, 1261, 962, 30.86, 11.31, 5.58, 30.86, 11.30, 5.58, 0.00, 270.00, 0.00);
insert into SHOT values (1305, 1261, 1262, 962, 81.99, 72.90, 2.10, 81.99, 72.89, 2.10, 0.00, 333.43, 0.00);
insert into SCRAPS values (963, 960, 'goldwater_s1', 1, 22.11383, 2.95230);
 insert into SCRAPS values (997, 960, 'clearwater_river_s1', 1, 50.54812, 3.76629);
 insert into SCRAPS values (1090, 960, 'clearwater_river_s2', 1, 41.15791, 1.63056);
 insert into SCRAPS values (1212, 960, 'clearwater_river_s3', 1, 9.20691, 1.28257);
 insert into SCRAPS values (1248, 960, 'balcony_s1', 1, 37.65267, 1.84332);
 insert into SCRAPS values (1260, 960, 'clearwater_river_s4', 1, 1.09435, 0.22186);
 insert into SCRAPS values (1272, 960, 'ClearwaterOneSP5', 1, 47.07874, 8.64727);
 insert into SCRAPS values (1295, 960, 'richards_passage_s1', 1, 56.18909, 6.75365);
 insert into MAPS values (1320, 960, 'clearwater_I_m', NULL, 1, 43956.653, 442.780);
 insert into MAPITEMS values (1320, 4, 1248);
 insert into MAPITEMS values (1320, 4, 1260);
 insert into MAPITEMS values (1320, 4, 1295);
 insert into MAPITEMS values (1320, 4, 963);
 insert into MAPITEMS values (1320, 4, 997);
 insert into MAPITEMS values (1320, 4, 1090);
 insert into MAPITEMS values (1320, 4, 1212);
 insert into MAPITEMS values (1320, 4, 1272);
 insert into SCRAPS values (1321, 960, 'clearwater_II_s1', 1, 49.15890, 5.28896);
 insert into SCRAPS values (1350, 960, 'clearwater_II_s2', 1, 40.10161, 5.39505);
 insert into SCRAPS values (1364, 960, 'clearwater_II_s3', 1, 8.57993, 3.70999);
 insert into SCRAPS values (1380, 960, 'clearwater_II_s4', 1, 75.10308, 6.44576);
 insert into SCRAPS values (1397, 960, 'clearwater_II_s5', 1, 0.01020, 0.00000);
 insert into SCRAPS values (1434, 960, 'clearwater_ii_old', 1, 3.97510, 2.73964);
 insert into MAPS values (1466, 960, 'clearwater_II_m', 'Clearwater II', 1, 43956.653, 442.780);
 insert into MAPITEMS values (1466, 4, 1321);
 insert into MAPITEMS values (1466, 4, 1380);
 insert into MAPITEMS values (1466, 4, 1350);
 insert into MAPITEMS values (1466, 4, 1364);
 insert into SCRAPS values (1467, 960, 'clearwater_III_s1', 1, 28.87759, 0.79402);
 insert into SCRAPS values (1541, 960, 'clearwater_III_s2', 1, 26.25164, 0.62841);
 insert into MAPS values (1601, 960, 'clearwater_III_m', 'Clearwater III', 1, 43956.653, 442.780);
 insert into MAPITEMS values (1601, 4, 1467);
 insert into MAPITEMS values (1601, 4, 1541);
 insert into SCRAPS values (1602, 960, 'revival_s1', 1, 63.81295, 11.00050);
 insert into SCRAPS values (1693, 960, 'revival_s2', 1, 17.35762, 2.63397);
 insert into SCRAPS values (1719, 960, 'revival_s4', 1, 32.45583, 1.96037);
 insert into SCRAPS values (1909, 960, 'revival_s3', 1, 18.77621, 8.85087);
 insert into SCRAPS values (1926, 960, 'SheerDelightSP1', 1, 22.93440, 1.04369);
 insert into SCRAPS values (1936, 960, 'BeckoningFingerSP1', 1, 34.08342, 3.01582);
 insert into MAPS values (1949, 960, 'beckoning_finger_m', NULL, 1, 43956.653, 442.780);
 insert into MAPITEMS values (1949, 4, 1936);
 insert into MAPS values (1950, 960, 'revival_m', 'Revival', 1, 43956.653, 442.780);
 insert into MAPITEMS values (1950, 4, 1602);
 insert into MAPITEMS values (1950, 4, 1719);
 insert into MAPITEMS values (1950, 4, 1909);
 insert into MAPS values (1951, 960, 'sheer_delight_m', NULL, 1, 43956.653, 442.780);
 insert into MAPITEMS values (1951, 4, 1693);
 insert into MAPITEMS values (1951, 4, 1926);
 insert into SCRAPS values (1952, 960, 'ronnies_delight_s1', 1, 32.76626, 2.24288);
 insert into MAPS values (2093, 960, 'ronnies_delight_m', NULL, 1, 43956.653, 442.780);
 insert into MAPITEMS values (2093, 4, 1952);
 insert into SCRAPS values (2094, 960, 'volcano_s1', 1, 12.26789, 0.40876);
 insert into SCRAPS values (2318, 960, 'rmaf_s1', 1, 0.00000, 0.00000);
 insert into SCRAPS values (2326, 960, 'volcano_s2', 1, 0.01283, 0.00001);
 insert into SCRAPS values (2355, 960, 'JunctionCavernSP1', 1, 15.80420, 2.50793);
 insert into MAPS values (2390, 960, 'volcano_m', 'Volcano', 1, 43956.653, 442.780);
 insert into MAPITEMS values (2390, 4, 2094);
 insert into MAPITEMS values (2390, 4, 2326);
 insert into MAPITEMS values (2390, 4, 2355);
 insert into MAPS values (2391, 960, 'rmaf_m', 'RMAF', 1, 43956.653, 442.780);
 insert into MAPITEMS values (2391, 4, 2318);
 insert into SCRAPS values (2392, 960, 'COTWSP1', 1, 43.81093, 3.58093);
 insert into SCRAPS values (2406, 960, 'COTWSP2', 1, 17.52030, 3.03088);
 insert into SCRAPS values (2416, 960, 'COTWSP3', 1, 28.65494, 2.48002);
 insert into SCRAPS values (2436, 960, 'COTWSP4', 1, 0.00000, 0.00000);
 insert into SCRAPS values (2463, 960, 'WanWaySP1', 1, 87.19124, 34.22628);
 insert into SCRAPS values (2472, 960, 'KingSethToWanWay', 1, 84.18057, 63.06709);
 insert into SCRAPS values (2479, 960, 'ClayHallSP1', 1, 48.70430, 12.19280);
 insert into SCRAPS values (2492, 960, 'ClayHallSP2', 1, 39.16118, 7.91236);
 insert into SCRAPS values (2500, 960, 'ClayHallSP3', 1, 15.67422, 5.78207);
 insert into SCRAPS values (2509, 960, 'WindCaveRiverSP1', 1, 45.34999, 6.84962);
 insert into SCRAPS values (2528, 960, 'WindCaveRiverSP2', 1, 57.56799, 18.18406);
 insert into SCRAPS values (2540, 960, 'WindCaveRiverSP3', 1, 60.04173, 2.64856);
 insert into MAPS values (2549, 960, 'cotw_fake_river_m', NULL, 1, 43956.653, 442.780);
 insert into MAPITEMS values (2549, 4, 2500);
 insert into MAPITEMS values (2549, 4, 2509);
 insert into MAPITEMS values (2549, 4, 2528);
 insert into MAPITEMS values (2549, 4, 2540);
 insert into MAPS values (2550, 960, 'cotw_fake_m', NULL, 1, 43956.653, 442.780);
 insert into MAPITEMS values (2550, 4, 2436);
 insert into MAPITEMS values (2550, 4, 2392);
 insert into MAPITEMS values (2550, 4, 2406);
 insert into MAPITEMS values (2550, 4, 2416);
 insert into MAPITEMS values (2550, 4, 2463);
 insert into MAPITEMS values (2550, 4, 2479);
 insert into MAPITEMS values (2550, 4, 2492);
 insert into SCRAPS values (2551, 960, 'SecretGardenSP1', 1, 62.08717, 6.13510);
 insert into SCRAPS values (2645, 960, 'UpperSeriesConnectionSP1', 1, 18.97347, 0.94698);
 insert into SCRAPS values (2673, 960, 'SecretGardenSP2', 1, 7.59037, 1.28885);
 insert into SCRAPS values (2709, 960, 'HeavensGateSP1', 1, 6.09088, 0.31126);
 insert into SCRAPS values (2731, 960, 'DonutSP2', 1, 6.21636, 1.37253);
 insert into MAPS values (2745, 960, 'clearwater_upper_m', NULL, 1, 43956.653, 442.780);
 insert into MAPITEMS values (2745, 4, 2709);
 insert into MAPITEMS values (2745, 4, 2551);
 insert into MAPITEMS values (2745, 4, 2673);
 insert into MAPITEMS values (2745, 4, 2731);
 insert into MAPITEMS values (2745, 4, 2645);
 insert into SCRAPS values (2746, 960, 'InflationSP1', 1, 34.76136, 3.85374);
 insert into SCRAPS values (2758, 960, 'IIDSP1', 1, 33.74331, 5.86813);
 insert into SCRAPS values (2796, 960, 'ConnectionToLowerSP1', 1, 32.58428, 5.10219);
 insert into SCRAPS values (2807, 960, 'IIDSP2', 1, 17.97795, 3.00760);
 insert into SCRAPS values (2815, 960, 'KingSethsMazeSP1', 1, 3.35452, 0.45129);
 insert into SCRAPS values (2839, 960, 'HyperspaceSP1', 1, 37.69320, 8.18018);
 insert into MAPS values (2914, 960, 'clearwater_maindrag_m', NULL, 1, 43956.653, 442.780);
 insert into MAPITEMS values (2914, 4, 2758);
 insert into MAPITEMS values (2914, 4, 2807);
 insert into MAPITEMS values (2914, 4, 2746);
 insert into MAPITEMS values (2914, 4, 2839);
 insert into MAPITEMS values (2914, 4, 2796);
 insert into MAPITEMS values (2914, 4, 2815);
 insert into SCRAPS values (2915, 960, 'dune_s1', 1, 16.76059, 1.19197);
 insert into SCRAPS values (2965, 960, 'dune_s2', 1, 93.90129, 76.27916);
 insert into MAPS values (2975, 960, 'dune_m', 'Dune Series', 1, 43956.653, 442.780);
 insert into MAPITEMS values (2975, 4, 2915);
 insert into MAPITEMS values (2975, 4, 2965);
 insert into SCRAPS values (2976, 960, 'GreatWallChamberSP1', 1, 62.05560, 5.97554);
 insert into SCRAPS values (2985, 960, 'EastPassageSP1', 1, 37.28242, 3.55185);
 insert into SCRAPS values (2993, 960, 'WestPassageSP1', 1, 33.32327, 9.69876);
 insert into SCRAPS values (3000, 960, 'GnomeOxbowSP1', 1, 57.61723, 3.32755);
 insert into SCRAPS values (3010, 960, 'GnomeOxbowSP2', 1, 0.00000, 0.00000);
 insert into SCRAPS values (3016, 960, 'TrollCavernSP1', 1, 4.12462, 0.79641);
 insert into SCRAPS values (3028, 960, 'KingsLoopSP1', 1, 6.98723, 1.66227);
 insert into MAPS values (3033, 960, 'farnorth_m', NULL, 1, 43956.653, 442.780);
 insert into MAPITEMS values (3033, 4, 2993);
 insert into MAPITEMS values (3033, 4, 2976);
 insert into MAPITEMS values (3033, 4, 2985);
 insert into MAPITEMS values (3033, 4, 3000);
 insert into MAPITEMS values (3033, 4, 3016);
 insert into MAPITEMS values (3033, 4, 3010);
 insert into MAPITEMS values (3033, 4, 3028);
 insert into SCRAPS values (3034, 960, 'LowerSeriesSP1', 1, 35.03519, 1.32423);
 insert into SCRAPS values (3048, 960, 'LowerSeriesSP2', 1, 39.25844, 8.88662);
 insert into SCRAPS values (3063, 960, 'LowerSeriesSP5', 1, 61.26588, 11.03550);
 insert into SCRAPS values (3069, 960, 'LowerSeriesSP3', 1, 66.07907, 1.08508);
 insert into SCRAPS values (3082, 960, 'LowerSeriesSP4', 1, 16.30305, 2.04461);
 insert into SCRAPS values (3088, 960, 'LowerSeriesSP6', 1, 21.83145, 4.74826);
 insert into MAPS values (3109, 960, 'lower_series_m', NULL, 1, 43956.653, 442.780);
 insert into MAPITEMS values (3109, 4, 3034);
 insert into MAPITEMS values (3109, 4, 3082);
 insert into MAPITEMS values (3109, 4, 3088);
 insert into MAPITEMS values (3109, 4, 3069);
 insert into MAPITEMS values (3109, 4, 3063);
 insert into MAPITEMS values (3109, 4, 3048);
 insert into SCRAPS values (3110, 960, 'cleartop_s1', 1, 0.00000, 0.00000);
 insert into MAPS values (3123, 960, 'cleartop_m', NULL, 1, 43956.653, 442.780);
 insert into MAPITEMS values (3123, 4, 3110);
 insert into MAPS values (3145, 960, 'clearwater_fake_l1_m', NULL, 1, 43956.653, 442.780);
 insert into MAPITEMS values (3145, 4, 3109);
 insert into MAPITEMS values (3145, 4, 1601);
 insert into MAPITEMS values (3145, 4, 1466);
 insert into MAPITEMS values (3145, 4, 1320);
 insert into MAPITEMS values (3145, 4, 2549);
 insert into MAPS values (3146, 960, 'clearwater_fake_l2_m', NULL, 1, 43956.653, 442.780);
 insert into MAPITEMS values (3146, 4, 2093);
 insert into MAPITEMS values (3146, 4, 1949);
 insert into MAPITEMS values (3146, 4, 2975);
 insert into MAPITEMS values (3146, 4, 3033);
 insert into MAPITEMS values (3146, 4, 1950);
 insert into MAPITEMS values (3146, 4, 2914);
 insert into MAPITEMS values (3146, 4, 2390);
 insert into MAPITEMS values (3146, 4, 1951);
 insert into MAPITEMS values (3146, 4, 2550);
 insert into MAPS values (3147, 960, 'clearwater_fake_l3_m', NULL, 1, 43956.653, 442.780);
 insert into MAPITEMS values (3147, 4, 2745);
 insert into MAPS values (3148, 960, 'clearwater_fake_l2_l3_m', NULL, 1, 43956.653, 442.780);
 insert into MAPITEMS values (3148, 4, 3147);
 insert into MAPITEMS values (3148, 4, 3146);
 insert into MAPS values (3149, 960, 'clearwater_cave_fake_m', NULL, 1, 43956.653, 442.780);
 insert into MAPITEMS values (3149, 4, 3148);
 insert into MAPITEMS values (3149, 4, 3145);
 insert into SURVEY values (3151, 68, 'far_from_home', 'far_from_home.clearwater_master', NULL);
 insert into CENTRELINE values (3152, 3151, NULL, NULL, NULL, 0.00, 0.00, 0.00);
 insert into CENTRELINE values (3153, 3151, NULL, '1989-11-01', NULL, 1021.90, 0.00, 0.00);
 insert into SHOT values (1306, 1263, 1264, 3153, 7.50, 325.00, 9.00, 7.49, 324.96, 8.98, 0.01, 188.10, -21.96);
insert into SHOT values (1307, 1264, 1265, 3153, 30.50, 259.00, 26.00, 30.50, 259.00, 26.00, 0.00, 327.45, -21.39);
insert into SHOT values (1308, 1265, 1266, 3153, 6.20, 335.00, 51.00, 6.20, 335.14, 51.01, 0.01, 67.14, 9.88);
insert into SHOT values (1309, 1266, 1267, 3153, 7.70, 350.00, 24.00, 7.70, 349.94, 23.98, 0.01, 286.79, -11.90);
insert into SHOT values (1310, 1267, 1268, 3153, 8.70, 250.00, 9.00, 8.70, 249.98, 9.00, 0.00, 102.77, -11.56);
insert into SHOT values (1311, 1268, 1269, 3153, 7.50, 221.00, -25.00, 7.50, 221.00, -25.00, 0.00, 269.37, -32.75);
insert into SHOT values (1312, 1269, 1270, 3153, 21.30, 153.00, -1.00, 21.30, 153.00, -1.00, 0.01, 161.67, 20.32);
insert into SHOT values (1313, 1270, 1271, 3153, 16.50, 165.00, -35.00, 16.49, 164.99, -35.00, 0.01, 18.24, 34.90);
insert into SHOT values (1314, 1271, 1272, 3153, 30.00, 243.00, -30.00, 30.00, 242.99, -30.00, 0.01, 191.04, 0.00);
insert into SHOT values (1315, 1272, 1273, 3153, 30.00, 286.00, -18.00, 30.00, 286.01, -18.00, 0.01, 327.45, 4.39);
insert into SHOT values (1316, 1273, 1274, 3153, 16.70, 230.00, -34.00, 16.70, 229.98, -34.01, 0.01, 96.38, -14.15);
insert into SHOT values (1317, 1274, 1275, 3153, 8.70, 193.00, -45.00, 8.70, 193.04, -44.96, 0.01, 226.42, 12.18);
insert into SHOT values (1318, 1275, 1276, 3153, 2.60, 235.00, -42.00, 2.60, 234.91, -42.02, 0.00, 122.49, -4.57);
insert into SHOT values (1319, 1276, 1277, 3153, 5.20, 236.00, -42.00, 5.20, 236.06, -41.97, 0.01, 278.29, -4.67);
insert into SHOT values (1320, 1277, 1278, 3153, 9.40, 310.00, 6.00, 9.40, 310.01, 5.98, 0.00, 56.82, -57.46);
insert into SHOT values (1321, 1278, 1279, 3153, 11.90, 248.00, 29.00, 11.90, 247.99, 29.00, 0.00, 174.52, 34.61);
insert into SHOT values (1322, 1279, 1280, 3153, 16.80, 297.00, 28.00, 16.80, 297.03, 28.01, 0.01, 49.76, 18.00);
insert into SHOT values (1323, 1280, 1281, 3153, 30.60, 269.00, 34.00, 30.60, 268.98, 33.99, 0.01, 216.21, -8.24);
insert into SHOT values (1324, 1281, 1282, 3153, 4.10, 288.00, 29.00, 4.10, 288.03, 29.03, 0.00, 12.93, 49.72);
insert into SHOT values (1325, 1282, 1283, 3153, 25.30, 1.00, 5.00, 25.30, 1.00, 4.99, 0.01, 49.98, -88.01);
insert into SHOT values (1326, 1283, 1284, 3153, 5.90, 42.00, -40.00, 5.90, 42.04, -39.95, 0.01, 77.88, 22.57);
insert into SHOT values (1327, 1284, 1285, 3153, 26.00, 45.00, 6.00, 26.00, 44.98, 6.00, 0.01, 325.62, 17.44);
insert into SHOT values (1328, 1285, 1286, 3153, 22.70, 336.00, -22.00, 22.70, 335.99, -22.02, 0.01, 175.28, -40.67);
insert into SHOT values (1329, 1286, 1287, 3153, 14.80, 42.00, 17.00, 14.80, 41.99, 17.01, 0.00, 348.55, 54.31);
insert into SHOT values (1330, 1287, 1288, 3153, 10.10, 10.00, 4.00, 10.10, 10.00, 4.03, 0.01, 169.64, 66.56);
insert into SHOT values (1331, 1288, 1289, 3153, 9.80, 328.00, -27.00, 9.81, 328.00, -26.99, 0.01, 330.40, -8.90);
insert into SHOT values (1332, 1289, 1290, 3153, 19.80, 0.00, -15.00, 19.80, 0.00, -15.02, 0.01, 180.00, -45.28);
insert into SHOT values (1333, 1290, 1291, 3153, 30.80, 315.00, -34.00, 30.80, 315.02, -34.00, 0.01, 50.91, 23.84);
insert into SHOT values (1334, 1291, 1292, 3153, 30.90, 6.00, -4.00, 30.89, 6.00, -4.01, 0.01, 199.36, -36.04);
insert into SHOT values (1335, 1292, 1293, 3153, 28.40, 25.00, 14.00, 28.40, 24.98, 14.00, 0.01, 312.88, -4.18);
insert into SHOT values (1336, 1293, 1294, 3153, 30.40, 42.00, 22.00, 30.40, 41.99, 22.00, 0.00, 353.75, 29.59);
insert into SHOT values (1337, 1294, 1295, 3153, 26.10, 3.00, -10.00, 26.09, 3.01, -10.00, 0.01, 149.91, 13.08);
insert into SHOT values (1338, 1282, 1296, 3153, 28.70, 236.00, -18.00, 28.70, 236.01, -18.00, 0.00, 341.02, -18.89);
insert into SHOT values (1339, 1296, 1297, 3153, 30.40, 244.00, -19.00, 30.40, 244.00, -19.01, 0.01, 84.71, -29.90);
insert into SHOT values (1340, 1297, 1298, 3153, 30.20, 255.00, -23.00, 30.20, 254.99, -23.00, 0.01, 158.20, 0.85);
insert into SHOT values (1341, 1298, 1299, 3153, 25.80, 273.00, -30.00, 25.81, 273.00, -29.99, 0.01, 275.06, 0.00);
insert into SHOT values (1342, 1299, 1300, 3153, 30.50, 233.00, -22.00, 30.50, 232.99, -21.99, 0.01, 104.42, 48.59);
insert into SHOT values (1343, 1300, 1301, 3153, 18.70, 255.00, -33.00, 18.70, 255.03, -33.02, 0.01, 352.17, -29.76);
insert into SHOT values (1344, 1301, 1302, 3153, 17.10, 286.00, -41.00, 17.10, 285.96, -41.00, 0.01, 211.29, -9.31);
insert into SHOT values (1345, 1302, 1303, 3153, 6.30, 324.00, 12.00, 6.30, 324.04, 12.00, 0.01, 24.95, 1.78);
insert into SHOT values (1346, 1303, 1304, 3153, 4.70, 252.00, 0.00, 4.70, 252.03, 0.00, 0.00, 359.17, 0.00);
insert into SHOT values (1347, 1304, 1305, 3153, 18.00, 305.00, -41.00, 18.00, 304.99, -41.00, 0.00, 226.47, -18.72);
insert into SHOT values (1348, 1305, 1306, 3153, 20.90, 230.00, -21.00, 20.89, 229.99, -21.01, 0.01, 74.18, -0.87);
insert into SHOT values (1349, 1306, 1307, 3153, 30.00, 236.00, -22.00, 30.00, 235.99, -22.00, 0.01, 178.93, -17.37);
insert into SHOT values (1350, 1307, 1308, 3153, 30.70, 260.00, -22.00, 30.71, 260.01, -21.99, 0.01, 289.63, 2.88);
insert into SHOT values (1351, 1286, 1309, 3153, 6.40, 349.00, -24.00, 6.40, 348.96, -23.97, 0.01, 279.41, 34.93);
insert into SHOT values (1352, 1309, 1310, 3153, 30.50, 311.00, -35.00, 30.49, 311.01, -35.00, 0.01, 100.50, 34.83);
insert into SHOT values (1353, 1310, 1311, 3153, 18.40, 199.00, -2.00, 18.39, 199.02, -2.03, 0.01, 335.29, -45.76);
insert into SHOT values (1354, 1311, 1312, 3153, 12.70, 235.00, -17.00, 12.70, 234.99, -16.98, 0.01, 199.09, 37.28);
insert into SHOT values (1355, 1312, 1313, 3153, 12.60, 177.00, 20.00, 12.60, 177.00, 20.01, 0.00, 4.92, 7.94);
insert into SHOT values (1356, 1313, 1314, 3153, 14.90, 132.00, 36.00, 14.90, 132.01, 36.00, 0.00, 155.29, 24.09);
insert into SHOT values (1357, 1314, 1315, 3153, 30.30, 100.00, 34.00, 30.30, 99.99, 33.99, 0.00, 41.60, -52.77);
insert into SHOT values (1358, 1315, 1316, 3153, 10.10, 25.00, 7.00, 10.09, 24.98, 7.00, 0.01, 230.43, -5.85);
insert into SHOT values (1359, 1286, 1317, 3153, 15.10, 48.00, 19.00, 15.11, 47.98, 19.01, 0.01, 358.92, 30.70);
insert into SHOT values (1360, 1317, 1318, 3153, 26.00, 108.00, 35.00, 26.00, 108.03, 35.00, 0.01, 212.96, -16.30);
insert into SCRAPS values (3154, 3151, 'far_from_home_s1', 1, 0.00447, 0.00000);
 insert into MAPS values (3198, 3151, 'far_from_home_m', NULL, 1, 1021.900, 141.270);
 insert into MAPITEMS values (3198, 4, 3154);
 insert into SURVEY values (3200, 68, 'the_cairn_farm', 'the_cairn_farm.clearwater_master', NULL);
 insert into CENTRELINE values (3201, 3200, NULL, NULL, NULL, 0.00, 0.00, 0.00);
 insert into MAPS values (3202, 3200, 'the_cairn_farm_m', NULL, 1, 4978.600, 145.770);
 insert into MAPITEMS values (3202, 4, 3204);
 insert into MAPITEMS values (3202, 4, 3650);
 insert into MAPITEMS values (3202, 4, 3662);
 insert into CENTRELINE values (3203, 3200, 'The Cairn Farm', '1989-11-01', NULL, 4978.60, 0.00, 0.00);
 insert into SHOT values (1361, 1319, 1320, 3203, 20.70, 358.00, -8.00, 20.70, 357.99, -8.00, 0.01, 310.50, 8.29);
insert into SHOT values (1362, 1320, 1321, 3203, 8.60, 280.00, -58.00, 8.59, 280.00, -58.03, 0.01, 99.62, 21.44);
insert into SHOT values (1363, 1321, 1322, 3203, 21.90, 0.00, -90.00, 21.90, 90.00, -90.00, 0.00, 0.00, -5.31);
insert into SHOT values (1364, 1322, 1323, 3203, 15.30, 333.00, -17.00, 15.30, 332.96, -16.99, 0.01, 227.93, 18.12);
insert into SHOT values (1365, 1323, 1324, 3203, 30.50, 237.00, -25.00, 30.50, 237.01, -25.00, 0.01, 29.14, -1.40);
insert into SHOT values (1366, 1324, 1325, 3203, 30.50, 323.00, -31.00, 30.50, 323.01, -31.00, 0.00, 77.66, -19.90);
insert into SHOT values (1367, 1325, 1326, 3203, 30.50, 290.00, -16.00, 30.50, 290.00, -16.01, 0.00, 8.25, -50.59);
insert into SHOT values (1368, 1326, 1327, 3203, 26.00, 333.00, -7.00, 26.00, 332.99, -7.00, 0.01, 230.46, -14.29);
insert into SHOT values (1369, 1327, 1328, 3203, 30.50, 44.00, 4.00, 30.51, 44.00, 4.00, 0.01, 51.68, 22.80);
insert into SHOT values (1370, 1328, 1329, 3203, 30.50, 5.00, -15.00, 30.49, 4.99, -15.00, 0.01, 221.64, 19.02);
insert into SHOT values (1371, 1329, 1330, 3203, 30.50, 6.00, 0.00, 30.47, 6.37, -0.64, 0.39, 105.42, -59.65);
insert into SHOT values (1372, 1330, 1331, 3203, 30.50, 355.00, 4.00, 30.47, 355.08, 3.48, 0.28, 103.36, -81.21);
insert into SHOT values (1373, 1331, 1332, 3203, 30.50, 0.00, -17.00, 30.47, 0.20, -18.01, 0.55, 151.90, -67.10);
insert into SHOT values (1374, 1332, 1333, 3203, 26.50, 258.00, -8.00, 26.51, 256.79, -8.53, 0.60, 164.44, -23.58);
insert into SHOT values (1375, 1333, 1334, 3203, 30.50, 195.00, -16.00, 30.54, 194.46, -16.24, 0.31, 104.73, -25.63);
insert into SHOT values (1376, 1334, 1335, 3203, 30.50, 211.00, -33.00, 30.50, 210.99, -33.00, 0.01, 133.24, 13.89);
insert into SHOT values (1377, 1334, 1336, 3203, 30.50, 177.00, -1.00, 30.54, 176.86, -1.60, 0.33, 109.66, -76.11);
insert into SHOT values (1378, 1336, 1337, 3203, 30.30, 154.00, 28.00, 30.34, 154.37, 26.82, 0.65, 182.81, -55.72);
insert into SHOT values (1379, 1337, 1338, 3203, 30.50, 62.00, 16.00, 30.49, 63.28, 15.52, 0.70, 147.48, -20.59);
insert into SHOT values (1380, 1338, 1329, 3203, 15.50, 210.00, -2.00, 15.53, 209.54, -2.29, 0.15, 131.66, -31.79);
insert into SHOT values (1381, 1329, 1339, 3203, 27.30, 120.00, 33.00, 27.29, 119.98, 32.99, 0.01, 12.47, -47.07);
insert into SHOT values (1382, 1326, 1340, 3203, 31.00, 217.00, 28.00, 31.00, 217.01, 27.99, 0.01, 268.11, -25.76);
insert into SHOT values (1383, 1340, 1341, 3203, 14.60, 249.00, 37.00, 14.60, 248.98, 37.02, 0.01, 104.00, 31.14);
insert into SHOT values (1384, 1341, 1342, 3203, 11.00, 179.00, -16.00, 11.01, 179.03, -15.98, 0.01, 210.42, 12.64);
insert into SHOT values (1385, 1342, 1343, 3203, 11.90, 202.00, 4.00, 11.89, 201.98, 4.00, 0.01, 46.47, -0.61);
insert into SHOT values (1386, 1343, 1344, 3203, 9.60, 194.00, 33.00, 9.60, 194.02, 33.01, 0.00, 313.03, 25.66);
insert into SHOT values (1387, 1344, 1345, 3203, 19.80, 169.00, -8.00, 19.80, 169.01, -8.01, 0.01, 203.09, -53.89);
insert into SHOT values (1388, 1345, 1346, 3203, 17.00, 170.00, -5.00, 17.00, 170.00, -4.99, 0.00, 201.69, 37.77);
insert into SHOT values (1389, 1346, 1347, 3203, 14.00, 210.00, 0.00, 14.00, 210.01, 0.00, 0.00, 0.00, 0.00);
insert into SHOT values (1390, 1347, 1348, 3203, 18.00, 195.00, 0.00, 18.00, 195.00, 0.00, 0.00, 200.65, 0.00);
insert into SHOT values (1391, 1348, 1349, 3203, 6.00, 260.00, -10.00, 6.00, 259.96, -9.98, 0.00, 193.17, 25.03);
insert into SHOT values (1392, 1349, 1350, 3203, 20.00, 185.00, 10.00, 20.00, 184.98, 9.99, 0.01, 79.70, -23.73);
insert into SHOT values (1393, 1350, 1351, 3203, 15.00, 245.00, 0.00, 15.01, 245.01, 0.00, 0.01, 262.32, 0.00);
insert into SHOT values (1394, 1326, 1352, 3203, 22.60, 129.00, 8.00, 22.60, 129.02, 8.01, 0.01, 204.01, 36.57);
insert into SHOT values (1395, 1352, 1353, 3203, 12.50, 207.00, -4.00, 12.50, 207.00, -4.04, 0.01, 66.90, -81.87);
insert into SHOT values (1396, 1353, 1354, 3203, 25.80, 237.00, -46.00, 25.79, 237.00, -45.99, 0.01, 35.82, 81.23);
insert into SHOT values (1397, 1354, 1355, 3203, 30.00, 275.00, -1.00, 30.00, 274.99, -1.01, 0.01, 163.22, -55.22);
insert into SHOT values (1398, 1355, 1356, 3203, 29.50, 272.00, -35.00, 29.50, 272.02, -35.00, 0.01, 2.28, 4.34);
insert into SHOT values (1399, 1356, 1357, 3203, 30.50, 333.00, -15.00, 30.50, 332.99, -14.99, 0.01, 273.26, 37.90);
insert into SHOT values (1400, 1357, 1358, 3203, 30.60, 22.00, 12.00, 30.60, 22.00, 12.00, 0.00, 233.40, -34.30);
insert into SHOT values (1401, 1358, 1359, 3203, 14.00, 46.00, 5.00, 14.01, 46.02, 5.00, 0.01, 76.69, -1.33);
insert into SHOT values (1402, 1359, 1360, 3203, 10.00, 55.00, -10.00, 10.00, 54.97, -10.02, 0.01, 281.00, -26.03);
insert into SHOT values (1403, 1360, 1361, 3203, 13.00, 35.00, 0.00, 12.99, 35.04, 0.00, 0.01, 158.66, 0.00);
insert into SHOT values (1404, 1361, 1362, 3203, 15.00, 15.00, 0.00, 15.00, 14.99, 0.00, 0.00, 295.96, 0.00);
insert into SHOT values (1405, 1362, 1363, 3203, 20.00, 35.00, 20.00, 20.00, 34.99, 19.99, 0.01, 3.32, -4.62);
insert into SHOT values (1406, 1357, 1364, 3203, 29.40, 347.00, -30.00, 29.40, 347.00, -30.00, 0.00, 299.73, 0.00);
insert into SHOT values (1407, 1364, 1365, 3203, 30.00, 339.00, -32.00, 30.00, 339.01, -32.01, 0.01, 102.45, -17.73);
insert into SHOT values (1408, 1322, 1366, 3203, 30.50, 90.00, -30.00, 30.50, 90.00, -30.00, 0.00, 270.00, 0.00);
insert into SHOT values (1409, 1366, 1367, 3203, 30.50, 33.00, -26.00, 30.50, 33.00, -26.00, 0.00, 205.09, 23.72);
insert into SHOT values (1410, 1367, 1368, 3203, 30.50, 75.00, 24.00, 30.49, 75.00, 23.99, 0.01, 247.92, -53.69);
insert into SHOT values (1411, 1368, 1369, 3203, 30.50, 55.00, -2.00, 30.50, 55.01, -1.99, 0.01, 162.46, 51.00);
insert into SHOT values (1412, 1369, 1370, 3203, 30.50, 94.00, 18.00, 30.50, 93.99, 18.01, 0.01, 44.96, 45.69);
insert into SHOT values (1413, 1370, 1371, 3203, 30.50, 136.00, 26.00, 30.50, 136.01, 26.00, 0.00, 258.37, -6.34);
insert into SHOT values (1414, 1371, 1372, 3203, 30.50, 46.00, 13.00, 30.50, 46.01, 13.00, 0.00, 148.84, -11.99);
insert into SHOT values (1415, 1372, 1373, 3203, 30.50, 21.00, 2.00, 30.50, 20.99, 1.99, 0.01, 311.41, -43.02);
insert into SHOT values (1416, 1373, 1374, 3203, 30.50, 27.00, 1.00, 30.50, 27.01, 1.00, 0.01, 106.12, -22.24);
insert into SHOT values (1417, 1374, 1375, 3203, 30.50, 12.00, -4.00, 30.50, 11.99, -3.99, 0.01, 261.95, 51.99);
insert into SHOT values (1418, 1375, 1376, 3203, 30.50, 27.00, 4.00, 30.50, 27.01, 3.99, 0.01, 85.93, -47.10);
insert into SHOT values (1419, 1376, 1377, 3203, 30.50, 333.00, -8.00, 30.50, 332.99, -7.99, 0.01, 261.33, 30.43);
insert into SHOT values (1420, 1377, 1378, 3203, 23.60, 17.00, -7.00, 23.60, 17.00, -7.01, 0.00, 111.27, -68.04);
insert into SHOT values (1421, 1378, 1379, 3203, 30.50, 26.00, -15.00, 30.50, 26.01, -14.99, 0.01, 80.67, 36.74);
insert into SHOT values (1422, 1379, 1380, 3203, 30.50, 18.00, 2.00, 30.50, 18.00, 1.99, 0.00, 58.30, -79.15);
insert into SHOT values (1423, 1380, 1381, 3203, 30.30, 6.00, -8.00, 30.30, 5.99, -7.99, 0.01, 263.29, 47.19);
insert into SHOT values (1424, 1381, 1382, 3203, 30.60, 34.00, -14.00, 30.61, 34.01, -14.01, 0.01, 54.34, -39.94);
insert into SHOT values (1425, 1382, 1383, 3203, 30.40, 346.00, -9.00, 30.40, 345.99, -8.99, 0.01, 237.94, 37.83);
insert into SHOT values (1426, 1383, 1384, 3203, 30.50, 311.00, -29.00, 30.50, 311.00, -29.01, 0.00, 110.68, -50.41);
insert into SHOT values (1427, 1384, 1385, 3203, 30.50, 358.00, -21.00, 30.50, 358.01, -21.00, 0.00, 49.92, 2.61);
insert into SHOT values (1428, 1385, 1386, 3203, 30.50, 19.00, -17.00, 30.50, 18.99, -17.00, 0.01, 286.68, -23.23);
insert into SHOT values (1429, 1386, 1387, 3203, 30.50, 24.00, -4.00, 30.50, 24.01, -3.99, 0.01, 137.93, 46.88);
insert into SHOT values (1430, 1387, 1388, 3203, 29.20, 27.00, 2.00, 29.21, 27.00, 1.98, 0.01, 10.40, -46.51);
insert into SHOT values (1431, 1388, 1389, 3203, 17.70, 331.00, -20.00, 17.70, 330.97, -19.99, 0.01, 221.66, 21.39);
insert into SHOT values (1432, 1389, 1390, 3203, 30.20, 318.00, -25.00, 30.20, 318.01, -25.00, 0.01, 93.12, 34.66);
insert into SHOT values (1433, 1390, 1391, 3203, 10.00, 335.00, -10.00, 10.00, 335.02, -10.02, 0.01, 23.21, -35.04);
insert into SHOT values (1434, 1387, 1392, 3203, 30.00, 84.00, 24.00, 29.99, 83.99, 24.00, 0.01, 310.15, -14.45);
insert into SHOT values (1435, 1392, 1393, 3203, 27.70, 41.00, 24.00, 27.70, 40.99, 23.99, 0.01, 318.24, -68.75);
insert into SHOT values (1436, 1393, 1394, 3203, 30.50, 39.00, 1.00, 30.51, 39.01, 1.01, 0.01, 85.65, 41.59);
insert into SHOT values (1437, 1394, 1395, 3203, 27.80, 54.00, -1.00, 27.79, 54.00, -1.01, 0.01, 222.38, -24.16);
insert into SHOT values (1438, 1395, 1396, 3203, 30.50, 2.00, -7.00, 30.51, 2.01, -7.00, 0.01, 31.18, -23.83);
insert into SHOT values (1439, 1396, 1397, 3203, 30.50, 18.00, -1.00, 30.50, 18.00, -1.00, 0.01, 231.93, 26.80);
insert into SHOT values (1440, 1397, 1398, 3203, 30.50, 3.00, -12.00, 30.50, 3.00, -12.00, 0.00, 207.55, 23.88);
insert into SHOT values (1441, 1398, 1399, 3203, 30.50, 21.00, -3.00, 30.51, 21.01, -3.01, 0.01, 44.62, -29.00);
insert into SHOT values (1442, 1399, 1400, 3203, 30.50, 245.00, -21.00, 30.51, 244.99, -21.00, 0.01, 209.87, 1.76);
insert into SHOT values (1443, 1400, 1401, 3203, 30.40, 313.00, -25.00, 30.40, 313.01, -24.98, 0.01, 0.47, 37.93);
insert into SHOT values (1444, 1401, 1402, 3203, 17.70, 300.00, -22.00, 17.70, 299.99, -22.00, 0.01, 156.06, 5.03);
insert into SHOT values (1445, 1402, 1403, 3203, 30.50, 354.00, -23.00, 30.50, 354.01, -23.01, 0.01, 108.86, -28.65);
insert into SHOT values (1446, 1403, 1404, 3203, 40.00, 305.00, -40.00, 40.00, 305.01, -40.00, 0.00, 3.42, 18.09);
insert into SHOT values (1447, 1400, 1405, 3203, 28.70, 39.00, 5.00, 28.71, 39.01, 5.02, 0.01, 83.81, 49.86);
insert into SHOT values (1448, 1405, 1406, 3203, 30.50, 29.00, 2.00, 30.50, 28.99, 1.99, 0.01, 272.60, -29.96);
insert into SHOT values (1449, 1406, 1407, 3203, 30.50, 16.00, 4.00, 30.50, 16.00, 4.00, 0.01, 50.32, 27.83);
insert into SHOT values (1450, 1407, 1408, 3203, 29.20, 21.00, -4.00, 29.21, 21.00, -4.01, 0.01, 11.08, -27.53);
insert into SHOT values (1451, 1408, 1409, 3203, 30.50, 93.00, 3.00, 30.50, 93.01, 3.01, 0.01, 149.20, 28.49);
insert into SHOT values (1452, 1409, 1410, 3203, 30.50, 50.00, 1.00, 30.50, 50.00, 1.00, 0.00, 201.38, -46.43);
insert into SHOT values (1453, 1410, 1411, 3203, 27.80, 49.00, 34.00, 27.80, 48.99, 34.01, 0.01, 264.93, 48.02);
insert into SHOT values (1454, 1411, 1412, 3203, 12.90, 300.00, -20.00, 12.90, 299.99, -20.03, 0.01, 243.15, -74.16);
insert into SHOT values (1455, 1412, 1413, 3203, 20.80, 325.00, -15.00, 20.80, 325.01, -14.99, 0.01, 60.33, 37.64);
insert into SHOT values (1456, 1413, 1414, 3203, 6.80, 269.00, -48.00, 6.80, 268.99, -47.98, 0.00, 225.71, 75.98);
insert into SHOT values (1457, 1414, 1415, 3203, 18.40, 20.00, 10.00, 18.40, 20.00, 9.98, 0.01, 46.22, -56.64);
insert into SHOT values (1458, 1415, 1416, 3203, 7.50, 24.00, 26.00, 7.50, 23.98, 26.01, 0.00, 315.59, 40.85);
insert into SHOT values (1459, 1416, 1417, 3203, 27.00, 342.00, -7.00, 27.00, 342.00, -7.00, 0.00, 23.78, 8.54);
insert into SHOT values (1460, 1417, 1418, 3203, 30.00, 10.00, 16.00, 30.00, 10.00, 16.00, 0.00, 83.69, 20.32);
insert into SHOT values (1461, 1409, 1419, 3203, 30.50, 128.00, 31.00, 30.50, 127.99, 31.01, 0.01, 345.60, 13.02);
insert into SHOT values (1462, 1419, 1420, 3203, 30.50, 82.00, 9.00, 30.50, 82.00, 9.00, 0.00, 207.74, -23.73);
insert into SHOT values (1463, 1420, 1421, 3203, 27.60, 58.00, 18.00, 27.60, 58.00, 18.00, 0.00, 276.69, 63.91);
insert into SHOT values (1464, 1421, 1422, 3203, 30.50, 5.00, -2.00, 30.50, 5.01, -2.01, 0.01, 148.18, -41.06);
insert into SHOT values (1465, 1422, 1423, 3203, 24.30, 318.00, 21.00, 24.30, 318.00, 21.00, 0.00, 354.36, 58.46);
insert into SHOT values (1466, 1423, 1424, 3203, 14.00, 229.00, 19.00, 14.00, 229.01, 19.01, 0.00, 3.71, 24.77);
insert into SHOT values (1467, 1423, 1425, 3203, 12.40, 305.00, -4.00, 12.41, 305.00, -3.97, 0.01, 304.44, 29.51);
insert into SHOT values (1468, 1425, 1426, 3203, 20.10, 350.00, -3.00, 20.09, 350.01, -3.02, 0.01, 143.55, -40.77);
insert into SHOT values (1469, 1424, 1427, 3203, 30.50, 245.00, 13.00, 30.51, 245.00, 13.00, 0.01, 265.22, -9.37);
insert into SHOT values (1470, 1427, 1428, 3203, 14.10, 253.00, 37.00, 14.10, 253.01, 36.98, 0.01, 331.18, -64.58);
insert into SHOT values (1471, 1419, 1429, 3203, 30.50, 150.00, 19.00, 30.50, 150.00, 19.00, 0.01, 170.95, 1.83);
insert into SHOT values (1472, 1429, 1430, 3203, 30.50, 118.00, 32.00, 30.49, 118.00, 32.00, 0.01, 291.55, -16.73);
insert into SHOT values (1473, 1430, 1431, 3203, 27.00, 65.00, 15.00, 27.00, 65.01, 15.00, 0.00, 118.31, 25.41);
insert into SHOT values (1474, 1431, 1432, 3203, 30.50, 71.00, 16.00, 30.50, 71.01, 15.99, 0.01, 192.76, -52.66);
insert into SHOT values (1475, 1432, 1433, 3203, 30.50, 72.00, 28.00, 30.50, 71.98, 28.00, 0.01, 347.23, 7.57);
insert into SHOT values (1476, 1433, 1434, 3203, 24.80, 31.00, 7.00, 24.80, 31.00, 6.99, 0.00, 72.75, -44.88);
insert into SHOT values (1477, 1434, 1435, 3203, 29.30, 3.00, -33.00, 29.30, 3.01, -32.99, 0.01, 80.95, 63.24);
insert into SHOT values (1478, 1435, 1436, 3203, 17.20, 344.00, -25.00, 17.20, 343.98, -25.01, 0.01, 214.94, -9.72);
insert into SHOT values (1479, 1436, 1437, 3203, 30.50, 46.00, 14.00, 30.50, 46.00, 14.00, 0.00, 39.13, 25.32);
insert into SHOT values (1480, 1437, 1438, 3203, 25.50, 0.00, -11.00, 25.50, 0.00, -11.01, 0.00, 180.00, -71.14);
insert into SHOT values (1481, 1438, 1439, 3203, 26.80, 42.00, 9.00, 26.80, 42.00, 9.00, 0.00, 240.65, -47.99);
insert into SHOT values (1482, 1439, 1440, 3203, 25.60, 28.00, 7.00, 25.60, 28.01, 7.00, 0.01, 167.40, 1.63);
insert into SHOT values (1483, 1439, 1441, 3203, 30.50, 311.00, 7.00, 30.50, 311.00, 7.01, 0.00, 257.51, 44.80);
insert into SHOT values (1484, 1441, 1442, 3203, 15.00, 295.00, 5.00, 15.00, 295.02, 5.01, 0.01, 30.75, 25.27);
insert into SHOT values (1485, 1436, 1443, 3203, 19.50, 299.00, 17.00, 19.50, 299.00, 17.00, 0.00, 191.42, -60.15);
insert into SHOT values (1486, 1443, 1444, 3203, 23.50, 250.00, -4.00, 23.50, 250.00, -4.00, 0.00, 205.76, -17.18);
insert into SHOT values (1487, 1444, 1445, 3203, 23.60, 239.00, -1.00, 23.59, 239.00, -1.00, 0.01, 63.33, 15.45);
insert into SHOT values (1488, 1445, 1446, 3203, 17.70, 271.00, -31.00, 17.70, 270.98, -31.01, 0.01, 185.37, -38.52);
insert into SHOT values (1489, 1446, 1447, 3203, 29.80, 307.00, -11.00, 29.81, 307.00, -10.98, 0.01, 304.34, 32.48);
insert into SHOT values (1490, 1419, 1448, 3203, 30.50, 201.00, 1.00, 30.50, 201.00, 1.00, 0.00, 264.70, -57.78);
insert into SHOT values (1491, 1448, 1449, 3203, 30.50, 214.00, -5.00, 30.50, 214.00, -5.00, 0.00, 139.92, -66.81);
insert into SHOT values (1492, 1449, 1450, 3203, 30.50, 215.00, 0.00, 30.51, 215.00, 0.00, 0.01, 225.27, 0.00);
insert into SHOT values (1493, 1450, 1451, 3203, 27.60, 238.00, 0.00, 27.59, 238.00, 0.00, 0.01, 46.71, 0.00);
insert into SHOT values (1494, 1451, 1452, 3203, 20.70, 249.00, -13.00, 20.70, 249.00, -13.01, 0.00, 185.57, -61.33);
insert into SHOT values (1495, 1450, 1453, 3203, 22.50, 200.00, 28.00, 22.50, 199.99, 27.99, 0.01, 110.65, -31.86);
insert into SHOT values (1496, 1453, 1454, 3203, 30.50, 190.00, -1.00, 30.50, 190.01, -1.00, 0.01, 294.44, 24.76);
insert into SHOT values (1497, 1454, 1455, 3203, 24.70, 213.00, 12.00, 24.69, 212.99, 12.01, 0.01, 73.89, 27.07);
insert into SHOT values (1498, 1455, 1456, 3203, 25.80, 212.00, -11.00, 25.81, 212.01, -11.01, 0.01, 255.78, -36.69);
insert into SHOT values (1499, 1456, 1457, 3203, 13.60, 181.00, 4.00, 13.60, 180.97, 4.01, 0.01, 54.65, 8.98);
insert into SHOT values (1500, 1457, 1458, 3203, 18.80, 248.00, -9.00, 18.80, 247.99, -8.99, 0.01, 220.86, 10.12);
insert into SHOT values (1501, 1455, 1459, 3203, 7.50, 129.00, 30.00, 7.50, 129.06, 30.02, 0.01, 252.41, -0.00);
insert into SHOT values (1502, 1459, 1460, 3203, 30.50, 199.00, 4.00, 30.50, 198.99, 3.99, 0.01, 108.91, -51.79);
insert into SHOT values (1503, 1382, 1461, 3203, 30.50, 22.00, 3.00, 30.50, 22.00, 3.01, 0.00, 155.94, 84.14);
insert into SHOT values (1504, 1461, 1462, 3203, 15.80, 70.00, 13.00, 15.79, 70.01, 12.99, 0.01, 230.68, -26.31);
insert into SHOT values (1505, 1462, 1463, 3203, 29.60, 30.00, -1.00, 29.60, 30.00, -0.99, 0.01, 101.23, 70.78);
insert into SHOT values (1506, 1463, 1464, 3203, 30.50, 29.00, 5.00, 30.50, 28.99, 5.00, 0.01, 355.66, 17.28);
insert into SHOT values (1507, 1464, 1465, 3203, 30.50, 15.00, -8.00, 30.50, 15.01, -8.01, 0.01, 144.79, -46.64);
insert into SHOT values (1508, 1465, 1466, 3203, 30.50, 343.00, -17.00, 30.51, 343.00, -17.00, 0.01, 342.17, -19.45);
insert into SHOT values (1509, 1466, 1467, 3203, 26.00, 287.00, -30.00, 26.00, 286.99, -30.00, 0.00, 139.22, 0.00);
insert into SHOT values (1510, 1464, 1468, 3203, 22.00, 138.00, 26.00, 22.00, 138.01, 25.99, 0.01, 190.74, -36.91);
insert into SHOT values (1511, 1468, 1469, 3203, 11.00, 90.00, 25.00, 11.00, 90.00, 25.00, 0.00, 90.00, 62.87);
insert into SHOT values (1512, 1469, 1470, 3203, 15.00, 80.00, 15.00, 15.00, 79.99, 14.99, 0.00, 16.99, -28.47);
insert into SHOT values (1513, 1470, 1471, 3203, 8.00, 135.00, 20.00, 8.01, 135.00, 20.01, 0.01, 135.00, 32.29);
insert into SHOT values (1514, 1409, 1472, 3203, 27.50, 325.00, -20.00, 27.51, 324.99, -20.00, 0.01, 283.14, -28.73);
insert into SHOT values (1515, 1472, 1473, 3203, 12.50, 326.00, 10.00, 12.49, 326.00, 10.00, 0.01, 146.09, -5.16);
insert into SHOT values (1516, 1473, 1474, 3203, 28.80, 192.00, 12.00, 28.80, 192.01, 12.01, 0.01, 329.37, 20.05);
insert into SHOT values (1517, 1400, 1475, 3203, 17.30, 218.00, -4.00, 17.29, 218.01, -3.98, 0.01, 28.06, 32.57);
insert into SHOT values (1518, 1475, 1476, 3203, 30.50, 283.00, -24.00, 30.50, 282.98, -24.01, 0.01, 187.22, -29.83);
insert into SHOT values (1519, 1476, 1477, 3203, 27.50, 249.00, -18.00, 27.50, 249.01, -18.00, 0.00, 311.95, -26.09);
insert into SHOT values (1520, 1477, 1478, 3203, 17.80, 279.00, -24.00, 17.80, 278.99, -24.00, 0.00, 166.56, -1.29);
insert into SHOT values (1521, 1478, 1479, 3203, 25.00, 0.00, 45.00, 25.00, 0.00, 45.00, 0.00, 0.00, 45.00);
insert into SHOT values (1522, 1479, 1480, 3203, 20.00, 75.00, -40.00, 20.00, 74.98, -39.98, 0.01, 13.95, 50.13);
insert into SHOT values (1523, 1478, 1481, 3203, 29.00, 166.00, 25.00, 29.00, 166.00, 25.01, 0.00, 35.64, 56.25);
insert into SHOT values (1524, 1481, 1482, 3203, 17.70, 210.00, 27.00, 17.70, 209.98, 27.01, 0.01, 110.98, 37.02);
insert into SHOT values (1525, 1482, 1483, 3203, 30.50, 160.00, 20.00, 30.50, 160.00, 20.00, 0.00, 310.93, -25.91);
insert into SHOT values (1526, 1483, 1484, 3203, 12.60, 165.00, 17.00, 12.60, 165.00, 16.98, 0.00, 129.52, -65.34);
insert into SHOT values (1527, 1484, 1485, 3203, 17.50, 191.00, -2.00, 17.49, 191.01, -2.00, 0.01, 340.25, 4.98);
insert into SHOT values (1528, 1485, 1486, 3203, 17.50, 235.00, -26.00, 17.51, 234.99, -25.98, 0.01, 214.29, 8.49);
insert into SHOT values (1529, 1387, 1487, 3203, 30.50, 230.00, -1.00, 30.50, 230.00, -1.01, 0.01, 21.38, -74.15);
insert into SHOT values (1530, 1487, 1488, 3203, 30.30, 208.00, -1.00, 30.30, 208.01, -1.00, 0.01, 263.94, -9.38);
insert into SHOT values (1531, 1488, 1489, 3203, 30.50, 217.00, 0.00, 30.50, 216.99, 0.00, 0.01, 106.79, 0.00);
insert into SHOT values (1532, 1489, 1490, 3203, 30.50, 203.00, -2.00, 30.49, 203.01, -1.99, 0.01, 0.27, 28.13);
insert into SHOT values (1533, 1490, 1491, 3203, 30.50, 194.00, 8.00, 30.51, 194.00, 8.01, 0.01, 218.66, 45.63);
insert into SHOT values (1534, 1491, 1492, 3203, 29.60, 210.00, 2.00, 29.60, 210.00, 1.99, 0.00, 142.09, -62.10);
insert into SHOT values (1535, 1492, 1493, 3203, 30.50, 172.00, 3.00, 30.50, 172.00, 2.99, 0.01, 30.19, -71.72);
insert into SHOT values (1536, 1493, 1494, 3203, 26.20, 170.00, 31.00, 26.21, 170.00, 31.01, 0.01, 175.85, 60.40);
insert into SHOT values (1537, 1494, 1495, 3203, 30.50, 172.00, 30.00, 30.49, 172.01, 30.01, 0.01, 317.82, -0.00);
insert into SHOT values (1538, 1495, 1496, 3203, 25.30, 161.00, 27.00, 25.30, 161.00, 26.98, 0.01, 171.08, -46.03);
insert into SHOT values (1539, 1496, 1497, 3203, 27.70, 55.00, 28.00, 27.71, 55.00, 28.01, 0.01, 73.02, 44.60);
insert into SHOT values (1540, 1497, 1498, 3203, 15.10, 84.00, 10.00, 15.10, 84.02, 9.99, 0.00, 168.87, -24.96);
insert into SHOT values (1541, 1377, 1499, 3203, 20.00, 265.00, 18.00, 19.99, 265.02, 18.01, 0.01, 48.28, -1.66);
insert into SHOT values (1542, 1369, 1500, 3203, 18.20, 286.00, -28.00, 18.20, 286.00, -27.98, 0.01, 281.93, 56.25);
insert into SHOT values (1543, 1500, 1501, 3203, 25.00, 288.00, -34.00, 25.00, 288.02, -34.00, 0.01, 16.10, -1.83);
insert into SHOT values (1544, 1501, 1502, 3203, 30.50, 281.00, 7.00, 30.49, 280.99, 6.99, 0.01, 134.24, -37.86);
insert into SHOT values (1545, 1502, 1503, 3203, 14.40, 218.00, 26.00, 14.40, 218.00, 26.02, 0.01, 238.21, 74.83);
insert into SHOT values (1546, 1503, 1504, 3203, 25.00, 250.00, -5.00, 24.99, 250.01, -5.00, 0.01, 20.13, -7.43);
insert into SHOT values (1547, 1503, 1505, 3203, 11.80, 210.00, -3.00, 11.79, 210.00, -3.01, 0.01, 20.59, -24.11);
insert into SHOT values (1548, 1505, 1506, 3203, 13.00, 84.00, 13.00, 12.99, 84.01, 12.99, 0.01, 241.42, -27.31);
insert into SHOT values (1549, 1506, 1507, 3203, 12.50, 180.00, 45.00, 12.50, 180.00, 45.00, 0.00, 180.00, 45.00);
insert into SHOT values (1550, 1507, 1508, 3203, 3.00, 136.00, 9.00, 3.00, 135.96, 9.01, 0.00, 49.23, 17.41);
insert into SHOT values (1551, 1508, 1509, 3203, 28.40, 181.00, 2.00, 28.40, 180.99, 2.00, 0.01, 106.89, -11.59);
insert into SHOT values (1552, 1509, 1510, 3203, 37.70, 267.00, 29.00, 37.70, 267.01, 29.00, 0.01, 340.38, 23.93);
insert into SHOT values (1553, 1494, 1511, 3203, 27.00, 250.00, -25.00, 27.00, 250.00, -24.99, 0.01, 263.06, 7.22);
insert into SHOT values (1554, 1511, 1512, 3203, 30.50, 219.00, -15.00, 30.50, 219.01, -15.01, 0.01, 2.63, -48.64);
insert into SHOT values (1555, 1512, 1513, 3203, 30.50, 209.00, 14.00, 30.50, 208.98, 14.00, 0.01, 130.99, 7.96);
insert into SHOT values (1556, 1513, 1514, 3203, 30.50, 180.00, 0.00, 30.50, 180.00, 0.00, 0.00, 90.00, 0.00);
insert into SHOT values (1557, 1514, 1515, 3203, 22.50, 198.00, -4.00, 22.49, 198.02, -4.00, 0.01, 328.61, -3.52);
insert into SHOT values (1558, 1515, 1516, 3203, 30.50, 237.00, -8.00, 30.50, 237.00, -7.99, 0.00, 108.40, 83.52);
insert into SHOT values (1559, 1516, 1517, 3203, 21.00, 230.00, -7.00, 21.00, 230.00, -7.00, 0.00, 235.10, -11.58);
insert into SHOT values (1560, 1490, 1518, 3203, 22.60, 245.00, -15.00, 22.61, 245.00, -15.00, 0.01, 231.47, -5.74);
insert into SHOT values (1561, 1518, 1519, 3203, 15.40, 218.00, 6.00, 15.40, 218.00, 6.00, 0.00, 214.05, 11.02);
insert into SHOT values (1562, 1519, 1520, 3203, 25.70, 146.00, 22.00, 25.70, 145.98, 22.01, 0.01, 47.15, 20.20);
insert into SCRAPS values (3204, 3200, 'cairn_farm_s1', 1, 65.51191, 1.30093);
 insert into SCRAPS values (3650, 3200, 'cairn_farm_s2', 1, 3.65245, 0.10373);
 insert into SCRAPS values (3662, 3200, 'cairn_farm_s3', 1, 28.05275, 2.42117);
 insert into SURVEY values (3678, 68, 'snaketrack_resurvey', 'snaketrack_resurvey.clearwater_master', NULL);
 insert into CENTRELINE values (3679, 3678, NULL, NULL, NULL, 0.00, 0.00, 0.00);
 insert into MAPS values (3680, 3678, 'snake_track_resurvey_m', NULL, 1, 801.500, 69.130);
 insert into MAPITEMS values (3680, 4, 3682);
 insert into CENTRELINE values (3681, 3678, NULL, '2007-01-17', NULL, 801.50, 69.90, 0.00);
 insert into PERSON values (1, 'Pam', 'Fogg');
insert into TOPO values (1, 3681);
 insert into PERSON values (2, 'Tim', 'Fogg');
insert into TOPO values (2, 3681);
 insert into PERSON values (3, 'David', 'Scott');
insert into TOPO values (3, 3681);
 insert into SHOT values (1563, 1521, 1522, 3681, 7.20, 15.00, 46.00, 7.20, 14.95, 46.02, 0.00, 256.04, 9.24);
insert into SHOT_FLAG values(1563, 'srf');
insert into SHOT values (1564, 1522, 1523, 3681, 18.60, 106.00, 38.00, 18.60, 106.00, 38.00, 0.00, 88.78, -58.86);
insert into SHOT_FLAG values(1564, 'srf');
insert into SHOT values (1565, 1523, 1524, 3681, 17.40, 109.00, 36.00, 17.40, 108.99, 36.01, 0.00, 0.64, 40.32);
insert into SHOT_FLAG values(1565, 'srf');
insert into SHOT values (1566, 1524, 1525, 3681, 23.60, 127.00, 36.00, 23.60, 127.00, 35.99, 0.00, 79.54, -43.24);
insert into SHOT_FLAG values(1566, 'srf');
insert into SHOT values (1567, 1525, 1526, 3681, 3.10, 144.00, -24.00, 3.10, 144.06, -24.01, 0.00, 283.78, 10.56);
insert into SHOT_FLAG values(1567, 'srf');
insert into SHOT values (1568, 1526, 1527, 3681, 4.50, 108.00, -23.00, 4.50, 108.00, -23.02, 0.00, 86.02, -74.74);
insert into SHOT values (1569, 1527, 1528, 3681, 3.50, 62.00, 18.00, 3.50, 62.05, 17.98, 0.00, 161.10, -28.40);
insert into SHOT values (1570, 1528, 1529, 3681, 2.80, 165.00, -22.00, 2.79, 165.00, -22.08, 0.01, 345.89, -7.95);
insert into SHOT values (1571, 1529, 1530, 3681, 1.30, 86.00, -18.00, 1.31, 86.31, -17.84, 0.01, 133.25, 10.70);
insert into SHOT values (1572, 1530, 1531, 3681, 25.80, 61.00, -6.00, 25.80, 61.00, -6.01, 0.00, 285.36, -62.72);
insert into SHOT values (1573, 1531, 1532, 3681, 7.10, 53.00, -4.00, 7.10, 53.03, -3.96, 0.01, 125.30, 50.87);
insert into SHOT values (1574, 1532, 1533, 3681, 38.50, 0.00, 1.00, 38.51, 0.00, 1.00, 0.01, 0.00, -18.11);
insert into SHOT values (1575, 1533, 1534, 3681, 15.20, 359.00, -10.00, 15.19, 358.97, -10.01, 0.01, 232.17, -2.83);
insert into SHOT values (1576, 1534, 1535, 3681, 19.50, 25.00, -5.00, 19.50, 25.00, -5.00, 0.00, 4.09, -6.20);
insert into SHOT values (1577, 1535, 1536, 3681, 36.10, 53.00, -3.00, 36.11, 53.00, -3.00, 0.01, 64.13, -3.94);
insert into SHOT values (1578, 1536, 1537, 3681, 40.20, 33.00, 1.00, 40.20, 33.00, 1.00, 0.00, 296.60, -50.86);
insert into SHOT values (1579, 1537, 1538, 3681, 32.60, 54.00, -1.00, 32.59, 54.01, -0.98, 0.01, 179.59, 45.22);
insert into SHOT values (1580, 1538, 1539, 3681, 27.20, 36.00, -3.00, 27.20, 35.98, -3.01, 0.01, 309.93, -40.27);
insert into SHOT values (1581, 1539, 1540, 3681, 19.10, 50.00, 5.00, 19.10, 50.01, 5.02, 0.01, 97.07, 51.34);
insert into SHOT values (1582, 1540, 1541, 3681, 25.80, 32.00, -3.00, 25.80, 31.99, -3.00, 0.00, 276.18, 4.78);
insert into SHOT values (1583, 1541, 1542, 3681, 38.60, 24.00, -2.00, 38.60, 24.00, -2.00, 0.00, 198.91, -63.24);
insert into SHOT values (1584, 1542, 1543, 3681, 28.90, 13.00, -4.00, 28.90, 13.01, -4.01, 0.01, 98.38, -40.06);
insert into SHOT values (1585, 1543, 1544, 3681, 14.40, 87.00, 5.00, 14.39, 87.00, 5.02, 0.01, 262.09, 41.53);
insert into SHOT values (1586, 1544, 1545, 3681, 21.60, 118.00, -5.00, 21.60, 117.99, -4.99, 0.00, 24.38, 49.46);
insert into SHOT values (1587, 1545, 1546, 3681, 29.80, 116.00, -3.00, 29.80, 116.01, -3.00, 0.01, 149.24, -4.30);
insert into SHOT values (1588, 1546, 1547, 3681, 28.10, 41.00, 4.00, 28.10, 40.99, 4.00, 0.00, 355.35, -2.07);
insert into SHOT values (1589, 1547, 1548, 3681, 25.30, 26.00, 8.00, 25.30, 25.99, 8.00, 0.00, 302.37, -17.71);
insert into SHOT values (1590, 1548, 1549, 3681, 19.60, 53.00, -5.00, 19.60, 53.01, -5.00, 0.01, 96.23, -15.39);
insert into SHOT values (1591, 1549, 1550, 3681, 34.10, 83.00, 0.00, 34.09, 82.99, 0.00, 0.01, 306.16, 0.00);
insert into SHOT values (1592, 1550, 1551, 3681, 35.80, 105.00, -4.00, 35.81, 105.01, -4.00, 0.01, 149.15, -18.82);
insert into SHOT values (1593, 1551, 1552, 3681, 25.20, 73.00, 2.00, 25.20, 72.98, 2.00, 0.01, 328.00, 3.85);
insert into SHOT values (1594, 1552, 1553, 3681, 38.40, 97.00, 1.00, 38.40, 97.00, 1.00, 0.00, 114.58, -4.41);
insert into SHOT values (1595, 1553, 1554, 3681, 26.90, 105.00, -4.00, 26.90, 105.01, -3.99, 0.01, 181.34, 53.75);
insert into SHOT values (1596, 1554, 1555, 3681, 27.90, 71.00, 2.00, 27.90, 70.99, 1.99, 0.01, 299.24, -39.60);
insert into SHOT values (1597, 1555, 1556, 3681, 26.80, 84.00, -1.00, 26.80, 84.00, -1.00, 0.00, 137.01, -60.65);
insert into SHOT values (1598, 1556, 1557, 3681, 26.20, 46.00, 27.00, 26.21, 46.01, 27.00, 0.01, 64.02, 33.27);
insert into SHOT values (1599, 1557, 1558, 3681, 17.70, 61.00, 40.00, 17.69, 60.99, 40.00, 0.01, 248.51, -37.33);
insert into SHOT values (1600, 1558, 1559, 3681, 17.50, 69.00, 46.00, 17.50, 68.99, 46.00, 0.00, 14.60, 23.29);
insert into SHOT values (1601, 1559, 1560, 3681, 19.50, 124.00, 30.00, 19.50, 124.02, 29.99, 0.01, 183.18, -0.00);
insert into SCRAPS values (3682, 3678, 'snake_track_s1', 1, 62.89888, 8.50132);
 insert into SURVEY values (3809, 68, 'elevationsurveycheck1', 'elevationsurveycheck1.clearwater_master', NULL);
 insert into CENTRELINE values (3810, 3809, NULL, NULL, NULL, 0.00, 0.00, 0.00);
 insert into CENTRELINE values (3811, 3809, NULL, '2009-02-15', NULL, 415.30, 0.00, 0.00);
 insert into SHOT values (1602, 1561, 1562, 3811, 37.60, 59.00, 6.00, 37.60, 59.00, 6.00, 0.00, 282.57, -5.14);
insert into SHOT values (1603, 1561, 1563, 3811, 38.40, 200.00, 5.00, 38.40, 199.99, 5.00, 0.01, 130.89, 34.09);
insert into SHOT values (1604, 1561, 1564, 3811, 54.00, 197.00, 6.00, 54.00, 197.00, 6.00, 0.01, 146.97, -57.37);
insert into SHOT values (1605, 1561, 1565, 3811, 26.30, 317.00, -24.00, 26.30, 317.01, -24.01, 0.01, 106.03, -24.87);
insert into SHOT values (1606, 1565, 1566, 3811, 18.70, 352.00, -8.00, 18.70, 351.99, -7.99, 0.00, 308.29, 35.51);
insert into SHOT values (1607, 1566, 1567, 3811, 36.20, 256.00, -1.00, 36.20, 255.99, -1.00, 0.00, 189.72, 24.97);
insert into SHOT values (1608, 1567, 1568, 3811, 20.70, 291.00, 2.00, 20.70, 291.02, 1.99, 0.01, 27.94, -18.74);
insert into SHOT values (1609, 1568, 1569, 3811, 47.60, 5.00, 0.00, 47.60, 4.99, 0.00, 0.01, 277.49, 0.00);
insert into SHOT values (1610, 1569, 1570, 3811, 34.10, 249.00, -5.00, 34.10, 248.99, -5.00, 0.01, 147.31, 15.37);
insert into SHOT values (1611, 1570, 1571, 3811, 21.30, 296.00, 0.00, 21.30, 296.01, 0.00, 0.01, 58.01, 0.00);
insert into SHOT values (1612, 1571, 1572, 3811, 28.50, 42.00, -3.00, 28.50, 41.99, -3.00, 0.00, 261.63, 20.87);
insert into SHOT values (1613, 1572, 1573, 3811, 26.40, 73.00, -37.00, 26.40, 73.01, -37.01, 0.01, 211.85, -22.10);
insert into SHOT values (1614, 1573, 1574, 3811, 9.70, 310.00, -9.00, 9.71, 311.49, -8.76, 0.25, 36.48, 8.48);
insert into SHOT values (1615, 1574, 1575, 3811, 15.80, 295.00, -18.00, 15.81, 297.19, -17.79, 0.58, 23.37, 5.20);
insert into SURVEY values (3813, 68, 'elevationsurveycheck2', 'elevationsurveycheck2.clearwater_master', NULL);
 insert into CENTRELINE values (3814, 3813, NULL, NULL, NULL, 0.00, 0.00, 0.00);
 insert into CENTRELINE values (3815, 3813, NULL, '2009-02-15', NULL, 590.60, 0.00, 0.00);
 insert into SHOT values (1616, 1576, 1577, 3815, 46.20, 82.00, 22.00, 46.28, 86.75, 22.68, 3.59, 176.59, 8.55);
insert into SHOT values (1617, 1577, 1578, 3815, 17.80, 130.00, -9.00, 17.84, 132.51, -9.26, 0.78, 219.14, -6.31);
insert into SHOT values (1618, 1578, 1579, 3815, 34.80, 56.00, -13.00, 34.75, 58.10, -14.58, 1.57, 159.77, -35.98);
insert into SHOT values (1619, 1579, 1580, 3815, 12.30, 124.00, -7.00, 12.31, 125.84, -7.19, 0.39, 214.38, -5.98);
insert into SHOT values (1620, 1580, 1581, 3815, 26.00, 75.00, -4.00, 25.96, 77.61, -4.64, 1.22, 169.43, -13.61);
insert into SHOT values (1621, 1581, 1582, 3815, 36.10, 101.00, 19.00, 36.16, 105.55, 18.88, 2.71, 191.61, -1.12);
insert into SHOT values (1622, 1582, 1583, 3815, 15.60, 144.00, 24.00, 15.64, 145.90, 23.35, 0.51, 222.19, -16.61);
insert into SHOT values (1623, 1583, 1584, 3815, 20.30, 181.00, 9.00, 20.40, 182.38, 8.26, 0.56, 255.91, -25.92);
insert into SHOT values (1624, 1584, 1585, 3815, 15.60, 135.00, -1.00, 15.64, 137.20, -1.28, 0.61, 222.87, -7.37);
insert into SHOT values (1625, 1585, 1586, 3815, 44.30, 68.00, -3.00, 44.33, 71.81, -4.02, 3.05, 160.31, -15.05);
insert into SHOT values (1626, 1586, 1587, 3815, 21.50, 69.00, 5.00, 21.43, 70.95, 4.82, 0.73, 165.35, -5.78);
insert into SHOT values (1627, 1587, 1588, 3815, 12.40, 18.00, 7.00, 12.30, 17.59, 6.96, 0.13, 240.07, -9.21);
insert into SHOT values (1628, 1588, 1589, 3815, 21.40, 30.00, -0.50, 21.29, 29.99, -0.89, 0.18, 212.87, -52.53);
insert into SHOT values (1629, 1589, 1590, 3815, 39.70, 58.00, -2.00, 39.65, 60.62, -2.88, 1.91, 151.58, -18.43);
insert into SHOT values (1630, 1590, 1591, 3815, 12.00, 67.00, 0.00, 11.92, 68.08, -0.24, 0.24, 176.66, -11.81);
insert into SHOT values (1631, 1591, 1592, 3815, 23.80, 62.00, 2.00, 23.72, 63.79, 1.67, 0.76, 158.91, -10.67);
insert into SHOT values (1632, 1592, 1593, 3815, 17.40, 66.00, 14.00, 17.31, 67.44, 14.21, 0.44, 169.85, 5.34);
insert into SHOT values (1633, 1593, 1594, 3815, 34.00, 60.00, -6.00, 33.95, 62.38, -7.04, 1.53, 156.24, -23.32);
insert into SHOT values (1634, 1594, 1595, 3815, 21.40, 51.00, -4.00, 21.30, 52.12, -4.58, 0.48, 156.75, -25.75);
insert into SHOT values (1635, 1595, 1596, 3815, 31.10, 80.00, 1.00, 31.09, 83.35, 0.50, 1.84, 171.87, -8.53);
insert into SHOT values (1636, 1596, 1597, 3815, 9.90, 51.00, 3.00, 9.79, 51.56, 2.87, 0.15, 189.30, -11.08);
insert into SHOT values (1637, 1597, 1598, 3815, 14.20, 130.00, 14.00, 14.22, 131.98, 13.67, 0.48, 216.59, -8.96);
insert into SHOT values (1638, 1598, 1599, 3815, 10.20, 56.00, -2.00, 10.10, 56.72, -2.27, 0.17, 183.94, -15.32);
insert into SHOT values (1639, 1599, 1600, 3815, 22.60, 48.00, -1.00, 22.51, 49.00, -1.45, 0.44, 152.49, -23.39);
insert into SHOT values (1640, 1600, 1601, 3815, 16.10, 65.00, -8.00, 16.02, 66.33, -8.54, 0.41, 170.91, -20.00);
insert into SHOT values (1641, 1601, 1602, 3815, 13.90, 134.00, -7.00, 13.93, 136.00, -7.22, 0.48, 222.31, -6.63);
insert into SURVEY values (3817, 68, 'elevationsurveycheck3', 'elevationsurveycheck3.clearwater_master', NULL);
 insert into CENTRELINE values (3818, 3817, NULL, NULL, NULL, 0.00, 0.00, 0.00);
 insert into CENTRELINE values (3819, 3817, NULL, '2009-02-15', NULL, 405.54, 0.00, 0.00);
 insert into SHOT values (1642, 1603, 1604, 3819, 24.14, 285.00, -1.00, 24.14, 285.01, -1.02, 0.01, 51.87, -60.33);
insert into SHOT values (1643, 1604, 1605, 3819, 35.64, 255.00, 0.00, 35.65, 254.99, 0.00, 0.01, 217.74, 0.00);
insert into SHOT values (1644, 1605, 1606, 3819, 45.99, 257.00, 5.00, 45.99, 257.01, 5.00, 0.01, 7.06, 15.45);
insert into SHOT values (1645, 1606, 1607, 3819, 23.20, 255.00, -19.00, 23.19, 254.99, -19.00, 0.01, 106.48, 19.57);
insert into SHOT values (1646, 1607, 1608, 3819, 28.99, 209.00, -3.50, 28.99, 209.00, -3.50, 0.00, 217.46, -4.45);
insert into SHOT values (1647, 1608, 1609, 3819, 17.67, 279.00, 19.50, 17.67, 279.02, 19.51, 0.00, 17.90, 19.64);
insert into SHOT values (1648, 1609, 1610, 3819, 10.54, 302.00, 22.00, 10.54, 302.00, 22.00, 0.00, 299.09, 30.58);
insert into SHOT values (1649, 1610, 1611, 3819, 27.51, 248.00, -6.50, 27.51, 248.00, -6.51, 0.01, 105.92, -62.72);
insert into SHOT values (1650, 1611, 1612, 3819, 44.83, 272.00, -30.50, 44.83, 272.00, -30.49, 0.01, 286.18, 22.90);
insert into SHOT values (1651, 1612, 1613, 3819, 17.96, 346.00, -45.00, 17.96, 346.01, -45.01, 0.00, 136.02, -6.19);
insert into SHOT values (1652, 1613, 1614, 3819, 16.29, 262.00, -18.00, 16.29, 261.98, -17.99, 0.01, 153.18, 42.16);
insert into SHOT values (1653, 1614, 1615, 3819, 43.63, 259.50, -29.00, 43.63, 259.51, -29.01, 0.01, 9.42, -62.14);
insert into SHOT values (1654, 1615, 1616, 3819, 29.51, 249.00, -20.00, 29.51, 249.00, -19.99, 0.00, 212.80, 47.29);
insert into SHOT values (1655, 1616, 1617, 3819, 39.64, 174.00, -1.00, 39.64, 174.00, -1.00, 0.00, 222.35, 23.01);
insert into SURVEY values (3821, 68, 'elevationsurveycheck4', 'elevationsurveycheck4.clearwater_master', NULL);
 insert into CENTRELINE values (3822, 3821, NULL, NULL, NULL, 0.00, 0.00, 0.00);
 insert into CENTRELINE values (3823, 3821, NULL, '2009-02-15', NULL, 540.63, 0.00, 0.00);
 insert into SHOT values (1656, 1618, 1619, 3823, 39.50, 217.00, -1.00, 39.50, 217.00, -1.00, 0.00, 303.96, -15.17);
insert into SHOT values (1657, 1619, 1620, 3823, 27.10, 190.00, 3.00, 27.10, 190.00, 3.00, 0.00, 341.20, 43.11);
insert into SHOT values (1658, 1620, 1621, 3823, 26.23, 214.00, 0.00, 26.23, 213.98, 0.00, 0.01, 119.66, 0.00);
insert into SHOT values (1659, 1621, 1622, 3823, 29.19, 215.00, 0.00, 29.19, 215.01, 0.00, 0.01, 278.17, 0.00);
insert into SHOT values (1660, 1622, 1623, 3823, 21.25, 194.00, 3.00, 21.25, 193.99, 2.99, 0.00, 82.10, -29.18);
insert into SHOT values (1661, 1623, 1624, 3823, 29.45, 190.00, -6.00, 29.45, 190.01, -6.00, 0.01, 312.30, -16.54);
insert into SHOT values (1662, 1624, 1625, 3823, 30.55, 199.00, 7.00, 30.55, 199.00, 6.99, 0.00, 81.81, -57.36);
insert into SHOT values (1663, 1625, 1626, 3823, 29.94, 206.00, 9.00, 29.94, 205.99, 9.01, 0.01, 113.52, 60.89);
insert into SHOT values (1664, 1626, 1627, 3823, 32.18, 225.00, 6.00, 32.18, 225.00, 5.99, 0.00, 45.00, -89.05);
insert into SHOT values (1665, 1627, 1628, 3823, 8.40, 218.00, 4.00, 8.40, 218.02, 4.03, 0.01, 341.79, 50.52);
insert into SHOT values (1666, 1628, 1629, 3823, 36.58, 249.00, -9.00, 36.58, 249.00, -9.00, 0.00, 181.89, 45.94);
insert into SHOT values (1667, 1629, 1630, 3823, 27.81, 236.00, -15.00, 27.81, 236.00, -15.00, 0.00, 357.12, -60.60);
insert into SHOT values (1668, 1630, 1631, 3823, 38.99, 217.00, 7.00, 38.99, 217.00, 7.00, 0.00, 182.34, -27.00);
insert into SHOT values (1669, 1631, 1632, 3823, 34.20, 217.00, -4.00, 34.19, 217.00, -4.01, 0.01, 15.90, -31.47);
insert into SHOT values (1670, 1632, 1633, 3823, 34.68, 232.00, -3.00, 34.68, 231.99, -2.99, 0.01, 174.65, 31.56);
insert into SHOT values (1671, 1633, 1634, 3823, 32.82, 220.00, 3.00, 32.82, 220.01, 3.00, 0.01, 339.79, 17.09);
insert into SHOT values (1672, 1634, 1635, 3823, 39.20, 229.00, -3.00, 39.20, 228.99, -3.01, 0.01, 152.23, -43.98);
insert into SHOT values (1673, 1635, 1636, 3823, 22.56, 212.00, -17.00, 22.56, 212.03, -16.99, 0.01, 309.00, 31.82);
insert into SURVEY values (3825, 68, 'elevationsurveycheck5', 'elevationsurveycheck5.clearwater_master', NULL);
 insert into CENTRELINE values (3826, 3825, NULL, NULL, NULL, 0.00, 0.00, 0.00);
 insert into CENTRELINE values (3827, 3825, NULL, '2009-02-15', NULL, 41.13, 0.00, 0.00);
 insert into SHOT values (1674, 1637, 1638, 3827, 28.42, 233.00, -16.00, 28.42, 233.00, -16.01, 0.01, 296.65, -70.42);
insert into SHOT values (1675, 1638, 1639, 3827, 12.71, 276.00, -35.00, 12.71, 276.01, -35.01, 0.00, 68.71, 1.90);
insert into SURVEY values (3829, 68, 'elevationsurveycheck6', 'elevationsurveycheck6.clearwater_master', NULL);
 insert into CENTRELINE values (3830, 3829, NULL, NULL, NULL, 0.00, 0.00, 0.00);
 insert into CENTRELINE values (3831, 3829, NULL, '2009-02-15', NULL, 554.35, 0.00, 0.00);
 insert into SHOT values (1676, 1640, 1641, 3831, 12.71, 276.00, -35.00, 12.71, 276.01, -35.01, 0.00, 68.71, 1.90);
insert into SHOT values (1677, 1641, 1642, 3831, 43.85, 279.00, -25.00, 43.85, 278.99, -25.00, 0.01, 161.62, 13.88);
insert into SHOT values (1678, 1642, 1643, 3831, 8.30, 250.00, 1.00, 8.30, 249.99, 1.04, 0.01, 226.24, 64.92);
insert into SHOT values (1679, 1643, 1644, 3831, 31.93, 212.00, -10.50, 31.93, 212.01, -10.50, 0.01, 327.63, -12.24);
insert into SHOT values (1680, 1644, 1645, 3831, 15.03, 209.00, 11.50, 15.03, 209.00, 11.51, 0.00, 13.96, 64.31);
insert into SHOT values (1681, 1645, 1646, 3831, 40.24, 206.00, 3.00, 40.24, 205.99, 2.99, 0.01, 109.60, -43.86);
insert into SHOT values (1682, 1646, 1647, 3831, 21.98, 214.00, 1.00, 21.98, 214.00, 1.02, 0.01, 236.89, 81.38);
insert into SHOT values (1683, 1647, 1648, 3831, 32.73, 259.00, -24.00, 32.73, 258.99, -24.01, 0.01, 168.22, -57.16);
insert into SHOT values (1684, 1648, 1649, 3831, 24.02, 177.00, 22.00, 24.02, 177.01, 22.00, 0.01, 274.46, 19.23);
insert into SHOT values (1685, 1649, 1650, 3831, 25.44, 198.00, 6.50, 25.44, 198.00, 6.50, 0.00, 127.16, 5.85);
insert into SHOT values (1686, 1650, 1651, 3831, 30.59, 211.00, 5.50, 30.59, 211.00, 5.50, 0.00, 89.25, -37.75);
insert into SHOT values (1687, 1651, 1652, 3831, 24.73, 226.00, -12.00, 24.73, 226.01, -12.00, 0.00, 8.69, 25.06);
insert into SHOT values (1688, 1652, 1653, 3831, 27.52, 260.00, -19.00, 27.52, 260.00, -19.00, 0.00, 251.45, -4.26);
insert into SHOT values (1689, 1653, 1654, 3831, 18.64, 206.00, 12.00, 18.63, 206.00, 12.02, 0.01, 19.85, 29.86);
insert into SHOT values (1690, 1654, 1655, 3831, 18.88, 183.00, 13.00, 18.89, 182.99, 12.97, 0.01, 163.03, -36.63);
insert into SHOT values (1691, 1655, 1656, 3831, 38.99, 212.00, 0.00, 38.98, 212.00, 0.00, 0.01, 16.05, 0.00);
insert into SHOT values (1692, 1656, 1657, 3831, 21.55, 224.00, -3.00, 21.55, 224.00, -2.98, 0.01, 310.07, 84.03);
insert into SHOT values (1693, 1657, 1658, 3831, 31.59, 216.00, -0.50, 31.59, 216.00, -0.51, 0.01, 211.93, -41.68);
insert into SHOT values (1694, 1658, 1659, 3831, 58.91, 214.00, 0.00, 58.91, 214.00, 0.00, 0.00, 124.21, 0.00);
insert into SHOT values (1695, 1659, 1660, 3831, 14.52, 222.00, -5.00, 14.52, 222.00, -5.02, 0.00, 243.41, -73.46);
insert into SHOT values (1696, 1660, 1661, 3831, 12.20, 299.00, -23.00, 12.20, 299.03, -22.97, 0.01, 21.03, 49.53);
insert into SURVEY values (3833, 68, 'elevationsurveycheck7', 'elevationsurveycheck7.clearwater_master', NULL);
 insert into CENTRELINE values (3834, 3833, NULL, NULL, NULL, 0.00, 0.00, 0.00);
 insert into CENTRELINE values (3835, 3833, NULL, '2009-02-15', NULL, 142.50, 0.00, 0.00);
 insert into SHOT values (1697, 1662, 1663, 3835, 18.50, 321.00, -21.00, 18.50, 320.99, -21.00, 0.00, 200.68, -4.54);
insert into SHOT values (1698, 1663, 1664, 3835, 8.00, 231.00, -23.00, 8.00, 231.06, -23.02, 0.01, 301.55, -26.59);
insert into SHOT values (1699, 1664, 1665, 3835, 2.60, 273.00, -12.00, 2.60, 272.93, -11.99, 0.00, 185.56, 10.38);
insert into SHOT values (1700, 1665, 1666, 3835, 6.50, 221.00, -27.00, 6.50, 221.01, -26.99, 0.00, 336.46, 42.69);
insert into SHOT values (1701, 1666, 1667, 3835, 5.40, 301.00, -24.00, 5.39, 301.04, -24.07, 0.01, 95.08, -22.92);
insert into SHOT values (1702, 1667, 1668, 3835, 17.50, 22.00, -15.00, 17.50, 22.00, -15.01, 0.00, 218.25, -10.45);
insert into SHOT values (1703, 1668, 1669, 3835, 25.40, 41.00, 6.00, 25.40, 40.99, 6.01, 0.01, 334.14, 39.72);
insert into SHOT values (1704, 1669, 1670, 3835, 46.80, 44.00, 0.00, 46.80, 44.00, 0.00, 0.01, 180.13, 0.00);
insert into SHOT values (1705, 1670, 1671, 3835, 11.80, 323.00, -19.00, 11.80, 323.02, -19.00, 0.00, 95.95, 20.55);
insert into SURVEY values (3837, 68, 'berangs_to_inflation', 'berangs_to_inflation.clearwater_master', NULL);
 insert into CENTRELINE values (3838, 3837, NULL, NULL, NULL, 0.00, 0.00, 0.00);
 insert into MAPS values (3839, 3837, 'berangs_to_inflation_m', NULL, 1, 3101.550, 106.040);
 insert into MAPITEMS values (3839, 4, 3841);
 insert into MAPITEMS values (3839, 4, 3853);
 insert into MAPITEMS values (3839, 4, 3870);
 insert into MAPITEMS values (3839, 4, 3903);
 insert into CENTRELINE values (3840, 3837, NULL, '2011-02-19', NULL, 3101.55, 0.00, 0.00);
 insert into PERSON values (4, 'Veno', 'Enar');
insert into TOPO values (4, 3840);
 insert into PERSON values (5, 'Mark', 'Richardson');
insert into TOPO values (5, 3840);
 insert into PERSON values (6, 'Robbie', 'Shone');
insert into TOPO values (6, 3840);
 insert into PERSON values (7, 'Tim', 'allen');
insert into TOPO values (7, 3840);
 insert into SHOT values (1706, 1672, 1673, 3840, 4.40, 298.00, -42.00, 4.41, 298.05, -42.01, 0.01, 329.36, -45.62);
insert into SHOT values (1707, 1673, 1674, 3840, 5.09, 275.00, -71.00, 5.09, 274.85, -71.00, 0.01, 169.31, 30.82);
insert into SHOT values (1708, 1674, 1675, 3840, 9.01, 40.00, -30.00, 9.02, 40.01, -30.01, 0.01, 59.03, -44.26);
insert into SHOT values (1709, 1675, 1676, 3840, 7.73, 295.00, 3.00, 7.73, 294.97, 3.04, 0.01, 238.42, 50.36);
insert into SHOT values (1710, 1676, 1677, 3840, 21.46, 6.00, -4.00, 21.46, 6.01, -4.01, 0.00, 101.17, -52.43);
insert into SHOT values (1711, 1677, 1678, 3840, 23.64, 354.00, -2.00, 23.64, 354.00, -1.99, 0.01, 353.25, 52.53);
insert into SHOT values (1712, 1678, 1679, 3840, 19.88, 40.00, -1.00, 19.87, 40.00, -1.01, 0.01, 225.12, -17.93);
insert into SHOT values (1713, 1679, 1680, 3840, 16.35, 357.00, -0.50, 16.35, 357.02, -0.49, 0.01, 61.85, 22.65);
insert into SHOT values (1714, 1680, 1681, 3840, 20.77, 43.00, -1.00, 20.77, 42.99, -1.02, 0.01, 305.42, -64.29);
insert into SHOT values (1715, 1681, 1682, 3840, 16.47, 73.00, -1.00, 16.47, 73.02, -0.97, 0.01, 156.01, 55.75);
insert into SHOT values (1716, 1682, 1683, 3840, 27.37, 64.00, 1.00, 27.37, 64.00, 0.98, 0.01, 46.12, -55.84);
insert into SHOT values (1717, 1683, 1684, 3840, 18.41, 20.00, 0.00, 18.41, 19.98, 0.00, 0.01, 272.25, 0.00);
insert into SHOT values (1718, 1684, 1685, 3840, 10.76, 51.00, -9.00, 10.76, 51.00, -8.98, 0.00, 24.59, 57.40);
insert into SHOT values (1719, 1685, 1686, 3840, 23.80, 285.00, -2.00, 23.79, 284.99, -2.00, 0.01, 140.68, 4.38);
insert into SHOT values (1720, 1686, 1687, 3840, 27.88, 302.00, 1.00, 27.88, 302.01, 1.01, 0.01, 359.86, 22.93);
insert into SHOT values (1721, 1687, 1688, 3840, 13.81, 28.00, 0.00, 13.81, 27.99, 0.00, 0.00, 224.14, 0.00);
insert into SHOT values (1722, 1688, 1689, 3840, 28.73, 20.00, 0.00, 28.73, 20.01, 0.00, 0.00, 55.03, 0.00);
insert into SHOT values (1723, 1689, 1690, 3840, 32.29, 30.00, -2.00, 32.28, 30.00, -2.01, 0.01, 216.72, -19.71);
insert into SHOT values (1724, 1690, 1691, 3840, 25.07, 121.00, 1.00, 25.07, 121.00, 1.01, 0.00, 89.47, 31.12);
insert into SHOT values (1725, 1691, 1692, 3840, 25.80, 60.00, 0.00, 25.80, 60.00, 0.00, 0.00, 270.00, 0.00);
insert into SHOT values (1726, 1692, 1693, 3840, 12.24, 2.00, -5.00, 12.24, 2.02, -5.01, 0.01, 48.05, -28.21);
insert into SHOT values (1727, 1693, 1694, 3840, 9.82, 44.00, 0.00, 9.82, 44.01, 0.00, 0.00, 201.53, 0.00);
insert into SHOT values (1728, 1694, 1695, 3840, 21.61, 6.00, 0.00, 21.62, 6.00, 0.00, 0.01, 7.74, 0.00);
insert into SHOT values (1729, 1695, 1696, 3840, 14.32, 19.00, 4.00, 14.31, 19.01, 4.01, 0.01, 186.50, 8.97);
insert into SHOT values (1730, 1696, 1697, 3840, 39.50, 34.00, -1.00, 39.50, 34.00, -1.00, 0.01, 247.23, -6.96);
insert into SHOT values (1731, 1697, 1698, 3840, 21.07, 20.00, -2.00, 21.07, 19.99, -2.01, 0.01, 324.20, -54.13);
insert into SHOT values (1732, 1698, 1699, 3840, 36.24, 95.00, 0.00, 36.25, 95.00, 0.00, 0.01, 100.58, 0.00);
insert into SHOT values (1733, 1699, 1700, 3840, 20.63, 103.00, -4.00, 20.63, 103.00, -3.98, 0.01, 256.15, 75.44);
insert into SHOT values (1734, 1700, 1701, 3840, 32.24, 66.00, -1.00, 32.24, 66.00, -1.01, 0.01, 123.81, -73.72);
insert into SHOT values (1735, 1701, 1702, 3840, 35.80, 39.00, -2.00, 35.80, 38.99, -2.00, 0.01, 310.75, -4.36);
insert into SHOT values (1736, 1703, 1704, 3840, 22.98, 115.00, -4.00, 22.98, 114.98, -4.02, 0.01, 24.99, -38.02);
insert into SHOT values (1737, 1704, 1705, 3840, 21.05, 193.00, -1.50, 21.06, 192.99, -1.50, 0.01, 151.18, 7.82);
insert into SHOT values (1738, 1705, 1706, 3840, 39.68, 138.00, 5.00, 39.68, 137.99, 5.00, 0.01, 359.33, 16.03);
insert into SHOT values (1739, 1706, 1707, 3840, 42.12, 188.00, 0.00, 42.12, 188.01, 0.00, 0.01, 270.65, 0.00);
insert into SHOT values (1740, 1707, 1708, 3840, 21.74, 229.00, -6.00, 21.74, 228.98, -5.99, 0.01, 125.78, 14.83);
insert into SHOT values (1741, 1708, 1709, 3840, 26.94, 293.00, 1.50, 26.94, 292.99, 1.49, 0.01, 182.07, -62.67);
insert into SHOT values (1742, 1709, 1710, 3840, 20.89, 225.00, 0.00, 20.90, 225.02, 0.00, 0.01, 279.71, 0.00);
insert into SHOT values (1743, 1710, 1711, 3840, 45.91, 273.00, 0.50, 45.91, 273.01, 0.50, 0.01, 35.99, -4.00);
insert into SHOT values (1744, 1711, 1702, 3840, 33.18, 239.00, 1.00, 33.18, 239.00, 1.00, 0.01, 224.05, 10.40);
insert into SHOT values (1745, 1703, 1712, 3840, 9.97, 240.00, 7.00, 9.97, 240.04, 6.97, 0.01, 359.38, -32.71);
insert into SHOT values (1746, 1712, 1713, 3840, 11.29, 264.00, 5.00, 11.29, 263.97, 5.03, 0.01, 128.81, 40.81);
insert into SHOT values (1747, 1713, 1714, 3840, 27.78, 280.00, -7.00, 27.79, 280.00, -7.01, 0.01, 288.63, -35.39);
insert into SHOT values (1748, 1714, 1715, 3840, 15.29, 265.00, -23.00, 15.29, 264.99, -22.99, 0.01, 163.87, 51.03);
insert into SHOT values (1749, 1715, 1716, 3840, 43.31, 287.00, 0.00, 43.30, 287.00, 0.00, 0.01, 109.11, 0.00);
insert into SHOT values (1750, 1716, 1717, 3840, 38.22, 259.00, 0.00, 38.22, 259.00, 0.00, 0.00, 320.92, 0.00);
insert into SHOT values (1751, 1717, 1718, 3840, 28.89, 280.00, -3.00, 28.89, 280.00, -3.02, 0.01, 85.13, -75.23);
insert into SHOT values (1752, 1718, 1719, 3840, 17.48, 252.00, -2.00, 17.49, 252.00, -2.00, 0.01, 253.53, 0.42);
insert into SHOT values (1753, 1719, 1720, 3840, 22.73, 257.00, 0.00, 22.73, 257.01, 0.00, 0.00, 320.70, 0.00);
insert into SHOT values (1754, 1720, 1721, 3840, 29.84, 262.00, 1.00, 29.83, 262.00, 1.00, 0.01, 65.79, -7.94);
insert into SHOT values (1755, 1721, 1722, 3840, 12.06, 263.00, -3.00, 12.07, 262.99, -2.99, 0.01, 250.18, 9.93);
insert into SHOT values (1756, 1722, 1723, 3840, 34.44, 241.00, -3.00, 34.44, 241.01, -3.00, 0.00, 8.92, 31.43);
insert into SHOT values (1757, 1723, 1724, 3840, 41.14, 271.00, 2.00, 41.13, 270.99, 2.01, 0.01, 131.05, 20.21);
insert into SHOT values (1758, 1724, 1725, 3840, 8.48, 275.00, 9.00, 8.49, 275.00, 8.95, 0.01, 270.17, -46.29);
insert into SHOT values (1759, 1725, 1726, 3840, 34.40, 281.00, -9.00, 34.40, 281.01, -9.00, 0.01, 17.75, 10.40);
insert into SHOT values (1760, 1726, 1727, 3840, 36.16, 300.00, 5.00, 36.16, 300.00, 5.00, 0.00, 251.97, -21.81);
insert into SHOT values (1761, 1727, 1728, 3840, 31.48, 257.00, 9.00, 31.48, 256.99, 9.01, 0.01, 135.98, 34.36);
insert into SHOT values (1762, 1729, 1730, 3840, 20.96, 352.00, 1.50, 20.96, 351.99, 1.50, 0.00, 285.55, 18.07);
insert into SHOT values (1763, 1730, 1731, 3840, 46.00, 58.00, 2.00, 46.00, 58.00, 2.01, 0.01, 112.03, 50.35);
insert into SHOT values (1764, 1731, 1732, 3840, 20.09, 17.00, -40.00, 20.10, 17.00, -40.01, 0.01, 9.68, -67.36);
insert into SHOT values (1765, 1732, 1733, 3840, 24.40, 103.00, 5.00, 24.40, 103.01, 5.01, 0.01, 243.43, 36.16);
insert into SHOT values (1766, 1733, 1734, 3840, 21.60, 126.00, 10.00, 21.60, 125.99, 10.00, 0.00, 12.29, -13.42);
insert into SHOT values (1767, 1734, 1735, 3840, 27.18, 58.00, -19.00, 27.18, 57.99, -19.00, 0.00, 289.88, -13.47);
insert into SHOT values (1768, 1735, 1728, 3840, 11.86, 15.00, -35.00, 11.86, 15.04, -35.00, 0.01, 126.58, 20.79);
insert into SHOT values (1769, 1729, 1736, 3840, 35.14, 161.00, 27.00, 35.14, 161.00, 27.01, 0.01, 319.68, 51.16);
insert into SHOT values (1770, 1736, 1737, 3840, 32.78, 85.00, 19.00, 32.78, 85.00, 18.99, 0.00, 108.87, -27.61);
insert into SHOT values (1771, 1737, 1738, 3840, 22.66, 73.00, 20.00, 22.66, 72.99, 20.00, 0.01, 325.61, -1.89);
insert into SHOT values (1772, 1738, 1739, 3840, 10.09, 85.00, 23.00, 10.09, 85.00, 22.99, 0.00, 281.24, -43.61);
insert into SHOT values (1773, 1739, 1740, 3840, 6.37, 33.00, 1.00, 6.37, 33.02, 0.99, 0.00, 142.19, -31.38);
insert into SHOT values (1774, 1740, 1741, 3840, 19.29, 49.00, 8.50, 19.29, 49.02, 8.50, 0.01, 166.21, -10.74);
insert into SHOT values (1775, 1741, 1742, 3840, 21.50, 0.00, -7.50, 21.50, 0.00, -7.48, 0.01, 0.00, 58.06);
insert into SHOT values (1776, 1742, 1743, 3840, 60.90, 45.00, 1.00, 60.90, 44.99, 1.00, 0.01, 301.03, -21.37);
insert into SHOT values (1777, 1743, 1744, 3840, 20.09, 13.00, 5.00, 20.09, 13.02, 5.00, 0.01, 94.37, -6.87);
insert into SHOT values (1778, 1744, 1745, 3840, 30.30, 273.00, 23.00, 30.31, 273.00, 23.00, 0.01, 272.33, 6.96);
insert into SHOT values (1779, 1745, 1746, 3840, 15.97, 243.00, -1.00, 15.96, 242.99, -1.00, 0.01, 96.93, -10.04);
insert into SHOT values (1780, 1746, 1747, 3840, 57.06, 263.00, 2.00, 57.06, 263.00, 2.00, 0.00, 153.76, -73.13);
insert into SHOT values (1781, 1747, 1748, 3840, 84.22, 264.00, 4.50, 84.22, 264.00, 4.50, 0.00, 173.40, 29.94);
insert into SHOT values (1782, 1748, 1749, 3840, 41.36, 270.00, -1.00, 41.37, 270.00, -1.00, 0.01, 270.00, 16.21);
insert into SHOT values (1783, 1749, 1750, 3840, 42.76, 335.00, -30.00, 42.76, 335.00, -30.00, 0.00, 177.29, 0.00);
insert into SHOT values (1784, 1750, 1751, 3840, 29.80, 39.00, 6.00, 29.80, 38.99, 5.99, 0.01, 352.71, -31.80);
insert into SHOT values (1785, 1751, 1752, 3840, 8.81, 128.00, 8.00, 8.82, 128.02, 8.02, 0.01, 149.50, 20.81);
insert into SHOT values (1786, 1752, 1753, 3840, 25.68, 33.00, 2.00, 25.69, 33.00, 1.99, 0.01, 19.87, -43.99);
insert into SHOT values (1787, 1753, 1754, 3840, 56.63, 38.00, -1.00, 56.63, 37.99, -0.99, 0.01, 280.32, 40.49);
insert into SHOT values (1788, 1754, 1755, 3840, 52.02, 57.00, -8.00, 52.02, 57.01, -8.00, 0.01, 132.67, -1.31);
insert into SHOT values (1789, 1755, 1756, 3840, 36.16, 15.00, -6.00, 36.16, 15.00, -6.00, 0.00, 34.43, -3.42);
insert into SHOT values (1790, 1756, 1757, 3840, 42.65, 3.00, 1.00, 42.64, 3.00, 0.99, 0.01, 199.46, -38.98);
insert into SHOT values (1791, 1757, 1758, 3840, 16.37, 12.00, 12.00, 16.38, 12.00, 11.98, 0.01, 6.43, -24.59);
insert into SHOT values (1792, 1758, 1759, 3840, 18.22, 83.00, -3.00, 18.22, 83.02, -2.99, 0.01, 175.43, 25.58);
insert into SHOT values (1793, 1759, 1760, 3840, 35.00, 46.00, -10.00, 35.00, 45.99, -10.00, 0.01, 325.19, -16.71);
insert into SHOT values (1794, 1760, 1761, 3840, 36.37, 28.00, 0.00, 36.37, 28.00, 0.00, 0.01, 239.08, 0.00);
insert into SHOT values (1795, 1761, 1762, 3840, 49.90, 33.00, -2.00, 49.91, 33.01, -2.00, 0.01, 57.25, 7.84);
insert into SHOT values (1796, 1762, 1763, 3840, 32.00, 36.00, -1.00, 31.99, 36.00, -1.00, 0.01, 233.70, -11.09);
insert into SHOT values (1797, 1763, 1764, 3840, 15.63, 5.00, -12.00, 15.63, 4.99, -12.00, 0.00, 263.78, -7.78);
insert into SHOT values (1798, 1764, 1765, 3840, 8.36, 21.00, -30.00, 8.36, 21.04, -29.99, 0.01, 80.55, 0.00);
insert into SHOT values (1799, 1765, 1766, 3840, 35.55, 35.00, -5.00, 35.55, 35.00, -4.99, 0.01, 269.22, 70.01);
insert into SHOT values (1800, 1765, 1767, 3840, 15.80, 346.00, -44.00, 15.80, 346.00, -43.98, 0.01, 348.35, 69.63);
insert into SHOT values (1801, 1767, 1768, 3840, 54.34, 280.00, -28.00, 54.34, 280.00, -28.00, 0.00, 163.35, 34.18);
insert into SHOT values (1802, 1768, 1769, 3840, 54.47, 218.00, -5.00, 54.47, 218.00, -5.00, 0.00, 261.26, -45.73);
insert into SHOT values (1803, 1769, 1770, 3840, 21.62, 197.00, 10.00, 21.62, 196.99, 9.99, 0.01, 76.57, -39.49);
insert into SHOT values (1804, 1770, 1771, 3840, 43.15, 213.00, 0.00, 43.15, 213.00, 0.00, 0.00, 139.29, 0.00);
insert into SHOT values (1805, 1771, 1772, 3840, 33.28, 261.00, -24.00, 33.28, 260.99, -23.99, 0.01, 200.97, 55.64);
insert into SHOT values (1806, 1772, 1773, 3840, 23.41, 177.00, 21.00, 23.41, 177.01, 21.01, 0.01, 323.60, 5.40);
insert into SHOT values (1807, 1773, 1774, 3840, 26.32, 195.00, 7.00, 26.33, 194.99, 7.00, 0.01, 168.05, 20.33);
insert into SHOT values (1808, 1774, 1775, 3840, 51.20, 222.00, -2.00, 51.20, 222.01, -2.00, 0.01, 346.67, -27.67);
insert into SHOT values (1809, 1775, 1776, 3840, 42.79, 232.00, -8.00, 42.79, 232.00, -8.01, 0.01, 159.56, -63.60);
insert into SHOT values (1810, 1776, 1777, 3840, 19.10, 183.00, 10.00, 19.10, 182.99, 10.01, 0.01, 47.57, 28.95);
insert into SHOT values (1811, 1777, 1778, 3840, 39.02, 211.00, 0.00, 39.02, 211.00, 0.00, 0.00, 223.97, 0.00);
insert into SHOT values (1812, 1778, 1779, 3840, 53.69, 220.00, -1.00, 53.69, 220.01, -1.00, 0.01, 303.71, -31.86);
insert into SHOT values (1813, 1779, 1780, 3840, 58.90, 214.00, -1.00, 58.91, 213.99, -1.00, 0.01, 168.53, -15.77);
insert into SHOT values (1814, 1780, 1781, 3840, 14.56, 223.00, -9.00, 14.56, 223.03, -8.97, 0.01, 342.35, 44.67);
insert into SHOT values (1815, 1781, 1782, 3840, 25.64, 309.00, -27.00, 25.63, 308.99, -27.01, 0.01, 149.23, 2.20);
insert into SHOT values (1816, 1782, 1783, 3840, 6.37, 304.00, -20.00, 6.37, 304.04, -20.01, 0.00, 42.04, -19.72);
insert into SHOT values (1817, 1783, 1784, 3840, 6.52, 230.00, -24.00, 6.53, 230.03, -23.96, 0.01, 259.35, 14.71);
insert into SCRAPS values (3841, 3837, 'BerangsSP1', 1, 18.26324, 7.97045);
 insert into SCRAPS values (3853, 3837, 'BerangsSP2', 1, 22.68839, 1.42323);
 insert into SCRAPS values (3870, 3837, 'BerangsSP3', 1, 30.66267, 1.79009);
 insert into SCRAPS values (3903, 3837, 'BerangsSP6', 1, 15.68298, 1.64610);
 insert into SURVEY values (3914, 68, 'upskirt', 'upskirt.clearwater_master', NULL);
 insert into CENTRELINE values (3915, 3914, NULL, NULL, NULL, 0.00, 0.00, 0.00);
 insert into CENTRELINE values (3916, 3914, NULL, '2014-04-23', NULL, 954.71, 0.00, 0.00);
 insert into PERSON values (8, 'Colin', 'Boothroyd');
insert into TOPO values (8, 3916);
 insert into PERSON values (9, 'Dave', 'Nixon');
insert into TOPO values (9, 3916);
 insert into PERSON values (10, 'Tony', 'White');
insert into TOPO values (10, 3916);
 insert into SHOT values (1818, 1785, 1786, 3916, 28.30, 301.00, 83.00, 28.30, 300.96, 83.02, 0.01, 135.13, 6.05);
insert into SHOT values (1819, 1786, 1787, 3916, 20.60, 37.50, 1.50, 20.60, 37.48, 1.50, 0.01, 292.17, 6.45);
insert into SHOT values (1820, 1787, 1788, 3916, 25.80, 219.78, -7.14, 25.80, 219.79, -7.15, 0.00, 358.43, -40.74);
insert into SHOT values (1821, 1787, 1789, 3916, 16.89, 31.13, 6.85, 16.89, 31.14, 6.84, 0.01, 173.64, -44.19);
insert into SHOT values (1822, 1789, 1790, 3916, 11.51, 17.36, 2.96, 11.51, 17.36, 2.99, 0.01, 164.50, 79.06);
insert into SHOT values (1823, 1790, 1791, 3916, 22.14, 66.73, 39.83, 22.14, 66.72, 39.83, 0.00, 13.50, -17.02);
insert into SHOT values (1824, 1790, 1792, 3916, 12.92, 14.30, 31.66, 12.92, 14.31, 31.64, 0.01, 46.38, -15.51);
insert into SHOT values (1825, 1792, 1793, 3916, 18.41, 13.75, 4.25, 18.41, 13.74, 4.24, 0.01, 229.33, -41.15);
insert into SHOT values (1826, 1793, 1794, 3916, 5.64, 72.26, -9.26, 5.64, 72.22, -9.19, 0.01, 335.11, 60.39);
insert into SHOT values (1827, 1794, 1795, 3916, 14.32, 42.10, 0.07, 14.32, 42.09, 0.04, 0.01, 354.17, -56.61);
insert into SHOT values (1828, 1795, 1796, 3916, 14.40, 23.82, -2.96, 14.40, 23.84, -2.95, 0.01, 160.07, 30.19);
insert into SHOT values (1829, 1796, 1797, 3916, 13.02, 37.02, -0.31, 13.02, 37.01, -0.31, 0.00, 10.40, 5.37);
insert into SHOT values (1830, 1797, 1798, 3916, 19.15, 0.95, -5.89, 19.14, 0.96, -5.91, 0.01, 146.42, -32.73);
insert into SHOT values (1831, 1798, 1799, 3916, 19.95, 7.44, 11.32, 19.95, 7.43, 11.33, 0.01, 312.70, 44.47);
insert into SHOT values (1832, 1799, 1800, 3916, 16.04, 31.72, -8.72, 16.04, 31.73, -8.71, 0.01, 48.73, 17.65);
insert into SHOT values (1833, 1800, 1801, 3916, 18.92, 2.89, -4.11, 18.91, 2.89, -4.12, 0.01, 191.30, -27.96);
insert into SHOT values (1834, 1801, 1802, 3916, 15.99, 24.48, 0.31, 15.99, 24.45, 0.32, 0.01, 322.87, 20.04);
insert into SHOT values (1835, 1802, 1803, 3916, 5.98, 50.85, 8.77, 5.98, 50.90, 8.75, 0.01, 101.29, -14.34);
insert into SHOT values (1836, 1803, 1804, 3916, 30.03, 11.08, -16.66, 30.03, 11.08, -16.66, 0.00, 160.67, -10.93);
insert into SHOT values (1837, 1804, 1805, 3916, 18.66, 36.59, 2.64, 18.66, 36.58, 2.64, 0.00, 341.45, 8.18);
insert into SHOT values (1838, 1805, 1806, 3916, 28.33, 346.81, -31.49, 28.33, 346.79, -31.49, 0.01, 265.78, -13.46);
insert into SHOT values (1839, 1806, 1807, 3916, 32.51, 57.46, 29.89, 32.51, 57.46, 29.89, 0.00, 232.62, -37.49);
insert into SHOT values (1840, 1807, 1808, 3916, 6.22, 7.85, 7.72, 6.22, 7.93, 7.77, 0.01, 125.67, 23.89);
insert into SHOT values (1841, 1808, 1809, 3916, 16.54, 48.94, 32.49, 16.54, 48.92, 32.47, 0.01, 4.21, -36.17);
insert into SHOT values (1842, 1809, 1810, 3916, 6.45, 34.98, -2.22, 6.45, 34.95, -2.22, 0.01, 260.19, -1.70);
insert into SHOT values (1843, 1810, 1811, 3916, 9.00, 15.75, -8.52, 9.00, 15.77, -8.49, 0.01, 48.82, 32.57);
insert into SHOT values (1844, 1811, 1812, 3916, 11.46, 2.91, -18.94, 11.45, 2.91, -18.95, 0.01, 183.02, -3.47);
insert into SHOT values (1845, 1812, 1813, 3916, 7.28, 0.27, -4.40, 7.28, 0.24, -4.41, 0.00, 290.07, -18.36);
insert into SHOT values (1846, 1813, 1814, 3916, 37.02, 22.93, -1.69, 37.02, 22.93, -1.69, 0.00, 88.23, 30.33);
insert into SHOT values (1847, 1814, 1815, 3916, 13.63, 343.74, -29.04, 13.63, 343.72, -29.05, 0.01, 273.26, -47.27);
insert into SHOT values (1848, 1815, 1816, 3916, 13.02, 27.56, -9.50, 13.01, 27.56, -9.46, 0.01, 198.61, 63.15);
insert into SHOT values (1849, 1816, 1817, 3916, 16.15, 64.60, 30.63, 16.15, 64.61, 30.59, 0.01, 96.64, -51.14);
insert into SHOT values (1850, 1817, 1818, 3916, 5.01, 353.88, -0.47, 5.02, 353.82, -0.46, 0.01, 325.94, 5.95);
insert into SHOT values (1851, 1818, 1819, 3916, 24.60, 28.00, 2.12, 24.59, 28.00, 2.12, 0.01, 190.99, -0.16);
insert into SHOT values (1852, 1819, 1820, 3916, 17.38, 344.01, -22.11, 17.38, 344.03, -22.11, 0.01, 79.26, 15.59);
insert into SHOT values (1853, 1820, 1821, 3916, 19.55, 31.46, -0.93, 19.55, 31.46, -0.94, 0.01, 204.73, -31.10);
insert into SHOT values (1854, 1821, 1822, 3916, 12.40, 30.77, 12.85, 12.40, 30.74, 12.86, 0.01, 296.27, 22.45);
insert into SHOT values (1855, 1822, 1823, 3916, 31.79, 20.23, -3.71, 31.79, 20.23, -3.71, 0.00, 6.19, -39.70);
insert into SHOT values (1856, 1823, 1824, 3916, 4.56, 34.29, 10.61, 4.56, 34.36, 10.61, 0.01, 121.86, 3.96);
insert into SHOT values (1857, 1824, 1825, 3916, 20.08, 342.17, -30.62, 20.08, 342.17, -30.60, 0.01, 98.11, 81.90);
insert into SHOT values (1858, 1825, 1826, 3916, 10.04, 309.40, -20.40, 10.04, 309.39, -20.41, 0.00, 151.09, -5.59);
insert into SHOT values (1859, 1826, 1827, 3916, 17.63, 291.18, -4.36, 17.63, 291.21, -4.36, 0.01, 9.87, 1.84);
insert into SHOT values (1860, 1827, 1828, 3916, 10.15, 243.02, -22.43, 10.16, 243.03, -22.45, 0.01, 248.57, -36.80);
insert into SHOT values (1861, 1828, 1829, 3916, 11.21, 302.28, 9.17, 11.21, 302.30, 9.19, 0.01, 92.43, 29.01);
insert into SHOT values (1862, 1829, 1830, 3916, 12.10, 337.48, -7.80, 12.10, 337.48, -7.79, 0.00, 159.10, 27.27);
insert into SHOT values (1863, 1826, 1831, 3916, 8.81, 339.68, 31.64, 8.82, 339.66, 31.60, 0.01, 319.54, -10.65);
insert into SHOT values (1864, 1831, 1832, 3916, 10.34, 357.49, -22.28, 10.34, 357.48, -22.28, 0.00, 319.38, 8.95);
insert into SHOT values (1865, 1832, 1833, 3916, 15.95, 2.89, -6.46, 15.95, 2.89, -6.48, 0.01, 33.02, -72.70);
insert into SHOT values (1866, 1833, 1834, 3916, 9.65, 347.95, -12.82, 9.65, 347.97, -12.82, 0.01, 115.85, 14.20);
insert into SHOT values (1867, 1834, 1835, 3916, 11.64, 353.50, -39.35, 11.64, 353.49, -39.36, 0.00, 198.16, 6.95);
insert into SHOT values (1868, 1835, 1836, 3916, 10.82, 23.88, 3.02, 10.82, 23.86, 3.02, 0.00, 269.76, -0.65);
insert into SHOT values (1869, 1836, 1837, 3916, 15.35, 31.86, 11.19, 15.35, 31.86, 11.19, 0.00, 73.43, 34.01);
insert into SHOT values (1870, 1833, 1838, 3916, 8.92, 161.00, 5.54, 8.92, 161.01, 5.53, 0.01, 185.35, -11.96);
insert into SHOT values (1871, 1838, 1839, 3916, 16.13, 143.22, 20.41, 16.13, 143.23, 20.43, 0.01, 217.42, 64.17);
insert into SHOT values (1872, 1839, 1840, 3916, 4.13, 160.68, -12.07, 4.13, 160.62, -12.02, 0.01, 71.75, 41.89);
insert into SHOT values (1873, 1840, 1841, 3916, 9.82, 185.97, -0.58, 9.81, 185.97, -0.58, 0.01, 11.80, -5.33);
insert into SHOT values (1874, 1841, 1842, 3916, 21.72, 106.06, 39.60, 21.72, 106.06, 39.59, 0.01, 264.91, -63.56);
insert into SHOT values (1875, 1842, 1843, 3916, 9.18, 15.84, 0.76, 9.18, 15.87, 0.75, 0.00, 98.02, -21.13);
insert into SHOT values (1876, 1843, 1844, 3916, 11.26, 8.81, 20.00, 11.25, 8.81, 20.01, 0.01, 185.23, -10.60);
insert into SHOT values (1877, 1844, 1845, 3916, 14.23, 35.00, 11.41, 14.23, 34.99, 11.43, 0.01, 349.89, 51.50);
insert into SHOT values (1878, 1845, 1846, 3916, 6.90, 357.27, 43.67, 6.89, 357.24, 43.67, 0.01, 203.29, -37.78);
insert into SHOT values (1879, 1842, 1847, 3916, 14.70, 224.19, -12.08, 14.70, 224.18, -12.05, 0.01, 187.66, 64.40);
insert into SHOT values (1880, 1847, 1848, 3916, 12.38, 214.11, -12.76, 12.38, 214.10, -12.78, 0.01, 160.56, -60.94);
insert into SHOT values (1881, 1787, 1849, 3916, 5.54, 324.04, 87.99, 5.54, 325.49, 87.99, 0.01, 56.45, 34.70);
insert into SHOT values (1882, 1787, 1850, 3916, 9.00, 171.46, 56.76, 9.00, 171.49, 56.76, 0.00, 242.14, 41.10);
insert into SHOT values (1883, 1787, 1851, 3916, 0.72, 312.80, -76.40, 0.72, 312.51, -76.91, 0.01, 140.00, -1.64);
insert into SHOT values (1884, 1787, 1852, 3916, 2.60, 102.90, 14.75, 2.60, 102.88, 14.71, 0.00, 326.93, -51.24);
insert into SHOT values (1885, 1787, 1853, 3916, 26.86, 206.36, 6.23, 26.86, 206.34, 6.22, 0.01, 131.32, -32.69);
insert into SHOT values (1886, 1787, 1854, 3916, 13.03, 204.01, 29.94, 13.03, 203.98, 29.92, 0.01, 143.55, -23.64);
insert into SHOT values (1887, 1787, 1855, 3916, 21.45, 188.05, 25.71, 21.45, 188.03, 25.69, 0.01, 121.64, -35.38);
insert into SHOT values (1888, 1787, 1856, 3916, 1.86, 174.64, -12.88, 1.87, 174.63, -13.01, 0.01, 172.49, -48.49);
insert into SHOT values (1889, 1787, 1857, 3916, 5.55, 303.81, 2.32, 5.55, 303.75, 2.27, 0.01, 202.40, -37.06);
insert into SHOT values (1890, 1787, 1858, 3916, 8.84, 263.24, -12.52, 8.84, 263.21, -12.54, 0.01, 182.83, -41.17);
insert into SHOT values (1891, 1787, 1859, 3916, 18.34, 245.20, -13.29, 18.34, 245.19, -13.30, 0.01, 139.70, -43.05);
insert into SHOT values (1892, 1787, 1860, 3916, 21.10, 229.77, -4.81, 21.10, 229.77, -4.81, 0.00, 100.15, -17.80);
insert into SHOT values (1893, 1787, 1861, 3916, 8.04, 344.36, -7.66, 8.04, 344.34, -7.65, 0.00, 209.43, 24.47);
insert into SHOT values (1894, 1793, 1862, 3916, 4.12, 109.81, 68.93, 4.13, 109.65, 68.89, 0.01, 73.06, 38.85);
insert into SHOT values (1895, 1793, 1863, 3916, 2.00, 87.95, -66.64, 1.99, 87.83, -66.64, 0.01, 303.08, 63.74);
insert into SHOT values (1896, 1793, 1864, 3916, 2.38, 338.36, -9.89, 2.38, 338.47, -9.92, 0.00, 82.39, -14.59);
insert into SHOT values (1897, 1793, 1865, 3916, 4.09, 122.06, 2.95, 4.08, 121.98, 2.95, 0.01, 348.51, -3.38);
insert into SHOT values (1898, 1793, 1866, 3916, 11.97, 152.41, 33.15, 11.97, 152.41, 33.17, 0.01, 325.07, 59.25);
insert into SHOT values (1899, 1794, 1867, 3916, 4.56, 152.96, 45.47, 4.56, 152.87, 45.42, 0.01, 105.38, -6.62);
insert into SHOT values (1900, 1794, 1868, 3916, 5.40, 268.13, 87.17, 5.40, 267.80, 87.24, 0.01, 101.36, -27.35);
insert into SHOT values (1901, 1794, 1869, 3916, 5.09, 17.45, -69.97, 5.10, 17.71, -70.01, 0.01, 113.64, -45.04);
insert into SHOT values (1902, 1794, 1870, 3916, 6.27, 324.35, 11.43, 6.27, 324.34, 11.42, 0.01, 154.27, -30.24);
insert into SHOT values (1903, 1794, 1871, 3916, 19.04, 105.05, 31.98, 19.04, 105.03, 31.97, 0.01, 44.80, -38.18);
insert into SHOT values (1904, 1801, 1872, 3916, 4.79, 98.33, 77.25, 4.79, 98.21, 77.32, 0.01, 297.77, -15.60);
insert into SHOT values (1905, 1801, 1873, 3916, 1.68, 43.51, -62.20, 1.68, 43.45, -62.05, 0.01, 17.66, 73.31);
insert into SHOT values (1906, 1801, 1874, 3916, 0.69, 293.09, 16.94, 0.69, 293.09, 16.78, 0.00, 292.03, -18.99);
insert into SHOT values (1907, 1801, 1875, 3916, 8.60, 93.31, 30.39, 8.59, 93.25, 30.41, 0.01, 324.21, -3.32);
insert into SHOT values (1908, 1801, 1876, 3916, 30.66, 86.72, 40.02, 30.66, 86.70, 40.03, 0.01, 346.51, 30.19);
insert into SHOT values (1909, 1805, 1877, 3916, 0.86, 80.11, 45.86, 0.86, 80.38, 46.01, 0.00, 180.31, 44.61);
insert into SHOT values (1910, 1805, 1878, 3916, 5.28, 292.54, 56.71, 5.28, 292.50, 56.66, 0.00, 254.58, -46.13);
insert into SHOT values (1911, 1805, 1879, 3916, 5.95, 304.19, -51.00, 5.95, 304.11, -50.98, 0.01, 212.68, 39.14);
insert into SHOT values (1912, 1805, 1880, 3916, 6.90, 295.31, -5.40, 6.90, 295.26, -5.41, 0.01, 180.24, -5.51);
insert into SHOT values (1913, 1806, 1881, 3916, 3.80, 328.73, 86.27, 3.80, 330.26, 86.35, 0.01, 98.86, -13.04);
insert into SHOT values (1914, 1806, 1882, 3916, 11.59, 241.58, 51.83, 11.59, 241.57, 51.82, 0.00, 209.87, -55.25);
insert into SHOT values (1915, 1806, 1883, 3916, 16.60, 271.24, 46.83, 16.60, 271.21, 46.85, 0.01, 142.16, 23.46);
insert into SHOT values (1916, 1806, 1884, 3916, 11.65, 67.62, 55.35, 11.66, 67.65, 55.35, 0.01, 110.94, 48.46);
insert into SHOT values (1917, 1806, 1885, 3916, 5.61, 76.42, 62.35, 5.61, 76.44, 62.36, 0.00, 206.50, 24.82);
insert into SHOT values (1918, 1806, 1886, 3916, 9.77, 197.31, 60.39, 9.77, 197.23, 60.41, 0.01, 101.96, 42.29);
insert into SHOT values (1919, 1806, 1887, 3916, 5.98, 322.75, -60.00, 5.98, 322.75, -60.01, 0.00, 254.95, -81.38);
insert into SHOT values (1920, 1806, 1888, 3916, 7.61, 242.08, 6.55, 7.61, 242.08, 6.56, 0.00, 83.87, 80.45);
insert into SHOT values (1921, 1806, 1889, 3916, 8.86, 303.87, 37.94, 8.86, 303.85, 37.97, 0.01, 157.52, 29.34);
insert into SHOT values (1922, 1806, 1890, 3916, 9.45, 334.78, 23.64, 9.45, 334.83, 23.66, 0.01, 101.61, 4.23);
insert into SHOT values (1923, 1806, 1891, 3916, 12.76, 1.72, 27.25, 12.76, 1.72, 27.28, 0.01, 338.72, 79.88);
insert into SHOT values (1924, 1806, 1892, 3916, 20.02, 33.47, 41.22, 20.03, 33.49, 41.23, 0.01, 107.65, 55.48);
insert into SHOT values (1925, 1806, 1893, 3916, 7.01, 255.65, -5.81, 7.00, 255.62, -5.82, 0.01, 103.48, -3.29);
insert into SHOT values (1926, 1806, 1894, 3916, 9.28, 277.01, -21.62, 9.28, 276.99, -21.63, 0.00, 137.42, -11.46);
insert into SHOT values (1927, 1806, 1895, 3916, 14.68, 297.23, -29.86, 14.68, 297.21, -29.87, 0.01, 177.36, -11.55);
insert into SHOT values (1928, 1806, 1896, 3916, 20.23, 318.87, -35.49, 20.22, 318.87, -35.49, 0.01, 146.08, 30.34);
insert into SHOT values (1929, 1806, 1897, 3916, 8.41, 351.97, -33.46, 8.41, 351.97, -33.41, 0.01, 2.37, 69.50);
insert into SHOT values (1930, 1806, 1898, 3916, 1.48, 105.98, 10.01, 1.48, 105.95, 10.12, 0.00, 317.23, 58.32);
insert into SHOT values (1931, 1808, 1899, 3916, 4.60, 338.98, 80.68, 4.60, 338.91, 80.62, 0.01, 328.85, 7.65);
insert into SHOT values (1932, 1808, 1900, 3916, 10.34, 90.27, 51.47, 10.34, 90.27, 51.48, 0.00, 290.05, 49.48);
insert into SHOT values (1933, 1808, 1901, 3916, 18.65, 120.61, 50.23, 18.64, 120.61, 50.24, 0.01, 301.47, -26.63);
insert into SHOT values (1934, 1808, 1902, 3916, 7.51, 337.22, -49.05, 7.51, 337.18, -49.02, 0.01, 293.98, 25.18);
insert into SHOT values (1935, 1808, 1903, 3916, 6.22, 7.99, 7.98, 6.22, 7.93, 7.95, 0.01, 270.26, -29.45);
insert into SHOT values (1936, 1808, 1904, 3916, 5.20, 285.54, -11.45, 5.20, 285.59, -11.42, 0.01, 2.51, 26.26);
insert into SHOT values (1937, 1808, 1905, 3916, 21.29, 318.74, -32.98, 21.29, 318.74, -32.97, 0.01, 335.14, -9.53);
insert into SHOT values (1938, 1808, 1906, 3916, 16.96, 330.76, -31.85, 16.97, 330.77, -31.83, 0.01, 342.44, -1.50);
insert into SHOT values (1939, 1808, 1907, 3916, 14.77, 344.26, -25.22, 14.78, 344.25, -25.19, 0.01, 329.68, 18.29);
insert into SHOT values (1940, 1808, 1908, 3916, 14.45, 357.11, -12.84, 14.46, 357.11, -12.83, 0.01, 2.05, 7.46);
insert into SHOT values (1941, 1808, 1909, 3916, 17.97, 359.20, -1.94, 17.97, 359.20, -1.95, 0.00, 20.25, -37.27);
insert into SHOT values (1942, 1808, 1910, 3916, 33.77, 12.34, -4.22, 33.77, 12.33, -4.23, 0.01, 267.27, -33.60);
insert into SHOT values (1943, 1808, 1911, 3916, 22.91, 16.92, 0.60, 22.91, 16.90, 0.60, 0.01, 291.93, 0.67);
insert into SHOT values (1944, 1808, 1912, 3916, 13.17, 23.67, 9.32, 13.17, 23.63, 9.31, 0.01, 313.60, -15.35);
insert into SHOT values (1945, 1808, 1913, 3916, 10.24, 33.80, 14.12, 10.24, 33.75, 14.12, 0.01, 330.83, 12.09);
insert into SHOT values (1946, 1808, 1914, 3916, 13.88, 43.52, 28.20, 13.88, 43.51, 28.21, 0.00, 266.68, 16.34);
insert into SHOT values (1947, 1808, 1915, 3916, 5.19, 81.80, 31.02, 5.19, 81.72, 30.98, 0.01, 337.81, -37.16);
insert into SHOT values (1948, 1808, 1916, 3916, 24.28, 51.22, 32.92, 24.28, 51.21, 32.90, 0.01, 19.23, -48.50);
insert into SHOT values (1949, 1808, 1917, 3916, 10.72, 56.27, 39.20, 10.72, 56.23, 39.16, 0.01, 8.33, -36.87);
insert into SHOT values (1950, 1808, 1918, 3916, 8.99, 151.27, 35.49, 8.98, 151.23, 35.52, 0.01, 9.74, 4.91);
insert into SHOT values (1951, 1808, 1919, 3916, 8.27, 163.78, 37.29, 8.26, 163.83, 37.33, 0.01, 314.04, -1.98);
insert into SHOT values (1952, 1814, 1920, 3916, 3.86, 325.88, 79.54, 3.86, 326.08, 79.58, 0.01, 92.79, 53.30);
insert into SHOT values (1953, 1814, 1921, 3916, 2.09, 348.68, -60.12, 2.09, 348.37, -60.09, 0.01, 260.40, 20.90);
insert into SHOT values (1954, 1814, 1922, 3916, 4.80, 290.43, -13.74, 4.80, 290.46, -13.73, 0.00, 345.29, 1.78);
insert into SHOT values (1955, 1814, 1923, 3916, 16.85, 305.46, -37.82, 16.85, 305.46, -37.82, 0.00, 138.21, 40.15);
insert into SHOT values (1956, 1814, 1924, 3916, 13.45, 129.67, 42.00, 13.45, 129.68, 42.01, 0.00, 279.87, 2.93);
insert into SHOT values (1957, 1817, 1925, 3916, 4.16, 123.84, 45.60, 4.16, 123.91, 45.74, 0.01, 276.38, 45.80);
insert into SHOT values (1958, 1817, 1926, 3916, 5.58, 3.47, 78.05, 5.58, 3.45, 77.98, 0.01, 0.59, 7.83);
insert into SHOT values (1959, 1817, 1927, 3916, 1.95, 310.16, -54.26, 1.95, 310.38, -54.14, 0.01, 5.11, 26.94);
insert into SHOT values (1960, 1817, 1928, 3916, 4.39, 308.60, -4.02, 4.40, 308.62, -3.91, 0.01, 316.26, 35.34);
insert into SHOT values (1961, 1818, 1929, 3916, 4.47, 33.48, 80.95, 4.47, 33.92, 81.01, 0.01, 161.73, 39.72);
insert into SHOT values (1962, 1818, 1930, 3916, 2.84, 271.27, -10.17, 2.84, 271.23, -10.16, 0.01, 112.64, 15.99);
insert into SHOT values (1963, 1818, 1931, 3916, 4.41, 321.84, -38.75, 4.40, 321.86, -38.80, 0.01, 130.53, 2.81);
insert into SHOT values (1964, 1818, 1932, 3916, 5.20, 89.61, 33.96, 5.21, 89.73, 33.96, 0.01, 142.91, 23.93);
insert into SHOT values (1965, 1824, 1933, 3916, 6.61, 116.10, 45.42, 6.61, 116.07, 45.42, 0.00, 72.11, 27.03);
insert into SHOT values (1966, 1824, 1934, 3916, 3.08, 8.08, 80.01, 3.09, 7.52, 80.03, 0.01, 281.06, 52.20);
insert into SHOT values (1967, 1824, 1935, 3916, 3.60, 298.81, -52.95, 3.60, 298.93, -52.90, 0.01, 6.81, 33.89);
insert into SHOT values (1968, 1824, 1936, 3916, 4.71, 283.67, -6.97, 4.71, 283.74, -6.95, 0.01, 28.34, 15.00);
insert into SHOT values (1969, 1825, 1937, 3916, 11.88, 358.38, 64.64, 11.88, 358.31, 64.61, 0.01, 301.55, -35.65);
insert into SHOT values (1970, 1825, 1938, 3916, 3.82, 223.08, -6.37, 3.82, 223.08, -6.47, 0.01, 46.15, -55.83);
insert into SHOT values (1971, 1825, 1939, 3916, 7.04, 253.81, -43.94, 7.04, 253.85, -43.96, 0.01, 332.79, -51.84);
insert into SHOT values (1972, 1825, 1940, 3916, 11.03, 33.11, 32.31, 11.03, 33.09, 32.29, 0.01, 303.80, -64.03);
insert into SHOT values (1973, 1828, 1941, 3916, 25.68, 300.95, 70.07, 25.69, 300.96, 70.09, 0.01, 104.61, 46.92);
insert into SHOT values (1974, 1828, 1942, 3916, 15.19, 215.41, 53.22, 15.19, 215.42, 53.23, 0.00, 355.85, 54.90);
insert into SHOT values (1975, 1828, 1943, 3916, 27.79, 245.93, 65.41, 27.79, 245.90, 65.42, 0.01, 112.81, 1.92);
insert into SHOT values (1976, 1828, 1944, 3916, 25.54, 283.40, 58.32, 25.54, 283.41, 58.34, 0.01, 78.59, 35.13);
insert into SHOT values (1977, 1828, 1945, 3916, 29.75, 296.16, 50.27, 29.74, 296.16, 50.28, 0.01, 114.74, 2.19);
insert into SHOT values (1978, 1828, 1946, 3916, 42.92, 304.32, 52.92, 42.93, 304.32, 52.93, 0.01, 95.56, 74.06);
insert into SHOT values (1979, 1828, 1947, 3916, 20.27, 314.91, 48.37, 20.27, 314.94, 48.37, 0.01, 63.82, -6.31);
insert into SHOT values (1980, 1828, 1948, 3916, 28.21, 82.53, 71.86, 28.21, 82.54, 71.86, 0.00, 138.27, 40.12);
insert into SHOT values (1981, 1828, 1949, 3916, 26.91, 100.28, 60.01, 26.91, 100.27, 60.00, 0.01, 85.00, 30.14);
insert into SHOT values (1982, 1828, 1950, 3916, 3.50, 158.22, 0.54, 3.50, 158.20, 0.65, 0.01, 89.61, 78.67);
insert into SHOT values (1983, 1828, 1951, 3916, 4.65, 284.31, -36.27, 4.65, 284.37, -36.27, 0.00, 38.59, 11.79);
insert into SHOT values (1984, 1828, 1952, 3916, 9.67, 182.61, 5.81, 9.67, 182.56, 5.82, 0.01, 87.55, 7.79);
insert into SHOT values (1985, 1828, 1953, 3916, 11.57, 192.73, 30.15, 11.57, 192.70, 30.19, 0.01, 104.45, 61.54);
insert into SHOT values (1986, 1828, 1954, 3916, 4.59, 342.49, 6.16, 4.59, 342.52, 6.26, 0.01, 124.03, 63.92);
insert into SHOT values (1987, 1828, 1955, 3916, 10.93, 334.46, 40.22, 10.93, 334.51, 40.24, 0.01, 92.16, 15.18);
insert into SHOT values (1988, 1828, 1956, 3916, 11.52, 0.38, 5.76, 11.52, 0.40, 5.78, 0.01, 111.68, 41.81);
insert into SHOT values (1989, 1828, 1957, 3916, 8.17, 27.10, 8.88, 8.17, 27.10, 8.87, 0.01, 34.17, -13.13);
insert into SHOT values (1990, 1828, 1958, 3916, 9.92, 51.07, 20.69, 9.92, 51.08, 20.72, 0.01, 150.89, 72.55);
insert into SHOT values (1991, 1828, 1959, 3916, 44.54, 92.39, 24.54, 44.55, 92.39, 24.54, 0.01, 92.70, 8.53);
insert into SHOT values (1992, 1828, 1960, 3916, 32.82, 99.45, 14.92, 32.83, 99.45, 14.92, 0.01, 114.02, -1.29);
insert into SHOT values (1993, 1828, 1961, 3916, 15.88, 106.41, 0.60, 15.89, 106.42, 0.61, 0.01, 117.44, 23.11);
insert into SHOT values (1994, 1828, 1962, 3916, 7.42, 112.18, -13.56, 7.42, 112.16, -13.56, 0.00, 10.78, -5.09);
insert into SHOT values (1995, 1829, 1963, 3916, 22.26, 234.46, 83.45, 22.26, 234.44, 83.43, 0.01, 223.48, -40.22);
insert into SHOT values (1996, 1829, 1964, 3916, 2.09, 343.82, -53.36, 2.09, 343.74, -53.35, 0.00, 311.04, -42.69);
insert into SHOT values (1997, 1829, 1965, 3916, 5.66, 226.88, 33.80, 5.67, 226.89, 33.76, 0.01, 233.46, 9.05);
insert into SHOT values (1998, 1829, 1966, 3916, 45.49, 337.26, 10.88, 45.49, 337.26, 10.88, 0.00, 274.33, 62.11);
insert into SHOT values (1999, 1829, 1967, 3916, 6.08, 63.63, 27.33, 6.08, 63.62, 27.31, 0.00, 37.79, -50.88);
insert into SHOT values (2000, 1831, 1968, 3916, 2.35, 69.44, 52.70, 2.35, 69.54, 52.59, 0.01, 91.01, 5.49);
insert into SHOT values (2001, 1831, 1969, 3916, 17.37, 220.02, 73.91, 17.37, 219.94, 73.91, 0.01, 120.17, 3.70);
insert into SHOT values (2002, 1831, 1970, 3916, 3.59, 283.08, -49.00, 3.59, 283.03, -49.06, 0.01, 126.08, -6.59);
insert into SHOT values (2003, 1831, 1971, 3916, 5.76, 288.12, 6.10, 5.76, 288.12, 6.08, 0.00, 110.68, -30.17);
insert into SHOT values (2004, 1837, 1972, 3916, 4.06, 137.05, 61.96, 4.06, 137.12, 61.91, 0.00, 187.77, -48.28);
insert into SHOT values (2005, 1837, 1973, 3916, 14.35, 113.70, 46.59, 14.35, 113.68, 46.61, 0.01, 2.55, 54.58);
insert into SHOT values (2006, 1837, 1974, 3916, 1.30, 356.25, -59.72, 1.30, 356.48, -59.82, 0.01, 144.93, 27.87);
insert into SHOT values (2007, 1837, 1975, 3916, 2.92, 276.16, -22.84, 2.91, 276.20, -22.82, 0.01, 77.36, 31.23);
insert into SHOT values (2008, 1837, 1976, 3916, 2.40, 91.01, 33.40, 2.40, 90.86, 33.42, 0.01, 328.00, -10.42);
insert into SHOT values (2009, 1842, 1977, 3916, 2.70, 205.31, 66.37, 2.71, 205.14, 66.42, 0.01, 121.66, 63.81);
insert into SHOT values (2010, 1842, 1978, 3916, 2.38, 356.13, -60.33, 2.38, 356.09, -60.47, 0.01, 185.12, -20.54);
insert into SHOT values (2011, 1842, 1979, 3916, 2.72, 2.70, -6.82, 2.71, 2.77, -6.78, 0.01, 160.30, 20.02);
insert into SHOT values (2012, 1842, 1980, 3916, 8.90, 209.66, 2.05, 8.90, 209.65, 2.06, 0.00, 127.64, 43.44);
insert into SCRAPS values (3917, 3914, 'upskirt_s1', 1, 17.80737, 1.30975);
 insert into SCRAPS values (4014, 3914, 'upskirt_s2', 1, 5.61827, 0.32142);
 insert into MAPS values (4100, 3914, 'upskirt_m', NULL, 1, 954.710, 45.420);
 insert into MAPITEMS values (4100, 4, 3917);
 insert into MAPITEMS values (4100, 4, 4014);
 insert into SURVEY values (4102, 68, 'upskirt_lower', 'upskirt_lower.clearwater_master', NULL);
 insert into CENTRELINE values (4103, 4102, NULL, NULL, NULL, 0.00, 0.00, 0.00);
 insert into CENTRELINE values (4104, 4102, NULL, '2014-04-19', NULL, 702.65, 0.00, 0.00);
 insert into TOPO values (8, 4104);
 insert into TOPO values (9, 4104);
 insert into TOPO values (10, 4104);
 insert into SHOT values (2013, 1981, 1982, 4104, 15.92, 10.45, -43.85, 15.92, 10.44, -43.85, 0.00, 260.92, -23.89);
insert into SHOT values (2014, 1981, 1983, 4104, 10.16, 199.71, 4.62, 10.16, 199.67, 4.63, 0.01, 139.43, 11.15);
insert into SHOT values (2015, 1983, 1984, 4104, 20.85, 95.37, -7.50, 20.85, 95.36, -7.50, 0.00, 348.92, 17.44);
insert into SHOT values (2016, 1984, 1985, 4104, 23.87, 88.67, -11.57, 23.87, 88.68, -11.58, 0.00, 154.48, -39.18);
insert into SHOT values (2017, 1985, 1986, 4104, 11.63, 81.36, -12.71, 11.62, 81.38, -12.72, 0.01, 235.50, -9.02);
insert into SHOT values (2018, 1986, 1987, 4104, 8.05, 74.04, 30.68, 8.06, 74.00, 30.68, 0.01, 29.71, 19.22);
insert into SHOT values (2019, 1987, 1988, 4104, 10.18, 86.94, 6.34, 10.18, 86.94, 6.32, 0.01, 268.24, -51.44);
insert into SHOT values (2020, 1988, 1989, 4104, 37.93, 81.06, 6.64, 37.93, 81.07, 6.65, 0.01, 156.10, 38.27);
insert into SHOT values (2021, 1989, 1990, 4104, 30.50, 75.04, -20.55, 30.50, 75.04, -20.56, 0.00, 206.47, -54.46);
insert into SHOT values (2022, 1990, 1991, 4104, 16.51, 61.21, -8.51, 16.51, 61.19, -8.50, 0.01, 0.85, 26.75);
insert into SHOT values (2023, 1991, 1992, 4104, 10.92, 92.76, 6.35, 10.92, 92.75, 6.36, 0.00, 350.94, 40.28);
insert into SHOT values (2024, 1992, 1993, 4104, 21.68, 104.64, 32.90, 21.67, 104.64, 32.89, 0.01, 289.75, -70.90);
insert into SHOT values (2025, 1992, 1994, 4104, 12.95, 342.44, -31.86, 12.95, 342.42, -31.89, 0.01, 193.70, -33.65);
insert into SHOT values (2026, 1992, 1995, 4104, 25.02, 51.95, 15.60, 25.02, 51.96, 15.60, 0.00, 132.82, 20.36);
insert into SHOT values (2027, 1995, 1996, 4104, 9.36, 89.19, 50.40, 9.35, 89.23, 50.42, 0.01, 232.65, -15.64);
insert into SHOT values (2028, 1996, 1997, 4104, 6.46, 49.99, 25.91, 6.47, 50.02, 25.85, 0.01, 65.96, -14.92);
insert into SHOT values (2029, 1997, 1998, 4104, 26.47, 65.19, 23.46, 26.47, 65.19, 23.46, 0.00, 321.68, 57.22);
insert into SHOT values (2030, 1998, 1999, 4104, 21.67, 28.22, 12.18, 21.66, 28.21, 12.18, 0.01, 234.24, -14.82);
insert into SHOT values (2031, 1999, 2000, 4104, 22.69, 92.17, 36.15, 22.69, 92.16, 36.16, 0.01, 22.14, 51.85);
insert into SHOT values (2032, 2000, 2001, 4104, 9.90, 212.00, -3.00, 9.91, 211.99, -3.01, 0.01, 189.63, -17.58);
insert into SHOT values (2033, 2001, 2002, 4104, 9.80, 200.00, 20.00, 9.80, 200.01, 20.00, 0.00, 354.62, -26.32);
insert into SHOT values (2034, 2002, 2003, 4104, 8.00, 242.00, -43.00, 8.00, 241.94, -43.04, 0.01, 118.18, -30.62);
insert into SHOT values (2035, 2003, 2004, 4104, 10.60, 264.00, -31.00, 10.60, 264.00, -30.99, 0.00, 266.13, -8.90);
insert into SHOT values (2036, 2004, 2005, 4104, 6.10, 184.00, -5.00, 6.10, 183.96, -4.99, 0.00, 63.00, 20.68);
insert into SHOT values (2037, 2005, 2006, 4104, 16.20, 227.00, -17.00, 16.19, 227.01, -16.98, 0.01, 2.36, 48.82);
insert into SHOT values (2038, 2006, 2007, 4104, 8.90, 289.00, -40.00, 8.91, 288.99, -40.03, 0.01, 275.37, -68.27);
insert into SHOT values (2039, 2007, 2008, 4104, 14.60, 257.00, -33.00, 14.60, 256.97, -32.99, 0.01, 172.20, 17.11);
insert into SHOT values (2040, 2008, 2009, 4104, 16.00, 254.00, -39.00, 16.00, 253.98, -39.01, 0.00, 134.81, -13.16);
insert into SHOT values (2041, 2009, 2010, 4104, 14.20, 304.00, -31.00, 14.21, 303.99, -30.97, 0.01, 291.66, 19.80);
insert into SHOT values (2042, 2000, 2011, 4104, 16.66, 26.89, 9.06, 16.66, 26.89, 9.05, 0.00, 196.33, -45.04);
insert into SHOT values (2043, 2011, 2012, 4104, 12.24, 28.81, 11.27, 12.24, 28.83, 11.26, 0.01, 70.49, -20.79);
insert into SHOT values (2044, 2012, 2013, 4104, 8.31, 48.49, 20.40, 8.31, 48.49, 20.43, 0.00, 231.59, 45.69);
insert into SHOT values (2045, 2013, 2014, 4104, 11.46, 41.56, 17.87, 11.45, 41.54, 17.85, 0.01, 256.73, -47.79);
insert into SHOT values (2046, 2014, 2015, 4104, 11.79, 301.28, -33.48, 11.79, 301.31, -33.47, 0.01, 46.72, 33.18);
insert into SHOT values (2047, 2015, 2016, 4104, 7.28, 331.29, -49.47, 7.28, 331.32, -49.46, 0.00, 74.47, 50.51);
insert into SHOT values (2048, 2016, 2017, 4104, 9.25, 326.05, -39.17, 9.26, 326.02, -39.19, 0.01, 283.67, -55.21);
insert into SHOT values (2049, 2017, 2018, 4104, 12.58, 15.41, 17.70, 12.58, 15.44, 17.73, 0.01, 123.74, 38.87);
insert into SHOT values (2050, 2018, 2019, 4104, 20.64, 76.17, 27.80, 20.64, 76.15, 27.81, 0.01, 15.43, 32.90);
insert into SHOT values (2051, 2018, 2020, 4104, 26.67, 21.19, -6.70, 26.67, 21.18, -6.70, 0.01, 305.16, 16.82);
insert into SHOT values (2052, 2020, 2021, 4104, 4.93, 259.27, -42.02, 4.93, 259.30, -42.01, 0.00, 321.94, 2.20);
insert into SHOT values (2053, 2020, 2022, 4104, 8.70, 51.96, 32.14, 8.70, 51.95, 32.15, 0.00, 285.78, 40.60);
insert into SHOT values (2054, 2022, 2023, 4104, 12.67, 35.23, 19.62, 12.67, 35.25, 19.59, 0.01, 74.99, -37.15);
insert into SHOT values (2055, 2023, 2024, 4104, 9.29, 14.74, -21.58, 9.29, 14.76, -21.61, 0.01, 156.13, -32.43);
insert into SHOT values (2056, 2024, 2025, 4104, 8.41, 351.49, -3.71, 8.41, 351.44, -3.68, 0.01, 270.17, 27.36);
insert into SHOT values (2057, 2025, 2026, 4104, 6.92, 323.80, 9.30, 6.92, 323.82, 9.32, 0.00, 103.17, 26.86);
insert into SHOT values (2058, 2026, 2027, 4104, 8.29, 68.54, -16.87, 8.29, 68.55, -16.91, 0.01, 233.74, -46.32);
insert into SHOT values (2059, 2027, 2028, 4104, 9.97, 82.11, 26.44, 9.98, 82.09, 26.42, 0.01, 58.25, 4.98);
insert into SHOT values (2060, 2028, 2029, 4104, 7.66, 67.02, 32.04, 7.65, 67.03, 32.05, 0.01, 237.66, -21.62);
insert into SHOT values (2061, 2028, 2030, 4104, 3.19, 147.87, 3.49, 3.19, 147.96, 3.41, 0.01, 223.78, -40.20);
insert into SHOT values (2062, 2030, 2031, 4104, 5.60, 81.64, -42.26, 5.60, 81.54, -42.21, 0.01, 355.95, 38.81);
insert into SHOT values (2063, 2031, 2032, 4104, 8.07, 78.35, 17.03, 8.07, 78.41, 17.00, 0.01, 160.93, -22.00);
insert into SHOT values (2064, 2032, 2033, 4104, 7.41, 109.85, -45.22, 7.41, 109.82, -45.22, 0.00, 14.77, -6.13);
insert into SHOT values (2065, 2033, 2034, 4104, 7.54, 104.93, -55.65, 7.54, 104.98, -55.63, 0.01, 191.56, 51.89);
insert into SHOT values (2066, 1990, 2035, 4104, 10.85, 336.03, 86.52, 10.85, 336.12, 86.48, 0.01, 343.43, 0.05);
insert into SHOT values (2067, 1990, 2036, 4104, 1.76, 110.41, -71.00, 1.76, 110.32, -70.87, 0.01, 93.36, 54.10);
insert into SHOT values (2068, 1990, 2037, 4104, 1.60, 359.17, -63.51, 1.60, 359.20, -63.27, 0.01, 3.02, 17.47);
insert into SHOT values (2069, 1990, 2038, 4104, 3.67, 342.30, -3.22, 3.68, 342.40, -3.12, 0.01, 23.59, 31.32);
insert into SHOT values (2070, 1990, 2039, 4104, 4.29, 127.74, 11.62, 4.29, 127.74, 11.71, 0.01, 303.86, 58.67);
insert into SHOT values (2071, 1999, 2040, 4104, 8.72, 27.67, 75.44, 8.72, 27.73, 75.44, 0.00, 125.82, 1.01);
insert into SHOT values (2072, 1999, 2041, 4104, 25.69, 98.48, 46.80, 25.70, 98.47, 46.80, 0.01, 62.10, 21.58);
insert into SHOT values (2073, 1999, 2042, 4104, 1.89, 341.63, -64.53, 1.89, 342.01, -64.67, 0.01, 102.43, -30.37);
insert into SHOT values (2074, 1999, 2043, 4104, 22.43, 292.22, -52.23, 22.43, 292.23, -52.22, 0.01, 336.99, 4.18);
insert into SHOT values (2075, 1999, 2044, 4104, 9.33, 304.06, -6.60, 9.33, 304.05, -6.58, 0.00, 247.41, 50.92);
insert into SHOT values (2076, 1999, 2045, 4104, 19.58, 344.67, -43.34, 19.58, 344.70, -43.33, 0.01, 37.72, -12.32);
insert into SHOT values (2077, 1999, 2046, 4104, 15.64, 316.49, -37.71, 15.65, 316.51, -37.71, 0.01, 347.83, -28.59);
insert into SHOT values (2078, 1999, 2047, 4104, 13.86, 9.78, 12.41, 13.86, 9.78, 12.42, 0.00, 50.29, 58.09);
insert into SHOT values (2079, 1999, 2048, 4104, 21.32, 47.71, 38.75, 21.32, 47.71, 38.76, 0.01, 3.04, 70.53);
insert into SHOT values (2080, 1999, 2049, 4104, 10.96, 122.76, 35.99, 10.96, 122.76, 35.98, 0.00, 118.18, -11.33);
insert into SHOT values (2081, 1999, 2050, 4104, 24.50, 135.65, 39.31, 24.50, 135.64, 39.31, 0.01, 346.85, -11.66);
insert into SHOT values (2082, 1999, 2051, 4104, 17.15, 165.24, 28.95, 17.15, 165.21, 28.95, 0.01, 75.12, -11.42);
insert into SHOT values (2083, 1999, 2052, 4104, 33.90, 131.18, 43.05, 33.90, 131.17, 43.04, 0.01, 78.45, -15.18);
insert into SHOT values (2084, 2000, 2053, 4104, 6.53, 286.66, 81.02, 6.53, 286.48, 81.00, 0.00, 237.82, 0.54);
insert into SHOT values (2085, 2000, 2054, 4104, 6.61, 271.65, -47.94, 6.61, 271.68, -47.93, 0.01, 303.73, -28.55);
insert into SHOT values (2086, 2000, 2055, 4104, 12.26, 73.12, -50.41, 12.26, 73.12, -50.40, 0.00, 69.35, -30.10);
insert into SHOT values (2087, 2000, 2056, 4104, 17.76, 339.61, -6.25, 17.76, 339.61, -6.27, 0.01, 28.84, -73.09);
insert into SHOT values (2088, 2000, 2057, 4104, 19.00, 197.87, 19.32, 19.00, 197.86, 19.30, 0.01, 158.44, -48.26);
insert into SHOT values (2089, 2014, 2058, 4104, 5.86, 268.64, 76.66, 5.87, 268.73, 76.69, 0.01, 38.98, 71.66);
insert into SHOT values (2090, 2014, 2059, 4104, 17.57, 31.68, 66.13, 17.57, 31.72, 66.13, 0.01, 94.80, 25.03);
insert into SHOT values (2091, 2014, 2060, 4104, 1.13, 217.88, -47.01, 1.12, 218.07, -47.09, 0.01, 20.81, 36.92);
insert into SHOT values (2092, 2014, 2061, 4104, 2.62, 295.26, 0.65, 2.61, 295.39, 0.66, 0.01, 77.61, 1.67);
insert into SHOT values (2093, 2014, 2062, 4104, 6.64, 127.17, 43.83, 6.64, 127.11, 43.84, 0.01, 36.70, 18.07);
insert into SHOT values (2094, 2017, 2063, 4104, 6.47, 86.52, 48.11, 6.47, 86.55, 48.15, 0.00, 222.91, 49.42);
insert into SHOT values (2095, 2017, 2064, 4104, 3.86, 316.77, 75.13, 3.87, 316.64, 75.17, 0.01, 221.11, 75.96);
insert into SHOT values (2096, 2017, 2065, 4104, 1.06, 336.77, -59.32, 1.05, 336.80, -59.64, 0.01, 154.61, 11.88);
insert into SHOT values (2097, 2017, 2066, 4104, 7.00, 286.21, -20.89, 7.00, 286.16, -20.85, 0.01, 181.27, 46.78);
insert into SHOT values (2098, 2017, 2067, 4104, 12.32, 195.96, 3.40, 12.33, 195.95, 3.40, 0.01, 164.22, -6.26);
insert into SHOT values (2099, 2025, 2068, 4104, 3.63, 225.10, 79.15, 3.62, 225.00, 79.20, 0.01, 59.90, -47.76);
insert into SHOT values (2100, 2025, 2069, 4104, 5.23, 251.95, -1.32, 5.23, 251.95, -1.32, 0.00, 86.95, 20.33);
insert into SHOT values (2101, 2025, 2070, 4104, 4.60, 267.98, -32.36, 4.60, 267.93, -32.36, 0.00, 133.39, 25.31);
insert into SHOT values (2102, 2025, 2071, 4104, 6.21, 76.98, 39.25, 6.21, 77.03, 39.23, 0.01, 126.32, 8.86);
insert into SHOT values (2103, 1983, 2072, 4104, 30.91, 287.25, 86.09, 30.91, 287.32, 86.08, 0.01, 305.10, 12.69);
insert into SHOT values (2104, 1983, 2073, 4104, 33.20, 351.40, 50.49, 33.20, 351.40, 50.48, 0.01, 344.24, -38.06);
insert into SHOT values (2105, 1983, 2074, 4104, 1.62, 95.15, -71.23, 1.62, 95.49, -71.15, 0.01, 165.38, 49.22);
insert into SHOT values (2106, 1983, 2075, 4104, 8.51, 74.81, -1.36, 8.51, 74.80, -1.35, 0.00, 336.23, 65.33);
insert into SHOT values (2107, 1983, 2076, 4104, 32.74, 352.50, 43.86, 32.74, 352.50, 43.85, 0.01, 13.76, -45.38);
insert into SCRAPS values (4105, 4102, 'upskirt_lower_s1', 1, 5.86257, 0.24081);
 insert into SCRAPS values (4148, 4102, 'upskirt_lower_s2', 1, 7.11938, 0.30064);
 insert into MAPS values (4227, 4102, 'upskirtLowerPlan', NULL, 1, 702.650, 63.520);
 insert into MAPITEMS values (4227, 4, 4105);
 insert into MAPITEMS values (4227, 4, 4148);
 insert into SURVEY values (4229, 68, 'quattro_formaggio', 'quattro_formaggio.clearwater_master', NULL);
 insert into CENTRELINE values (4230, 4229, NULL, NULL, NULL, 0.00, 0.00, 0.00);
 insert into CENTRELINE values (4231, 4229, 'Quattro_Formaggio', '2014-04-17', NULL, 731.50, 0.00, 468.30);
 insert into TOPO values (8, 4231);
 insert into TOPO values (9, 4231);
 insert into PERSON values (11, 'Frank', 'Tully');
insert into TOPO values (11, 4231);
 insert into TOPO values (10, 4231);
 insert into SHOT values (2108, 2077, 2078, 4231, 22.10, 34.00, 1.00, 22.10, 34.01, 0.99, 0.01, 74.09, -55.84);
insert into SHOT_FLAG values(2108, 'dpl');
insert into SHOT values (2109, 2078, 2079, 4231, 21.60, 61.00, 13.00, 21.60, 61.01, 13.00, 0.00, 145.41, 13.99);
insert into SHOT_FLAG values(2109, 'dpl');
insert into SHOT values (2110, 2079, 2080, 4231, 6.80, 344.00, 20.00, 6.81, 344.03, 20.01, 0.01, 9.66, 28.86);
insert into SHOT_FLAG values(2110, 'dpl');
insert into SHOT values (2111, 2080, 2081, 4231, 8.00, 86.00, 15.00, 8.00, 85.99, 14.99, 0.00, 55.79, -17.87);
insert into SHOT_FLAG values(2111, 'dpl');
insert into SHOT values (2112, 2081, 2082, 4231, 7.40, 7.00, 3.00, 7.39, 7.00, 2.95, 0.01, 187.13, -56.55);
insert into SHOT_FLAG values(2112, 'dpl');
insert into SHOT values (2113, 2082, 2083, 4231, 9.70, 356.00, -20.00, 9.70, 355.97, -19.96, 0.01, 235.97, 56.49);
insert into SHOT_FLAG values(2113, 'dpl');
insert into SHOT values (2114, 2082, 2084, 4231, 16.70, 24.00, 9.00, 16.70, 23.97, 9.03, 0.01, 280.35, 39.90);
insert into SHOT_FLAG values(2114, 'dpl');
insert into SHOT values (2115, 2084, 2085, 4231, 11.80, 40.00, 9.00, 11.81, 40.03, 8.97, 0.01, 76.97, -34.22);
insert into SHOT_FLAG values(2115, 'dpl');
insert into SHOT values (2116, 2085, 2086, 4231, 9.00, 328.00, 0.00, 9.00, 327.99, 0.00, 0.00, 196.63, 0.00);
insert into SHOT_FLAG values(2116, 'dpl');
insert into SHOT values (2117, 2086, 2087, 4231, 8.10, 336.00, -15.00, 8.10, 335.96, -14.95, 0.01, 287.47, 38.58);
insert into SHOT_FLAG values(2117, 'dpl');
insert into SHOT values (2118, 2087, 2088, 4231, 12.60, 17.00, -17.00, 12.60, 17.04, -17.03, 0.01, 112.51, -38.57);
insert into SHOT_FLAG values(2118, 'dpl');
insert into SHOT values (2119, 2088, 2089, 4231, 21.40, 46.00, -15.00, 21.40, 46.00, -15.00, 0.00, 38.00, -49.81);
insert into SHOT_FLAG values(2119, 'dpl');
insert into SHOT values (2120, 2089, 2090, 4231, 15.10, 318.00, 0.00, 15.10, 317.98, 0.00, 0.01, 256.36, 0.00);
insert into SHOT_FLAG values(2120, 'dpl');
insert into SHOT values (2121, 2090, 2091, 4231, 11.30, 22.00, -4.00, 11.35, 22.06, -4.04, 0.05, 35.41, -14.03);
insert into SHOT_FLAG values(2121, 'dpl');
insert into SHOT values (2122, 2091, 2092, 4231, 24.20, 14.00, -32.00, 24.24, 14.22, -31.46, 0.24, 42.22, 45.46);
insert into SHOT_FLAG values(2122, 'dpl');
insert into SHOT values (2123, 2092, 2093, 4231, 14.20, 357.00, 1.00, 14.23, 357.34, 0.89, 0.09, 69.16, -17.38);
insert into SHOT_FLAG values(2123, 'dpl');
insert into SHOT values (2124, 2093, 2094, 4231, 18.30, 306.00, -1.00, 18.31, 307.01, -1.13, 0.32, 34.57, -7.19);
insert into SHOT_FLAG values(2124, 'dpl');
insert into SHOT values (2125, 2094, 2095, 4231, 5.00, 283.00, 0.00, 4.99, 283.31, 0.00, 0.03, 25.15, 0.00);
insert into SHOT_FLAG values(2125, 'dpl');
insert into SHOT values (2126, 2095, 2096, 4231, 8.40, 309.00, -20.00, 8.41, 309.45, -20.03, 0.06, 33.18, -6.39);
insert into SHOT_FLAG values(2126, 'dpl');
insert into SHOT values (2127, 2096, 2097, 4231, 18.10, 42.00, -35.00, 18.14, 41.77, -34.56, 0.16, 13.42, 36.26);
insert into SHOT_FLAG values(2127, 'dpl');
insert into SHOT values (2128, 2097, 2098, 4231, 19.70, 39.00, 29.00, 19.74, 38.78, 28.37, 0.23, 13.81, -47.91);
insert into SHOT_FLAG values(2128, 'dpl');
insert into SHOT values (2129, 2098, 2099, 4231, 19.40, 10.00, -9.00, 19.43, 10.26, -8.97, 0.09, 77.86, 2.92);
insert into SHOT_FLAG values(2129, 'dpl');
insert into SHOT values (2130, 2099, 2100, 4231, 15.20, 84.00, -13.00, 15.23, 83.31, -12.98, 0.18, 3.37, -0.23);
insert into SHOT_FLAG values(2130, 'dpl');
insert into SHOT values (2131, 2100, 2101, 4231, 16.30, 22.00, 12.00, 16.34, 22.03, 11.69, 0.10, 30.11, -55.38);
insert into SHOT_FLAG values(2131, 'dpl');
insert into SHOT values (2132, 2101, 2102, 4231, 11.00, 24.00, -21.00, 11.04, 24.03, -20.86, 0.05, 30.96, 15.04);
insert into SHOT_FLAG values(2132, 'dpl');
insert into SHOT values (2133, 2100, 2103, 4231, 11.80, 184.00, -14.00, 11.80, 184.01, -14.03, 0.01, 320.38, -68.69);
insert into SHOT_FLAG values(2133, 'dpl');
insert into SHOT values (2134, 2103, 2104, 4231, 8.40, 123.00, -17.00, 8.40, 123.06, -17.03, 0.01, 234.84, -25.44);
insert into SHOT_FLAG values(2134, 'dpl');
insert into SHOT values (2135, 2104, 2105, 4231, 11.90, 59.00, -7.00, 11.91, 58.99, -6.99, 0.01, 40.46, 1.59);
insert into SHOT_FLAG values(2135, 'dpl');
insert into SHOT values (2136, 2105, 2106, 4231, 25.00, 14.00, 2.00, 25.00, 13.99, 2.02, 0.01, 239.05, 55.90);
insert into SHOT_FLAG values(2136, 'dpl');
insert into SHOT values (2137, 2106, 2107, 4231, 3.80, 123.00, -23.00, 3.81, 123.01, -23.03, 0.01, 127.43, -32.95);
insert into SHOT_FLAG values(2137, 'dpl');
insert into SHOT values (2138, 2106, 2108, 4231, 18.80, 137.00, 24.00, 18.80, 136.98, 23.98, 0.01, 83.83, -43.72);
insert into SHOT_FLAG values(2138, 'dpl');
insert into SHOT values (2139, 2108, 2109, 4231, 18.30, 92.00, -6.00, 18.29, 92.02, -5.99, 0.01, 240.82, 16.14);
insert into SHOT_FLAG values(2139, 'dpl');
insert into SHOT values (2140, 2109, 2110, 4231, 18.90, 64.00, 32.00, 18.91, 63.99, 32.00, 0.01, 47.15, 39.46);
insert into SHOT_FLAG values(2140, 'dpl');
insert into SHOT values (2141, 2111, 2112, 4231, 14.50, 266.00, -40.00, 14.50, 266.02, -40.00, 0.00, 6.93, 4.94);
insert into SHOT values (2142, 2112, 2113, 4231, 4.20, 330.00, -10.00, 4.20, 329.96, -10.01, 0.00, 222.91, -13.62);
insert into SHOT values (2143, 2113, 2114, 4231, 23.40, 336.00, -11.00, 23.41, 336.01, -11.01, 0.01, 25.58, -38.29);
insert into SHOT values (2144, 2115, 2114, 4231, 22.70, 50.00, -19.00, 22.70, 49.99, -19.00, 0.00, 333.65, 5.53);
insert into SHOT values (2145, 2116, 2114, 4231, 17.40, 76.00, -2.00, 17.40, 75.99, -2.01, 0.01, 317.51, -32.98);
insert into SHOT values (2146, 2116, 2117, 4231, 23.40, 322.00, -23.00, 23.40, 322.00, -23.00, 0.00, 161.11, 39.21);
insert into SHOT values (2147, 2117, 2118, 4231, 18.50, 356.00, -36.00, 18.50, 355.98, -36.01, 0.01, 266.59, -44.97);
insert into SHOT values (2148, 2119, 2118, 4231, 5.70, 55.00, 25.00, 5.69, 55.02, 24.93, 0.01, 209.01, -68.53);
insert into SHOT values (2149, 2119, 2120, 4231, 7.90, 212.00, -3.00, 7.90, 212.00, -3.05, 0.01, 57.48, -83.54);
insert into SHOT values (2150, 2114, 2121, 4231, 9.10, 34.00, -27.00, 9.10, 33.98, -27.00, 0.00, 243.94, 16.34);
insert into SHOT values (2151, 2121, 2122, 4231, 4.70, 111.00, -15.00, 4.70, 111.03, -14.92, 0.01, 151.20, 61.55);
insert into SHOT values (2152, 2122, 2123, 4231, 1.90, 82.00, -52.00, 1.90, 82.15, -52.02, 0.00, 149.83, -40.65);
insert into SHOT values (2153, 2123, 2124, 4231, 4.20, 149.00, -61.00, 4.20, 148.89, -61.02, 0.01, 13.41, 31.68);
insert into SHOT values (2154, 2124, 2125, 4231, 10.00, 131.00, 28.00, 9.99, 131.00, 27.99, 0.01, 305.76, -46.04);
insert into SHOT values (2155, 2125, 2126, 4231, 14.70, 115.00, 40.00, 14.70, 115.00, 39.99, 0.00, 102.84, 13.35);
insert into SHOT values (2156, 2126, 2127, 4231, 17.70, 120.00, 45.00, 17.70, 120.01, 45.01, 0.00, 154.41, 61.00);
insert into SHOT values (2157, 2127, 2128, 4231, 7.20, 167.00, 65.00, 7.20, 167.10, 64.95, 0.01, 221.17, -38.44);
insert into SHOT values (2158, 2128, 2129, 4231, 3.50, 287.00, 47.00, 3.50, 287.07, 47.03, 0.00, 51.93, 4.38);
insert into SHOT values (2159, 2129, 2097, 4231, 3.40, 184.00, 24.00, 3.40, 184.06, 23.94, 0.00, 245.60, -38.44);
insert into SHOT values (2160, 2102, 2130, 4231, 4.30, 36.00, -28.00, 4.34, 35.88, -27.87, 0.04, 25.55, -14.82);
insert into SHOT values (2161, 2130, 2131, 4231, 18.70, 0.00, -90.00, 18.70, 1.91, -89.08, 0.30, 1.91, -0.00);
insert into SHOT values (2162, 2131, 2132, 4231, 14.50, 39.00, 3.00, 14.53, 38.82, 2.84, 0.07, 347.46, -33.73);
insert into SHOT values (2163, 2132, 2133, 4231, 23.80, 356.00, -20.00, 23.83, 356.58, -19.77, 0.25, 70.07, 18.88);
insert into SHOT values (2164, 2133, 2134, 4231, 13.70, 26.00, 2.00, 13.71, 26.02, 2.01, 0.01, 63.23, 11.87);
insert into SHOT values (2165, 2133, 2135, 4231, 9.20, 39.00, 10.00, 9.25, 38.90, 9.84, 0.06, 20.44, -18.61);
insert into SHOT values (2166, 2135, 2136, 4231, 4.50, 68.00, 46.00, 4.51, 67.76, 45.77, 0.02, 31.54, -17.51);
insert into SHOT values (2167, 2137, 2138, 4231, 26.20, 125.00, 75.00, 26.20, 125.03, 75.01, 0.01, 263.42, 30.01);
insert into SHOT values (2168, 2137, 2139, 4231, 18.10, 330.00, -31.00, 18.10, 329.98, -31.00, 0.01, 203.20, 18.12);
insert into SHOT values (2169, 2139, 2140, 4231, 6.40, 350.00, -26.00, 6.41, 350.00, -26.02, 0.01, 347.56, -40.23);
insert into SHOT values (2170, 2140, 2141, 4231, 11.60, 4.00, -33.00, 11.59, 4.01, -32.98, 0.01, 164.33, 57.03);
insert into SHOT values (2171, 2141, 2136, 4231, 18.40, 314.00, -42.00, 18.41, 313.99, -42.01, 0.01, 289.15, -63.03);
insert into SHOT values (2172, 2136, 2142, 4231, 19.80, 67.00, 34.00, 19.83, 66.41, 33.45, 0.26, 13.62, -33.80);
insert into SHOT values (2173, 2142, 2143, 4231, 12.60, 77.00, 37.00, 12.62, 76.53, 36.63, 0.12, 25.08, -26.42);
insert into SHOT values (2174, 2143, 2144, 4231, 6.20, 114.00, 59.00, 6.20, 113.83, 58.99, 0.01, 17.84, -25.63);
insert into SHOT values (2175, 2144, 2145, 4231, 4.80, 338.00, 32.00, 4.82, 338.38, 31.79, 0.04, 22.59, -5.33);
insert into SHOT values (2176, 2145, 2146, 4231, 20.20, 35.00, 28.00, 20.24, 34.82, 27.39, 0.22, 12.08, -50.45);
insert into SHOT values (2177, 2146, 2147, 4231, 5.80, 40.00, 0.00, 5.84, 39.93, -0.10, 0.04, 30.58, -13.12);
insert into SHOT values (2178, 2147, 2148, 4231, 4.10, 0.00, -3.00, 4.14, 0.14, -3.05, 0.04, 15.68, -8.34);
insert into SHOT values (2179, 2148, 2149, 4231, 17.30, 42.00, 3.00, 17.34, 41.75, 2.84, 0.10, 339.67, -27.67);
insert into SHOT values (2180, 2149, 2150, 4231, 3.00, 33.00, -21.00, 3.04, 32.91, -21.03, 0.04, 25.16, -23.44);
insert into SHOT values (2181, 2150, 2151, 4231, 15.80, 147.00, 38.00, 15.78, 146.41, 38.21, 0.14, 35.19, 13.37);
insert into SHOT values (2182, 2151, 2152, 4231, 12.50, 130.00, 30.00, 12.49, 129.37, 30.03, 0.12, 34.39, -0.00);
insert into SHOT values (2183, 2152, 2153, 4231, 20.30, 206.00, 17.00, 20.26, 206.01, 17.16, 0.07, 22.60, 40.62);
insert into SHOT values (2184, 2153, 2154, 4231, 14.60, 5.00, 43.00, 14.63, 5.26, 42.41, 0.16, 25.79, -32.57);
insert into SHOT values (2185, 2154, 2155, 4231, 13.70, 310.00, 48.00, 13.70, 310.51, 47.79, 0.10, 14.36, -18.99);
insert into SHOT values (2186, 2155, 2156, 4231, 30.10, 191.00, 12.00, 30.06, 190.61, 12.12, 0.21, 86.89, 13.99);
insert into SHOT values (2187, 2156, 2157, 4231, 8.90, 166.00, 39.00, 8.87, 165.68, 39.22, 0.06, 27.59, 8.91);
insert into SHOT values (2188, 2157, 2158, 4231, 20.40, 230.00, -11.00, 20.37, 230.44, -11.32, 0.20, 338.51, -33.36);
insert into SHOT values (2189, 2158, 2159, 4231, 19.10, 247.00, -33.00, 19.08, 247.60, -33.54, 0.25, 12.80, -33.96);
insert into SHOT values (2190, 2152, 2160, 4231, 10.70, 104.00, 37.00, 10.70, 104.02, 37.01, 0.00, 210.28, 10.57);
insert into SHOT values (2191, 2150, 2161, 4231, 7.30, 1.00, -36.00, 7.30, 0.97, -35.97, 0.01, 328.82, 7.99);
insert into SHOT values (2192, 2161, 2162, 4231, 11.50, 67.00, 17.00, 11.51, 67.05, 17.03, 0.01, 136.34, 38.34);
insert into SHOT values (2193, 2162, 2163, 4231, 10.10, 1.00, 14.00, 10.10, 0.99, 13.98, 0.00, 325.54, -61.84);
insert into SHOT values (2194, 2163, 2164, 4231, 11.00, 25.00, 15.00, 11.00, 25.00, 15.01, 0.00, 308.26, 80.41);
insert into SHOT values (2195, 2164, 2165, 4231, 9.00, 38.00, -2.00, 9.00, 38.00, -2.04, 0.01, 47.45, -60.89);
insert into SHOT values (2196, 2165, 2166, 4231, 4.60, 96.00, -20.00, 4.59, 95.99, -20.00, 0.01, 281.63, 19.91);
insert into SHOT values (2197, 2166, 2167, 4231, 7.10, 35.00, 4.00, 7.10, 35.06, 3.96, 0.01, 103.54, -34.25);
insert into SHOT values (2198, 2167, 2168, 4231, 13.20, 352.00, -32.00, 13.19, 351.99, -31.99, 0.01, 201.30, 40.97);
insert into SHOT values (2199, 2165, 2169, 4231, 14.30, 158.00, 34.00, 14.30, 158.00, 34.02, 0.00, 332.12, 57.63);
insert into SCRAPS values (4232, 4229, 'quattro_formaggio_s1', 1, 20.01918, 0.96922);
 insert into SCRAPS values (4312, 4229, 'quattro_formaggio_s5', 1, 1.21803, 0.37935);
 insert into SCRAPS values (4318, 4229, 'quattro_formaggio_s2', 1, 22.40488, 1.14512);
 insert into SCRAPS values (4378, 4229, 'quattro_formaggio_s3', 1, 16.82140, 2.14876);
 insert into SCRAPS values (4415, 4229, 'quattro-formaggio_s4', 1, 13.06649, 1.56309);
 insert into MAPS values (4460, 4229, 'quattroFormaggioPlan', 'Quattro Formaggio', 1, 731.500, 116.980);
 insert into MAPITEMS values (4460, 4, 4312);
 insert into MAPITEMS values (4460, 4, 4415);
 insert into MAPITEMS values (4460, 4, 4232);
 insert into MAPITEMS values (4460, 4, 4378);
 insert into MAPITEMS values (4460, 4, 4318);
 insert into SURVEY values (4462, 68, 'boom_boom', 'boom_boom.clearwater_master', NULL);
 insert into CENTRELINE values (4463, 4462, NULL, NULL, NULL, 0.00, 0.00, 0.00);
 insert into SCRAPS values (4464, 4462, 'boom_boom_s1', 1, 52.08217, 4.39401);
 insert into SCRAPS values (4501, 4462, 'boom_boom_c2', 2, 0.00000, 0.00000);
 insert into SCRAPS values (4504, 4462, 'boom_boom_c12', 2, 0.00000, 0.00000);
 insert into SCRAPS values (4507, 4462, 'boom_boom_s2', 1, 37.55445, 1.08391);
 insert into SCRAPS values (4580, 4462, 'boom_boom_c20', 2, 0.00000, 0.00000);
 insert into SCRAPS values (4583, 4462, 'boom_boom_c34', 2, 0.00000, 0.00000);
 insert into SCRAPS values (4586, 4462, 'boom_boom_c41', 2, 0.00000, 0.00000);
 insert into SCRAPS values (4589, 4462, 'boom_boom_s3', 1, 9.01185, 0.46144);
 insert into SCRAPS values (4638, 4462, 'boom_boom_c26', 2, 0.00000, 0.00000);
 insert into MAPS values (4643, 4462, 'boom_boom_m', NULL, 1, 667.917, 87.900);
 insert into MAPITEMS values (4643, 4, 4464);
 insert into MAPITEMS values (4643, 4, 4507);
 insert into MAPITEMS values (4643, 4, 4589);
 insert into CENTRELINE values (4644, 4462, NULL, '2011-07-06', NULL, 667.92, 0.00, 0.00);
 insert into SHOT values (2200, 2170, 2171, 4644, 17.45, 181.93, 7.44, 17.41, 181.56, 7.42, 0.12, 73.56, -4.65);
insert into SHOT values (2201, 2171, 2172, 4644, 4.01, 138.67, 39.25, 3.99, 138.41, 39.32, 0.02, 358.07, -18.12);
insert into SHOT values (2202, 2172, 2173, 4644, 5.67, 214.77, 20.49, 5.63, 214.81, 20.58, 0.04, 29.89, -7.12);
insert into SHOT values (2203, 2173, 2174, 4644, 8.82, 113.79, 45.52, 8.82, 113.33, 45.48, 0.05, 30.53, -3.48);
insert into SHOT values (2204, 2174, 2175, 4644, 8.88, 164.25, 22.76, 8.85, 163.92, 22.80, 0.06, 42.22, -5.58);
insert into SHOT values (2205, 2175, 2176, 4644, 12.87, 186.94, -1.24, 12.83, 186.72, -1.34, 0.07, 59.13, -18.63);
insert into SHOT values (2206, 2176, 2177, 4644, 12.36, 228.41, -6.52, 12.32, 228.68, -6.67, 0.08, 355.54, -20.31);
insert into SHOT values (2207, 2177, 2178, 4644, 7.63, 151.89, 5.63, 7.61, 151.54, 5.58, 0.05, 40.75, -9.77);
insert into SHOT values (2208, 2177, 2179, 4644, 16.39, 355.63, -39.60, 16.39, 355.59, -39.61, 0.01, 277.69, -32.75);
insert into SHOT values (2209, 2179, 2180, 4644, 19.19, 335.86, -33.03, 19.19, 335.89, -33.04, 0.01, 95.37, -3.02);
insert into SHOT values (2210, 2180, 2181, 4644, 9.06, 4.14, 6.76, 9.06, 4.14, 6.78, 0.01, 176.60, 30.88);
insert into SHOT values (2211, 2178, 2182, 4644, 24.58, 203.76, 9.33, 24.53, 203.73, 9.38, 0.05, 39.73, 16.55);
insert into SHOT values (2212, 2182, 2183, 4644, 6.98, 166.21, 35.85, 6.96, 166.01, 36.01, 0.04, 18.27, 3.23);
insert into SHOT values (2213, 2183, 2184, 4644, 15.40, 165.35, 26.03, 15.37, 164.83, 26.21, 0.14, 54.71, 13.27);
insert into SHOT values (2214, 2184, 2185, 4644, 13.94, 203.34, 11.95, 13.89, 203.32, 12.01, 0.05, 28.92, 4.31);
insert into SHOT values (2215, 2185, 2186, 4644, 30.69, 203.36, 12.86, 30.65, 203.29, 13.03, 0.10, 54.87, 50.46);
insert into SHOT values (2216, 2186, 2187, 4644, 26.50, 125.81, 4.47, 26.50, 125.82, 4.46, 0.01, 248.33, -44.08);
insert into SHOT values (2217, 2187, 2188, 4644, 23.00, 102.23, 7.18, 23.00, 102.22, 7.19, 0.01, 336.51, 50.31);
insert into SHOT values (2218, 2188, 2189, 4644, 10.69, 210.24, -15.75, 10.69, 210.23, -15.79, 0.01, 131.11, -75.64);
insert into SHOT values (2219, 2189, 2190, 4644, 14.30, 202.18, 10.12, 14.30, 202.16, 10.15, 0.01, 132.84, 50.04);
insert into SHOT values (2220, 2190, 2191, 4644, 18.71, 181.66, 26.22, 18.70, 181.67, 26.21, 0.01, 334.13, -36.67);
insert into SHOT values (2221, 2191, 2192, 4644, 6.54, 167.83, 18.96, 6.54, 167.87, 18.99, 0.01, 225.66, 42.98);
insert into SHOT values (2222, 2192, 2193, 4644, 12.15, 211.96, 7.21, 12.15, 211.95, 7.19, 0.01, 171.72, -56.32);
insert into SHOT values (2223, 2193, 2194, 4644, 22.77, 124.76, 31.57, 22.77, 124.75, 31.57, 0.00, 68.53, -25.87);
insert into SHOT values (2224, 2194, 2195, 4644, 10.11, 80.51, 32.40, 10.11, 80.49, 32.41, 0.00, 14.40, 46.14);
insert into SHOT values (2225, 2195, 2196, 4644, 14.38, 56.08, -48.20, 14.38, 56.09, -48.18, 0.01, 77.84, -0.48);
insert into SHOT values (2226, 2196, 2197, 4644, 18.36, 103.02, -26.82, 18.35, 103.02, -26.81, 0.01, 290.36, 43.76);
insert into SHOT values (2227, 2197, 2198, 4644, 11.85, 93.62, 1.19, 11.85, 93.63, 1.16, 0.01, 242.68, -54.92);
insert into SHOT values (2228, 2198, 2199, 4644, 7.97, 90.14, -6.66, 7.97, 90.14, -6.63, 0.01, 99.79, 48.33);
insert into SHOT values (2229, 2199, 2200, 4644, 25.82, 71.22, 28.00, 25.82, 71.22, 28.00, 0.00, 278.75, -23.48);
insert into SHOT values (2230, 2200, 2201, 4644, 4.20, 55.30, 32.83, 4.20, 55.27, 32.87, 0.00, 301.10, 59.51);
insert into SHOT values (2231, 2201, 2202, 4644, 11.64, 318.84, 40.40, 11.63, 318.84, 40.40, 0.01, 131.68, -36.41);
insert into SHOT values (2232, 2202, 2203, 4644, 7.82, 244.18, 44.79, 7.82, 244.27, 44.79, 0.01, 329.42, 4.99);
insert into SHOT values (2233, 2189, 2204, 4644, 17.33, 53.65, -8.61, 17.33, 53.64, -8.59, 0.01, 353.16, 47.86);
insert into SHOT values (2234, 2204, 2205, 4644, 17.76, 98.87, -28.23, 17.76, 98.90, -28.23, 0.01, 183.31, 5.47);
insert into SHOT values (2235, 2205, 2206, 4644, 15.54, 80.01, -3.25, 15.54, 79.98, -3.25, 0.01, 1.56, 6.74);
insert into SHOT values (2236, 2188, 2207, 4644, 9.78, 355.63, -19.23, 9.78, 355.65, -19.22, 0.00, 55.09, 14.59);
insert into SHOT values (2237, 2207, 2208, 4644, 32.56, 23.64, 1.40, 32.56, 23.64, 1.39, 0.01, 298.41, -64.68);
insert into SHOT values (2238, 2208, 2209, 4644, 8.22, 5.11, -9.67, 8.22, 5.10, -9.67, 0.00, 240.06, 20.26);
insert into SHOT values (2239, 2209, 2210, 4644, 18.31, 22.85, -5.13, 18.31, 22.88, -5.14, 0.01, 123.53, -15.61);
insert into SHOT values (2240, 2210, 2211, 4644, 25.00, 345.00, 0.00, 25.00, 344.98, 0.00, 0.01, 281.02, 0.00);
insert into SHOT values (2241, 2209, 2212, 4644, 16.97, 341.71, -37.81, 16.97, 341.74, -37.81, 0.01, 88.41, 24.17);
insert into SHOT values (2242, 2186, 2213, 4644, 5.14, 163.79, 2.47, 5.10, 163.59, 2.36, 0.04, 8.93, -15.48);
insert into SHOT values (2243, 2213, 2214, 4644, 5.82, 236.05, -10.38, 5.79, 236.17, -10.45, 0.03, 34.79, -2.39);
insert into SHOT values (2244, 2214, 2215, 4644, 6.31, 188.33, -1.87, 6.27, 188.17, -1.92, 0.05, 30.55, -5.02);
insert into SHOT values (2245, 2215, 2216, 4644, 18.84, 246.54, -31.92, 18.82, 247.13, -32.46, 0.24, 11.32, -34.71);
insert into SHOT values (2246, 2216, 2217, 4644, 9.61, 345.37, -34.94, 9.63, 345.67, -34.74, 0.06, 32.00, 13.83);
insert into SHOT values (2247, 2174, 2218, 4644, 2.02, 44.64, 75.04, 2.02, 45.00, 74.98, 0.00, 105.99, -22.28);
insert into SHOT values (2248, 2174, 2219, 4644, 3.01, 160.58, 70.96, 3.01, 160.46, 70.84, 0.01, 138.14, -45.34);
insert into SHOT values (2249, 2174, 2220, 4644, 0.66, 141.90, -82.97, 0.67, 144.46, -82.57, 0.01, 178.59, -37.63);
insert into SHOT values (2250, 2174, 2221, 4644, 1.34, 103.05, -81.33, 1.35, 104.04, -81.19, 0.01, 143.73, -44.30);
insert into SHOT values (2251, 2174, 2222, 4644, 3.68, 57.49, 5.74, 3.68, 57.61, 5.77, 0.01, 164.25, 13.36);
insert into SHOT values (2252, 2174, 2223, 4644, 1.51, 37.66, -4.19, 1.51, 37.71, -4.18, 0.00, 182.75, 8.45);
insert into SHOT values (2253, 2174, 2224, 4644, 2.49, 220.02, 6.30, 2.49, 219.92, 6.22, 0.01, 161.61, -33.61);
insert into SHOT values (2254, 2178, 2225, 4644, 7.54, 9.98, 87.82, 7.55, 9.78, 87.76, 0.01, 2.24, 35.93);
insert into SHOT values (2255, 2178, 2226, 4644, 8.78, 352.85, 85.72, 8.78, 352.98, 85.72, 0.00, 95.92, 70.75);
insert into SHOT values (2256, 2178, 2227, 4644, 1.50, 122.39, -80.23, 1.50, 121.76, -80.53, 0.01, 322.13, -12.30);
insert into SHOT values (2257, 2178, 2228, 4644, 1.54, 289.82, -66.08, 1.54, 290.45, -65.94, 0.01, 342.71, -14.64);
insert into SHOT values (2258, 2178, 2229, 4644, 5.92, 103.46, 9.74, 5.91, 103.39, 9.74, 0.01, 331.51, -9.41);
insert into SHOT values (2259, 2178, 2230, 4644, 0.98, 101.10, 16.66, 0.98, 101.07, 16.63, 0.00, 300.06, -32.55);
insert into SHOT values (2260, 2178, 2231, 4644, 1.28, 278.82, 17.77, 1.29, 278.92, 17.66, 0.01, 299.48, -5.91);
insert into SHOT values (2261, 2178, 2232, 4644, 5.17, 286.07, 10.35, 5.17, 286.08, 10.36, 0.00, 307.22, 17.83);
insert into SHOT values (2262, 2193, 2233, 4644, 5.81, 177.48, 82.79, 5.81, 176.82, 82.88, 0.01, 43.09, 27.08);
insert into SHOT values (2263, 2193, 2234, 4644, 5.29, 101.66, 74.68, 5.30, 101.55, 74.70, 0.01, 25.36, 71.06);
insert into SHOT values (2264, 2193, 2235, 4644, 1.49, 238.41, -85.03, 1.49, 241.39, -85.16, 0.01, 359.68, 29.99);
insert into SHOT values (2265, 2193, 2236, 4644, 4.15, 95.34, 36.05, 4.16, 95.29, 36.06, 0.01, 76.29, 39.12);
insert into SHOT values (2266, 2193, 2237, 4644, 8.28, 84.04, 7.65, 8.29, 83.99, 7.69, 0.01, 45.53, 34.50);
insert into SHOT values (2267, 2193, 2238, 4644, 8.72, 230.87, -2.95, 8.71, 230.88, -2.96, 0.01, 42.60, -8.96);
insert into SHOT values (2268, 2193, 2239, 4644, 12.14, 212.02, 6.97, 12.13, 212.00, 7.01, 0.01, 52.90, 30.46);
insert into SHOT values (2269, 2195, 2240, 4644, 6.92, 57.44, 86.16, 6.93, 57.34, 86.16, 0.01, 314.53, 81.40);
insert into SHOT values (2270, 2195, 2241, 4644, 9.97, 136.21, 60.95, 9.97, 136.17, 60.98, 0.01, 358.00, 41.94);
insert into SHOT values (2271, 2195, 2242, 4644, 1.68, 237.38, -87.89, 1.68, 239.04, -88.01, 0.00, 32.10, -16.10);
insert into SHOT values (2272, 2195, 2243, 4644, 9.51, 350.13, 1.43, 9.51, 350.13, 1.45, 0.00, 354.29, 35.90);
insert into SHOT values (2273, 2195, 2244, 4644, 1.26, 146.63, 26.54, 1.26, 146.59, 26.44, 0.00, 359.07, -65.18);
insert into SHOT values (2274, 2199, 2245, 4644, 4.17, 359.46, 46.16, 4.17, 359.41, 46.16, 0.00, 302.80, 34.54);
insert into SHOT values (2275, 2199, 2246, 4644, 1.74, 24.43, 82.35, 1.74, 25.46, 82.30, 0.01, 101.99, -46.42);
insert into SHOT values (2276, 2199, 2247, 4644, 2.84, 157.25, -2.92, 2.84, 157.23, -2.82, 0.01, 143.94, 40.98);
insert into SHOT values (2277, 2199, 2248, 4644, 2.78, 159.67, -0.60, 2.78, 159.61, -0.62, 0.01, 128.26, -9.42);
insert into SHOT values (2278, 2200, 2249, 4644, 7.14, 51.65, 87.07, 7.14, 51.58, 87.03, 0.01, 46.79, -7.32);
insert into SHOT values (2279, 2200, 2250, 4644, 1.56, 150.56, -80.91, 1.56, 150.26, -81.07, 0.00, 346.21, 4.90);
insert into SHOT values (2280, 2200, 2251, 4644, 0.18, 357.04, -16.98, 0.18, 356.63, -16.36, 0.00, 209.99, 49.13);
insert into SHOT values (2281, 2200, 2252, 4644, 3.17, 306.25, 26.10, 3.17, 306.26, 26.24, 0.01, 119.95, 39.13);
insert into SHOT values (2282, 2200, 2253, 4644, 4.04, 146.74, 4.58, 4.04, 146.74, 4.54, 0.00, 151.82, -41.62);
insert into SHOT values (2283, 2205, 2254, 4644, 1.19, 0.29, 83.73, 1.19, 0.00, 83.71, 0.00, 273.23, -77.12);
insert into SHOT values (2284, 2205, 2255, 4644, 1.19, 316.76, -87.71, 1.19, 323.13, -87.59, 0.01, 25.65, -9.08);
insert into SHOT values (2285, 2205, 2256, 4644, 2.00, 357.99, 5.06, 2.00, 357.99, 5.17, 0.00, 187.30, 74.66);
insert into SHOT values (2286, 2205, 2257, 4644, 26.77, 79.79, -3.19, 26.78, 79.79, -3.19, 0.01, 65.12, -3.54);
insert into SHOT values (2287, 2205, 2258, 4644, 0.96, 159.93, -0.53, 0.96, 159.86, -0.60, 0.00, 18.99, -32.46);
insert into SHOT values (2288, 2208, 2259, 4644, 0.74, 320.77, 78.20, 0.74, 320.71, 78.98, 0.01, 141.69, 31.50);
insert into SHOT values (2289, 2208, 2260, 4644, 1.06, 309.13, -76.67, 1.06, 308.29, -76.77, 0.00, 185.68, 18.73);
insert into SHOT values (2290, 2208, 2261, 4644, 2.06, 279.45, -13.93, 2.06, 279.23, -14.06, 0.01, 164.58, -25.43);
insert into SHOT values (2291, 2208, 2262, 4644, 32.55, 23.68, 1.39, 32.55, 23.68, 1.39, 0.00, 125.66, 21.46);
insert into SHOT values (2292, 2208, 2263, 4644, 4.12, 129.04, 33.46, 4.12, 129.10, 33.42, 0.01, 176.51, -17.40);
insert into SURVEY values (4646, 68, 'jetstream', 'jetstream.clearwater_master', NULL);
 insert into CENTRELINE values (4647, 4646, NULL, NULL, NULL, 0.00, 0.00, 0.00);
 insert into CENTRELINE values (4648, 4646, NULL, '2011-07-06', NULL, 2060.46, 0.00, 0.00);
 insert into SHOT values (2293, 2264, 2265, 4648, 22.74, 193.20, 4.00, 22.74, 193.20, 4.01, 0.01, 175.80, 44.10);
insert into SHOT values (2294, 2265, 2266, 4648, 6.67, 108.28, 13.79, 6.67, 108.27, 13.71, 0.01, 85.56, -66.52);
insert into SHOT values (2295, 2265, 2267, 4648, 1.04, 252.58, -11.49, 1.04, 252.81, -11.69, 0.01, 25.30, -26.64);
insert into SHOT values (2296, 2265, 2268, 4648, 10.55, 102.36, 75.15, 10.55, 102.39, 75.16, 0.00, 248.55, -43.29);
insert into SHOT values (2297, 2265, 2269, 4648, 1.41, 149.65, -64.45, 1.42, 149.68, -64.37, 0.01, 153.19, -48.47);
insert into SHOT values (2298, 2265, 2270, 4648, 11.21, 57.79, 39.24, 11.21, 57.76, 39.25, 0.01, 310.41, 8.45);
insert into SHOT values (2299, 2270, 2271, 4648, 6.58, 21.29, 14.02, 6.58, 21.30, 13.98, 0.00, 95.11, -73.54);
insert into SHOT values (2300, 2270, 2272, 4648, 8.65, 191.91, 11.68, 8.65, 191.85, 11.67, 0.01, 113.50, -5.04);
insert into SHOT values (2301, 2270, 2273, 4648, 3.40, 165.08, 81.53, 3.40, 165.14, 81.42, 0.01, 170.12, -25.25);
insert into SHOT values (2302, 2270, 2274, 4648, 0.69, 116.68, -70.45, 0.69, 117.65, -69.96, 0.01, 144.81, -22.71);
insert into SHOT values (2303, 2270, 2275, 4648, 18.73, 61.99, 30.80, 18.73, 62.02, 30.79, 0.01, 162.37, -21.63);
insert into SHOT values (2304, 2275, 2276, 4648, 3.39, 301.16, -3.89, 3.39, 301.20, -3.89, 0.00, 90.62, -0.25);
insert into SHOT values (2305, 2275, 2277, 4648, 15.74, 112.12, 45.00, 15.74, 112.12, 45.00, 0.00, 306.29, -27.40);
insert into SHOT values (2306, 2275, 2278, 4648, 7.99, 47.46, 78.83, 7.99, 47.35, 78.82, 0.01, 357.52, 41.35);
insert into SHOT values (2307, 2275, 2279, 4648, 1.16, 358.64, -75.30, 1.17, 0.00, -75.13, 0.01, 54.68, -30.55);
insert into SHOT values (2308, 2275, 2280, 4648, 17.03, 11.57, 4.31, 17.03, 11.58, 4.31, 0.01, 45.25, 2.15);
insert into SHOT values (2309, 2280, 2281, 4648, 2.78, 293.37, 6.08, 2.78, 293.42, 5.98, 0.01, 33.10, -65.16);
insert into SHOT values (2310, 2280, 2282, 4648, 6.62, 117.34, 23.51, 6.62, 117.37, 23.51, 0.01, 266.67, -22.78);
insert into SHOT values (2311, 2280, 2283, 4648, 10.76, 339.71, 85.16, 10.76, 339.37, 85.16, 0.01, 250.90, -40.62);
insert into SHOT values (2312, 2280, 2284, 4648, 2.02, 202.23, -52.76, 2.02, 202.15, -52.85, 0.00, 47.59, -3.90);
insert into SHOT values (2313, 2280, 2285, 4648, 8.25, 312.23, 27.22, 8.25, 312.24, 27.20, 0.00, 98.55, -63.25);
insert into SHOT values (2314, 2280, 2286, 4648, 53.65, 313.45, 57.55, 53.65, 313.45, 57.55, 0.00, 333.11, -55.02);
insert into SHOT values (2315, 2280, 2287, 4648, 42.53, 319.76, 64.73, 42.53, 319.76, 64.73, 0.00, 281.16, -71.17);
insert into SHOT values (2316, 2280, 2288, 4648, 22.91, 335.07, 54.81, 22.91, 335.05, 54.81, 0.01, 270.07, 9.24);
insert into SHOT values (2317, 2280, 2289, 4648, 9.73, 359.92, 39.54, 9.72, 359.92, 39.53, 0.00, 136.18, -68.52);
insert into SHOT values (2318, 2280, 2290, 4648, 4.92, 22.81, -2.18, 4.93, 22.82, -2.21, 0.00, 31.08, -33.47);
insert into SHOT values (2319, 2280, 2291, 4648, 8.83, 315.57, -30.35, 8.83, 315.59, -30.35, 0.00, 79.68, 2.69);
insert into SHOT values (2320, 2280, 2292, 4648, 5.54, 68.66, 11.79, 5.54, 68.59, 11.77, 0.01, 315.83, -21.38);
insert into SHOT values (2321, 2280, 2293, 4648, 6.23, 87.44, 51.83, 6.23, 87.47, 51.82, 0.00, 148.92, -23.39);
insert into SHOT values (2322, 2280, 2294, 4648, 9.41, 132.35, 80.55, 9.41, 132.37, 80.56, 0.00, 287.81, 23.33);
insert into SHOT values (2323, 2280, 2295, 4648, 6.39, 141.84, 51.72, 6.39, 141.77, 51.74, 0.01, 35.97, 16.96);
insert into SHOT values (2324, 2280, 2296, 4648, 8.77, 172.07, 27.76, 8.77, 172.08, 27.72, 0.01, 266.21, -80.02);
insert into SHOT values (2325, 2280, 2297, 4648, 7.32, 177.41, 16.64, 7.32, 177.39, 16.59, 0.01, 132.22, -57.52);
insert into SHOT values (2326, 2298, 2280, 4648, 18.46, 142.27, -46.39, 18.45, 142.28, -46.38, 0.00, 227.77, 76.20);
insert into SHOT values (2327, 2298, 2299, 4648, 5.00, 197.54, -2.88, 5.00, 197.60, -2.87, 0.01, 286.69, 13.06);
insert into SHOT values (2328, 2298, 2300, 4648, 0.91, 59.90, -1.69, 0.91, 59.79, -1.25, 0.01, 347.46, 75.01);
insert into SHOT values (2329, 2298, 2301, 4648, 10.98, 135.48, 72.91, 10.98, 135.50, 72.93, 0.00, 294.85, 15.58);
insert into SHOT values (2330, 2298, 2302, 4648, 1.21, 55.32, -68.93, 1.20, 54.46, -68.99, 0.01, 292.09, 43.23);
insert into SHOT values (2331, 2298, 2303, 4648, 21.52, 264.01, 74.71, 21.53, 264.04, 74.70, 0.01, 296.27, 52.54);
insert into SHOT values (2332, 2304, 2303, 4648, 7.53, 164.97, 26.43, 7.53, 164.95, 26.43, 0.00, 128.76, 10.27);
insert into SHOT values (2333, 2304, 2305, 4648, 4.38, 206.38, 7.10, 4.38, 206.33, 7.07, 0.01, 168.95, -12.29);
insert into SHOT values (2334, 2304, 2306, 4648, 2.45, 14.25, 2.95, 2.45, 14.43, 2.81, 0.01, 93.60, -37.09);
insert into SHOT values (2335, 2304, 2307, 4648, 20.46, 222.26, 81.40, 20.45, 222.08, 81.40, 0.01, 130.73, -32.66);
insert into SHOT values (2336, 2304, 2308, 4648, 1.46, 226.42, -84.41, 1.47, 225.00, -84.47, 0.01, 122.95, -62.57);
insert into SHOT values (2337, 2304, 2309, 4648, 5.06, 239.50, 1.32, 5.06, 239.48, 1.25, 0.01, 128.62, -76.22);
insert into SHOT values (2338, 2304, 2310, 4648, 7.29, 266.69, 7.93, 7.29, 266.67, 7.88, 0.01, 157.65, -62.71);
insert into SHOT values (2339, 2304, 2311, 4648, 6.75, 287.38, 6.98, 6.75, 287.38, 6.98, 0.01, 107.75, -5.29);
insert into SHOT values (2340, 2304, 2312, 4648, 4.51, 321.36, 5.59, 4.50, 321.34, 5.61, 0.01, 149.14, 0.99);
insert into SHOT values (2341, 2304, 2313, 4648, 9.41, 305.97, 39.85, 9.41, 305.93, 39.85, 0.01, 181.02, -28.04);
insert into SHOT values (2342, 2304, 2314, 4648, 14.83, 267.02, 49.81, 14.83, 267.00, 49.83, 0.01, 105.79, -1.90);
insert into SHOT values (2343, 2304, 2315, 4648, 25.90, 287.97, 54.20, 25.89, 287.96, 54.20, 0.01, 168.94, -54.59);
insert into SHOT values (2344, 2304, 2316, 4648, 22.16, 250.17, 80.51, 22.15, 250.12, 80.52, 0.01, 95.26, -39.90);
insert into SHOT values (2345, 2304, 2317, 4648, 52.73, 235.14, 74.61, 52.73, 235.13, 74.61, 0.00, 114.10, -2.82);
insert into SHOT values (2346, 2304, 2318, 4648, 51.63, 264.82, 66.43, 51.63, 264.80, 66.43, 0.01, 153.53, -47.73);
insert into SHOT values (2347, 2304, 2319, 4648, 22.05, 287.33, 66.91, 22.04, 287.30, 66.92, 0.01, 139.92, -24.98);
insert into SHOT values (2348, 2304, 2320, 4648, 15.35, 294.92, 83.46, 15.35, 294.80, 83.49, 0.01, 140.55, 5.89);
insert into SHOT values (2349, 2304, 2321, 4648, 25.36, 256.33, 68.05, 25.36, 256.27, 68.05, 0.01, 167.68, -24.69);
insert into SHOT values (2350, 2321, 2322, 4648, 4.79, 122.42, 3.03, 4.79, 122.36, 2.99, 0.01, 49.27, -30.94);
insert into SHOT values (2351, 2321, 2323, 4648, 5.72, 305.55, -14.51, 5.72, 305.59, -14.49, 0.01, 78.30, 31.52);
insert into SHOT values (2352, 2321, 2324, 4648, 29.23, 320.62, 85.07, 29.24, 320.81, 85.06, 0.01, 25.69, 29.66);
insert into SHOT values (2353, 2321, 2325, 4648, 24.19, 41.63, -71.67, 24.19, 41.65, -71.65, 0.01, 58.71, 19.86);
insert into SHOT values (2354, 2321, 2326, 4648, 4.76, 21.74, -8.65, 4.77, 21.78, -8.68, 0.01, 41.66, -22.06);
insert into SHOT values (2355, 2321, 2327, 4648, 5.16, 223.11, 61.20, 5.17, 223.20, 61.27, 0.01, 1.38, 37.54);
insert into SHOT values (2356, 2327, 2328, 4648, 8.73, 94.25, 37.82, 8.73, 94.24, 37.79, 0.00, 45.47, -68.64);
insert into SHOT values (2357, 2327, 2329, 4648, 9.59, 332.96, 1.46, 9.58, 332.98, 1.44, 0.01, 132.02, -24.51);
insert into SHOT values (2358, 2327, 2330, 4648, 27.20, 14.75, 85.38, 27.20, 14.80, 85.38, 0.00, 58.96, -32.30);
insert into SHOT values (2359, 2327, 2331, 4648, 13.37, 6.38, -48.61, 13.37, 6.37, -48.65, 0.01, 202.07, -53.88);
insert into SHOT values (2360, 2327, 2332, 4648, 12.65, 176.36, 44.62, 12.65, 176.37, 44.59, 0.01, 198.23, -42.51);
insert into SHOT values (2361, 2332, 2333, 4648, 24.61, 94.84, 37.82, 24.62, 94.84, 37.81, 0.01, 84.76, -26.63);
insert into SHOT values (2362, 2332, 2334, 4648, 10.98, 298.69, 11.45, 10.98, 298.71, 11.45, 0.00, 73.27, -7.86);
insert into SHOT values (2363, 2332, 2335, 4648, 11.89, 36.39, 78.45, 11.89, 36.49, 78.42, 0.01, 62.40, 27.19);
insert into SHOT values (2364, 2332, 2336, 4648, 22.10, 358.68, -40.02, 22.11, 358.68, -40.00, 0.01, 359.50, 24.46);
insert into SHOT values (2365, 2332, 2337, 4648, 7.21, 228.35, 25.74, 7.20, 228.37, 25.75, 0.01, 21.56, -7.46);
insert into SHOT values (2366, 2337, 2338, 4648, 8.65, 76.81, -4.62, 8.65, 76.87, -4.64, 0.01, 137.48, -19.12);
insert into SHOT values (2367, 2337, 2339, 4648, 18.00, 75.52, 13.01, 18.01, 75.54, 13.00, 0.01, 139.13, -20.59);
insert into SHOT values (2368, 2337, 2340, 4648, 24.60, 76.54, 25.12, 24.60, 76.55, 25.12, 0.00, 151.69, -18.47);
insert into SHOT values (2369, 2337, 2341, 4648, 4.21, 76.79, 44.40, 4.21, 76.75, 44.42, 0.00, 330.42, 35.52);
insert into SHOT values (2370, 2337, 2342, 4648, 11.77, 63.46, 67.26, 11.76, 63.49, 67.26, 0.00, 144.24, -10.98);
insert into SHOT values (2371, 2337, 2343, 4648, 9.77, 225.22, 76.92, 9.77, 225.18, 76.91, 0.00, 181.92, 15.07);
insert into SHOT values (2372, 2337, 2344, 4648, 9.88, 230.12, 49.43, 9.88, 230.11, 49.41, 0.00, 211.00, -45.69);
insert into SHOT values (2373, 2337, 2345, 4648, 16.29, 262.74, 41.05, 16.29, 262.75, 41.07, 0.01, 67.23, 24.01);
insert into SHOT values (2374, 2337, 2346, 4648, 5.47, 288.17, 26.58, 5.46, 288.14, 26.65, 0.01, 128.18, 22.92);
insert into SHOT values (2375, 2337, 2347, 4648, 6.85, 285.46, 59.10, 6.85, 285.50, 59.11, 0.00, 24.26, 30.65);
insert into SHOT values (2376, 2337, 2348, 4648, 6.12, 308.42, 4.39, 6.12, 308.41, 4.41, 0.00, 227.04, 58.77);
insert into SHOT values (2377, 2337, 2349, 4648, 10.21, 342.20, 31.03, 10.21, 342.23, 31.02, 0.00, 57.82, -19.71);
insert into SHOT values (2378, 2337, 2350, 4648, 9.72, 328.59, 67.49, 9.72, 328.53, 67.52, 0.01, 188.49, 14.47);
insert into SHOT values (2379, 2337, 2351, 4648, 11.97, 42.07, 70.57, 11.97, 42.15, 70.59, 0.01, 172.97, -22.83);
insert into SHOT values (2380, 2337, 2352, 4648, 9.56, 97.89, 16.27, 9.56, 97.89, 16.28, 0.00, 228.16, 77.64);
insert into SHOT values (2381, 2337, 2353, 4648, 17.87, 74.60, 15.34, 17.87, 74.63, 15.34, 0.01, 139.87, 16.93);
insert into SHOT values (2382, 2353, 2354, 4648, 6.75, 15.24, -3.91, 6.75, 15.23, -3.91, 0.01, 6.24, 0.78);
insert into SHOT values (2383, 2353, 2355, 4648, 22.42, 238.00, -0.73, 22.41, 238.02, -0.74, 0.01, 359.99, -26.56);
insert into SHOT values (2384, 2353, 2356, 4648, 7.00, 128.93, 83.14, 6.99, 128.66, 83.16, 0.01, 0.52, -44.50);
insert into SHOT values (2385, 2353, 2357, 4648, 6.22, 42.43, -27.71, 6.22, 42.35, -27.69, 0.01, 322.93, 13.16);
insert into SHOT values (2386, 2353, 2358, 4648, 7.44, 131.03, 11.12, 7.43, 131.05, 11.09, 0.01, 292.80, -29.62);
insert into SHOT values (2387, 2358, 2359, 4648, 5.97, 62.69, -3.91, 5.98, 62.75, -3.84, 0.01, 128.42, 48.14);
insert into SHOT values (2388, 2358, 2360, 4648, 7.10, 246.18, 7.38, 7.09, 246.17, 7.46, 0.01, 74.04, 42.90);
insert into SHOT values (2389, 2358, 2361, 4648, 7.01, 195.61, 83.21, 7.01, 195.38, 83.20, 0.00, 122.27, 2.59);
insert into SHOT values (2390, 2358, 2362, 4648, 3.66, 164.39, -36.64, 3.66, 164.40, -36.57, 0.00, 180.95, 57.61);
insert into SHOT values (2391, 2358, 2363, 4648, 15.78, 151.07, -5.75, 15.78, 151.05, -5.75, 0.01, 74.87, 10.63);
insert into SHOT values (2392, 2363, 2364, 4648, 7.51, 51.13, -13.53, 7.51, 51.17, -13.47, 0.01, 154.70, 57.40);
insert into SHOT values (2393, 2363, 2365, 4648, 7.38, 214.37, 5.31, 7.39, 214.36, 5.36, 0.01, 178.02, 72.26);
insert into SHOT values (2394, 2363, 2366, 4648, 9.62, 141.35, 78.00, 9.62, 141.30, 78.01, 0.00, 26.58, 29.74);
insert into SHOT values (2395, 2363, 2367, 4648, 3.77, 102.62, -52.83, 3.77, 102.69, -52.82, 0.01, 242.01, 52.14);
insert into SHOT values (2396, 2363, 2368, 4648, 22.17, 106.51, 3.60, 22.18, 106.51, 3.62, 0.01, 111.73, 66.43);
insert into SHOT values (2397, 2368, 2369, 4648, 1.86, 18.85, 0.43, 1.86, 18.82, 0.31, 0.00, 258.24, -76.46);
insert into SHOT values (2398, 2368, 2370, 4648, 3.59, 205.66, 38.95, 3.58, 205.74, 38.92, 0.01, 335.70, -45.13);
insert into SHOT values (2399, 2368, 2371, 4648, 9.92, 142.54, 79.83, 9.92, 142.67, 79.85, 0.01, 272.38, -31.18);
insert into SHOT values (2400, 2368, 2372, 4648, 1.50, 117.14, -57.71, 1.50, 116.89, -57.92, 0.01, 337.12, -33.76);
insert into SHOT values (2401, 2368, 2373, 4648, 10.16, 117.53, 17.07, 10.16, 117.54, 17.06, 0.01, 275.83, -31.76);
insert into SHOT values (2402, 2373, 2374, 4648, 0.68, 120.32, 13.80, 0.68, 120.07, 13.65, 0.00, 77.45, -13.38);
insert into SHOT values (2403, 2373, 2375, 4648, 5.93, 248.70, 23.14, 5.92, 248.67, 23.17, 0.01, 94.55, 9.73);
insert into SHOT values (2404, 2373, 2376, 4648, 10.50, 223.76, 61.27, 10.50, 223.72, 61.26, 0.01, 174.51, 34.40);
insert into SHOT values (2405, 2373, 2377, 4648, 1.08, 192.08, -62.63, 1.08, 191.53, -62.48, 0.01, 135.19, -0.11);
insert into SHOT values (2406, 2373, 2378, 4648, 30.75, 173.08, 1.22, 30.75, 173.07, 1.21, 0.01, 115.07, -34.22);
insert into SHOT values (2407, 2378, 2379, 4648, 13.44, 7.75, 13.74, 13.43, 7.75, 13.74, 0.00, 180.20, -28.95);
insert into SHOT values (2408, 2378, 2380, 4648, 3.21, 175.17, 34.51, 3.21, 175.24, 34.49, 0.00, 238.38, -5.41);
insert into SHOT values (2409, 2378, 2381, 4648, 5.38, 285.60, 86.31, 5.38, 286.39, 86.22, 0.01, 316.03, 23.27);
insert into SHOT values (2410, 2378, 2382, 4648, 2.93, 46.26, -46.99, 2.93, 46.22, -47.02, 0.00, 271.72, -11.47);
insert into SHOT values (2411, 2378, 2383, 4648, 28.95, 48.39, 5.63, 28.95, 48.38, 5.63, 0.01, 316.67, -5.01);
insert into SHOT values (2412, 2383, 2384, 4648, 7.46, 14.69, 45.14, 7.46, 14.75, 45.14, 0.01, 120.19, -7.34);
insert into SHOT values (2413, 2383, 2385, 4648, 4.30, 185.76, 11.23, 4.30, 185.71, 11.26, 0.00, 85.69, 26.02);
insert into SHOT values (2414, 2383, 2386, 4648, 10.61, 28.03, 81.49, 10.62, 28.20, 81.52, 0.01, 158.92, 51.51);
insert into SHOT values (2415, 2383, 2387, 4648, 1.79, 286.84, -78.64, 1.79, 286.39, -78.55, 0.00, 235.16, 39.92);
insert into SHOT values (2416, 2383, 2388, 4648, 4.02, 131.62, 1.20, 4.02, 131.57, 1.28, 0.01, 88.65, 50.96);
insert into SHOT values (2417, 2383, 2389, 4648, 11.79, 118.24, -7.47, 11.79, 118.23, -7.46, 0.00, 49.04, 54.93);
insert into SHOT values (2418, 2389, 2390, 4648, 0.22, 80.93, 8.96, 0.22, 81.87, 10.68, 0.01, 213.85, 51.84);
insert into SHOT values (2419, 2389, 2391, 4648, 8.23, 251.46, 40.26, 8.23, 251.42, 40.28, 0.01, 147.79, 36.21);
insert into SHOT values (2420, 2389, 2392, 4648, 12.27, 235.27, 63.02, 12.28, 235.23, 62.99, 0.01, 205.26, 12.37);
insert into SHOT values (2421, 2389, 2393, 4648, 1.45, 221.18, -64.90, 1.45, 221.10, -64.54, 0.01, 215.37, 19.56);
insert into SHOT values (2422, 2389, 2394, 4648, 12.43, 169.93, -0.88, 12.43, 169.95, -0.88, 0.00, 284.70, 13.65);
insert into SHOT values (2423, 2394, 2395, 4648, 1.27, 94.71, 16.78, 1.28, 94.69, 16.82, 0.01, 90.63, 22.98);
insert into SHOT values (2424, 2394, 2396, 4648, 1.73, 255.68, 13.79, 1.73, 255.55, 13.69, 0.00, 182.69, -35.68);
insert into SHOT values (2425, 2394, 2397, 4648, 14.15, 219.20, 47.09, 14.16, 219.19, 47.10, 0.00, 161.36, 56.29);
insert into SHOT values (2426, 2394, 2398, 4648, 2.97, 221.45, -44.40, 2.97, 221.36, -44.47, 0.01, 90.51, -32.68);
insert into SHOT values (2427, 2394, 2399, 4648, 9.64, 179.90, -9.79, 9.65, 179.88, -9.78, 0.01, 160.04, -3.82);
insert into SHOT values (2428, 2399, 2400, 4648, 7.12, 30.73, 4.00, 7.12, 30.71, 4.02, 0.01, 11.28, 31.15);
insert into SHOT values (2429, 2399, 2401, 4648, 3.91, 203.60, 29.20, 3.91, 203.71, 29.27, 0.01, 318.79, 29.35);
insert into SHOT values (2430, 2399, 2402, 4648, 7.91, 276.50, 84.04, 7.91, 276.95, 84.01, 0.01, 329.46, 30.11);
insert into SHOT values (2431, 2399, 2403, 4648, 4.20, 41.69, -43.20, 4.21, 41.70, -43.20, 0.00, 47.36, -43.22);
insert into SHOT values (2432, 2399, 2404, 4648, 12.68, 53.54, 10.51, 12.67, 53.52, 10.50, 0.01, 311.99, -22.62);
insert into SHOT values (2433, 2404, 2405, 4648, 5.14, 324.68, 15.70, 5.14, 324.70, 15.79, 0.01, 100.99, 69.09);
insert into SHOT values (2434, 2404, 2406, 4648, 6.01, 109.48, 27.95, 6.02, 109.46, 27.96, 0.01, 88.70, 31.86);
insert into SHOT values (2435, 2404, 2407, 4648, 5.07, 307.27, 79.66, 5.07, 307.38, 79.71, 0.01, 102.44, 47.21);
insert into SHOT values (2436, 2404, 2408, 4648, 1.72, 31.17, -42.75, 1.72, 31.43, -42.75, 0.01, 124.00, 2.52);
insert into SHOT values (2437, 2404, 2409, 4648, 16.46, 185.09, 13.35, 16.46, 185.09, 13.35, 0.00, 143.94, 5.26);
insert into SHOT values (2438, 2404, 2410, 4648, 21.82, 51.52, 1.18, 21.83, 51.51, 1.18, 0.01, 26.99, 5.52);
insert into SHOT values (2439, 2410, 2411, 4648, 8.82, 321.16, 2.17, 8.82, 321.13, 2.21, 0.01, 185.03, 38.90);
insert into SHOT values (2440, 2410, 2412, 4648, 5.60, 141.20, 19.28, 5.61, 141.29, 19.27, 0.01, 205.59, -0.16);
insert into SHOT values (2441, 2410, 2413, 4648, 4.52, 46.23, 76.05, 4.52, 46.49, 76.06, 0.01, 140.41, 33.96);
insert into SHOT values (2442, 2410, 2414, 4648, 7.21, 44.51, -41.18, 7.20, 44.55, -41.19, 0.01, 195.25, 30.11);
insert into SHOT values (2443, 2410, 2415, 4648, 28.44, 81.91, 8.15, 28.44, 81.91, 8.15, 0.00, 233.87, -29.26);
insert into SHOT values (2444, 2410, 2416, 4648, 25.23, 109.03, 19.51, 25.23, 109.04, 19.52, 0.01, 196.18, 33.01);
insert into SHOT values (2445, 2410, 2417, 4648, 16.82, 106.52, 40.96, 16.83, 106.55, 40.96, 0.01, 183.76, 10.23);
insert into SHOT values (2446, 2410, 2418, 4648, 15.33, 77.65, 41.00, 15.33, 77.67, 41.01, 0.01, 215.17, 12.30);
insert into SHOT values (2447, 2410, 2419, 4648, 14.46, 56.15, 30.84, 14.46, 56.17, 30.87, 0.01, 203.72, 36.24);
insert into SHOT values (2448, 2410, 2420, 4648, 5.63, 158.67, 33.92, 5.64, 158.70, 33.95, 0.01, 182.44, 48.49);
insert into SHOT values (2449, 2410, 2421, 4648, 12.33, 47.55, 19.79, 12.33, 47.55, 19.81, 0.01, 224.27, 81.34);
insert into SHOT values (2450, 2410, 2422, 4648, 8.58, 46.80, -17.11, 8.58, 46.83, -17.08, 0.01, 120.54, 41.13);
insert into SHOT values (2451, 2410, 2423, 4648, 12.92, 29.79, -17.58, 12.91, 29.81, -17.58, 0.01, 174.64, 14.43);
insert into SHOT values (2452, 2410, 2424, 4648, 16.16, 4.11, -17.21, 16.15, 4.13, -17.21, 0.01, 147.43, 8.58);
insert into SHOT values (2453, 2410, 2425, 4648, 12.13, 345.87, -3.81, 12.12, 345.84, -3.78, 0.01, 204.93, 29.64);
insert into SHOT values (2454, 2410, 2426, 4648, 6.48, 317.73, 44.93, 6.48, 317.65, 44.96, 0.01, 221.52, 29.06);
insert into SHOT values (2455, 2410, 2427, 4648, 7.70, 305.55, 12.85, 7.70, 305.51, 12.83, 0.01, 214.71, -23.82);
insert into SHOT values (2456, 2410, 2428, 4648, 21.86, 11.28, 2.02, 21.86, 11.27, 2.02, 0.01, 205.79, -4.14);
insert into SHOT values (2457, 2428, 2429, 4648, 3.00, 310.45, 16.81, 3.00, 310.62, 16.85, 0.01, 25.88, 18.41);
insert into SHOT values (2458, 2428, 2430, 4648, 8.31, 114.73, 16.10, 8.31, 114.74, 16.14, 0.01, 132.96, 71.30);
insert into SHOT values (2459, 2428, 2431, 4648, 5.53, 87.53, 71.36, 5.53, 87.41, 71.32, 0.01, 55.81, 34.76);
insert into SHOT values (2460, 2428, 2432, 4648, 5.33, 50.61, -24.79, 5.34, 50.60, -24.68, 0.01, 47.63, 25.16);
insert into SHOT values (2461, 2428, 2433, 4648, 14.82, 74.57, 9.21, 14.82, 74.58, 9.20, 0.00, 118.01, -29.12);
insert into SHOT values (2462, 2433, 2434, 4648, 11.27, 306.50, -0.67, 11.27, 306.52, -0.66, 0.01, 356.79, 16.11);
insert into SHOT values (2463, 2433, 2435, 4648, 0.68, 110.24, -25.93, 0.68, 109.90, -25.18, 0.01, 70.75, 53.82);
insert into SHOT values (2464, 2433, 2436, 4648, 7.26, 322.38, 60.35, 7.27, 322.46, 60.37, 0.01, 38.68, 56.94);
insert into SHOT values (2465, 2433, 2437, 4648, 1.64, 333.49, -55.18, 1.63, 333.98, -55.10, 0.01, 59.73, 20.87);
insert into SHOT values (2466, 2433, 2438, 4648, 23.31, 341.32, -4.77, 23.31, 341.32, -4.75, 0.01, 359.01, 62.25);
insert into SHOT values (2467, 2439, 2438, 4648, 7.84, 245.12, -16.77, 7.84, 245.11, -16.75, 0.00, 214.87, 24.96);
insert into SHOT values (2468, 2439, 2440, 4648, 4.62, 299.14, -13.40, 4.61, 299.08, -13.42, 0.01, 157.89, -0.15);
insert into SHOT values (2469, 2439, 2441, 4648, 8.43, 82.07, 9.38, 8.43, 82.05, 9.35, 0.00, 342.16, -63.35);
insert into SHOT values (2470, 2439, 2442, 4648, 4.65, 54.36, 66.87, 4.64, 54.39, 66.91, 0.01, 224.60, -38.70);
insert into SHOT values (2471, 2439, 2443, 4648, 7.81, 332.95, -45.87, 7.81, 332.96, -45.91, 0.01, 136.07, -44.38);
insert into SHOT values (2472, 2439, 2444, 4648, 20.99, 22.30, -12.64, 20.99, 22.29, -12.66, 0.01, 336.40, -70.93);
insert into SHOT values (2473, 2444, 2445, 4648, 0.81, 319.91, -10.36, 0.80, 319.64, -10.08, 0.01, 170.48, 34.63);
insert into SHOT values (2474, 2444, 2446, 4648, 7.37, 119.01, 10.79, 7.38, 119.04, 10.85, 0.01, 141.43, 44.98);
insert into SHOT values (2475, 2444, 2447, 4648, 8.65, 100.03, 74.21, 8.66, 100.02, 74.21, 0.00, 83.37, 65.99);
insert into SHOT values (2476, 2444, 2448, 4648, 3.39, 80.76, -48.77, 3.39, 81.00, -48.73, 0.01, 155.46, 1.58);
insert into SHOT values (2477, 2444, 2449, 4648, 8.31, 66.66, 9.78, 8.31, 66.69, 9.84, 0.01, 209.51, 45.75);
insert into SHOT values (2478, 2449, 2450, 4648, 8.11, 282.73, 24.07, 8.10, 282.72, 24.03, 0.01, 128.15, -71.52);
insert into SHOT values (2479, 2449, 2451, 4648, 2.48, 149.16, 14.53, 2.48, 149.16, 14.49, 0.00, 148.54, -15.40);
insert into SHOT values (2480, 2449, 2452, 4648, 8.58, 256.60, 72.86, 8.58, 256.68, 72.93, 0.01, 58.42, 5.29);
insert into SHOT values (2481, 2449, 2453, 4648, 4.60, 215.42, -58.08, 4.59, 215.26, -58.13, 0.01, 85.05, 12.13);
insert into SHOT values (2482, 2449, 2454, 4648, 18.85, 10.71, 4.97, 18.86, 10.74, 4.96, 0.01, 62.12, -17.02);
insert into SHOT values (2483, 2454, 2455, 4648, 6.61, 305.59, -3.50, 6.61, 305.50, -3.47, 0.01, 227.27, 16.78);
insert into SHOT values (2484, 2454, 2456, 4648, 1.81, 120.01, 15.32, 1.80, 120.11, 15.47, 0.01, 278.05, 18.67);
insert into SHOT values (2485, 2454, 2457, 4648, 10.92, 56.88, 69.35, 10.92, 56.89, 69.39, 0.01, 231.70, 21.41);
insert into SHOT values (2486, 2454, 2458, 4648, 1.53, 99.38, -56.19, 1.53, 99.46, -56.16, 0.00, 225.14, 62.68);
insert into SHOT values (2487, 2454, 2459, 4648, 6.28, 23.60, 4.53, 6.27, 23.57, 4.57, 0.01, 223.07, 23.31);
insert into SHOT values (2488, 2459, 2460, 4648, 6.97, 276.78, -3.03, 6.97, 276.77, -3.04, 0.00, 225.79, -41.71);
insert into SHOT values (2489, 2459, 2461, 4648, 7.65, 99.49, 38.99, 7.65, 99.48, 38.95, 0.01, 87.92, -23.22);
insert into SHOT values (2490, 2459, 2462, 4648, 8.01, 58.89, 82.96, 8.00, 58.74, 82.94, 0.01, 353.69, -69.15);
insert into SHOT values (2491, 2459, 2463, 4648, 1.29, 16.67, -73.33, 1.30, 16.99, -73.11, 0.01, 33.54, -40.17);
insert into SHOT values (2492, 2459, 2464, 4648, 9.82, 113.48, 16.67, 9.82, 113.49, 16.63, 0.01, 234.29, -81.06);
insert into SHOT values (2493, 2459, 2465, 4648, 16.58, 24.71, -3.58, 16.59, 24.71, -3.59, 0.01, 19.44, -30.51);
insert into SHOT values (2494, 2465, 2466, 4648, 5.29, 306.37, 21.46, 5.28, 306.31, 21.54, 0.01, 170.37, 39.63);
insert into SHOT values (2495, 2465, 2467, 4648, 5.74, 137.14, 12.11, 5.75, 137.16, 12.15, 0.01, 153.17, 36.39);
insert into SHOT values (2496, 2465, 2468, 4648, 13.15, 76.08, 71.56, 13.16, 76.10, 71.56, 0.01, 103.47, 62.18);
insert into SHOT values (2497, 2465, 2469, 4648, 4.56, 54.94, -38.64, 4.56, 54.97, -38.73, 0.01, 221.10, -23.83);
insert into SHOT values (2498, 2465, 2470, 4648, 23.50, 15.53, 1.84, 23.49, 15.54, 1.85, 0.01, 167.80, 32.61);
insert into SHOT values (2499, 2465, 2471, 4648, 7.64, 15.44, 1.69, 7.64, 15.42, 1.73, 0.01, 230.54, 44.46);
insert into SHOT values (2500, 2465, 2472, 4648, 8.58, 15.53, 1.62, 8.57, 15.50, 1.60, 0.01, 255.29, -22.74);
insert into SHOT values (2501, 2472, 2473, 4648, 3.84, 261.68, 25.39, 3.84, 261.71, 25.46, 0.01, 58.70, 36.99);
insert into SHOT values (2502, 2472, 2474, 4648, 17.04, 69.22, 7.47, 17.04, 69.24, 7.48, 0.01, 148.68, 40.78);
insert into SHOT values (2503, 2472, 2475, 4648, 14.38, 56.26, 53.89, 14.38, 56.31, 53.90, 0.01, 158.70, 18.87);
insert into SHOT values (2504, 2472, 2476, 4648, 2.20, 4.92, -39.74, 2.19, 5.10, -39.69, 0.01, 142.12, 42.01);
insert into SHOT values (2505, 2472, 2477, 4648, 16.75, 59.18, 11.74, 16.75, 59.20, 11.74, 0.01, 116.37, 15.16);
insert into SHOT values (2506, 2472, 2478, 4648, 2.16, 57.49, -16.22, 2.16, 57.61, -16.15, 0.01, 156.72, 34.09);
insert into SHOT values (2507, 2472, 2479, 4648, 18.33, 74.24, -14.08, 18.33, 74.24, -14.05, 0.01, 53.74, 67.37);
insert into SHOT values (2508, 2472, 2480, 4648, 21.32, 68.77, 40.48, 21.32, 68.78, 40.47, 0.01, 103.52, 12.57);
insert into SHOT values (2509, 2472, 2481, 4648, 15.39, 3.99, 6.82, 15.39, 4.02, 6.83, 0.01, 132.63, 13.79);
insert into SHOT values (2510, 2481, 2482, 4648, 8.51, 257.04, 3.39, 8.51, 257.08, 3.37, 0.01, 346.10, -30.95);
insert into SHOT values (2511, 2481, 2483, 4648, 12.74, 51.16, 10.54, 12.74, 51.13, 10.54, 0.01, 303.57, -4.44);
insert into SHOT values (2512, 2481, 2484, 4648, 7.06, 68.27, 81.98, 7.07, 67.87, 82.01, 0.01, 313.74, 39.15);
insert into SHOT values (2513, 2481, 2485, 4648, 0.74, 338.42, -67.51, 0.74, 337.83, -66.79, 0.01, 319.79, 16.67);
insert into SHOT values (2514, 2481, 2486, 4648, 24.67, 56.72, 27.21, 24.67, 56.72, 27.21, 0.00, 11.33, 21.41);
insert into SHOT values (2515, 2481, 2487, 4648, 18.77, 304.70, -23.63, 18.77, 304.70, -23.62, 0.01, 153.55, 71.72);
insert into SHOT values (2516, 2481, 2488, 4648, 28.56, 299.55, -11.11, 28.56, 299.55, -11.10, 0.00, 202.22, 66.57);
insert into SHOT values (2517, 2481, 2489, 4648, 23.12, 294.59, 1.51, 23.12, 294.59, 1.51, 0.01, 301.13, 7.63);
insert into SHOT values (2518, 2481, 2490, 4648, 19.20, 296.28, 13.42, 19.21, 296.28, 13.43, 0.01, 281.20, 44.43);
insert into SHOT values (2519, 2481, 2491, 4648, 16.36, 311.67, 17.98, 16.37, 311.67, 17.97, 0.01, 303.80, -7.11);
insert into SHOT values (2520, 2481, 2492, 4648, 12.80, 339.52, 14.45, 12.81, 339.52, 14.47, 0.01, 338.44, 48.86);
insert into SHOT values (2521, 2481, 2493, 4648, 19.44, 356.44, -1.34, 19.44, 356.43, -1.33, 0.01, 319.24, 42.31);
insert into SHOT values (2522, 2481, 2494, 4648, 28.50, 26.37, 3.61, 28.50, 26.37, 3.62, 0.01, 264.62, 72.17);
insert into SHOT values (2523, 2481, 2495, 4648, 9.34, 83.75, 22.15, 9.33, 83.75, 22.16, 0.00, 254.82, 4.71);
insert into SHOT values (2524, 2481, 2496, 4648, 24.15, 19.78, -4.67, 24.15, 19.77, -4.66, 0.01, 263.91, 47.20);
insert into SHOT values (2525, 2481, 2497, 4648, 18.06, 19.79, -4.68, 18.06, 19.77, -4.67, 0.01, 325.24, 28.18);
insert into SHOT values (2526, 2497, 2498, 4648, 12.91, 291.06, -8.05, 12.90, 291.06, -8.07, 0.01, 110.94, -25.44);
insert into SHOT values (2527, 2497, 2499, 4648, 4.50, 113.79, 22.13, 4.49, 113.79, 22.09, 0.00, 189.08, -83.73);
insert into SHOT values (2528, 2497, 2500, 4648, 3.56, 275.25, 84.20, 3.57, 274.76, 84.19, 0.00, 202.79, 45.30);
insert into SHOT values (2529, 2497, 2501, 4648, 0.87, 313.93, -64.22, 0.87, 313.92, -64.62, 0.01, 134.86, -47.33);
insert into SHOT values (2530, 2497, 2502, 4648, 28.29, 248.55, -9.93, 28.29, 248.55, -9.93, 0.00, 297.66, -26.99);
insert into SHOT values (2531, 2497, 2503, 4648, 22.97, 244.53, -13.82, 22.96, 244.53, -13.83, 0.01, 80.46, -39.31);
insert into SHOT values (2532, 2497, 2504, 4648, 24.23, 26.31, 5.17, 24.23, 26.32, 5.16, 0.01, 135.11, -36.55);
insert into SHOT values (2533, 2504, 2505, 4648, 16.04, 301.92, -13.84, 16.04, 301.90, -13.82, 0.01, 225.44, 54.31);
insert into SHOT values (2534, 2504, 2506, 4648, 1.98, 115.87, 32.35, 1.98, 115.95, 32.43, 0.00, 245.71, 34.83);
insert into SHOT values (2535, 2504, 2507, 4648, 2.37, 59.64, 76.49, 2.38, 59.74, 76.47, 0.00, 92.38, 62.94);
insert into SHOT values (2536, 2504, 2508, 4648, 0.70, 77.47, -77.80, 0.69, 77.91, -78.11, 0.00, 243.37, 26.60);
insert into SHOT values (2537, 2504, 2509, 4648, 15.99, 12.88, -5.87, 15.99, 12.86, -5.85, 0.01, 319.10, 32.83);
insert into SHOT values (2538, 2509, 2510, 4648, 11.96, 278.64, -12.97, 11.96, 278.64, -13.00, 0.01, 129.69, -81.76);
insert into SHOT values (2539, 2509, 2511, 4648, 3.32, 102.68, 42.27, 3.32, 102.68, 42.19, 0.01, 105.87, -87.08);
insert into SHOT values (2540, 2509, 2512, 4648, 1.93, 1.20, 75.69, 1.93, 1.22, 75.89, 0.01, 179.96, -8.61);
insert into SHOT values (2541, 2509, 2513, 4648, 8.48, 290.04, -42.66, 8.48, 289.98, -42.68, 0.01, 175.63, -11.15);
insert into SHOT values (2542, 2509, 2514, 4648, 20.57, 347.30, -4.22, 20.57, 347.30, -4.24, 0.01, 176.63, -62.04);
insert into SHOT values (2543, 2514, 2515, 4648, 12.29, 261.39, -1.23, 12.28, 261.38, -1.21, 0.01, 103.20, 37.45);
insert into SHOT values (2544, 2514, 2516, 4648, 13.61, 96.02, 9.94, 13.62, 96.03, 9.94, 0.01, 116.32, 4.27);
insert into SHOT values (2545, 2514, 2517, 4648, 3.78, 324.73, 80.96, 3.79, 324.69, 81.06, 0.01, 149.09, 54.95);
insert into SHOT values (2546, 2514, 2518, 4648, 0.42, 257.09, -69.49, 0.42, 257.91, -69.84, 0.01, 53.62, 45.74);
insert into SHOT values (2547, 2514, 2519, 4648, 24.41, 359.33, -5.64, 24.41, 359.34, -5.64, 0.00, 92.42, -14.40);
insert into SHOT values (2548, 2519, 2520, 4648, 8.19, 281.11, 19.94, 8.20, 281.08, 19.97, 0.01, 229.42, 48.92);
insert into SHOT values (2549, 2519, 2521, 4648, 12.97, 98.58, 15.83, 12.96, 98.58, 15.85, 0.01, 282.56, 32.83);
insert into SHOT values (2550, 2519, 2522, 4648, 6.87, 359.04, 75.45, 6.87, 359.00, 75.50, 0.01, 191.34, 13.20);
insert into SHOT values (2551, 2519, 2523, 4648, 1.21, 20.88, -69.98, 1.21, 21.04, -69.87, 0.00, 44.87, -6.01);
insert into SHOT values (2552, 2519, 2524, 4648, 23.91, 138.16, 10.60, 23.91, 138.17, 10.61, 0.01, 220.47, 24.38);
insert into SHOT values (2553, 2519, 2525, 4648, 14.65, 10.19, 6.33, 14.65, 10.21, 6.35, 0.01, 145.99, 36.07);
insert into SHOT values (2554, 2525, 2526, 4648, 13.48, 339.54, 12.44, 13.49, 339.52, 12.42, 0.01, 293.88, -30.46);
insert into SHOT values (2555, 2525, 2527, 4648, 14.32, 117.59, 14.22, 14.32, 117.60, 14.23, 0.01, 273.44, 16.94);
insert into SHOT values (2556, 2525, 2528, 4648, 8.09, 118.16, 88.86, 8.09, 116.57, 88.89, 0.01, 342.42, 22.62);
insert into SHOT values (2557, 2525, 2529, 4648, 1.83, 62.80, -54.91, 1.83, 62.22, -54.98, 0.01, 325.16, -9.37);
insert into SHOT values (2558, 2525, 2530, 4648, 4.23, 236.79, -7.81, 4.23, 236.88, -7.75, 0.01, 294.12, 28.96);
insert into SHOT values (2559, 2530, 2531, 4648, 19.04, 138.34, 8.98, 19.05, 138.32, 8.97, 0.01, 69.26, -17.65);
insert into SHOT values (2560, 2530, 2532, 4648, 16.29, 334.16, 9.88, 16.29, 334.19, 9.86, 0.01, 44.84, -35.26);
insert into SHOT values (2561, 2530, 2533, 4648, 9.62, 276.99, 71.22, 9.62, 277.06, 71.24, 0.01, 56.87, 2.68);
insert into SHOT values (2562, 2530, 2534, 4648, 1.48, 244.33, -69.56, 1.48, 244.44, -69.86, 0.01, 56.31, -24.38);
insert into SHOT values (2563, 2530, 2535, 4648, 11.31, 294.96, -1.63, 11.31, 294.96, -1.67, 0.01, 124.92, -58.72);
insert into SHOT values (2564, 2535, 2536, 4648, 5.88, 220.12, 6.76, 5.88, 220.13, 6.84, 0.01, 24.84, 58.73);
insert into SHOT values (2565, 2535, 2537, 4648, 6.64, 8.99, 3.61, 6.64, 8.94, 3.62, 0.01, 321.52, 13.70);
insert into SHOT values (2566, 2535, 2538, 4648, 10.96, 295.75, 77.28, 10.96, 295.82, 77.29, 0.00, 66.39, -14.48);
insert into SHOT values (2567, 2535, 2539, 4648, 2.73, 227.15, -60.62, 2.73, 227.12, -60.67, 0.00, 65.89, -28.04);
insert into SHOT values (2568, 2535, 2540, 4648, 45.05, 313.46, -29.78, 45.05, 313.47, -29.77, 0.01, 37.10, 53.89);
insert into SHOT values (2569, 2525, 2541, 4648, 33.24, 309.83, 25.91, 33.25, 309.83, 25.91, 0.01, 316.48, 21.89);
insert into SHOT values (2570, 2525, 2542, 4648, 8.23, 28.89, -4.12, 8.23, 28.84, -4.11, 0.01, 265.32, 11.38);
insert into SHOT values (2571, 2542, 2543, 4648, 3.82, 318.36, 2.91, 3.82, 318.40, 2.85, 0.00, 69.36, -50.37);
insert into SHOT values (2572, 2542, 2544, 4648, 19.30, 117.38, 9.82, 19.31, 117.35, 9.81, 0.01, 47.35, -11.98);
insert into SHOT values (2573, 2542, 2545, 4648, 9.52, 45.52, 81.12, 9.51, 45.55, 81.11, 0.01, 74.30, -71.42);
insert into SHOT values (2574, 2542, 2546, 4648, 1.32, 110.08, -64.75, 1.32, 109.72, -64.68, 0.00, 32.89, 29.89);
insert into SHOT values (2575, 2542, 2547, 4648, 9.56, 6.97, -9.39, 9.57, 7.00, -9.38, 0.01, 34.90, -1.51);
insert into SHOT values (2576, 2547, 2548, 4648, 5.39, 323.78, -15.18, 5.38, 323.77, -15.19, 0.01, 151.64, 9.50);
insert into SHOT values (2577, 2547, 2549, 4648, 11.58, 127.06, 2.24, 11.58, 127.10, 2.23, 0.01, 210.03, -18.80);
insert into SHOT values (2578, 2547, 2550, 4648, 8.62, 83.92, 74.37, 8.61, 84.07, 74.35, 0.01, 161.39, -46.21);
insert into SHOT values (2579, 2547, 2551, 4648, 1.65, 328.94, -58.70, 1.65, 328.92, -58.85, 0.00, 152.68, -12.92);
insert into SHOT values (2580, 2547, 2552, 4648, 11.24, 294.48, -14.79, 11.24, 294.47, -14.80, 0.00, 157.17, -6.18);
insert into SHOT values (2581, 2547, 2553, 4648, 22.68, 32.10, 5.52, 22.67, 32.09, 5.52, 0.00, 279.29, -18.01);
insert into SHOT values (2582, 2553, 2554, 4648, 14.03, 306.30, 8.62, 14.03, 306.29, 8.61, 0.00, 262.91, -38.69);
insert into SHOT values (2583, 2553, 2555, 4648, 14.09, 105.35, 7.02, 14.10, 105.38, 7.01, 0.01, 161.27, -15.75);
insert into SHOT values (2584, 2553, 2556, 4648, 7.31, 179.11, 79.33, 7.31, 179.16, 79.27, 0.01, 188.95, -34.84);
insert into SHOT values (2585, 2553, 2557, 4648, 1.07, 227.99, -63.76, 1.07, 227.56, -63.71, 0.01, 121.13, 48.87);
insert into SHOT values (2586, 2553, 2558, 4648, 13.63, 182.47, -55.58, 13.64, 182.45, -55.59, 0.01, 127.61, -61.02);
insert into SHOT values (2587, 2553, 2559, 4648, 23.46, 291.79, 30.33, 23.45, 291.78, 30.32, 0.01, 189.97, -41.82);
insert into SHOT values (2588, 2553, 2560, 4648, 33.40, 117.05, 8.69, 33.41, 117.05, 8.69, 0.01, 146.84, 35.36);
insert into SHOT values (2589, 2553, 2561, 4648, 13.71, 38.30, 13.91, 13.71, 38.32, 13.93, 0.01, 187.49, 21.11);
insert into SHOT values (2590, 2561, 2562, 4648, 13.63, 268.55, 1.56, 13.63, 268.57, 1.56, 0.01, 36.46, -10.72);
insert into SHOT values (2591, 2561, 2563, 4648, 11.94, 140.22, -10.88, 11.95, 140.19, -10.91, 0.01, 75.67, -40.23);
insert into SHOT values (2592, 2561, 2564, 4648, 2.44, 186.79, 71.63, 2.43, 186.75, 71.67, 0.01, 13.77, -58.78);
insert into SHOT values (2593, 2561, 2565, 4648, 0.94, 146.64, -75.15, 0.95, 145.01, -75.14, 0.01, 73.41, -46.04);
insert into SHOT values (2594, 2561, 2566, 4648, 13.48, 298.99, 12.55, 13.47, 299.02, 12.56, 0.01, 57.16, 11.04);
insert into SHOT values (2595, 2561, 2567, 4648, 3.61, 3.12, -29.05, 3.61, 3.09, -29.16, 0.01, 236.43, -73.35);
insert into SHOT values (2596, 2561, 2568, 4648, 17.07, 338.55, 22.18, 17.08, 338.56, 22.16, 0.01, 9.77, -38.16);
insert into SHOT values (2597, 2561, 2569, 4648, 18.24, 19.10, 28.55, 18.24, 19.09, 28.53, 0.01, 335.12, -56.06);
insert into SHOT values (2598, 2561, 2570, 4648, 31.41, 50.29, 8.38, 31.41, 50.30, 8.37, 0.01, 98.33, -42.16);
insert into SHOT values (2599, 2561, 2571, 4648, 19.85, 105.88, 6.29, 19.85, 105.88, 6.28, 0.01, 123.36, -69.64);
insert into SHOT values (2600, 2561, 2572, 4648, 24.70, 89.82, 11.41, 24.70, 89.81, 11.40, 0.01, 349.28, -56.96);
insert into SHOT values (2601, 2561, 2573, 4648, 18.50, 63.59, 30.46, 18.50, 63.56, 30.44, 0.01, 347.64, -45.80);
insert into SHOT values (2602, 2561, 2574, 4648, 9.54, 65.71, -14.74, 9.54, 65.68, -14.75, 0.01, 357.55, -29.00);
insert into SHOT values (2603, 2561, 2575, 4648, 30.27, 357.94, 19.99, 30.27, 357.95, 19.97, 0.01, 31.89, -57.43);
insert into SHOT values (2604, 2561, 2576, 4648, 31.71, 356.59, 11.18, 31.72, 356.59, 11.18, 0.00, 7.46, 15.68);
insert into SHOT values (2605, 2561, 2577, 4648, 22.80, 15.55, 13.80, 22.81, 15.55, 13.80, 0.01, 28.85, 7.12);
insert into SHOT values (2606, 2561, 2578, 4648, 18.61, 26.42, 22.19, 18.62, 26.42, 22.18, 0.00, 10.74, -7.13);
insert into SHOT values (2607, 2561, 2579, 4648, 17.46, 14.94, 13.65, 17.47, 14.95, 13.64, 0.01, 36.42, 0.45);
insert into SHOT values (2608, 2561, 2580, 4648, 36.98, 70.78, 14.51, 36.98, 70.78, 14.50, 0.01, 47.19, -37.98);
insert into SHOT values (2609, 2580, 2581, 4648, 10.93, 347.01, 4.35, 10.93, 347.01, 4.35, 0.00, 344.85, 19.32);
insert into SHOT values (2610, 2580, 2582, 4648, 6.88, 173.56, 11.86, 6.88, 173.60, 11.91, 0.01, 235.74, 49.85);
insert into SHOT values (2611, 2580, 2583, 4648, 24.14, 47.30, 80.68, 24.14, 47.28, 80.69, 0.00, 249.58, -6.23);
insert into SHOT values (2612, 2580, 2584, 4648, 1.63, 42.85, -56.38, 1.63, 42.75, -56.54, 0.00, 243.57, -21.44);
insert into SHOT values (2613, 2580, 2585, 4648, 9.02, 191.39, 0.43, 9.02, 191.38, 0.44, 0.00, 165.00, 51.22);
insert into SHOT values (2614, 2580, 2586, 4648, 7.45, 224.36, 30.00, 7.45, 224.37, 29.98, 0.00, 263.28, -49.82);
insert into SHOT values (2615, 2580, 2587, 4648, 6.81, 265.04, 57.08, 6.81, 265.04, 57.08, 0.01, 268.07, 53.29);
insert into SHOT values (2616, 2580, 2588, 4648, 16.58, 299.43, 56.60, 16.58, 299.40, 56.60, 0.00, 210.44, 9.33);
insert into SHOT values (2617, 2580, 2589, 4648, 8.93, 316.00, 74.53, 8.93, 315.85, 74.53, 0.01, 230.32, 5.84);
insert into SHOT values (2618, 2580, 2590, 4648, 7.17, 356.36, 53.13, 7.17, 356.27, 53.17, 0.01, 244.15, 27.67);
insert into SHOT values (2619, 2580, 2591, 4648, 10.46, 18.49, 18.23, 10.46, 18.49, 18.22, 0.01, 199.27, -34.32);
insert into SHOT values (2620, 2580, 2592, 4648, 12.43, 50.34, -5.74, 12.43, 50.35, -5.73, 0.00, 188.78, 47.45);
insert into SHOT values (2621, 2580, 2593, 4648, 20.56, 288.84, -28.89, 20.56, 288.83, -28.88, 0.01, 189.59, 48.98);
insert into SHOT values (2622, 2580, 2594, 4648, 22.14, 272.21, -23.82, 22.14, 272.21, -23.82, 0.00, 113.84, 47.35);
insert into SHOT values (2623, 2580, 2595, 4648, 34.40, 254.09, -19.39, 34.39, 254.10, -19.39, 0.00, 28.60, -7.95);
insert into SHOT values (2624, 2580, 2596, 4648, 41.40, 239.09, -18.81, 41.41, 239.10, -18.81, 0.01, 283.93, -9.47);
insert into SHOT values (2625, 2580, 2597, 4648, 17.29, 220.45, -14.23, 17.29, 220.45, -14.23, 0.00, 140.98, -77.95);
insert into SHOT values (2626, 2580, 2598, 4648, 13.09, 208.04, -11.61, 13.08, 208.06, -11.60, 0.01, 300.38, 31.25);
insert into SHOT values (2627, 2580, 2599, 4648, 12.13, 66.99, -0.54, 12.13, 66.99, -0.52, 0.01, 252.31, 37.79);
insert into SHOT values (2628, 2580, 2600, 4648, 25.98, 35.63, 85.72, 25.98, 35.57, 85.71, 0.01, 7.90, 46.44);
insert into SHOT values (2629, 2580, 2601, 4648, 15.94, 35.96, 41.46, 15.94, 35.94, 41.48, 0.01, 260.55, 34.14);
insert into SHOT values (2630, 2580, 2602, 4648, 18.73, 64.73, 18.47, 18.73, 64.73, 18.49, 0.01, 232.81, 50.09);
insert into SHOT values (2631, 2580, 2603, 4648, 17.03, 123.44, 34.84, 17.03, 123.44, 34.85, 0.01, 303.79, 4.60);
insert into SHOT values (2632, 2580, 2604, 4648, 8.94, 153.34, 29.28, 8.94, 153.34, 29.26, 0.01, 147.81, -4.49);
insert into SHOT values (2633, 2580, 2605, 4648, 23.10, 116.81, 80.05, 23.11, 116.82, 80.06, 0.00, 280.89, 49.08);
insert into SHOT values (2634, 2580, 2606, 4648, 17.02, 50.75, 15.51, 17.02, 50.77, 15.51, 0.01, 166.14, -7.60);
insert into SHOT values (2635, 2606, 2607, 4648, 0.45, 336.30, 27.07, 0.46, 335.32, 27.28, 0.01, 274.69, 26.00);
insert into SHOT values (2636, 2606, 2608, 4648, 4.24, 108.27, 13.87, 4.24, 108.26, 13.91, 0.00, 326.58, 67.56);
insert into SHOT values (2637, 2606, 2609, 4648, 2.23, 52.77, 56.97, 2.23, 52.37, 57.05, 0.01, 314.17, 23.89);
insert into SHOT values (2638, 2606, 2610, 4648, 1.57, 26.89, -69.71, 1.57, 26.10, -69.64, 0.01, 292.36, 43.77);
insert into SHOT values (2639, 2606, 2611, 4648, 15.05, 7.09, -10.06, 15.05, 7.09, -10.06, 0.00, 31.17, -22.19);
insert into SHOT values (2640, 2606, 2612, 4648, 9.82, 32.45, -4.23, 9.82, 32.41, -4.20, 0.01, 321.31, 29.92);
insert into SHOT values (2641, 2606, 2613, 4648, 4.87, 70.24, 7.98, 4.87, 70.14, 8.02, 0.01, 355.32, 22.32);
insert into SHOT values (2642, 2606, 2614, 4648, 6.52, 140.86, 18.89, 6.51, 140.86, 18.90, 0.01, 320.05, -10.83);
insert into SHOT values (2643, 2606, 2615, 4648, 16.65, 155.40, 36.90, 16.65, 155.40, 36.92, 0.01, 337.28, 38.95);
insert into SHOT values (2644, 2606, 2616, 4648, 18.70, 184.84, 28.83, 18.70, 184.87, 28.84, 0.01, 306.02, 10.00);
insert into SHOT values (2645, 2606, 2617, 4648, 17.50, 208.67, 9.05, 17.50, 208.70, 9.07, 0.01, 320.63, 33.42);
insert into SHOT values (2646, 2606, 2618, 4648, 25.20, 224.64, -7.57, 25.20, 224.64, -7.57, 0.00, 311.31, -32.75);
insert into SHOT values (2647, 2606, 2619, 4648, 38.03, 235.94, -9.32, 38.03, 235.95, -9.32, 0.01, 347.42, -11.53);
insert into SHOT values (2648, 2606, 2620, 4648, 6.42, 137.93, 8.59, 6.42, 137.94, 8.60, 0.01, 311.59, 2.20);
insert into SHOT values (2649, 2606, 2621, 4648, 14.64, 131.24, 36.02, 14.63, 131.23, 36.04, 0.01, 327.80, 11.69);
insert into SHOT values (2650, 2580, 2622, 4648, 5.46, 344.58, 4.83, 5.47, 344.56, 4.83, 0.00, 312.31, 0.29);
insert into SHOT values (2651, 2622, 2623, 4648, 8.33, 9.16, -27.12, 8.33, 9.16, -27.14, 0.00, 197.34, -30.05);
insert into SHOT values (2652, 2623, 2624, 4648, 0.60, 358.85, -7.83, 0.61, 359.05, -7.59, 0.00, 27.82, 25.50);
insert into SHOT values (2653, 2623, 2625, 4648, 0.94, 135.70, 5.88, 0.94, 135.87, 6.11, 0.01, 198.39, 52.45);
insert into SHOT values (2654, 2623, 2626, 4648, 0.85, 100.72, 73.08, 0.86, 101.77, 73.36, 0.01, 217.55, 53.51);
insert into SHOT values (2655, 2623, 2627, 4648, 2.23, 66.46, -62.08, 2.22, 66.37, -61.87, 0.01, 51.28, 43.94);
insert into SHOT values (2656, 2623, 2628, 4648, 5.09, 89.56, -4.30, 5.09, 89.55, -4.28, 0.00, 67.93, 33.77);
insert into SHOT values (2657, 2623, 2629, 4648, 8.15, 75.54, -19.65, 8.16, 75.53, -19.63, 0.01, 58.84, 22.34);
insert into SHOT values (2658, 2623, 2630, 4648, 17.81, 48.75, -23.24, 17.81, 48.76, -23.21, 0.01, 97.55, 54.88);
insert into SHOT values (2659, 2630, 2631, 4648, 12.19, 308.99, 9.18, 12.19, 308.96, 9.15, 0.01, 262.99, -31.73);
insert into SHOT values (2660, 2630, 2632, 4648, 0.48, 105.72, -4.41, 0.48, 105.78, -4.78, 0.00, 267.71, -61.46);
insert into SHOT values (2661, 2630, 2633, 4648, 10.81, 354.51, 83.45, 10.80, 354.43, 83.43, 0.01, 324.60, -61.17);
insert into SHOT values (2662, 2630, 2634, 4648, 1.29, 61.53, -77.35, 1.30, 61.56, -77.87, 0.01, 240.81, -39.39);
insert into SHOT values (2663, 2630, 2635, 4648, 10.18, 37.25, -5.36, 10.17, 37.25, -5.42, 0.01, 208.39, -60.47);
insert into SHOT values (2664, 2635, 2636, 4648, 26.32, 73.73, 32.37, 26.33, 73.73, 32.39, 0.01, 36.84, 72.90);
insert into SHOT values (2665, 2630, 2637, 4648, 23.45, 346.36, -7.86, 23.45, 346.35, -7.87, 0.00, 222.92, -43.78);
insert into SHOT values (2666, 2637, 2638, 4648, 8.88, 226.65, 2.78, 8.88, 226.64, 2.78, 0.00, 151.14, -39.52);
insert into SHOT values (2667, 2637, 2639, 4648, 7.44, 87.14, 17.02, 7.44, 87.10, 17.05, 0.01, 334.94, 28.85);
insert into SHOT values (2668, 2637, 2640, 4648, 6.91, 188.09, 77.71, 6.91, 188.24, 77.75, 0.01, 334.21, -13.36);
insert into SHOT values (2669, 2637, 2641, 4648, 1.32, 233.37, -85.79, 1.32, 233.13, -85.67, 0.00, 225.08, -11.10);
insert into SHOT values (2670, 2637, 2642, 4648, 8.73, 37.99, 15.20, 8.73, 37.96, 15.21, 0.01, 266.86, 7.66);
insert into SHOT values (2671, 2637, 2643, 4648, 17.75, 321.89, -13.27, 17.76, 321.91, -13.28, 0.01, 26.13, -39.31);
insert into SHOT values (2672, 2643, 2644, 4648, 12.90, 232.29, 4.25, 12.90, 232.29, 4.27, 0.00, 251.99, 63.43);
insert into SHOT values (2673, 2643, 2645, 4648, 7.33, 63.24, 13.25, 7.32, 63.22, 13.27, 0.01, 259.73, 2.63);
insert into SHOT values (2674, 2643, 2646, 4648, 8.80, 187.27, 68.04, 8.80, 187.32, 68.00, 0.01, 208.82, 9.35);
insert into SHOT values (2675, 2643, 2647, 4648, 1.01, 71.85, -50.58, 1.01, 71.85, -50.55, 0.00, 292.70, 87.37);
insert into SHOT values (2676, 2643, 2648, 4648, 14.53, 233.35, 15.10, 14.54, 233.34, 15.11, 0.01, 224.23, 26.63);
insert into SHOT values (2677, 2643, 2649, 4648, 21.16, 338.64, 1.44, 21.16, 338.63, 1.46, 0.01, 215.81, 53.03);
insert into SHOT values (2678, 2649, 2650, 4648, 9.41, 262.63, 42.32, 9.41, 262.65, 42.30, 0.01, 32.23, -64.93);
insert into SHOT values (2679, 2649, 2651, 4648, 10.21, 69.21, 35.87, 10.21, 69.18, 35.87, 0.01, 318.64, -14.68);
insert into SHOT values (2680, 2649, 2652, 4648, 9.51, 318.51, 84.92, 9.51, 318.37, 84.91, 0.00, 249.98, -49.37);
insert into SHOT values (2681, 2649, 2653, 4648, 1.78, 24.50, -74.63, 1.78, 23.84, -74.71, 0.01, 269.66, -7.34);
insert into SHOT values (2682, 2649, 2654, 4648, 16.56, 347.29, -5.65, 16.57, 347.28, -5.65, 0.00, 290.72, 9.66);
insert into SHOT values (2683, 2654, 2655, 4648, 4.54, 287.18, 15.09, 4.53, 287.15, 15.10, 0.01, 127.43, -10.10);
insert into SHOT values (2684, 2654, 2656, 4648, 11.26, 96.59, -0.43, 11.25, 96.58, -0.46, 0.01, 348.85, -73.29);
insert into SHOT values (2685, 2654, 2657, 4648, 14.49, 23.12, 81.80, 14.49, 23.09, 81.80, 0.01, 234.55, -69.96);
insert into SHOT values (2686, 2654, 2658, 4648, 2.73, 16.85, -52.79, 2.73, 16.90, -52.86, 0.00, 152.76, -59.14);
insert into SHOT values (2687, 2654, 2659, 4648, 6.51, 325.29, 23.08, 6.51, 325.27, 23.07, 0.00, 169.07, -31.16);
insert into SHOT values (2688, 2654, 2660, 4648, 12.21, 328.92, 56.94, 12.20, 328.96, 56.96, 0.01, 110.23, 1.12);
insert into SHOT values (2689, 2654, 2661, 4648, 14.61, 23.96, 63.84, 14.61, 23.98, 63.82, 0.01, 52.19, -47.01);
insert into SHOT values (2690, 2654, 2662, 4648, 12.52, 88.82, 43.92, 12.52, 88.79, 43.89, 0.01, 56.35, -12.69);
insert into SHOT values (2691, 2654, 2663, 4648, 14.21, 115.27, 10.46, 14.21, 115.24, 10.42, 0.01, 62.86, -49.47);
insert into SHOT values (2692, 2654, 2664, 4648, 12.82, 148.91, 2.18, 12.82, 148.89, 2.15, 0.01, 93.28, -55.32);
insert into SHOT values (2693, 2654, 2665, 4648, 10.08, 77.83, 7.49, 10.08, 77.81, 7.47, 0.01, 352.95, -54.20);
insert into SHOT values (2694, 2654, 2666, 4648, 12.45, 49.38, -9.44, 12.45, 49.36, -9.48, 0.01, 333.84, -58.99);
insert into SHOT values (2695, 2654, 2667, 4648, 15.64, 47.79, -22.52, 15.64, 47.78, -22.52, 0.00, 355.70, -2.35);
insert into SHOT values (2696, 2654, 2668, 4648, 12.21, 3.13, -2.72, 12.21, 3.15, -2.72, 0.00, 76.63, -7.26);
insert into SHOT values (2697, 2654, 2669, 4648, 12.43, 17.26, 10.92, 12.42, 17.26, 10.90, 0.00, 185.00, -68.36);
insert into SHOT values (2698, 2654, 2670, 4648, 42.33, 38.49, 16.55, 42.33, 38.49, 16.54, 0.01, 320.65, -65.22);
insert into SHOT values (2699, 2654, 2671, 4648, 42.25, 58.66, 21.01, 42.25, 58.67, 21.00, 0.01, 120.30, -50.76);
insert into SHOT values (2700, 2654, 2672, 4648, 35.10, 66.36, 26.33, 35.10, 66.35, 26.32, 0.01, 356.83, -62.46);
insert into SHOT values (2701, 2654, 2673, 4648, 20.79, 351.23, 39.55, 20.78, 351.24, 39.54, 0.01, 78.80, -53.34);
insert into SHOT values (2702, 2654, 2674, 4648, 21.41, 341.63, 31.86, 21.41, 341.63, 31.85, 0.00, 64.30, -55.47);
insert into SHOT values (2703, 2654, 2675, 4648, 10.59, 355.31, 14.19, 10.59, 355.31, 14.16, 0.01, 230.50, -80.78);
insert into SHOT values (2704, 2654, 2676, 4648, 6.30, 53.23, -25.51, 6.30, 53.29, -25.56, 0.01, 139.46, -44.19);
insert into SHOT values (2705, 2676, 2677, 4648, 7.23, 342.39, 13.86, 7.24, 342.36, 13.82, 0.01, 326.12, -9.71);
insert into SHOT values (2706, 2676, 2678, 4648, 12.10, 148.11, 17.17, 12.10, 148.08, 17.17, 0.01, 31.65, -16.33);
insert into SHOT values (2707, 2676, 2679, 4648, 14.10, 112.97, 85.41, 14.10, 112.93, 85.40, 0.00, 81.40, -29.04);
insert into SHOT values (2708, 2676, 2680, 4648, 17.46, 79.24, -36.14, 17.46, 79.21, -36.15, 0.01, 342.30, -19.40);
insert into SHOT values (2709, 2676, 2681, 4648, 6.42, 58.44, 44.92, 6.42, 58.41, 44.92, 0.00, 331.74, -10.55);
insert into SHOT values (2710, 2676, 2682, 4648, 19.89, 69.61, -37.71, 19.90, 69.58, -37.71, 0.01, 359.04, -24.45);
insert into SHOT values (2711, 2682, 2683, 4648, 2.71, 1.17, -8.14, 2.71, 1.07, -8.07, 0.01, 223.45, 30.48);
insert into SHOT values (2712, 2682, 2684, 4648, 5.28, 181.81, 45.06, 5.28, 181.84, 45.06, 0.01, 204.28, 44.14);
insert into SHOT values (2713, 2682, 2685, 4648, 3.38, 317.12, 70.18, 3.38, 317.12, 70.18, 0.00, 317.90, 68.00);
insert into SHOT values (2714, 2682, 2686, 4648, 2.48, 349.18, -57.79, 2.47, 349.03, -57.84, 0.01, 197.46, 38.97);
insert into SHOT values (2715, 2682, 2687, 4648, 13.22, 76.63, 39.04, 13.22, 76.65, 39.05, 0.01, 138.27, 49.51);
insert into SHOT values (2716, 2687, 2688, 4648, 2.92, 299.15, 13.83, 2.92, 299.09, 13.86, 0.00, 253.81, 27.05);
insert into SHOT values (2717, 2687, 2689, 4648, 9.74, 109.40, 23.29, 9.74, 109.39, 23.28, 0.00, 338.72, -39.37);
insert into SHOT values (2718, 2687, 2690, 4648, 20.56, 6.91, 82.84, 20.55, 6.74, 82.85, 0.01, 247.00, -32.48);
insert into SHOT values (2719, 2687, 2691, 4648, 1.08, 127.64, -51.49, 1.08, 127.72, -51.75, 0.01, 289.38, -52.40);
insert into SHOT values (2720, 2687, 2692, 4648, 4.83, 47.12, 21.11, 4.83, 47.07, 21.11, 0.00, 335.23, 5.68);
insert into SHOT values (2721, 2692, 2693, 4648, 3.87, 9.23, 14.00, 3.86, 9.21, 13.93, 0.01, 201.43, -45.59);
insert into SHOT values (2722, 2692, 2694, 4648, 7.14, 156.26, 9.26, 7.14, 156.31, 9.27, 0.01, 281.86, 6.83);
insert into SHOT values (2723, 2692, 2695, 4648, 17.81, 99.33, 77.77, 17.80, 99.31, 77.78, 0.00, 306.26, -36.54);
insert into SHOT values (2724, 2692, 2696, 4648, 1.40, 117.60, -38.91, 1.40, 117.98, -38.99, 0.01, 231.09, -0.24);
insert into SHOT values (2725, 2692, 2697, 4648, 37.83, 65.03, 50.13, 37.82, 65.04, 50.13, 0.01, 203.29, -22.23);
insert into SHOT values (2726, 2692, 2698, 4648, 16.15, 45.09, 2.77, 16.15, 45.08, 2.77, 0.01, 259.55, -5.26);
insert into SHOT values (2727, 2692, 2699, 4648, 18.08, 70.78, -0.27, 18.08, 70.78, -0.29, 0.01, 240.30, -40.36);
insert into SHOT values (2728, 2692, 2700, 4648, 11.94, 325.94, 33.01, 11.94, 325.91, 33.04, 0.01, 183.42, 21.72);
insert into SHOT values (2729, 2700, 2701, 4648, 16.46, 191.12, 14.68, 16.46, 191.12, 14.68, 0.00, 107.39, -57.31);
insert into SHOT values (2730, 2700, 2702, 4648, 1.31, 86.15, 14.95, 1.31, 85.91, 14.64, 0.01, 330.82, -54.13);
insert into SHOT values (2731, 2700, 2703, 4648, 9.89, 295.32, 79.42, 9.89, 295.44, 79.42, 0.01, 34.33, -57.24);
insert into SHOT values (2732, 2700, 2704, 4648, 1.01, 278.98, -71.91, 1.02, 279.16, -72.06, 0.01, 4.48, -83.63);
insert into SHOT values (2733, 2700, 2705, 4648, 3.30, 285.97, 26.12, 3.30, 286.05, 26.06, 0.01, 320.11, -8.12);
insert into SHOT values (2734, 2705, 2706, 4648, 8.67, 299.73, 18.01, 8.66, 299.77, 18.02, 0.01, 71.28, 2.28);
insert into SHOT values (2735, 2705, 2707, 4648, 5.19, 93.66, 6.85, 5.20, 93.67, 6.85, 0.00, 100.72, 7.67);
insert into SHOT values (2736, 2705, 2708, 4648, 9.02, 12.21, 83.13, 9.01, 12.36, 83.15, 0.01, 159.05, -51.33);
insert into SHOT values (2737, 2705, 2709, 4648, 2.72, 59.11, -41.16, 2.72, 59.18, -41.13, 0.00, 116.66, 3.97);
insert into SHOT values (2738, 2705, 2710, 4648, 17.84, 350.60, 7.67, 17.84, 350.59, 7.67, 0.00, 231.26, -16.09);
insert into SHOT values (2739, 2710, 2711, 4648, 6.33, 260.63, 20.32, 6.32, 260.68, 20.28, 0.01, 28.48, -45.62);
insert into SHOT values (2740, 2710, 2712, 4648, 7.62, 71.86, -1.07, 7.63, 71.90, -1.05, 0.01, 107.95, 15.35);
insert into SHOT values (2741, 2710, 2713, 4648, 14.62, 331.11, 82.98, 14.62, 331.29, 82.97, 0.01, 34.14, -35.11);
insert into SHOT values (2742, 2710, 2714, 4648, 3.05, 327.81, -43.02, 3.05, 328.02, -43.17, 0.01, 83.68, -37.71);
insert into SHOT values (2743, 2710, 2715, 4648, 31.86, 357.85, 0.61, 31.86, 357.86, 0.61, 0.01, 66.99, 7.84);
insert into SHOT values (2744, 2715, 2716, 4648, 2.72, 291.19, 27.12, 2.72, 291.05, 27.11, 0.01, 208.36, 0.72);
insert into SHOT values (2745, 2715, 2717, 4648, 11.08, 96.90, -12.27, 11.07, 96.90, -12.31, 0.01, 272.98, -53.11);
insert into SHOT values (2746, 2715, 2718, 4648, 6.00, 78.31, 67.16, 6.00, 78.35, 67.17, 0.00, 224.60, -46.38);
insert into SHOT values (2747, 2715, 2719, 4648, 11.25, 104.34, -37.69, 11.26, 104.36, -37.68, 0.01, 149.85, -0.44);
insert into SHOT values (2748, 2715, 2720, 4648, 22.08, 25.22, 5.16, 22.08, 25.22, 5.15, 0.01, 143.41, -69.74);
insert into SHOT values (2749, 2720, 2721, 4648, 7.11, 255.02, 1.22, 7.11, 255.01, 1.21, 0.01, 240.89, -10.72);
insert into SHOT values (2750, 2720, 2722, 4648, 7.48, 72.44, 0.39, 7.48, 72.41, 0.38, 0.00, 338.85, -14.47);
insert into SHOT values (2751, 2720, 2723, 4648, 5.63, 131.14, 74.31, 5.63, 131.26, 74.37, 0.01, 280.76, 23.54);
insert into SHOT values (2752, 2720, 2724, 4648, 1.15, 104.74, -71.06, 1.15, 104.04, -71.20, 0.01, 348.84, -24.06);
insert into SHOT values (2753, 2720, 2725, 4648, 12.89, 110.77, -2.12, 12.89, 110.79, -2.09, 0.01, 231.65, 59.70);
insert into SHOT values (2754, 2720, 2726, 4648, 11.22, 113.13, -53.23, 11.22, 113.13, -53.22, 0.00, 119.33, 31.03);
insert into SHOT values (2755, 2720, 2727, 4648, 21.23, 333.31, 5.46, 21.23, 333.31, 5.46, 0.00, 54.97, 9.65);
insert into SHOT values (2756, 2727, 2728, 4648, 9.46, 250.47, 15.93, 9.47, 250.49, 15.94, 0.00, 307.49, 33.09);
insert into SHOT values (2757, 2727, 2729, 4648, 13.73, 37.71, 14.30, 13.72, 37.70, 14.30, 0.01, 242.73, -4.57);
insert into SHOT values (2758, 2727, 2730, 4648, 9.94, 317.40, 77.63, 9.94, 317.47, 77.63, 0.01, 10.23, 58.88);
insert into SHOT values (2759, 2727, 2731, 4648, 1.33, 349.58, -49.29, 1.33, 349.34, -49.42, 0.00, 218.18, -12.53);
insert into SHOT values (2760, 2727, 2732, 4648, 10.86, 319.64, 8.53, 10.86, 319.61, 8.53, 0.01, 264.96, -1.82);
insert into SHOT values (2761, 2732, 2733, 4648, 8.62, 252.75, 22.65, 8.61, 252.73, 22.67, 0.01, 105.08, 11.72);
insert into SHOT values (2762, 2732, 2734, 4648, 14.77, 70.38, 5.80, 14.78, 70.37, 5.82, 0.01, 50.48, 42.60);
insert into SHOT values (2763, 2732, 2735, 4648, 12.17, 15.65, 80.11, 12.17, 15.83, 80.12, 0.01, 108.66, 35.75);
insert into SHOT values (2764, 2732, 2736, 4648, 2.03, 62.00, -46.69, 2.03, 62.15, -46.77, 0.00, 181.17, -27.83);
insert into SHOT values (2765, 2732, 2737, 4648, 8.39, 327.59, -8.59, 8.39, 327.65, -8.57, 0.01, 57.94, 21.47);
insert into SHOT values (2766, 2737, 2738, 4648, 10.98, 191.88, 19.09, 10.99, 191.89, 19.07, 0.01, 212.90, -8.18);
insert into SHOT values (2767, 2737, 2739, 4648, 10.84, 225.15, 19.78, 10.85, 225.16, 19.77, 0.01, 235.68, 6.48);
insert into SHOT values (2768, 2737, 2740, 4648, 20.96, 253.98, 9.51, 20.96, 253.97, 9.50, 0.01, 167.01, -35.48);
insert into SHOT values (2769, 2737, 2741, 4648, 47.46, 272.39, 8.94, 47.47, 272.38, 8.93, 0.01, 226.03, -36.88);
insert into SHOT values (2770, 2737, 2742, 4648, 45.11, 291.52, 10.05, 45.12, 291.51, 10.05, 0.01, 237.21, -16.58);
insert into SHOT values (2771, 2737, 2743, 4648, 20.10, 313.57, 11.43, 20.09, 313.56, 11.43, 0.01, 162.75, -19.90);
insert into SHOT values (2772, 2737, 2744, 4648, 21.73, 354.52, 8.19, 21.72, 354.50, 8.18, 0.01, 213.78, -26.40);
insert into SHOT values (2773, 2737, 2745, 4648, 30.60, 40.53, 8.64, 30.60, 40.54, 8.65, 0.01, 189.29, 26.32);
insert into SHOT values (2774, 2737, 2746, 4648, 24.93, 73.01, 7.95, 24.94, 73.03, 7.95, 0.01, 158.07, 10.91);
insert into SHOT values (2775, 2737, 2747, 4648, 18.43, 64.04, 45.33, 18.43, 64.05, 45.34, 0.00, 205.66, 19.68);
insert into SHOT values (2776, 2737, 2748, 4648, 17.50, 356.99, 70.13, 17.50, 357.01, 70.13, 0.00, 93.87, 20.93);
insert into SHOT values (2777, 2737, 2749, 4648, 17.05, 296.58, 49.20, 17.05, 296.54, 49.20, 0.01, 210.25, -4.26);
insert into SHOT values (2778, 2737, 2750, 4648, 7.69, 329.78, -27.85, 7.69, 329.70, -27.90, 0.01, 215.74, -29.00);
insert into SHOT values (2779, 2737, 2751, 4648, 15.74, 25.15, -20.24, 15.73, 25.14, -20.27, 0.01, 216.91, -21.36);
insert into SHOT values (2780, 2737, 2752, 4648, 10.70, 277.83, -13.31, 10.70, 277.78, -13.29, 0.01, 196.24, 22.53);
insert into SHOT values (2781, 2737, 2753, 4648, 3.43, 194.15, -6.39, 3.44, 194.24, -6.35, 0.01, 234.79, 11.99);
insert into SHOT values (2782, 2737, 2754, 4648, 2.94, 126.09, -12.19, 2.94, 126.23, -12.16, 0.01, 212.06, 9.63);
insert into SHOT values (2783, 2737, 2755, 4648, 32.26, 273.96, 2.29, 32.25, 273.95, 2.29, 0.01, 158.26, 10.74);
insert into SHOT values (2784, 2755, 2756, 4648, 4.93, 173.39, 10.24, 4.92, 173.48, 10.19, 0.01, 303.59, -30.70);
insert into SHOT values (2785, 2755, 2757, 4648, 21.69, 10.76, 23.13, 21.69, 10.75, 23.13, 0.00, 277.65, -21.28);
insert into SHOT values (2786, 2755, 2758, 4648, 17.55, 18.91, 84.37, 17.55, 18.65, 84.38, 0.01, 275.16, -2.23);
insert into SHOT values (2787, 2755, 2759, 4648, 1.15, 333.63, -69.54, 1.15, 333.43, -69.56, 0.00, 221.93, 10.18);
insert into SHOT values (2788, 2755, 2760, 4648, 15.16, 329.00, 7.44, 15.16, 328.96, 7.43, 0.01, 259.29, -14.17);
insert into SHOT values (2789, 2755, 2761, 4648, 22.67, 328.91, 7.44, 22.67, 328.91, 7.43, 0.01, 302.88, -49.42);
insert into SHOT values (2790, 2755, 2762, 4648, 15.18, 329.05, 7.48, 15.18, 329.06, 7.46, 0.01, 359.55, -63.32);
insert into SHOT values (2791, 2755, 2763, 4648, 3.79, 272.60, 10.56, 3.79, 272.62, 10.50, 0.00, 319.08, -69.78);
insert into SHOT values (2792, 2755, 2764, 4648, 13.48, 57.87, 14.33, 13.48, 57.86, 14.30, 0.01, 325.63, -63.76);
insert into SHOT values (2793, 2755, 2765, 4648, 8.46, 78.42, 78.45, 8.46, 78.36, 78.51, 0.01, 269.62, 1.98);
insert into SHOT values (2794, 2755, 2766, 4648, 2.22, 345.42, -63.92, 2.23, 345.26, -63.84, 0.01, 316.39, -30.05);
insert into SHOT values (2795, 2755, 2767, 4648, 31.94, 205.20, -10.41, 31.95, 205.20, -10.41, 0.00, 234.79, 30.28);
insert into SHOT values (2796, 2755, 2768, 4648, 21.78, 345.94, 2.64, 21.79, 345.93, 2.63, 0.01, 313.28, -29.41);
insert into SHOT values (2797, 2768, 2769, 4648, 4.85, 217.31, 24.58, 4.85, 217.26, 24.61, 0.01, 158.32, 40.24);
insert into SHOT values (2798, 2768, 2770, 4648, 2.79, 31.59, 10.83, 2.79, 31.72, 10.95, 0.01, 156.18, 35.20);
insert into SHOT values (2799, 2768, 2771, 4648, 4.43, 273.77, 68.83, 4.43, 273.58, 68.79, 0.01, 222.60, 14.24);
insert into SHOT values (2800, 2768, 2772, 4648, 1.16, 274.06, -72.23, 1.15, 273.27, -72.32, 0.01, 158.89, 9.01);
insert into SHOT values (2801, 2768, 2773, 4648, 18.69, 311.13, 9.08, 18.68, 311.11, 9.08, 0.01, 193.67, 8.60);
insert into SHOT values (2802, 2755, 2774, 4648, 32.59, 204.85, -16.17, 32.59, 204.86, -16.18, 0.01, 277.35, -33.76);
insert into SHOT values (2803, 2774, 2775, 4648, 0.95, 136.54, 26.82, 0.95, 136.44, 27.06, 0.00, 345.80, 47.77);
insert into SHOT values (2804, 2774, 2776, 4648, 11.95, 319.94, 21.24, 11.94, 319.96, 21.26, 0.01, 103.64, 25.00);
insert into SHOT values (2805, 2774, 2777, 4648, 12.58, 299.96, 77.67, 12.58, 299.90, 77.66, 0.00, 235.58, -15.33);
insert into SHOT values (2806, 2774, 2778, 4648, 1.62, 245.02, -69.08, 1.62, 245.22, -69.35, 0.01, 49.79, -15.22);
insert into SHOT values (2807, 2774, 2779, 4648, 8.88, 261.00, 1.02, 8.88, 260.99, 1.03, 0.00, 105.27, 38.78);
insert into SHOT values (2808, 2779, 2780, 4648, 3.69, 154.45, -2.97, 3.69, 154.41, -2.95, 0.00, 86.41, 18.36);
insert into SHOT values (2809, 2779, 2781, 4648, 6.83, 318.65, 12.33, 6.83, 318.64, 12.34, 0.01, 312.43, 21.73);
insert into SHOT values (2810, 2779, 2782, 4648, 9.17, 219.29, 79.51, 9.17, 219.41, 79.51, 0.00, 313.43, 20.24);
insert into SHOT values (2811, 2779, 2783, 4648, 1.00, 259.95, -62.38, 1.01, 260.13, -62.32, 0.00, 287.86, -43.78);
insert into SHOT values (2812, 2779, 2784, 4648, 6.84, 226.77, -10.59, 6.84, 226.81, -10.62, 0.01, 336.76, -32.92);
insert into SHOT values (2813, 2784, 2785, 4648, 6.63, 146.76, -3.76, 6.63, 146.72, -3.72, 0.01, 90.62, 37.93);
insert into SHOT values (2814, 2784, 2786, 4648, 6.75, 288.16, 30.58, 6.75, 288.15, 30.63, 0.01, 116.99, 52.65);
insert into SHOT values (2815, 2784, 2787, 4648, 9.49, 190.62, 77.48, 9.50, 190.60, 77.44, 0.01, 186.15, 35.19);
insert into SHOT values (2816, 2784, 2788, 4648, 0.87, 199.44, -76.82, 0.86, 197.53, -76.66, 0.01, 116.02, 46.59);
insert into SHOT values (2817, 2784, 2789, 4648, 9.89, 89.01, -26.68, 9.89, 89.03, -26.67, 0.00, 182.93, 46.61);
insert into SHOT values (2818, 2784, 2790, 4648, 10.36, 89.15, -26.63, 10.37, 89.20, -26.59, 0.01, 139.13, 28.89);
insert into SHOT values (2819, 2784, 2791, 4648, 10.35, 89.06, -26.46, 10.35, 89.07, -26.46, 0.00, 182.07, -15.80);
insert into SHOT values (2820, 2784, 2792, 4648, 10.78, 207.39, 19.64, 10.79, 207.37, 19.67, 0.01, 128.39, 59.42);
insert into SHOT values (2821, 2792, 2793, 4648, 15.64, 120.94, -0.62, 15.64, 120.94, -0.62, 0.00, 260.28, -20.89);
insert into SHOT values (2822, 2792, 2794, 4648, 8.09, 337.46, 5.92, 8.09, 337.42, 5.89, 0.01, 257.78, -35.94);
insert into SHOT values (2823, 2792, 2795, 4648, 7.21, 99.33, 74.58, 7.21, 99.31, 74.59, 0.01, 289.30, -55.74);
insert into SHOT values (2824, 2792, 2796, 4648, 1.58, 95.83, -55.82, 1.58, 95.84, -55.97, 0.01, 265.42, -82.56);
insert into SHOT values (2825, 2792, 2797, 4648, 14.19, 190.01, 33.17, 14.19, 189.99, 33.15, 0.01, 147.75, -11.40);
insert into SHOT values (2826, 2797, 2798, 4648, 9.69, 84.04, 2.89, 9.69, 84.01, 2.90, 0.01, 303.79, 8.63);
insert into SHOT values (2827, 2797, 2799, 4648, 3.53, 299.76, 2.23, 3.53, 299.77, 2.27, 0.00, 309.88, 57.77);
insert into SHOT values (2828, 2797, 2800, 4648, 4.16, 107.13, 62.77, 4.15, 106.90, 62.86, 0.01, 325.56, -20.54);
insert into SHOT values (2829, 2797, 2801, 4648, 0.68, 67.97, -56.69, 0.68, 66.19, -56.90, 0.01, 328.14, -8.35);
insert into SHOT values (2830, 2797, 2802, 4648, 35.73, 101.28, 36.87, 35.73, 101.28, 36.87, 0.01, 289.58, -4.91);
insert into SHOT values (2831, 2797, 2803, 4648, 12.27, 237.36, -6.31, 12.27, 237.39, -6.32, 0.01, 350.98, -11.77);
insert into SHOT values (2832, 2803, 2804, 4648, 19.33, 120.27, 24.99, 19.33, 120.27, 25.00, 0.00, 355.10, 81.87);
insert into SHOT values (2833, 2803, 2805, 4648, 3.43, 308.54, -15.10, 3.43, 308.50, -15.05, 0.01, 165.96, 43.23);
insert into SHOT values (2834, 2803, 2806, 4648, 2.09, 190.20, 76.86, 2.09, 190.84, 76.74, 0.01, 244.51, -26.83);
insert into SHOT values (2835, 2803, 2807, 4648, 0.93, 202.90, -77.37, 0.92, 202.83, -77.10, 0.01, 198.69, 59.60);
insert into SHOT values (2836, 2803, 2808, 4648, 5.57, 234.69, -20.33, 5.57, 234.67, -20.28, 0.00, 182.37, 56.62);
insert into SHOT values (2837, 2808, 2809, 4648, 12.31, 109.95, 37.05, 12.31, 109.93, 37.05, 0.00, 17.02, 1.05);
insert into SHOT values (2838, 2808, 2810, 4648, 3.13, 334.36, -1.50, 3.13, 334.25, -1.46, 0.01, 262.26, 17.53);
insert into SHOT values (2839, 2808, 2811, 4648, 3.98, 149.53, 76.36, 3.97, 149.88, 76.36, 0.01, 257.79, -48.73);
insert into SHOT values (2840, 2808, 2812, 4648, 0.47, 239.52, -59.15, 0.48, 240.26, -59.46, 0.01, 342.28, -50.96);
insert into SHOT values (2841, 2808, 2813, 4648, 25.29, 274.47, -36.73, 25.30, 274.47, -36.74, 0.01, 276.29, -63.80);
insert into SHOT values (2842, 2808, 2814, 4648, 13.09, 314.77, -43.28, 13.09, 314.74, -43.26, 0.01, 275.69, 11.09);
insert into SHOT values (2843, 2808, 2815, 4648, 17.44, 205.73, 7.32, 17.44, 205.74, 7.31, 0.01, 4.98, -26.65);
insert into SHOT values (2844, 2815, 2816, 4648, 15.57, 120.73, 27.38, 15.57, 120.76, 27.38, 0.01, 191.28, 10.84);
insert into SHOT values (2845, 2815, 2817, 4648, 3.04, 258.44, 18.70, 3.04, 258.38, 18.62, 0.01, 222.08, -30.15);
insert into SHOT values (2846, 2815, 2818, 4648, 3.08, 146.62, 69.78, 3.08, 146.91, 69.82, 0.01, 249.22, 25.63);
insert into SHOT values (2847, 2815, 2819, 4648, 1.08, 129.44, -36.80, 1.09, 129.89, -36.66, 0.01, 186.78, -0.42);
insert into SHOT values (2848, 2815, 2820, 4648, 17.59, 195.79, -9.98, 17.60, 195.80, -9.98, 0.01, 214.27, -7.26);
insert into SHOT values (2849, 2820, 2821, 4648, 23.14, 133.93, 37.71, 23.15, 133.92, 37.72, 0.01, 77.62, 44.89);
insert into SHOT values (2850, 2820, 2822, 4648, 3.09, 314.80, -1.87, 3.09, 314.87, -1.85, 0.00, 76.45, 12.44);
insert into SHOT values (2851, 2820, 2823, 4648, 6.98, 244.19, 75.92, 6.98, 244.19, 75.91, 0.00, 243.27, 49.63);
insert into SHOT values (2852, 2820, 2824, 4648, 1.48, 253.59, -74.61, 1.48, 253.86, -74.54, 0.00, 289.24, -33.79);
insert into SHOT values (2853, 2820, 2825, 4648, 35.56, 151.19, 40.68, 35.56, 151.18, 40.68, 0.00, 53.61, -27.60);
insert into SHOT values (2854, 2820, 2826, 4648, 18.79, 209.49, 7.64, 18.78, 209.49, 7.65, 0.01, 40.65, 17.71);
insert into SHOT values (2855, 2826, 2827, 4648, 9.53, 88.33, 13.79, 9.52, 88.33, 13.80, 0.01, 272.96, -4.99);
insert into SHOT values (2856, 2826, 2828, 4648, 7.21, 310.79, 11.00, 7.21, 310.76, 10.96, 0.01, 216.96, -55.63);
insert into SHOT values (2857, 2826, 2829, 4648, 4.41, 69.98, 78.32, 4.41, 70.35, 78.33, 0.01, 176.11, -23.67);
insert into SHOT values (2858, 2826, 2830, 4648, 2.44, 64.51, -42.75, 2.44, 64.44, -42.93, 0.01, 261.59, -26.67);
insert into SHOT values (2859, 2826, 2831, 4648, 17.71, 0.72, -1.36, 17.72, 0.71, -1.36, 0.00, 313.32, 7.02);
insert into SHOT values (2860, 2737, 2832, 4648, 21.46, 350.56, 5.30, 21.45, 350.54, 5.30, 0.01, 219.09, -13.19);
insert into SHOT values (2861, 2737, 2833, 4648, 12.18, 194.92, 27.16, 12.18, 194.92, 27.16, 0.00, 199.50, 40.12);
insert into SHOT values (2862, 2737, 2834, 4648, 17.27, 24.73, 75.94, 17.27, 24.67, 75.95, 0.01, 257.39, -39.64);
insert into SHOT values (2863, 2737, 2835, 4648, 1.27, 48.08, -68.19, 1.27, 48.47, -68.39, 0.01, 197.78, 16.67);
insert into SHOT values (2864, 2737, 2836, 4648, 26.36, 51.05, -4.99, 26.35, 51.06, -4.99, 0.01, 191.67, 19.62);
insert into SHOT values (2865, 2836, 2837, 4648, 11.40, 333.07, 7.13, 11.41, 333.05, 7.10, 0.01, 291.37, -42.19);
insert into SHOT values (2866, 2836, 2838, 4648, 13.08, 136.72, 26.21, 13.07, 136.73, 26.19, 0.01, 296.95, -53.79);
insert into SHOT values (2867, 2836, 2839, 4648, 8.27, 55.96, 73.01, 8.27, 55.78, 73.00, 0.01, 334.95, -14.42);
insert into SHOT values (2868, 2836, 2840, 4648, 3.92, 358.76, -54.79, 3.93, 358.73, -54.85, 0.01, 217.43, -69.93);
insert into SHOT values (2869, 2836, 2841, 4648, 15.72, 54.45, 6.38, 15.72, 54.43, 6.35, 0.01, 354.00, -45.05);
insert into SHOT values (2870, 2841, 2842, 4648, 3.68, 336.14, 21.75, 3.68, 336.14, 21.88, 0.01, 156.27, 57.06);
insert into SHOT values (2871, 2841, 2843, 4648, 17.02, 152.63, 20.40, 17.02, 152.65, 20.39, 0.01, 198.61, -10.62);
insert into SHOT values (2872, 2841, 2844, 4648, 13.41, 104.05, 75.01, 13.41, 104.20, 75.02, 0.01, 206.08, -4.87);
insert into SHOT values (2873, 2841, 2845, 4648, 1.92, 135.24, -57.54, 1.92, 135.39, -57.31, 0.01, 153.07, 5.63);
insert into SHOT values (2874, 2841, 2846, 4648, 24.39, 77.38, 5.56, 24.38, 77.38, 5.58, 0.01, 239.49, 52.08);
insert into SHOT values (2875, 2846, 2847, 4648, 13.43, 317.51, 19.39, 13.42, 317.53, 19.36, 0.01, 83.47, -56.84);
insert into SHOT values (2876, 2846, 2848, 4648, 24.30, 143.95, 8.55, 24.30, 143.96, 8.54, 0.00, 184.18, -36.43);
insert into SHOT values (2877, 2846, 2849, 4648, 11.81, 72.56, 76.04, 11.81, 72.65, 76.04, 0.01, 167.18, -49.74);
insert into SHOT values (2878, 2846, 2850, 4648, 1.24, 354.91, -51.84, 1.24, 355.49, -52.12, 0.01, 111.40, -30.29);
insert into SHOT values (2879, 2846, 2851, 4648, 37.65, 353.85, 3.31, 37.65, 353.86, 3.30, 0.01, 105.13, -28.68);
insert into SHOT values (2880, 2846, 2852, 4648, 46.45, 359.85, 4.97, 46.45, 359.85, 4.96, 0.00, 32.53, -64.03);
insert into SHOT values (2881, 2846, 2853, 4648, 46.20, 12.12, 5.98, 46.21, 12.12, 5.98, 0.00, 36.89, -46.13);
insert into SHOT values (2882, 2846, 2854, 4648, 74.67, 28.11, 4.85, 74.67, 28.11, 4.85, 0.00, 89.10, -58.51);
insert into SHOT values (2883, 2846, 2855, 4648, 60.12, 48.92, 0.06, 60.12, 48.92, 0.06, 0.00, 353.97, -50.04);
insert into SHOT values (2884, 2846, 2856, 4648, 48.66, 60.52, 0.87, 48.66, 60.53, 0.86, 0.01, 127.05, -54.61);
insert into SHOT values (2885, 2846, 2857, 4648, 48.36, 72.13, 0.04, 48.36, 72.13, 0.04, 0.00, 154.90, -80.25);
insert into SHOT values (2886, 2846, 2858, 4648, 48.65, 87.04, 2.05, 48.66, 87.04, 2.05, 0.00, 104.41, -7.27);
insert into SHOT values (2887, 2846, 2859, 4648, 41.45, 103.48, 4.25, 41.45, 103.48, 4.25, 0.01, 125.92, -8.66);
insert into SHOT values (2888, 2846, 2860, 4648, 39.79, 117.17, 1.99, 39.79, 117.17, 1.99, 0.01, 122.41, -16.36);
insert into SHOT values (2889, 2846, 2861, 4648, 23.10, 132.01, 4.81, 23.10, 131.99, 4.79, 0.01, 73.52, -33.94);
insert into SHOT values (2890, 2846, 2862, 4648, 19.49, 96.92, 39.50, 19.49, 96.91, 39.46, 0.01, 74.99, -46.58);
insert into SHOT values (2891, 2846, 2863, 4648, 16.60, 64.93, 56.42, 16.59, 64.94, 56.39, 0.01, 84.65, -49.00);
insert into SHOT values (2892, 2846, 2864, 4648, 21.05, 22.60, 48.62, 21.04, 22.62, 48.62, 0.01, 150.70, -27.54);
insert into SHOT values (2893, 2846, 2865, 4648, 27.44, 4.93, 33.92, 27.44, 4.94, 33.91, 0.01, 43.83, -34.20);
insert into SHOT values (2894, 2846, 2866, 4648, 27.12, 350.13, 22.24, 27.12, 350.14, 22.23, 0.01, 130.46, -51.61);
insert into SHOT values (2895, 2846, 2867, 4648, 14.03, 327.71, 17.53, 14.03, 327.74, 17.51, 0.01, 103.13, -38.45);
insert into SHOT values (2896, 2846, 2868, 4648, 19.69, 298.90, 30.51, 19.69, 298.91, 30.49, 0.01, 89.16, -63.69);
insert into SHOT values (2897, 2846, 2869, 4648, 16.69, 260.05, 37.05, 16.68, 260.05, 37.05, 0.01, 80.93, -29.41);
insert into SHOT values (2898, 2846, 2870, 4648, 23.47, 267.52, -0.80, 23.47, 267.51, -0.81, 0.00, 183.57, -27.25);
insert into SHOT values (2899, 2846, 2871, 4648, 34.84, 6.74, -31.80, 34.84, 6.75, -31.80, 0.01, 53.19, -3.23);
insert into SHOT values (2900, 2846, 2872, 4648, 39.42, 24.92, -37.86, 39.43, 24.93, -37.86, 0.01, 62.14, -37.80);
insert into SHOT values (2901, 2846, 2873, 4648, 49.53, 47.06, -35.69, 49.54, 47.06, -35.69, 0.01, 65.65, -14.15);
insert into SHOT values (2902, 2846, 2874, 4648, 48.04, 67.09, -32.69, 48.05, 67.09, -32.69, 0.01, 87.65, -21.95);
insert into SHOT values (2903, 2846, 2875, 4648, 22.79, 87.73, -34.81, 22.79, 87.73, -34.81, 0.01, 99.23, -21.21);
insert into SHOT values (2904, 2846, 2876, 4648, 90.52, 48.09, -0.79, 90.52, 48.09, -0.79, 0.01, 138.81, -15.16);
insert into SHOT values (2905, 2846, 2877, 4648, 90.86, 44.46, -1.62, 90.86, 44.46, -1.62, 0.01, 95.32, -8.73);
insert into SHOT values (2906, 2846, 2878, 4648, 48.70, 56.82, 2.35, 48.70, 56.82, 2.34, 0.01, 171.31, -70.93);
insert into SHOT values (2907, 2846, 2879, 4648, 89.83, 49.93, -1.19, 89.84, 49.94, -1.19, 0.01, 118.59, -22.23);
insert into SHOT values (2908, 2846, 2880, 4648, 47.99, 41.83, 42.73, 47.99, 41.84, 42.72, 0.01, 74.62, -22.25);
insert into SHOT values (2909, 2846, 2881, 4648, 81.16, 23.13, 9.05, 81.15, 23.14, 9.05, 0.01, 114.35, -34.80);
insert into SHOT values (2910, 2846, 2882, 4648, 57.07, 93.85, 2.51, 57.07, 93.85, 2.50, 0.01, 124.48, -72.54);
insert into SHOT values (2911, 2846, 2883, 4648, 8.42, 151.41, 1.17, 8.42, 151.39, 1.16, 0.00, 40.98, -39.29);
insert into SHOT values (2912, 2883, 2884, 4648, 45.76, 58.42, -0.66, 45.77, 58.43, -0.66, 0.01, 120.88, -20.29);
insert into SHOT values (2913, 2883, 2885, 4648, 18.05, 195.32, 3.73, 18.05, 195.32, 3.72, 0.00, 327.02, -64.18);
insert into SHOT values (2914, 2883, 2886, 4648, 10.96, 126.14, 82.06, 10.97, 126.19, 82.01, 0.01, 134.54, 6.53);
insert into SHOT values (2915, 2883, 2887, 4648, 1.71, 150.78, -75.31, 1.72, 149.93, -75.18, 0.01, 97.76, -25.95);
insert into SHOT values (2916, 2883, 2888, 4648, 14.69, 120.79, 12.23, 14.70, 120.78, 12.22, 0.01, 97.78, -14.97);
insert into SHOT values (2917, 2883, 2889, 4648, 12.60, 143.80, 30.10, 12.60, 143.80, 30.10, 0.01, 148.98, 19.37);
insert into SHOT values (2918, 2883, 2890, 4648, 11.28, 199.06, 40.32, 11.28, 199.07, 40.32, 0.00, 344.27, -37.38);
insert into SHOT values (2919, 2883, 2891, 4648, 12.01, 233.14, 41.33, 12.01, 233.12, 41.34, 0.01, 96.40, -7.49);
insert into SHOT values (2920, 2883, 2892, 4648, 10.52, 208.51, 67.26, 10.52, 208.52, 67.27, 0.00, 10.55, 11.84);
insert into SHOT values (2921, 2883, 2893, 4648, 10.82, 130.62, 69.35, 10.82, 130.65, 69.31, 0.01, 144.76, -7.60);
insert into SHOT values (2922, 2883, 2894, 4648, 14.38, 105.24, 45.81, 14.38, 105.27, 45.81, 0.01, 169.43, 11.82);
insert into SHOT values (2923, 2883, 2895, 4648, 17.52, 93.98, 34.10, 17.52, 93.99, 34.08, 0.01, 114.59, -22.33);
insert into SHOT values (2924, 2883, 2896, 4648, 14.38, 162.96, -16.33, 14.39, 162.94, -16.35, 0.01, 134.20, -38.61);
insert into SHOT values (2925, 2896, 2897, 4648, 58.73, 34.09, 7.59, 58.73, 34.09, 7.59, 0.00, 124.61, 64.63);
insert into SHOT values (2926, 2896, 2898, 4648, 12.09, 173.34, -13.41, 12.08, 173.35, -13.40, 0.01, 336.08, 19.77);
insert into SHOT values (2927, 2896, 2899, 4648, 9.10, 151.34, 81.95, 9.10, 151.21, 82.00, 0.01, 351.77, -2.28);
insert into SHOT values (2928, 2896, 2900, 4648, 1.46, 214.00, -71.41, 1.45, 214.38, -71.55, 0.01, 8.08, 47.44);
insert into SHOT values (2929, 2896, 2901, 4648, 35.41, 173.59, 14.53, 35.41, 173.60, 14.54, 0.01, 305.93, 32.78);
insert into SHOT values (2930, 2896, 2902, 4648, 14.20, 93.43, -6.09, 14.19, 93.41, -6.07, 0.01, 311.02, 41.81);
insert into SHOT values (2931, 2902, 2903, 4648, 44.43, 28.65, 24.47, 44.43, 28.65, 24.46, 0.01, 207.66, -75.27);
insert into SHOT values (2932, 2902, 2904, 4648, 6.40, 169.29, -1.19, 6.40, 169.29, -1.25, 0.01, 149.29, -81.76);
insert into SHOT values (2933, 2902, 2905, 4648, 5.74, 67.07, 86.69, 5.73, 67.25, 86.64, 0.01, 79.01, -51.71);
insert into SHOT values (2934, 2902, 2906, 4648, 2.19, 157.51, -51.44, 2.20, 157.19, -51.52, 0.01, 67.05, -33.84);
insert into SHOT values (2935, 2902, 2907, 4648, 13.31, 58.41, 16.92, 13.31, 58.42, 16.90, 0.01, 198.49, -58.73);
insert into SHOT values (2936, 2907, 2908, 4648, 51.35, 345.07, 27.87, 51.35, 345.08, 27.88, 0.01, 66.11, 57.54);
insert into SHOT values (2937, 2907, 2909, 4648, 9.21, 154.85, 1.34, 9.21, 154.80, 1.37, 0.01, 49.72, 28.39);
insert into SHOT values (2938, 2907, 2910, 4648, 6.12, 282.93, 87.65, 6.12, 284.04, 87.68, 0.01, 48.36, 1.40);
insert into SHOT values (2939, 2907, 2911, 4648, 2.71, 186.58, -41.38, 2.71, 186.50, -41.36, 0.00, 75.91, 33.41);
insert into SHOT values (2940, 2907, 2912, 4648, 10.71, 40.56, 7.95, 10.71, 40.57, 7.94, 0.00, 56.48, -15.48);
insert into SHOT values (2941, 2912, 2913, 4648, 14.90, 32.92, 8.40, 14.90, 32.92, 8.41, 0.01, 197.77, 36.34);
insert into SHOT values (2942, 2912, 2914, 4648, 5.41, 178.62, -0.48, 5.40, 178.62, -0.42, 0.01, 357.45, 51.24);
insert into SHOT values (2943, 2912, 2915, 4648, 9.01, 96.32, 84.85, 9.02, 96.42, 84.88, 0.01, 254.93, 65.53);
insert into SHOT values (2944, 2912, 2916, 4648, 0.96, 100.32, -60.35, 0.96, 100.84, -60.03, 0.01, 150.62, 37.29);
insert into SHOT values (2945, 2912, 2917, 4648, 18.64, 87.85, 2.34, 18.64, 87.85, 2.37, 0.01, 313.77, 78.23);
insert into SHOT values (2946, 2917, 2918, 4648, 2.02, 6.14, 22.74, 2.02, 6.17, 22.74, 0.00, 116.24, -3.18);
insert into SHOT values (2947, 2917, 2919, 4648, 8.21, 223.00, 8.51, 8.21, 223.00, 8.47, 0.01, 12.12, -77.49);
insert into SHOT values (2948, 2917, 2920, 4648, 4.88, 169.35, 65.12, 4.87, 169.35, 65.06, 0.01, 167.35, -40.83);
insert into SHOT values (2949, 2917, 2921, 4648, 2.65, 180.99, -55.46, 2.66, 180.76, -55.41, 0.01, 129.13, -21.14);
insert into SHOT values (2950, 2917, 2922, 4648, 23.67, 82.86, 26.32, 23.67, 82.88, 26.31, 0.01, 171.37, -27.74);
insert into SHOT values (2951, 2922, 2923, 4648, 5.46, 335.48, 28.99, 5.46, 335.53, 28.91, 0.01, 7.55, -33.28);
insert into SHOT values (2952, 2922, 2924, 4648, 12.92, 163.23, 14.98, 12.91, 163.22, 14.99, 0.01, 359.88, 12.71);
insert into SHOT values (2953, 2922, 2925, 4648, 7.79, 295.40, 84.83, 7.79, 296.20, 84.83, 0.01, 25.84, -1.75);
insert into SHOT values (2954, 2922, 2926, 4648, 2.65, 219.17, -45.29, 2.65, 219.33, -45.43, 0.01, 341.27, -43.85);
insert into SHOT values (2955, 2922, 2927, 4648, 8.29, 52.25, 16.29, 8.29, 52.19, 16.25, 0.01, 329.53, -38.46);
insert into SHOT values (2956, 2927, 2928, 4648, 8.17, 342.39, 12.88, 8.17, 342.38, 12.94, 0.01, 201.30, 81.67);
insert into SHOT values (2957, 2927, 2929, 4648, 14.70, 138.26, 6.60, 14.71, 138.25, 6.60, 0.01, 99.77, -0.36);
insert into SHOT values (2958, 2927, 2930, 4648, 14.30, 98.96, 87.20, 14.31, 99.06, 87.20, 0.01, 185.95, 76.75);
insert into SHOT values (2959, 2927, 2931, 4648, 1.68, 77.62, -51.06, 1.68, 78.06, -50.73, 0.01, 138.10, 46.59);
insert into SHOT values (2960, 2927, 2932, 4648, 13.99, 7.54, -4.95, 13.98, 7.55, -4.92, 0.01, 168.96, 47.63);
insert into SHOT values (2961, 2927, 2933, 4648, 9.50, 25.91, 29.49, 9.51, 25.95, 29.49, 0.01, 68.47, 27.19);
insert into SHOT values (2962, 2927, 2934, 4648, 13.50, 42.31, 32.50, 13.51, 42.33, 32.51, 0.01, 96.23, 48.60);
insert into SHOT values (2963, 2927, 2935, 4648, 14.38, 62.80, 29.79, 14.39, 62.84, 29.80, 0.01, 129.79, 21.44);
insert into SHOT values (2964, 2927, 2936, 4648, 14.60, 79.24, 24.53, 14.60, 79.24, 24.56, 0.01, 78.87, 71.58);
insert into SHOT values (2965, 2927, 2937, 4648, 15.54, 96.77, 17.82, 15.54, 96.79, 17.84, 0.01, 166.11, 38.92);
insert into SHOT values (2966, 2927, 2938, 4648, 15.96, 125.27, 11.05, 15.96, 125.25, 11.05, 0.01, 68.07, 19.41);
insert into SHOT values (2967, 2927, 2939, 4648, 15.70, 154.35, 4.64, 15.71, 154.34, 4.64, 0.01, 127.17, 0.74);
insert into SHOT values (2968, 2927, 2940, 4648, 16.63, 179.51, 2.41, 16.63, 179.48, 2.41, 0.01, 85.06, 6.27);
insert into SHOT values (2969, 2927, 2941, 4648, 10.27, 162.63, 63.07, 10.27, 162.62, 63.07, 0.00, 87.48, 59.21);
insert into SHOT values (2970, 2927, 2942, 4648, 16.21, 205.37, 81.95, 16.22, 205.32, 81.96, 0.01, 65.62, 71.45);
insert into SHOT values (2971, 2927, 2943, 4648, 18.51, 303.06, 75.36, 18.51, 303.04, 75.37, 0.00, 157.03, 22.97);
insert into SHOT values (2972, 2927, 2944, 4648, 12.31, 311.62, 60.10, 12.31, 311.63, 60.16, 0.01, 128.18, 33.30);
insert into SHOT values (2973, 2927, 2945, 4648, 10.57, 305.01, 44.84, 10.57, 305.05, 44.89, 0.01, 83.92, 46.98);
insert into SHOT values (2974, 2927, 2946, 4648, 9.29, 247.04, 58.55, 9.29, 247.03, 58.58, 0.01, 74.39, 46.29);
insert into SHOT values (2975, 2927, 2947, 4648, 12.73, 234.49, 81.01, 12.74, 234.40, 81.00, 0.01, 187.91, 49.99);
insert into SHOT values (2976, 2927, 2948, 4648, 9.94, 352.17, -2.57, 9.94, 352.19, -2.54, 0.01, 96.92, 61.00);
insert into SHOT values (2977, 2948, 2949, 4648, 1.86, 267.12, -6.59, 1.87, 267.21, -6.77, 0.01, 6.24, -62.50);
insert into SHOT values (2978, 2948, 2950, 4648, 0.62, 40.44, 20.31, 0.62, 40.82, 19.86, 0.01, 86.54, -35.83);
insert into SHOT values (2979, 2948, 2951, 4648, 2.17, 136.32, 70.16, 2.17, 136.10, 70.17, 0.00, 15.93, -43.46);
insert into SHOT values (2980, 2948, 2952, 4648, 4.90, 1.83, -60.12, 4.90, 1.88, -60.13, 0.00, 72.85, -45.83);
insert into SHOT values (2981, 2948, 2953, 4648, 3.84, 310.93, -57.42, 3.84, 310.87, -57.51, 0.01, 147.72, -7.07);
insert into SHOT values (2982, 2953, 2954, 4648, 2.81, 240.78, -21.52, 2.81, 240.88, -21.54, 0.00, 337.57, -8.39);
insert into SHOT values (2983, 2953, 2955, 4648, 1.22, 48.43, 4.78, 1.22, 48.33, 4.69, 0.00, 306.25, -40.60);
insert into SHOT values (2984, 2953, 2956, 4648, 0.81, 347.35, 86.43, 0.80, 348.69, 86.35, 0.00, 43.88, -72.14);
insert into SHOT values (2985, 2953, 2957, 4648, 0.81, 356.96, -69.49, 0.81, 356.05, -69.07, 0.01, 327.87, -28.33);
insert into SHOT values (2986, 2953, 2958, 4648, 5.00, 264.50, -30.59, 5.01, 264.54, -30.61, 0.01, 312.00, -44.01);
insert into SHOT values (2987, 2958, 2959, 4648, 3.71, 234.88, 14.62, 3.71, 234.98, 14.67, 0.01, 324.93, 29.23);
insert into SHOT values (2988, 2958, 2960, 4648, 2.84, 19.19, 1.68, 2.84, 19.14, 1.82, 0.01, 268.05, 67.63);
insert into SHOT values (2989, 2958, 2961, 4648, 7.49, 237.57, 77.34, 7.49, 237.48, 77.38, 0.01, 91.91, 51.31);
insert into SHOT values (2990, 2958, 2962, 4648, 2.47, 327.79, -50.69, 2.47, 328.03, -50.62, 0.01, 33.98, 8.69);
insert into SHOT values (2991, 2958, 2963, 4648, 23.94, 301.21, -17.10, 23.94, 301.22, -17.10, 0.00, 18.52, -7.45);
insert into SHOT values (2992, 2963, 2964, 4648, 2.25, 286.07, 1.94, 2.25, 286.02, 2.04, 0.00, 209.42, 60.57);
insert into SHOT values (2993, 2963, 2965, 4648, 21.32, 121.51, 13.54, 21.32, 121.50, 13.56, 0.01, 331.40, 63.20);
insert into SHOT values (2994, 2963, 2966, 4648, 4.04, 270.69, 81.71, 4.04, 270.99, 81.75, 0.01, 34.12, 55.12);
insert into SHOT values (2995, 2963, 2967, 4648, 1.54, 174.39, -47.97, 1.54, 174.45, -47.77, 0.01, 207.76, 70.90);
insert into SHOT values (2996, 2963, 2968, 4648, 29.29, 173.50, 31.40, 29.29, 173.50, 31.40, 0.00, 182.21, 8.05);
insert into SHOT values (2997, 2963, 2969, 4648, 22.23, 163.41, 49.76, 22.23, 163.41, 49.77, 0.00, 124.78, 79.15);
insert into SHOT values (2998, 2963, 2970, 4648, 13.97, 4.01, -19.23, 13.97, 4.00, -19.22, 0.00, 223.03, 34.98);
insert into SHOT values (2999, 2970, 2971, 4648, 5.41, 267.55, 15.55, 5.40, 267.58, 15.57, 0.00, 42.79, 16.28);
insert into SHOT values (3000, 2970, 2972, 4648, 8.68, 78.90, 20.01, 8.69, 78.91, 19.99, 0.01, 93.98, -5.06);
insert into SHOT values (3001, 2970, 2973, 4648, 6.24, 39.35, 74.59, 6.24, 39.36, 74.62, 0.01, 211.33, 59.24);
insert into SHOT values (3002, 2970, 2974, 4648, 0.85, 0.32, -77.79, 0.85, 0.00, -77.76, 0.00, 271.15, 60.12);
insert into SHOT values (3003, 2970, 2975, 4648, 16.05, 301.58, -11.78, 16.06, 301.58, -11.79, 0.00, 277.00, -49.22);
insert into SHOT values (3004, 2975, 2976, 4648, 6.11, 173.75, 29.58, 6.11, 173.73, 29.62, 0.01, 14.77, 26.28);
insert into SHOT values (3005, 2975, 2977, 4648, 16.34, 330.05, 11.17, 16.34, 330.06, 11.19, 0.01, 99.93, 50.31);
insert into SHOT values (3006, 2975, 2978, 4648, 11.03, 334.41, 82.22, 11.04, 334.64, 82.22, 0.01, 59.79, 55.41);
insert into SHOT values (3007, 2975, 2979, 4648, 1.88, 307.76, -67.52, 1.87, 308.16, -67.62, 0.01, 89.64, 37.87);
insert into SHOT values (3008, 2975, 2980, 4648, 10.29, 277.41, 4.98, 10.28, 277.40, 5.02, 0.01, 105.27, 33.02);
insert into SHOT values (3009, 2980, 2981, 4648, 16.30, 144.59, 34.25, 16.29, 144.61, 34.25, 0.01, 274.67, -26.43);
insert into SHOT values (3010, 2980, 2982, 4648, 19.97, 10.10, 40.73, 19.97, 10.08, 40.73, 0.00, 268.62, -21.69);
insert into SHOT values (3011, 2980, 2983, 4648, 17.39, 255.65, 78.15, 17.38, 255.73, 78.15, 0.01, 346.43, -47.63);
insert into SHOT values (3012, 2980, 2984, 4648, 1.25, 242.82, -72.62, 1.25, 243.43, -72.28, 0.01, 270.07, -5.68);
insert into SHOT values (3013, 2980, 2985, 4648, 11.91, 147.77, 44.28, 11.90, 147.80, 44.28, 0.01, 288.16, -30.69);
insert into SHOT values (3014, 2980, 2986, 4648, 13.97, 151.52, 67.02, 13.97, 151.51, 67.03, 0.00, 353.28, 8.26);
insert into SHOT values (3015, 2980, 2987, 4648, 13.03, 208.44, 81.18, 13.02, 208.75, 81.18, 0.01, 306.13, -15.27);
insert into SHOT values (3016, 2980, 2988, 4648, 19.30, 293.34, 62.90, 19.30, 293.36, 62.87, 0.01, 312.99, -11.76);
insert into SHOT values (3017, 2980, 2989, 4648, 21.80, 298.00, 49.48, 21.80, 298.03, 49.46, 0.01, 351.90, -32.14);
insert into SHOT values (3018, 2980, 2990, 4648, 27.23, 308.89, 36.19, 27.23, 308.89, 36.17, 0.01, 303.65, -29.98);
insert into SHOT values (3019, 2980, 2991, 4648, 31.82, 312.23, 28.27, 31.82, 312.24, 28.27, 0.01, 350.76, 5.55);
insert into SHOT values (3020, 2980, 2992, 4648, 5.90, 306.66, 7.74, 5.90, 306.65, 7.70, 0.00, 288.46, -66.66);
insert into SHOT values (3021, 2980, 2993, 4648, 18.96, 71.55, -11.81, 18.96, 71.53, -11.81, 0.01, 345.49, -0.95);
insert into SHOT values (3022, 2993, 2994, 4648, 14.53, 322.42, 14.87, 14.53, 322.40, 14.87, 0.00, 230.41, 2.73);
insert into SHOT values (3023, 2993, 2995, 4648, 10.40, 119.66, 27.17, 10.40, 119.67, 27.17, 0.00, 267.66, -7.97);
insert into SHOT values (3024, 2993, 2996, 4648, 11.29, 13.01, 84.36, 11.29, 13.03, 84.37, 0.00, 175.01, 24.75);
insert into SHOT values (3025, 2993, 2997, 4648, 7.78, 55.93, -47.12, 7.77, 55.95, -47.16, 0.01, 221.61, 2.39);
insert into SHOT values (3026, 2993, 2998, 4648, 14.26, 45.71, -1.23, 14.25, 45.71, -1.25, 0.01, 224.12, -27.71);
insert into SHOT values (3027, 2998, 2999, 4648, 9.99, 321.90, 11.74, 9.99, 321.93, 11.73, 0.01, 69.34, -24.74);
insert into SHOT values (3028, 2998, 3000, 4648, 8.24, 144.91, 25.73, 8.24, 144.88, 25.75, 0.01, 35.82, 30.04);
insert into SHOT values (3029, 2998, 3001, 4648, 9.84, 353.85, 79.23, 9.84, 354.07, 79.23, 0.01, 78.43, 10.77);
insert into SHOT values (3030, 2998, 3002, 4648, 1.18, 33.84, -74.38, 1.19, 33.69, -74.11, 0.01, 26.41, -21.73);
insert into SHOT values (3031, 2998, 3003, 4648, 17.07, 45.18, 1.64, 17.07, 45.17, 1.64, 0.01, 3.10, 14.71);
insert into SHOT values (3032, 3003, 3004, 4648, 10.17, 324.09, 30.27, 10.17, 324.08, 30.30, 0.01, 158.43, 39.31);
insert into SHOT values (3033, 3003, 3005, 4648, 13.87, 144.76, 30.30, 13.88, 144.78, 30.29, 0.01, 185.63, 8.59);
insert into SHOT values (3034, 3003, 3006, 4648, 18.96, 18.77, 80.51, 18.96, 18.84, 80.51, 0.00, 81.01, 29.29);
insert into SHOT values (3035, 3003, 3007, 4648, 1.01, 8.00, -68.36, 1.01, 7.70, -68.34, 0.00, 271.95, 38.83);
insert into SHOT values (3036, 3003, 3008, 4648, 11.42, 351.91, 19.50, 11.41, 351.93, 19.50, 0.01, 137.97, -8.99);
insert into SHOT values (3037, 3003, 3009, 4648, 11.53, 351.76, 19.61, 11.52, 351.79, 19.63, 0.01, 126.81, 15.23);
insert into SHOT values (3038, 3009, 3010, 4648, 6.10, 270.17, 27.58, 6.10, 270.21, 27.53, 0.01, 340.20, -50.77);
insert into SHOT values (3039, 3009, 3011, 4648, 14.98, 151.42, 2.05, 14.98, 151.43, 2.03, 0.01, 232.57, -61.26);
insert into SHOT values (3040, 3009, 3012, 4648, 10.46, 94.17, 71.84, 10.46, 94.22, 71.85, 0.00, 201.12, 31.74);
insert into SHOT values (3041, 3009, 3013, 4648, 1.31, 142.44, -65.22, 1.32, 143.13, -65.38, 0.01, 242.73, -42.08);
insert into SHOT values (3042, 3009, 3014, 4648, 16.68, 319.35, 15.97, 16.68, 319.35, 15.97, 0.00, 304.83, -1.87);
insert into SHOT values (3043, 3009, 3015, 4648, 14.87, 72.64, 9.58, 14.87, 72.62, 9.56, 0.01, 294.50, -30.05);
insert into SHOT values (3044, 3015, 3016, 4648, 3.84, 327.16, 14.01, 3.83, 327.21, 14.07, 0.01, 131.65, 5.26);
insert into SHOT values (3045, 3015, 3017, 4648, 3.94, 324.74, 10.24, 3.93, 324.79, 10.26, 0.01, 121.14, -0.45);
insert into SHOT values (3046, 3015, 3018, 4648, 14.85, 125.12, 14.20, 14.85, 125.10, 14.22, 0.01, 81.51, 50.87);
insert into SHOT values (3047, 3015, 3019, 4648, 8.18, 123.66, 68.21, 8.19, 123.74, 68.18, 0.01, 156.36, 37.97);
insert into SHOT values (3048, 3015, 3020, 4648, 1.50, 105.09, -51.18, 1.50, 105.36, -50.87, 0.01, 139.52, 31.15);
insert into SHOT values (3049, 3015, 3021, 4648, 26.66, 136.61, 23.43, 26.67, 136.61, 23.42, 0.01, 126.09, 0.15);
insert into SHOT values (3050, 3015, 3022, 4648, 13.12, 40.91, 2.32, 13.12, 40.95, 2.32, 0.01, 150.64, -7.18);
insert into SHOT values (3051, 3022, 3023, 4648, 15.70, 313.96, 4.65, 15.71, 313.96, 4.67, 0.01, 324.09, 42.50);
insert into SHOT values (3052, 3022, 3024, 4648, 9.54, 104.42, 3.23, 9.54, 104.40, 3.24, 0.00, 53.32, 29.95);
insert into SHOT values (3053, 3022, 3025, 4648, 6.09, 36.09, 75.47, 6.10, 35.97, 75.44, 0.00, 350.01, -0.79);
insert into SHOT values (3054, 3022, 3026, 4648, 1.06, 354.42, -57.07, 1.06, 354.09, -56.47, 0.01, 330.26, 47.52);
insert into SHOT values (3055, 3022, 3027, 4648, 22.82, 25.26, -8.97, 22.82, 25.26, -8.95, 0.01, 16.86, 54.76);
insert into SHOT values (3056, 3027, 3028, 4648, 8.22, 300.13, 12.73, 8.21, 300.12, 12.73, 0.00, 147.11, -9.87);
insert into SHOT values (3057, 3027, 3029, 4648, 11.66, 116.61, 31.68, 11.66, 116.59, 31.67, 0.00, 12.29, -29.86);
insert into SHOT values (3058, 3027, 3030, 4648, 9.53, 31.56, 82.26, 9.53, 31.58, 82.28, 0.01, 206.48, -57.29);
insert into SHOT values (3059, 3027, 3031, 4648, 2.65, 35.34, -47.45, 2.64, 35.20, -47.50, 0.01, 263.01, 7.34);
insert into SHOT values (3060, 3027, 3032, 4648, 0.22, 151.16, 23.42, 0.22, 150.95, 21.23, 0.01, 137.27, -67.72);
insert into SHOT values (3061, 3027, 3033, 4648, 11.59, 153.73, 22.41, 11.59, 153.75, 22.42, 0.00, 230.83, 26.67);
insert into SHOT values (3062, 3027, 3034, 4648, 23.64, 355.93, -5.75, 23.64, 355.93, -5.75, 0.00, 184.57, -14.84);
insert into SHOT values (3063, 3034, 3035, 4648, 6.06, 254.91, 0.99, 6.07, 255.00, 0.94, 0.01, 324.72, -24.78);
insert into SHOT values (3064, 3034, 3036, 4648, 14.25, 77.01, 28.67, 14.24, 77.01, 28.65, 0.01, 264.02, -71.07);
insert into SHOT values (3065, 3034, 3037, 4648, 8.08, 32.74, 82.52, 8.08, 32.64, 82.48, 0.01, 13.50, 16.80);
insert into SHOT values (3066, 3034, 3038, 4648, 0.73, 232.83, -74.68, 0.72, 233.75, -75.12, 0.01, 26.81, 9.76);
insert into SCRAPS values (4649, 4646, 'jetstream_s0', 1, 0.11988, 0.01174);
 insert into SCRAPS values (4684, 4646, 'jetstream_s1', 1, 0.21422, 0.03902);
 insert into SCRAPS values (4716, 4646, 'jetstream_s2', 1, 0.15360, 0.01597);
 insert into SCRAPS values (4739, 4646, 'jetstream_s3', 1, 7.92431, 0.04412);
 insert into SCRAPS values (4798, 4646, 'jetstream_s4', 1, 100.00000, 6.27241);
 insert into SCRAPS values (4879, 4646, 'jetstream_s5', 1, 0.26642, 0.01010);
 insert into SCRAPS values (4920, 4646, 'jetstream_s6', 1, 0.35227, 0.00537);
 insert into SCRAPS values (5045, 4646, 'jetstream_ext_s1', 3, 27.67094, 5.74005);
 insert into SCRAPS values (5069, 4646, 'jetstream_ext_s2', 3, 55.87865, 6.04253);
 insert into SCRAPS values (5129, 4646, 'jetstream_ext_s3', 3, 0.09659, 0.00268);
 insert into MAPS values (5157, 4646, 'jetstreamPlan', 'Jetstream, Clearwater Cave', 1, 2060.464, 121.910);
 insert into MAPITEMS values (5157, 4, 4684);
 insert into MAPITEMS values (5157, 4, 4716);
 insert into MAPITEMS values (5157, 4, 4739);
 insert into MAPITEMS values (5157, 4, 4798);
 insert into MAPITEMS values (5157, 4, 4879);
 insert into MAPITEMS values (5157, 4, 4920);
 insert into MAPITEMS values (5157, 4, 4649);
 insert into MAPS values (5158, 4646, 'jetstreamExt', NULL, 3, 2060.464, 121.910);
 insert into MAPITEMS values (5158, 4, 5045);
 insert into MAPITEMS values (5158, 4, 5069);
 insert into MAPITEMS values (5158, 4, 5129);
 insert into SURVEY values (5160, 68, 'nesters', 'nesters.clearwater_master', NULL);
 insert into CENTRELINE values (5161, 5160, NULL, NULL, NULL, 0.00, 0.00, 0.00);
 insert into CENTRELINE values (5162, 5160, NULL, '2014-04-20', NULL, 1370.10, 0.00, 339.90);
 insert into SHOT values (3067, 3039, 3040, 5162, 19.60, 65.00, -2.00, 19.61, 65.00, -1.99, 0.01, 76.48, 28.60);
insert into SHOT_FLAG values(3067, 'dpl');
insert into SHOT values (3068, 3040, 3041, 5162, 54.70, 36.00, -4.00, 54.70, 35.99, -4.00, 0.01, 322.29, -36.80);
insert into SHOT_FLAG values(3068, 'dpl');
insert into SHOT values (3069, 3041, 3042, 5162, 42.80, 20.00, 5.00, 42.79, 20.00, 5.01, 0.01, 205.44, 56.59);
insert into SHOT_FLAG values(3069, 'dpl');
insert into SHOT values (3070, 3042, 3043, 5162, 23.30, 108.00, 22.00, 23.30, 107.98, 21.98, 0.01, 34.27, -49.83);
insert into SHOT_FLAG values(3070, 'dpl');
insert into SHOT values (3071, 3043, 3044, 5162, 28.10, 63.00, -4.00, 28.10, 63.01, -4.00, 0.01, 148.54, 1.27);
insert into SHOT_FLAG values(3071, 'dpl');
insert into SHOT values (3072, 3044, 3045, 5162, 11.30, 80.00, -37.00, 11.29, 79.97, -37.02, 0.01, 291.18, 3.64);
insert into SHOT_FLAG values(3072, 'dpl');
insert into SHOT values (3073, 3045, 3046, 5162, 12.70, 134.00, -4.00, 12.70, 133.98, -3.97, 0.01, 84.23, 41.52);
insert into SHOT_FLAG values(3073, 'dpl');
insert into SHOT values (3074, 3044, 3047, 5162, 16.70, 164.00, 17.00, 16.70, 164.01, 17.03, 0.01, 309.02, 70.73);
insert into SHOT_FLAG values(3074, 'dpl');
insert into SHOT values (3075, 3047, 3048, 5162, 7.20, 68.00, -31.00, 7.20, 68.01, -31.02, 0.00, 228.99, -30.49);
insert into SHOT_FLAG values(3075, 'dpl');
insert into SHOT values (3076, 3048, 3049, 5162, 5.40, 84.00, 16.00, 5.40, 83.92, 16.02, 0.01, 342.22, 11.32);
insert into SHOT_FLAG values(3076, 'dpl');
insert into SHOT values (3077, 3049, 3050, 5162, 8.60, 56.00, 26.00, 8.60, 56.02, 26.00, 0.00, 141.87, 0.16);
insert into SHOT_FLAG values(3077, 'dpl');
insert into SHOT values (3078, 3051, 3052, 5162, 7.00, 171.10, 20.50, 7.00, 171.13, 20.59, 0.01, 330.51, 43.79);
insert into SHOT_FLAG values(3078, 'dpl');
insert into SHOT values (3079, 3052, 3053, 5162, 16.90, 156.50, -6.10, 16.90, 156.50, -6.11, 0.00, 308.67, -77.71);
insert into SHOT_FLAG values(3079, 'dpl');
insert into SHOT values (3080, 3053, 3054, 5162, 7.80, 119.70, 33.00, 7.80, 119.78, 33.00, 0.01, 194.30, 11.19);
insert into SHOT_FLAG values(3080, 'dpl');
insert into SHOT values (3081, 3054, 3055, 5162, 22.30, 203.00, 21.50, 22.29, 202.99, 21.50, 0.01, 38.16, -14.70);
insert into SHOT_FLAG values(3081, 'dpl');
insert into SHOT values (3082, 3055, 3056, 5162, 17.80, 165.60, 32.00, 17.81, 165.62, 31.98, 0.01, 204.19, -14.58);
insert into SHOT_FLAG values(3082, 'dpl');
insert into SHOT values (3083, 3056, 3057, 5162, 19.00, 177.00, 31.10, 19.00, 177.00, 31.13, 0.01, 347.86, 40.24);
insert into SHOT_FLAG values(3083, 'dpl');
insert into SHOT values (3084, 3057, 3039, 5162, 18.70, 238.90, 27.30, 18.70, 238.88, 27.28, 0.01, 190.89, -44.71);
insert into SHOT_FLAG values(3084, 'dpl');
insert into SHOT values (3085, 3039, 3058, 5162, 22.60, 200.00, 27.00, 22.60, 199.98, 27.00, 0.01, 71.84, -1.41);
insert into SHOT values (3086, 3058, 3059, 5162, 28.10, 241.00, 35.00, 28.10, 241.00, 35.01, 0.00, 104.83, 48.40);
insert into SHOT values (3087, 3059, 3060, 5162, 11.70, 209.00, 50.00, 11.70, 209.05, 50.04, 0.01, 332.87, 40.16);
insert into SHOT values (3088, 3058, 3061, 5162, 4.80, 150.00, -11.00, 4.80, 150.06, -10.94, 0.01, 275.30, 44.77);
insert into SHOT values (3089, 3061, 3062, 5162, 6.40, 75.00, -2.00, 6.40, 74.96, -1.97, 0.01, 21.95, 34.28);
insert into SHOT values (3090, 3062, 3063, 5162, 5.00, 28.00, 52.00, 5.00, 28.06, 51.96, 0.01, 67.31, -0.59);
insert into SHOT values (3091, 3063, 3064, 5162, 4.80, 82.00, 33.00, 4.79, 81.99, 33.00, 0.01, 267.71, -33.50);
insert into SHOT values (3092, 3064, 3065, 5162, 17.40, 129.00, 17.00, 17.40, 129.03, 17.00, 0.01, 190.10, 17.97);
insert into SHOT values (3093, 3065, 3066, 5162, 11.60, 248.00, 2.00, 11.59, 248.00, 1.98, 0.01, 72.38, -27.69);
insert into SHOT values (3094, 3066, 3067, 5162, 8.70, 262.00, -30.00, 8.71, 262.00, -29.97, 0.01, 260.99, 0.00);
insert into SHOT values (3095, 3065, 3068, 5162, 16.10, 60.00, -7.00, 16.10, 60.00, -6.99, 0.00, 89.78, 66.30);
insert into SHOT values (3096, 3068, 3069, 5162, 19.60, 47.00, -5.00, 19.60, 46.99, -5.00, 0.00, 0.23, -25.29);
insert into SHOT values (3097, 3069, 3070, 5162, 20.70, 56.00, 25.00, 20.70, 56.01, 24.97, 0.01, 96.55, -50.22);
insert into SHOT values (3098, 3070, 3071, 5162, 9.10, 126.00, 19.00, 9.10, 126.02, 19.04, 0.01, 200.49, 69.50);
insert into SHOT values (3099, 3068, 3072, 5162, 36.50, 107.00, 20.00, 36.54, 103.03, 19.62, 2.39, 17.84, -5.13);
insert into SHOT values (3100, 3072, 3073, 5162, 30.90, 135.00, 31.00, 30.84, 132.91, 31.84, 1.06, 27.43, 19.54);
insert into SHOT values (3101, 3073, 3074, 5162, 12.10, 142.00, -13.00, 12.03, 141.15, -13.66, 0.24, 20.55, -30.13);
insert into SHOT values (3102, 3074, 3075, 5162, 10.30, 185.00, -19.00, 10.22, 185.31, -19.78, 0.17, 341.31, -39.68);
insert into SHOT values (3103, 3075, 3076, 5162, 10.70, 178.00, 3.00, 10.60, 178.16, 2.76, 0.12, 341.58, -25.64);
insert into SHOT values (3104, 3076, 3077, 5162, 9.70, 172.00, 10.00, 9.61, 171.98, 9.95, 0.09, 353.97, -15.13);
insert into SHOT values (3105, 3077, 3078, 5162, 8.30, 113.00, 16.00, 8.25, 111.98, 15.89, 0.15, 6.11, -10.62);
insert into SHOT values (3106, 3078, 3079, 5162, 24.60, 208.00, 9.00, 24.53, 209.80, 8.70, 0.78, 302.71, -10.25);
insert into SHOT values (3107, 3079, 3080, 5162, 26.40, 196.00, 5.00, 26.40, 196.00, 5.00, 0.00, 310.59, -38.69);
insert into SHOT values (3108, 3079, 3081, 5162, 10.60, 289.00, -17.00, 10.65, 290.23, -17.15, 0.23, 8.94, -10.41);
insert into SHOT values (3109, 3081, 3082, 5162, 7.10, 202.00, -27.00, 7.03, 202.57, -27.63, 0.12, 350.09, -17.37);
insert into SHOT values (3110, 3082, 3083, 5162, 2.40, 306.00, -37.00, 2.47, 306.75, -36.89, 0.07, 331.21, -30.34);
insert into SHOT values (3111, 3083, 3084, 5162, 15.40, 218.00, -3.00, 15.35, 219.44, -3.51, 0.41, 317.80, -18.98);
insert into SHOT values (3112, 3084, 3085, 5162, 25.20, 273.00, -24.00, 25.25, 275.92, -24.40, 1.19, 5.87, -8.75);
insert into SHOT values (3113, 3085, 3086, 5162, 20.20, 220.00, -5.00, 20.20, 220.02, -5.00, 0.01, 315.64, 4.28);
insert into SHOT values (3114, 3085, 3087, 5162, 50.00, 2.00, -20.00, 50.11, 1.05, -19.19, 1.06, 295.31, 36.54);
insert into SHOT values (3115, 3087, 3088, 5162, 7.30, 340.00, -9.00, 7.39, 340.22, -9.10, 0.10, 357.59, -16.47);
insert into SHOT values (3116, 3088, 3089, 5162, 13.00, 4.00, 29.00, 13.07, 3.72, 27.81, 0.29, 347.69, -45.03);
insert into SHOT values (3117, 3089, 3090, 5162, 20.00, 6.00, 5.00, 20.09, 5.41, 4.22, 0.35, 305.08, -48.19);
insert into SHOT values (3118, 3090, 3091, 5162, 8.30, 295.00, 4.00, 8.35, 295.98, 3.71, 0.16, 5.32, -14.43);
insert into SHOT values (3119, 3091, 3068, 5162, 10.10, 339.00, -9.00, 10.20, 339.30, -9.08, 0.11, 7.96, -15.53);
insert into SHOT values (3120, 3072, 3092, 5162, 57.20, 27.00, 27.00, 57.20, 26.99, 27.00, 0.01, 265.23, 12.42);
insert into SHOT values (3121, 3072, 3093, 5162, 26.90, 172.00, -15.00, 26.90, 172.01, -15.00, 0.01, 274.95, 19.76);
insert into SHOT values (3122, 3078, 3094, 5162, 26.40, 30.00, 4.00, 26.40, 30.00, 4.00, 0.00, 39.40, -24.84);
insert into SHOT values (3123, 3094, 3095, 5162, 26.10, 30.00, -4.00, 26.10, 29.98, -4.00, 0.01, 282.35, 4.38);
insert into SHOT values (3124, 3095, 3096, 5162, 14.30, 84.00, -2.00, 14.31, 84.02, -2.00, 0.01, 118.79, -6.69);
insert into SHOT values (3125, 3096, 3097, 5162, 20.80, 39.00, 5.00, 20.81, 38.99, 4.99, 0.01, 359.56, -22.44);
insert into SHOT values (3126, 3097, 3098, 5162, 25.70, 27.00, 0.00, 25.69, 27.01, 0.00, 0.01, 164.59, 0.00);
insert into SHOT values (3127, 3098, 3099, 5162, 21.10, 337.00, 0.00, 21.11, 336.99, 0.00, 0.01, 322.82, 0.00);
insert into SHOT values (3128, 3099, 3100, 5162, 12.00, 339.00, -4.00, 11.99, 338.99, -4.02, 0.01, 180.61, -27.24);
insert into SHOT values (3129, 3096, 3101, 5162, 23.40, 104.00, 35.00, 23.40, 104.01, 34.99, 0.00, 156.51, -28.92);
insert into SHOT values (3130, 3101, 3102, 5162, 7.00, 97.00, 14.00, 7.00, 96.94, 13.98, 0.01, 349.45, -23.67);
insert into SHOT values (3131, 3102, 3103, 5162, 7.60, 22.00, -7.00, 7.59, 21.97, -6.96, 0.01, 234.87, 41.25);
insert into SHOT values (3132, 3103, 3104, 5162, 7.90, 322.00, -7.00, 7.90, 322.05, -7.06, 0.01, 81.50, -43.75);
insert into SHOT values (3133, 3104, 3105, 5162, 14.90, 41.00, 15.00, 14.90, 41.00, 15.02, 0.00, 227.62, 50.44);
insert into SHOT values (3134, 3103, 3106, 5162, 12.50, 40.00, -5.00, 12.50, 40.02, -5.00, 0.01, 81.25, -5.45);
insert into SHOT values (3135, 3106, 3107, 5162, 12.00, 53.00, 0.00, 12.00, 53.00, 0.00, 0.00, 243.85, 0.00);
insert into SHOT values (3136, 3102, 3108, 5162, 13.40, 159.00, 36.00, 13.40, 159.02, 36.02, 0.01, 278.91, 35.98);
insert into SHOT values (3137, 3108, 3109, 5162, 8.50, 249.00, 41.00, 8.50, 248.99, 41.01, 0.00, 224.83, 66.90);
insert into SHOT values (3138, 3109, 3110, 5162, 7.90, 207.00, 52.00, 7.90, 206.88, 51.96, 0.01, 128.31, -27.15);
insert into SHOT values (3139, 3110, 3111, 5162, 5.50, 174.00, 26.00, 5.49, 174.07, 26.02, 0.01, 313.08, -6.45);
insert into SHOT values (3140, 3111, 3112, 5162, 6.50, 215.00, -10.00, 6.50, 214.96, -10.00, 0.01, 165.92, -11.03);
insert into SHOT values (3141, 3112, 3113, 5162, 26.20, 199.00, 16.00, 26.20, 199.00, 16.02, 0.01, 349.44, 70.20);
insert into SHOT values (3142, 3113, 3114, 5162, 30.00, 6.00, -46.00, 30.00, 6.00, -45.99, 0.00, 20.54, 2.36);
insert into SHOT values (3143, 3113, 3115, 5162, 54.80, 197.00, -1.00, 54.80, 197.00, -1.00, 0.00, 190.74, -55.01);
insert into SHOT values (3144, 3115, 3116, 5162, 8.20, 219.00, 32.00, 8.19, 218.98, 32.00, 0.01, 55.84, -35.08);
insert into SHOT values (3145, 3116, 3117, 5162, 3.80, 170.00, 42.00, 3.80, 170.00, 42.09, 0.01, 340.37, 81.34);
insert into SHOT values (3146, 3111, 3118, 5162, 20.00, 122.00, -35.00, 20.00, 121.98, -34.99, 0.01, 75.20, 13.02);
insert into SHOT values (3147, 3101, 3119, 5162, 21.10, 354.00, 19.00, 21.11, 353.99, 18.99, 0.01, 332.48, 2.94);
insert into SHOT values (3148, 3119, 3120, 5162, 21.60, 14.00, 9.00, 21.60, 14.00, 9.00, 0.00, 253.23, 39.53);
insert into SHOT values (3149, 3120, 3121, 5162, 26.50, 356.00, 25.00, 26.49, 356.01, 25.01, 0.01, 148.26, 3.47);
insert into SHOT values (3150, 3121, 3122, 5162, 8.20, 15.00, 39.00, 8.20, 15.00, 38.98, 0.00, 8.15, -5.32);
insert into SHOT values (3151, 3121, 3123, 5162, 3.40, 40.00, -39.00, 3.40, 39.94, -38.95, 0.01, 14.89, -2.92);
insert into SHOT values (3152, 3123, 3124, 5162, 4.20, 318.00, -35.00, 4.21, 317.94, -34.95, 0.01, 292.41, -6.54);
insert into SHOT values (3153, 3124, 3125, 5162, 12.70, 0.00, -90.00, 12.70, 90.00, -90.00, 0.00, 0.00, -21.83);
insert into SHOT values (3154, 3126, 3101, 5162, 7.70, 21.00, -6.00, 7.69, 21.06, -5.97, 0.01, 148.27, 24.26);
insert into SHOT values (3155, 3126, 3127, 5162, 11.70, 185.00, -2.00, 11.70, 185.00, -1.96, 0.01, 208.99, 77.44);
insert into SHOT values (3156, 3127, 3128, 5162, 7.60, 208.00, 6.00, 7.61, 207.99, 5.96, 0.01, 193.80, -34.00);
insert into SHOT values (3157, 3128, 3129, 5162, 5.10, 224.00, 23.00, 5.09, 224.05, 23.00, 0.01, 9.14, -21.07);
insert into SHOT values (3158, 3129, 3130, 5162, 7.80, 186.00, 8.00, 7.81, 185.94, 8.02, 0.01, 138.06, 21.93);
insert into SHOT values (3159, 3130, 3131, 5162, 6.40, 213.00, -17.00, 6.40, 213.07, -16.99, 0.01, 294.08, 9.24);
insert into SHOT values (3160, 3131, 3132, 5162, 8.10, 274.00, -21.00, 8.10, 274.02, -21.06, 0.01, 55.06, -58.83);
insert into SHOT values (3161, 3132, 3133, 5162, 11.60, 200.00, 34.00, 11.60, 200.00, 34.00, 0.00, 195.16, 46.03);
insert into SHOT values (3162, 3133, 3134, 5162, 8.20, 160.00, 29.00, 8.20, 160.02, 29.03, 0.01, 257.75, 56.70);
insert into SHOT values (3163, 3134, 3135, 5162, 11.90, 166.00, 44.00, 11.89, 166.00, 44.00, 0.01, 351.42, -47.30);
insert into SHOT values (3164, 3134, 3136, 5162, 16.10, 31.00, -5.00, 16.10, 30.99, -5.02, 0.01, 345.24, -72.10);
insert into SHOT values (3165, 3136, 3137, 5162, 25.60, 160.00, 52.00, 25.61, 160.00, 52.01, 0.01, 307.88, 84.18);
insert into SHOT values (3166, 3073, 3138, 5162, 11.50, 56.00, 5.00, 11.50, 55.99, 4.99, 0.00, 32.03, -27.37);
insert into SHOT values (3167, 3138, 3139, 5162, 7.40, 136.00, -18.00, 7.40, 135.98, -18.03, 0.00, 23.46, -49.31);
insert into SHOT values (3168, 3139, 3140, 5162, 7.40, 176.00, 10.00, 7.40, 176.07, 10.04, 0.01, 268.80, 30.91);
insert into SHOT values (3169, 3140, 3141, 5162, 4.20, 77.00, -10.00, 4.20, 77.01, -10.01, 0.00, 202.46, -54.86);
insert into SHOT values (3170, 3141, 3142, 5162, 18.30, 160.00, 42.00, 18.31, 159.97, 42.00, 0.01, 93.97, 29.44);
insert into SHOT values (3171, 3073, 3143, 5162, 19.40, 20.00, -4.00, 19.40, 20.00, -3.99, 0.01, 12.54, 36.19);
insert into SHOT values (3172, 3143, 3144, 5162, 15.50, 356.00, -5.00, 15.50, 355.99, -5.00, 0.00, 220.32, 11.57);
insert into SHOT values (3173, 3144, 3145, 5162, 4.30, 46.00, -8.00, 4.30, 45.95, -8.02, 0.00, 303.68, -22.94);
insert into SHOT values (3174, 3145, 3146, 5162, 10.30, 19.00, 2.00, 10.30, 19.05, 2.00, 0.01, 108.50, 3.34);
insert into SCRAPS values (5163, 5160, 'nesters_s1', 1, 25.06151, 2.33005);
 insert into SCRAPS values (5211, 5160, 'nesters_s2', 1, 15.81683, 1.31649);
 insert into SCRAPS values (5245, 5160, 'nesters_s3', 1, 73.77285, 14.01008);
 insert into SCRAPS values (5281, 5160, 'nesters_s4', 1, 14.54636, 1.13757);
 insert into SCRAPS values (5389, 5160, 'nesters_s5', 1, 10.30813, 0.96736);
 insert into SCRAPS values (5454, 5160, 'nesters_s6', 1, 6.58649, 0.02659);
 insert into MAPS values (5544, 5160, 'nestersPlan', 'Nesters Cave<br>Clearwater<br>Gunung Api<br>Mulu<br>Sarawak', 1, 1370.100, 135.130);
 insert into MAPITEMS values (5544, 4, 5163);
 insert into MAPITEMS values (5544, 4, 5211);
 insert into MAPITEMS values (5544, 4, 5245);
 insert into MAPITEMS values (5544, 4, 5281);
 insert into MAPITEMS values (5544, 4, 5389);
 insert into MAPITEMS values (5544, 4, 5454);
 insert into MAPS values (5545, 5160, 'nesters_m', 'Nesters Cave<br>Clearwater<br>Gunung Api<br>Mulu<br>Sarawak', 1, 1370.100, 135.130);
 insert into MAPITEMS values (5545, 4, 5163);
 insert into MAPITEMS values (5545, 4, 5211);
 insert into MAPITEMS values (5545, 4, 5245);
 insert into MAPITEMS values (5545, 4, 5281);
 insert into MAPITEMS values (5545, 4, 5389);
 insert into MAPITEMS values (5545, 4, 5454);
 insert into SURVEY values (5547, 68, 'c_o_w_ent_to_scumring_mainline_1', 'c_o_w_ent_to_scumring_mainline_1.clearwater_master', NULL);
 insert into CENTRELINE values (5548, 5547, NULL, NULL, NULL, 0.00, 0.00, 0.00);
 insert into CENTRELINE values (5549, 5547, NULL, '2014-04-29', NULL, 334.33, 0.00, 0.00);
 insert into SHOT values (3175, 3147, 3148, 5549, 18.69, 46.52, 18.13, 18.69, 46.53, 18.11, 0.01, 143.62, -65.72);
insert into SHOT values (3176, 3148, 3149, 5549, 12.67, 72.69, 37.97, 12.67, 72.64, 38.00, 0.01, 324.39, 25.71);
insert into SHOT values (3177, 3149, 3150, 5549, 16.58, 60.16, 34.00, 16.58, 60.17, 33.98, 0.01, 85.50, -11.50);
insert into SHOT values (3178, 3150, 3151, 5549, 26.07, 66.84, 25.53, 26.06, 66.84, 25.55, 0.01, 255.80, 25.43);
insert into SHOT values (3179, 3151, 3152, 5549, 29.64, 110.69, 16.46, 29.65, 110.70, 16.46, 0.01, 131.32, 8.71);
insert into SHOT values (3180, 3152, 3153, 5549, 18.75, 63.24, 28.13, 18.75, 63.22, 28.13, 0.01, 318.70, -1.15);
insert into SHOT values (3181, 3153, 3154, 5549, 10.64, 53.04, 1.18, 10.64, 53.02, 1.13, 0.01, 357.88, -66.40);
insert into SHOT values (3182, 3154, 3155, 5549, 31.43, 76.76, -20.83, 31.43, 76.78, -20.82, 0.01, 147.25, 34.12);
insert into SHOT values (3183, 3155, 3156, 5549, 22.05, 52.28, -7.12, 22.05, 52.26, -7.11, 0.01, 297.38, 20.43);
insert into SHOT values (3184, 3156, 3157, 5549, 10.29, 18.80, 3.72, 10.29, 18.81, 3.68, 0.01, 119.65, -82.49);
insert into SHOT values (3185, 3157, 3158, 5549, 30.70, 63.72, 15.86, 30.70, 63.71, 15.86, 0.00, 11.90, 0.78);
insert into SHOT values (3186, 3158, 3159, 5549, 37.25, 76.69, -8.24, 37.25, 76.70, -8.24, 0.01, 146.08, -8.80);
insert into SHOT values (3187, 3159, 3160, 5549, 37.06, 75.57, 0.85, 37.05, 75.56, 0.85, 0.01, 309.88, 1.42);
insert into SHOT values (3188, 3160, 3161, 5549, 26.23, 92.56, -0.28, 26.24, 92.56, -0.26, 0.01, 76.45, 50.79);
insert into SHOT values (3189, 3161, 3162, 5549, 6.28, 130.35, -12.23, 6.28, 130.44, -12.23, 0.01, 229.74, 1.97);
insert into SHOT values (3190, 3147, 3163, 5549, 33.23, 23.65, 51.33, 33.23, 23.65, 51.32, 0.00, 54.66, -77.04);
insert into SHOT values (3191, 3147, 3164, 5549, 22.89, 354.89, 74.92, 22.89, 354.89, 74.92, 0.00, 164.92, -47.18);
insert into SHOT values (3192, 3147, 3165, 5549, 21.31, 266.03, 81.38, 21.31, 266.05, 81.37, 0.00, 286.94, 10.44);
insert into SHOT values (3193, 3147, 3166, 5549, 25.43, 216.02, 62.56, 25.43, 216.01, 62.56, 0.00, 143.48, 24.39);
insert into SHOT values (3194, 3147, 3167, 5549, 41.14, 198.45, 84.69, 41.14, 198.53, 84.69, 0.01, 287.28, -32.94);
insert into SHOT values (3195, 3147, 3168, 5549, 1.28, 241.90, -67.00, 1.28, 242.40, -67.18, 0.01, 11.99, -17.12);
insert into SHOT values (3196, 3147, 3169, 5549, 19.99, 295.93, 7.04, 19.99, 295.95, 7.04, 0.01, 23.04, -0.21);
insert into SHOT values (3197, 3147, 3170, 5549, 48.92, 301.51, -34.82, 48.92, 301.51, -34.82, 0.00, 271.69, 75.00);
insert into SHOT values (3198, 3147, 3171, 5549, 49.07, 345.02, -13.13, 49.08, 345.02, -13.13, 0.01, 17.24, -24.11);
insert into SHOT values (3199, 3147, 3172, 5549, 48.81, 6.65, 4.50, 48.81, 6.64, 4.50, 0.01, 246.52, 4.34);
insert into SHOT values (3200, 3147, 3173, 5549, 59.35, 25.36, 14.64, 59.35, 25.36, 14.64, 0.00, 276.53, -5.09);
insert into SHOT values (3201, 3147, 3174, 5549, 63.79, 39.61, 30.23, 63.79, 39.61, 30.23, 0.00, 139.53, 70.88);
insert into SHOT values (3202, 3147, 3175, 5549, 21.74, 255.80, -7.82, 21.74, 255.81, -7.83, 0.00, 355.71, -30.80);
insert into SHOT values (3203, 3147, 3176, 5549, 37.67, 242.02, -29.67, 37.67, 242.03, -29.67, 0.01, 322.56, -22.20);
insert into SHOT values (3204, 3147, 3177, 5549, 46.58, 262.90, -38.83, 46.58, 262.91, -38.83, 0.01, 338.64, -35.03);
insert into SHOT values (3205, 3147, 3178, 5549, 17.64, 239.52, -42.38, 17.64, 239.52, -42.38, 0.00, 207.68, 16.44);
insert into SHOT values (3206, 3147, 3179, 5549, 39.30, 222.99, 2.84, 39.30, 223.00, 2.84, 0.01, 286.24, 26.50);
insert into SHOT values (3207, 3147, 3180, 5549, 47.53, 201.45, -21.24, 47.53, 201.45, -21.24, 0.00, 10.15, -19.66);
insert into SHOT values (3208, 3147, 3181, 5549, 28.94, 220.67, 43.07, 28.94, 220.68, 43.07, 0.01, 336.56, -27.26);
insert into SHOT values (3209, 3147, 3182, 5549, 23.55, 174.87, 25.65, 23.54, 174.86, 25.65, 0.01, 22.67, -42.14);
insert into SHOT values (3210, 3147, 3183, 5549, 23.68, 147.97, 25.03, 23.68, 147.97, 25.03, 0.00, 105.72, 67.68);
insert into SHOT values (3211, 3147, 3184, 5549, 5.82, 135.80, -7.30, 5.82, 135.84, -7.31, 0.00, 253.12, -5.73);
insert into SHOT values (3212, 3147, 3185, 5549, 8.26, 163.75, -19.34, 8.26, 163.75, -19.38, 0.01, 339.23, -59.12);
insert into SHOT values (3213, 3147, 3186, 5549, 18.42, 188.39, -22.87, 18.42, 188.40, -22.87, 0.00, 275.51, -18.62);
insert into SHOT values (3214, 3147, 3187, 5549, 58.88, 205.27, -11.33, 58.88, 205.27, -11.33, 0.01, 246.66, -24.86);
insert into SHOT values (3215, 3147, 3188, 5549, 51.18, 222.11, -4.37, 51.18, 222.11, -4.37, 0.00, 199.15, -6.30);
insert into SHOT values (3216, 3147, 3189, 5549, 22.98, 214.91, -38.42, 22.98, 214.93, -38.42, 0.01, 305.09, 1.93);
insert into SHOT values (3217, 3147, 3190, 5549, 4.38, 186.63, -36.91, 4.38, 186.72, -36.89, 0.01, 257.42, 4.46);
insert into SHOT values (3218, 3148, 3191, 5549, 28.34, 162.91, 86.81, 28.34, 162.95, 86.83, 0.01, 335.02, 25.59);
insert into SHOT values (3219, 3148, 3192, 5549, 26.40, 8.15, 78.46, 26.40, 8.16, 78.46, 0.00, 33.16, 57.36);
insert into SHOT values (3220, 3148, 3193, 5549, 33.79, 154.26, 69.00, 33.79, 154.24, 69.01, 0.01, 8.10, 29.03);
insert into SHOT values (3221, 3148, 3194, 5549, 31.42, 146.95, 45.59, 31.42, 146.95, 45.60, 0.01, 255.54, 75.80);
insert into SHOT values (3222, 3148, 3195, 5549, 1.42, 312.05, -58.09, 1.42, 312.32, -57.74, 0.01, 340.04, 34.97);
insert into SHOT values (3223, 3148, 3196, 5549, 39.20, 356.27, 0.10, 39.20, 356.27, 0.10, 0.00, 2.67, 27.05);
insert into SHOT values (3224, 3148, 3197, 5549, 37.76, 359.17, 3.30, 37.77, 359.16, 3.31, 0.01, 329.13, 39.83);
insert into SHOT values (3225, 3148, 3198, 5549, 25.80, 0.82, 40.50, 25.81, 0.82, 40.50, 0.01, 347.80, 49.54);
insert into SHOT values (3226, 3148, 3199, 5549, 41.18, 276.85, -26.36, 41.18, 276.85, -26.35, 0.01, 260.58, 39.33);
insert into SHOT values (3227, 3148, 3200, 5549, 41.80, 313.47, -22.54, 41.80, 313.47, -22.54, 0.00, 248.14, 61.57);
insert into SHOT values (3228, 3148, 3201, 5549, 41.90, 33.98, 30.21, 41.90, 33.97, 30.22, 0.01, 297.54, 39.89);
insert into SHOT values (3229, 3148, 3202, 5549, 51.27, 43.13, 40.84, 51.27, 43.12, 40.84, 0.01, 288.76, 14.49);
insert into SHOT values (3230, 3148, 3203, 5549, 33.77, 182.80, 5.08, 33.76, 182.81, 5.08, 0.01, 316.52, -1.26);
insert into SHOT values (3231, 3148, 3204, 5549, 29.60, 166.78, 42.17, 29.60, 166.79, 42.19, 0.01, 314.07, 41.01);
insert into SHOT values (3232, 3148, 3205, 5549, 30.49, 172.17, 17.55, 30.49, 172.17, 17.56, 0.01, 243.59, 85.37);
insert into SHOT values (3233, 3148, 3206, 5549, 71.13, 209.64, -11.23, 71.12, 209.65, -11.23, 0.01, 324.92, 12.51);
insert into SHOT values (3234, 3148, 3207, 5549, 43.67, 227.84, -9.33, 43.67, 227.85, -9.33, 0.01, 298.32, -1.45);
insert into SHOT values (3235, 3148, 3208, 5549, 39.24, 87.65, 42.82, 39.24, 87.65, 42.84, 0.01, 268.72, 47.15);
insert into SHOT values (3236, 3149, 3209, 5549, 27.68, 257.94, 87.26, 27.68, 257.75, 87.27, 0.01, 131.43, 17.12);
insert into SHOT values (3237, 3149, 3210, 5549, 21.56, 335.53, 56.77, 21.55, 335.54, 56.77, 0.01, 133.04, -39.62);
insert into SHOT values (3238, 3149, 3211, 5549, 22.60, 265.56, 73.62, 22.60, 265.50, 73.63, 0.01, 147.42, -19.14);
insert into SHOT values (3239, 3149, 3212, 5549, 30.24, 200.21, 55.97, 30.24, 200.18, 55.96, 0.01, 144.40, -6.54);
insert into SHOT values (3240, 3149, 3213, 5549, 2.93, 324.64, -60.46, 2.93, 324.65, -60.64, 0.01, 143.49, -4.91);
insert into SHOT values (3241, 3149, 3214, 5549, 38.18, 324.38, -18.33, 38.18, 324.38, -18.33, 0.00, 229.58, -47.32);
insert into SHOT values (3242, 3149, 3215, 5549, 39.16, 343.92, -10.24, 39.15, 343.92, -10.24, 0.01, 156.37, 9.39);
insert into SHOT values (3243, 3149, 3216, 5549, 23.69, 342.46, 23.08, 23.69, 342.45, 23.09, 0.00, 254.36, 56.99);
insert into SHOT values (3244, 3149, 3217, 5549, 20.40, 280.62, 11.49, 20.40, 280.61, 11.48, 0.01, 196.39, -39.15);
insert into SHOT values (3245, 3149, 3218, 5549, 33.82, 166.76, 9.18, 33.82, 166.75, 9.19, 0.01, 100.23, 52.34);
insert into SHOT values (3246, 3149, 3219, 5549, 28.97, 193.41, 33.47, 28.97, 193.40, 33.47, 0.01, 122.04, 29.60);
insert into SHOT values (3247, 3149, 3220, 5549, 39.61, 186.37, -2.84, 39.61, 186.37, -2.84, 0.00, 194.04, 40.61);
insert into SHOT values (3248, 3149, 3221, 5549, 17.37, 138.89, 0.68, 17.37, 138.90, 0.69, 0.01, 181.43, 47.59);
insert into SHOT values (3249, 3149, 3222, 5549, 54.77, 163.09, 8.04, 54.77, 163.09, 8.04, 0.01, 119.19, -3.28);
insert into SHOT values (3250, 3149, 3223, 5549, 18.99, 112.75, 26.48, 19.00, 112.77, 26.48, 0.01, 145.56, 17.78);
insert into SHOT values (3251, 3149, 3224, 5549, 68.37, 89.13, 39.48, 68.37, 89.13, 39.48, 0.01, 104.39, -2.81);
insert into SHOT values (3252, 3150, 3225, 5549, 36.84, 159.25, 85.07, 36.84, 159.34, 85.06, 0.01, 190.14, -21.26);
insert into SHOT values (3253, 3150, 3226, 5549, 21.95, 340.22, 55.86, 21.95, 340.21, 55.87, 0.00, 213.01, 49.77);
insert into SHOT values (3254, 3150, 3227, 5549, 28.81, 350.62, 76.21, 28.81, 350.61, 76.22, 0.01, 187.97, 4.39);
insert into SHOT values (3255, 3150, 3228, 5549, 42.10, 108.12, 66.36, 42.10, 108.12, 66.37, 0.01, 274.19, 33.27);
insert into SHOT values (3256, 3150, 3229, 5549, 21.86, 131.07, 50.27, 21.86, 131.08, 50.27, 0.00, 262.64, -24.69);
insert into SHOT values (3257, 3150, 3230, 5549, 1.14, 296.76, -60.40, 1.14, 296.11, -60.16, 0.01, 243.89, 8.66);
insert into SHOT values (3258, 3150, 3231, 5549, 25.22, 345.24, -3.06, 25.22, 345.23, -3.07, 0.01, 231.98, -37.28);
insert into SHOT values (3259, 3150, 3232, 5549, 22.44, 343.52, 0.34, 22.43, 343.50, 0.33, 0.01, 209.10, -19.59);
insert into SHOT values (3260, 3150, 3233, 5549, 19.68, 340.07, 35.26, 19.67, 340.05, 35.27, 0.01, 198.29, -7.77);
insert into SHOT values (3261, 3150, 3234, 5549, 36.79, 255.66, -7.30, 36.79, 255.66, -7.29, 0.01, 250.06, 40.52);
insert into SHOT values (3262, 3150, 3235, 5549, 13.60, 164.54, -0.43, 13.60, 164.56, -0.42, 0.01, 244.63, 19.78);
insert into SHOT values (3263, 3150, 3236, 5549, 13.49, 197.02, 10.65, 13.49, 197.01, 10.64, 0.00, 169.13, -44.97);
insert into SHOT values (3264, 3150, 3237, 5549, 20.06, 207.04, 4.64, 20.06, 207.04, 4.63, 0.00, 195.26, -63.39);
insert into SHOT values (3265, 3150, 3238, 5549, 41.84, 215.86, 0.46, 41.84, 215.86, 0.47, 0.00, 199.20, 64.64);
insert into SHOT values (3266, 3150, 3239, 5549, 50.89, 230.89, 0.34, 50.90, 230.88, 0.34, 0.01, 201.01, -12.19);
insert into SHOT values (3267, 3150, 3240, 5549, 44.51, 237.38, -2.75, 44.52, 237.38, -2.74, 0.01, 225.98, 44.78);
insert into SHOT values (3268, 3151, 3241, 5549, 31.48, 7.77, 82.28, 31.48, 7.88, 82.28, 0.01, 89.65, -29.45);
insert into SHOT values (3269, 3151, 3242, 5549, 21.18, 344.81, 50.83, 21.18, 344.83, 50.83, 0.01, 94.30, -3.59);
insert into SHOT values (3270, 3151, 3243, 5549, 28.07, 336.89, 69.25, 28.07, 336.89, 69.27, 0.01, 153.96, 5.61);
insert into SHOT values (3271, 3151, 3244, 5549, 29.86, 263.84, 83.07, 29.86, 263.78, 83.07, 0.00, 149.47, -25.14);
insert into SHOT values (3272, 3151, 3245, 5549, 37.53, 117.66, 71.82, 37.53, 117.66, 71.80, 0.01, 115.66, -34.12);
insert into SHOT values (3273, 3151, 3246, 5549, 28.60, 145.83, 50.33, 28.60, 145.82, 50.31, 0.01, 127.24, -30.99);
insert into SHOT values (3274, 3151, 3247, 5549, 4.63, 57.22, -50.16, 4.64, 57.38, -50.18, 0.01, 133.96, -29.89);
insert into SHOT values (3275, 3151, 3248, 5549, 21.60, 338.27, 1.41, 21.60, 338.28, 1.41, 0.00, 77.82, -17.67);
insert into SHOT values (3276, 3151, 3249, 5549, 34.48, 343.19, -23.74, 34.47, 343.20, -23.74, 0.01, 115.21, 7.91);
insert into SHOT values (3277, 3151, 3250, 5549, 64.24, 358.48, -27.15, 64.24, 358.49, -27.16, 0.01, 104.30, -42.38);
insert into SHOT values (3278, 3151, 3251, 5549, 19.68, 345.96, 24.48, 19.67, 345.97, 24.48, 0.01, 138.43, -32.24);
insert into SHOT values (3279, 3151, 3252, 5549, 22.95, 300.45, -3.66, 22.94, 300.44, -3.67, 0.01, 149.15, -31.30);
insert into SHOT values (3280, 3151, 3253, 5549, 0.35, 154.84, 15.14, 0.36, 154.18, 14.65, 0.01, 123.44, -10.49);
insert into SHOT values (3281, 3151, 3254, 5549, 36.77, 148.32, 35.57, 36.77, 148.31, 35.57, 0.00, 48.15, 15.95);
insert into SHOT values (3282, 3151, 3255, 5549, 22.92, 160.42, 23.13, 22.92, 160.40, 23.12, 0.01, 100.81, -27.52);
insert into SHOT values (3283, 3151, 3256, 5549, 17.07, 177.58, 11.56, 17.07, 177.57, 11.56, 0.00, 106.95, -10.22);
insert into SHOT values (3284, 3151, 3257, 5549, 19.00, 206.30, 6.04, 19.00, 206.29, 6.04, 0.00, 129.07, 20.21);
insert into SHOT values (3285, 3151, 3258, 5549, 53.19, 263.08, -17.78, 53.19, 263.08, -17.79, 0.01, 11.05, -72.38);
insert into SHOT values (3286, 3151, 3259, 5549, 37.96, 157.13, 30.53, 37.96, 157.13, 30.52, 0.01, 140.94, -40.14);
insert into SHOT values (3287, 3152, 3260, 5549, 31.54, 312.17, 74.06, 31.53, 312.19, 74.05, 0.01, 357.52, -55.40);
insert into SHOT values (3288, 3152, 3261, 5549, 48.64, 3.08, 47.63, 48.64, 3.08, 47.62, 0.01, 351.30, -34.54);
insert into SHOT values (3289, 3152, 3262, 5549, 33.18, 346.50, 73.88, 33.18, 346.51, 73.87, 0.01, 15.82, -68.01);
insert into SHOT values (3290, 3152, 3263, 5549, 16.33, 119.37, 80.02, 16.33, 119.29, 80.05, 0.01, 321.70, -15.88);
insert into SHOT values (3291, 3152, 3264, 5549, 11.48, 146.24, 64.01, 11.47, 146.28, 64.01, 0.01, 292.94, -55.88);
insert into SHOT values (3292, 3152, 3265, 5549, 4.35, 305.92, -51.18, 4.35, 305.90, -51.17, 0.00, 278.44, -26.53);
insert into SHOT values (3293, 3152, 3266, 5549, 35.31, 0.32, -1.46, 35.31, 0.31, -1.46, 0.01, 285.74, -2.58);
insert into SHOT values (3294, 3152, 3267, 5549, 27.08, 255.72, 11.86, 27.08, 255.74, 11.85, 0.01, 315.16, -29.22);
insert into SHOT values (3295, 3152, 3268, 5549, 55.64, 277.39, 1.38, 55.65, 277.39, 1.38, 0.01, 304.04, 0.06);
insert into SHOT values (3296, 3152, 3269, 5549, 47.20, 293.79, -2.70, 47.21, 293.79, -2.71, 0.01, 278.91, -37.31);
insert into SHOT values (3297, 3152, 3270, 5549, 41.78, 311.69, -2.39, 41.79, 311.69, -2.40, 0.01, 309.09, -37.73);
insert into SHOT values (3298, 3152, 3271, 5549, 35.74, 331.90, 0.17, 35.75, 331.89, 0.16, 0.01, 295.58, -41.74);
insert into SHOT values (3299, 3152, 3272, 5549, 33.03, 342.78, 1.63, 33.03, 342.77, 1.61, 0.01, 300.29, -55.29);
insert into SHOT values (3300, 3152, 3273, 5549, 34.97, 4.11, 2.92, 34.97, 4.10, 2.92, 0.01, 329.30, -13.22);
insert into SHOT values (3301, 3152, 3274, 5549, 47.14, 30.11, 13.45, 47.15, 30.10, 13.44, 0.01, 1.61, -26.29);
insert into SHOT values (3302, 3152, 3275, 5549, 81.02, 270.94, 19.53, 81.02, 270.95, 19.53, 0.01, 347.40, -33.82);
insert into SHOT values (3303, 3152, 3276, 5549, 27.14, 182.95, 3.24, 27.14, 182.96, 3.23, 0.01, 277.38, -35.27);
insert into SHOT values (3304, 3152, 3277, 5549, 19.79, 157.13, -5.13, 19.79, 157.13, -5.13, 0.00, 341.89, -19.33);
insert into SHOT values (3305, 3152, 3278, 5549, 24.08, 174.75, 7.93, 24.08, 174.76, 7.92, 0.00, 262.05, -42.97);
insert into SHOT values (3306, 3152, 3279, 5549, 21.27, 199.55, 24.52, 21.26, 199.57, 24.51, 0.01, 324.96, -44.05);
insert into SHOT values (3307, 3152, 3280, 5549, 22.67, 233.67, 33.98, 22.67, 233.70, 33.98, 0.01, 322.30, -2.21);
insert into SHOT values (3308, 3153, 3281, 5549, 39.59, 4.37, 68.04, 39.58, 4.38, 68.04, 0.01, 136.51, -69.92);
insert into SHOT values (3309, 3153, 3282, 5549, 7.62, 143.46, 59.40, 7.61, 143.48, 59.35, 0.01, 170.87, -67.98);
insert into SHOT values (3310, 3153, 3283, 5549, 13.87, 273.22, 85.24, 13.87, 272.99, 85.24, 0.01, 190.42, -24.58);
insert into SHOT values (3311, 3153, 3284, 5549, 29.18, 294.07, 63.86, 29.18, 294.05, 63.85, 0.01, 213.19, -54.78);
insert into SHOT values (3312, 3153, 3285, 5549, 34.72, 309.28, 48.84, 34.72, 309.28, 48.84, 0.00, 327.79, 3.77);
insert into SHOT values (3313, 3153, 3286, 5549, 45.46, 348.81, 51.58, 45.45, 348.81, 51.58, 0.01, 140.81, -62.55);
insert into SHOT values (3314, 3153, 3287, 5549, 3.09, 60.78, -60.49, 3.09, 60.91, -60.50, 0.00, 151.73, -14.21);
insert into SHOT values (3315, 3153, 3288, 5549, 34.90, 313.06, 0.12, 34.90, 313.06, 0.11, 0.00, 334.77, -60.35);
insert into SHOT values (3316, 3153, 3289, 5549, 32.72, 354.04, 26.86, 32.72, 354.04, 26.86, 0.00, 157.11, -54.51);
insert into SHOT values (3317, 3153, 3290, 5549, 30.85, 356.63, -3.29, 30.85, 356.63, -3.29, 0.00, 6.78, 6.55);
insert into SHOT values (3318, 3153, 3291, 5549, 42.38, 16.84, 14.08, 42.38, 16.84, 14.08, 0.00, 161.24, -0.75);
insert into SHOT values (3319, 3153, 3292, 5549, 52.88, 289.04, -6.97, 52.88, 289.04, -6.97, 0.01, 215.00, -35.68);
insert into SHOT values (3320, 3153, 3293, 5549, 9.21, 137.72, 16.24, 9.21, 137.70, 16.21, 0.01, 27.14, -65.81);
insert into SHOT values (3321, 3153, 3294, 5549, 13.11, 120.05, 21.64, 13.11, 120.04, 21.62, 0.01, 41.30, -57.57);
insert into SHOT values (3322, 3154, 3295, 5549, 27.02, 33.25, 85.71, 27.03, 33.30, 85.71, 0.01, 100.22, 72.43);
insert into SHOT values (3323, 3154, 3296, 5549, 54.49, 359.02, 52.51, 54.49, 359.01, 52.52, 0.01, 197.17, 24.94);
insert into SHOT values (3324, 3154, 3297, 5549, 40.79, 355.65, 73.95, 40.79, 355.68, 73.96, 0.01, 132.74, -0.30);
insert into SHOT values (3325, 3154, 3298, 5549, 25.04, 256.76, 86.54, 25.05, 256.61, 86.54, 0.01, 165.06, 54.51);
insert into SHOT values (3326, 3154, 3299, 5549, 14.70, 179.02, 61.17, 14.70, 179.03, 61.17, 0.00, 206.21, 35.54);
insert into SHOT values (3327, 3154, 3300, 5549, 26.88, 97.18, 45.13, 26.88, 97.18, 45.12, 0.00, 87.24, -1.26);
insert into SHOT values (3328, 3154, 3301, 5549, 2.28, 121.35, -57.30, 2.27, 121.76, -57.12, 0.01, 191.83, 42.71);
insert into SHOT values (3329, 3154, 3302, 5549, 24.74, 336.71, 1.18, 24.73, 336.70, 1.18, 0.01, 181.51, 3.21);
insert into SHOT values (3330, 3154, 3303, 5549, 34.62, 2.51, 30.67, 34.61, 2.50, 30.68, 0.01, 204.85, 3.51);
insert into SHOT values (3331, 3154, 3304, 5549, 57.90, 57.80, 15.32, 57.89, 57.80, 15.32, 0.01, 206.52, 15.74);
insert into SHOT values (3332, 3154, 3305, 5549, 6.30, 130.35, 8.09, 6.30, 130.38, 8.12, 0.01, 244.91, 41.66);
insert into SHOT values (3333, 3154, 3306, 5549, 12.97, 180.84, 33.59, 12.98, 180.85, 33.59, 0.01, 193.08, 31.76);
insert into SHOT values (3334, 3154, 3307, 5549, 12.80, 181.65, 24.74, 12.80, 181.63, 24.75, 0.01, 85.80, 33.85);
insert into SHOT values (3335, 3155, 3308, 5549, 58.17, 20.39, 76.27, 58.17, 20.39, 76.27, 0.00, 191.74, 57.27);
insert into SHOT values (3336, 3155, 3309, 5549, 40.84, 12.05, 46.13, 40.84, 12.03, 46.13, 0.01, 273.41, -13.73);
insert into SHOT values (3337, 3155, 3310, 5549, 63.59, 340.71, 57.89, 63.59, 340.71, 57.88, 0.01, 329.82, -18.70);
insert into SHOT values (3338, 3155, 3311, 5549, 66.20, 295.69, 52.20, 66.21, 295.69, 52.20, 0.01, 278.26, 15.44);
insert into SHOT values (3339, 3155, 3312, 5549, 59.83, 298.55, 67.78, 59.84, 298.56, 67.77, 0.01, 319.45, 19.19);
insert into SHOT values (3340, 3155, 3313, 5549, 58.29, 279.95, 56.77, 58.30, 279.95, 56.76, 0.01, 274.68, 12.99);
insert into SHOT values (3341, 3155, 3314, 5549, 1.60, 353.26, -49.20, 1.60, 352.87, -49.10, 0.01, 283.50, 9.02);
insert into SHOT values (3342, 3155, 3315, 5549, 28.17, 343.79, 37.36, 28.17, 343.79, 37.35, 0.00, 130.95, -80.39);
insert into SHOT values (3343, 3155, 3316, 5549, 9.25, 33.61, 10.82, 9.25, 33.55, 10.78, 0.01, 289.92, -33.42);
insert into SHOT values (3344, 3155, 3317, 5549, 32.93, 37.27, 26.97, 32.93, 37.26, 26.96, 0.01, 329.36, -40.33);
insert into SHOT values (3345, 3155, 3318, 5549, 28.13, 327.38, 29.10, 28.14, 327.39, 29.09, 0.01, 358.45, -4.50);
insert into SHOT values (3346, 3155, 3319, 5549, 37.58, 44.92, 22.96, 37.58, 44.91, 22.96, 0.01, 335.12, 3.11);
insert into SHOT values (3347, 3155, 3320, 5549, 1.62, 156.36, 2.62, 1.61, 156.61, 2.49, 0.01, 285.67, -23.62);
insert into SHOT values (3348, 3155, 3321, 5549, 33.65, 56.42, 33.24, 33.64, 56.41, 33.24, 0.01, 294.71, -32.41);
insert into SHOT values (3349, 3158, 3322, 5549, 54.34, 243.42, 84.24, 54.34, 243.43, 84.24, 0.01, 274.62, 57.79);
insert into SHOT values (3350, 3158, 3323, 5549, 27.58, 241.19, 72.53, 27.58, 241.17, 72.54, 0.01, 89.55, 23.87);
insert into SHOT values (3351, 3158, 3324, 5549, 28.06, 222.57, 81.95, 28.07, 222.53, 81.94, 0.01, 196.03, 45.41);
insert into SHOT values (3352, 3158, 3325, 5549, 25.73, 254.39, 67.02, 25.73, 254.34, 67.03, 0.01, 145.74, 12.75);
insert into SHOT values (3353, 3158, 3326, 5549, 1.39, 92.81, -66.73, 1.38, 93.12, -66.55, 0.01, 153.72, 63.63);
insert into SHOT values (3354, 3158, 3327, 5549, 0.98, 343.08, -3.42, 0.97, 343.24, -3.54, 0.01, 141.45, -11.51);
insert into SHOT values (3355, 3158, 3328, 5549, 5.38, 156.88, 7.32, 5.38, 156.84, 7.36, 0.01, 117.19, 40.51);
insert into SHOT values (3356, 3159, 3329, 5549, 37.65, 331.30, 82.02, 37.66, 331.33, 82.01, 0.01, 0.62, 40.91);
insert into SHOT values (3357, 3159, 3330, 5549, 45.05, 272.84, 60.00, 45.06, 272.85, 60.00, 0.01, 326.01, 49.37);
insert into SHOT values (3358, 3159, 3331, 5549, 44.24, 282.64, 71.85, 44.24, 282.66, 71.85, 0.01, 325.77, 12.72);
insert into SHOT values (3359, 3159, 3332, 5549, 38.05, 358.56, 80.80, 38.05, 358.49, 80.80, 0.01, 257.66, -4.20);
insert into SHOT values (3360, 3159, 3333, 5549, 42.26, 38.44, 73.30, 42.26, 38.45, 73.30, 0.00, 172.72, 53.28);
insert into SHOT values (3361, 3159, 3334, 5549, 15.11, 59.27, 62.52, 15.11, 59.21, 62.53, 0.01, 335.19, 31.41);
insert into SHOT values (3362, 3159, 3335, 5549, 16.92, 69.01, 50.21, 16.93, 69.00, 50.23, 0.01, 7.14, 82.02);
insert into SHOT values (3363, 3159, 3336, 5549, 18.47, 322.05, 67.62, 18.47, 322.04, 67.60, 0.01, 311.26, 9.57);
insert into SHOT values (3364, 3159, 3337, 5549, 17.57, 22.92, 58.62, 17.57, 22.89, 58.61, 0.00, 318.64, -1.03);
insert into SHOT values (3365, 3159, 3338, 5549, 1.07, 9.61, -82.22, 1.07, 7.59, -81.88, 0.01, 329.81, 1.04);
insert into SHOT values (3366, 3159, 3339, 5549, 4.97, 328.28, 19.96, 4.98, 328.28, 19.97, 0.01, 328.40, 24.72);
insert into SHOT values (3367, 3159, 3340, 5549, 2.61, 153.43, 2.50, 2.61, 153.53, 2.64, 0.01, 288.65, 42.70);
insert into SHOT values (3368, 3161, 3341, 5549, 20.21, 221.65, 80.04, 20.21, 221.65, 80.01, 0.01, 220.70, -26.93);
insert into SHOT values (3369, 3161, 3342, 5549, 11.68, 197.66, 51.20, 11.68, 197.64, 51.17, 0.01, 177.51, -23.35);
insert into SHOT values (3370, 3161, 3343, 5549, 25.68, 251.55, 71.50, 25.68, 251.54, 71.50, 0.00, 199.84, -66.20);
insert into SHOT values (3371, 3161, 3344, 5549, 30.44, 265.82, 62.72, 30.44, 265.81, 62.71, 0.01, 239.92, -35.76);
insert into SHOT values (3372, 3161, 3345, 5549, 10.92, 67.02, 71.71, 10.91, 67.11, 71.73, 0.01, 212.37, -41.56);
insert into SHOT values (3373, 3161, 3346, 5549, 1.52, 142.05, -75.83, 1.53, 142.52, -75.67, 0.01, 169.92, -43.05);
insert into SHOT values (3374, 3161, 3347, 5549, 0.32, 335.32, 13.40, 0.32, 335.10, 12.78, 0.01, 180.43, -55.55);
insert into SHOT values (3375, 3161, 3348, 5549, 13.19, 75.70, 40.07, 13.19, 75.72, 40.07, 0.00, 197.83, -12.06);
insert into SHOT values (3376, 3161, 3349, 5549, 5.45, 178.88, 5.19, 5.45, 178.94, 5.16, 0.01, 240.97, -23.30);
insert into SHOT values (3377, 3161, 3350, 5549, 5.83, 201.41, 27.48, 5.83, 201.41, 27.46, 0.01, 202.37, -2.13);
insert into SHOT values (3378, 3162, 3351, 5549, 14.37, 173.36, 53.12, 14.36, 173.34, 53.13, 0.01, 24.36, -33.44);
insert into SHOT values (3379, 3162, 3352, 5549, 11.87, 123.31, 62.68, 11.87, 123.25, 62.65, 0.01, 75.98, -39.02);
insert into SHOT values (3380, 3162, 3353, 5549, 11.03, 73.75, 64.54, 11.03, 73.74, 64.48, 0.01, 68.01, -46.23);
insert into SHOT values (3381, 3162, 3354, 5549, 10.36, 47.08, 55.60, 10.36, 47.08, 55.55, 0.01, 41.92, -55.35);
insert into SHOT values (3382, 3162, 3355, 5549, 9.83, 13.29, 47.37, 9.83, 13.28, 47.36, 0.00, 332.72, -68.67);
insert into SHOT values (3383, 3162, 3356, 5549, 12.82, 323.55, 64.03, 12.82, 323.62, 64.02, 0.01, 50.90, -38.61);
insert into SHOT values (3384, 3162, 3357, 5549, 19.32, 287.16, 82.13, 19.31, 287.20, 82.15, 0.01, 93.77, -46.34);
insert into SHOT values (3385, 3162, 3358, 5549, 14.71, 220.34, 73.47, 14.71, 220.35, 73.47, 0.00, 274.82, -68.72);
insert into SHOT values (3386, 3162, 3359, 5549, 13.84, 179.56, 61.62, 13.84, 179.56, 61.60, 0.01, 196.01, -74.19);
insert into SHOT values (3387, 3162, 3360, 5549, 6.66, 342.36, 24.77, 6.66, 342.37, 24.78, 0.00, 139.00, -5.69);
insert into SHOT values (3388, 3162, 3361, 5549, 13.01, 118.23, 20.56, 13.01, 118.21, 20.51, 0.01, 75.80, -48.92);
insert into SHOT values (3389, 3162, 3362, 5549, 39.17, 101.11, 40.78, 39.17, 101.10, 40.77, 0.01, 45.38, -28.42);
insert into SHOT values (3390, 3162, 3363, 5549, 40.80, 86.18, 38.50, 40.80, 86.18, 38.49, 0.01, 10.96, -72.10);
insert into SHOT values (3391, 3162, 3364, 5549, 46.59, 74.15, 33.69, 46.60, 74.15, 33.68, 0.01, 74.16, -21.03);
insert into SHOT values (3392, 3162, 3365, 5549, 59.56, 85.70, 19.51, 59.57, 85.70, 19.51, 0.01, 85.04, -9.71);
insert into SHOT values (3393, 3162, 3366, 5549, 56.35, 88.83, 29.72, 56.35, 88.83, 29.71, 0.01, 73.79, -66.62);
insert into SHOT values (3394, 3162, 3367, 5549, 57.52, 81.51, 26.25, 57.53, 81.51, 26.25, 0.01, 62.83, -3.15);
insert into SHOT values (3395, 3162, 3368, 5549, 59.07, 79.43, 20.54, 59.07, 79.43, 20.53, 0.01, 49.79, -46.92);
insert into SHOT values (3396, 3162, 3369, 5549, 47.57, 74.15, 21.80, 47.57, 74.15, 21.79, 0.01, 159.33, -60.37);
insert into SHOT values (3397, 3162, 3370, 5549, 29.27, 31.96, 3.52, 29.28, 31.97, 3.51, 0.01, 57.87, -45.86);
insert into SHOT values (3398, 3162, 3371, 5549, 27.29, 36.99, 13.30, 27.29, 37.00, 13.28, 0.01, 167.42, -69.17);
insert into SHOT values (3399, 3162, 3372, 5549, 50.19, 39.04, 9.88, 50.20, 39.04, 9.88, 0.01, 48.95, -13.12);
insert into SHOT values (3400, 3162, 3373, 5549, 50.98, 41.85, 11.11, 50.98, 41.86, 11.11, 0.01, 124.09, -33.04);
insert into SHOT values (3401, 3162, 3374, 5549, 43.36, 44.29, 11.49, 43.37, 44.29, 11.48, 0.01, 64.30, -35.96);
insert into SHOT values (3402, 3162, 3375, 5549, 39.72, 48.86, 12.64, 39.72, 48.86, 12.64, 0.00, 48.25, -37.37);
insert into SHOT values (3403, 3162, 3376, 5549, 20.41, 61.36, 3.47, 20.41, 61.35, 3.45, 0.01, 0.36, -45.04);
insert into SHOT values (3404, 3162, 3377, 5549, 10.94, 87.36, -5.87, 10.95, 87.37, -5.87, 0.01, 98.04, -7.26);
insert into SHOT values (3405, 3162, 3378, 5549, 5.44, 338.66, -9.05, 5.44, 338.73, -9.09, 0.01, 39.43, -28.78);
insert into SHOT values (3406, 3162, 3379, 5549, 8.09, 8.88, -6.34, 8.10, 8.94, -6.38, 0.01, 56.43, -32.08);
insert into SHOT values (3407, 3162, 3380, 5549, 10.80, 18.70, -5.59, 10.80, 18.72, -5.63, 0.01, 107.62, -63.17);
insert into SHOT values (3408, 3162, 3381, 5549, 6.00, 206.04, 1.22, 6.00, 206.01, 1.15, 0.01, 94.97, -66.27);
insert into SHOT values (3409, 3162, 3382, 5549, 24.22, 187.33, 17.88, 24.22, 187.33, 17.87, 0.01, 24.44, -71.74);
insert into SHOT values (3410, 3162, 3383, 5549, 18.26, 190.39, 44.97, 18.26, 190.39, 44.95, 0.01, 183.05, -56.60);
insert into SHOT values (3411, 3162, 3384, 5549, 4.29, 226.29, -3.29, 4.29, 226.23, -3.34, 0.01, 94.45, -32.69);
insert into SHOT values (3412, 3162, 3385, 5549, 26.94, 197.23, 0.62, 26.94, 197.23, 0.62, 0.00, 232.06, -62.60);
insert into SHOT values (3413, 3162, 3386, 5549, 10.04, 134.48, -1.10, 10.04, 134.44, -1.14, 0.01, 66.94, -40.46);
insert into SURVEY values (5551, 68, 'c_o_w_ent_to_scumring_mainline_2', 'c_o_w_ent_to_scumring_mainline_2.clearwater_master', NULL);
 insert into CENTRELINE values (5552, 5551, NULL, NULL, NULL, 0.00, 0.00, 0.00);
 insert into CENTRELINE values (5553, 5551, NULL, '2014-04-29', NULL, 2952.74, 0.00, 0.00);
 insert into SHOT values (3414, 3387, 3388, 5553, 20.41, 199.60, -26.82, 20.41, 199.60, -26.82, 0.00, 175.68, -52.87);
insert into SHOT values (3415, 3388, 3389, 5553, 20.97, 254.65, -40.33, 20.97, 254.66, -40.32, 0.00, 292.42, 18.78);
insert into SHOT values (3416, 3389, 3390, 5553, 21.36, 220.14, -25.83, 21.36, 220.13, -25.84, 0.01, 119.20, -35.57);
insert into SHOT values (3417, 3390, 3391, 5553, 17.54, 223.08, 16.57, 17.54, 223.07, 16.56, 0.00, 106.77, -38.24);
insert into SHOT values (3418, 3391, 3392, 5553, 28.55, 193.49, -1.46, 28.55, 193.50, -1.45, 0.01, 327.10, 62.03);
insert into SHOT values (3419, 3392, 3393, 5553, 17.05, 240.18, -4.43, 17.05, 240.19, -4.44, 0.00, 331.61, -39.54);
insert into SHOT values (3420, 3393, 3394, 5553, 25.85, 192.72, 5.07, 25.85, 192.72, 5.06, 0.01, 188.20, -55.00);
insert into SHOT values (3421, 3394, 3395, 5553, 17.47, 195.54, 1.69, 17.47, 195.55, 1.71, 0.01, 338.03, 47.65);
insert into SHOT values (3422, 3395, 3396, 5553, 28.48, 173.92, 8.73, 28.49, 173.92, 8.72, 0.01, 190.70, -17.41);
insert into SHOT values (3423, 3396, 3397, 5553, 51.57, 196.65, -5.00, 51.56, 196.65, -5.00, 0.01, 359.09, 25.23);
insert into SHOT values (3424, 3397, 3398, 5553, 28.80, 228.44, 11.27, 28.80, 228.43, 11.27, 0.01, 118.54, 17.14);
insert into SHOT values (3425, 3398, 3399, 5553, 15.56, 219.37, -15.87, 15.56, 219.36, -15.89, 0.01, 83.90, -52.01);
insert into SHOT values (3426, 3399, 3400, 5553, 16.68, 244.06, 20.75, 16.69, 244.04, 20.74, 0.01, 206.13, 3.15);
insert into SHOT values (3427, 3400, 3401, 5553, 3.36, 249.76, 3.14, 3.36, 249.78, 3.07, 0.00, 286.60, -60.36);
insert into SHOT values (3428, 3401, 3402, 5553, 46.67, 247.32, -11.93, 46.67, 247.33, -11.92, 0.01, 9.18, 48.46);
insert into SHOT values (3429, 3402, 3403, 5553, 37.52, 211.28, 4.82, 37.52, 211.27, 4.82, 0.01, 162.72, -19.07);
insert into SHOT values (3430, 3403, 3404, 5553, 21.87, 248.72, -11.62, 21.87, 248.73, -11.63, 0.01, 14.80, -46.63);
insert into SHOT values (3431, 3404, 3405, 5553, 28.19, 200.70, -1.83, 28.19, 200.70, -1.83, 0.00, 190.80, 3.80);
insert into SHOT values (3432, 3405, 3406, 5553, 24.53, 252.41, -2.06, 24.53, 252.41, -2.06, 0.00, 229.71, 33.16);
insert into SHOT values (3433, 3406, 3407, 5553, 24.84, 216.03, 3.06, 24.84, 216.03, 3.07, 0.00, 138.42, 84.12);
insert into SHOT values (3434, 3407, 3408, 5553, 21.14, 230.45, -1.24, 21.14, 230.47, -1.25, 0.01, 336.28, -16.55);
insert into SHOT values (3435, 3408, 3409, 5553, 9.60, 214.59, 6.66, 9.60, 214.57, 6.64, 0.00, 94.92, -46.99);
insert into SHOT values (3436, 3409, 3410, 5553, 22.30, 221.55, -3.89, 22.30, 221.56, -3.88, 0.00, 276.71, 42.66);
insert into SHOT values (3437, 3410, 3411, 5553, 50.36, 207.54, 6.77, 50.37, 207.53, 6.77, 0.01, 162.20, 22.47);
insert into SHOT values (3438, 3411, 3412, 5553, 17.46, 224.43, -2.34, 17.45, 224.44, -2.33, 0.01, 17.30, 19.20);
insert into SHOT values (3439, 3412, 3413, 5553, 26.90, 221.25, -10.44, 26.91, 221.26, -10.45, 0.01, 267.45, -37.60);
insert into SHOT values (3440, 3413, 3414, 5553, 28.34, 216.03, -0.59, 28.34, 216.01, -0.59, 0.01, 105.00, 11.14);
insert into SHOT values (3441, 3414, 3415, 5553, 49.77, 213.60, 0.06, 49.77, 213.61, 0.06, 0.01, 300.06, -13.37);
insert into SHOT values (3442, 3415, 3416, 5553, 29.55, 214.67, 0.44, 29.56, 214.66, 0.45, 0.01, 187.60, 21.97);
insert into SHOT values (3443, 3416, 3417, 5553, 49.53, 206.99, 2.68, 49.52, 206.99, 2.67, 0.01, 28.19, -35.88);
insert into SHOT values (3444, 3417, 3418, 5553, 29.34, 239.05, -4.99, 29.35, 239.04, -4.98, 0.01, 200.11, 13.64);
insert into SHOT values (3445, 3418, 3419, 5553, 31.14, 182.95, -0.56, 31.13, 182.95, -0.55, 0.01, 19.22, 29.55);
insert into SHOT values (3446, 3419, 3420, 5553, 43.20, 201.01, -0.89, 43.21, 201.01, -0.89, 0.01, 205.81, 7.57);
insert into SHOT values (3447, 3420, 3421, 5553, 17.35, 221.68, 4.89, 17.35, 221.67, 4.89, 0.01, 78.81, 10.97);
insert into SHOT values (3448, 3421, 3422, 5553, 52.50, 221.72, 0.26, 52.50, 221.73, 0.25, 0.01, 340.56, -52.74);
insert into SHOT values (3449, 3422, 3423, 5553, 22.42, 246.46, 20.42, 22.42, 246.44, 20.44, 0.01, 162.66, 41.18);
insert into SHOT values (3450, 3423, 3424, 5553, 11.78, 259.09, 3.13, 11.78, 259.12, 3.11, 0.01, 358.43, -27.20);
insert into SHOT values (3451, 3424, 3425, 5553, 28.31, 206.72, 4.00, 28.31, 206.72, 3.99, 0.01, 202.65, -43.37);
insert into SHOT values (3452, 3425, 3426, 5553, 22.86, 208.45, 7.13, 22.86, 208.46, 7.14, 0.01, 314.59, 25.34);
insert into SHOT values (3453, 3426, 3427, 5553, 43.08, 233.04, -14.72, 43.07, 233.04, -14.71, 0.01, 59.88, 57.80);
insert into SHOT values (3454, 3427, 3428, 5553, 29.41, 236.73, -10.09, 29.41, 236.72, -10.10, 0.01, 187.69, -52.86);
insert into SHOT values (3455, 3428, 3429, 5553, 29.31, 235.85, -5.26, 29.30, 235.85, -5.25, 0.01, 43.17, 50.47);
insert into SHOT values (3456, 3429, 3430, 5553, 44.79, 254.80, 8.05, 44.79, 254.80, 8.05, 0.00, 231.25, -32.08);
insert into SHOT values (3457, 3430, 3431, 5553, 31.51, 235.17, 2.44, 31.51, 235.17, 2.44, 0.00, 75.00, -42.85);
insert into SHOT values (3458, 3431, 3432, 5553, 27.01, 201.75, -10.95, 27.01, 201.76, -10.95, 0.00, 276.45, 9.93);
insert into SHOT values (3459, 3432, 3433, 5553, 27.30, 218.25, 4.26, 27.30, 218.24, 4.26, 0.01, 90.99, 24.53);
insert into SHOT values (3460, 3433, 3434, 5553, 43.32, 218.70, 0.49, 43.33, 218.70, 0.49, 0.01, 241.37, -4.33);
insert into SHOT values (3461, 3434, 3435, 5553, 4.59, 274.30, -11.78, 4.59, 274.34, -11.82, 0.00, 12.40, -42.76);
insert into SHOT values (3462, 3435, 3436, 5553, 20.14, 232.71, -4.37, 20.14, 232.69, -4.36, 0.01, 119.85, 32.04);
insert into SHOT values (3463, 3436, 3437, 5553, 21.57, 226.43, -10.79, 21.57, 226.45, -10.79, 0.01, 296.55, -11.70);
insert into SHOT values (3464, 3437, 3438, 5553, 27.11, 250.03, -0.79, 27.10, 250.02, -0.80, 0.01, 105.32, -38.65);
insert into SHOT values (3465, 3438, 3439, 5553, 15.16, 223.96, 2.99, 15.16, 223.96, 2.99, 0.00, 201.69, -17.19);
insert into SHOT values (3466, 3439, 3440, 5553, 9.25, 260.86, -3.69, 9.25, 260.90, -3.66, 0.01, 314.61, 30.67);
insert into SHOT values (3467, 3440, 3441, 5553, 23.99, 265.95, -21.97, 23.99, 265.95, -21.98, 0.01, 60.41, -61.47);
insert into SHOT values (3468, 3441, 3442, 5553, 28.50, 295.91, -32.62, 28.50, 295.91, -32.62, 0.00, 58.29, 60.17);
insert into SHOT values (3469, 3442, 3443, 5553, 13.50, 206.37, 4.28, 13.51, 206.36, 4.29, 0.01, 183.24, 16.32);
insert into SHOT values (3470, 3443, 3444, 5553, 23.37, 188.80, 14.15, 23.37, 188.81, 14.14, 0.01, 322.55, -30.19);
insert into SHOT values (3471, 3444, 3445, 5553, 19.67, 275.29, -17.93, 19.66, 275.31, -17.92, 0.01, 47.51, 39.16);
insert into SHOT values (3472, 3445, 3446, 5553, 19.12, 228.36, 22.30, 19.12, 228.34, 22.28, 0.01, 176.58, -41.32);
insert into SHOT values (3473, 3446, 3447, 5553, 8.63, 289.59, 29.28, 8.63, 289.57, 29.29, 0.00, 156.01, -10.00);
insert into SHOT values (3474, 3447, 3448, 5553, 27.84, 239.84, 8.50, 27.84, 239.85, 8.51, 0.01, 318.47, 45.75);
insert into SHOT values (3475, 3448, 3449, 5553, 21.45, 268.54, 11.60, 21.45, 268.55, 11.59, 0.01, 317.40, -23.19);
insert into SHOT values (3476, 3449, 3450, 5553, 20.25, 282.54, 3.53, 20.24, 282.52, 3.54, 0.01, 131.58, 14.18);
insert into SHOT values (3477, 3450, 3451, 5553, 13.10, 286.53, 6.54, 13.10, 286.56, 6.53, 0.01, 336.11, -14.82);
insert into SHOT values (3478, 3451, 3452, 5553, 3.94, 306.58, 64.08, 3.93, 306.47, 64.14, 0.01, 154.74, -27.48);
insert into SHOT values (3479, 3452, 3453, 5553, 2.27, 328.73, 59.19, 2.27, 328.62, 59.01, 0.01, 313.81, 2.32);
insert into SHOT values (3480, 3453, 3454, 5553, 3.67, 257.85, 51.85, 3.67, 257.75, 51.96, 0.01, 114.50, 29.72);
insert into SHOT values (3481, 3454, 3455, 5553, 4.76, 200.63, 50.64, 4.76, 200.71, 50.57, 0.01, 232.97, -2.29);
insert into SHOT values (3482, 3455, 3456, 5553, 3.10, 254.95, 39.70, 3.10, 255.15, 39.76, 0.01, 19.63, -1.04);
insert into SHOT values (3483, 3456, 3457, 5553, 3.75, 123.16, 17.99, 3.75, 123.33, 18.02, 0.01, 212.57, 9.50);
insert into SHOT values (3484, 3457, 3458, 5553, 5.22, 244.24, 42.74, 5.21, 244.31, 42.76, 0.01, 24.33, -21.52);
insert into SHOT values (3485, 3458, 3459, 5553, 1.52, 223.14, 65.74, 1.53, 223.07, 65.63, 0.01, 214.57, 39.10);
insert into SHOT values (3486, 3459, 3460, 5553, 6.39, 296.98, 26.26, 6.38, 297.01, 26.23, 0.01, 88.50, -46.55);
insert into SHOT values (3487, 3460, 3461, 5553, 3.46, 307.16, 32.81, 3.47, 307.18, 32.85, 0.01, 324.55, 50.96);
insert into SHOT values (3488, 3461, 3462, 5553, 13.61, 257.34, 12.88, 13.60, 257.33, 12.87, 0.01, 113.90, -34.84);
insert into SHOT values (3489, 3462, 3463, 5553, 18.99, 292.89, -19.12, 18.99, 292.89, -19.12, 0.00, 335.01, 6.39);
insert into SHOT values (3490, 3463, 3464, 5553, 21.84, 291.41, -15.79, 21.84, 291.40, -15.78, 0.01, 249.70, 32.11);
insert into SHOT values (3491, 3464, 3465, 5553, 32.60, 260.86, -4.15, 32.60, 260.87, -4.15, 0.01, 19.24, -8.95);
insert into SHOT values (3492, 3465, 3466, 5553, 5.06, 297.78, -26.30, 5.05, 297.75, -26.31, 0.01, 141.28, 19.68);
insert into SHOT values (3493, 3466, 3467, 5553, 14.79, 222.23, -5.54, 14.79, 222.25, -5.55, 0.01, 271.38, -19.98);
insert into SHOT values (3494, 3467, 3468, 5553, 19.48, 189.38, 2.79, 19.48, 189.38, 2.79, 0.00, 161.00, 27.69);
insert into SHOT values (3495, 3468, 3469, 5553, 19.99, 187.72, -4.08, 19.98, 187.73, -4.10, 0.01, 350.08, -41.45);
insert into SHOT values (3496, 3469, 3470, 5553, 30.79, 238.77, -3.27, 30.79, 238.76, -3.26, 0.01, 111.58, 47.11);
insert into SHOT values (3497, 3470, 3471, 5553, 18.13, 168.26, -3.40, 18.13, 168.27, -3.42, 0.01, 258.26, -62.50);
insert into SHOT values (3498, 3471, 3472, 5553, 12.63, 244.22, 1.47, 12.63, 244.23, 1.50, 0.01, 326.16, 76.55);
insert into SHOT values (3499, 3472, 3473, 5553, 21.41, 239.10, -6.69, 21.41, 239.11, -6.70, 0.01, 270.79, -55.90);
insert into SHOT values (3500, 3473, 3474, 5553, 45.07, 195.00, 6.09, 45.07, 195.00, 6.09, 0.00, 211.30, -42.27);
insert into SHOT values (3501, 3474, 3475, 5553, 14.29, 252.51, -16.82, 14.28, 252.51, -16.81, 0.01, 81.19, 38.41);
insert into SHOT values (3502, 3475, 3476, 5553, 30.85, 246.73, -25.32, 30.85, 246.73, -25.31, 0.01, 214.38, 44.81);
insert into SHOT values (3503, 3476, 3477, 5553, 45.60, 258.97, 3.52, 45.60, 258.97, 3.52, 0.00, 123.69, 4.45);
insert into SHOT values (3504, 3477, 3478, 5553, 8.75, 259.35, -13.88, 8.75, 259.35, -13.88, 0.00, 265.63, -27.98);
insert into SHOT values (3505, 3478, 3479, 5553, 10.28, 357.60, -30.41, 10.28, 357.61, -30.44, 0.01, 31.61, -69.51);
insert into SHOT values (3506, 3479, 3480, 5553, 4.82, 274.80, -25.23, 4.82, 274.86, -25.15, 0.01, 315.27, 32.06);
insert into SHOT values (3507, 3480, 3481, 5553, 6.23, 201.16, -7.95, 6.23, 201.08, -7.93, 0.01, 129.08, 10.10);
insert into SHOT values (3508, 3481, 3482, 5553, 4.58, 324.01, -49.56, 4.59, 324.02, -49.52, 0.01, 326.01, -29.29);
insert into SHOT values (3509, 3482, 3483, 5553, 3.35, 195.17, -46.13, 3.35, 195.17, -45.95, 0.01, 194.90, 27.83);
insert into SHOT values (3510, 3483, 3484, 5553, 3.16, 6.47, -20.47, 3.17, 6.57, -20.50, 0.01, 37.36, -24.87);
insert into SHOT values (3511, 3484, 3485, 5553, 4.28, 77.21, -10.88, 4.27, 77.19, -10.93, 0.01, 266.95, -13.67);
insert into SHOT values (3512, 3485, 3486, 5553, 3.73, 338.69, -29.39, 3.72, 338.66, -29.44, 0.01, 172.09, 3.69);
insert into SHOT values (3513, 3486, 3487, 5553, 6.00, 280.57, -47.44, 6.00, 280.65, -47.43, 0.01, 352.96, -5.92);
insert into SHOT values (3514, 3487, 3488, 5553, 5.07, 238.73, 16.36, 5.07, 238.63, 16.39, 0.01, 121.21, 11.59);
insert into SHOT values (3515, 3488, 3489, 5553, 30.72, 220.97, 1.72, 30.72, 220.99, 1.72, 0.01, 303.99, -13.59);
insert into SHOT values (3516, 3489, 3490, 5553, 26.78, 240.30, -3.08, 26.78, 240.30, -3.08, 0.00, 244.61, -31.14);
insert into SHOT values (3517, 3490, 3491, 5553, 20.41, 262.81, 0.08, 20.40, 262.82, 0.08, 0.01, 64.55, 8.14);
insert into SHOT values (3518, 3491, 3492, 5553, 26.21, 254.34, -3.42, 26.22, 254.33, -3.41, 0.01, 225.26, 17.82);
insert into SHOT values (3519, 3492, 3493, 5553, 47.45, 251.07, 0.89, 47.45, 251.07, 0.89, 0.00, 311.64, 52.24);
insert into SHOT values (3520, 3493, 3494, 5553, 29.06, 251.60, -2.10, 29.05, 251.61, -2.11, 0.01, 41.39, -30.26);
insert into SHOT values (3521, 3494, 3495, 5553, 33.55, 208.16, 0.64, 33.55, 208.15, 0.65, 0.01, 141.32, 53.32);
insert into SHOT values (3522, 3495, 3496, 5553, 14.38, 201.58, -2.52, 14.38, 201.60, -2.55, 0.01, 261.69, -51.22);
insert into SHOT values (3523, 3496, 3497, 5553, 14.64, 286.56, 3.76, 14.64, 286.55, 3.76, 0.00, 145.39, -0.66);
insert into SHOT values (3524, 3497, 3498, 5553, 22.40, 260.00, -2.76, 22.39, 260.01, -2.74, 0.01, 38.25, 52.42);
insert into SHOT values (3525, 3498, 3499, 5553, 8.98, 256.91, 6.13, 8.98, 256.93, 6.07, 0.01, 302.95, -65.89);
insert into SHOT values (3526, 3499, 3500, 5553, 26.13, 222.46, -4.00, 26.14, 222.45, -3.99, 0.01, 198.74, 15.13);
insert into SHOT values (3527, 3500, 3501, 5553, 37.79, 198.34, -0.99, 37.79, 198.34, -0.99, 0.01, 349.48, 29.28);
insert into SHOT values (3528, 3501, 3502, 5553, 17.63, 183.97, -0.12, 17.63, 183.97, -0.13, 0.00, 165.74, -51.84);
insert into SHOT values (3529, 3502, 3503, 5553, 9.34, 207.90, 3.14, 9.34, 207.88, 3.13, 0.00, 63.12, -20.17);
insert into SHOT values (3530, 3503, 3504, 5553, 38.25, 190.74, -24.41, 38.25, 190.74, -24.40, 0.01, 47.50, 81.30);
insert into SHOT values (3531, 3504, 3505, 5553, 10.74, 311.19, 21.10, 10.74, 311.20, 21.07, 0.01, 12.57, -78.19);
insert into SHOT values (3532, 3505, 3506, 5553, 7.56, 247.12, -7.40, 7.56, 247.09, -7.37, 0.01, 208.81, 32.23);
insert into SHOT values (3533, 3506, 3507, 5553, 21.76, 203.89, 3.42, 21.76, 203.90, 3.42, 0.00, 274.72, 30.10);
insert into SHOT values (3534, 3507, 3508, 5553, 27.00, 195.33, 14.28, 26.99, 195.32, 14.28, 0.01, 58.16, 1.02);
insert into SHOT values (3535, 3508, 3509, 5553, 27.78, 209.22, 2.47, 27.78, 209.23, 2.46, 0.01, 331.02, -68.25);
insert into SHOT values (3536, 3509, 3510, 5553, 30.72, 193.19, -2.00, 30.73, 193.19, -2.00, 0.01, 207.75, 12.19);
insert into SHOT values (3537, 3510, 3511, 5553, 15.81, 264.15, -1.47, 15.81, 264.15, -1.45, 0.01, 70.21, 64.66);
insert into SHOT values (3538, 3511, 3512, 5553, 23.38, 226.20, 8.66, 23.37, 226.21, 8.66, 0.01, 16.86, -2.40);
insert into SHOT values (3539, 3512, 3513, 5553, 10.90, 346.84, 25.84, 10.90, 346.80, 25.84, 0.01, 248.79, -7.09);
insert into SHOT values (3540, 3513, 3514, 5553, 23.72, 340.00, 12.75, 23.72, 340.01, 12.74, 0.01, 87.89, -61.55);
insert into SHOT values (3541, 3514, 3515, 5553, 8.30, 24.50, -14.14, 8.30, 24.53, -14.16, 0.01, 148.77, -27.85);
insert into SHOT values (3542, 3515, 3516, 5553, 9.66, 350.37, 3.05, 9.66, 350.39, 3.09, 0.01, 95.98, 58.38);
insert into SHOT values (3543, 3516, 3517, 5553, 17.04, 358.08, -19.28, 17.05, 358.08, -19.29, 0.01, 346.71, -37.09);
insert into SHOT values (3544, 3517, 3518, 5553, 7.32, 328.43, -6.87, 7.32, 328.39, -6.83, 0.01, 250.23, 45.34);
insert into SHOT values (3545, 3518, 3519, 5553, 9.97, 273.63, 28.79, 9.97, 273.61, 28.78, 0.00, 178.47, -25.93);
insert into SHOT values (3546, 3519, 3520, 5553, 9.16, 276.38, 4.33, 9.16, 276.41, 4.32, 0.01, 331.65, -15.53);
insert into SHOT values (3547, 3520, 3521, 5553, 8.29, 22.47, -18.29, 8.29, 22.49, -18.29, 0.00, 155.65, 22.29);
insert into SHOT values (3548, 3521, 3522, 5553, 7.92, 21.67, -7.68, 7.93, 21.67, -7.69, 0.01, 16.37, -14.65);
insert into SHOT values (3549, 3522, 3523, 5553, 23.67, 12.65, -22.15, 23.67, 12.65, -22.14, 0.00, 226.84, 71.63);
insert into SHOT values (3550, 3523, 3524, 5553, 41.35, 250.95, 0.29, 41.35, 250.94, 0.28, 0.01, 127.74, -56.14);
insert into SHOT values (3551, 3524, 3525, 5553, 17.18, 205.46, 2.00, 17.18, 205.46, 2.00, 0.00, 21.90, 10.55);
insert into SHOT values (3552, 3525, 3526, 5553, 35.25, 226.58, -2.07, 35.25, 226.59, -2.06, 0.01, 311.02, 35.72);
insert into SHOT values (3553, 3526, 3527, 5553, 12.43, 241.66, 0.09, 12.43, 241.62, 0.09, 0.01, 178.77, 2.88);
insert into SHOT values (3554, 3527, 3528, 5553, 24.56, 225.18, 5.04, 24.55, 225.18, 5.05, 0.01, 36.39, 21.06);
insert into SHOT values (3555, 3398, 3529, 5553, 34.57, 312.37, 11.29, 34.57, 312.36, 11.28, 0.01, 209.48, -47.05);
insert into SHOT values (3556, 3400, 3530, 5553, 58.74, 291.01, 14.98, 58.74, 291.02, 14.98, 0.01, 13.44, -29.25);
insert into SHOT values (3557, 3404, 3531, 5553, 53.07, 134.36, 36.00, 53.07, 134.37, 36.01, 0.01, 255.33, 42.81);
insert into SHOT values (3558, 3406, 3532, 5553, 66.25, 158.60, 33.37, 66.25, 158.60, 33.37, 0.00, 34.07, -5.63);
insert into SHOT values (3559, 3414, 3533, 5553, 22.47, 118.61, 27.56, 22.47, 118.62, 27.58, 0.01, 260.87, 24.25);
insert into SHOT values (3560, 3416, 3534, 5553, 9.27, 149.25, 70.19, 9.27, 149.19, 70.18, 0.00, 91.07, -20.89);
insert into SHOT values (3561, 3416, 3535, 5553, 1.10, 225.27, -72.89, 1.10, 226.27, -73.14, 0.01, 359.37, 9.63);
insert into SHOT values (3562, 3416, 3536, 5553, 7.96, 109.55, 10.07, 7.96, 109.52, 10.05, 0.01, 59.56, -19.38);
insert into SHOT values (3563, 3416, 3537, 5553, 53.46, 98.29, 32.91, 53.46, 98.29, 32.90, 0.01, 82.12, -36.49);
insert into SHOT values (3564, 3416, 3538, 5553, 34.94, 155.24, 33.47, 34.94, 155.23, 33.48, 0.01, 24.91, 4.51);
insert into SHOT values (3565, 3416, 3539, 5553, 45.57, 123.54, 38.81, 45.57, 123.54, 38.81, 0.00, 97.07, -10.47);
insert into SHOT values (3566, 3416, 3540, 5553, 34.29, 177.21, 30.73, 34.29, 177.20, 30.73, 0.01, 87.56, -20.26);
insert into SHOT values (3567, 3416, 3541, 5553, 37.38, 187.41, 26.92, 37.38, 187.40, 26.92, 0.01, 82.32, -23.12);
insert into SHOT values (3568, 3416, 3542, 5553, 32.66, 76.91, 30.06, 32.67, 76.92, 30.05, 0.01, 105.52, 2.97);
insert into SHOT values (3569, 3416, 3543, 5553, 2.57, 287.87, 11.30, 2.56, 288.07, 11.25, 0.01, 52.22, -18.23);
insert into SHOT values (3570, 3418, 3544, 5553, 9.78, 192.68, 81.00, 9.78, 192.49, 81.02, 0.01, 65.83, 3.65);
insert into SHOT values (3571, 3418, 3545, 5553, 2.31, 265.44, -58.62, 2.31, 265.71, -58.58, 0.01, 350.29, 20.38);
insert into SHOT values (3572, 3418, 3546, 5553, 21.89, 113.09, 31.05, 21.89, 113.08, 31.05, 0.00, 345.69, -6.51);
insert into SHOT values (3573, 3418, 3547, 5553, 13.68, 260.34, 19.93, 13.68, 260.38, 19.96, 0.01, 348.39, 39.94);
insert into SHOT values (3574, 3418, 3548, 5553, 36.78, 299.67, 9.20, 36.78, 299.69, 9.20, 0.01, 40.12, -2.37);
insert into SHOT values (3575, 3418, 3549, 5553, 33.74, 318.69, 11.67, 33.74, 318.69, 11.68, 0.01, 87.23, 64.77);
insert into SHOT values (3576, 3418, 3550, 5553, 32.00, 332.29, 13.98, 32.00, 332.29, 13.98, 0.00, 224.41, -28.57);
insert into SHOT values (3577, 3431, 3551, 5553, 6.62, 175.81, 76.77, 6.62, 175.83, 76.77, 0.00, 325.36, -74.10);
insert into SHOT values (3578, 3431, 3552, 5553, 32.31, 122.74, 21.79, 32.31, 122.75, 21.79, 0.01, 230.14, -28.19);
insert into SHOT values (3579, 3431, 3553, 5553, 40.37, 183.07, 6.60, 40.37, 183.07, 6.60, 0.01, 335.13, -0.14);
insert into SHOT values (3580, 3431, 3554, 5553, 25.78, 159.77, 10.34, 25.78, 159.77, 10.34, 0.00, 174.27, 41.16);
insert into SHOT values (3581, 3431, 3555, 5553, 26.86, 125.74, 19.44, 26.86, 125.73, 19.44, 0.00, 15.23, 5.46);
insert into SHOT values (3582, 3431, 3556, 5553, 33.79, 91.49, 29.35, 33.79, 91.50, 29.35, 0.01, 214.17, -21.14);
insert into SHOT values (3583, 3431, 3557, 5553, 40.43, 71.83, 27.70, 40.43, 71.83, 27.70, 0.00, 209.08, -49.30);
insert into SHOT values (3584, 3431, 3558, 5553, 35.35, 22.58, 18.34, 35.35, 22.58, 18.34, 0.01, 240.14, -33.59);
insert into SHOT values (3585, 3431, 3559, 5553, 11.28, 270.32, -7.05, 11.29, 270.31, -7.07, 0.01, 245.19, -42.68);
insert into SHOT values (3586, 3431, 3560, 5553, 6.88, 231.12, -39.20, 6.88, 231.09, -39.20, 0.00, 172.21, -25.59);
insert into SHOT values (3587, 3431, 3561, 5553, 9.92, 245.01, -2.66, 9.92, 244.99, -2.66, 0.00, 156.46, 5.34);
insert into SHOT values (3588, 3431, 3562, 5553, 12.87, 285.92, -1.22, 12.87, 285.93, -1.20, 0.01, 80.08, 47.94);
insert into SHOT values (3589, 3431, 3563, 5553, 35.52, 301.14, 7.14, 35.52, 301.14, 7.13, 0.01, 314.89, -41.40);
insert into SHOT values (3590, 3431, 3564, 5553, 53.09, 297.10, 15.20, 53.09, 297.10, 15.20, 0.00, 301.17, 9.28);
insert into SHOT values (3591, 3431, 3565, 5553, 41.76, 321.72, 18.93, 41.76, 321.72, 18.93, 0.00, 38.87, 49.78);
insert into SHOT values (3592, 3431, 3566, 5553, 43.50, 333.23, 20.34, 43.50, 333.23, 20.34, 0.00, 16.45, -2.52);
insert into SHOT values (3593, 3431, 3567, 5553, 41.75, 356.22, 21.10, 41.75, 356.22, 21.10, 0.00, 331.35, 1.71);
insert into SHOT values (3594, 3431, 3568, 5553, 34.56, 11.12, 21.18, 34.56, 11.11, 21.19, 0.01, 265.00, 34.13);
insert into SHOT values (3595, 3433, 3569, 5553, 39.51, 335.31, -10.30, 39.51, 335.31, -10.31, 0.01, 281.26, -67.06);
insert into SHOT values (3596, 3433, 3570, 5553, 32.00, 303.60, -14.14, 32.00, 303.59, -14.14, 0.01, 243.96, -30.34);
insert into SHOT values (3597, 3442, 3571, 5553, 8.82, 209.00, 80.74, 8.83, 208.90, 80.69, 0.01, 192.50, 29.06);
insert into SHOT values (3598, 3442, 3572, 5553, 1.14, 182.35, -72.06, 1.14, 181.59, -71.56, 0.01, 154.33, 24.24);
insert into SHOT values (3599, 3442, 3573, 5553, 20.42, 159.96, 29.97, 20.42, 159.97, 29.97, 0.00, 230.94, -17.72);
insert into SHOT values (3600, 3442, 3574, 5553, 7.96, 31.29, 19.53, 7.96, 31.32, 19.52, 0.00, 103.18, -15.30);
insert into SHOT values (3601, 3442, 3575, 5553, 23.70, 3.17, 15.60, 23.70, 3.16, 15.59, 0.00, 228.66, -47.97);
insert into SHOT values (3602, 3442, 3576, 5553, 19.35, 298.36, -26.03, 19.35, 298.33, -26.03, 0.01, 177.40, 9.88);
insert into SHOT values (3603, 3442, 3577, 5553, 29.71, 239.94, -3.96, 29.71, 239.93, -3.96, 0.00, 143.58, 21.65);
insert into SHOT values (3604, 3473, 3578, 5553, 44.35, 7.97, -8.04, 44.35, 7.97, -8.04, 0.00, 84.58, 69.47);
insert into SHOT values (3605, 3473, 3579, 5553, 50.54, 2.79, -8.99, 50.54, 2.79, -8.98, 0.01, 81.67, 88.74);
insert into SURVEY values (5555, 68, 'downdraught', 'downdraught.clearwater_master', NULL);
 insert into CENTRELINE values (5556, 5555, NULL, NULL, NULL, 0.00, 0.00, 0.00);
 insert into CENTRELINE values (5557, 5555, NULL, '2014-05-02', NULL, 268.65, 0.00, 0.00);
 insert into PERSON values (12, 'Hugh St', ' Lawrence');
insert into TOPO values (12, 5557);
 insert into PERSON values (13, 'Mark', 'Brown');
insert into TOPO values (13, 5557);
 insert into PERSON values (14, 'Carl', 'Clark');
insert into TOPO values (14, 5557);
 insert into SHOT values (3606, 3580, 3581, 5557, 18.39, 251.45, -21.29, 18.39, 251.45, -21.30, 0.01, 76.00, -29.80);
insert into SHOT values (3607, 3581, 3582, 5557, 12.10, 268.62, -22.88, 12.10, 268.61, -22.85, 0.01, 253.84, 39.53);
insert into SHOT values (3608, 3582, 3583, 5557, 8.92, 256.72, -22.96, 8.92, 256.76, -22.98, 0.01, 28.98, -3.08);
insert into SHOT values (3609, 3583, 3584, 5557, 14.90, 132.07, -28.97, 14.91, 132.08, -28.97, 0.01, 149.57, -25.78);
insert into SHOT values (3610, 3584, 3585, 5557, 15.88, 234.15, -28.11, 15.88, 234.18, -28.10, 0.01, 296.51, 15.79);
insert into SHOT values (3611, 3585, 3586, 5557, 10.02, 255.75, -29.33, 10.02, 255.74, -29.36, 0.01, 87.57, -14.96);
insert into SHOT values (3612, 3585, 3587, 5557, 9.21, 108.83, -13.28, 9.21, 108.80, -13.24, 0.01, 62.44, 39.67);
insert into SHOT values (3613, 3587, 3588, 5557, 10.31, 72.03, 6.95, 10.30, 72.06, 6.91, 0.01, 213.83, -40.03);
insert into SHOT values (3614, 3588, 3589, 5557, 28.46, 71.43, 6.86, 28.47, 71.43, 6.86, 0.01, 73.75, 7.05);
insert into SHOT values (3615, 3589, 3590, 5557, 22.09, 87.31, -0.51, 22.09, 87.30, -0.49, 0.01, 304.68, 48.71);
insert into SHOT values (3616, 3583, 3591, 5557, 9.39, 255.54, -29.38, 9.39, 255.49, -29.40, 0.01, 155.57, -23.50);
insert into SHOT values (3617, 3591, 3592, 5557, 8.20, 216.88, -41.66, 8.20, 216.91, -41.65, 0.00, 275.79, 10.20);
insert into SHOT values (3618, 3592, 3593, 5557, 21.98, 259.76, -32.94, 21.98, 259.76, -32.94, 0.00, 105.25, 33.70);
insert into SHOT values (3619, 3580, 3594, 5557, 8.87, 17.11, 58.39, 8.88, 17.11, 58.37, 0.01, 18.28, 40.40);
insert into SHOT values (3620, 3594, 3595, 5557, 15.17, 73.00, 21.16, 15.17, 73.03, 21.14, 0.01, 171.01, -43.40);
insert into SHOT values (3621, 3595, 3596, 5557, 10.18, 325.83, 61.16, 10.19, 325.86, 61.13, 0.01, 344.25, 19.35);
insert into SHOT values (3622, 3596, 3597, 5557, 10.16, 305.73, 64.74, 10.16, 305.71, 64.75, 0.00, 195.52, 38.45);
insert into SHOT values (3623, 3597, 3598, 5557, 4.76, 299.01, 43.99, 4.75, 299.04, 43.98, 0.01, 99.36, -49.91);
insert into SHOT values (3624, 3598, 3599, 5557, 9.01, 246.56, 19.68, 9.02, 246.54, 19.70, 0.01, 230.45, 34.67);
insert into SHOT values (3625, 3599, 3600, 5557, 3.96, 285.18, 51.84, 3.96, 285.17, 51.82, 0.00, 116.70, -67.75);
insert into SHOT values (3626, 3600, 3601, 5557, 11.19, 322.11, 33.97, 11.19, 322.13, 33.94, 0.01, 354.56, -22.14);
insert into SHOT values (3627, 3601, 3602, 5557, 5.50, 269.37, 18.83, 5.50, 269.34, 18.90, 0.01, 117.41, 38.73);
insert into SHOT values (3628, 3595, 3603, 5557, 13.00, 354.74, 73.93, 13.00, 354.75, 73.90, 0.01, 359.12, -16.97);
insert into SHOT values (3629, 3595, 3604, 5557, 0.35, 132.42, -84.95, 0.35, 135.00, -85.38, 0.00, 285.92, -25.46);
insert into SHOT values (3630, 3595, 3605, 5557, 2.13, 333.32, 9.40, 2.13, 333.43, 9.45, 0.00, 56.55, 26.48);
insert into SHOT values (3631, 3595, 3606, 5557, 1.32, 129.63, 11.21, 1.32, 129.35, 11.37, 0.01, 25.18, 27.56);
insert into SHOT values (3632, 3584, 3607, 5557, 4.95, 212.44, 70.09, 4.96, 212.65, 70.10, 0.01, 294.64, 42.76);
insert into SHOT values (3633, 3584, 3608, 5557, 10.16, 198.01, 46.70, 10.16, 198.07, 46.74, 0.01, 319.07, 34.10);
insert into SHOT values (3634, 3584, 3609, 5557, 1.81, 227.58, -86.56, 1.80, 228.81, -86.62, 0.01, 3.07, 64.14);
insert into SHOT values (3635, 3584, 3610, 5557, 2.72, 103.17, 20.01, 2.71, 103.16, 20.06, 0.01, 285.11, -4.77);
insert into SHOT values (3636, 3584, 3611, 5557, 8.75, 135.79, 23.19, 8.74, 135.81, 23.24, 0.01, 301.77, 24.24);
insert into SHOT values (3637, 3584, 3612, 5557, 7.74, 177.64, -20.16, 7.74, 177.63, -20.11, 0.01, 114.17, 83.30);
insert into SHOT values (3638, 3584, 3613, 5557, 4.63, 233.62, -28.25, 4.63, 233.66, -28.20, 0.01, 262.21, 12.87);
insert into SHOT values (3639, 3584, 3614, 5557, 4.55, 264.58, 22.26, 4.56, 264.69, 22.30, 0.01, 314.37, 30.07);
insert into SHOT values (3640, 3585, 3615, 5557, 4.30, 259.80, 66.50, 4.29, 259.88, 66.58, 0.01, 64.22, -21.90);
insert into SHOT values (3641, 3585, 3616, 5557, 3.61, 148.69, -80.13, 3.61, 148.88, -80.13, 0.00, 230.07, -59.15);
insert into SHOT values (3642, 3585, 3617, 5557, 4.75, 154.56, 3.71, 4.75, 154.52, 3.74, 0.00, 83.61, 34.39);
insert into SHOT values (3643, 3585, 3618, 5557, 8.74, 162.34, 41.35, 8.74, 162.34, 41.39, 0.01, 347.55, 72.40);
insert into SHOT values (3644, 3585, 3619, 5557, 9.06, 109.67, -12.20, 9.06, 109.66, -12.17, 0.00, 61.17, 71.47);
insert into SHOT values (3645, 3585, 3620, 5557, 3.82, 317.71, 4.53, 3.82, 317.77, 4.50, 0.00, 38.59, -24.07);
insert into SHOT values (3646, 3586, 3621, 5557, 5.22, 270.90, 75.91, 5.23, 270.90, 75.94, 0.01, 86.43, 84.88);
insert into SHOT values (3647, 3586, 3622, 5557, 4.81, 117.45, 77.96, 4.82, 117.33, 77.99, 0.01, 351.47, 66.37);
insert into SHOT values (3648, 3586, 3623, 5557, 2.22, 296.80, -66.34, 2.22, 296.57, -66.22, 0.01, 250.58, 33.74);
insert into SHOT values (3649, 3586, 3624, 5557, 3.49, 145.68, -81.38, 3.49, 146.00, -81.45, 0.01, 292.26, 6.20);
insert into SHOT values (3650, 3586, 3625, 5557, 6.41, 180.32, 21.19, 6.41, 180.38, 21.20, 0.01, 242.18, 22.03);
insert into SHOT values (3651, 3586, 3626, 5557, 30.76, 251.16, -37.66, 30.76, 251.17, -37.65, 0.01, 316.30, 35.42);
insert into SHOT values (3652, 3586, 3627, 5557, 4.86, 161.84, 0.05, 4.86, 161.90, 0.12, 0.01, 246.24, 48.13);
insert into SHOT values (3653, 3586, 3628, 5557, 2.73, 335.90, 24.99, 2.73, 335.92, 25.11, 0.01, 16.81, 78.83);
insert into SHOT values (3654, 3586, 3629, 5557, 33.50, 264.84, -34.75, 33.50, 264.83, -34.74, 0.01, 235.02, 32.16);
insert into SHOT values (3655, 3586, 3630, 5557, 2.95, 331.12, 6.21, 2.95, 331.08, 6.22, 0.00, 299.68, 12.19);
insert into SHOT values (3656, 3588, 3631, 5557, 5.00, 51.62, 81.16, 5.00, 51.34, 81.16, 0.00, 321.42, -9.18);
insert into SHOT values (3657, 3588, 3632, 5557, 15.94, 321.80, 61.52, 15.94, 321.83, 61.50, 0.01, 4.57, -8.47);
insert into SHOT values (3658, 3588, 3633, 5557, 1.34, 1.82, -78.70, 1.34, 2.12, -78.35, 0.01, 12.38, 27.45);
insert into SHOT values (3659, 3588, 3634, 5557, 3.90, 339.61, 15.37, 3.91, 339.64, 15.44, 0.01, 2.18, 50.94);
insert into SHOT values (3660, 3588, 3635, 5557, 0.40, 162.25, -1.60, 0.40, 162.47, -1.44, 0.00, 293.10, 29.52);
insert into SHOT values (3661, 3590, 3636, 5557, 2.34, 45.37, 75.06, 2.34, 45.67, 75.11, 0.00, 169.91, -13.08);
insert into SHOT values (3662, 3590, 3637, 5557, 1.10, 323.17, -82.52, 1.10, 323.97, -82.89, 0.01, 128.34, 4.91);
insert into SHOT values (3663, 3590, 3638, 5557, 3.50, 356.93, 3.66, 3.50, 356.88, 3.60, 0.00, 306.23, -43.25);
insert into SHOT values (3664, 3590, 3639, 5557, 10.19, 57.47, 32.65, 10.19, 57.51, 32.60, 0.01, 120.53, -46.01);
insert into SHOT values (3665, 3590, 3640, 5557, 11.27, 64.25, -7.37, 11.28, 64.24, -7.39, 0.01, 35.14, -39.76);
insert into SHOT values (3666, 3590, 3641, 5557, 15.81, 86.35, -21.74, 15.82, 86.37, -21.75, 0.01, 138.82, -31.88);
insert into SHOT values (3667, 3590, 3642, 5557, 0.23, 177.69, 0.44, 0.23, 177.51, 0.00, 0.00, 104.86, -66.85);
insert into SURVEY values (5559, 68, 'downdraughtsnowslope', 'downdraughtsnowslope.clearwater_master', NULL);
 insert into CENTRELINE values (5560, 5559, NULL, NULL, NULL, 0.00, 0.00, 0.00);
 insert into CENTRELINE values (5561, 5559, NULL, '2014-05-11', NULL, 51.58, 0.00, 0.00);
 insert into SHOT values (3668, 3643, 3644, 5561, 4.53, 239.28, -53.61, 4.51, 242.46, -50.05, 0.32, 277.23, 35.50);
insert into SHOT values (3669, 3644, 3643, 5561, 4.55, 65.71, 46.41, 4.51, 62.46, 50.05, 0.34, 279.70, 29.25);
insert into SHOT values (3670, 3644, 3645, 5561, 15.42, 219.97, -36.34, 15.42, 219.97, -36.34, 0.00, 229.86, -64.78);
insert into SHOT values (3671, 3645, 3646, 5561, 6.39, 242.40, -59.89, 6.39, 242.47, -59.92, 0.01, 9.16, -23.25);
insert into SHOT values (3672, 3646, 3647, 5561, 11.90, 318.35, -53.38, 11.90, 318.31, -53.38, 0.00, 212.10, 12.36);
insert into SHOT values (3673, 3647, 3648, 5561, 8.79, 337.85, -31.15, 8.79, 337.90, -31.11, 0.01, 67.90, 45.51);
insert into SURVEY values (5563, 68, 'helic', 'helic.clearwater_master', NULL);
 insert into CENTRELINE values (5564, 5563, NULL, NULL, NULL, 0.00, 0.00, 0.00);
 insert into CENTRELINE values (5565, 5563, NULL, '2014-04-30', NULL, 29.16, 0.00, 0.00);
 insert into SHOT values (3674, 3649, 3650, 5565, 0.48, 231.71, -1.89, 0.48, 231.71, -2.37, 0.00, 231.52, -84.17);
insert into SHOT values (3675, 3649, 3651, 5565, 2.16, 31.01, -10.89, 2.16, 30.92, -10.94, 0.00, 306.57, -29.19);
insert into SHOT values (3676, 3649, 3652, 5565, 0.72, 196.86, 84.50, 0.71, 198.43, 84.91, 0.01, 359.88, -43.72);
insert into SHOT values (3677, 3649, 3653, 5565, 1.73, 176.43, -79.27, 1.73, 176.42, -79.32, 0.00, 358.66, -74.09);
insert into SHOT values (3678, 3649, 3654, 5565, 4.79, 331.29, -25.46, 4.80, 331.31, -25.43, 0.01, 341.57, -3.94);
insert into SHOT values (3679, 3649, 3655, 5565, 1.68, 40.55, 9.76, 1.68, 40.34, 9.61, 0.01, 279.68, -34.89);
insert into SHOT values (3680, 3649, 3656, 5565, 0.21, 239.31, 2.16, 0.22, 239.93, 0.00, 0.01, 256.53, -44.81);
insert into SHOT values (3681, 3649, 3657, 5565, 0.34, 97.13, 84.52, 0.33, 90.00, 84.81, 0.01, 333.14, -55.17);
insert into SHOT values (3682, 3649, 3658, 5565, 1.87, 124.79, -84.24, 1.87, 123.69, -84.46, 0.01, 330.68, -17.02);
insert into SHOT values (3683, 3649, 3659, 5565, 5.80, 160.97, -30.14, 5.80, 161.02, -30.14, 0.01, 270.99, 14.37);
insert into SHOT values (3684, 3649, 3660, 5565, 2.16, 354.61, 0.42, 2.16, 354.42, 0.27, 0.01, 251.00, -38.63);
insert into SHOT values (3685, 3649, 3661, 5565, 1.01, 166.75, -0.06, 1.01, 166.79, 0.00, 0.00, 318.43, 34.12);
insert into SHOT values (3686, 3649, 3662, 5565, 0.76, 322.82, 79.00, 0.76, 323.13, 78.69, 0.00, 333.25, 12.79);
insert into SHOT values (3687, 3649, 3663, 5565, 1.92, 46.46, -80.02, 1.92, 46.22, -80.02, 0.00, 317.06, -36.16);
insert into SHOT values (3688, 3649, 3664, 5565, 8.04, 66.83, 29.82, 8.04, 66.78, 29.77, 0.01, 348.77, -48.73);
insert into SHOT values (3689, 3664, 3665, 5565, 2.82, 328.20, -3.78, 2.82, 328.06, -3.66, 0.01, 242.72, 41.05);
insert into SHOT values (3690, 3664, 3666, 5565, 0.38, 141.34, -3.94, 0.38, 142.52, -3.03, 0.01, 232.54, 37.72);
insert into SHOT values (3691, 3664, 3667, 5565, 1.58, 1.95, 69.38, 1.58, 2.08, 69.60, 0.01, 171.30, -5.41);
insert into SHOT values (3692, 3664, 3668, 5565, 1.32, 67.41, -83.55, 1.32, 68.96, -83.93, 0.01, 224.78, 9.52);
insert into SHOT values (3693, 3664, 3669, 5565, 4.97, 24.44, 31.13, 4.97, 24.46, 31.15, 0.00, 89.02, 65.06);
insert into SHOT values (3694, 3669, 3670, 5565, 0.36, 301.43, -2.55, 0.36, 300.14, -3.19, 0.01, 209.54, -26.54);
insert into SHOT values (3695, 3669, 3671, 5565, 2.78, 122.26, 4.83, 2.78, 122.31, 4.95, 0.01, 255.34, 59.27);
insert into SHOT values (3696, 3669, 3672, 5565, 2.07, 192.23, 61.45, 2.07, 192.22, 61.40, 0.00, 181.07, -54.65);
insert into SHOT values (3697, 3669, 3673, 5565, 1.78, 173.63, -81.83, 1.78, 175.43, -81.89, 0.01, 276.91, -7.30);
insert into SHOT values (3698, 3669, 3674, 5565, 5.57, 118.45, 25.33, 5.56, 118.50, 25.32, 0.01, 260.81, -25.03);
insert into SHOT values (3699, 3674, 3675, 5565, 1.90, 41.91, 16.83, 1.90, 42.10, 17.11, 0.01, 156.86, 52.07);
insert into SHOT values (3700, 3674, 3676, 5565, 0.64, 212.92, -25.07, 0.64, 212.32, -24.97, 0.01, 107.10, 17.83);
insert into SHOT values (3701, 3674, 3677, 5565, 3.25, 96.92, 80.02, 3.26, 97.13, 80.03, 0.01, 175.12, 68.50);
insert into SHOT values (3702, 3674, 3678, 5565, 0.96, 318.81, -86.20, 0.96, 321.34, -86.18, 0.00, 44.49, -2.32);
insert into SCRAPS values (5566, 5563, 'helic_s1', 1, 0.19716, 0.04326);
 insert into MAPS values (5589, 5563, 'helicPlan', NULL, 1, 29.164, 11.850);
 insert into MAPITEMS values (5589, 4, 5566);
 insert into SURVEY values (5591, 68, 'squeezy_bypass', 'squeezy_bypass.clearwater_master', NULL);
 insert into CENTRELINE values (5592, 5591, NULL, NULL, NULL, 0.00, 0.00, 0.00);
 insert into CENTRELINE values (5593, 5591, NULL, '2014-05-01', NULL, 92.20, 0.00, 0.00);
 insert into TOPO values (13, 5593);
 insert into TOPO values (9, 5593);
 insert into SHOT values (3703, 3679, 3680, 5593, 12.83, 345.00, -36.00, 12.86, 345.35, -35.73, 0.09, 32.13, 19.70);
insert into SHOT values (3704, 3680, 3681, 5593, 12.50, 262.00, -34.00, 12.48, 262.48, -34.33, 0.11, 24.54, -26.29);
insert into SHOT values (3705, 3681, 3682, 5593, 10.30, 353.60, -28.00, 10.34, 353.85, -27.80, 0.06, 32.82, 14.03);
insert into SHOT values (3706, 3682, 3683, 5593, 11.60, 225.30, -13.10, 11.56, 225.47, -13.35, 0.07, 10.62, -35.14);
insert into SHOT values (3707, 3683, 3684, 5593, 5.70, 218.00, -11.00, 5.66, 218.13, -11.10, 0.04, 20.71, -3.27);
insert into SHOT values (3708, 3684, 3685, 5593, 6.17, 192.00, -16.00, 6.14, 191.94, -16.17, 0.04, 22.69, -15.32);
insert into SHOT values (3709, 3685, 3686, 5593, 27.56, 119.00, -82.40, 27.57, 118.56, -82.50, 0.06, 329.30, -12.45);
insert into SHOT values (3710, 3686, 3687, 5593, 5.54, 296.00, 19.00, 5.55, 296.37, 18.94, 0.03, 13.40, -6.00);
insert into SURVEY values (5595, 68, 'and_finally', 'and_finally.clearwater_master', NULL);
 insert into CENTRELINE values (5596, 5595, NULL, NULL, NULL, 0.00, 0.00, 0.00);
 insert into CENTRELINE values (5597, 5595, NULL, '2011-07-06', NULL, 248.01, 0.00, 0.00);
 insert into SHOT values (3711, 3688, 3689, 5597, 13.65, 92.93, 4.71, 13.65, 92.95, 4.71, 0.01, 147.77, -9.63);
insert into SHOT values (3712, 3688, 3690, 5597, 11.41, 248.37, 11.70, 11.41, 248.37, 11.68, 0.00, 248.03, -62.81);
insert into SHOT values (3713, 3688, 3691, 5597, 7.34, 162.89, 71.13, 7.34, 162.86, 71.10, 0.00, 138.10, -43.78);
insert into SHOT values (3714, 3688, 3692, 5597, 0.64, 49.82, -68.30, 0.63, 50.19, -68.34, 0.00, 178.51, 43.44);
insert into SHOT values (3715, 3688, 3693, 5597, 32.22, 117.31, 9.13, 32.23, 117.31, 9.12, 0.01, 148.32, -33.09);
insert into SHOT values (3716, 3693, 3694, 5597, 6.59, 354.86, 1.22, 6.60, 354.87, 1.22, 0.00, 8.80, -5.57);
insert into SHOT values (3717, 3693, 3695, 5597, 4.37, 179.18, 24.76, 4.37, 179.13, 24.75, 0.00, 123.70, -3.50);
insert into SHOT values (3718, 3693, 3696, 5597, 6.82, 70.07, 71.19, 6.82, 70.08, 71.15, 0.00, 76.97, -13.35);
insert into SHOT values (3719, 3693, 3697, 5597, 0.87, 75.84, -58.48, 0.87, 75.96, -58.50, 0.00, 179.96, -3.78);
insert into SHOT values (3720, 3693, 3698, 5597, 16.85, 306.49, -8.08, 16.85, 306.49, -8.09, 0.01, 120.10, -12.76);
insert into SHOT values (3721, 3693, 3699, 5597, 15.03, 245.18, -5.08, 15.03, 245.16, -5.08, 0.00, 156.57, 15.57);
insert into SHOT values (3722, 3693, 3700, 5597, 39.76, 286.52, -4.62, 39.76, 286.52, -4.62, 0.00, 47.68, 40.29);
insert into SHOT values (3723, 3693, 3701, 5597, 31.64, 60.67, 24.65, 31.64, 60.68, 24.66, 0.01, 148.52, 46.64);
insert into SHOT values (3724, 3701, 3702, 5597, 4.19, 311.80, 50.62, 4.19, 311.96, 50.59, 0.01, 12.31, 9.04);
insert into SHOT values (3725, 3701, 3703, 5597, 13.06, 154.32, -15.80, 13.05, 154.33, -15.83, 0.01, 317.51, -19.90);
insert into SHOT values (3726, 3701, 3704, 5597, 6.60, 129.21, 86.77, 6.59, 128.42, 86.78, 0.01, 22.38, -45.93);
insert into SHOT values (3727, 3701, 3705, 5597, 0.79, 80.23, -56.98, 0.79, 79.22, -57.46, 0.01, 328.53, -43.02);
insert into SHOT values (3728, 3701, 3706, 5597, 15.90, 78.33, 57.86, 15.90, 78.26, 57.86, 0.01, 325.68, -32.84);
insert into SHOT values (3729, 3701, 3707, 5597, 12.39, 123.28, -22.66, 12.39, 123.26, -22.69, 0.01, 359.93, -49.55);
insert into SHOT values (3730, 3707, 3708, 5597, 6.74, 1.73, 16.53, 6.74, 1.68, 16.55, 0.01, 286.52, 23.99);
insert into SHOT values (3731, 3707, 3709, 5597, 7.59, 157.42, -9.18, 7.59, 157.47, -9.17, 0.01, 257.35, 6.99);
insert into SHOT values (3732, 3707, 3710, 5597, 6.83, 48.23, 80.38, 6.84, 48.20, 80.40, 0.01, 255.78, 77.77);
insert into SHOT values (3733, 3707, 3711, 5597, 1.31, 86.33, -49.03, 1.31, 86.63, -49.30, 0.01, 235.18, -5.77);
insert into SHOT values (3734, 3707, 3712, 5597, 16.14, 51.61, 17.12, 16.14, 51.61, 17.12, 0.00, 358.88, -49.98);
insert into SHOT values (3735, 3707, 3713, 5597, 23.02, 82.70, -9.57, 23.01, 82.71, -9.56, 0.01, 232.56, 45.10);
insert into SHOT values (3736, 3707, 3714, 5597, 7.06, 122.62, 30.12, 7.06, 122.62, 30.19, 0.01, 298.93, 61.08);
insert into SHOT values (3737, 3707, 3715, 5597, 11.13, 355.97, 50.23, 11.13, 355.97, 50.26, 0.01, 170.75, 65.82);
insert into SHOT values (3738, 3707, 3716, 5597, 16.61, 56.82, -27.84, 16.61, 56.81, -27.82, 0.01, 305.44, 63.94);
insert into SHOT values (3739, 3707, 3717, 5597, 32.19, 97.53, -29.26, 32.19, 97.53, -29.26, 0.00, 280.32, 78.50);
insert into SHOT values (3740, 3707, 3718, 5597, 10.54, 96.91, -28.93, 10.54, 96.91, -28.93, 0.00, 279.73, 26.50);
insert into SHOT values (3741, 3718, 3719, 5597, 11.05, 351.86, 7.13, 11.05, 351.87, 7.12, 0.01, 152.50, -16.22);
insert into SHOT values (3742, 3718, 3720, 5597, 5.03, 151.24, 31.83, 5.03, 151.22, 31.77, 0.01, 133.44, -28.33);
insert into SHOT values (3743, 3718, 3721, 5597, 8.07, 326.69, 79.54, 8.07, 326.42, 79.55, 0.01, 230.88, 30.49);
insert into SHOT values (3744, 3718, 3722, 5597, 6.51, 84.58, -50.88, 6.51, 84.55, -50.87, 0.00, 23.98, 15.83);
insert into SHOT values (3745, 3718, 3723, 5597, 16.68, 93.89, -30.64, 16.68, 93.88, -30.63, 0.00, 37.03, 4.15);
insert into SHOT values (3746, 3723, 3724, 5597, 2.41, 76.41, -6.26, 2.41, 76.49, -6.19, 0.00, 153.60, 40.66);
insert into SHOT values (3747, 3723, 3725, 5597, 6.46, 187.72, -24.74, 6.46, 187.73, -24.69, 0.01, 196.99, 28.88);
insert into SHOT values (3748, 3723, 3726, 5597, 3.02, 215.75, 77.30, 3.02, 215.84, 77.28, 0.00, 240.89, 58.31);
insert into SHOT values (3749, 3723, 3727, 5597, 1.39, 154.32, -62.62, 1.39, 155.04, -62.52, 0.01, 240.97, 28.12);
insert into SHOT values (3750, 3723, 3728, 5597, 28.26, 313.84, 53.67, 28.26, 313.81, 53.68, 0.01, 213.27, 22.74);
insert into SHOT values (3751, 3723, 3729, 5597, 17.93, 12.86, 43.35, 17.93, 12.85, 43.36, 0.00, 238.13, 40.06);
insert into SHOT values (3752, 3723, 3730, 5597, 11.04, 112.93, -37.04, 11.04, 112.99, -37.05, 0.01, 216.80, -2.70);
insert into SHOT values (3753, 3730, 3731, 5597, 4.15, 2.80, 5.25, 4.15, 2.77, 5.25, 0.00, 321.32, 5.11);
insert into SHOT values (3754, 3730, 3732, 5597, 6.67, 190.77, -11.05, 6.67, 190.74, -11.07, 0.00, 72.67, -24.75);
insert into SHOT values (3755, 3730, 3733, 5597, 1.87, 190.63, 78.29, 1.87, 190.71, 78.37, 0.00, 0.20, -19.69);
insert into SHOT values (3756, 3730, 3734, 5597, 1.32, 137.09, -70.23, 1.32, 135.91, -70.24, 0.01, 40.60, 13.37);
insert into SHOT values (3757, 3730, 3735, 5597, 14.41, 100.31, -11.52, 14.41, 100.28, -11.53, 0.01, 346.22, -16.69);
insert into SHOT values (3758, 3735, 3736, 5597, 8.02, 22.80, -6.77, 8.02, 22.83, -6.73, 0.01, 115.27, 52.30);
insert into SHOT values (3759, 3735, 3737, 5597, 3.32, 183.66, -13.39, 3.32, 183.54, -13.22, 0.01, 137.92, 43.82);
insert into SHOT values (3760, 3735, 3738, 5597, 0.80, 105.01, 72.29, 0.81, 106.26, 72.01, 0.01, 144.66, 42.79);
insert into SHOT values (3761, 3735, 3739, 5597, 1.44, 137.81, -74.28, 1.44, 137.05, -73.98, 0.01, 96.65, 37.39);
insert into SHOT values (3762, 3735, 3740, 5597, 20.33, 86.60, -27.73, 20.34, 86.62, -27.72, 0.01, 146.75, 3.87);
insert into SHOT values (3763, 3740, 3741, 5597, 4.07, 345.25, 5.92, 4.07, 345.28, 5.92, 0.01, 7.83, 2.45);
insert into SHOT values (3764, 3740, 3742, 5597, 5.73, 149.98, -21.93, 5.73, 149.96, -21.94, 0.00, 16.79, 0.08);
insert into SHOT values (3765, 3740, 3743, 5597, 1.58, 80.99, 81.63, 1.59, 80.13, 81.54, 0.01, 35.55, 54.38);
insert into SHOT values (3766, 3740, 3744, 5597, 1.11, 80.03, -44.93, 1.10, 79.70, -44.90, 0.01, 314.75, 35.04);
insert into SHOT values (3767, 3740, 3745, 5597, 8.59, 92.48, 1.93, 8.58, 92.47, 1.94, 0.00, 292.98, 13.99);
insert into SHOT values (3768, 3745, 3746, 5597, 1.89, 6.58, 17.87, 1.89, 6.69, 17.84, 0.00, 51.94, 0.44);
insert into SHOT values (3769, 3745, 3747, 5597, 1.80, 153.75, -15.54, 1.80, 153.58, -15.50, 0.01, 29.12, 20.07);
insert into SHOT values (3770, 3745, 3748, 5597, 1.98, 83.81, 73.96, 1.99, 83.77, 73.85, 0.01, 80.60, 48.89);
insert into SHOT values (3771, 3745, 3749, 5597, 2.39, 112.52, -68.33, 2.39, 112.52, -68.21, 0.01, 112.62, 11.92);
insert into SHOT values (3772, 3745, 3750, 5597, 5.38, 108.35, -39.11, 5.37, 108.30, -39.10, 0.01, 331.82, 38.10);
insert into SHOT values (3773, 3750, 3751, 5597, 1.27, 180.19, 14.31, 1.27, 180.00, 14.15, 0.01, 81.79, -43.43);
insert into SHOT values (3774, 3750, 3752, 5597, 1.27, 180.96, 9.15, 1.28, 180.91, 9.02, 0.01, 170.97, -16.95);
insert into SHOT values (3775, 3750, 3753, 5597, 7.21, 281.24, 62.45, 7.21, 281.24, 62.45, 0.00, 94.66, -68.93);
insert into SHOT values (3776, 3750, 3754, 5597, 0.74, 241.40, -37.03, 0.75, 240.85, -37.08, 0.01, 185.23, -28.65);
insert into SHOT values (3777, 3755, 3750, 5597, 8.26, 264.69, 1.17, 8.27, 264.72, 1.18, 0.01, 297.05, 8.45);
insert into SHOT values (3778, 3755, 3756, 5597, 2.91, 358.21, 0.69, 2.91, 358.03, 0.79, 0.01, 273.98, 28.52);
insert into SHOT values (3779, 3755, 3757, 5597, 1.16, 160.75, 7.93, 1.15, 161.09, 7.98, 0.01, 298.00, -0.21);
insert into SHOT values (3780, 3755, 3758, 5597, 4.63, 12.74, 70.79, 4.63, 12.49, 70.75, 0.01, 304.48, -16.91);
insert into SHOT values (3781, 3755, 3759, 5597, 1.12, 43.24, -79.34, 1.12, 43.03, -79.43, 0.00, 244.32, 17.41);
insert into SHOT values (3782, 3755, 3760, 5597, 17.44, 317.61, 77.79, 17.45, 317.63, 77.77, 0.01, 330.13, 34.04);
insert into SHOT values (3783, 3755, 3761, 5597, 12.97, 69.96, 74.61, 12.97, 69.93, 74.63, 0.01, 277.46, 53.90);
insert into SHOT values (3784, 3755, 3762, 5597, 7.32, 90.71, 48.27, 7.32, 90.71, 48.27, 0.00, 280.78, -54.74);
insert into SHOT values (3785, 3755, 3763, 5597, 6.33, 92.96, 9.57, 6.33, 92.94, 9.55, 0.01, 297.50, -26.31);
insert into SHOT values (3786, 3755, 3764, 5597, 17.63, 74.03, 3.68, 17.63, 74.03, 3.68, 0.00, 262.49, -18.48);
insert into SHOT values (3787, 3755, 3765, 5597, 6.80, 58.08, -42.32, 6.80, 58.02, -42.36, 0.01, 278.20, -7.43);
insert into SHOT values (3788, 3755, 3766, 5597, 13.05, 67.49, -1.23, 13.05, 67.46, -1.23, 0.01, 329.36, 1.27);
insert into SHOT values (3789, 3766, 3767, 5597, 4.32, 326.71, 0.32, 4.32, 326.71, 0.27, 0.00, 133.25, -69.71);
insert into SHOT values (3790, 3766, 3768, 5597, 6.26, 157.15, -1.79, 6.26, 157.16, -1.83, 0.01, 175.74, -47.54);
insert into SHOT values (3791, 3766, 3769, 5597, 6.17, 339.62, 86.37, 6.17, 338.75, 86.41, 0.01, 212.62, 17.94);
insert into SHOT values (3792, 3766, 3770, 5597, 1.02, 332.92, -54.12, 1.02, 333.00, -54.37, 0.01, 133.03, -59.49);
insert into SHOT values (3793, 3766, 3771, 5597, 17.91, 68.12, 39.17, 17.90, 68.13, 39.18, 0.01, 227.87, -19.48);
insert into SHOT values (3794, 3771, 3772, 5597, 7.41, 318.23, -7.20, 7.40, 318.26, -7.22, 0.01, 115.38, -7.57);
insert into SHOT values (3795, 3771, 3773, 5597, 0.99, 136.03, 37.15, 0.99, 136.02, 37.14, 0.00, 134.19, 35.43);
insert into SHOT values (3796, 3771, 3774, 5597, 1.99, 13.48, 72.56, 1.99, 13.57, 72.57, 0.00, 89.19, 56.67);
insert into SHOT values (3797, 3771, 3775, 5597, 0.99, 342.78, -79.59, 0.99, 343.61, -79.65, 0.00, 106.31, 50.25);
insert into SHOT values (3798, 3771, 3776, 5597, 7.70, 73.71, 27.45, 7.71, 73.71, 27.41, 0.01, 73.45, -5.59);
insert into SHOT values (3799, 3776, 3777, 5597, 2.83, 342.88, 14.87, 2.83, 342.76, 14.96, 0.01, 230.12, 30.81);
insert into SHOT values (3800, 3776, 3778, 5597, 1.20, 132.74, -1.10, 1.20, 132.98, -0.95, 0.01, 191.48, 27.39);
insert into SHOT values (3801, 3776, 3779, 5597, 1.91, 102.76, 83.47, 1.91, 103.39, 83.52, 0.00, 222.38, 41.10);
insert into SHOT values (3802, 3776, 3780, 5597, 1.49, 110.44, -76.67, 1.49, 110.56, -76.74, 0.00, 269.12, -4.30);
insert into SHOT values (3803, 3776, 3781, 5597, 6.21, 36.98, -25.43, 6.21, 36.95, -25.38, 0.01, 315.14, 62.30);
insert into SHOT values (3804, 3781, 3782, 5597, 2.90, 346.19, -11.56, 2.90, 346.16, -11.53, 0.00, 297.94, 29.24);
insert into SHOT values (3805, 3781, 3783, 5597, 1.03, 111.48, -24.93, 1.04, 111.91, -25.14, 0.01, 173.96, -36.06);
insert into SHOT values (3806, 3781, 3784, 5597, 0.67, 2.60, 53.77, 0.67, 2.94, 54.13, 0.01, 161.96, -11.01);
insert into SHOT values (3807, 3781, 3785, 5597, 0.62, 338.85, -66.57, 0.62, 338.63, -66.57, 0.00, 274.19, -46.81);
insert into SHOT values (3808, 3781, 3786, 5597, 12.70, 329.92, 75.21, 12.70, 329.79, 75.22, 0.01, 223.19, 5.98);
insert into SHOT values (3809, 3781, 3787, 5597, 3.52, 44.36, -33.66, 3.52, 44.45, -33.67, 0.01, 176.17, 19.65);
insert into SHOT values (3810, 3787, 3788, 5597, 12.24, 343.39, 72.99, 12.24, 343.29, 72.98, 0.01, 268.82, -6.06);
insert into SHOT values (3811, 3787, 3789, 5597, 7.90, 343.58, 70.95, 7.90, 343.60, 70.89, 0.01, 350.82, -52.23);
insert into SHOT values (3812, 3787, 3790, 5597, 0.47, 359.32, -26.13, 0.47, 358.64, -26.56, 0.01, 248.81, -29.33);
insert into SCRAPS values (5598, 5595, 'and_finally_s1', 1, 38.34666, 2.11228);
 insert into SCRAPS values (5624, 5595, 'and_finally_s2', 1, 0.41463, 0.01519);
 insert into SCRAPS values (5668, 5595, 'and_finally_s3', 1, 0.00000, 0.00000);
 insert into SCRAPS values (5677, 5595, 'and_finally_s4', 1, 0.01194, 0.00004);
 insert into SCRAPS values (5686, 5595, 'and_finally_ext_s1', 3, 0.06309, 0.00881);
 insert into SCRAPS values (5719, 5595, 'and_finally_ext_s2', 3, 0.05108, 0.01899);
 insert into SCRAPS values (5732, 5595, 'and_finally_ext_s3', 3, 0.01387, 0.00272);
 insert into MAPS values (5741, 5595, 'andFinallyPlan', NULL, 1, 248.012, 54.380);
 insert into MAPITEMS values (5741, 4, 5598);
 insert into MAPITEMS values (5741, 4, 5624);
 insert into MAPITEMS values (5741, 4, 5668);
 insert into MAPITEMS values (5741, 4, 5677);
 insert into MAPS values (5742, 5595, 'andFinallyExt', NULL, 3, 248.012, 54.380);
 insert into MAPITEMS values (5742, 4, 5686);
 insert into MAPITEMS values (5742, 4, 5719);
 insert into MAPITEMS values (5742, 4, 5732);
 insert into MAPS values (5743, 5595, 'and_finally_m', NULL, 1, 248.012, 54.380);
 insert into MAPITEMS values (5743, 4, 5598);
 insert into MAPITEMS values (5743, 4, 5624);
 insert into MAPITEMS values (5743, 4, 5668);
 insert into MAPITEMS values (5743, 4, 5677);
 insert into SURVEY values (5745, 68, 'creedence', 'creedence.clearwater_master', NULL);
 insert into CENTRELINE values (5746, 5745, NULL, NULL, NULL, 0.00, 0.00, 0.00);
 insert into CENTRELINE values (5747, 5745, NULL, '2011-07-06', NULL, 1255.97, 0.00, 0.00);
 insert into TOPO values (8, 5747);
 insert into TOPO values (9, 5747);
 insert into TOPO values (10, 5747);
 insert into SHOT values (3813, 3791, 3792, 5747, 6.01, 276.25, 6.65, 6.02, 276.24, 6.59, 0.01, 265.89, -64.93);
insert into SHOT values (3814, 3791, 3793, 5747, 14.08, 71.18, 22.38, 14.08, 71.18, 22.38, 0.01, 261.26, -18.70);
insert into SHOT values (3815, 3791, 3794, 5747, 7.71, 141.02, 87.09, 7.70, 141.34, 87.14, 0.01, 304.04, -39.51);
insert into SHOT values (3816, 3791, 3795, 5747, 1.09, 120.96, -71.60, 1.09, 120.38, -72.09, 0.01, 324.24, -33.58);
insert into SHOT values (3817, 3791, 3796, 5747, 3.41, 31.79, 19.85, 3.41, 31.76, 19.86, 0.00, 356.63, 30.72);
insert into SHOT values (3818, 3796, 3797, 5747, 6.70, 274.24, -3.17, 6.70, 274.29, -3.17, 0.01, 344.59, 3.29);
insert into SHOT values (3819, 3796, 3798, 5747, 12.11, 83.46, 25.87, 12.10, 83.46, 25.86, 0.00, 254.95, -42.25);
insert into SHOT values (3820, 3796, 3799, 5747, 6.66, 1.82, 83.76, 6.65, 1.59, 83.78, 0.01, 221.99, -62.46);
insert into SHOT values (3821, 3796, 3800, 5747, 0.46, 14.68, -45.56, 0.46, 14.47, -45.87, 0.00, 214.12, -2.27);
insert into SHOT values (3822, 3796, 3801, 5747, 9.32, 52.45, 21.10, 9.32, 52.43, 21.08, 0.01, 293.69, -56.22);
insert into SHOT values (3823, 3801, 3802, 5747, 16.32, 301.00, -9.74, 16.33, 301.01, -9.73, 0.00, 358.13, 19.39);
insert into SHOT values (3824, 3801, 3803, 5747, 4.76, 110.95, 22.91, 4.76, 111.00, 22.89, 0.00, 198.77, -20.62);
insert into SHOT values (3825, 3801, 3804, 5747, 3.92, 354.23, 65.54, 3.91, 354.32, 65.56, 0.01, 133.54, -41.53);
insert into SHOT values (3826, 3801, 3805, 5747, 0.97, 55.29, -42.11, 0.97, 55.20, -42.14, 0.00, 265.20, 27.16);
insert into SHOT values (3827, 3801, 3806, 5747, 7.29, 43.20, 3.75, 7.29, 43.22, 3.78, 0.00, 128.38, 56.98);
insert into SHOT values (3828, 3806, 3807, 5747, 15.61, 325.70, -5.89, 15.61, 325.71, -5.88, 0.00, 22.27, 44.60);
insert into SHOT values (3829, 3806, 3808, 5747, 6.83, 128.28, 32.91, 6.83, 128.27, 32.91, 0.00, 52.84, 34.60);
insert into SHOT values (3830, 3806, 3809, 5747, 6.61, 70.82, 75.35, 6.61, 70.81, 75.33, 0.00, 61.16, -28.42);
insert into SHOT values (3831, 3806, 3810, 5747, 1.30, 24.75, -64.85, 1.30, 24.70, -65.00, 0.01, 224.49, -75.01);
insert into SHOT values (3832, 3806, 3811, 5747, 13.04, 51.68, -3.77, 13.04, 51.68, -3.78, 0.01, 43.16, -31.57);
insert into SHOT values (3833, 3811, 3812, 5747, 1.96, 84.67, -61.85, 1.96, 85.03, -61.91, 0.01, 191.08, -8.97);
insert into SHOT values (3834, 3811, 3813, 5747, 11.08, 324.48, 0.94, 11.08, 324.47, 0.93, 0.00, 301.18, -33.10);
insert into SHOT values (3835, 3811, 3814, 5747, 10.65, 185.18, 19.14, 10.65, 185.19, 19.13, 0.00, 306.17, -49.49);
insert into SHOT values (3836, 3811, 3815, 5747, 9.16, 246.81, 76.63, 9.16, 246.70, 76.60, 0.01, 205.52, -22.78);
insert into SHOT values (3837, 3811, 3816, 5747, 0.89, 149.30, -80.42, 0.89, 151.70, -80.48, 0.01, 250.86, 13.65);
insert into SHOT values (3838, 3811, 3817, 5747, 27.98, 155.08, 49.96, 27.98, 155.09, 49.97, 0.00, 294.17, 36.37);
insert into SHOT values (3839, 3811, 3818, 5747, 18.32, 118.58, 44.10, 18.32, 118.57, 44.11, 0.00, 4.29, 65.77);
insert into SHOT values (3840, 3811, 3819, 5747, 2.84, 133.11, -19.01, 2.84, 133.19, -18.89, 0.01, 182.83, 45.48);
insert into SHOT values (3841, 3811, 3820, 5747, 6.43, 67.91, -20.66, 6.43, 67.92, -20.69, 0.01, 242.86, -8.89);
insert into SHOT values (3842, 3811, 3821, 5747, 13.19, 66.36, 14.76, 13.18, 66.37, 14.76, 0.01, 231.24, -7.48);
insert into SHOT values (3843, 3811, 3822, 5747, 9.77, 64.32, 53.29, 9.77, 64.31, 53.30, 0.01, 253.28, -40.56);
insert into SHOT values (3844, 3811, 3823, 5747, 13.29, 34.30, 15.43, 13.29, 34.31, 15.45, 0.01, 167.73, 51.69);
insert into SHOT values (3845, 3811, 3824, 5747, 11.46, 328.39, -14.07, 11.47, 328.38, -14.08, 0.00, 285.41, -56.35);
insert into SHOT values (3846, 3811, 3825, 5747, 11.20, 345.36, 29.00, 11.19, 345.32, 29.02, 0.01, 229.53, 17.30);
insert into SHOT values (3847, 3811, 3826, 5747, 35.38, 338.33, 0.26, 35.37, 338.32, 0.26, 0.01, 238.83, -3.41);
insert into SHOT values (3848, 3811, 3827, 5747, 17.40, 75.46, 15.47, 17.40, 75.46, 15.47, 0.00, 267.57, -24.88);
insert into SHOT values (3849, 3827, 3828, 5747, 0.37, 3.24, 4.77, 0.37, 3.09, 4.63, 0.00, 222.15, -34.10);
insert into SHOT values (3850, 3827, 3829, 5747, 12.92, 168.11, 10.50, 12.93, 168.11, 10.52, 0.01, 162.37, 35.13);
insert into SHOT values (3851, 3827, 3830, 5747, 5.55, 139.57, 81.36, 5.55, 139.84, 81.33, 0.01, 189.95, 10.95);
insert into SHOT values (3852, 3827, 3831, 5747, 1.54, 108.81, -73.54, 1.54, 108.85, -73.68, 0.00, 284.10, -3.39);
insert into SHOT values (3853, 3827, 3832, 5747, 13.38, 99.12, -4.23, 13.39, 99.14, -4.24, 0.01, 164.79, -31.60);
insert into SHOT values (3854, 3832, 3833, 5747, 3.84, 341.26, 10.82, 3.84, 341.28, 10.96, 0.01, 135.29, 74.69);
insert into SHOT values (3855, 3832, 3834, 5747, 8.32, 169.01, 23.52, 8.32, 169.04, 23.58, 0.01, 287.95, 59.15);
insert into SHOT values (3856, 3832, 3835, 5747, 7.37, 282.54, 74.24, 7.38, 282.65, 74.20, 0.01, 316.15, 24.21);
insert into SHOT values (3857, 3832, 3836, 5747, 0.95, 53.86, -83.32, 0.95, 52.13, -83.08, 0.01, 11.65, 6.34);
insert into SHOT values (3858, 3832, 3837, 5747, 26.00, 67.62, -1.69, 26.00, 67.61, -1.68, 0.01, 14.70, 47.15);
insert into SHOT values (3859, 3837, 3838, 5747, 4.83, 356.68, 31.28, 4.83, 356.67, 31.31, 0.00, 223.77, 57.80);
insert into SHOT values (3860, 3837, 3839, 5747, 6.01, 162.75, 3.06, 6.01, 162.74, 3.05, 0.00, 138.54, -19.89);
insert into SHOT values (3861, 3837, 3840, 5747, 8.18, 81.52, 77.60, 8.18, 81.45, 77.65, 0.01, 278.54, 21.66);
insert into SHOT values (3862, 3837, 3841, 5747, 5.24, 141.19, -41.70, 5.24, 141.23, -41.74, 0.00, 283.89, -20.78);
insert into SHOT values (3863, 3837, 3842, 5747, 18.42, 94.86, 5.15, 18.42, 94.88, 5.14, 0.01, 167.31, -29.35);
insert into SHOT values (3864, 3842, 3843, 5747, 12.23, 6.82, 4.15, 12.24, 6.78, 4.17, 0.01, 306.18, 23.87);
insert into SHOT values (3865, 3842, 3844, 5747, 0.54, 145.03, 14.04, 0.53, 145.38, 14.29, 0.01, 307.25, -0.19);
insert into SHOT values (3866, 3842, 3845, 5747, 6.66, 23.31, 45.87, 6.66, 23.25, 45.87, 0.01, 257.67, -26.87);
insert into SHOT values (3867, 3842, 3846, 5747, 10.44, 37.70, -35.58, 10.44, 37.68, -35.56, 0.00, 354.51, 25.23);
insert into SHOT values (3868, 3842, 3847, 5747, 23.83, 68.25, -9.71, 23.83, 68.23, -9.71, 0.01, 298.65, -1.60);
insert into SHOT values (3869, 3847, 3848, 5747, 13.23, 342.03, 38.84, 13.23, 342.08, 38.86, 0.01, 89.59, 28.97);
insert into SHOT values (3870, 3847, 3849, 5747, 5.65, 145.97, 22.31, 5.66, 145.98, 22.32, 0.01, 150.79, 31.18);
insert into SHOT values (3871, 3847, 3850, 5747, 12.60, 28.39, 76.69, 12.60, 28.42, 76.69, 0.00, 166.52, -55.89);
insert into SHOT values (3872, 3847, 3851, 5747, 2.42, 72.72, -51.38, 2.42, 73.01, -51.46, 0.01, 179.20, -16.67);
insert into SHOT values (3873, 3847, 3852, 5747, 31.68, 59.58, 8.72, 31.67, 59.59, 8.72, 0.00, 156.51, -35.01);
insert into SHOT values (3874, 3852, 3853, 5747, 6.74, 337.36, 3.12, 6.74, 337.36, 3.15, 0.00, 344.57, 82.11);
insert into SHOT values (3875, 3852, 3854, 5747, 5.13, 154.53, 24.49, 5.14, 154.53, 24.50, 0.00, 156.66, 35.85);
insert into SHOT values (3876, 3852, 3855, 5747, 6.05, 30.24, 73.64, 6.05, 30.33, 73.66, 0.01, 130.24, 68.65);
insert into SHOT values (3877, 3852, 3856, 5747, 0.90, 49.29, -59.14, 0.90, 49.40, -59.09, 0.01, 207.70, 65.25);
insert into SHOT values (3878, 3852, 3857, 5747, 15.35, 26.23, -7.93, 15.34, 26.24, -7.90, 0.01, 159.66, 53.77);
insert into SHOT values (3879, 3857, 3858, 5747, 3.66, 304.68, 20.96, 3.66, 304.76, 20.96, 0.01, 358.53, 10.86);
insert into SHOT values (3880, 3857, 3859, 5747, 9.16, 142.86, 10.74, 9.16, 142.81, 10.70, 0.01, 23.15, -42.26);
insert into SHOT values (3881, 3857, 3860, 5747, 10.30, 57.45, 78.23, 10.30, 57.22, 78.20, 0.01, 348.32, -42.12);
insert into SHOT values (3882, 3857, 3861, 5747, 1.23, 45.76, -74.95, 1.23, 45.00, -74.71, 0.01, 8.13, -9.82);
insert into SHOT values (3883, 3857, 3862, 5747, 19.17, 57.35, 9.02, 19.17, 57.33, 9.00, 0.01, 15.49, -31.15);
insert into SHOT values (3884, 3862, 3863, 5747, 0.97, 350.86, 19.15, 0.97, 350.54, 19.33, 0.01, 212.31, 8.38);
insert into SHOT values (3885, 3862, 3864, 5747, 10.40, 166.94, 2.64, 10.41, 166.94, 2.64, 0.01, 166.05, 6.24);
insert into SHOT values (3886, 3862, 3865, 5747, 10.59, 183.37, 64.81, 10.59, 183.43, 64.80, 0.01, 243.39, 15.65);
insert into SHOT values (3887, 3862, 3866, 5747, 10.46, 171.25, -49.01, 10.47, 171.29, -48.99, 0.01, 213.34, -11.48);
insert into SHOT values (3888, 3862, 3867, 5747, 9.31, 278.00, -1.51, 9.31, 277.96, -1.48, 0.01, 198.27, 42.76);
insert into SHOT values (3889, 3862, 3868, 5747, 34.91, 87.78, -3.43, 34.91, 87.78, -3.43, 0.00, 84.00, -30.81);
insert into SHOT values (3890, 3868, 3869, 5747, 5.64, 342.00, 4.04, 5.64, 341.98, 4.07, 0.00, 301.22, 48.73);
insert into SHOT values (3891, 3868, 3870, 5747, 2.09, 164.74, 17.19, 2.09, 164.92, 17.23, 0.01, 221.82, 21.16);
insert into SHOT values (3892, 3868, 3871, 5747, 20.24, 7.13, 85.16, 20.24, 7.08, 85.17, 0.01, 202.72, -8.99);
insert into SHOT values (3893, 3868, 3872, 5747, 1.59, 30.99, -55.12, 1.59, 31.07, -54.99, 0.01, 134.59, 78.92);
insert into SHOT values (3894, 3868, 3873, 5747, 31.24, 73.28, 0.58, 31.23, 73.29, 0.59, 0.01, 224.62, 21.45);
insert into SHOT values (3895, 3873, 3874, 5747, 10.46, 357.09, 14.65, 10.46, 357.11, 14.62, 0.01, 42.28, -43.44);
insert into SHOT values (3896, 3873, 3875, 5747, 4.83, 196.63, 2.63, 4.83, 196.63, 2.61, 0.01, 16.07, -12.76);
insert into SHOT values (3897, 3873, 3876, 5747, 7.97, 54.22, 78.99, 7.97, 54.33, 78.96, 0.01, 88.16, -23.59);
insert into SHOT values (3898, 3873, 3877, 5747, 1.72, 200.52, -50.01, 1.72, 200.25, -50.25, 0.01, 60.16, -24.83);
insert into SHOT values (3899, 3873, 3878, 5747, 17.17, 46.15, 2.86, 17.18, 46.13, 2.87, 0.01, 2.36, 23.39);
insert into SHOT values (3900, 3873, 3879, 5747, 23.57, 84.56, -42.38, 23.58, 84.56, -42.37, 0.00, 101.16, -0.91);
insert into SHOT values (3901, 3873, 3880, 5747, 14.33, 104.92, 13.65, 14.33, 104.89, 13.64, 0.01, 4.16, -22.90);
insert into SHOT values (3902, 3873, 3881, 5747, 19.64, 82.14, 42.67, 19.64, 82.12, 42.66, 0.01, 23.27, -38.91);
insert into SHOT values (3903, 3873, 3882, 5747, 34.90, 80.68, 8.64, 34.90, 80.68, 8.63, 0.00, 347.07, -59.46);
insert into SHOT values (3904, 3873, 3883, 5747, 33.12, 66.70, 6.80, 33.13, 66.70, 6.80, 0.01, 70.72, -12.70);
insert into SHOT values (3905, 3873, 3884, 5747, 25.10, 67.89, -13.41, 25.11, 67.90, -13.40, 0.01, 96.51, 14.37);
insert into SHOT values (3906, 3873, 3885, 5747, 30.65, 80.89, -12.23, 30.65, 80.88, -12.22, 0.01, 42.63, 10.22);
insert into SHOT values (3907, 3873, 3886, 5747, 22.11, 70.07, -30.44, 22.11, 70.06, -30.44, 0.00, 2.27, 26.08);
insert into SHOT values (3908, 3873, 3887, 5747, 11.68, 58.25, -18.87, 11.68, 58.24, -18.88, 0.01, 32.67, -26.73);
insert into SHOT values (3909, 3873, 3888, 5747, 9.80, 55.53, 57.61, 9.80, 55.55, 57.59, 0.00, 89.41, -27.01);
insert into SHOT values (3910, 3873, 3889, 5747, 9.97, 9.29, -43.70, 9.98, 9.33, -43.68, 0.01, 50.25, -3.71);
insert into SHOT values (3911, 3873, 3890, 5747, 56.58, 69.60, 7.81, 56.58, 69.60, 7.81, 0.00, 61.67, 26.22);
insert into SHOT values (3912, 3868, 3891, 5747, 21.62, 271.61, -13.67, 21.63, 271.61, -13.66, 0.01, 267.71, 1.11);
insert into SHOT values (3913, 3891, 3892, 5747, 4.45, 318.17, 22.63, 4.45, 318.16, 22.72, 0.01, 151.58, 58.97);
insert into SHOT values (3914, 3891, 3893, 5747, 2.40, 60.91, -19.37, 2.41, 61.07, -19.16, 0.01, 103.57, 37.13);
insert into SHOT values (3915, 3891, 3894, 5747, 2.79, 45.23, 51.66, 2.79, 45.47, 51.77, 0.01, 156.76, 31.85);
insert into SHOT values (3916, 3891, 3895, 5747, 2.00, 47.95, -44.40, 2.00, 48.13, -44.52, 0.01, 180.16, -18.71);
insert into SHOT values (3917, 3891, 3896, 5747, 8.34, 27.56, -17.00, 8.33, 27.59, -16.96, 0.01, 167.05, 44.40);
insert into SHOT values (3918, 3896, 3897, 5747, 1.28, 338.39, 21.30, 1.29, 338.55, 20.92, 0.01, 1.56, -34.94);
insert into SHOT values (3919, 3896, 3898, 5747, 1.79, 178.44, 14.93, 1.78, 178.33, 14.97, 0.01, 20.27, -6.16);
insert into SHOT values (3920, 3896, 3899, 5747, 3.62, 21.64, 80.72, 3.61, 21.80, 80.55, 0.01, 32.04, -46.27);
insert into SHOT values (3921, 3896, 3900, 5747, 1.03, 56.24, -76.55, 1.04, 55.01, -76.41, 0.01, 8.28, -52.53);
insert into SHOT values (3922, 3896, 3901, 5747, 5.67, 101.71, -24.14, 5.67, 101.70, -24.14, 0.01, 93.86, -20.91);
insert into SHOT values (3923, 3901, 3902, 5747, 0.90, 0.45, 4.74, 0.90, 0.00, 4.45, 0.01, 319.11, -20.30);
insert into SHOT values (3924, 3901, 3903, 5747, 1.51, 159.16, 10.35, 1.51, 159.13, 10.29, 0.00, 4.28, -46.07);
insert into SHOT values (3925, 3901, 3904, 5747, 1.45, 62.30, 86.42, 1.44, 57.99, 86.25, 0.01, 0.01, -27.57);
insert into SHOT values (3926, 3901, 3905, 5747, 1.08, 48.09, -75.25, 1.09, 46.47, -75.28, 0.01, 320.09, -25.09);
insert into SHOT values (3927, 3901, 3906, 5747, 11.20, 74.98, -37.60, 11.19, 74.96, -37.62, 0.01, 278.90, 8.97);
insert into SHOT values (3928, 3906, 3907, 5747, 3.51, 8.71, -1.24, 3.51, 8.68, -1.31, 0.01, 351.32, -37.89);
insert into SHOT values (3929, 3906, 3908, 5747, 0.95, 162.53, 9.10, 0.95, 161.95, 9.10, 0.01, 72.16, 0.40);
insert into SHOT values (3930, 3906, 3909, 5747, 1.26, 38.14, 82.14, 1.25, 38.16, 81.83, 0.01, 38.63, -33.76);
insert into SHOT values (3931, 3906, 3910, 5747, 2.38, 50.13, -57.03, 2.39, 49.97, -56.86, 0.01, 25.76, 5.86);
insert into SHOT values (3932, 3906, 3911, 5747, 17.14, 102.70, -25.07, 17.15, 102.68, -25.09, 0.01, 2.20, -51.46);
insert into SHOT values (3933, 3911, 3912, 5747, 0.79, 29.48, -2.75, 0.79, 29.48, -2.89, 0.00, 28.18, -39.32);
insert into SHOT values (3934, 3911, 3913, 5747, 0.97, 169.39, 19.50, 0.97, 169.30, 19.81, 0.01, 21.32, 61.78);
insert into SHOT values (3935, 3911, 3914, 5747, 1.07, 89.42, 68.46, 1.08, 90.00, 68.20, 0.01, 123.32, 14.94);
insert into SHOT values (3936, 3911, 3915, 5747, 1.24, 97.93, -48.61, 1.24, 97.73, -48.69, 0.00, 346.29, -22.03);
insert into SHOT values (3937, 3867, 3916, 5747, 1.51, 304.44, 34.34, 1.51, 304.58, 34.19, 0.01, 18.32, -52.00);
insert into SHOT values (3938, 3867, 3917, 5747, 3.15, 75.23, 7.82, 3.15, 75.16, 7.66, 0.01, 7.23, -66.07);
insert into SHOT values (3939, 3867, 3918, 5747, 2.67, 21.03, 63.73, 2.67, 21.18, 63.52, 0.01, 40.37, -24.87);
insert into SHOT values (3940, 3867, 3919, 5747, 0.47, 357.36, -32.67, 0.47, 357.06, -33.66, 0.01, 242.66, -76.15);
insert into SHOT values (3941, 3867, 3920, 5747, 16.76, 22.32, 14.48, 16.76, 22.31, 14.48, 0.00, 238.27, -11.64);
insert into SHOT values (3942, 3920, 3921, 5747, 3.92, 286.53, 39.60, 3.92, 286.57, 39.66, 0.01, 88.36, 0.19);
insert into SHOT values (3943, 3920, 3922, 5747, 1.09, 113.52, 5.05, 1.09, 113.27, 4.73, 0.01, 32.52, -51.60);
insert into SHOT values (3944, 3920, 3923, 5747, 3.00, 334.71, 64.26, 3.00, 335.01, 64.26, 0.01, 62.15, 3.19);
insert into SHOT values (3945, 3920, 3924, 5747, 3.54, 38.97, -40.71, 3.54, 38.96, -40.68, 0.00, 25.81, 21.40);
insert into SHOT values (3946, 3920, 3925, 5747, 10.07, 49.66, 5.08, 10.08, 49.65, 5.07, 0.01, 36.32, -8.16);
insert into SHOT values (3947, 3925, 3926, 5747, 2.17, 349.34, 17.31, 2.16, 349.40, 17.22, 0.01, 144.89, -45.41);
insert into SHOT values (3948, 3925, 3927, 5747, 2.98, 153.84, 11.40, 2.99, 153.87, 11.39, 0.01, 165.33, 6.75);
insert into SHOT values (3949, 3925, 3928, 5747, 10.96, 23.74, 84.30, 10.96, 23.96, 84.33, 0.01, 166.21, 9.90);
insert into SHOT values (3950, 3925, 3929, 5747, 1.53, 18.13, -69.76, 1.53, 17.74, -69.97, 0.01, 231.39, -14.46);
insert into SHOT values (3951, 3925, 3930, 5747, 4.71, 89.23, -6.38, 4.71, 89.27, -6.46, 0.01, 187.98, -66.09);
insert into SHOT values (3952, 3930, 3931, 5747, 1.87, 358.08, 26.87, 1.87, 357.94, 26.96, 0.01, 259.59, 36.58);
insert into SHOT values (3953, 3930, 3932, 5747, 2.31, 185.88, 8.63, 2.31, 186.04, 8.72, 0.01, 303.08, 23.87);
insert into SHOT values (3954, 3930, 3933, 5747, 5.67, 4.98, 82.41, 5.67, 4.64, 82.47, 0.01, 219.47, -2.35);
insert into SHOT values (3955, 3930, 3934, 5747, 1.08, 94.01, -76.16, 1.07, 94.40, -75.92, 0.01, 123.47, 57.89);
insert into SHOT values (3956, 3930, 3935, 5747, 8.97, 71.98, -29.40, 8.97, 71.96, -29.38, 0.01, 314.29, 50.62);
insert into SHOT values (3957, 3935, 3936, 5747, 0.78, 68.42, -68.18, 0.78, 69.68, -68.20, 0.01, 163.65, 3.65);
insert into SHOT values (3958, 3935, 3937, 5747, 0.38, 166.38, -28.88, 0.38, 166.37, -27.93, 0.01, 165.81, 49.92);
insert into SHOT values (3959, 3935, 3938, 5747, 0.60, 96.68, 69.93, 0.61, 98.13, 69.59, 0.01, 141.11, 30.72);
insert into SHOT values (3960, 3935, 3939, 5747, 0.73, 177.06, -86.94, 0.73, 180.00, -86.86, 0.00, 244.03, 23.22);
insert into SHOT values (3961, 3925, 3940, 5747, 8.47, 22.92, 39.48, 8.46, 22.88, 39.47, 0.01, 270.25, -36.66);
insert into SHOT values (3962, 3940, 3941, 5747, 2.15, 299.10, 15.16, 2.15, 299.16, 15.12, 0.00, 76.65, -34.20);
insert into SHOT values (3963, 3940, 3942, 5747, 0.31, 91.86, 27.46, 0.32, 92.05, 28.16, 0.01, 107.09, 60.62);
insert into SHOT values (3964, 3940, 3943, 5747, 1.63, 316.82, 58.65, 1.62, 316.44, 58.80, 0.01, 189.28, 11.27);
insert into SHOT values (3965, 3940, 3944, 5747, 1.71, 351.96, -53.18, 1.70, 352.11, -53.14, 0.01, 121.24, 55.12);
insert into SHOT values (3966, 3940, 3945, 5747, 3.53, 359.68, -23.48, 3.53, 359.82, -23.52, 0.01, 99.33, -13.37);
insert into SHOT values (3967, 3945, 3946, 5747, 2.02, 330.99, 6.91, 2.02, 330.75, 7.10, 0.01, 250.26, 39.94);
insert into SHOT values (3968, 3945, 3947, 5747, 1.72, 118.74, 2.80, 1.72, 118.96, 3.01, 0.01, 237.97, 38.75);
insert into SHOT values (3969, 3945, 3948, 5747, 3.53, 0.82, 72.73, 3.54, 0.55, 72.74, 0.01, 280.74, 46.22);
insert into SHOT values (3970, 3945, 3949, 5747, 2.73, 73.96, -50.83, 2.72, 74.10, -50.89, 0.01, 224.48, 30.08);
insert into SHOT values (3971, 3945, 3950, 5747, 6.56, 66.61, 13.79, 6.56, 66.58, 13.86, 0.01, 280.58, 44.88);
insert into SHOT values (3972, 3950, 3951, 5747, 1.97, 314.01, 3.90, 1.96, 313.97, 3.80, 0.01, 145.48, -28.15);
insert into SHOT values (3973, 3950, 3952, 5747, 0.48, 91.56, 6.34, 0.48, 92.39, 5.94, 0.01, 156.07, -21.39);
insert into SHOT values (3974, 3950, 3953, 5747, 1.15, 331.81, 49.79, 1.15, 331.70, 50.01, 0.01, 168.25, 11.22);
insert into SHOT values (3975, 3950, 3954, 5747, 2.27, 10.81, -64.68, 2.27, 10.73, -64.75, 0.00, 212.23, 15.29);
insert into SHOT values (3976, 3950, 3955, 5747, 5.13, 353.87, -17.00, 5.12, 353.91, -17.03, 0.01, 153.60, -0.88);
insert into SHOT values (3977, 3955, 3956, 5747, 0.60, 283.55, -16.90, 0.60, 284.04, -17.32, 0.01, 359.65, -44.72);
insert into SHOT values (3978, 3955, 3957, 5747, 1.17, 50.14, -14.46, 1.17, 50.00, -14.80, 0.01, 317.00, -68.70);
insert into SHOT values (3979, 3955, 3958, 5747, 0.84, 340.90, 60.81, 0.84, 340.25, 60.42, 0.01, 295.83, -26.72);
insert into SHOT values (3980, 3955, 3959, 5747, 1.74, 318.08, -57.62, 1.75, 318.01, -57.53, 0.01, 310.00, -42.34);
insert into SHOT values (3981, 3955, 3960, 5747, 5.64, 253.49, -35.93, 5.64, 253.59, -35.94, 0.01, 1.12, 4.86);
insert into SHOT values (3982, 3811, 3961, 5747, 19.31, 287.34, 1.07, 19.31, 287.33, 1.07, 0.00, 204.30, -7.70);
insert into SHOT values (3983, 3811, 3962, 5747, 13.99, 40.17, 11.11, 13.99, 40.15, 11.13, 0.01, 249.60, 22.62);
insert into SHOT values (3984, 3811, 3963, 5747, 9.37, 107.80, 88.42, 9.36, 108.43, 88.45, 0.01, 260.08, -36.37);
insert into SHOT values (3985, 3811, 3964, 5747, 0.63, 19.45, -55.55, 0.63, 19.98, -55.97, 0.01, 172.36, 9.18);
insert into SHOT values (3986, 3811, 3965, 5747, 24.84, 335.56, -2.91, 24.84, 335.54, -2.91, 0.01, 259.45, 6.31);
insert into SHOT values (3987, 3965, 3966, 5747, 5.96, 262.93, 2.29, 5.96, 262.96, 2.31, 0.00, 41.21, 21.27);
insert into SHOT values (3988, 3965, 3967, 5747, 3.03, 62.46, 20.50, 3.03, 62.53, 20.47, 0.00, 149.82, -26.87);
insert into SHOT values (3989, 3965, 3968, 5747, 5.23, 321.56, 77.70, 5.23, 321.58, 77.74, 0.00, 135.74, -24.41);
insert into SHOT values (3990, 3965, 3969, 5747, 1.10, 24.35, -36.03, 1.10, 24.55, -36.13, 0.00, 140.15, -19.21);
insert into SHOT values (3991, 3965, 3970, 5747, 15.06, 0.24, 0.13, 15.06, 0.27, 0.11, 0.01, 119.03, -27.90);
insert into SHOT values (3992, 3970, 3971, 5747, 3.12, 277.68, -8.62, 3.12, 277.63, -8.47, 0.01, 252.45, 49.46);
insert into SHOT values (3993, 3970, 3972, 5747, 7.18, 124.30, 20.34, 7.18, 124.28, 20.38, 0.01, 327.66, 31.96);
insert into SHOT values (3994, 3970, 3973, 5747, 5.06, 72.56, 65.43, 5.06, 72.52, 65.49, 0.01, 268.10, 8.36);
insert into SHOT values (3995, 3970, 3974, 5747, 1.22, 73.35, -67.38, 1.22, 72.72, -67.18, 0.01, 17.71, 21.36);
insert into SHOT values (3996, 3970, 3975, 5747, 3.10, 325.83, 1.13, 3.10, 325.90, 1.29, 0.01, 25.51, 63.44);
insert into SHOT values (3997, 3970, 3976, 5747, 15.86, 79.28, -0.37, 15.86, 79.28, -0.36, 0.00, 289.25, 67.95);
insert into SHOT values (3998, 3976, 3977, 5747, 9.62, 297.33, 10.72, 9.61, 297.35, 10.73, 0.00, 58.18, 17.70);
insert into SHOT values (3999, 3976, 3978, 5747, 2.46, 93.79, 39.31, 2.46, 93.61, 39.33, 0.01, 0.15, 8.89);
insert into SHOT values (4000, 3976, 3979, 5747, 6.56, 343.02, 75.21, 6.56, 342.97, 75.21, 0.00, 224.24, -24.60);
insert into SHOT values (4001, 3976, 3980, 5747, 1.21, 334.18, -61.20, 1.21, 334.75, -61.06, 0.01, 23.52, -22.55);
insert into SHOT values (4002, 3976, 3981, 5747, 27.34, 353.74, 3.18, 27.35, 353.73, 3.19, 0.01, 331.99, 24.15);
insert into SHOT values (4003, 3981, 3982, 5747, 7.57, 293.98, 4.92, 7.57, 293.95, 4.93, 0.01, 149.15, 3.83);
insert into SHOT values (4004, 3981, 3983, 5747, 3.86, 92.83, -4.92, 3.86, 92.83, -4.91, 0.00, 103.80, 43.43);
insert into SHOT values (4005, 3981, 3984, 5747, 9.95, 52.74, 85.25, 9.94, 53.41, 85.26, 0.01, 153.49, -21.43);
insert into SHOT values (4006, 3981, 3985, 5747, 1.14, 341.97, -67.01, 1.14, 341.57, -67.14, 0.00, 205.24, 15.83);
insert into SHOT values (4007, 3981, 3986, 5747, 17.49, 6.49, -4.70, 17.49, 6.49, -4.72, 0.01, 334.81, -85.25);
insert into SHOT values (4008, 3986, 3987, 5747, 7.51, 237.76, 0.68, 7.51, 237.73, 0.69, 0.01, 195.75, 8.28);
insert into SHOT values (4009, 3986, 3988, 5747, 15.98, 98.39, 6.98, 15.99, 98.41, 7.00, 0.01, 134.77, 46.21);
insert into SHOT values (4010, 3986, 3989, 5747, 6.67, 179.64, 81.78, 6.68, 179.40, 81.74, 0.01, 147.86, 48.53);
insert into SHOT values (4011, 3986, 3990, 5747, 1.10, 135.90, -73.30, 1.10, 136.27, -73.14, 0.00, 179.54, 50.20);
insert into SHOT values (4012, 3986, 3991, 5747, 11.44, 156.25, 20.55, 11.45, 156.23, 20.56, 0.01, 128.59, 29.67);
insert into SHOT values (4013, 3986, 3992, 5747, 7.26, 210.47, 23.75, 7.26, 210.46, 23.79, 0.01, 196.80, 57.74);
insert into SHOT values (4014, 3986, 3993, 5747, 10.74, 264.71, 16.21, 10.73, 264.65, 16.23, 0.01, 146.54, 13.29);
insert into SHOT values (4015, 3986, 3994, 5747, 11.31, 300.51, 9.83, 11.31, 300.48, 9.88, 0.01, 179.04, 52.30);
insert into SHOT values (4016, 3986, 3995, 5747, 27.39, 275.95, 5.90, 27.38, 275.94, 5.91, 0.01, 139.30, 45.79);
insert into SHOT values (4017, 3986, 3996, 5747, 6.97, 344.92, 20.61, 6.96, 344.96, 20.69, 0.01, 131.64, 43.11);
insert into SHOT values (4018, 3986, 3997, 5747, 9.38, 27.87, 14.43, 9.37, 27.92, 14.46, 0.01, 136.90, 24.17);
insert into SHOT values (4019, 3986, 3998, 5747, 8.43, 84.59, 44.12, 8.43, 84.59, 44.15, 0.00, 259.20, 75.50);
insert into SHOT values (4020, 3986, 3999, 5747, 7.25, 307.21, 50.12, 7.25, 307.22, 50.17, 0.01, 122.44, 33.55);
insert into SHOT values (4021, 3986, 4000, 5747, 10.48, 73.49, -0.87, 10.48, 73.54, -0.82, 0.01, 177.57, 46.34);
insert into SHOT values (4022, 4000, 4001, 5747, 7.99, 317.69, 1.72, 7.99, 317.74, 1.72, 0.01, 18.88, 2.33);
insert into SHOT values (4023, 4000, 4002, 5747, 7.32, 102.73, 8.26, 7.32, 102.67, 8.24, 0.01, 9.04, -16.36);
insert into SHOT values (4024, 4000, 4003, 5747, 4.72, 86.17, 75.47, 4.71, 86.12, 75.46, 0.01, 320.27, -78.60);
insert into SHOT values (4025, 4000, 4004, 5747, 5.16, 75.47, -24.80, 5.17, 75.43, -24.83, 0.01, 49.74, -37.07);
insert into SHOT values (4026, 4000, 4005, 5747, 18.39, 48.73, -20.06, 18.39, 48.71, -20.07, 0.01, 342.73, -21.37);
insert into SHOT values (4027, 4005, 4006, 5747, 2.44, 29.42, -1.36, 2.44, 29.51, -1.41, 0.00, 108.57, -28.86);
insert into SHOT values (4028, 4005, 4007, 5747, 5.77, 181.13, 8.73, 5.77, 181.11, 8.68, 0.01, 128.59, -59.28);
insert into SHOT values (4029, 4005, 4008, 5747, 9.87, 164.12, 85.14, 9.87, 164.15, 85.10, 0.01, 168.23, -43.77);
insert into SHOT values (4030, 4005, 4009, 5747, 1.81, 178.82, -61.13, 1.80, 178.68, -61.15, 0.00, 48.69, 29.61);
insert into SHOT values (4031, 4005, 4010, 5747, 13.03, 100.24, -22.85, 13.03, 100.26, -22.84, 0.01, 126.81, -11.59);
insert into SHOT values (4032, 4010, 4011, 5747, 8.86, 328.71, 8.53, 8.86, 328.72, 8.50, 0.01, 355.70, -43.13);
insert into SHOT values (4033, 4010, 4012, 5747, 2.66, 155.15, 20.24, 2.66, 155.08, 20.26, 0.01, 359.94, -10.00);
insert into SHOT values (4034, 4010, 4013, 5747, 7.55, 11.71, 66.77, 7.55, 11.61, 66.75, 0.01, 294.20, -25.54);
insert into SHOT values (4035, 4010, 4014, 5747, 1.99, 338.78, -60.99, 1.99, 338.75, -60.97, 0.00, 320.49, -41.01);
insert into SHOT values (4036, 4010, 4015, 5747, 15.67, 32.00, 20.75, 15.67, 31.98, 20.74, 0.01, 275.88, -22.61);
insert into SHOT values (4037, 4015, 4016, 5747, 1.39, 3.64, 3.97, 1.39, 3.73, 4.14, 0.00, 131.90, 54.25);
insert into SHOT values (4038, 4015, 4017, 5747, 8.36, 156.44, 22.38, 8.36, 156.42, 22.44, 0.01, 357.90, 44.07);
insert into SHOT values (4039, 4015, 4018, 5747, 5.09, 113.52, 70.17, 5.10, 113.46, 70.15, 0.01, 92.82, 53.75);
insert into SHOT values (4040, 4015, 4019, 5747, 1.26, 44.40, -68.08, 1.26, 44.14, -67.95, 0.00, 2.08, 28.38);
insert into SHOT values (4041, 4015, 4020, 5747, 12.57, 72.42, 6.32, 12.57, 72.39, 6.35, 0.01, 341.15, 44.34);
insert into SHOT values (4042, 4020, 4021, 5747, 4.87, 289.42, -1.88, 4.86, 289.37, -1.89, 0.01, 136.42, -2.15);
insert into SHOT values (4043, 4020, 4022, 5747, 8.11, 93.41, 14.27, 8.11, 93.43, 14.27, 0.00, 127.46, 9.99);
insert into SHOT values (4044, 4020, 4023, 5747, 12.60, 66.09, 55.99, 12.61, 66.16, 55.99, 0.01, 145.13, 12.87);
insert into SHOT values (4045, 4020, 4024, 5747, 1.85, 58.71, -41.53, 1.86, 58.82, -41.49, 0.01, 81.26, -29.48);
insert into SHOT values (4046, 4020, 4025, 5747, 16.68, 67.32, 29.35, 16.68, 67.35, 29.33, 0.01, 132.98, -31.54);
insert into SHOT values (4047, 4020, 4026, 5747, 20.91, 6.72, -13.21, 20.90, 6.74, -13.22, 0.01, 130.88, -8.86);
insert into SHOT values (4048, 4026, 4027, 5747, 6.67, 297.89, -15.75, 6.67, 297.88, -15.76, 0.00, 206.10, -48.71);
insert into SHOT values (4049, 4026, 4028, 5747, 4.25, 64.72, -7.06, 4.25, 64.71, -7.03, 0.00, 333.93, 72.60);
insert into SHOT values (4050, 4026, 4029, 5747, 3.97, 338.31, 73.87, 3.98, 338.29, 73.82, 0.01, 334.77, 35.09);
insert into SHOT values (4051, 4026, 4030, 5747, 1.19, 328.89, -63.21, 1.19, 328.67, -63.07, 0.00, 285.23, 37.33);
insert into SHOT values (4052, 4026, 4031, 5747, 13.99, 19.32, 4.71, 13.99, 19.31, 4.71, 0.00, 322.88, 17.49);
insert into SHOT values (4053, 4031, 4032, 5747, 3.44, 294.01, 1.03, 3.44, 294.03, 1.00, 0.00, 45.64, -54.40);
insert into SHOT values (4054, 4031, 4033, 5747, 0.64, 81.34, 10.41, 0.64, 80.84, 9.93, 0.01, 319.31, -42.75);
insert into SHOT values (4055, 4031, 4034, 5747, 3.07, 3.58, 74.90, 3.07, 3.58, 74.85, 0.01, 1.31, -77.71);
insert into SHOT values (4056, 4031, 4035, 5747, 3.58, 298.35, -64.41, 3.58, 298.23, -64.46, 0.01, 157.89, 16.24);
insert into SHOT values (4057, 4031, 4036, 5747, 4.65, 353.34, 1.69, 4.64, 353.32, 1.60, 0.01, 194.21, -56.01);
insert into SHOT values (4058, 4036, 4037, 5747, 1.01, 307.76, -21.75, 1.01, 308.09, -21.48, 0.01, 8.45, 32.18);
insert into SHOT values (4059, 4036, 4038, 5747, 3.03, 79.48, 13.15, 3.03, 79.45, 13.17, 0.00, 288.11, 4.10);
insert into SHOT values (4060, 4036, 4039, 5747, 0.82, 52.21, 76.83, 0.82, 51.34, 76.50, 0.01, 26.85, 38.74);
insert into SHOT values (4061, 4036, 4040, 5747, 1.15, 58.59, -73.43, 1.15, 57.26, -73.16, 0.01, 359.05, 19.72);
insert into SHOT values (4062, 4036, 4041, 5747, 25.37, 116.15, 35.94, 25.38, 116.14, 35.96, 0.01, 358.41, 64.27);
insert into SHOT values (4063, 4036, 4042, 5747, 27.65, 43.13, 6.66, 27.66, 43.13, 6.66, 0.01, 33.43, 19.67);
insert into SHOT values (4064, 4042, 4043, 5747, 7.00, 303.74, -24.90, 7.00, 303.69, -24.93, 0.01, 188.28, -27.37);
insert into SHOT values (4065, 4042, 4044, 5747, 9.28, 122.96, 24.35, 9.28, 122.98, 24.38, 0.01, 277.39, 28.97);
insert into SHOT values (4066, 4042, 4045, 5747, 4.23, 93.54, 69.13, 4.24, 93.81, 69.21, 0.01, 214.61, 33.97);
insert into SHOT values (4067, 4042, 4046, 5747, 0.95, 90.39, -62.65, 0.94, 91.33, -62.89, 0.01, 224.49, 25.48);
insert into SHOT values (4068, 4042, 4047, 5747, 39.51, 35.06, 10.92, 39.50, 35.06, 10.93, 0.01, 225.48, 46.84);
insert into SHOT values (4069, 4047, 4048, 5747, 4.12, 306.40, 7.54, 4.13, 306.45, 7.52, 0.01, 349.79, -9.70);
insert into SHOT values (4070, 4047, 4049, 5747, 3.79, 122.47, 21.79, 3.79, 122.47, 21.69, 0.01, 300.83, -73.01);
insert into SHOT values (4071, 4047, 4050, 5747, 3.56, 31.17, 73.91, 3.55, 31.26, 73.92, 0.01, 179.03, -62.25);
insert into SHOT values (4072, 4047, 4051, 5747, 1.31, 64.87, -62.36, 1.31, 64.70, -62.33, 0.00, 5.83, -10.24);
insert into SHOT values (4073, 4047, 4052, 5747, 28.34, 41.68, -0.03, 28.35, 41.68, -0.04, 0.01, 71.34, -66.73);
insert into SHOT values (4074, 4052, 4053, 5747, 10.66, 309.96, -18.90, 10.67, 309.94, -18.87, 0.01, 272.34, 31.98);
insert into SHOT values (4075, 4052, 4054, 5747, 1.08, 111.42, 7.28, 1.08, 111.31, 7.43, 0.00, 23.54, 53.47);
insert into SHOT values (4076, 4052, 4055, 5747, 2.66, 341.35, 53.91, 2.66, 341.33, 54.00, 0.00, 167.74, 17.18);
insert into SHOT values (4077, 4052, 4056, 5747, 7.10, 332.63, -47.70, 7.10, 332.58, -47.70, 0.01, 215.42, 22.98);
insert into SHOT values (4078, 4052, 4057, 5747, 24.30, 21.92, 2.42, 24.30, 21.92, 2.43, 0.00, 314.36, 62.96);
insert into SHOT values (4079, 4057, 4058, 5747, 7.39, 307.71, -21.86, 7.39, 307.66, -21.85, 0.01, 225.83, 10.43);
insert into SHOT values (4080, 4057, 4059, 5747, 4.25, 82.86, 8.54, 4.25, 82.89, 8.53, 0.01, 235.58, -18.60);
insert into SHOT values (4081, 4057, 4060, 5747, 1.16, 25.45, 63.98, 1.16, 25.56, 63.88, 0.00, 44.83, 21.66);
insert into SHOT values (4082, 4057, 4061, 5747, 1.33, 352.23, -71.52, 1.34, 351.87, -71.53, 0.01, 303.79, -64.98);
insert into SHOT values (4083, 4057, 4062, 5747, 8.47, 30.09, 8.15, 8.46, 30.08, 8.15, 0.01, 218.52, -7.34);
insert into SHOT values (4084, 4062, 4063, 5747, 2.15, 264.38, -0.96, 2.14, 264.37, -1.07, 0.01, 88.63, -36.91);
insert into SHOT values (4085, 4062, 4064, 5747, 3.92, 88.49, 3.92, 3.92, 88.39, 3.95, 0.01, 26.63, 15.78);
insert into SHOT values (4086, 4062, 4065, 5747, 1.29, 28.94, 78.92, 1.28, 28.61, 78.75, 0.01, 0.70, -62.90);
insert into SHOT values (4087, 4062, 4066, 5747, 1.02, 251.95, -71.28, 1.01, 252.12, -71.26, 0.00, 1.73, 65.32);
insert into SHOT values (4088, 4005, 4067, 5747, 4.67, 210.81, 9.06, 4.67, 210.79, 9.00, 0.01, 178.28, -62.15);
insert into SHOT values (4089, 4005, 4068, 5747, 2.48, 35.47, 13.40, 2.49, 35.59, 13.24, 0.01, 80.13, -38.62);
insert into SHOT values (4090, 4005, 4069, 5747, 11.18, 352.27, 84.96, 11.18, 352.37, 84.98, 0.00, 148.11, 17.01);
insert into SHOT values (4091, 4005, 4070, 5747, 0.71, 332.79, -63.54, 0.71, 333.43, -63.93, 0.01, 112.92, -25.19);
insert into SHOT values (4092, 4005, 4071, 5747, 18.23, 302.40, 11.35, 18.23, 302.38, 11.36, 0.01, 177.81, 20.83);
insert into SHOT values (4093, 4071, 4072, 5747, 2.45, 209.12, 16.40, 2.45, 209.08, 16.39, 0.01, 46.00, -18.96);
insert into SHOT values (4094, 4071, 4073, 5747, 2.12, 351.55, 31.15, 2.11, 351.74, 31.07, 0.01, 93.84, -34.03);
insert into SHOT values (4095, 4071, 4074, 5747, 9.46, 301.41, 69.28, 9.46, 301.55, 69.30, 0.01, 57.20, -11.56);
insert into SHOT values (4096, 4071, 4075, 5747, 1.28, 94.43, -68.66, 1.29, 93.65, -68.57, 0.01, 38.91, -37.25);
insert into SHOT values (4097, 4071, 4076, 5747, 7.92, 321.67, -54.65, 7.92, 321.73, -54.63, 0.01, 0.63, -28.98);
insert into SHOT values (4098, 4071, 4077, 5747, 8.74, 327.88, -31.07, 8.75, 327.92, -31.10, 0.01, 8.58, -45.08);
insert into SHOT values (4099, 4071, 4078, 5747, 7.63, 327.27, 43.25, 7.63, 327.34, 43.20, 0.01, 28.35, -37.57);
insert into SHOT values (4100, 4071, 4079, 5747, 19.75, 282.35, 48.52, 19.74, 282.37, 48.53, 0.01, 67.19, -26.84);
insert into SHOT values (4101, 4071, 4080, 5747, 13.48, 247.08, -34.26, 13.48, 247.07, -34.27, 0.00, 152.99, -50.61);
insert into SHOT values (4102, 4071, 4081, 5747, 0.78, 77.03, 14.01, 0.78, 77.06, 13.34, 0.01, 80.84, -50.97);
insert into SHOT values (4103, 4071, 4082, 5747, 2.41, 220.87, 19.13, 2.41, 220.90, 19.14, 0.00, 23.86, -10.15);
insert into SHOT values (4104, 4071, 4083, 5747, 10.46, 325.72, 57.94, 10.45, 325.79, 57.94, 0.01, 73.00, -32.26);
insert into SHOT values (4105, 4071, 4084, 5747, 1.75, 213.24, -56.96, 1.75, 213.35, -57.24, 0.01, 20.56, -19.24);
insert into SHOT values (4106, 4085, 4086, 5747, 6.51, 141.43, 46.92, 6.51, 141.48, 46.94, 0.00, 258.54, 17.92);
insert into SHOT values (4107, 4086, 4087, 5747, 2.26, 42.89, 33.52, 2.25, 42.85, 33.38, 0.01, 358.08, -71.03);
insert into SHOT values (4108, 4086, 4088, 5747, 4.72, 240.50, 32.25, 4.71, 240.54, 32.20, 0.01, 30.44, -53.52);
insert into SHOT values (4109, 4086, 4089, 5747, 7.85, 39.62, 74.12, 7.85, 39.74, 74.04, 0.01, 64.26, -21.87);
insert into SHOT values (4110, 4086, 4090, 5747, 3.80, 332.96, -68.31, 3.80, 333.25, -68.37, 0.01, 89.39, -13.00);
insert into SHOT values (4111, 4086, 4071, 5747, 1.40, 120.11, 0.04, 1.40, 120.05, 0.00, 0.00, 25.85, -33.58);
insert into SHOT values (4112, 3986, 4091, 5747, 7.98, 217.65, 12.56, 7.98, 217.65, 12.59, 0.01, 215.60, 58.51);
insert into SHOT values (4113, 3986, 4092, 5747, 6.12, 339.67, 0.84, 6.12, 339.73, 0.84, 0.01, 104.39, 1.65);
insert into SHOT values (4114, 3986, 4093, 5747, 6.30, 299.20, 75.12, 6.30, 298.95, 75.18, 0.01, 170.10, 24.78);
insert into SHOT values (4115, 3986, 4094, 5747, 1.19, 294.93, -72.40, 1.18, 295.11, -72.63, 0.01, 106.07, 44.02);
insert into SHOT values (4116, 3986, 4095, 5747, 19.57, 280.08, 5.87, 19.57, 280.06, 5.89, 0.01, 196.01, 47.57);
insert into SHOT values (4117, 4095, 4096, 5747, 3.66, 211.42, -4.62, 3.66, 211.42, -4.71, 0.01, 29.31, -54.93);
insert into SHOT values (4118, 4095, 4097, 5747, 0.36, 329.62, 5.14, 0.36, 329.86, 4.78, 0.00, 356.85, -31.29);
insert into SHOT values (4119, 4095, 4098, 5747, 6.53, 269.00, 65.70, 6.53, 269.14, 65.75, 0.01, 40.87, 2.26);
insert into SHOT values (4120, 4095, 4099, 5747, 3.66, 186.79, -59.35, 3.67, 186.78, -59.48, 0.01, 9.98, -58.35);
insert into SHOT values (4121, 4095, 4100, 5747, 7.76, 254.00, 0.55, 7.76, 253.99, 0.52, 0.00, 121.81, -75.80);
insert into SHOT values (4122, 4100, 4101, 5747, 0.66, 181.58, 7.57, 0.66, 180.88, 7.88, 0.01, 63.55, 18.78);
insert into SHOT values (4123, 4100, 4102, 5747, 1.01, 330.38, 12.81, 1.02, 330.33, 13.08, 0.01, 244.14, 79.49);
insert into SHOT values (4124, 4100, 4103, 5747, 3.25, 273.67, 40.18, 3.25, 273.71, 40.31, 0.01, 82.44, 21.25);
insert into SHOT values (4125, 4100, 4104, 5747, 2.15, 244.58, -60.55, 2.15, 244.65, -60.66, 0.00, 45.53, -17.34);
insert into SHOT values (4126, 4100, 4105, 5747, 14.97, 265.97, -5.72, 14.97, 266.00, -5.71, 0.01, 5.05, 17.56);
insert into SHOT values (4127, 4105, 4106, 5747, 0.76, 158.62, 16.29, 0.77, 158.63, 15.82, 0.01, 159.43, -25.12);
insert into SHOT values (4128, 4105, 4107, 5747, 0.59, 340.73, 27.88, 0.58, 340.87, 27.50, 0.00, 42.30, -70.78);
insert into SHOT values (4129, 4105, 4108, 5747, 0.84, 126.75, 76.81, 0.84, 126.87, 76.29, 0.01, 129.79, 1.55);
insert into SHOT values (4130, 4105, 4109, 5747, 1.10, 122.79, -42.39, 1.11, 123.11, -42.32, 0.01, 153.97, -29.45);
insert into SHOT values (4131, 4105, 4110, 5747, 3.94, 263.84, -6.51, 3.94, 263.84, -6.56, 0.00, 86.86, -46.84);
insert into SHOT values (4132, 4110, 4111, 5747, 0.41, 189.05, 25.27, 0.42, 189.21, 25.65, 0.01, 199.22, 44.33);
insert into SHOT values (4133, 4110, 4112, 5747, 1.16, 352.67, 4.56, 1.15, 352.50, 4.48, 0.00, 225.55, -24.53);
insert into SHOT values (4134, 4110, 4113, 5747, 3.08, 334.88, 63.28, 3.08, 334.73, 63.31, 0.00, 208.45, -13.99);
insert into SHOT values (4135, 4110, 4114, 5747, 1.18, 254.00, -83.48, 1.18, 252.90, -83.37, 0.01, 198.12, 54.02);
insert into SHOT values (4136, 4110, 4115, 5747, 7.46, 280.77, -63.22, 7.46, 280.64, -63.24, 0.01, 166.03, -0.93);
insert into SHOT values (4137, 4115, 4116, 5747, 1.59, 52.37, 6.95, 1.59, 52.19, 6.85, 0.01, 16.25, -13.44);
insert into SHOT values (4138, 4115, 4117, 5747, 2.63, 223.46, -0.13, 2.62, 223.61, 0.00, 0.01, 353.88, 33.42);
insert into SHOT values (4139, 4115, 4118, 5747, 7.66, 92.93, 82.95, 7.66, 92.44, 82.94, 0.01, 9.32, -0.71);
insert into SHOT values (4140, 4115, 4119, 5747, 1.29, 224.48, -79.50, 1.29, 226.74, -79.58, 0.01, 327.81, 2.22);
insert into SHOT values (4141, 4115, 4120, 5747, 5.87, 129.30, -3.26, 5.86, 129.32, -3.23, 0.00, 253.30, 59.75);
insert into SHOT values (4142, 4120, 4121, 5747, 30.41, 147.87, -66.26, 30.41, 147.86, -66.27, 0.01, 353.93, -35.99);
insert into SHOT values (4143, 4120, 4122, 5747, 16.38, 146.49, -65.54, 16.38, 146.50, -65.56, 0.01, 316.18, -36.81);
insert into SHOT values (4144, 4120, 4123, 5747, 29.68, 153.65, -67.26, 29.68, 153.66, -67.26, 0.00, 272.43, 29.67);
insert into SHOT values (4145, 4115, 4124, 5747, 4.07, 322.50, 23.99, 4.08, 322.52, 23.99, 0.01, 328.94, 23.76);
insert into SHOT values (4146, 4124, 4125, 5747, 1.30, 242.78, -3.97, 1.30, 242.45, -3.97, 0.01, 154.37, 0.03);
insert into SHOT values (4147, 4124, 4126, 5747, 1.66, 49.51, 6.59, 1.65, 49.70, 6.61, 0.01, 187.67, -0.34);
insert into SHOT values (4148, 4124, 4127, 5747, 6.37, 330.37, 68.56, 6.37, 330.35, 68.60, 0.00, 164.90, 24.78);
insert into SHOT values (4149, 4124, 4128, 5747, 1.93, 69.21, -84.04, 1.93, 69.78, -83.98, 0.01, 106.80, -58.80);
insert into SHOT values (4150, 4124, 4129, 5747, 3.02, 340.40, -3.81, 3.02, 340.42, -3.80, 0.00, 73.92, 31.50);
insert into SHOT values (4151, 4129, 4130, 5747, 2.10, 245.30, 6.26, 2.10, 245.03, 6.30, 0.01, 145.49, 6.50);
insert into SHOT values (4152, 4129, 4131, 5747, 0.83, 33.90, -6.19, 0.83, 34.08, -6.26, 0.01, 198.41, 0.21);
insert into SHOT values (4153, 4129, 4132, 5747, 1.79, 356.73, 87.76, 1.79, 0.00, 87.76, 0.01, 90.63, -42.20);
insert into SHOT values (4154, 4129, 4133, 5747, 1.91, 305.80, -79.98, 1.91, 305.13, -80.04, 0.00, 192.23, -26.51);
insert into SHOT values (4155, 4129, 4134, 5747, 12.64, 313.48, -36.80, 12.65, 313.44, -36.83, 0.01, 202.44, -34.48);
insert into SHOT values (4156, 4134, 4135, 5747, 1.48, 217.77, -1.71, 1.47, 217.81, -1.56, 0.01, 31.93, 24.06);
insert into SHOT values (4157, 4134, 4136, 5747, 0.94, 8.76, 9.32, 0.95, 9.26, 9.74, 0.01, 94.73, 41.12);
insert into SHOT values (4158, 4134, 4137, 5747, 0.94, 312.49, 78.13, 0.95, 312.88, 78.39, 0.01, 108.56, 65.95);
insert into SHOT values (4159, 4134, 4138, 5747, 0.32, 203.20, -70.61, 0.32, 203.96, -71.83, 0.01, 14.00, 18.82);
insert into SHOT values (4160, 4134, 4139, 5747, 1.81, 283.07, -3.39, 1.80, 283.19, -3.18, 0.01, 73.71, 42.77);
insert into SHOT values (4161, 4139, 4140, 5747, 0.26, 219.05, 11.64, 0.26, 218.66, 11.05, 0.00, 192.06, -28.13);
insert into SHOT values (4162, 4139, 4141, 5747, 1.43, 19.26, 10.61, 1.43, 19.08, 10.47, 0.01, 329.05, -26.80);
insert into SHOT values (4163, 4139, 4142, 5747, 0.36, 32.97, 82.94, 0.35, 26.57, 82.72, 0.01, 306.62, -51.47);
insert into SHOT values (4164, 4139, 4143, 5747, 0.37, 216.61, -83.22, 0.37, 225.00, -83.46, 0.01, 322.04, -21.95);
insert into SHOT values (4165, 4139, 4144, 5747, 5.70, 328.27, 12.60, 5.70, 328.22, 12.56, 0.01, 264.64, -32.59);
insert into SHOT values (4166, 4144, 4145, 5747, 3.71, 222.16, 3.92, 3.70, 222.15, 3.87, 0.01, 47.05, -23.85);
insert into SHOT values (4167, 4144, 4146, 5747, 1.85, 15.80, -11.48, 1.86, 15.95, -11.49, 0.01, 81.02, -9.01);
insert into SHOT values (4168, 4144, 4147, 5747, 1.56, 264.35, 71.39, 1.56, 264.17, 71.59, 0.01, 101.30, 25.82);
insert into SHOT values (4169, 4144, 4148, 5747, 1.41, 278.78, -84.39, 1.41, 278.75, -84.63, 0.01, 99.50, 19.93);
insert into SHOT values (4170, 4144, 4149, 5747, 11.61, 296.04, 17.77, 11.60, 296.03, 17.76, 0.00, 143.58, -38.39);
insert into SHOT values (4171, 4149, 4150, 5747, 1.31, 194.95, 6.51, 1.31, 195.10, 6.56, 0.00, 307.92, 13.68);
insert into SHOT values (4172, 4149, 4151, 5747, 1.03, 344.46, -1.22, 1.04, 344.36, -1.10, 0.01, 322.91, 21.77);
insert into SHOT values (4173, 4149, 4152, 5747, 2.83, 206.02, 79.52, 2.84, 206.57, 79.56, 0.01, 307.89, 40.43);
insert into SHOT values (4174, 4149, 4153, 5747, 0.91, 79.95, -64.97, 0.91, 79.56, -64.77, 0.00, 35.24, 26.11);
insert into SHOT values (4175, 4149, 4154, 5747, 9.94, 128.37, 13.71, 9.94, 128.35, 13.74, 0.01, 334.63, 30.92);
insert into SHOT values (4176, 4149, 4155, 5747, 4.54, 158.62, 5.92, 4.55, 158.60, 5.93, 0.00, 100.00, 31.86);
insert into SHOT values (4177, 4149, 4156, 5747, 5.13, 150.94, 46.97, 5.12, 150.87, 47.04, 0.01, 7.47, 20.95);
insert into SHOT values (4178, 4149, 4157, 5747, 11.75, 94.98, 45.09, 11.75, 94.98, 45.06, 0.01, 87.01, -33.52);
insert into SHOT values (4179, 4149, 4158, 5747, 15.10, 45.51, 47.04, 15.10, 45.51, 47.04, 0.00, 56.53, 59.41);
insert into SHOT values (4180, 4149, 4159, 5747, 6.76, 55.27, 22.24, 6.76, 55.22, 22.25, 0.01, 352.34, 18.90);
insert into SHOT values (4181, 4149, 4160, 5747, 10.64, 355.48, 49.84, 10.64, 355.49, 49.80, 0.01, 5.41, -15.02);
insert into SHOT values (4182, 4149, 4161, 5747, 11.69, 257.83, 3.47, 11.69, 257.83, 3.48, 0.00, 268.21, 33.76);
insert into SHOT values (4183, 4161, 4162, 5747, 0.29, 185.71, 1.18, 0.29, 183.95, 1.97, 0.01, 86.90, 23.75);
insert into SHOT values (4184, 4161, 4163, 5747, 4.50, 348.79, 4.13, 4.50, 348.82, 4.08, 0.00, 55.31, -60.37);
insert into SHOT values (4185, 4161, 4164, 5747, 3.06, 311.15, 78.30, 3.06, 311.71, 78.39, 0.01, 81.77, -2.44);
insert into SHOT values (4186, 4161, 4165, 5747, 1.42, 172.23, -72.73, 1.42, 171.67, -73.05, 0.01, 20.37, -19.78);
insert into SHOT values (4187, 3806, 4166, 5747, 15.64, 323.95, -11.56, 15.64, 323.95, -11.58, 0.01, 175.75, -62.97);
insert into SHOT values (4188, 3806, 4167, 5747, 5.60, 128.89, 32.35, 5.60, 128.91, 32.39, 0.00, 292.40, 22.39);
insert into SHOT values (4189, 3806, 4168, 5747, 7.48, 25.16, 68.93, 7.48, 25.13, 68.97, 0.00, 221.64, 23.74);
insert into SHOT values (4190, 3806, 4169, 5747, 0.42, 2.74, -63.16, 0.42, 3.01, -62.79, 0.00, 27.27, 43.59);
insert into SHOT values (4191, 3806, 4170, 5747, 14.95, 329.61, -18.26, 14.95, 329.62, -18.28, 0.01, 12.73, -50.43);
insert into SHOT values (4192, 4170, 4171, 5747, 2.16, 288.03, 26.42, 2.16, 288.06, 26.62, 0.01, 86.65, 68.40);
insert into SHOT values (4193, 4170, 4172, 5747, 3.03, 45.52, -10.15, 3.03, 45.54, -10.07, 0.00, 154.96, 73.55);
insert into SHOT values (4194, 4170, 4173, 5747, 2.21, 354.13, 65.99, 2.21, 354.23, 66.11, 0.01, 157.83, 3.31);
insert into SHOT values (4195, 4170, 4174, 5747, 0.99, 43.87, -54.50, 0.98, 44.29, -54.40, 0.01, 131.01, 32.72);
insert into SHOT values (4196, 4170, 4175, 5747, 7.47, 30.28, -50.83, 7.46, 30.32, -50.80, 0.01, 136.57, 68.52);
insert into SHOT values (4197, 4175, 4176, 5747, 4.72, 260.17, 12.34, 4.73, 260.15, 12.22, 0.01, 245.56, -54.61);
insert into SHOT values (4198, 4175, 4177, 5747, 1.72, 62.98, 8.41, 1.71, 62.98, 8.39, 0.00, 242.03, -20.88);
insert into SHOT values (4199, 4175, 4178, 5747, 2.51, 309.46, 73.41, 2.51, 308.78, 73.34, 0.01, 225.10, -44.58);
insert into SHOT values (4200, 4175, 4179, 5747, 1.65, 313.03, -65.73, 1.66, 312.61, -65.78, 0.01, 217.68, -23.78);
insert into SHOT values (4201, 4175, 4180, 5747, 26.36, 340.26, -33.28, 26.36, 340.27, -33.29, 0.01, 38.90, -72.56);
insert into SHOT values (4202, 4180, 4181, 5747, 2.53, 251.21, 7.70, 2.54, 251.20, 7.70, 0.01, 248.95, 8.51);
insert into SHOT values (4203, 4180, 4182, 5747, 7.35, 40.68, 5.96, 7.34, 40.67, 6.02, 0.01, 232.99, 46.98);
insert into SHOT values (4204, 4180, 4183, 5747, 6.79, 17.79, 75.55, 6.79, 17.58, 75.60, 0.01, 242.93, 12.03);
insert into SHOT values (4205, 4180, 4184, 5747, 0.81, 299.46, -60.35, 0.81, 298.50, -60.36, 0.01, 209.08, -3.45);
insert into SHOT values (4206, 4180, 4185, 5747, 20.04, 331.89, -36.43, 20.03, 331.88, -36.41, 0.01, 272.49, 64.76);
insert into SHOT values (4207, 4185, 4186, 5747, 1.81, 257.71, 20.72, 1.81, 257.69, 20.75, 0.00, 87.19, -0.47);
insert into SHOT values (4208, 4185, 4187, 5747, 7.94, 49.93, 2.64, 7.94, 49.96, 2.60, 0.01, 157.70, -49.48);
insert into SHOT values (4209, 4185, 4188, 5747, 17.53, 28.84, 59.46, 17.52, 28.87, 59.45, 0.01, 111.12, -52.54);
insert into SHOT values (4210, 4185, 4189, 5747, 6.33, 38.41, -42.56, 6.32, 38.37, -42.59, 0.01, 256.85, -14.86);
insert into SHOT values (4211, 4185, 4190, 5747, 17.44, 328.29, -29.62, 17.43, 328.27, -29.63, 0.01, 203.94, -16.97);
insert into SHOT values (4212, 4190, 4191, 5747, 4.01, 268.39, 32.75, 4.01, 268.47, 32.77, 0.01, 37.90, -8.65);
insert into SHOT values (4213, 4190, 4192, 5747, 9.35, 58.94, 14.97, 9.35, 58.95, 14.94, 0.01, 116.73, -72.59);
insert into SHOT values (4214, 4190, 4193, 5747, 5.00, 9.33, 84.19, 5.00, 9.09, 84.18, 0.00, 292.84, -31.41);
insert into SHOT values (4215, 4190, 4194, 5747, 1.20, 36.11, -69.54, 1.21, 36.33, -69.52, 0.00, 90.27, -44.74);
insert into SHOT values (4216, 4190, 4195, 5747, 32.51, 205.75, -0.53, 32.51, 205.75, -0.53, 0.00, 69.71, 10.64);
insert into SHOT values (4217, 4190, 4196, 5747, 14.03, 227.52, -4.37, 14.02, 227.52, -4.38, 0.01, 43.16, -9.17);
insert into SHOT values (4218, 4190, 4197, 5747, 4.21, 308.78, 52.72, 4.21, 308.80, 52.68, 0.00, 323.43, 2.70);
insert into SHOT values (4219, 4190, 4198, 5747, 12.57, 19.88, 27.61, 12.57, 19.88, 27.58, 0.01, 25.76, -58.76);
insert into SHOT values (4220, 4190, 4199, 5747, 9.45, 68.22, 45.92, 9.45, 68.23, 45.90, 0.00, 90.31, -12.56);
insert into SHOT values (4221, 4190, 4200, 5747, 9.22, 87.73, 8.82, 9.22, 87.73, 8.80, 0.00, 228.73, -70.58);
insert into SHOT values (4222, 4190, 4201, 5747, 14.62, 352.05, -2.24, 14.62, 352.05, -2.23, 0.01, 359.77, 12.95);
insert into SHOT values (4223, 4201, 4202, 5747, 4.67, 237.39, 17.83, 4.67, 237.31, 17.84, 0.01, 115.66, -4.28);
insert into SHOT values (4224, 4201, 4203, 5747, 3.86, 37.77, 16.69, 3.86, 37.86, 16.56, 0.01, 125.80, -56.31);
insert into SHOT values (4225, 4201, 4204, 5747, 13.45, 334.31, 77.21, 13.44, 334.30, 77.22, 0.01, 165.13, -65.55);
insert into SHOT values (4226, 4201, 4205, 5747, 0.52, 355.13, -52.59, 0.52, 354.47, -53.44, 0.01, 202.48, -25.93);
insert into SHOT values (4227, 4201, 4206, 5747, 32.31, 23.08, 71.19, 32.31, 23.12, 71.19, 0.01, 117.51, -19.49);
insert into SHOT values (4228, 4201, 4207, 5747, 9.53, 305.68, -31.26, 9.53, 305.70, -31.31, 0.01, 98.49, -38.03);
insert into SHOT values (4229, 4207, 4208, 5747, 3.10, 245.70, -25.19, 3.11, 245.62, -25.16, 0.00, 180.53, 15.27);
insert into SHOT values (4230, 4207, 4209, 5747, 3.58, 34.84, 11.02, 3.57, 34.78, 11.13, 0.01, 244.54, 37.39);
insert into SHOT values (4231, 4207, 4210, 5747, 5.32, 15.14, 70.53, 5.31, 15.06, 70.53, 0.00, 256.03, -44.99);
insert into SHOT values (4232, 4207, 4211, 5747, 1.31, 250.56, -76.43, 1.31, 249.23, -76.28, 0.01, 187.38, -3.25);
insert into SHOT values (4233, 4207, 4212, 5747, 14.37, 331.77, -19.15, 14.37, 331.74, -19.13, 0.01, 263.32, 26.65);
insert into SHOT values (4234, 4212, 4213, 5747, 3.26, 248.06, 7.74, 3.26, 247.97, 7.77, 0.01, 110.21, 6.01);
insert into SHOT values (4235, 4212, 4214, 5747, 6.17, 79.56, 14.46, 6.17, 79.59, 14.45, 0.01, 103.23, 2.22);
insert into SHOT values (4236, 4212, 4215, 5747, 2.56, 339.30, 85.88, 2.56, 340.56, 85.96, 0.01, 112.26, -32.00);
insert into SHOT values (4237, 4212, 4216, 5747, 1.77, 330.67, -68.16, 1.77, 330.69, -68.27, 0.00, 147.11, 2.74);
insert into SHOT values (4238, 4212, 4217, 5747, 8.20, 2.88, 19.95, 8.20, 2.90, 19.89, 0.01, 71.92, -71.03);
insert into SHOT values (4239, 4217, 4218, 5747, 8.21, 3.03, 19.70, 8.20, 3.04, 19.74, 0.01, 161.64, 36.29);
insert into SHOT values (4240, 4217, 4219, 5747, 7.82, 246.01, 29.60, 7.82, 245.96, 29.65, 0.01, 194.52, 52.68);
insert into SHOT values (4241, 4217, 4220, 5747, 9.24, 62.21, 87.92, 9.25, 63.43, 87.92, 0.01, 152.17, 44.67);
insert into SHOT values (4242, 4217, 4221, 5747, 1.36, 322.13, -86.63, 1.35, 320.19, -86.69, 0.01, 198.26, 60.66);
insert into SHOT values (4243, 4217, 4222, 5747, 10.90, 25.15, 5.76, 10.90, 25.15, 5.79, 0.01, 237.00, 81.74);
insert into SHOT values (4244, 4217, 4223, 5747, 10.86, 22.09, 6.52, 10.85, 22.12, 6.56, 0.01, 126.39, 54.59);
insert into SHOT values (4245, 4217, 4224, 5747, 19.34, 336.38, 32.72, 19.34, 336.37, 32.75, 0.01, 187.74, 42.11);
insert into SHOT values (4246, 4217, 4225, 5747, 12.64, 10.95, 12.85, 12.64, 10.95, 12.89, 0.01, 317.04, 81.85);
insert into SHOT values (4247, 4217, 4226, 5747, 12.28, 45.87, 8.60, 12.28, 45.90, 8.62, 0.01, 130.69, 29.40);
insert into SHOT values (4248, 4217, 4227, 5747, 12.29, 97.89, -6.50, 12.29, 97.90, -6.49, 0.00, 153.95, 23.21);
insert into SHOT values (4249, 4217, 4228, 5747, 16.48, 312.68, 8.97, 16.48, 312.66, 8.97, 0.01, 200.07, 2.99);
insert into SHOT values (4250, 4228, 4229, 5747, 12.68, 178.31, -3.91, 12.67, 178.28, -3.89, 0.01, 54.22, 28.57);
insert into SHOT values (4251, 4228, 4230, 5747, 1.84, 352.16, 28.55, 1.85, 352.22, 28.71, 0.01, 7.56, 55.57);
insert into SHOT values (4252, 4228, 4231, 5747, 6.80, 288.39, 68.89, 6.81, 288.58, 68.92, 0.01, 35.70, 22.32);
insert into SHOT values (4253, 4228, 4232, 5747, 3.20, 174.49, -51.83, 3.20, 174.49, -51.74, 0.01, 352.23, 84.10);
insert into SHOT values (4254, 4228, 4233, 5747, 11.54, 243.87, 6.93, 11.53, 243.88, 6.97, 0.01, 21.00, 65.52);
insert into SHOT values (4255, 4233, 4234, 5747, 0.65, 158.17, 3.99, 0.65, 158.20, 3.54, 0.01, 180.43, -80.37);
insert into SHOT values (4256, 4233, 4235, 5747, 3.64, 1.88, 8.14, 3.64, 1.91, 8.06, 0.01, 50.03, -63.67);
insert into SHOT values (4257, 4233, 4236, 5747, 5.42, 7.26, 46.24, 5.42, 7.35, 46.19, 0.01, 109.46, -52.86);
insert into SHOT values (4258, 4233, 4237, 5747, 1.36, 81.32, -69.75, 1.37, 81.53, -69.63, 0.01, 101.13, -44.36);
insert into SHOT values (4259, 4233, 4238, 5747, 15.95, 276.11, 32.43, 15.94, 276.10, 32.43, 0.01, 115.68, -27.34);
insert into SHOT values (4260, 4238, 4239, 5747, 0.69, 159.37, 10.93, 0.68, 159.94, 10.97, 0.01, 298.73, -5.65);
insert into SHOT values (4261, 4238, 4240, 5747, 0.69, 156.43, 13.39, 0.68, 156.91, 13.57, 0.01, 283.74, 9.16);
insert into SHOT values (4262, 4238, 4241, 5747, 0.90, 116.74, 71.40, 0.90, 117.47, 71.66, 0.01, 260.83, -18.36);
insert into SHOT values (4263, 4238, 4242, 5747, 0.92, 125.76, -77.00, 0.92, 126.87, -77.47, 0.01, 277.53, -17.64);
insert into SHOT values (4264, 4190, 4243, 5747, 14.72, 180.79, -8.33, 14.72, 180.79, -8.32, 0.00, 130.01, 63.31);
insert into SHOT values (4265, 4190, 4244, 5747, 6.68, 304.87, -1.39, 6.68, 304.88, -1.37, 0.00, 325.35, 32.25);
insert into SHOT values (4266, 4190, 4245, 5747, 5.03, 35.88, 78.08, 5.03, 35.99, 78.09, 0.00, 158.04, -56.81);
insert into SHOT values (4267, 4190, 4246, 5747, 1.27, 25.58, -85.30, 1.27, 26.57, -84.97, 0.01, 39.70, -22.56);
insert into SHOT values (4268, 4190, 4247, 5747, 13.01, 194.98, -27.29, 13.01, 194.99, -27.31, 0.01, 211.06, -56.97);
insert into SHOT values (4269, 4247, 4248, 5747, 2.67, 111.01, 4.59, 2.67, 110.88, 4.72, 0.01, 36.48, 45.24);
insert into SHOT values (4270, 4247, 4249, 5747, 8.75, 273.35, 6.01, 8.74, 273.36, 6.04, 0.01, 60.50, 50.52);
insert into SHOT values (4271, 4247, 4250, 5747, 7.48, 203.59, 73.89, 7.48, 203.60, 73.91, 0.01, 11.94, 78.18);
insert into SHOT values (4272, 4247, 4251, 5747, 1.82, 207.28, -87.74, 1.82, 206.57, -87.89, 0.00, 37.23, 6.86);
insert into SHOT values (4273, 4247, 4252, 5747, 18.63, 212.48, -24.58, 18.63, 212.46, -24.59, 0.01, 69.67, 1.40);
insert into SHOT values (4274, 4252, 4253, 5747, 5.46, 120.56, 40.78, 5.46, 120.61, 40.88, 0.01, 276.68, 34.75);
insert into SHOT values (4275, 4252, 4254, 5747, 10.09, 323.81, -15.76, 10.10, 323.79, -15.75, 0.01, 301.08, -0.10);
insert into SHOT values (4276, 4252, 4255, 5747, 11.96, 293.55, 82.47, 11.96, 293.63, 82.45, 0.01, 316.53, 55.44);
insert into SHOT values (4277, 4252, 4256, 5747, 1.26, 216.99, -66.86, 1.26, 216.87, -66.68, 0.00, 196.99, 46.48);
insert into SHOT values (4278, 4252, 4257, 5747, 18.49, 300.64, -34.95, 18.50, 300.64, -34.92, 0.01, 300.36, 26.74);
insert into SHOT values (4279, 4257, 4258, 5747, 5.72, 225.58, -17.28, 5.72, 225.59, -17.30, 0.00, 8.24, -29.50);
insert into SHOT values (4280, 4257, 4259, 5747, 2.40, 29.74, -8.16, 2.40, 29.80, -8.15, 0.00, 164.57, 11.84);
insert into SHOT values (4281, 4257, 4260, 5747, 2.30, 289.96, 75.93, 2.30, 290.07, 76.06, 0.01, 99.37, -18.55);
insert into SHOT values (4282, 4257, 4261, 5747, 1.70, 200.28, -67.51, 1.70, 199.83, -67.56, 0.01, 102.41, -21.96);
insert into SHOT values (4283, 4257, 4262, 5747, 15.17, 292.94, -38.46, 15.17, 292.94, -38.47, 0.00, 120.39, -59.37);
insert into SHOT values (4284, 4262, 4263, 5747, 2.49, 224.49, -17.48, 2.50, 224.49, -17.47, 0.00, 224.47, -11.67);
insert into SHOT values (4285, 4262, 4264, 5747, 4.69, 8.01, -4.28, 4.69, 7.99, -4.28, 0.00, 295.51, -4.74);
insert into SHOT values (4286, 4262, 4265, 5747, 1.46, 351.92, 70.11, 1.47, 351.87, 70.27, 0.01, 180.83, 56.81);
insert into SHOT values (4287, 4262, 4266, 5747, 2.15, 281.84, -71.54, 2.15, 281.80, -71.45, 0.00, 269.81, 62.38);
insert into SHOT values (4288, 4262, 4267, 5747, 14.51, 267.10, -33.47, 14.51, 267.11, -33.46, 0.00, 325.56, 38.29);
insert into SHOT values (4289, 4267, 4268, 5747, 8.99, 144.78, 0.80, 9.00, 144.77, 0.76, 0.01, 139.53, -25.23);
insert into SHOT values (4290, 4267, 4269, 5747, 1.15, 317.05, 1.45, 1.15, 317.12, 1.50, 0.00, 105.70, 18.69);
insert into SHOT values (4291, 4267, 4270, 5747, 1.96, 147.03, 87.42, 1.96, 147.99, 87.24, 0.01, 161.63, 17.50);
insert into SHOT values (4292, 4267, 4271, 5747, 1.04, 302.94, -63.58, 1.04, 302.66, -63.52, 0.00, 203.09, 54.15);
insert into SHOT values (4293, 4267, 4272, 5747, 2.70, 231.30, -3.14, 2.70, 231.17, -3.19, 0.01, 147.24, -19.95);
insert into SHOT values (4294, 4252, 4273, 5747, 4.06, 116.57, 43.57, 4.06, 116.48, 43.62, 0.01, 350.75, 16.12);
insert into SHOT values (4295, 4252, 4274, 5747, 11.70, 279.02, -4.25, 11.71, 279.02, -4.21, 0.01, 276.77, 43.01);
insert into SHOT values (4296, 4252, 4275, 5747, 13.15, 238.96, 78.73, 13.15, 239.15, 78.71, 0.01, 306.96, -2.19);
insert into SHOT values (4297, 4252, 4276, 5747, 1.12, 294.26, -49.24, 1.12, 294.12, -49.18, 0.00, 245.31, -3.39);
insert into SHOT values (4298, 4252, 4277, 5747, 19.78, 204.21, 36.50, 19.78, 204.24, 36.51, 0.01, 285.53, 21.66);
insert into SHOT values (4299, 4277, 4278, 5747, 3.92, 132.34, 44.63, 3.93, 132.25, 44.63, 0.01, 81.64, 29.05);
insert into SHOT values (4300, 4277, 4279, 5747, 1.52, 138.54, 24.53, 1.52, 138.50, 24.40, 0.00, 125.75, -25.31);
insert into SHOT values (4301, 4277, 4280, 5747, 1.51, 315.90, 25.95, 1.50, 315.90, 26.04, 0.01, 135.94, 1.31);
insert into SHOT values (4302, 4277, 4281, 5747, 2.74, 134.36, 33.14, 2.74, 134.29, 33.21, 0.01, 49.54, 57.64);
insert into SHOT values (4303, 4277, 4282, 5747, 4.87, 204.87, 4.10, 4.86, 204.87, 4.13, 0.00, 19.35, 29.79);
insert into SCRAPS values (5748, 5745, 'creedence_s1', 1, 0.30938, 0.00882);
 insert into SCRAPS values (5829, 5745, 'creedence_s2', 1, 0.15165, 0.00681);
 insert into SCRAPS values (5939, 5745, 'creedence_s3', 1, 0.14643, 0.01209);
 insert into SCRAPS values (6014, 5745, 'creedence_s4', 1, 0.37795, 0.01900);
 insert into SCRAPS values (6042, 5745, 'creedence_s5', 1, 0.36481, 0.08379);
 insert into SCRAPS values (6052, 5745, 'creedence_s6', 1, 0.00000, 0.00000);
 insert into SCRAPS values (6059, 5745, 'creedence_s7', 1, 0.22826, 0.03612);
 insert into SCRAPS values (6066, 5745, 'creedence_ext_s1', 3, 0.27014, 0.00789);
 insert into SCRAPS values (6091, 5745, 'creedence_ext_s2', 3, 0.04182, 0.00687);
 insert into SCRAPS values (6106, 5745, 'creedence_ext_s5', 3, 0.08188, 0.00253);
 insert into SCRAPS values (6129, 5745, 'creedence_ext_s6', 3, 0.04806, 0.00918);
 insert into SCRAPS values (6142, 5745, 'creedence_ext_s7', 3, 0.13812, 0.00990);
 insert into SCRAPS values (6153, 5745, 'creedence_ext_s8', 3, 0.04203, 0.00925);
 insert into SCRAPS values (6161, 5745, 'creedence_ext_s3', 3, 0.06808, 0.01037);
 insert into SCRAPS values (6172, 5745, 'creedence_ext_s4', 3, 0.00000, 0.00000);
 insert into SCRAPS values (6177, 5745, 'creedence_elev300_s1', 4, 0.12114, 0.00818);
 insert into SCRAPS values (6200, 5745, 'creedence_elev300_s2', 4, 0.18398, 0.04770);
 insert into SCRAPS values (6208, 5745, 'creedence_elev300_s3', 4, 0.19788, 0.03165);
 insert into SCRAPS values (6222, 5745, 'creedence_elev300_s4', 4, 0.60302, 0.00921);
 insert into SCRAPS values (6248, 5745, 'creedence_elev300_s5', 4, 0.15638, 0.01117);
 insert into MAPS values (6272, 5745, 'creedencePlan', 'Creedence, Clearwater Cave', 1, 1255.965, 103.080);
 insert into MAPITEMS values (6272, 4, 5748);
 insert into MAPITEMS values (6272, 4, 5829);
 insert into MAPITEMS values (6272, 4, 6014);
 insert into MAPITEMS values (6272, 4, 5939);
 insert into MAPITEMS values (6272, 4, 6042);
 insert into MAPITEMS values (6272, 4, 6052);
 insert into MAPITEMS values (6272, 4, 6059);
 insert into MAPS values (6273, 5745, 'creedenceExt', NULL, 3, 1255.965, 103.080);
 insert into MAPITEMS values (6273, 4, 6066);
 insert into MAPITEMS values (6273, 4, 6091);
 insert into MAPITEMS values (6273, 4, 6161);
 insert into MAPITEMS values (6273, 4, 6172);
 insert into MAPITEMS values (6273, 4, 6106);
 insert into MAPITEMS values (6273, 4, 6129);
 insert into MAPITEMS values (6273, 4, 6142);
 insert into MAPITEMS values (6273, 4, 6153);
 insert into MAPS values (6274, 5745, 'creedenceElev300', NULL, 4, 1255.965, 103.080);
 insert into MAPITEMS values (6274, 4, 6177);
 insert into MAPITEMS values (6274, 4, 6200);
 insert into MAPITEMS values (6274, 4, 6208);
 insert into MAPITEMS values (6274, 4, 6222);
 insert into MAPITEMS values (6274, 4, 6248);
 insert into SURVEY values (6276, 68, 'crucible_offset', 'crucible_offset.clearwater_master', NULL);
 insert into CENTRELINE values (6277, 6276, NULL, NULL, NULL, 0.00, 0.00, 0.00);
 insert into CENTRELINE values (6278, 6276, NULL, '2011-07-06', NULL, 141.98, 0.00, 0.00);
 insert into TOPO values (8, 6278);
 insert into TOPO values (9, 6278);
 insert into TOPO values (10, 6278);
 insert into SHOT values (4304, 4283, 4284, 6278, 13.87, 115.25, 1.13, 13.86, 115.25, 1.16, 0.01, 292.38, 37.80);
insert into SHOT values (4305, 4283, 4285, 6278, 9.07, 207.15, -3.64, 9.07, 207.22, -3.60, 0.01, 315.74, 28.90);
insert into SHOT values (4306, 4283, 4286, 6278, 9.00, 152.73, 81.69, 9.00, 152.84, 81.75, 0.01, 315.95, 27.56);
insert into SHOT values (4307, 4283, 4287, 6278, 1.23, 153.93, -56.71, 1.22, 154.20, -56.84, 0.01, 314.95, 42.55);
insert into SHOT values (4308, 4283, 4288, 6278, 28.95, 172.26, 12.89, 28.95, 172.26, 12.90, 0.01, 350.56, 7.33);
insert into SHOT values (4309, 4288, 4289, 6278, 1.28, 79.32, 15.11, 1.29, 79.32, 15.32, 0.01, 84.24, 79.64);
insert into SHOT values (4310, 4288, 4290, 6278, 2.37, 257.67, 0.51, 2.38, 257.60, 0.48, 0.00, 195.48, -19.54);
insert into SHOT values (4311, 4288, 4291, 6278, 3.82, 237.43, 75.77, 3.83, 237.15, 75.78, 0.01, 157.52, 48.98);
insert into SHOT values (4312, 4288, 4292, 6278, 4.33, 191.24, -48.92, 4.33, 191.35, -48.88, 0.01, 252.56, 8.34);
insert into SHOT values (4313, 4288, 4293, 6278, 10.31, 174.49, -8.36, 10.32, 174.49, -8.36, 0.00, 176.28, -8.75);
insert into SHOT values (4314, 4293, 4294, 6278, 4.41, 96.55, 39.55, 4.41, 96.58, 39.55, 0.00, 195.63, 0.49);
insert into SHOT values (4315, 4293, 4295, 6278, 2.94, 271.09, -0.19, 2.94, 270.97, -0.19, 0.01, 175.66, -2.37);
insert into SHOT values (4316, 4293, 4296, 6278, 5.34, 176.74, 81.86, 5.34, 176.99, 81.81, 0.01, 214.54, -12.11);
insert into SHOT values (4317, 4293, 4297, 6278, 1.20, 212.48, -66.01, 1.19, 212.38, -65.99, 0.00, 98.69, 62.56);
insert into SHOT values (4318, 4293, 4298, 6278, 7.13, 306.87, -44.43, 7.13, 306.85, -44.45, 0.00, 157.19, -11.83);
insert into SHOT values (4319, 4293, 4299, 6278, 26.71, 149.62, 32.94, 26.72, 149.61, 32.95, 0.00, 58.73, 62.90);
insert into SHOT values (4320, 4293, 4300, 6278, 8.40, 185.20, -6.53, 8.40, 185.23, -6.49, 0.01, 234.91, 44.71);
insert into SHOT values (4321, 4300, 4301, 6278, 2.28, 98.75, -3.31, 2.29, 98.80, -3.25, 0.01, 116.24, 14.83);
insert into SHOT values (4322, 4300, 4302, 6278, 1.67, 249.88, -4.18, 1.67, 249.93, -4.13, 0.01, 59.51, 13.99);
insert into SHOT values (4323, 4300, 4303, 6278, 5.97, 148.73, 75.52, 5.97, 148.44, 75.54, 0.01, 42.90, 4.46);
insert into SHOT values (4324, 4300, 4304, 6278, 2.24, 121.53, -47.05, 2.24, 121.61, -47.05, 0.00, 164.32, -40.88);
insert into SHOT values (4325, 4300, 4305, 6278, 15.76, 173.86, 18.17, 15.76, 173.87, 18.15, 0.01, 273.96, -70.70);
insert into SHOT values (4326, 4305, 4306, 6278, 5.20, 23.94, 6.75, 5.20, 23.99, 6.84, 0.01, 62.43, 54.55);
insert into SHOT values (4327, 4305, 4307, 6278, 2.99, 210.77, 31.16, 2.98, 210.69, 31.33, 0.01, 52.72, 28.63);
insert into SHOT values (4328, 4305, 4308, 6278, 5.58, 222.66, 82.50, 5.59, 222.75, 82.58, 0.01, 33.11, 27.80);
insert into SHOT values (4329, 4305, 4309, 6278, 1.18, 132.32, -69.06, 1.18, 131.19, -68.87, 0.01, 55.51, 33.88);
insert into SHOT values (4330, 4305, 4310, 6278, 6.55, 96.49, -15.17, 6.56, 96.44, -15.12, 0.01, 59.16, 25.29);
insert into SHOT values (4331, 4310, 4311, 6278, 1.14, 45.36, -7.63, 1.13, 45.36, -7.60, 0.01, 225.32, 11.22);
insert into SHOT values (4332, 4310, 4312, 6278, 3.83, 215.27, 2.38, 3.83, 215.22, 2.39, 0.01, 188.06, 8.54);
insert into SHOT values (4333, 4310, 4313, 6278, 5.14, 249.03, 69.32, 5.14, 249.08, 69.27, 0.00, 269.93, -21.83);
insert into SHOT values (4334, 4310, 4314, 6278, 2.93, 175.27, -58.81, 2.92, 175.46, -58.79, 0.01, 271.73, 31.70);
insert into SHOT values (4335, 4310, 4315, 6278, 5.12, 152.78, -44.50, 5.12, 152.80, -44.49, 0.00, 218.42, 1.97);
insert into SHOT values (4336, 4315, 4316, 6278, 2.48, 8.05, 30.90, 2.47, 7.86, 30.92, 0.01, 231.88, -17.04);
insert into SHOT values (4337, 4315, 4317, 6278, 3.97, 192.23, 42.01, 3.97, 192.34, 42.06, 0.01, 299.32, 27.34);
insert into SHOT values (4338, 4315, 4318, 6278, 5.09, 291.57, 71.05, 5.10, 291.61, 71.03, 0.00, 315.72, 47.92);
insert into SHOT values (4339, 4315, 4319, 6278, 1.55, 289.28, -42.09, 1.55, 289.22, -42.02, 0.00, 216.87, 61.16);
insert into SHOT values (4340, 4315, 4320, 6278, 4.04, 57.19, -0.09, 4.04, 57.14, -0.14, 0.01, 279.38, -33.23);
insert into SHOT values (4341, 4320, 4321, 6278, 3.31, 86.50, 22.91, 3.31, 86.61, 22.96, 0.01, 175.49, 27.05);
insert into SHOT values (4342, 4320, 4322, 6278, 2.33, 307.78, 26.19, 2.33, 307.80, 26.25, 0.00, 330.63, 61.02);
insert into SHOT values (4343, 4320, 4323, 6278, 3.13, 178.68, 81.18, 3.13, 178.81, 81.17, 0.00, 231.95, 36.12);
insert into SHOT values (4344, 4320, 4324, 6278, 1.07, 141.67, -52.78, 1.07, 141.89, -52.67, 0.00, 178.60, -15.03);
insert into SHOT values (4345, 4320, 4325, 6278, 29.00, 162.18, 35.47, 29.01, 162.18, 35.47, 0.00, 155.20, 16.82);
insert into SHOT values (4346, 4283, 4326, 6278, 13.36, 174.60, -28.77, 13.36, 174.61, -28.77, 0.00, 262.78, 14.85);
insert into SCRAPS values (6279, 6276, 'crucible_offset_s1', 1, 0.34585, 0.01757);
 insert into SCRAPS values (6353, 6276, 'crucible_offset_ext_s1', 3, 0.13947, 0.00336);
 insert into MAPS values (6386, 6276, 'crucibleOffsetPlan', 'Crucible, Clearwater Cave', 1, 141.981, 20.470);
 insert into MAPITEMS values (6386, 4, 6279);
 insert into MAPS values (6387, 6276, 'crucibleExt', NULL, 3, 141.981, 20.470);
 insert into MAPITEMS values (6387, 4, 6353);
 insert into SURVEY values (6389, 68, 'high_noon', 'high_noon.clearwater_master', NULL);
 insert into CENTRELINE values (6390, 6389, NULL, NULL, NULL, 0.00, 0.00, 0.00);
 insert into CENTRELINE values (6391, 6389, NULL, '2011-07-06', NULL, 135.81, 0.00, 0.00);
 insert into SHOT values (4347, 4327, 4328, 6391, 5.16, 62.80, 12.90, 5.16, 62.77, 12.89, 0.00, 296.63, -30.13);
insert into SHOT values (4348, 4327, 4329, 6391, 4.88, 159.26, 16.67, 4.87, 159.31, 16.57, 0.01, 248.66, -62.90);
insert into SHOT values (4349, 4327, 4330, 6391, 6.79, 113.25, 77.11, 6.78, 113.35, 77.10, 0.01, 214.73, -71.60);
insert into SHOT values (4350, 4327, 4331, 6391, 0.90, 88.20, -53.09, 0.91, 87.88, -53.49, 0.01, 325.51, -65.73);
insert into SHOT values (4351, 4327, 4332, 6391, 6.84, 93.78, 15.46, 6.84, 93.74, 15.43, 0.01, 46.85, -21.20);
insert into SHOT values (4352, 4332, 4333, 6391, 0.29, 22.73, 17.41, 0.28, 21.80, 16.55, 0.01, 246.04, -42.71);
insert into SHOT values (4353, 4332, 4334, 6391, 2.69, 170.48, 11.07, 2.69, 170.64, 10.91, 0.01, 237.23, -39.80);
insert into SHOT values (4354, 4332, 4335, 6391, 2.87, 46.44, 71.72, 2.87, 46.35, 71.79, 0.00, 251.79, 31.99);
insert into SHOT values (4355, 4332, 4336, 6391, 1.19, 86.28, -61.33, 1.20, 86.99, -61.47, 0.01, 173.79, -43.85);
insert into SHOT values (4356, 4332, 4337, 6391, 15.91, 96.03, -6.40, 15.91, 96.03, -6.42, 0.01, 288.85, -69.27);
insert into SHOT values (4357, 4337, 4338, 6391, 1.49, 358.67, 10.55, 1.49, 358.43, 10.85, 0.01, 223.01, 38.02);
insert into SHOT values (4358, 4337, 4339, 6391, 0.39, 169.71, 11.13, 0.39, 169.56, 11.70, 0.00, 68.49, 75.58);
insert into SHOT values (4359, 4337, 4340, 6391, 5.49, 33.06, 64.62, 5.49, 33.01, 64.66, 0.00, 250.10, 39.25);
insert into SHOT values (4360, 4337, 4341, 6391, 1.36, 72.39, -63.10, 1.35, 72.76, -63.35, 0.01, 225.13, 12.90);
insert into SHOT values (4361, 4337, 4342, 6391, 14.37, 79.29, 5.39, 14.37, 79.33, 5.39, 0.01, 168.69, 0.42);
insert into SHOT values (4362, 4342, 4343, 6391, 0.24, 6.59, 17.86, 0.24, 4.97, 19.11, 0.01, 309.63, 41.98);
insert into SHOT values (4363, 4342, 4344, 6391, 0.79, 180.51, 8.13, 0.79, 180.73, 8.75, 0.01, 323.00, 57.88);
insert into SHOT values (4364, 4342, 4345, 6391, 1.48, 23.81, 79.51, 1.49, 23.75, 79.40, 0.00, 18.54, 29.61);
insert into SHOT values (4365, 4342, 4346, 6391, 1.46, 57.88, -70.13, 1.45, 57.26, -69.84, 0.01, 7.22, 53.35);
insert into SHOT values (4366, 4342, 4347, 6391, 10.69, 98.44, -12.17, 10.69, 98.42, -12.15, 0.01, 6.98, 45.09);
insert into SHOT values (4367, 4347, 4348, 6391, 1.43, 8.98, 23.21, 1.43, 8.75, 23.06, 0.01, 298.83, -29.07);
insert into SHOT values (4368, 4347, 4349, 6391, 0.68, 173.47, -24.68, 0.67, 173.45, -24.51, 0.00, 358.30, 56.24);
insert into SHOT values (4369, 4347, 4350, 6391, 6.45, 18.83, 61.84, 6.45, 18.79, 61.87, 0.00, 234.81, 26.55);
insert into SHOT values (4370, 4347, 4351, 6391, 1.42, 193.97, -73.27, 1.42, 194.04, -73.13, 0.00, 205.23, 56.75);
insert into SHOT values (4371, 4347, 4352, 6391, 7.30, 27.06, 62.34, 7.30, 27.02, 62.35, 0.01, 330.44, 60.29);
insert into SHOT values (4372, 4347, 4353, 6391, 8.89, 97.79, -36.34, 8.89, 97.79, -36.37, 0.00, 277.09, -31.86);
insert into SHOT values (4373, 4327, 4354, 6391, 5.67, 133.60, 21.61, 5.66, 133.61, 21.57, 0.01, 297.24, -54.11);
insert into SHOT values (4374, 4327, 4355, 6391, 13.76, 297.18, -8.76, 13.76, 297.17, -8.78, 0.01, 161.56, -42.88);
insert into SHOT values (4375, 4327, 4356, 6391, 7.75, 272.41, 81.72, 7.74, 272.58, 81.75, 0.01, 58.17, -54.67);
insert into SHOT values (4376, 4327, 4357, 6391, 1.06, 258.48, -66.63, 1.07, 258.96, -66.91, 0.01, 26.70, -57.43);
insert into SHOT values (4377, 4327, 4358, 6391, 6.28, 213.88, -2.69, 6.27, 213.87, -2.74, 0.01, 44.07, -35.40);
insert into SHOT values (4378, 4358, 4359, 6391, 1.67, 137.81, 19.72, 1.67, 138.09, 19.61, 0.01, 220.99, -21.93);
insert into SHOT values (4379, 4358, 4360, 6391, 13.89, 314.21, -0.27, 13.89, 314.18, -0.25, 0.01, 225.46, 40.00);
insert into SHOT values (4380, 4358, 4361, 6391, 9.36, 219.74, 75.97, 9.36, 219.84, 75.91, 0.01, 242.16, -14.95);
insert into SHOT values (4381, 4358, 4362, 6391, 0.85, 221.50, -65.87, 0.84, 221.50, -65.73, 0.00, 199.44, 89.32);
insert into SHOT values (4382, 4358, 4363, 6391, 17.89, 239.45, 5.46, 17.90, 239.43, 5.45, 0.01, 186.34, -21.39);
insert into SHOT values (4383, 4358, 4364, 6391, 19.46, 271.43, 6.81, 19.46, 271.42, 6.82, 0.00, 226.06, 36.32);
insert into SHOT values (4384, 4358, 4365, 6391, 22.51, 280.43, 6.96, 22.51, 280.41, 6.96, 0.01, 244.25, 15.71);
insert into SHOT values (4385, 4358, 4366, 6391, 12.65, 300.12, 10.60, 12.65, 300.11, 10.61, 0.00, 194.07, 44.46);
insert into SHOT values (4386, 4358, 4367, 6391, 15.12, 338.03, 9.35, 15.12, 337.99, 9.36, 0.01, 247.19, 21.16);
insert into SHOT values (4387, 4358, 4368, 6391, 12.01, 45.20, 16.43, 12.01, 45.18, 16.44, 0.01, 271.75, 15.99);
insert into SHOT values (4388, 4358, 4369, 6391, 20.84, 40.94, 31.87, 20.85, 40.95, 31.88, 0.00, 178.61, 58.20);
insert into SHOT values (4389, 4358, 4370, 6391, 21.70, 19.36, 24.20, 21.70, 19.36, 24.22, 0.01, 201.73, 67.85);
insert into SHOT values (4390, 4358, 4371, 6391, 7.15, 72.18, 43.64, 7.15, 72.20, 43.71, 0.01, 243.05, 21.03);
insert into SHOT values (4391, 4358, 4372, 6391, 25.46, 353.19, -17.73, 25.46, 353.18, -17.72, 0.01, 262.62, 40.33);
insert into SHOT values (4392, 4358, 4373, 6391, 14.25, 326.88, -27.72, 14.25, 326.84, -27.73, 0.01, 247.19, -15.41);
insert into SHOT values (4393, 4358, 4374, 6391, 14.68, 194.56, 2.28, 14.68, 194.57, 2.26, 0.01, 209.87, -31.10);
insert into SHOT values (4394, 4358, 4375, 6391, 15.02, 194.42, 2.92, 15.02, 194.43, 2.94, 0.01, 219.52, 29.72);
insert into SHOT values (4395, 4358, 4376, 6391, 19.53, 312.48, 28.97, 19.54, 312.46, 28.96, 0.01, 258.01, -12.06);
insert into SHOT values (4396, 4376, 4377, 6391, 0.47, 224.56, 10.55, 0.47, 224.12, 11.08, 0.01, 100.49, 42.71);
insert into SHOT values (4397, 4376, 4378, 6391, 0.63, 39.68, 5.57, 0.63, 39.81, 5.49, 0.00, 138.66, -34.56);
insert into SHOT values (4398, 4376, 4379, 6391, 6.05, 142.98, 84.01, 6.05, 143.31, 83.97, 0.01, 181.89, 19.25);
insert into SHOT values (4399, 4376, 4380, 6391, 0.86, 328.38, -59.65, 0.86, 328.13, -59.51, 0.01, 212.53, 69.62);
insert into SHOT values (4400, 4376, 4381, 6391, 2.51, 298.84, 8.99, 2.51, 298.74, 8.96, 0.01, 180.64, -21.20);
insert into SHOT values (4401, 4381, 4382, 6391, 0.84, 217.24, 7.93, 0.84, 217.15, 8.25, 0.01, 52.48, 37.76);
insert into SHOT values (4402, 4381, 4383, 6391, 1.27, 34.56, 19.34, 1.28, 34.48, 19.70, 0.01, 270.74, 76.65);
insert into SHOT values (4403, 4381, 4384, 6391, 5.63, 351.21, 82.25, 5.63, 351.66, 82.26, 0.01, 87.69, 42.21);
insert into SHOT values (4404, 4381, 4385, 6391, 1.63, 279.17, -60.42, 1.62, 279.34, -60.41, 0.01, 55.18, 54.62);
insert into SHOT values (4405, 4381, 4386, 6391, 7.90, 292.49, 1.01, 7.90, 292.47, 1.02, 0.00, 209.37, 19.08);
insert into SHOT values (4406, 4386, 4387, 6391, 0.21, 222.05, 11.79, 0.21, 223.03, 13.70, 0.01, 318.85, 63.63);
insert into SHOT values (4407, 4386, 4388, 6391, 1.06, 19.98, 9.35, 1.07, 19.98, 9.70, 0.01, 20.37, 43.11);
insert into SHOT values (4408, 4386, 4389, 6391, 15.40, 331.71, 76.78, 15.40, 331.69, 76.78, 0.00, 225.02, -33.17);
insert into SHOT values (4409, 4386, 4390, 6391, 2.57, 346.85, -64.05, 2.57, 347.20, -63.97, 0.01, 56.25, 20.24);
insert into SHOT values (4410, 4386, 4391, 6391, 14.82, 308.85, 8.42, 14.82, 308.86, 8.42, 0.00, 335.67, -7.16);
insert into SHOT values (4411, 4391, 4392, 6391, 0.93, 211.98, 11.73, 0.93, 211.94, 11.83, 0.00, 43.53, 15.82);
insert into SHOT values (4412, 4391, 4393, 6391, 0.41, 357.57, 24.38, 0.42, 358.49, 24.09, 0.01, 61.46, -7.47);
insert into SHOT values (4413, 4391, 4394, 6391, 6.48, 277.27, 83.35, 6.48, 277.70, 83.39, 0.01, 43.39, 5.13);
insert into SHOT values (4414, 4391, 4395, 6391, 0.69, 320.98, -50.15, 0.69, 321.55, -50.68, 0.01, 110.71, -6.95);
insert into SHOT values (4415, 4391, 4396, 6391, 12.03, 127.49, -33.18, 12.03, 127.50, -33.16, 0.00, 142.75, 33.89);
insert into SHOT values (4416, 4391, 4397, 6391, 6.57, 285.63, 31.63, 6.57, 285.68, 31.69, 0.01, 53.32, 45.80);
insert into SHOT values (4417, 4397, 4398, 6391, 1.82, 158.32, 11.27, 1.82, 158.32, 11.09, 0.01, 346.90, -85.49);
insert into SHOT values (4418, 4397, 4399, 6391, 0.43, 348.90, 4.30, 0.43, 349.22, 4.01, 0.00, 42.35, -34.50);
insert into SHOT values (4419, 4397, 4400, 6391, 5.74, 101.44, 82.88, 5.73, 101.31, 82.85, 0.00, 73.22, -12.76);
insert into SHOT values (4420, 4397, 4401, 6391, 0.61, 263.44, -45.08, 0.61, 263.37, -44.81, 0.00, 256.15, -2.48);
insert into SHOT values (4421, 4397, 4402, 6391, 2.86, 164.79, 28.86, 2.86, 164.74, 28.82, 0.00, 140.94, 0.51);
insert into SHOT values (4422, 4402, 4403, 6391, 1.17, 158.66, 22.44, 1.17, 158.89, 22.12, 0.01, 221.56, -52.32);
insert into SHOT values (4423, 4402, 4404, 6391, 1.84, 349.58, 2.05, 1.84, 349.36, 1.87, 0.01, 266.25, -39.77);
insert into SHOT values (4424, 4402, 4405, 6391, 4.93, 6.44, 74.79, 4.92, 6.19, 74.72, 0.01, 313.04, -46.46);
insert into SHOT values (4425, 4402, 4406, 6391, 0.98, 152.42, -47.85, 0.98, 152.65, -48.19, 0.01, 308.83, -16.60);
insert into SHOT values (4426, 4402, 4407, 6391, 2.53, 348.17, -4.63, 2.53, 348.11, -4.76, 0.01, 326.14, -41.52);
insert into SHOT values (4427, 4402, 4408, 6391, 0.44, 141.16, 5.05, 0.44, 141.55, 5.26, 0.01, 298.82, 7.43);
insert into SHOT values (4428, 4402, 4409, 6391, 4.99, 8.38, 63.50, 4.98, 8.28, 63.51, 0.00, 262.50, -16.55);
insert into SHOT values (4429, 4402, 4410, 6391, 2.34, 326.45, -48.49, 2.35, 326.31, -48.62, 0.01, 211.30, -56.04);
insert into SHOT values (4430, 4402, 4411, 6391, 8.00, 18.13, 41.52, 8.00, 18.10, 41.52, 0.01, 237.98, -33.77);
insert into SHOT values (4431, 4411, 4412, 6391, 1.34, 272.83, 0.94, 1.34, 272.99, 0.85, 0.01, 324.19, -22.25);
insert into SHOT values (4432, 4411, 4413, 6391, 0.22, 70.23, 24.51, 0.22, 69.78, 23.96, 0.00, 300.48, -54.46);
insert into SHOT values (4433, 4411, 4414, 6391, 1.04, 222.02, 75.63, 1.04, 221.82, 75.83, 0.00, 55.69, 9.07);
insert into SHOT values (4434, 4411, 4415, 6391, 1.49, 35.38, -51.30, 1.49, 35.39, -51.21, 0.00, 45.70, 56.88);
insert into SHOT values (4435, 4411, 4416, 6391, 5.39, 336.15, -33.04, 5.40, 336.15, -33.00, 0.01, 338.76, 4.09);
insert into SHOT values (4436, 4416, 4417, 6391, 0.27, 291.72, 12.81, 0.26, 290.56, 13.17, 0.01, 170.85, 9.57);
insert into SHOT values (4437, 4416, 4418, 6391, 1.73, 73.49, 2.32, 1.73, 73.55, 2.32, 0.00, 114.65, -0.61);
insert into SHOT values (4438, 4416, 4419, 6391, 1.07, 35.86, 76.50, 1.07, 36.87, 76.48, 0.00, 117.58, 18.72);
insert into SHOT values (4439, 4416, 4420, 6391, 1.59, 61.19, -49.54, 1.59, 61.43, -49.74, 0.01, 196.72, -27.73);
insert into SHOT values (4440, 4416, 4421, 6391, 2.90, 21.75, 8.40, 2.91, 21.84, 8.31, 0.01, 65.97, -32.66);
insert into SHOT values (4441, 4421, 4422, 6391, 0.93, 21.93, 9.46, 0.93, 21.80, 9.91, 0.01, 237.59, 63.22);
insert into SHOT values (4442, 4422, 4423, 6391, 1.74, 266.02, 5.52, 1.73, 266.01, 5.30, 0.01, 91.00, -61.58);
insert into SHOT values (4443, 4422, 4424, 6391, 0.95, 144.90, 4.89, 0.95, 145.30, 4.82, 0.01, 217.37, -7.94);
insert into SHOT values (4444, 4422, 4425, 6391, 0.53, 127.92, 44.87, 0.52, 128.42, 44.99, 0.00, 257.50, -14.68);
insert into SHOT values (4445, 4422, 4426, 6391, 0.51, 174.09, -33.24, 0.51, 174.69, -32.96, 0.01, 219.39, 0.94);
insert into SHOT values (4446, 4422, 4427, 6391, 4.25, 41.12, -20.74, 4.25, 41.12, -20.83, 0.01, 223.84, -64.42);
insert into SHOT values (4447, 4422, 4428, 6391, 1.42, 34.35, -19.98, 1.42, 34.29, -20.21, 0.01, 325.86, -75.65);
insert into SHOT values (4448, 4428, 4429, 6391, 2.44, 266.14, -2.91, 2.44, 266.00, -2.82, 0.01, 158.47, 31.79);
insert into SHOT values (4449, 4428, 4430, 6391, 5.85, 282.48, 11.33, 5.85, 282.49, 11.34, 0.00, 294.41, 26.17);
insert into SHOT values (4450, 4428, 4431, 6391, 4.10, 300.50, -6.76, 4.10, 300.41, -6.73, 0.01, 222.06, 18.81);
insert into SHOT values (4451, 4428, 4432, 6391, 11.69, 333.60, -26.32, 11.68, 333.58, -26.32, 0.00, 206.24, 28.42);
insert into SHOT values (4452, 4428, 4433, 6391, 19.38, 325.04, -18.20, 19.38, 325.04, -18.19, 0.00, 126.40, 74.22);
insert into SHOT values (4453, 4428, 4434, 6391, 8.64, 342.24, -26.79, 8.63, 342.25, -26.78, 0.01, 148.71, 40.32);
insert into SHOT values (4454, 4428, 4435, 6391, 16.48, 339.49, -18.61, 16.48, 339.50, -18.61, 0.00, 125.14, 9.28);
insert into SHOT values (4455, 4428, 4436, 6391, 18.03, 329.42, -21.71, 18.02, 329.41, -21.69, 0.01, 179.45, 44.39);
insert into SHOT values (4456, 4428, 4437, 6391, 15.23, 322.25, -22.35, 15.23, 322.24, -22.34, 0.01, 272.88, 28.62);
insert into SHOT values (4457, 4428, 4438, 6391, 9.46, 7.30, -19.56, 9.46, 7.28, -19.52, 0.01, 293.05, 67.83);
insert into SHOT values (4458, 4428, 4439, 6391, 4.68, 355.58, -39.86, 4.68, 355.53, -39.88, 0.01, 216.28, 15.61);
insert into SHOT values (4459, 4428, 4440, 6391, 5.61, 44.88, -17.02, 5.61, 44.92, -16.99, 0.01, 137.93, 35.30);
insert into SHOT values (4460, 4428, 4441, 6391, 14.03, 40.71, 5.67, 14.03, 40.73, 5.69, 0.01, 138.44, 36.84);
insert into SHOT values (4461, 4428, 4442, 6391, 9.32, 51.40, -1.56, 9.32, 51.41, -1.54, 0.01, 211.47, 46.60);
insert into SHOT values (4462, 4428, 4443, 6391, 20.17, 55.31, 15.77, 20.17, 55.33, 15.80, 0.01, 183.18, 48.17);
insert into SHOT values (4463, 4428, 4444, 6391, 7.08, 71.04, 3.51, 7.08, 71.10, 3.56, 0.01, 144.34, 37.98);
insert into SHOT values (4464, 4428, 4445, 6391, 2.45, 101.29, -7.29, 2.45, 101.40, -7.28, 0.01, 225.75, 9.92);
insert into SHOT values (4465, 4428, 4446, 6391, 3.40, 113.71, 24.31, 3.40, 113.76, 24.28, 0.01, 135.67, 9.61);
insert into SHOT values (4466, 4428, 4447, 6391, 9.55, 346.82, -22.09, 9.54, 346.80, -22.09, 0.01, 191.21, 16.09);
insert into SHOT values (4467, 4428, 4448, 6391, 11.61, 334.25, -10.61, 11.61, 334.24, -10.62, 0.00, 198.31, -39.10);
insert into SHOT values (4468, 4428, 4449, 6391, 23.71, 355.60, -0.08, 23.71, 355.60, -0.07, 0.00, 310.04, 65.75);
insert into SHOT values (4469, 4428, 4450, 6391, 10.35, 80.67, 16.14, 10.35, 80.68, 16.16, 0.00, 137.77, 59.27);
insert into SHOT values (4470, 4428, 4451, 6391, 17.81, 81.97, 19.78, 17.81, 81.97, 19.79, 0.00, 254.12, 49.08);
insert into SHOT values (4471, 4428, 4452, 6391, 3.20, 175.53, 50.30, 3.20, 175.52, 50.25, 0.00, 169.28, 11.78);
insert into SHOT values (4472, 4428, 4453, 6391, 3.10, 127.27, 38.04, 3.10, 127.34, 38.20, 0.01, 269.22, 58.68);
insert into SHOT values (4473, 4428, 4454, 6391, 1.70, 222.71, 43.38, 1.70, 222.71, 43.37, 0.00, 222.17, 36.00);
insert into SHOT values (4474, 4428, 4455, 6391, 1.34, 241.81, 1.67, 1.34, 241.53, 1.71, 0.01, 188.37, 6.93);
insert into SHOT values (4475, 4428, 4456, 6391, 1.50, 175.12, -0.92, 1.50, 175.01, -0.77, 0.00, 102.16, 54.06);
insert into SCRAPS values (6392, 6389, 'high_noon_s3', 1, 0.42948, 0.06413);
 insert into SCRAPS values (6406, 6389, 'surface', 1, 0.00000, 0.00000);
 insert into SCRAPS values (6412, 6389, 'high_noon_s4', 1, 0.00000, 0.00000);
 insert into SCRAPS values (6418, 6389, 'high_noon_s1', 1, 0.44370, 0.03013);
 insert into SCRAPS values (6448, 6389, 'high_noon_s2', 1, 0.05280, 0.00430);
 insert into SCRAPS values (6484, 6389, 'high_noon_ext_s1', 3, 0.12301, 0.00659);
 insert into SCRAPS values (6504, 6389, 'high_noon_ext_s2', 3, 0.35932, 0.01252);
 insert into SCRAPS values (6522, 6389, 'doline', 3, 0.10895, 0.00487);
 insert into MAPS values (6531, 6389, 'highNoonPlan', 'High Noon, Clearwater Cave', 1, 135.810, 28.120);
 insert into MAPITEMS values (6531, 4, 6406);
 insert into MAPITEMS values (6531, 4, 6418);
 insert into MAPITEMS values (6531, 4, 6448);
 insert into MAPITEMS values (6531, 4, 6412);
 insert into MAPITEMS values (6531, 4, 6392);
 insert into MAPS values (6532, 6389, 'highNoonExt', NULL, 3, 135.810, 28.120);
 insert into MAPITEMS values (6532, 4, 6484);
 insert into MAPITEMS values (6532, 4, 6504);
 insert into MAPITEMS values (6532, 4, 6522);
 insert into SURVEY values (6534, 68, 'bladerunner', 'bladerunner.clearwater_master', NULL);
 insert into CENTRELINE values (6535, 6534, NULL, NULL, NULL, 0.00, 0.00, 0.00);
 insert into CENTRELINE values (6536, 6534, NULL, '2014-05-10', NULL, 804.30, 0.00, 0.00);
 insert into TOPO values (12, 6536);
 insert into TOPO values (13, 6536);
 insert into TOPO values (11, 6536);
 insert into SHOT values (4476, 4457, 4458, 6536, 15.45, 333.74, 13.63, 15.46, 333.72, 13.62, 0.01, 304.98, -5.62);
insert into SHOT values (4477, 4458, 4459, 6536, 7.57, 329.13, 8.07, 7.56, 329.15, 8.06, 0.01, 119.88, -22.52);
insert into SHOT values (4478, 4459, 4460, 6536, 25.12, 344.33, -10.23, 25.12, 344.32, -10.23, 0.00, 238.32, 20.18);
insert into SHOT values (4479, 4460, 4461, 6536, 28.60, 334.74, 9.37, 28.60, 334.74, 9.38, 0.00, 96.69, 66.94);
insert into SHOT values (4480, 4461, 4462, 6536, 15.96, 350.36, 6.40, 15.96, 350.35, 6.40, 0.01, 310.28, 10.23);
insert into SHOT values (4481, 4462, 4463, 6536, 12.35, 353.97, 29.56, 12.35, 353.96, 29.56, 0.00, 206.07, -38.05);
insert into SHOT values (4482, 4463, 4464, 6536, 12.93, 359.57, -10.59, 12.93, 359.59, -10.61, 0.01, 83.76, -34.53);
insert into SHOT values (4483, 4464, 4465, 6536, 13.47, 1.24, -18.34, 13.48, 1.25, -18.34, 0.01, 24.72, -11.39);
insert into SHOT values (4484, 4465, 4466, 6536, 8.33, 326.14, 44.06, 8.34, 326.10, 44.09, 0.01, 260.34, 56.10);
insert into SHOT values (4485, 4466, 4467, 6536, 16.38, 315.60, 8.89, 16.38, 315.60, 8.89, 0.00, 131.35, -19.59);
insert into SHOT values (4486, 4467, 4468, 6536, 22.50, 55.12, 20.06, 22.50, 55.11, 20.06, 0.00, 26.43, 29.98);
insert into SHOT values (4487, 4468, 4469, 6536, 20.25, 321.60, 3.73, 20.25, 321.57, 3.71, 0.01, 233.68, -35.22);
insert into SHOT values (4488, 4469, 4470, 6536, 10.13, 316.56, -9.65, 10.12, 316.58, -9.67, 0.01, 100.56, -15.54);
insert into SHOT values (4489, 4470, 4471, 6536, 13.26, 323.95, -28.05, 13.26, 323.93, -28.03, 0.01, 245.38, 56.82);
insert into SHOT values (4490, 4471, 4472, 6536, 4.67, 199.29, -8.17, 4.67, 199.34, -8.13, 0.01, 316.52, 40.71);
insert into SHOT values (4491, 4472, 4473, 6536, 4.52, 176.24, -22.39, 4.52, 176.16, -22.49, 0.01, 87.56, -54.37);
insert into SHOT values (4492, 4473, 4474, 6536, 20.22, 202.85, -36.52, 20.21, 202.86, -36.52, 0.01, 1.45, 33.14);
insert into SHOT values (4493, 4468, 4475, 6536, 11.58, 47.29, 18.28, 11.57, 47.32, 18.28, 0.01, 176.76, -14.97);
insert into SHOT values (4494, 4475, 4476, 6536, 16.08, 83.93, 17.34, 16.08, 83.90, 17.33, 0.01, 335.49, -18.23);
insert into SHOT values (4495, 4476, 4477, 6536, 17.92, 112.82, 6.78, 17.92, 112.82, 6.79, 0.00, 307.89, 61.98);
insert into SHOT values (4496, 4477, 4478, 6536, 7.34, 5.86, -16.71, 7.34, 5.88, -16.71, 0.00, 145.86, 6.46);
insert into SHOT values (4497, 4467, 4479, 6536, 21.67, 225.15, -40.39, 21.67, 225.15, -40.39, 0.00, 81.54, 54.98);
insert into SHOT values (4498, 4479, 4480, 6536, 15.72, 230.75, -40.53, 15.73, 230.77, -40.53, 0.01, 267.76, -30.91);
insert into SHOT values (4499, 4480, 4481, 6536, 4.96, 164.98, -36.40, 4.96, 164.92, -36.33, 0.01, 127.46, 26.36);
insert into SHOT values (4500, 4481, 4482, 6536, 17.29, 170.25, -41.21, 17.29, 170.26, -41.21, 0.00, 257.59, 19.60);
insert into SHOT values (4501, 4482, 4483, 6536, 20.14, 224.39, -24.19, 20.14, 224.40, -24.22, 0.01, 11.04, -41.34);
insert into SHOT values (4502, 4483, 4484, 6536, 25.75, 279.30, 8.79, 25.75, 279.30, 8.80, 0.01, 128.22, 52.23);
insert into SHOT values (4503, 4483, 4485, 6536, 20.42, 197.78, -16.83, 20.43, 197.78, -16.82, 0.01, 190.84, 15.18);
insert into SHOT values (4504, 4485, 4486, 6536, 26.55, 223.44, -12.27, 26.55, 223.45, -12.27, 0.01, 349.53, 17.39);
insert into SHOT values (4505, 4486, 4487, 6536, 19.67, 201.29, 19.34, 19.67, 201.29, 19.32, 0.01, 189.17, -31.94);
insert into SHOT values (4506, 4487, 4488, 6536, 12.52, 177.26, 14.63, 12.52, 177.26, 14.66, 0.01, 76.57, 83.18);
insert into SHOT values (4507, 4488, 4489, 6536, 13.56, 157.35, -1.90, 13.55, 157.33, -1.90, 0.01, 7.06, -3.24);
insert into SHOT values (4508, 4489, 4490, 6536, 19.17, 203.59, 20.48, 19.17, 203.57, 20.46, 0.01, 109.50, -45.25);
insert into SHOT values (4509, 4490, 4491, 6536, 17.31, 200.94, 4.73, 17.31, 200.96, 4.74, 0.01, 290.16, 27.82);
insert into SHOT values (4510, 4491, 4492, 6536, 11.42, 276.46, -17.58, 11.42, 276.43, -17.58, 0.01, 207.09, -7.69);
insert into SHOT values (4511, 4492, 4493, 6536, 27.51, 208.60, -10.77, 27.51, 208.59, -10.77, 0.01, 107.38, 5.65);
insert into SHOT values (4512, 4493, 4494, 6536, 32.75, 180.68, 16.57, 32.74, 180.69, 16.57, 0.01, 316.07, 0.75);
insert into SHOT values (4513, 4494, 4495, 6536, 37.36, 183.64, 21.41, 37.37, 183.64, 21.41, 0.01, 192.20, 14.09);
insert into SHOT values (4514, 4495, 4496, 6536, 14.42, 167.58, 32.57, 14.41, 167.54, 32.57, 0.01, 39.00, -15.06);
insert into SHOT values (4515, 4496, 4497, 6536, 25.96, 162.36, 32.42, 25.97, 162.37, 32.42, 0.01, 185.99, 19.25);
insert into SHOT values (4516, 4497, 4498, 6536, 26.14, 163.94, 35.41, 26.13, 163.95, 35.40, 0.01, 310.88, -50.34);
insert into SHOT values (4517, 4498, 4499, 6536, 26.08, 186.79, 32.19, 26.09, 186.79, 32.20, 0.01, 188.00, 60.14);
insert into SHOT values (4518, 4483, 4500, 6536, 17.75, 113.36, -29.02, 17.75, 113.38, -29.01, 0.01, 172.13, 7.92);
insert into SHOT values (4519, 4500, 4501, 6536, 17.67, 175.13, -39.28, 17.67, 175.14, -39.26, 0.01, 214.25, 73.63);
insert into SHOT values (4520, 4501, 4502, 6536, 27.88, 160.91, -22.63, 27.88, 160.90, -22.63, 0.00, 114.18, -29.74);
insert into SHOT values (4521, 4460, 4503, 6536, 7.06, 241.38, 77.03, 7.06, 241.33, 77.03, 0.00, 136.68, 4.84);
insert into SHOT values (4522, 4460, 4504, 6536, 1.78, 242.41, -86.28, 1.78, 243.43, -86.41, 0.01, 34.03, -41.71);
insert into SHOT values (4523, 4460, 4505, 6536, 6.67, 257.87, -72.87, 6.67, 257.95, -72.87, 0.01, 14.40, 54.70);
insert into SHOT values (4524, 4460, 4506, 6536, 5.19, 247.34, -8.62, 5.18, 247.39, -8.66, 0.01, 37.28, -13.70);
insert into SHOT values (4525, 4460, 4507, 6536, 10.89, 227.20, 15.08, 10.88, 227.20, 15.07, 0.01, 50.09, -25.61);
insert into SHOT values (4526, 4460, 4508, 6536, 6.33, 67.24, -3.67, 6.34, 67.21, -3.62, 0.01, 38.47, 33.53);
insert into SHOT values (4527, 4460, 4509, 6536, 26.85, 148.13, 30.50, 26.85, 148.11, 30.51, 0.01, 35.00, 16.58);
insert into SHOT values (4528, 4460, 4510, 6536, 20.28, 140.78, 31.90, 20.28, 140.75, 31.91, 0.01, 22.89, 19.45);
insert into SHOT values (4529, 4460, 4511, 6536, 9.00, 61.36, 8.68, 9.00, 61.33, 8.69, 0.01, 16.06, 16.61);
insert into SHOT values (4530, 4462, 4512, 6536, 11.14, 202.62, 78.76, 11.13, 202.54, 78.78, 0.01, 49.75, -43.11);
insert into SHOT values (4531, 4462, 4513, 6536, 0.48, 340.10, -84.62, 0.48, 345.96, -85.09, 0.01, 113.55, -20.02);
insert into SHOT values (4532, 4462, 4514, 6536, 7.29, 246.70, -59.55, 7.29, 246.70, -59.60, 0.01, 67.24, -57.94);
insert into SHOT values (4533, 4462, 4515, 6536, 6.33, 268.19, -6.31, 6.33, 268.18, -6.35, 0.00, 229.36, -65.41);
insert into SHOT values (4534, 4462, 4516, 6536, 1.00, 111.42, -2.94, 1.00, 111.16, -3.44, 0.01, 3.60, -61.49);
insert into SHOT values (4535, 4463, 4517, 6536, 4.79, 121.14, 79.90, 4.78, 120.85, 79.90, 0.01, 13.23, -51.97);
insert into SHOT values (4536, 4463, 4518, 6536, 1.75, 210.84, -79.43, 1.75, 210.65, -79.66, 0.01, 39.07, 2.41);
insert into SHOT values (4537, 4463, 4519, 6536, 1.00, 254.45, 6.13, 0.99, 254.69, 6.37, 0.01, 50.31, 17.41);
insert into SHOT values (4538, 4463, 4520, 6536, 4.30, 64.34, -0.84, 4.31, 64.27, -0.80, 0.01, 28.76, 18.06);
insert into SHOT values (4539, 4463, 4521, 6536, 15.48, 84.59, 36.51, 15.48, 84.56, 36.50, 0.01, 25.63, -0.21);
insert into SHOT values (4540, 4464, 4522, 6536, 1.75, 47.85, 79.63, 1.75, 47.60, 79.74, 0.00, 248.54, -20.39);
insert into SHOT values (4541, 4464, 4523, 6536, 2.18, 34.43, -82.25, 2.18, 34.22, -82.03, 0.01, 26.72, 0.60);
insert into SHOT values (4542, 4464, 4524, 6536, 1.86, 291.51, -8.48, 1.86, 291.69, -8.35, 0.01, 15.74, 37.05);
insert into SHOT values (4543, 4464, 4525, 6536, 3.90, 106.88, 2.64, 3.90, 106.85, 2.64, 0.00, 58.23, 8.84);
insert into SHOT values (4544, 4464, 4526, 6536, 15.79, 108.63, 42.02, 15.79, 108.59, 42.02, 0.01, 29.00, 2.25);
insert into SHOT values (4545, 4466, 4527, 6536, 12.00, 354.73, 84.70, 12.00, 354.81, 84.72, 0.00, 154.30, 17.34);
insert into SHOT values (4546, 4466, 4528, 6536, 1.60, 79.45, -82.81, 1.60, 81.47, -82.75, 0.01, 154.85, -19.32);
insert into SHOT values (4547, 4466, 4529, 6536, 5.29, 229.92, -3.29, 5.29, 229.92, -3.36, 0.01, 67.85, -80.88);
insert into SHOT values (4548, 4466, 4530, 6536, 13.41, 180.53, -39.37, 13.42, 180.55, -39.37, 0.01, 228.51, -33.95);
insert into SHOT values (4549, 4466, 4531, 6536, 0.18, 44.98, -1.95, 0.18, 47.29, -3.24, 0.01, 158.62, -26.46);
insert into SHOT values (4550, 4467, 4532, 6536, 11.96, 81.05, 79.85, 11.96, 80.98, 79.86, 0.00, 316.50, -44.20);
insert into SHOT values (4551, 4467, 4533, 6536, 3.32, 98.73, -82.21, 3.32, 99.04, -82.29, 0.01, 250.46, -7.16);
insert into SHOT values (4552, 4467, 4534, 6536, 13.30, 21.87, 1.02, 13.30, 21.86, 0.99, 0.01, 256.13, -61.99);
insert into SHOT values (4553, 4467, 4535, 6536, 1.22, 239.88, -38.64, 1.22, 239.96, -38.40, 0.01, 252.50, 16.63);
insert into SHOT values (4554, 4467, 4536, 6536, 45.04, 235.30, -37.08, 45.04, 235.29, -37.08, 0.01, 156.88, -41.11);
insert into SHOT values (4555, 4467, 4537, 6536, 17.65, 257.24, -33.15, 17.65, 257.25, -33.15, 0.00, 31.79, 19.53);
insert into SHOT values (4556, 4467, 4538, 6536, 17.62, 324.85, -3.37, 17.62, 324.84, -3.38, 0.01, 238.86, -47.04);
insert into SHOT values (4557, 4467, 4539, 6536, 13.13, 217.52, -10.01, 13.14, 217.53, -10.00, 0.01, 227.78, 18.29);
insert into SHOT values (4558, 4468, 4540, 6536, 5.04, 147.61, 85.22, 5.04, 148.57, 85.20, 0.01, 222.89, -18.67);
insert into SHOT values (4559, 4468, 4541, 6536, 1.40, 310.00, -79.46, 1.40, 308.66, -79.49, 0.01, 219.66, -31.16);
insert into SHOT values (4560, 4468, 4542, 6536, 20.66, 142.91, 3.30, 20.66, 142.94, 3.27, 0.01, 231.04, -39.52);
insert into SHOT values (4561, 4468, 4543, 6536, 12.82, 154.46, -10.26, 12.82, 154.51, -10.29, 0.01, 229.05, -29.26);
insert into SHOT values (4562, 4468, 4544, 6536, 15.36, 151.19, 11.48, 15.36, 151.20, 11.46, 0.01, 263.24, -60.21);
insert into SHOT values (4563, 4468, 4545, 6536, 46.25, 322.08, 3.13, 46.25, 322.08, 3.12, 0.01, 127.64, -76.32);
insert into SHOT values (4564, 4468, 4546, 6536, 30.32, 61.13, 18.27, 30.32, 61.13, 18.26, 0.01, 249.03, -55.90);
insert into SHOT values (4565, 4468, 4547, 6536, 25.93, 10.27, 18.97, 25.92, 10.27, 18.96, 0.01, 192.15, -45.32);
insert into SHOT values (4566, 4471, 4548, 6536, 6.62, 234.97, 68.37, 6.62, 235.01, 68.35, 0.00, 290.68, -63.00);
insert into SHOT values (4567, 4471, 4549, 6536, 44.26, 63.29, 53.24, 44.26, 63.28, 53.24, 0.00, 339.84, 13.87);
insert into SHOT values (4568, 4471, 4550, 6536, 1.48, 309.30, -78.33, 1.48, 309.56, -78.37, 0.00, 76.89, -19.17);
insert into SHOT values (4569, 4471, 4551, 6536, 5.31, 51.48, 2.14, 5.31, 51.42, 2.16, 0.01, 343.23, 17.23);
insert into SHOT values (4570, 4471, 4552, 6536, 4.47, 253.20, 4.46, 4.47, 253.31, 4.49, 0.01, 335.11, 15.11);
insert into SHOT values (4571, 4471, 4553, 6536, 46.63, 310.65, -38.05, 46.63, 310.66, -38.04, 0.01, 356.83, 2.14);
insert into SHOT values (4572, 4467, 4554, 6536, 17.94, 139.87, 43.78, 17.94, 139.85, 43.78, 0.00, 25.86, -33.50);
insert into SHOT values (4573, 4467, 4555, 6536, 16.85, 142.82, -3.50, 16.85, 142.83, -3.51, 0.00, 270.66, -19.24);
insert into SHOT values (4574, 4467, 4556, 6536, 5.36, 36.88, -12.64, 5.36, 36.91, -12.72, 0.01, 161.13, -62.33);
insert into SHOT values (4575, 4467, 4557, 6536, 13.99, 310.30, -4.58, 13.99, 310.29, -4.59, 0.01, 274.02, -33.54);
insert into SHOT values (4576, 4483, 4558, 6536, 4.12, 180.75, 77.32, 4.12, 180.63, 77.24, 0.01, 162.17, 4.59);
insert into SHOT values (4577, 4483, 4559, 6536, 5.58, 214.33, 79.05, 5.58, 214.29, 79.00, 0.01, 205.48, 17.00);
insert into SHOT values (4578, 4483, 4560, 6536, 1.21, 198.57, -85.18, 1.20, 196.70, -85.03, 0.01, 146.71, 52.86);
insert into SHOT values (4579, 4483, 4561, 6536, 3.25, 190.30, -80.26, 3.25, 190.30, -80.09, 0.01, 190.59, 18.94);
insert into SHOT values (4580, 4483, 4562, 6536, 9.08, 114.14, 15.63, 9.08, 114.16, 15.65, 0.01, 173.30, 42.82);
insert into SHOT values (4581, 4483, 4563, 6536, 11.90, 185.20, -3.87, 11.91, 185.22, -3.85, 0.01, 213.24, 23.81);
insert into SHOT values (4582, 4483, 4564, 6536, 3.42, 283.27, -2.89, 3.41, 283.22, -2.85, 0.01, 132.16, 22.05);
insert into SHOT values (4583, 4483, 4565, 6536, 4.42, 352.81, -3.88, 4.41, 352.83, -3.90, 0.01, 159.52, -9.34);
insert into SHOT values (4584, 4490, 4566, 6536, 1.97, 194.04, 77.66, 1.98, 195.02, 77.60, 0.01, 258.75, 34.52);
insert into SHOT values (4585, 4490, 4567, 6536, 1.18, 153.06, -73.58, 1.18, 153.43, -73.47, 0.00, 203.01, 33.17);
insert into SHOT values (4586, 4490, 4568, 6536, 5.07, 112.40, -1.09, 5.06, 112.41, -1.02, 0.01, 284.26, 43.43);
insert into SHOT values (4587, 4490, 4569, 6536, 6.06, 200.88, 4.64, 6.07, 200.92, 4.63, 0.01, 227.91, -1.31);
insert into SHOT values (4588, 4490, 4570, 6536, 2.06, 272.52, -5.70, 2.06, 272.51, -5.57, 0.01, 266.66, 64.72);
insert into SHOT values (4589, 4491, 4571, 6536, 2.26, 248.58, 81.42, 2.26, 247.25, 81.43, 0.01, 150.52, -30.83);
insert into SHOT values (4590, 4491, 4572, 6536, 0.63, 212.07, -87.40, 0.63, 213.69, -86.72, 0.01, 219.85, -4.92);
insert into SHOT values (4591, 4491, 4573, 6536, 26.55, 182.43, 6.41, 26.55, 182.43, 6.40, 0.00, 282.37, -71.40);
insert into SHOT values (4592, 4491, 4574, 6536, 28.31, 171.54, 7.09, 28.31, 171.55, 7.08, 0.01, 234.99, -48.45);
insert into SHOT values (4593, 4491, 4575, 6536, 6.79, 1.43, -10.10, 6.79, 1.46, -10.10, 0.00, 130.30, 10.07);
insert into SHOT values (4594, 4502, 4576, 6536, 3.07, 121.16, 78.58, 3.07, 120.80, 78.63, 0.00, 357.97, 9.77);
insert into SHOT values (4595, 4502, 4577, 6536, 0.77, 162.07, -87.87, 0.77, 153.43, -88.34, 0.01, 9.35, -4.15);
insert into SHOT values (4596, 4502, 4578, 6536, 44.59, 148.11, -58.56, 44.59, 148.11, -58.58, 0.01, 317.59, -31.02);
insert into SHOT values (4597, 4502, 4579, 6536, 18.35, 172.12, -69.98, 18.35, 172.13, -69.99, 0.00, 335.42, 20.98);
insert into SHOT values (4598, 4502, 4580, 6536, 23.11, 160.44, -64.61, 23.11, 160.47, -64.63, 0.01, 313.92, -11.91);
insert into SHOT values (4599, 4502, 4581, 6536, 4.22, 67.94, -16.91, 4.22, 67.88, -16.94, 0.00, 331.44, -31.76);
insert into SHOT values (4600, 4502, 4582, 6536, 3.08, 241.44, 3.66, 3.08, 241.60, 3.54, 0.01, 358.18, -34.89);
insert into SURVEY values (6538, 68, 'lost_in_translation', 'lost_in_translation.clearwater_master', NULL);
 insert into CENTRELINE values (6539, 6538, NULL, NULL, NULL, 0.00, 0.00, 0.00);
 insert into CENTRELINE values (6540, 6538, NULL, '2014-05-08', NULL, 258.38, 0.00, 0.00);
 insert into TOPO values (9, 6540);
 insert into SHOT values (4601, 4583, 4584, 6540, 9.13, 227.80, -18.11, 9.13, 227.76, -18.13, 0.01, 122.07, -25.91);
insert into SHOT values (4602, 4584, 4585, 6540, 2.64, 152.81, 24.48, 2.64, 153.01, 24.61, 0.01, 250.29, 35.83);
insert into SHOT values (4603, 4584, 4586, 6540, 7.56, 333.87, 3.76, 7.56, 333.81, 3.79, 0.01, 243.34, 27.26);
insert into SHOT values (4604, 4584, 4587, 6540, 11.88, 193.61, 84.64, 11.88, 194.04, 84.62, 0.01, 260.95, 12.24);
insert into SHOT values (4605, 4584, 4588, 6540, 0.98, 127.65, -87.41, 0.98, 135.00, -87.52, 0.01, 239.78, -9.70);
insert into SHOT values (4606, 4584, 4589, 6540, 17.99, 220.94, 43.52, 17.99, 220.96, 43.53, 0.01, 335.78, 22.60);
insert into SHOT values (4607, 4584, 4590, 6540, 16.08, 252.34, 28.06, 16.09, 252.37, 28.07, 0.01, 298.29, 31.02);
insert into SHOT values (4608, 4584, 4591, 6540, 9.95, 282.28, 4.19, 9.95, 282.27, 4.21, 0.00, 260.61, 39.21);
insert into SHOT values (4609, 4584, 4592, 6540, 14.72, 121.73, 54.05, 14.72, 121.70, 54.07, 0.01, 358.08, 37.38);
insert into SHOT values (4610, 4584, 4593, 6540, 13.85, 83.81, 29.82, 13.85, 83.79, 29.84, 0.01, 305.52, 19.94);
insert into SHOT values (4611, 4584, 4594, 6540, 3.56, 49.76, -8.09, 3.56, 49.72, -8.07, 0.00, 334.15, 22.05);
insert into SHOT values (4612, 4584, 4595, 6540, 10.56, 52.41, 47.52, 10.56, 52.41, 47.53, 0.00, 254.51, 61.24);
insert into SHOT values (4613, 4584, 4596, 6540, 7.60, 21.01, 18.53, 7.60, 20.97, 18.56, 0.01, 310.71, 44.99);
insert into SHOT values (4614, 4584, 4597, 6540, 6.77, 345.18, -10.73, 6.77, 345.11, -10.72, 0.01, 267.63, 2.96);
insert into SHOT values (4615, 4584, 4598, 6540, 3.47, 315.76, -34.14, 3.48, 315.70, -34.12, 0.01, 287.75, -18.55);
insert into SHOT values (4616, 4584, 4599, 6540, 9.90, 313.70, 22.22, 9.90, 313.67, 22.25, 0.01, 246.42, 53.81);
insert into SHOT values (4617, 4584, 4600, 6540, 9.99, 282.29, 11.12, 9.99, 282.31, 11.14, 0.01, 319.19, 35.70);
insert into SHOT values (4618, 4584, 4601, 6540, 9.58, 349.17, 33.83, 9.59, 349.14, 33.85, 0.01, 308.10, 47.39);
insert into SHOT values (4619, 4584, 4602, 6540, 10.38, 336.36, 63.61, 10.38, 336.38, 63.60, 0.00, 0.62, 26.14);
insert into SHOT values (4620, 4584, 4603, 6540, 8.49, 279.69, -22.16, 8.49, 279.67, -22.15, 0.00, 183.72, 31.17);
insert into SHOT values (4621, 4603, 4604, 6540, 0.97, 257.59, 3.78, 0.97, 258.11, 3.54, 0.01, 329.45, -23.01);
insert into SHOT values (4622, 4603, 4605, 6540, 2.31, 34.74, -9.44, 2.31, 34.46, -9.46, 0.01, 306.21, -4.88);
insert into SHOT values (4623, 4603, 4606, 6540, 3.39, 327.65, 43.07, 3.40, 327.65, 43.02, 0.01, 328.33, 28.31);
insert into SHOT values (4624, 4603, 4607, 6540, 1.15, 101.31, -86.44, 1.15, 98.13, -86.48, 0.00, 359.70, -28.99);
insert into SHOT values (4625, 4603, 4608, 6540, 11.50, 355.94, -47.48, 11.51, 355.95, -47.47, 0.01, 2.24, -28.98);
insert into SHOT values (4626, 4609, 4603, 6540, 11.10, 176.43, 46.31, 11.11, 176.41, 46.29, 0.01, 162.29, 27.41);
insert into SHOT values (4627, 4610, 4609, 6540, 9.81, 104.96, 45.75, 9.80, 104.91, 45.74, 0.01, 354.49, -32.40);
insert into SHOT values (4628, 4610, 4611, 6540, 2.67, 27.89, 6.13, 2.67, 27.82, 6.23, 0.01, 320.20, 53.24);
insert into SHOT values (4629, 4610, 4612, 6540, 0.54, 170.67, 18.58, 0.53, 170.91, 18.56, 0.01, 329.60, -19.26);
insert into SHOT values (4630, 4610, 4613, 6540, 6.48, 15.15, 74.24, 6.48, 15.14, 74.24, 0.00, 1.17, 72.31);
insert into SHOT values (4631, 4610, 4614, 6540, 1.36, 167.42, -84.38, 1.36, 167.01, -84.36, 0.00, 90.70, 74.01);
insert into SHOT values (4632, 4610, 4615, 6540, 8.59, 277.10, -13.83, 8.59, 277.09, -13.80, 0.00, 252.26, 47.03);
insert into SHOT values (4633, 4610, 4616, 6540, 12.62, 255.43, 14.40, 12.62, 255.45, 14.41, 0.01, 14.60, 13.39);
insert into SHOT values (4634, 4610, 4617, 6540, 12.48, 239.66, 14.19, 12.48, 239.66, 14.20, 0.00, 47.67, 27.55);
insert into SHOT values (4635, 4610, 4618, 6540, 10.51, 270.39, 52.02, 10.51, 270.44, 52.00, 0.01, 337.80, -33.37);
insert into SHOT values (4636, 4610, 4619, 6540, 9.40, 308.90, -16.75, 9.40, 308.87, -16.75, 0.01, 243.88, -9.93);
insert into SHOT values (4637, 4610, 4620, 6540, 3.77, 343.65, -13.84, 3.77, 343.65, -13.82, 0.00, 173.29, 44.88);
insert into SHOT values (4638, 4610, 4621, 6540, 1.95, 185.48, 2.65, 1.95, 185.59, 2.64, 0.00, 256.05, -2.20);
insert into SHOT values (4639, 4622, 4610, 6540, 9.02, 125.80, 17.71, 9.02, 125.82, 17.68, 0.01, 158.58, -37.78);
insert into SHOT values (4640, 4622, 4623, 6540, 0.25, 280.41, 5.50, 0.25, 279.09, 4.52, 0.01, 226.58, -28.74);
insert into SHOT values (4641, 4622, 4624, 6540, 5.54, 98.39, 5.64, 5.54, 98.45, 5.60, 0.01, 216.87, -32.63);
insert into SHOT values (4642, 4622, 4625, 6540, 8.85, 18.37, 84.71, 8.85, 18.66, 84.73, 0.01, 146.80, -23.86);
insert into SHOT values (4643, 4622, 4626, 6540, 1.48, 244.46, -81.26, 1.49, 243.43, -81.35, 0.01, 136.25, -59.63);
insert into SHOT values (4644, 4627, 4622, 6540, 5.57, 235.74, 8.44, 5.57, 235.73, 8.47, 0.00, 68.92, 40.26);
insert into SHOT values (4645, 4627, 4628, 6540, 2.15, 323.32, 11.67, 2.15, 323.29, 11.53, 0.01, 301.39, -61.62);
insert into SHOT values (4646, 4627, 4629, 6540, 1.60, 117.89, 7.65, 1.60, 117.86, 7.55, 0.00, 318.59, -51.61);
insert into SHOT values (4647, 4627, 4630, 6540, 3.17, 296.23, 85.83, 3.17, 296.57, 85.95, 0.01, 105.51, -12.89);
insert into SHOT values (4648, 4627, 4631, 6540, 1.45, 325.88, -84.22, 1.45, 326.31, -84.28, 0.00, 115.01, 51.25);
insert into SHOT values (4649, 4627, 4632, 6540, 8.97, 47.08, -41.26, 8.97, 47.10, -41.28, 0.00, 172.57, -36.72);
insert into SHOT values (4650, 4632, 4633, 6540, 4.30, 292.80, -1.31, 4.30, 292.87, -1.33, 0.01, 35.85, -18.44);
insert into SHOT values (4651, 4622, 4634, 6540, 11.52, 172.63, 27.57, 11.52, 172.63, 27.56, 0.00, 178.63, -36.03);
insert into SHOT values (4652, 4634, 4635, 6540, 3.39, 203.38, 3.31, 3.39, 203.31, 3.21, 0.01, 139.65, -51.04);
insert into SHOT values (4653, 4634, 4636, 6540, 4.93, 330.65, 0.62, 4.93, 330.63, 0.58, 0.01, 309.30, -34.74);
insert into SHOT values (4654, 4634, 4637, 6540, 1.48, 299.98, 77.98, 1.48, 299.05, 77.97, 0.01, 217.00, 25.98);
insert into SHOT values (4655, 4634, 4638, 6540, 1.72, 227.40, -83.79, 1.72, 227.12, -83.63, 0.01, 216.84, -1.05);
insert into SHOT values (4656, 4634, 4639, 6540, 8.32, 300.13, 1.73, 8.32, 300.11, 1.72, 0.00, 156.26, -14.95);
insert into SHOT values (4657, 4639, 4640, 6540, 0.83, 222.65, 3.52, 0.83, 222.55, 3.46, 0.00, 118.05, -33.50);
insert into SHOT values (4658, 4639, 4641, 6540, 0.99, 22.94, 9.13, 0.99, 22.89, 9.30, 0.00, 261.08, 71.17);
insert into SHOT values (4659, 4639, 4642, 6540, 0.71, 343.11, 85.27, 0.71, 341.57, 84.91, 0.01, 323.07, 25.91);
insert into SHOT values (4660, 4639, 4643, 6540, 0.24, 289.18, -72.31, 0.24, 293.20, -71.68, 0.01, 349.49, -12.38);
insert into SHOT values (4661, 4639, 4644, 6540, 3.38, 298.99, -9.79, 3.38, 299.10, -9.71, 0.01, 6.87, 30.36);
insert into SHOT values (4662, 4644, 4645, 6540, 2.69, 212.47, 3.15, 2.70, 212.57, 2.98, 0.01, 243.82, -41.12);
insert into SHOT values (4663, 4644, 4646, 6540, 1.92, 22.48, 3.02, 1.92, 22.41, 2.99, 0.00, 255.26, -21.31);
insert into SHOT values (4664, 4644, 4647, 6540, 1.55, 44.30, 81.40, 1.55, 45.00, 81.59, 0.01, 197.71, -22.61);
insert into SHOT values (4665, 4644, 4648, 6540, 0.77, 196.16, -84.65, 0.77, 195.95, -84.60, 0.00, 181.00, -72.74);
insert into SHOT values (4666, 4644, 4649, 6540, 7.96, 279.42, -17.13, 7.97, 279.38, -17.16, 0.01, 233.75, -34.95);
insert into SHOT values (4667, 4649, 4650, 6540, 2.33, 226.27, 13.68, 2.32, 226.26, 13.70, 0.01, 50.06, -7.71);
insert into SHOT values (4668, 4649, 4651, 6540, 4.67, 23.92, 4.51, 4.68, 23.93, 4.54, 0.01, 28.70, 29.51);
insert into SHOT values (4669, 4649, 4652, 6540, 6.28, 31.98, 82.68, 6.28, 32.31, 82.64, 0.01, 78.25, 10.53);
insert into SHOT values (4670, 4649, 4653, 6540, 1.22, 209.55, -81.49, 1.21, 209.36, -81.30, 0.01, 198.60, 59.83);
insert into SHOT values (4671, 4649, 4654, 6540, 6.63, 74.06, 1.04, 6.64, 74.08, 1.04, 0.01, 94.79, -3.22);
insert into SHOT values (4672, 4654, 4655, 6540, 2.28, 296.44, -4.58, 2.28, 296.34, -4.52, 0.01, 248.69, 20.98);
insert into SHOT values (4673, 4654, 4656, 6540, 0.25, 95.07, 5.51, 0.25, 94.57, 6.82, 0.01, 46.91, 64.07);
insert into SHOT values (4674, 4654, 4657, 6540, 1.21, 354.20, 70.89, 1.22, 354.29, 70.73, 0.01, 0.31, 48.58);
insert into SHOT values (4675, 4654, 4658, 6540, 1.38, 42.05, -84.29, 1.38, 41.99, -84.39, 0.00, 225.10, 48.71);
insert into SHOT values (4676, 4654, 4659, 6540, 3.59, 344.08, -15.73, 3.60, 344.08, -15.65, 0.01, 341.99, 42.69);
insert into SHOT values (4677, 4659, 4660, 6540, 0.29, 304.35, 7.74, 0.29, 303.69, 7.90, 0.00, 232.16, 15.13);
insert into SHOT values (4678, 4659, 4661, 6540, 1.70, 144.85, 15.10, 1.69, 144.95, 15.05, 0.01, 292.16, -28.23);
insert into SHOT values (4679, 4659, 4662, 6540, 0.90, 141.46, 61.22, 0.90, 141.55, 61.21, 0.00, 178.63, 47.30);
insert into SHOT values (4680, 4659, 4663, 6540, 0.64, 177.21, -86.32, 0.64, 180.00, -86.42, 0.00, 297.23, -30.41);
insert into SHOT values (4681, 4659, 4664, 6540, 2.64, 57.94, -0.59, 2.63, 57.88, -0.65, 0.00, 282.62, -35.75);
insert into SHOT values (4682, 4664, 4665, 6540, 5.82, 74.72, -80.96, 5.82, 74.74, -80.99, 0.00, 245.04, -44.21);
insert into SHOT values (4683, 4649, 4666, 6540, 12.72, 322.26, -31.68, 12.72, 322.28, -31.69, 0.01, 90.97, 2.29);
insert into SHOT values (4684, 4666, 4667, 6540, 4.04, 247.89, 6.52, 4.04, 247.91, 6.54, 0.00, 300.50, 39.87);
insert into SHOT values (4685, 4666, 4668, 6540, 2.94, 76.78, 8.59, 2.94, 76.68, 8.60, 0.01, 0.20, 9.55);
insert into SHOT values (4686, 4666, 4669, 6540, 9.61, 315.88, 83.95, 9.61, 315.80, 83.92, 0.01, 300.29, 24.42);
insert into SHOT values (4687, 4666, 4670, 6540, 0.35, 101.89, -83.63, 0.35, 104.04, -83.28, 0.00, 134.97, -37.38);
insert into SHOT values (4688, 4666, 4671, 6540, 5.54, 187.19, 35.86, 5.54, 187.17, 35.93, 0.01, 20.87, 35.01);
insert into SHOT values (4689, 4666, 4672, 6540, 7.60, 252.67, 46.18, 7.60, 252.67, 46.12, 0.01, 249.30, -26.39);
insert into SHOT values (4690, 4666, 4673, 6540, 5.94, 191.29, -33.85, 5.94, 191.33, -33.84, 0.00, 241.35, -15.14);
insert into SHOT values (4691, 4666, 4674, 6540, 18.02, 303.01, 2.63, 18.03, 303.01, 2.64, 0.01, 304.41, 25.01);
insert into SHOT values (4692, 4666, 4675, 6540, 25.57, 359.31, 14.85, 25.57, 359.30, 14.85, 0.01, 216.48, -37.53);
insert into SHOT values (4693, 4666, 4676, 6540, 8.29, 18.96, -3.03, 8.29, 18.96, -3.04, 0.00, 20.89, -66.56);
insert into SHOT values (4694, 4666, 4677, 6540, 18.76, 304.31, -25.33, 18.77, 304.31, -25.33, 0.00, 290.30, -53.84);
insert into SHOT values (4695, 4677, 4678, 6540, 3.10, 279.12, -9.17, 3.10, 279.22, -9.10, 0.01, 8.06, 37.04);
insert into SHOT values (4696, 4677, 4679, 6540, 4.46, 93.56, 16.25, 4.46, 93.62, 16.29, 0.01, 220.79, 19.81);
insert into SHOT values (4697, 4677, 4680, 6540, 11.65, 147.14, 85.58, 11.65, 146.84, 85.59, 0.01, 34.28, 42.60);
insert into SHOT values (4698, 4677, 4681, 6540, 0.88, 121.36, -85.12, 0.87, 123.69, -85.26, 0.01, 255.14, 59.19);
insert into SHOT values (4699, 4677, 4682, 6540, 14.95, 198.72, 7.60, 14.95, 198.74, 7.61, 0.01, 319.54, 23.95);
insert into SHOT values (4700, 4677, 4683, 6540, 5.86, 219.11, 23.09, 5.86, 219.12, 23.12, 0.00, 8.81, 33.76);
insert into SHOT values (4701, 4677, 4684, 6540, 13.56, 181.02, 42.35, 13.56, 181.03, 42.37, 0.01, 264.37, 72.78);
insert into SHOT values (4702, 4677, 4685, 6540, 6.00, 149.05, 41.93, 6.00, 149.01, 41.91, 0.00, 112.55, 8.10);
insert into SHOT values (4703, 4677, 4686, 6540, 10.96, 126.42, 67.41, 10.96, 126.41, 67.40, 0.00, 101.87, 21.58);
insert into SHOT values (4704, 4677, 4687, 6540, 1.33, 331.72, 3.36, 1.33, 331.70, 3.45, 0.00, 308.47, 59.25);
insert into SHOT values (4705, 4677, 4688, 6540, 8.56, 9.48, -15.08, 8.56, 9.47, -15.04, 0.01, 209.17, 69.09);
insert into SHOT values (4706, 4677, 4689, 6540, 7.29, 31.41, -10.28, 7.29, 31.43, -10.27, 0.00, 136.69, 20.80);
insert into SHOT values (4707, 4677, 4690, 6540, 5.85, 49.35, 29.76, 5.85, 49.31, 29.82, 0.01, 299.32, 60.83);
insert into SHOT values (4708, 4677, 4691, 6540, 9.69, 39.30, 65.54, 9.69, 39.24, 65.52, 0.01, 346.29, -3.52);
insert into SHOT values (4709, 4677, 4692, 6540, 6.54, 15.59, 14.86, 6.54, 15.60, 14.88, 0.00, 166.23, 52.21);
insert into SHOT values (4710, 4692, 4693, 6540, 0.36, 277.09, 7.35, 0.36, 278.13, 8.05, 0.01, 36.02, 28.28);
insert into SHOT values (4711, 4692, 4694, 6540, 1.99, 100.98, 2.13, 1.99, 101.03, 2.31, 0.01, 251.95, 60.70);
insert into SHOT values (4712, 4692, 4695, 6540, 10.16, 196.60, 77.51, 10.16, 196.70, 77.54, 0.01, 338.45, 4.18);
insert into SHOT values (4713, 4692, 4696, 6540, 0.80, 134.29, -81.77, 0.80, 135.00, -81.85, 0.00, 269.03, 41.74);
insert into SHOT values (4714, 4692, 4697, 6540, 9.64, 20.78, -4.65, 9.64, 20.79, -4.64, 0.00, 101.45, 28.94);
insert into SHOT values (4715, 4697, 4698, 6540, 3.53, 281.71, 4.99, 3.54, 281.79, 5.03, 0.01, 317.34, 19.15);
insert into SHOT values (4716, 4697, 4699, 6540, 0.61, 108.07, 13.46, 0.60, 107.82, 13.39, 0.01, 315.19, -19.37);
insert into SHOT values (4717, 4697, 4700, 6540, 9.45, 10.57, 77.54, 9.45, 10.43, 77.51, 0.01, 324.79, 20.33);
insert into SHOT values (4718, 4697, 4701, 6540, 0.98, 333.32, -76.46, 0.98, 332.35, -75.99, 0.01, 305.55, 17.85);
insert into SHOT values (4719, 4697, 4702, 6540, 8.68, 29.58, -10.52, 8.68, 29.57, -10.49, 0.01, 246.84, 61.74);
insert into SHOT values (4720, 4702, 4703, 6540, 4.01, 292.19, 18.05, 4.01, 292.19, 18.02, 0.00, 105.43, -66.79);
insert into SHOT values (4721, 4702, 4704, 6540, 2.13, 110.28, 5.44, 2.13, 110.14, 5.39, 0.01, 11.84, -20.90);
insert into SHOT values (4722, 4702, 4705, 6540, 4.32, 6.59, 82.70, 4.32, 6.23, 82.63, 0.01, 327.53, -41.77);
insert into SHOT values (4723, 4702, 4706, 6540, 1.56, 287.24, -83.29, 1.56, 289.44, -83.37, 0.01, 34.36, -5.41);
insert into SHOT values (4724, 4702, 4707, 6540, 2.25, 65.17, -33.61, 2.25, 65.08, -33.70, 0.00, 305.49, -38.98);
insert into SHOT values (4725, 4707, 4708, 6540, 2.02, 297.59, 8.71, 2.02, 297.72, 8.53, 0.01, 356.16, -48.28);
insert into SHOT values (4726, 4707, 4709, 6540, 1.97, 118.92, 6.82, 1.96, 118.80, 6.72, 0.01, 340.22, -32.02);
insert into SHOT values (4727, 4707, 4710, 6540, 4.01, 323.24, 82.65, 4.01, 323.81, 82.73, 0.01, 98.03, 22.61);
insert into SHOT values (4728, 4707, 4711, 6540, 0.41, 259.00, -79.68, 0.41, 261.87, -79.98, 0.01, 27.61, 36.62);
insert into SHOT values (4729, 4707, 4712, 6540, 21.78, 351.90, 18.49, 21.78, 351.90, 18.50, 0.00, 47.89, 78.39);
insert into SHOT values (4730, 4707, 4713, 6540, 14.29, 0.18, -6.74, 14.29, 0.20, -6.75, 0.01, 102.20, -27.36);
insert into SHOT values (4731, 4707, 4714, 6540, 3.30, 93.19, 3.77, 3.30, 93.13, 3.82, 0.00, 34.71, 37.47);
insert into SHOT values (4732, 4707, 4715, 6540, 3.28, 75.19, -4.46, 3.28, 75.11, -4.55, 0.01, 340.85, -48.52);
insert into SHOT values (4733, 4707, 4716, 6540, 12.28, 83.63, 6.37, 12.28, 83.60, 6.36, 0.01, 11.02, -21.95);
insert into SHOT values (4734, 4697, 4717, 6540, 17.07, 311.86, -16.97, 17.07, 311.87, -16.96, 0.01, 357.52, 24.24);
insert into SHOT values (4735, 4717, 4718, 6540, 2.57, 185.85, 12.40, 2.57, 185.94, 12.34, 0.01, 234.01, -19.97);
insert into SHOT values (4736, 4717, 4719, 6540, 1.89, 335.04, 13.59, 1.89, 334.83, 13.49, 0.01, 228.29, -29.07);
insert into SHOT values (4737, 4717, 4720, 6540, 1.36, 277.75, 71.57, 1.36, 277.94, 71.40, 0.00, 296.97, -3.17);
insert into SHOT values (4738, 4717, 4721, 6540, 0.40, 149.62, -85.18, 0.40, 161.57, -85.48, 0.01, 261.83, -11.31);
insert into SHOT values (4739, 4717, 4722, 6540, 6.00, 240.04, 26.94, 6.00, 240.08, 26.93, 0.01, 281.66, 15.48);
insert into SHOT values (4740, 4722, 4723, 6540, 0.86, 255.03, 9.44, 0.86, 254.98, 9.36, 0.00, 231.32, -26.50);
insert into SHOT values (4741, 4722, 4724, 6540, 1.36, 37.23, 7.09, 1.36, 37.46, 6.77, 0.01, 151.84, -52.72);
insert into SHOT values (4742, 4722, 4725, 6540, 2.63, 227.45, 86.03, 2.63, 225.00, 85.99, 0.01, 148.91, -24.70);
insert into SHOT values (4743, 4722, 4726, 6540, 0.95, 208.32, -80.29, 0.95, 206.57, -80.55, 0.01, 80.08, -30.60);
insert into SHOT values (4744, 4722, 4727, 6540, 7.54, 329.99, 39.22, 7.53, 329.96, 39.21, 0.01, 179.57, -41.71);
insert into SHOT values (4745, 4727, 4728, 6540, 1.64, 255.90, 9.41, 1.64, 256.05, 9.48, 0.00, 348.92, 23.76);
insert into SHOT values (4746, 4727, 4729, 6540, 2.40, 69.92, 12.95, 2.41, 69.79, 12.97, 0.01, 24.80, 15.72);
insert into SHOT values (4747, 4727, 4730, 6540, 3.51, 48.28, 85.56, 3.51, 49.40, 85.48, 0.01, 96.61, 4.22);
insert into SHOT values (4748, 4727, 4731, 6540, 0.51, 338.65, -59.22, 0.51, 340.20, -58.87, 0.01, 35.93, -12.14);
insert into SHOT values (4749, 4727, 4732, 6540, 3.82, 334.25, 39.73, 3.82, 334.39, 39.70, 0.01, 36.78, 6.33);
insert into SHOT values (4750, 4732, 4733, 6540, 2.15, 274.71, 7.45, 2.16, 274.56, 7.47, 0.01, 226.64, 9.48);
insert into SHOT values (4751, 4732, 4734, 6540, 0.24, 75.07, 14.22, 0.24, 74.74, 14.74, 0.00, 270.73, 12.30);
insert into SHOT values (4752, 4732, 4735, 6540, 12.67, 266.97, 69.45, 12.67, 266.91, 69.45, 0.01, 165.56, -36.55);
insert into SHOT values (4753, 4732, 4736, 6540, 1.50, 280.30, -78.83, 1.50, 279.78, -78.68, 0.00, 244.50, 19.23);
insert into SHOT values (4754, 4732, 4737, 6540, 4.56, 328.21, -17.25, 4.56, 328.13, -17.22, 0.01, 262.97, 16.90);
insert into SHOT values (4755, 4737, 4738, 6540, 1.58, 264.16, 17.80, 1.57, 263.87, 17.76, 0.01, 136.58, -17.45);
insert into SHOT values (4756, 4737, 4739, 6540, 9.86, 77.89, 4.75, 9.86, 77.90, 4.77, 0.00, 119.27, 50.46);
insert into SHOT values (4757, 4737, 4740, 6540, 9.96, 24.06, 75.61, 9.96, 24.08, 75.61, 0.00, 104.11, 70.52);
insert into SHOT values (4758, 4737, 4741, 6540, 0.70, 312.88, -75.77, 0.70, 312.51, -76.54, 0.01, 139.51, -15.05);
insert into SHOT values (4759, 4737, 4742, 6540, 10.89, 342.52, -6.77, 10.88, 342.55, -6.75, 0.01, 119.63, 21.59);
insert into SHOT values (4760, 4737, 4743, 6540, 5.27, 18.43, -1.57, 5.26, 18.50, -1.63, 0.01, 149.90, -31.81);
insert into SHOT values (4761, 4737, 4744, 6540, 11.54, 42.96, 3.28, 11.54, 43.00, 3.28, 0.01, 99.86, -1.77);
insert into SHOT values (4762, 4737, 4745, 6540, 12.02, 92.77, 2.78, 12.03, 92.77, 2.76, 0.01, 88.57, -20.05);
insert into SHOT values (4763, 4737, 4746, 6540, 8.29, 122.18, 19.26, 8.29, 122.17, 19.22, 0.01, 107.92, -34.55);
insert into SHOT values (4764, 4737, 4747, 6540, 13.52, 104.98, 46.49, 13.52, 104.99, 46.45, 0.01, 116.28, -31.15);
insert into SHOT values (4765, 4737, 4748, 6540, 14.56, 54.84, 74.98, 14.56, 54.92, 74.97, 0.01, 117.27, -14.87);
insert into SHOT values (4766, 4737, 4749, 6540, 11.81, 328.26, 52.72, 11.81, 328.27, 52.75, 0.01, 138.57, 31.64);
insert into SHOT values (4767, 4737, 4750, 6540, 15.63, 303.49, 16.27, 15.63, 303.50, 16.28, 0.00, 73.99, 17.73);
insert into SHOT values (4768, 4737, 4751, 6540, 16.21, 330.67, 2.07, 16.20, 330.68, 2.05, 0.01, 119.29, -43.26);
insert into SHOT values (4769, 4737, 4752, 6540, 10.88, 352.51, -12.91, 10.88, 352.52, -12.91, 0.01, 151.96, 9.07);
insert into SHOT values (4770, 4737, 4753, 6540, 11.68, 269.49, 54.53, 11.67, 269.49, 54.55, 0.01, 87.45, -18.17);
insert into SHOT values (4771, 4737, 4754, 6540, 14.33, 185.25, 68.52, 14.33, 185.24, 68.50, 0.01, 178.33, -45.06);
insert into SHOT values (4772, 4737, 4755, 6540, 3.77, 197.69, 36.66, 3.77, 197.54, 36.68, 0.01, 81.99, -5.90);
insert into SHOT values (4773, 4737, 4756, 6540, 9.82, 313.25, 9.80, 9.81, 313.28, 9.80, 0.01, 92.18, -10.03);
insert into SHOT values (4774, 4756, 4757, 6540, 4.29, 252.97, 18.59, 4.29, 252.99, 18.61, 0.00, 292.16, 45.91);
insert into SHOT values (4775, 4756, 4758, 6540, 2.13, 32.74, -0.73, 2.13, 32.72, -0.81, 0.00, 226.22, -40.49);
insert into SHOT values (4776, 4756, 4759, 6540, 9.65, 2.02, 74.82, 9.65, 2.05, 74.85, 0.01, 170.04, -31.43);
insert into SHOT values (4777, 4756, 4760, 6540, 1.14, 259.68, -72.03, 1.14, 258.69, -71.71, 0.01, 209.64, 28.61);
insert into SHOT values (4778, 4756, 4761, 6540, 13.01, 328.09, 0.99, 13.01, 328.07, 1.01, 0.01, 207.70, 43.48);
insert into SHOT values (4779, 4761, 4762, 6540, 2.55, 266.48, 26.75, 2.54, 266.47, 26.62, 0.01, 93.95, -70.09);
insert into SHOT values (4780, 4761, 4763, 6540, 2.55, 49.50, 6.69, 2.55, 49.33, 6.53, 0.01, 311.63, -42.17);
insert into SHOT values (4781, 4761, 4764, 6540, 10.64, 289.59, 76.43, 10.64, 289.67, 76.43, 0.00, 33.94, -39.84);
insert into SHOT values (4782, 4761, 4765, 6540, 1.48, 39.29, -56.17, 1.49, 39.09, -56.38, 0.01, 311.28, -73.83);
insert into SHOT values (4783, 4761, 4766, 6540, 6.75, 346.70, 2.95, 6.75, 346.71, 2.89, 0.01, 155.15, -65.15);
insert into SHOT values (4784, 4766, 4767, 6540, 2.55, 191.46, 3.17, 2.55, 191.58, 3.15, 0.01, 322.26, -8.52);
insert into SHOT values (4785, 4766, 4768, 6540, 2.33, 39.06, 4.41, 2.33, 38.89, 4.43, 0.01, 327.82, 6.60);
insert into SHOT values (4786, 4766, 4769, 6540, 7.97, 198.75, 82.87, 7.97, 198.99, 82.91, 0.01, 343.35, 13.04);
insert into SHOT values (4787, 4766, 4770, 6540, 0.47, 126.87, -87.56, 0.47, 135.00, -88.28, 0.01, 288.46, -3.85);
insert into SHOT values (4788, 4766, 4771, 6540, 17.78, 268.82, 21.05, 17.78, 268.83, 21.06, 0.01, 293.58, 51.59);
insert into SHOT values (4789, 4771, 4772, 6540, 2.96, 141.72, 1.28, 2.96, 141.73, 1.16, 0.01, 312.46, -54.03);
insert into SHOT values (4790, 4771, 4773, 6540, 1.75, 6.62, 20.48, 1.75, 6.65, 20.39, 0.00, 24.24, -35.61);
insert into SHOT values (4791, 4771, 4774, 6540, 5.97, 61.86, 74.56, 5.97, 61.82, 74.56, 0.01, 278.92, -72.13);
insert into SHOT values (4792, 4771, 4775, 6540, 1.07, 113.21, -63.22, 1.07, 113.36, -63.47, 0.01, 269.98, -57.06);
insert into SHOT values (4793, 4771, 4776, 6540, 5.87, 146.39, -44.64, 5.87, 146.42, -44.68, 0.01, 248.35, -61.84);
insert into SHOT values (4794, 4771, 4777, 6540, 3.02, 239.15, 6.21, 3.02, 239.17, 6.08, 0.01, 2.94, -81.27);
insert into SHOT values (4795, 4777, 4778, 6540, 4.39, 149.32, -4.08, 4.39, 149.22, -4.05, 0.01, 43.75, 15.85);
insert into SHOT values (4796, 4777, 4779, 6540, 0.67, 346.32, 11.89, 0.67, 346.81, 12.02, 0.01, 59.53, 18.46);
insert into SHOT values (4797, 4777, 4780, 6540, 31.15, 229.72, 83.93, 31.15, 229.68, 83.93, 0.01, 98.06, 57.74);
insert into SHOT values (4798, 4777, 4781, 6540, 1.61, 90.38, -84.69, 1.61, 90.00, -84.64, 0.00, 45.54, 65.47);
insert into SHOT values (4799, 4777, 4782, 6540, 31.64, 215.93, 81.56, 31.64, 215.88, 81.57, 0.01, 86.13, 27.78);
insert into SHOT values (4800, 4777, 4783, 6540, 1.47, 174.14, 0.66, 1.47, 174.13, 0.78, 0.00, 358.09, 54.07);
insert into SHOT values (4801, 4777, 4784, 6540, 5.72, 130.33, -45.71, 5.72, 130.23, -45.67, 0.01, 45.41, 31.97);
insert into SHOT values (4802, 4777, 4785, 6540, 1.37, 5.83, 2.68, 1.37, 5.88, 2.93, 0.01, 159.79, 66.40);
insert into SHOT values (4803, 4777, 4786, 6540, 12.94, 2.63, 68.45, 12.94, 2.65, 68.45, 0.01, 43.91, 58.86);
insert into SHOT values (4804, 4777, 4787, 6540, 13.72, 305.91, 71.52, 13.73, 305.92, 71.54, 0.01, 106.21, 72.05);
insert into SCRAPS values (6541, 6538, 'lost_in_translation_s2', 1, 0.22701, 0.01016);
 insert into SCRAPS values (6603, 6538, 'lost_in_translation_ext_s1', 3, 96.59547, 20.53308);
 insert into SCRAPS values (6638, 6538, 'lost_in_translation_s1', 1, 0.04527, 0.00438);
 insert into MAPS values (6648, 6538, 'lostInTranslationPlan', 'Lost In Translation', 1, 258.376, 39.960);
 insert into MAPITEMS values (6648, 4, 6638);
 insert into MAPITEMS values (6648, 4, 6541);
 insert into MAPS values (6649, 6538, 'lost_in_translation_m', NULL, 1, 258.376, 39.960);
 insert into MAPITEMS values (6649, 4, 6638);
 insert into MAPITEMS values (6649, 4, 6541);
 insert into SURVEY values (6651, 68, 'cowarchclimb', 'cowarchclimb.clearwater_master', NULL);
 insert into CENTRELINE values (6652, 6651, NULL, NULL, NULL, 0.00, 0.00, 0.00);
 insert into MAPS values (6653, 6651, 'cowarchclimb_m', NULL, 1, 0.000, 0.000);
 insert into MAPITEMS values (6653, 4, 6655);
 insert into CENTRELINE values (6654, 6651, NULL, '2014-05-13', NULL, 49.92, 0.00, 0.00);
 insert into PERSON values (15, 'Hugh', ' St Lawrence');
insert into TOPO values (15, 6654);
 insert into TOPO values (13, 6654);
 insert into SHOT values (4805, 4788, 4789, 6654, 6.84, 246.05, 51.07, 6.84, 246.00, 51.04, 0.01, 200.93, -9.43);
insert into SHOT values (4806, 4788, 4790, 6654, 10.30, 80.28, 27.71, 10.30, 80.28, 27.71, 0.00, 78.23, 13.49);
insert into SHOT values (4807, 4788, 4791, 6654, 7.80, 197.96, -75.36, 7.79, 197.98, -75.31, 0.01, 204.39, 52.91);
insert into SHOT values (4808, 4792, 4791, 6654, 9.58, 252.72, 1.88, 9.59, 252.70, 1.91, 0.01, 231.26, 31.34);
insert into SHOT values (4809, 4792, 4793, 6654, 15.40, 309.78, 2.66, 15.40, 309.78, 2.68, 0.01, 244.74, 80.66);
insert into SCRAPS values (6655, 6651, 'CowArchClimbSP1', 1, 0.00000, 0.00000);
 insert into SURVEY values (6658, 68, 'fally', 'fally.clearwater_master', NULL);
 insert into CENTRELINE values (6659, 6658, NULL, NULL, NULL, 0.00, 0.00, 0.00);
 insert into SCRAPS values (6660, 6658, 'FallySP1', 1, 0.00000, 0.00000);
 insert into MAPS values (6664, 6658, 'fally_m', NULL, 1, 55.997, 30.960);
 insert into MAPITEMS values (6664, 4, 6660);
 insert into CENTRELINE values (6665, 6658, 'fally', '2014-05-05', NULL, 56.00, 0.00, 0.00);
 insert into SHOT values (4810, 4794, 4795, 6665, 3.77, 264.76, 70.99, 3.77, 264.38, 71.00, 0.01, 159.84, -27.71);
insert into SHOT values (4811, 4794, 4796, 6665, 1.73, 65.84, -48.47, 1.73, 66.34, -48.59, 0.01, 148.60, -35.24);
insert into SHOT values (4812, 4796, 4797, 6665, 6.36, 178.07, -43.24, 6.35, 178.14, -43.26, 0.01, 326.69, 27.11);
insert into SHOT values (4813, 4797, 4798, 6665, 6.19, 153.67, -65.22, 6.19, 153.53, -65.15, 0.01, 119.59, -9.07);
insert into SHOT values (4814, 4798, 4799, 6665, 1.41, 79.11, -10.41, 1.40, 79.10, -10.31, 0.01, 260.66, 23.77);
insert into SHOT values (4815, 4799, 4800, 6665, 12.63, 123.79, -57.87, 12.64, 123.71, -57.87, 0.01, 49.34, -20.75);
insert into SHOT values (4816, 4800, 4801, 6665, 2.01, 95.93, 0.42, 2.01, 95.99, 0.28, 0.01, 208.88, -62.78);
insert into SHOT values (4817, 4801, 4802, 6665, 5.26, 173.48, -42.39, 5.26, 173.50, -42.34, 0.01, 227.27, 75.43);
insert into SHOT values (4818, 4802, 4803, 6665, 16.64, 38.97, -5.70, 16.65, 38.97, -5.69, 0.01, 48.22, 29.11);
insert into SURVEY values (6667, 68, 'snakechimney', 'snakechimney.clearwater_master', NULL);
 insert into CENTRELINE values (6668, 6667, NULL, NULL, NULL, 0.00, 0.00, 0.00);
 insert into MAPS values (6669, 6667, 'snakechimney_m', NULL, 1, 204.500, 40.270);
 insert into MAPITEMS values (6669, 4, 6670);
 insert into MAPITEMS values (6669, 4, 6678);
 insert into SCRAPS values (6670, 6667, 'SnakeChimneySP1', 1, 0.00000, 0.00000);
 insert into SCRAPS values (6678, 6667, 'SnakeChimneySP2', 1, 69.91779, 14.41606);
 insert into CENTRELINE values (6704, 6667, NULL, '2015-10-08', NULL, 204.50, 0.00, 0.00);
 insert into PERSON values (16, 'Hugh St ', 'Lawrence');
insert into TOPO values (16, 6704);
 insert into PERSON values (17, 'Frank', 'Pearson');
insert into TOPO values (17, 6704);
 insert into SHOT values (4819, 4804, 4805, 6704, 5.00, 45.00, 35.00, 5.00, 44.90, 35.03, 0.01, 302.16, 16.28);
insert into SHOT values (4820, 4804, 4806, 6704, 30.00, 210.00, -15.00, 29.99, 210.01, -14.99, 0.01, 348.54, 39.22);
insert into SHOT values (4821, 4806, 4807, 6704, 34.00, 175.00, 10.00, 34.00, 175.00, 9.99, 0.01, 156.43, -43.13);
insert into SHOT values (4822, 4807, 4808, 6704, 14.00, 180.00, 15.00, 14.00, 180.00, 15.03, 0.01, 0.00, 65.62);
insert into SHOT values (4823, 4808, 4809, 6704, 13.00, 223.00, -13.00, 13.00, 223.02, -13.03, 0.01, 342.23, -53.87);
insert into SHOT values (4824, 4809, 4810, 6704, 17.00, 224.00, -5.00, 17.01, 224.00, -4.99, 0.01, 216.52, 9.69);
insert into SHOT values (4825, 4810, 4811, 6704, 4.00, 149.00, 4.00, 4.00, 148.94, 4.01, 0.00, 86.27, 11.30);
insert into SHOT values (4826, 4811, 4812, 6704, 10.30, 121.00, 35.00, 10.30, 120.98, 35.02, 0.01, 338.71, 20.08);
insert into SHOT values (4827, 4810, 4813, 6704, 6.30, 226.00, 4.00, 6.30, 226.03, 4.01, 0.01, 8.02, 5.31);
insert into SHOT values (4828, 4813, 4814, 6704, 4.20, 302.00, 0.00, 4.20, 301.95, 0.00, 0.01, 162.34, 0.00);
insert into SHOT values (4829, 4814, 4815, 6704, 5.30, 287.00, -19.00, 5.30, 287.06, -19.05, 0.01, 25.17, -39.93);
insert into SHOT values (4830, 4815, 4816, 6704, 8.00, 350.00, -35.00, 7.99, 349.98, -34.96, 0.01, 209.22, 64.05);
insert into SHOT values (4831, 4816, 4817, 6704, 6.30, 338.00, -33.00, 6.31, 338.00, -33.06, 0.01, 327.02, -81.43);
insert into SHOT values (4832, 4817, 4818, 6704, 8.70, 11.00, -9.00, 8.70, 11.00, -8.99, 0.01, 4.58, 11.08);
insert into SHOT values (4833, 4818, 4819, 6704, 3.60, 291.00, 33.00, 3.60, 290.96, 32.99, 0.00, 213.58, -16.35);
insert into SHOT values (4834, 4819, 4820, 6704, 2.00, 359.00, -40.00, 1.99, 359.25, -39.91, 0.01, 105.40, 38.58);
insert into SHOT values (4835, 4820, 4821, 6704, 12.60, 0.00, -90.00, 12.60, 90.00, -90.00, 0.00, 0.00, -2.31);
insert into SHOT values (4836, 4822, 4821, 6704, 4.20, 190.00, 36.00, 4.20, 189.99, 35.98, 0.00, 179.48, 19.15);
insert into SHOT values (4837, 4822, 4823, 6704, 3.40, 5.00, -39.00, 3.40, 5.00, -39.03, 0.00, 187.40, -7.83);
insert into SHOT values (4838, 4823, 4824, 6704, 3.30, 274.00, -26.00, 3.30, 273.87, -26.05, 0.01, 189.91, -25.73);
insert into SHOT values (4839, 4824, 4825, 6704, 5.30, 51.00, -48.00, 5.30, 50.84, -48.01, 0.01, 323.46, -7.45);
insert into SHOT values (4840, 4825, 4826, 6704, 4.00, 9.00, -22.00, 3.99, 9.00, -21.90, 0.01, 183.24, 69.92);
insert into SURVEY values (6706, 68, 'snakechim2entrance', 'snakechim2entrance.clearwater_master', NULL);
 insert into CENTRELINE values (6707, 6706, NULL, NULL, NULL, 0.00, 0.00, 0.00);
 insert into CENTRELINE values (6708, 6706, NULL, '2014-05-08', NULL, 266.42, 0.00, 0.00);
 insert into SHOT values (4841, 4827, 4828, 6708, 42.04, 9.42, 2.43, 42.04, 9.43, 2.43, 0.01, 115.44, -19.30);
insert into SHOT values (4842, 4828, 4829, 6708, 29.73, 324.35, 5.63, 29.74, 324.35, 5.63, 0.01, 323.63, 21.32);
insert into SHOT values (4843, 4829, 4830, 6708, 12.84, 308.66, 11.75, 12.84, 308.64, 11.73, 0.01, 187.38, -45.22);
insert into SHOT values (4844, 4830, 4831, 6708, 15.17, 348.86, -12.43, 15.17, 348.87, -12.41, 0.01, 43.09, 56.12);
insert into SHOT values (4845, 4831, 4832, 6708, 27.60, 307.17, -1.61, 27.60, 307.18, -1.62, 0.01, 32.42, -52.76);
insert into SHOT values (4846, 4832, 4833, 6708, 35.10, 288.02, 0.04, 35.10, 288.01, 0.03, 0.01, 205.65, -28.34);
insert into SHOT values (4847, 4833, 4834, 6708, 10.32, 281.21, 11.81, 10.31, 281.25, 11.86, 0.01, 35.55, 45.32);
insert into SHOT values (4848, 4834, 4835, 6708, 25.76, 287.89, 1.84, 25.76, 287.87, 1.82, 0.01, 194.11, -40.55);
insert into SHOT values (4849, 4835, 4836, 6708, 40.58, 269.46, -1.63, 40.59, 269.46, -1.62, 0.01, 294.00, 37.48);
insert into SHOT values (4850, 4836, 4837, 6708, 7.22, 178.13, 12.14, 7.23, 178.05, 12.14, 0.01, 103.46, 5.77);
insert into SHOT values (4851, 4837, 4838, 6708, 20.06, 1.51, -6.95, 20.06, 1.50, -6.96, 0.01, 312.39, -22.71);
insert into SURVEY values (6710, 68, 'strapless', 'strapless.clearwater_master', NULL);
 insert into CENTRELINE values (6711, 6710, NULL, NULL, NULL, 0.00, 0.00, 0.00);
 insert into MAPS values (6712, 6710, 'strapless_m', NULL, 1, 190.900, 32.410);
 insert into MAPITEMS values (6712, 4, 6713);
 insert into SCRAPS values (6713, 6710, 'StraplessSP1', 1, 10.05727, 1.57039);
 insert into CENTRELINE values (6733, 6710, NULL, '2014-04-30', NULL, 190.90, 0.00, 0.00);
 insert into TOPO values (12, 6733);
 insert into TOPO values (13, 6733);
 insert into SHOT values (4852, 4839, 4840, 6733, 20.00, 148.00, 0.00, 19.99, 148.02, 0.00, 0.01, 276.54, 0.00);
insert into SHOT values (4853, 4840, 4841, 6733, 11.14, 212.00, 8.00, 11.13, 211.99, 8.00, 0.01, 47.74, -2.81);
insert into SHOT values (4854, 4841, 4842, 6733, 8.00, 228.00, 8.00, 8.00, 228.02, 7.97, 0.00, 289.38, -49.79);
insert into SHOT values (4855, 4842, 4843, 6733, 6.50, 271.00, 26.00, 6.50, 270.98, 26.01, 0.00, 147.02, 14.12);
insert into SHOT values (4856, 4843, 4844, 6733, 4.94, 174.00, -21.00, 4.94, 174.03, -20.98, 0.00, 211.55, 4.87);
insert into SHOT values (4857, 4844, 4845, 6733, 3.00, 236.00, 2.00, 2.99, 236.04, 1.92, 0.01, 40.49, -28.59);
insert into SHOT values (4858, 4845, 4846, 6733, 2.55, 203.00, 17.00, 2.56, 203.11, 17.05, 0.01, 233.65, 26.56);
insert into SHOT values (4859, 4846, 4847, 6733, 2.97, 233.00, 47.00, 2.96, 232.85, 47.05, 0.01, 97.45, -15.34);
insert into SHOT values (4860, 4847, 4848, 6733, 2.18, 238.00, 6.00, 2.18, 237.99, 6.05, 0.00, 231.39, 50.25);
insert into SHOT values (4861, 4848, 4849, 6733, 3.86, 284.00, 23.00, 3.86, 284.00, 23.01, 0.00, 279.84, 36.18);
insert into SHOT values (4862, 4849, 4850, 6733, 7.13, 214.00, 35.00, 7.13, 214.04, 35.00, 0.00, 296.99, 5.09);
insert into SHOT values (4863, 4850, 4851, 6733, 4.88, 312.00, -13.00, 4.88, 312.01, -13.04, 0.00, 114.85, -29.45);
insert into SHOT values (4864, 4851, 4852, 6733, 1.70, 312.00, 90.00, 1.70, 90.00, 90.00, 0.00, 312.00, -6.40);
insert into SHOT values (4865, 4852, 4853, 6733, 4.44, 217.00, 32.00, 4.44, 217.02, 31.94, 0.01, 234.10, -30.13);
insert into SHOT values (4866, 4853, 4854, 6733, 3.63, 335.00, 39.00, 3.64, 335.07, 39.05, 0.01, 34.21, 54.62);
insert into SHOT values (4867, 4854, 4855, 6733, 4.90, 332.00, 47.00, 4.90, 331.98, 46.97, 0.00, 240.83, -70.50);
insert into SHOT values (4868, 4855, 4856, 6733, 11.50, 277.00, 32.00, 11.50, 277.01, 31.98, 0.00, 354.50, -70.15);
insert into SHOT values (4869, 4853, 4857, 6733, 9.14, 235.00, -35.00, 9.13, 235.01, -35.01, 0.01, 34.60, 24.99);
insert into SHOT values (4870, 4854, 4858, 6733, 7.44, 177.00, 1.00, 7.44, 177.00, 1.00, 0.00, 152.89, 5.90);
insert into SHOT values (4871, 4858, 4859, 6733, 60.00, 208.00, 0.00, 59.99, 208.00, 0.00, 0.01, 346.02, 0.00);
insert into SHOT values (4872, 4855, 4860, 6733, 11.00, 0.00, 90.00, 11.00, 90.00, 90.00, 0.00, 0.00, 0.00);
insert into SURVEY values (6735, 68, 'highandmighty', 'highandmighty.clearwater_master', NULL);
 insert into CENTRELINE values (6736, 6735, NULL, NULL, NULL, 0.00, 0.00, 0.00);
 insert into CENTRELINE values (6737, 6735, NULL, '2017-04-08', NULL, 337.23, 0.00, 0.00);
 insert into SHOT values (4873, 4861, 4862, 6737, 6.01, 33.93, -18.97, 6.01, 33.89, -18.93, 0.01, 329.66, 37.09);
insert into SHOT values (4874, 4861, 4863, 6737, 6.33, 318.61, -9.13, 6.33, 318.63, -9.09, 0.01, 61.33, 59.82);
insert into SHOT values (4875, 4861, 4864, 6737, 8.10, 118.59, 4.42, 8.10, 118.57, 4.46, 0.01, 345.65, 50.27);
insert into SHOT values (4876, 4861, 4865, 6737, 10.22, 353.11, 87.66, 10.22, 353.21, 87.63, 0.01, 0.58, -14.44);
insert into SHOT values (4877, 4861, 4866, 6737, 2.58, 329.29, -61.67, 2.58, 329.68, -61.59, 0.01, 35.55, 6.25);
insert into SHOT values (4878, 4861, 4867, 6737, 2.08, 346.27, 5.99, 2.08, 346.30, 6.07, 0.00, 64.60, 69.65);
insert into SHOT values (4879, 4862, 4868, 6737, 5.14, 340.55, 30.39, 5.14, 340.62, 30.40, 0.01, 96.70, -2.14);
insert into SHOT values (4880, 4862, 4869, 6737, 9.60, 164.20, 17.95, 9.60, 164.18, 17.95, 0.00, 124.85, 19.06);
insert into SHOT values (4881, 4862, 4870, 6737, 13.08, 174.34, 84.56, 13.08, 173.97, 84.57, 0.01, 62.66, -7.15);
insert into SHOT values (4882, 4862, 4871, 6737, 0.96, 167.35, -78.27, 0.96, 165.26, -78.19, 0.01, 86.61, -0.38);
insert into SHOT values (4883, 4872, 4862, 6737, 20.07, 276.15, 3.93, 20.07, 276.13, 3.94, 0.01, 205.56, 38.32);
insert into SHOT values (4884, 4872, 4873, 6737, 10.52, 208.65, 28.06, 10.52, 208.64, 28.06, 0.00, 162.34, 23.23);
insert into SHOT values (4885, 4872, 4874, 6737, 6.90, 3.36, 11.72, 6.90, 3.40, 11.71, 0.01, 138.40, -14.70);
insert into SHOT values (4886, 4872, 4875, 6737, 12.76, 179.85, 86.74, 12.76, 180.00, 86.72, 0.00, 203.45, 7.74);
insert into SHOT values (4887, 4872, 4876, 6737, 2.62, 217.58, -69.40, 2.62, 217.12, -69.25, 0.01, 166.94, 14.32);
insert into SHOT values (4888, 4877, 4878, 6737, 14.97, 168.46, 11.33, 14.97, 168.45, 11.33, 0.00, 66.66, -14.37);
insert into SHOT values (4889, 4877, 4879, 6737, 23.87, 3.42, -3.00, 23.88, 3.41, -3.00, 0.01, 338.75, -7.61);
insert into SHOT values (4890, 4877, 4880, 6737, 11.37, 300.60, 84.86, 11.38, 300.58, 84.84, 0.01, 294.59, 58.26);
insert into SHOT values (4891, 4877, 4881, 6737, 6.20, 32.76, -48.88, 6.20, 32.79, -48.86, 0.00, 72.27, 9.90);
insert into SHOT values (4892, 4877, 4872, 6737, 13.55, 289.40, -11.37, 13.55, 289.43, -11.36, 0.01, 358.79, 9.79);
insert into SHOT values (4893, 4877, 4882, 6737, 1.93, 66.34, -1.47, 1.93, 66.22, -1.48, 0.01, 26.14, -4.38);
insert into SHOT values (4894, 4877, 4883, 6737, 11.02, 240.73, 11.56, 11.02, 240.73, 11.57, 0.00, 235.97, 34.89);
insert into SHOT values (4895, 4877, 4884, 6737, 8.46, 3.12, 78.08, 8.46, 3.27, 78.05, 0.01, 43.20, 18.72);
insert into SHOT values (4896, 4877, 4885, 6737, 2.20, 313.39, -60.77, 2.20, 313.49, -60.75, 0.00, 18.92, -3.62);
insert into SHOT values (4897, 4877, 4886, 6737, 18.80, 214.56, 19.11, 18.80, 214.57, 19.12, 0.01, 255.40, 58.76);
insert into SHOT values (4898, 4886, 4887, 6737, 26.20, 16.01, 12.72, 26.20, 16.01, 12.72, 0.00, 16.32, 13.98);
insert into SHOT values (4899, 4886, 4888, 6737, 18.80, 207.31, -6.85, 18.79, 207.31, -6.85, 0.01, 36.96, 19.14);
insert into SHOT values (4900, 4886, 4889, 6737, 7.21, 124.02, -7.32, 7.21, 124.00, -7.33, 0.00, 70.18, -25.07);
insert into SHOT values (4901, 4886, 4890, 6737, 2.73, 300.56, 3.69, 2.73, 300.71, 3.57, 0.01, 50.77, -36.70);
insert into SHOT values (4902, 4886, 4891, 6737, 4.38, 185.97, 70.16, 4.38, 185.79, 70.15, 0.00, 108.17, -0.25);
insert into SHOT values (4903, 4886, 4892, 6737, 3.00, 132.62, -50.49, 3.01, 132.46, -50.52, 0.01, 66.44, -42.26);
insert into SHOT values (4904, 4888, 4893, 6737, 10.88, 126.45, 21.16, 10.88, 126.46, 21.12, 0.01, 220.63, -72.27);
insert into SHOT values (4905, 4888, 4894, 6737, 2.19, 277.25, -1.72, 2.19, 277.09, -1.83, 0.01, 166.40, -33.56);
insert into SHOT values (4906, 4888, 4895, 6737, 7.24, 84.57, 67.71, 7.23, 84.56, 67.71, 0.01, 272.10, -67.25);
insert into SHOT values (4907, 4888, 4896, 6737, 3.44, 155.92, -49.48, 3.44, 155.96, -49.55, 0.01, 285.10, -68.33);
insert into SHOT values (4908, 4877, 4897, 6737, 18.59, 0.90, -4.84, 18.59, 0.90, -4.84, 0.00, 213.88, -41.05);
insert into SHOT values (4909, 4877, 4898, 6737, 8.22, 329.62, -10.04, 8.22, 329.67, -10.01, 0.01, 25.43, 20.66);
insert into SHOT values (4910, 4877, 4899, 6737, 2.07, 77.17, -4.54, 2.07, 77.11, -4.44, 0.00, 311.87, 55.30);
insert into SHOT values (4911, 4877, 4900, 6737, 8.34, 351.55, 67.38, 8.34, 351.59, 67.34, 0.01, 10.84, 12.05);
insert into SHOT values (4912, 4877, 4901, 6737, 1.72, 340.07, -66.31, 1.71, 340.51, -66.29, 0.01, 86.78, 42.22);
insert into SHOT values (4913, 4897, 4902, 6737, 1.76, 276.33, -0.83, 1.76, 276.52, -0.65, 0.01, 351.30, 42.29);
insert into SHOT values (4914, 4897, 4903, 6737, 3.63, 104.11, 2.75, 3.63, 104.04, 2.84, 0.01, 42.37, 47.76);
insert into SHOT values (4915, 4897, 4904, 6737, 9.04, 142.82, 80.07, 9.04, 142.84, 80.09, 0.01, 314.49, 61.78);
insert into SHOT values (4916, 4897, 4905, 6737, 1.02, 280.63, -78.29, 1.01, 281.31, -78.36, 0.01, 62.39, 65.97);
insert into SHOT values (4917, 4897, 4906, 6737, 12.96, 49.74, 44.00, 12.97, 49.74, 44.00, 0.01, 47.80, 43.17);
insert into SHOT values (4918, 4906, 4907, 6737, 8.94, 15.21, 42.05, 8.94, 15.21, 42.09, 0.01, 195.58, 19.41);
insert into SHOT values (4919, 4906, 4908, 6737, 2.17, 284.99, 3.78, 2.18, 284.93, 3.69, 0.01, 269.66, -20.00);
insert into SHOT values (4920, 4906, 4909, 6737, 10.94, 103.77, 5.10, 10.94, 103.76, 5.09, 0.01, 316.40, -26.21);
insert into SHOT values (4921, 4906, 4910, 6737, 3.40, 171.17, 81.39, 3.40, 172.03, 81.45, 0.01, 290.08, -11.00);
insert into SHOT values (4922, 4906, 4911, 6737, 2.45, 142.95, -71.35, 2.45, 143.28, -71.28, 0.01, 203.60, 14.74);
insert into SHOT values (4923, 4907, 4912, 6737, 2.71, 286.63, 0.37, 2.71, 286.70, 0.21, 0.01, 322.52, -53.27);
insert into SHOT values (4924, 4907, 4913, 6737, 2.03, 105.31, -2.41, 2.02, 105.21, -2.55, 0.01, 311.61, -29.12);
insert into SHOT values (4925, 4907, 4914, 6737, 7.37, 114.02, -0.90, 7.37, 113.95, -0.93, 0.01, 354.35, -23.65);
insert into SHOT values (4926, 4907, 4915, 6737, 1.22, 338.83, 85.98, 1.21, 339.44, 85.96, 0.01, 74.60, -82.51);
insert into SHOT values (4927, 4907, 4916, 6737, 2.88, 232.22, -77.53, 2.89, 232.21, -77.60, 0.01, 57.03, -77.23);
insert into SHOT values (4928, 4907, 4917, 6737, 2.75, 105.73, 2.24, 2.74, 105.66, 2.09, 0.01, 314.87, -46.75);
insert into SHOT values (4929, 4917, 4918, 6737, 4.54, 276.69, -12.67, 4.54, 276.74, -12.60, 0.01, 349.87, 55.03);
insert into SHOT values (4930, 4917, 4919, 6737, 6.27, 86.08, 2.82, 6.27, 86.06, 2.83, 0.00, 50.05, 27.53);
insert into SHOT values (4931, 4917, 4920, 6737, 4.32, 292.00, 82.17, 4.32, 292.17, 82.24, 0.01, 94.71, 2.78);
insert into SHOT values (4932, 4917, 4921, 6737, 0.48, 238.65, -88.74, 0.48, 225.00, -88.31, 0.00, 192.34, -1.44);
insert into SHOT values (4933, 4917, 4922, 6737, 10.40, 342.27, 37.91, 10.40, 342.27, 37.89, 0.00, 344.59, 0.02);
insert into SHOT values (4934, 4922, 4923, 6737, 1.64, 312.93, 1.21, 1.64, 312.77, 1.40, 0.01, 175.62, 38.36);
insert into SHOT values (4935, 4922, 4924, 6737, 4.40, 123.28, 4.62, 4.41, 123.29, 4.69, 0.01, 133.95, 48.55);
insert into SHOT values (4936, 4922, 4925, 6737, 1.33, 293.43, 85.40, 1.33, 293.96, 85.76, 0.01, 107.05, 27.50);
insert into SHOT values (4937, 4922, 4926, 6737, 1.80, 124.57, -81.60, 1.80, 124.29, -81.49, 0.00, 102.94, 10.94);
insert into SHOT values (4938, 4922, 4927, 6737, 11.91, 75.03, 42.97, 11.91, 75.04, 42.97, 0.00, 135.64, 51.49);
insert into SHOT values (4939, 4927, 4928, 6737, 4.80, 336.97, 7.41, 4.80, 336.99, 7.42, 0.00, 104.39, 23.27);
insert into SHOT values (4940, 4927, 4929, 6737, 1.74, 164.50, 2.18, 1.75, 164.37, 2.30, 0.01, 130.09, 28.63);
insert into SHOT values (4941, 4927, 4930, 6737, 3.62, 44.40, 75.88, 3.62, 44.54, 75.87, 0.00, 114.36, -15.12);
insert into SHOT values (4942, 4927, 4931, 6737, 1.84, 126.33, -81.16, 1.84, 126.47, -81.07, 0.00, 138.43, -29.24);
insert into SHOT values (4943, 4927, 4932, 6737, 14.15, 61.01, 37.53, 14.15, 61.01, 37.52, 0.00, 72.34, 1.78);
insert into SHOT values (4944, 4932, 4933, 6737, 9.53, 355.72, -6.43, 9.53, 355.70, -6.45, 0.01, 221.70, -29.35);
insert into SHOT values (4945, 4932, 4934, 6737, 3.63, 176.32, -7.89, 3.63, 176.33, -7.91, 0.00, 203.75, -41.26);
insert into SHOT values (4946, 4932, 4935, 6737, 2.27, 263.18, 71.21, 2.27, 262.97, 71.11, 0.01, 231.61, 10.84);
insert into SHOT values (4947, 4932, 4936, 6737, 3.11, 273.54, -72.10, 3.11, 272.98, -72.01, 0.01, 213.38, -2.87);
insert into SHOT values (4948, 4932, 4937, 6737, 7.89, 102.52, 30.73, 7.89, 102.60, 30.71, 0.01, 184.96, -10.04);
insert into SHOT values (4949, 4937, 4938, 6737, 0.48, 23.79, 4.22, 0.48, 23.36, 4.77, 0.01, 302.52, 51.84);
insert into SHOT values (4950, 4937, 4939, 6737, 1.59, 169.19, -1.66, 1.59, 169.11, -1.44, 0.01, 59.49, 69.84);
insert into SHOT values (4951, 4937, 4940, 6737, 0.80, 331.80, 76.56, 0.80, 332.10, 76.15, 0.01, 340.81, 16.39);
insert into SHOT values (4952, 4937, 4941, 6737, 0.34, 123.21, -68.50, 0.33, 120.96, -69.38, 0.01, 332.70, 34.34);
insert into SHOT values (4953, 4937, 4942, 6737, 3.48, 111.16, 46.47, 3.48, 111.09, 46.63, 0.01, 314.92, 43.46);
insert into SHOT values (4954, 4942, 4943, 6737, 1.70, 297.92, -11.34, 1.70, 297.95, -11.55, 0.01, 99.44, -63.65);
insert into SHOT values (4955, 4942, 4944, 6737, 0.49, 82.66, -12.11, 0.50, 82.87, -12.81, 0.01, 104.04, -55.35);
insert into SHOT values (4956, 4942, 4945, 6737, 0.87, 206.28, 83.47, 0.87, 203.96, 83.47, 0.01, 108.68, -47.31);
insert into SHOT values (4957, 4942, 4946, 6737, 3.23, 220.74, -80.96, 3.23, 220.97, -81.03, 0.00, 15.02, -1.47);
insert into SHOT values (4958, 4942, 4947, 6737, 6.41, 357.66, 52.52, 6.41, 357.80, 52.47, 0.01, 72.78, -34.90);
insert into SHOT values (4959, 4947, 4948, 6737, 0.95, 241.77, 4.14, 0.96, 241.82, 4.20, 0.01, 250.73, 14.47);
insert into SHOT values (4960, 4947, 4949, 6737, 0.78, 86.34, 0.87, 0.77, 86.28, 0.74, 0.01, 271.47, -12.49);
insert into SHOT values (4961, 4947, 4950, 6737, 0.93, 201.75, 81.73, 0.93, 201.04, 81.39, 0.01, 184.28, -3.27);
insert into SHOT values (4962, 4947, 4951, 6737, 1.33, 277.53, -65.38, 1.33, 277.25, -65.38, 0.00, 195.07, -18.60);
insert into SHOT values (4963, 4947, 4952, 6737, 10.25, 27.78, 60.24, 10.25, 27.77, 60.25, 0.00, 223.36, 44.38);
insert into SHOT values (4964, 4952, 4953, 6737, 3.45, 295.05, 8.20, 3.45, 294.92, 8.16, 0.01, 227.98, -13.38);
insert into SHOT values (4965, 4952, 4954, 6737, 15.11, 101.29, -5.93, 15.10, 101.29, -5.93, 0.01, 285.66, 7.03);
insert into SHOT values (4966, 4952, 4955, 6737, 5.12, 61.13, 88.04, 5.12, 61.93, 88.10, 0.01, 216.37, 27.94);
insert into SHOT values (4967, 4952, 4956, 6737, 0.87, 341.53, -78.35, 0.87, 339.44, -78.63, 0.01, 213.22, 14.68);
insert into SHOT values (4968, 4952, 4957, 6737, 16.55, 309.68, 73.53, 16.55, 309.63, 73.54, 0.01, 168.75, -8.70);
insert into SHOT values (4969, 4952, 4958, 6737, 11.33, 70.11, 34.97, 11.33, 70.10, 34.95, 0.00, 336.90, -69.32);
insert into SHOT values (4970, 4952, 4959, 6737, 21.83, 67.98, 66.88, 21.83, 67.99, 66.90, 0.01, 239.48, 23.72);
insert into SHOT values (4971, 4952, 4960, 6737, 22.23, 82.40, 21.69, 22.23, 82.40, 21.70, 0.01, 247.61, 39.73);
insert into SHOT values (4972, 4960, 4961, 6737, 5.99, 335.03, -2.91, 5.99, 335.06, -2.97, 0.01, 120.00, -43.54);
insert into SHOT values (4973, 4960, 4962, 6737, 6.31, 163.98, -11.40, 6.32, 163.97, -11.42, 0.01, 147.74, -26.59);
insert into SHOT values (4974, 4960, 4963, 6737, 2.69, 331.95, 77.97, 2.69, 332.05, 78.09, 0.01, 142.80, -8.71);
insert into SHOT values (4975, 4960, 4964, 6737, 1.75, 61.70, -59.46, 1.75, 61.70, -59.60, 0.00, 241.90, -39.54);
insert into SHOT values (4976, 4960, 4965, 6737, 17.51, 323.95, -27.44, 17.50, 323.96, -27.45, 0.01, 128.89, -9.01);
insert into SHOT values (4977, 4960, 4966, 6737, 13.33, 99.46, 25.87, 13.33, 99.45, 25.85, 0.01, 322.36, -74.86);
insert into SHOT values (4978, 4966, 4967, 6737, 2.17, 336.49, -6.32, 2.17, 336.52, -6.34, 0.00, 9.50, -26.49);
insert into SHOT values (4979, 4966, 4968, 6737, 2.59, 153.22, -12.95, 2.59, 153.13, -12.95, 0.00, 38.64, 5.53);
insert into SHOT values (4980, 4966, 4969, 6737, 0.81, 79.75, 72.90, 0.82, 80.54, 72.68, 0.01, 112.93, 43.54);
insert into SHOT values (4981, 4966, 4970, 6737, 0.73, 81.45, -63.72, 0.73, 81.12, -63.51, 0.00, 11.00, 66.44);
insert into SHOT values (4982, 4966, 4971, 6737, 6.96, 69.39, 47.42, 6.97, 69.37, 47.43, 0.01, 42.68, 58.42);
insert into SHOT values (4983, 4971, 4972, 6737, 3.67, 323.07, 8.63, 3.67, 323.07, 8.62, 0.00, 166.61, -55.00);
insert into SHOT values (4984, 4971, 4973, 6737, 0.94, 149.93, 13.08, 0.95, 150.10, 12.82, 0.01, 170.86, -19.50);
insert into SHOT values (4985, 4971, 4974, 6737, 1.27, 280.98, 59.07, 1.27, 280.62, 59.15, 0.00, 169.30, 7.74);
insert into SHOT values (4986, 4971, 4975, 6737, 1.45, 183.27, -76.82, 1.45, 183.47, -76.80, 0.00, 273.89, 57.64);
insert into SHOT values (4987, 4971, 4976, 6737, 9.43, 3.01, 63.69, 9.43, 3.02, 63.70, 0.01, 172.26, -38.77);
insert into SHOT values (4988, 4976, 4977, 6737, 1.39, 320.34, -2.36, 1.39, 320.25, -2.47, 0.00, 282.83, -36.71);
insert into SHOT values (4989, 4976, 4978, 6737, 1.73, 139.21, -0.14, 1.73, 139.22, 0.00, 0.00, 222.14, 86.25);
insert into SHOT values (4990, 4976, 4979, 6737, 1.38, 15.24, 76.92, 1.38, 14.93, 76.95, 0.00, 237.65, -59.42);
insert into SHOT values (4991, 4976, 4980, 6737, 1.61, 133.80, -77.83, 1.60, 133.78, -78.05, 0.01, 314.70, 28.63);
insert into SHOT values (4992, 4976, 4981, 6737, 3.57, 109.13, 56.57, 3.57, 108.99, 56.57, 0.00, 22.01, 7.25);
insert into SHOT values (4993, 4981, 4982, 6737, 1.39, 320.00, 0.00, 1.39, 319.67, 0.00, 0.01, 233.65, 0.00);
insert into SHOT values (4994, 4981, 4983, 6737, 1.00, 120.00, 0.00, 0.99, 120.17, 0.00, 0.01, 270.00, 0.00);
insert into SHOT values (4995, 4981, 4984, 6737, 1.00, 10.00, 80.00, 1.00, 10.01, 80.01, 0.00, 188.65, -78.00);
insert into SHOT values (4996, 4981, 4985, 6737, 0.80, 180.00, -80.00, 0.80, 180.00, -79.95, 0.00, 180.00, -63.34);
insert into SHOT values (4997, 4861, 4986, 6737, 4.29, 175.28, 15.12, 4.28, 175.28, 15.16, 0.01, 353.96, 7.54);
insert into SHOT values (4998, 4861, 4987, 6737, 7.29, 338.08, 11.05, 7.29, 338.09, 11.07, 0.00, 22.30, 46.67);
insert into SHOT values (4999, 4861, 4988, 6737, 9.96, 257.80, 66.69, 9.96, 257.83, 66.71, 0.00, 37.64, 39.16);
insert into SHOT values (5000, 4861, 4989, 6737, 1.50, 222.64, -66.75, 1.50, 222.93, -66.95, 0.01, 11.09, -17.70);
insert into SHOT values (5001, 4861, 4990, 6737, 9.78, 255.61, -28.32, 9.78, 255.61, -28.32, 0.00, 240.51, -28.56);
insert into SHOT values (5002, 4990, 4991, 6737, 1.82, 173.39, 3.61, 1.82, 173.35, 3.79, 0.01, 11.97, 50.78);
insert into SHOT values (5003, 4990, 4992, 6737, 4.72, 343.65, 9.67, 4.72, 343.67, 9.63, 0.01, 358.04, -28.44);
insert into SHOT values (5004, 4990, 4993, 6737, 13.25, 267.43, 87.33, 13.25, 268.12, 87.36, 0.01, 40.73, 23.40);
insert into SHOT values (5005, 4990, 4994, 6737, 1.47, 342.49, -72.47, 1.47, 343.18, -72.21, 0.01, 22.56, 11.67);
insert into SHOT values (5006, 4990, 4995, 6737, 21.21, 246.38, 83.05, 21.22, 246.54, 83.06, 0.01, 10.00, 34.73);
insert into SHOT values (5007, 4990, 4996, 6737, 29.97, 253.06, 9.62, 29.96, 253.07, 9.63, 0.01, 34.01, 8.02);
insert into SHOT values (5008, 4996, 4997, 6737, 5.64, 106.27, 12.71, 5.64, 106.36, 12.70, 0.01, 189.66, -5.85);
insert into SHOT values (5009, 4996, 4998, 6737, 5.83, 293.53, 6.81, 5.83, 293.51, 6.80, 0.00, 246.28, -25.83);
insert into SHOT values (5010, 4996, 4999, 6737, 8.37, 177.99, 77.93, 8.37, 178.04, 77.92, 0.01, 238.35, -71.82);
insert into SHOT values (5011, 4996, 5000, 6737, 1.32, 183.68, -54.84, 1.32, 183.76, -54.81, 0.00, 220.27, -24.09);
insert into SHOT values (5012, 4996, 5001, 6737, 20.90, 100.90, 59.14, 20.90, 100.92, 59.15, 0.01, 248.39, -7.82);
insert into SHOT values (5013, 4996, 5002, 6737, 10.16, 239.55, 36.98, 10.16, 239.52, 36.95, 0.01, 205.20, -12.10);
insert into SHOT values (5014, 4996, 5003, 6737, 22.51, 221.78, -10.18, 22.52, 221.78, -10.18, 0.01, 224.88, -7.52);
insert into SHOT values (5015, 5003, 5004, 6737, 1.71, 148.97, -15.20, 1.71, 148.92, -15.29, 0.00, 350.91, -22.07);
insert into SHOT values (5016, 5003, 5005, 6737, 10.28, 323.45, 12.47, 10.28, 323.51, 12.47, 0.01, 49.28, 1.47);
insert into SHOT values (5017, 5003, 5006, 6737, 5.20, 270.96, 77.49, 5.20, 271.02, 77.56, 0.01, 79.71, 28.70);
insert into SHOT values (5018, 5003, 5007, 6737, 2.00, 221.89, -64.64, 2.00, 222.14, -64.86, 0.01, 14.31, -19.00);
insert into SHOT values (5019, 5003, 5008, 6737, 49.89, 64.95, 34.23, 49.90, 64.94, 34.23, 0.01, 16.64, 48.85);
insert into SHOT values (5020, 5003, 5009, 6737, 34.49, 262.17, -6.33, 34.49, 262.17, -6.33, 0.00, 59.05, 86.90);
insert into SHOT values (5021, 5009, 5010, 6737, 5.08, 182.16, -2.39, 5.08, 182.15, -2.37, 0.00, 33.35, 37.93);
insert into SHOT values (5022, 5009, 5011, 6737, 8.99, 347.89, 3.03, 8.99, 347.91, 3.00, 0.01, 55.14, -51.72);
insert into SHOT values (5023, 5009, 5012, 6737, 7.65, 267.82, 79.88, 7.65, 267.86, 79.90, 0.00, 70.59, -16.07);
insert into SHOT values (5024, 5009, 5013, 6737, 2.44, 209.00, -52.15, 2.44, 208.79, -52.24, 0.01, 95.29, -29.55);
insert into SHOT values (5025, 5009, 5014, 6737, 13.92, 60.52, -43.31, 13.92, 60.50, -43.30, 0.01, 24.92, -15.53);
insert into SHOT values (5026, 5009, 5015, 6737, 22.50, 72.19, -40.51, 22.51, 72.17, -40.51, 0.01, 22.62, -27.82);
insert into SURVEY values (6739, 68, 'queenofthesouth', 'queenofthesouth.clearwater_master', NULL);
 insert into CENTRELINE values (6740, 6739, NULL, NULL, NULL, 0.00, 0.00, 0.00);
 insert into CENTRELINE values (6741, 6739, 'queenofthesouth', '2017-04-18', NULL, 273.40, 0.00, 0.00);
 insert into SHOT values (5027, 5016, 5017, 6741, 21.00, 186.00, 20.00, 21.00, 186.02, 19.99, 0.01, 237.96, -15.75);
insert into SHOT values (5028, 5017, 5018, 6741, 6.17, 185.00, -2.50, 6.17, 184.93, -2.51, 0.01, 84.70, -6.81);
insert into SHOT values (5029, 5018, 5019, 6741, 32.80, 249.50, -23.00, 32.80, 249.51, -22.99, 0.01, 8.25, 58.29);
insert into SHOT values (5030, 5019, 5020, 6741, 17.00, 183.00, -6.00, 17.01, 183.02, -6.01, 0.01, 219.34, -20.32);
insert into SHOT values (5031, 5020, 5021, 6741, 28.43, 285.00, -4.00, 28.43, 285.00, -3.99, 0.01, 93.94, 35.91);
insert into SHOT values (5032, 5021, 5022, 6741, 19.80, 260.00, 12.00, 19.80, 260.01, 11.98, 0.01, 294.16, -41.29);
insert into SHOT values (5033, 5022, 5023, 6741, 1.00, 0.00, 90.00, 1.00, 90.00, 90.00, 0.00, 0.00, 0.00);
insert into SHOT values (5034, 5023, 5024, 6741, 26.30, 242.50, -16.00, 26.29, 242.50, -16.01, 0.01, 52.83, -7.15);
insert into SHOT values (5035, 5024, 5025, 6741, 9.23, 287.00, -6.50, 9.23, 286.99, -6.47, 0.01, 182.13, 75.65);
insert into SHOT values (5036, 5025, 5026, 6741, 16.87, 257.00, -8.50, 16.87, 257.01, -8.52, 0.01, 317.88, -55.91);
insert into SHOT values (5037, 5026, 5027, 6741, 12.12, 245.00, 0.00, 12.12, 244.96, 0.00, 0.01, 150.50, 0.00);
insert into SHOT values (5038, 5027, 5028, 6741, 2.96, 218.00, 14.00, 2.96, 218.07, 14.08, 0.01, 331.20, 46.73);
insert into SHOT values (5039, 5025, 5029, 6741, 12.70, 30.00, -10.00, 12.70, 29.99, -10.02, 0.01, 247.94, -50.79);
insert into SHOT values (5040, 5029, 5030, 6741, 7.58, 88.00, 7.50, 7.58, 88.02, 7.51, 0.00, 194.16, 14.61);
insert into SHOT values (5041, 5030, 5031, 6741, 9.97, 24.00, -15.00, 9.97, 24.01, -14.99, 0.00, 52.62, 6.41);
insert into SHOT values (5042, 5032, 5031, 6741, 9.64, 253.00, 2.50, 9.64, 252.98, 2.50, 0.00, 179.95, -6.64);
insert into SHOT values (5043, 5033, 5034, 6741, 14.77, 321.05, 10.56, 14.77, 321.04, 10.57, 0.00, 227.75, 46.70);
insert into SHOT values (5044, 5033, 5035, 6741, 5.21, 130.55, -0.90, 5.21, 130.57, -0.88, 0.00, 152.63, 26.03);
insert into SHOT values (5045, 5033, 5036, 6741, 11.77, 31.06, 70.11, 11.77, 30.99, 70.13, 0.01, 267.85, 19.42);
insert into SHOT values (5046, 5033, 5037, 6741, 2.53, 6.72, -55.42, 2.52, 6.83, -55.49, 0.01, 161.95, 25.50);
insert into SHOT values (5047, 5033, 5027, 6741, 20.50, 51.09, 15.54, 20.50, 51.10, 15.54, 0.01, 165.28, -21.56);
insert into SHOT values (5048, 5027, 5038, 6741, 1.33, 324.65, -12.89, 1.33, 324.72, -12.59, 0.01, 2.39, 69.18);
insert into SHOT values (5049, 5027, 5039, 6741, 0.70, 138.27, -10.66, 0.70, 137.95, -10.72, 0.00, 31.87, -7.34);
insert into SHOT values (5050, 5027, 5040, 6741, 3.27, 358.98, 26.37, 3.27, 359.02, 26.48, 0.01, 71.37, 73.30);
insert into SHOT values (5051, 5027, 5041, 6741, 1.74, 29.48, -52.58, 1.74, 29.48, -52.56, 0.00, 217.64, 74.39);
insert into SHOT values (5052, 5033, 5042, 6741, 7.89, 118.75, 0.71, 7.90, 118.77, 0.73, 0.01, 149.17, 19.91);
insert into SHOT values (5053, 5033, 5043, 6741, 8.55, 268.13, 23.63, 8.55, 268.10, 23.64, 0.01, 193.62, 32.82);
insert into SHOT values (5054, 5033, 5044, 6741, 12.02, 168.67, 72.32, 12.02, 168.63, 72.31, 0.00, 103.15, -37.96);
insert into SHOT values (5055, 5033, 5045, 6741, 1.74, 162.81, -62.86, 1.74, 163.16, -62.87, 0.01, 249.34, -17.93);
insert into SHOT values (5056, 5033, 5046, 6741, 19.33, 185.13, 11.90, 19.33, 185.13, 11.91, 0.00, 133.21, 66.96);
insert into SHOT values (5057, 5046, 5047, 6741, 1.84, 103.74, -10.66, 1.83, 103.80, -10.68, 0.01, 265.50, 3.20);
insert into SHOT values (5058, 5046, 5048, 6741, 1.83, 279.23, 3.08, 1.84, 279.10, 3.12, 0.01, 243.78, 13.40);
insert into SHOT values (5059, 5046, 5049, 6741, 2.05, 274.06, 41.62, 2.05, 274.11, 41.56, 0.00, 318.27, -38.30);
insert into SHOT values (5060, 5046, 5050, 6741, 3.21, 92.94, -40.04, 3.21, 93.04, -40.15, 0.01, 227.60, -40.11);
insert into SHOT values (5061, 5033, 5051, 6741, 14.67, 284.28, 23.85, 14.67, 284.28, 23.85, 0.00, 79.95, -31.93);
insert into SHOT values (5062, 5033, 5052, 6741, 13.57, 243.83, 13.16, 13.57, 243.82, 13.16, 0.00, 201.47, 11.42);
insert into SHOT values (5063, 5033, 5053, 6741, 15.19, 9.94, 0.01, 15.19, 9.93, 0.00, 0.00, 225.93, -42.91);
insert into SURVEY values (6743, 68, 'eastern', 'eastern.clearwater_master', NULL);
 insert into CENTRELINE values (6744, 6743, NULL, NULL, NULL, 0.00, 0.00, 0.00);
 insert into CENTRELINE values (6745, 6743, NULL, '2014-04-13', NULL, 1441.49, 0.00, 0.00);
 insert into SHOT values (5064, 5054, 5055, 6745, 25.33, 197.17, -2.37, 25.33, 197.17, -2.38, 0.00, 71.05, -63.12);
insert into SHOT values (5065, 5054, 5056, 6745, 13.08, 120.14, 31.07, 13.08, 120.16, 31.06, 0.00, 165.32, -4.74);
insert into SHOT values (5066, 5054, 5057, 6745, 2.17, 279.93, 2.21, 2.17, 279.81, 2.11, 0.01, 226.22, -32.96);
insert into SHOT values (5067, 5054, 5058, 6745, 8.36, 93.22, 63.13, 8.35, 93.19, 63.12, 0.01, 311.98, -65.71);
insert into SHOT values (5068, 5054, 5059, 6745, 2.09, 217.07, -50.47, 2.09, 217.04, -50.66, 0.01, 52.96, -73.76);
insert into SHOT values (5069, 5055, 5060, 6745, 6.90, 103.69, 26.99, 6.90, 103.74, 26.99, 0.01, 218.22, -13.33);
insert into SHOT values (5070, 5055, 5061, 6745, 3.49, 271.61, -0.99, 3.49, 271.64, -0.98, 0.00, 315.90, 6.27);
insert into SHOT values (5071, 5055, 5062, 6745, 4.99, 114.27, 72.06, 4.99, 114.23, 72.09, 0.00, 326.37, 50.84);
insert into SHOT values (5072, 5055, 5063, 6745, 1.36, 258.68, -74.37, 1.36, 259.00, -74.36, 0.00, 339.70, -8.07);
insert into SHOT values (5073, 5055, 5064, 6745, 15.26, 77.49, 49.05, 15.25, 77.52, 49.05, 0.01, 211.70, -36.65);
insert into SHOT values (5074, 5055, 5065, 6745, 10.65, 207.98, 0.59, 10.66, 207.98, 0.59, 0.01, 214.43, 2.94);
insert into SHOT values (5075, 5065, 5066, 6745, 9.82, 147.84, 19.58, 9.82, 147.80, 19.57, 0.01, 63.95, -8.86);
insert into SHOT values (5076, 5065, 5067, 6745, 2.69, 343.92, 7.36, 2.70, 343.94, 7.25, 0.01, 350.75, -34.76);
insert into SHOT values (5077, 5065, 5068, 6745, 6.36, 46.31, 80.95, 6.36, 46.61, 80.91, 0.01, 98.89, -7.04);
insert into SHOT values (5078, 5065, 5069, 6745, 0.87, 13.67, -83.46, 0.88, 16.70, -83.16, 0.01, 60.55, -36.83);
insert into SHOT values (5079, 5065, 5070, 6745, 39.81, 250.55, -17.14, 39.81, 250.56, -17.14, 0.01, 7.56, 17.25);
insert into SHOT values (5080, 5070, 5071, 6745, 8.22, 179.75, 1.40, 8.22, 179.72, 1.39, 0.00, 121.42, -9.73);
insert into SHOT values (5081, 5070, 5072, 6745, 7.32, 314.63, 15.33, 7.32, 314.66, 15.30, 0.01, 83.05, -52.58);
insert into SHOT values (5082, 5070, 5073, 6745, 9.90, 249.95, 67.63, 9.90, 249.84, 67.60, 0.01, 183.81, -31.07);
insert into SHOT values (5083, 5070, 5074, 6745, 1.44, 329.99, -62.94, 1.44, 329.49, -63.26, 0.01, 197.96, -44.99);
insert into SHOT values (5084, 5070, 5075, 6745, 13.96, 155.76, 18.45, 13.96, 155.76, 18.41, 0.01, 147.95, -53.23);
insert into SHOT values (5085, 5070, 5076, 6745, 16.10, 335.42, 62.33, 16.09, 335.39, 62.34, 0.01, 180.34, -44.26);
insert into SHOT values (5086, 5070, 5077, 6745, 19.59, 245.74, -46.54, 19.59, 245.72, -46.55, 0.01, 124.69, -4.77);
insert into SHOT values (5087, 5070, 5078, 6745, 48.95, 242.12, -38.15, 49.04, 240.51, -36.12, 2.05, 196.84, 40.28);
insert into SHOT values (5088, 5078, 5079, 6745, 3.70, 135.41, -4.28, 3.70, 135.44, -4.34, 0.00, 186.25, -58.04);
insert into SHOT values (5089, 5078, 5080, 6745, 2.08, 308.46, -5.86, 2.08, 308.31, -5.81, 0.01, 178.20, 18.82);
insert into SHOT values (5090, 5078, 5081, 6745, 11.42, 139.38, 80.47, 11.42, 139.50, 80.45, 0.01, 191.06, -25.87);
insert into SHOT values (5091, 5078, 5082, 6745, 0.82, 349.15, -58.36, 0.82, 349.22, -58.58, 0.00, 158.49, -35.40);
insert into SHOT values (5092, 5078, 5083, 6745, 16.36, 115.73, 55.12, 16.36, 115.72, 55.11, 0.00, 51.82, -20.60);
insert into SHOT values (5093, 5078, 5084, 6745, 34.30, 247.11, -39.94, 34.36, 245.84, -38.54, 1.03, 200.78, 36.50);
insert into SHOT values (5094, 5084, 5085, 6745, 2.09, 141.04, -0.02, 2.10, 141.00, 0.00, 0.01, 129.62, 5.48);
insert into SHOT values (5095, 5084, 5086, 6745, 1.99, 338.48, 4.23, 1.98, 338.63, 4.34, 0.01, 127.94, 17.60);
insert into SHOT values (5096, 5084, 5087, 6745, 11.32, 349.32, 82.89, 11.33, 349.25, 82.93, 0.01, 182.82, 45.74);
insert into SHOT values (5097, 5084, 5088, 6745, 0.43, 4.56, -49.03, 0.43, 6.12, -48.65, 0.01, 97.83, 31.40);
insert into SHOT values (5098, 5084, 5089, 6745, 20.17, 266.06, 60.62, 20.17, 266.06, 60.63, 0.00, 91.99, 64.24);
insert into SHOT values (5099, 5084, 5090, 6745, 11.11, 213.09, -11.77, 11.17, 213.07, -11.57, 0.07, 209.03, 21.73);
insert into SHOT values (5100, 5090, 5091, 6745, 3.66, 158.72, 7.60, 3.67, 158.73, 7.52, 0.01, 160.54, -21.93);
insert into SHOT values (5101, 5090, 5092, 6745, 5.53, 348.43, 5.10, 5.52, 348.47, 5.09, 0.01, 142.57, -11.51);
insert into SHOT values (5102, 5090, 5093, 6745, 7.56, 109.34, 84.85, 7.56, 109.77, 84.84, 0.01, 183.46, 5.62);
insert into SHOT values (5103, 5090, 5094, 6745, 0.62, 124.80, -54.64, 0.63, 124.99, -54.32, 0.01, 134.23, -30.25);
insert into SHOT values (5104, 5090, 5095, 6745, 13.40, 262.02, 41.56, 13.42, 261.31, 41.02, 0.18, 210.22, -26.49);
insert into SHOT values (5105, 5095, 5096, 6745, 6.47, 111.67, -11.63, 6.47, 111.67, -11.59, 0.00, 84.74, 80.66);
insert into SHOT values (5106, 5095, 5097, 6745, 5.03, 266.61, -1.38, 5.03, 266.58, -1.37, 0.00, 185.56, 23.14);
insert into SHOT values (5107, 5095, 5098, 6745, 16.27, 287.67, 76.30, 16.27, 287.68, 76.31, 0.00, 76.48, 61.05);
insert into SHOT values (5108, 5095, 5099, 6745, 1.34, 263.46, -77.91, 1.34, 261.87, -77.82, 0.01, 188.26, 1.97);
insert into SHOT values (5109, 5095, 5100, 6745, 7.39, 194.73, 7.62, 7.45, 194.90, 7.56, 0.07, 213.87, 0.06);
insert into SHOT values (5110, 5100, 5101, 6745, 5.30, 93.20, -0.01, 5.30, 93.25, 0.00, 0.00, 202.72, 11.63);
insert into SHOT values (5111, 5100, 5102, 6745, 2.74, 266.42, 1.01, 2.75, 266.45, 1.04, 0.01, 280.45, 16.17);
insert into SHOT values (5112, 5100, 5103, 6745, 8.01, 94.66, 77.98, 8.01, 94.82, 77.99, 0.01, 210.07, -40.25);
insert into SHOT values (5113, 5100, 5104, 6745, 1.72, 94.86, -52.10, 1.72, 94.90, -52.23, 0.00, 260.06, -44.60);
insert into SHOT values (5114, 5100, 5105, 6745, 20.49, 121.14, 14.06, 20.49, 121.15, 14.07, 0.00, 236.23, 40.72);
insert into SHOT values (5115, 5105, 5106, 6745, 6.42, 21.74, -2.66, 6.42, 21.77, -2.68, 0.01, 56.57, -20.34);
insert into SHOT values (5116, 5105, 5107, 6745, 5.28, 193.49, -10.53, 5.28, 193.47, -10.58, 0.01, 155.97, -65.26);
insert into SHOT values (5117, 5105, 5108, 6745, 3.07, 115.05, 80.98, 3.07, 114.44, 80.94, 0.01, 46.25, -20.37);
insert into SHOT values (5118, 5105, 5109, 6745, 1.19, 238.81, -68.80, 1.19, 239.26, -68.80, 0.00, 326.83, -8.89);
insert into SHOT values (5119, 5105, 5110, 6745, 23.16, 97.88, -29.01, 23.16, 97.89, -29.03, 0.01, 223.23, -62.27);
insert into SHOT values (5120, 5110, 5111, 6745, 2.17, 9.76, -6.97, 2.18, 9.85, -6.86, 0.01, 33.96, 20.95);
insert into SHOT values (5121, 5110, 5112, 6745, 8.72, 211.09, 8.60, 8.72, 211.09, 8.64, 0.01, 32.80, 55.67);
insert into SHOT values (5122, 5110, 5113, 6745, 5.80, 338.26, 59.82, 5.81, 338.27, 59.84, 0.01, 359.50, 75.33);
insert into SHOT values (5123, 5110, 5114, 6745, 1.45, 337.34, -78.94, 1.45, 338.96, -78.90, 0.01, 65.22, 21.25);
insert into SHOT values (5124, 5070, 5115, 6745, 2.40, 74.53, 5.72, 2.40, 74.68, 5.51, 0.01, 192.39, -52.19);
insert into SHOT values (5125, 5070, 5116, 6745, 8.08, 185.37, 8.84, 8.08, 185.39, 8.83, 0.00, 249.97, -29.70);
insert into SHOT values (5126, 5070, 5117, 6745, 12.46, 159.81, 26.48, 12.46, 159.81, 26.45, 0.01, 162.61, -65.59);
insert into SHOT values (5127, 5070, 5118, 6745, 1.54, 356.49, -83.85, 1.55, 356.42, -84.06, 0.01, 178.77, -62.19);
insert into SHOT values (5128, 5070, 5119, 6745, 13.43, 159.20, 22.39, 13.40, 158.35, 22.70, 0.20, 51.83, 15.87);
insert into SHOT values (5129, 5119, 5120, 6745, 2.54, 95.98, -6.61, 2.54, 95.91, -6.78, 0.01, 12.11, -68.99);
insert into SHOT values (5130, 5119, 5121, 6745, 0.91, 262.73, 14.57, 0.91, 262.79, 14.70, 0.00, 68.32, 15.33);
insert into SHOT values (5131, 5119, 5122, 6745, 1.72, 256.89, -21.38, 1.72, 257.01, -21.48, 0.00, 358.09, -42.11);
insert into SHOT values (5132, 5119, 5123, 6745, 0.44, 184.32, 84.82, 0.43, 180.00, 84.69, 0.01, 97.38, -69.80);
insert into SHOT values (5133, 5119, 5124, 6745, 17.29, 166.78, -1.56, 17.25, 165.73, -1.56, 0.32, 68.77, 0.13);
insert into SHOT values (5134, 5124, 5125, 6745, 6.81, 96.01, -3.60, 6.81, 96.00, -3.54, 0.01, 26.21, 76.69);
insert into SHOT values (5135, 5124, 5126, 6745, 3.54, 206.36, 1.53, 3.54, 206.35, 1.62, 0.01, 57.48, 75.05);
insert into SHOT values (5136, 5124, 5127, 6745, 3.05, 96.12, 60.62, 3.05, 96.13, 60.60, 0.00, 102.18, 45.33);
insert into SHOT values (5137, 5124, 5128, 6745, 0.69, 103.86, -74.02, 0.69, 105.52, -74.20, 0.01, 224.56, 27.87);
insert into SHOT values (5138, 5124, 5129, 6745, 10.59, 159.29, 7.66, 10.55, 158.57, 7.79, 0.14, 51.15, 7.54);
insert into SHOT values (5139, 5129, 5130, 6745, 2.20, 132.14, 7.10, 2.20, 132.22, 7.04, 0.01, 167.18, -19.69);
insert into SHOT values (5140, 5129, 5131, 6745, 7.01, 291.70, -11.01, 7.01, 291.68, -11.03, 0.01, 141.65, -12.86);
insert into SHOT values (5141, 5129, 5132, 6745, 3.63, 201.22, 84.23, 3.63, 200.92, 84.24, 0.00, 84.56, -37.44);
insert into SHOT values (5142, 5129, 5133, 6745, 2.28, 229.91, -84.25, 2.28, 228.58, -84.30, 0.01, 121.32, -14.81);
insert into SHOT values (5143, 5129, 5134, 6745, 7.47, 299.12, -64.91, 7.47, 299.07, -64.88, 0.01, 242.08, 58.53);
insert into SHOT values (5144, 5129, 5135, 6745, 7.11, 225.15, -27.73, 7.05, 225.33, -27.98, 0.07, 28.51, -1.44);
insert into SHOT values (5145, 5135, 5136, 6745, 3.88, 69.47, 2.97, 3.88, 69.46, 2.95, 0.00, 49.34, -31.04);
insert into SHOT values (5146, 5135, 5137, 6745, 7.33, 240.55, -6.99, 7.33, 240.51, -7.05, 0.01, 118.10, -52.40);
insert into SHOT values (5147, 5135, 5138, 6745, 7.36, 124.42, 81.72, 7.36, 124.29, 81.68, 0.01, 98.80, -29.82);
insert into SHOT values (5148, 5135, 5139, 6745, 1.40, 136.53, -51.92, 1.41, 136.40, -51.91, 0.01, 119.37, -49.45);
insert into SHOT values (5149, 5135, 5140, 6745, 7.80, 248.41, -56.30, 7.80, 248.42, -56.33, 0.00, 59.33, -8.92);
insert into SHOT values (5150, 5135, 5141, 6745, 14.36, 281.56, -22.67, 14.36, 281.54, -22.69, 0.01, 161.68, -43.49);
insert into SHOT values (5151, 5135, 5142, 6745, 11.45, 96.40, -3.09, 11.46, 96.42, -3.10, 0.01, 125.02, -16.15);
insert into SHOT values (5152, 5142, 5143, 6745, 2.25, 356.62, 6.03, 2.26, 356.42, 6.10, 0.01, 308.13, 19.51);
insert into SHOT values (5153, 5142, 5144, 6745, 3.14, 158.54, -5.45, 3.13, 158.54, -5.50, 0.01, 338.53, -10.27);
insert into SHOT values (5154, 5142, 5145, 6745, 7.99, 353.95, 73.91, 8.00, 353.80, 73.86, 0.01, 320.19, 16.14);
insert into SHOT values (5155, 5142, 5146, 6745, 1.73, 329.35, -68.59, 1.73, 329.04, -68.28, 0.01, 309.77, 3.36);
insert into SHOT values (5156, 5142, 5147, 6745, 50.49, 86.24, -5.70, 50.49, 86.23, -5.71, 0.01, 337.62, -42.61);
insert into SHOT values (5157, 5147, 5148, 6745, 5.78, 350.72, -1.10, 5.78, 350.73, -1.09, 0.00, 149.98, 14.15);
insert into SHOT values (5158, 5147, 5149, 6745, 0.16, 163.60, 9.20, 0.16, 165.07, 10.94, 0.01, 288.26, 42.41);
insert into SHOT values (5159, 5147, 5150, 6745, 5.66, 354.87, 58.06, 5.66, 354.82, 58.12, 0.01, 224.25, 64.88);
insert into SHOT values (5160, 5147, 5151, 6745, 1.68, 12.73, -67.80, 1.68, 12.72, -67.70, 0.01, 8.45, 81.26);
insert into SHOT values (5161, 5147, 5152, 6745, 51.49, 70.07, -1.45, 51.49, 70.07, -1.45, 0.01, 349.68, 34.94);
insert into SHOT values (5162, 5152, 5153, 6745, 3.55, 15.77, 4.05, 3.54, 15.77, 4.05, 0.01, 196.98, -5.05);
insert into SHOT values (5163, 5152, 5154, 6745, 6.93, 186.44, -4.54, 6.94, 186.48, -4.55, 0.01, 223.99, -11.10);
insert into SHOT values (5164, 5152, 5155, 6745, 5.60, 299.61, 88.13, 5.60, 299.36, 88.12, 0.00, 255.56, 68.71);
insert into SHOT values (5165, 5152, 5156, 6745, 1.28, 57.42, -73.09, 1.27, 57.17, -73.18, 0.01, 262.63, 51.10);
insert into SHOT values (5166, 5152, 5157, 6745, 26.21, 275.97, -8.89, 26.21, 275.96, -8.89, 0.01, 238.17, 4.03);
insert into SHOT values (5167, 5152, 5158, 6745, 39.78, 98.70, -23.08, 39.77, 98.71, -23.08, 0.01, 227.46, 33.64);
insert into SHOT values (5168, 5158, 5159, 6745, 5.41, 119.33, -6.81, 5.42, 119.28, -6.79, 0.01, 78.86, 12.29);
insert into SHOT values (5169, 5158, 5160, 6745, 15.04, 254.27, -10.72, 15.04, 254.25, -10.73, 0.01, 132.42, -23.50);
insert into SHOT values (5170, 5158, 5161, 6745, 8.26, 219.13, 81.52, 8.26, 218.96, 81.58, 0.01, 60.77, 1.74);
insert into SHOT values (5171, 5158, 5162, 6745, 5.12, 235.61, -67.67, 5.12, 235.49, -67.72, 0.01, 103.34, -36.00);
insert into SHOT values (5172, 5158, 5163, 6745, 8.59, 70.09, 12.84, 8.59, 70.12, 12.84, 0.01, 111.47, 10.28);
insert into SHOT values (5173, 5158, 5164, 6745, 22.39, 202.25, -27.60, 22.39, 202.25, -27.62, 0.01, 34.30, -50.30);
insert into SHOT values (5174, 5164, 5165, 6745, 8.03, 67.60, 1.32, 8.02, 67.65, 1.36, 0.01, 193.09, 28.03);
insert into SHOT values (5175, 5164, 5166, 6745, 5.92, 228.25, -3.95, 5.92, 228.16, -3.87, 0.01, 139.98, 39.14);
insert into SHOT values (5176, 5164, 5167, 6745, 12.08, 165.71, 89.57, 12.08, 167.47, 89.56, 0.00, 227.92, 6.06);
insert into SHOT values (5177, 5164, 5168, 6745, 2.79, 127.45, -65.00, 2.78, 127.45, -64.83, 0.01, 127.59, 60.04);
insert into SHOT values (5178, 5164, 5169, 6745, 4.44, 59.58, 65.51, 4.44, 59.68, 65.49, 0.00, 124.14, -9.09);
insert into SHOT values (5179, 5164, 5170, 6745, 16.65, 118.57, -2.20, 16.65, 118.58, -2.20, 0.00, 208.70, -12.61);
insert into SHOT values (5180, 5164, 5171, 6745, 16.29, 194.76, -6.73, 16.29, 194.75, -6.70, 0.01, 165.12, 55.12);
insert into SHOT values (5181, 5164, 5172, 6745, 14.95, 142.37, -24.58, 14.95, 142.38, -24.55, 0.01, 193.56, 70.57);
insert into SHOT values (5182, 5170, 5173, 6745, 8.88, 358.10, 3.93, 8.88, 358.12, 3.94, 0.01, 138.75, 13.78);
insert into SHOT values (5183, 5170, 5174, 6745, 4.52, 154.40, 0.66, 4.53, 154.34, 0.76, 0.01, 119.31, 44.25);
insert into SHOT values (5184, 5170, 5175, 6745, 3.81, 6.65, 82.33, 3.81, 6.84, 82.41, 0.01, 167.67, 38.12);
insert into SHOT values (5185, 5170, 5176, 6745, 1.62, 80.92, -64.26, 1.61, 81.07, -63.96, 0.01, 101.05, 59.88);
insert into SHOT values (5186, 5170, 5177, 6745, 16.45, 236.56, -38.86, 16.45, 236.56, -38.85, 0.00, 221.20, 32.18);
insert into SHOT values (5187, 5170, 5178, 6745, 13.36, 124.39, 42.09, 13.36, 124.40, 42.11, 0.01, 264.43, 73.22);
insert into SHOT values (5188, 5170, 5179, 6745, 12.22, 47.06, -0.45, 12.22, 47.09, -0.42, 0.01, 134.93, 43.80);
insert into SHOT values (5189, 5179, 5180, 6745, 0.25, 353.77, 9.10, 0.25, 353.16, 9.03, 0.01, 325.10, 4.69);
insert into SHOT values (5190, 5179, 5181, 6745, 4.31, 184.43, -4.50, 4.31, 184.41, -4.53, 0.00, 25.90, -23.13);
insert into SHOT values (5191, 5179, 5182, 6745, 3.81, 131.40, 73.94, 3.81, 131.13, 74.01, 0.01, 354.91, -10.48);
insert into SHOT values (5192, 5179, 5183, 6745, 1.55, 195.70, -78.32, 1.55, 196.70, -78.36, 0.01, 292.27, -20.86);
insert into SHOT values (5193, 5179, 5184, 6745, 12.89, 98.60, 19.56, 12.89, 98.57, 19.54, 0.01, 3.92, -41.12);
insert into SHOT values (5194, 5184, 5185, 6745, 4.31, 348.18, 10.13, 4.31, 348.16, 10.16, 0.00, 197.76, 33.08);
insert into SHOT values (5195, 5184, 5186, 6745, 2.77, 156.85, -6.89, 2.77, 156.88, -6.84, 0.00, 218.24, 51.49);
insert into SHOT values (5196, 5184, 5187, 6745, 5.96, 16.20, 79.01, 5.97, 16.36, 79.03, 0.01, 109.84, 71.02);
insert into SHOT values (5197, 5184, 5188, 6745, 1.42, 352.40, -61.69, 1.42, 352.23, -61.95, 0.01, 187.10, 1.21);
insert into SHOT values (5198, 5184, 5189, 6745, 16.97, 70.03, 10.09, 16.97, 70.05, 10.12, 0.01, 205.76, 45.74);
insert into SHOT values (5199, 5189, 5190, 6745, 32.95, 90.19, -3.97, 32.95, 90.19, -3.97, 0.00, 217.11, 45.36);
insert into SHOT values (5200, 5189, 5191, 6745, 2.27, 351.32, 2.41, 2.27, 351.37, 2.27, 0.01, 131.54, -60.86);
insert into SHOT values (5201, 5189, 5192, 6745, 8.33, 172.27, -4.18, 8.33, 172.25, -4.20, 0.00, 47.40, -39.17);
insert into SHOT values (5202, 5189, 5193, 6745, 7.13, 65.31, 82.35, 7.12, 65.06, 82.35, 0.01, 325.96, -56.93);
insert into SHOT values (5203, 5189, 5194, 6745, 1.90, 144.07, -60.45, 1.91, 144.11, -60.53, 0.01, 173.38, -80.08);
insert into SHOT values (5204, 5189, 5195, 6745, 10.88, 185.23, 31.78, 10.88, 185.21, 31.78, 0.00, 83.89, -0.95);
insert into SHOT values (5205, 5189, 5196, 6745, 13.97, 78.70, -2.15, 13.97, 78.68, -2.17, 0.01, 5.72, -52.19);
insert into SHOT values (5206, 5190, 5197, 6745, 3.60, 340.50, -2.62, 3.60, 340.51, -2.71, 0.01, 85.16, -85.27);
insert into SHOT values (5207, 5190, 5198, 6745, 9.56, 357.97, 3.26, 9.56, 357.96, 3.24, 0.00, 307.45, -56.65);
insert into SHOT values (5208, 5190, 5199, 6745, 3.11, 203.53, 3.81, 3.11, 203.59, 3.69, 0.01, 347.40, -51.82);
insert into SHOT values (5209, 5190, 5200, 6745, 12.07, 304.16, 80.74, 12.07, 304.10, 80.73, 0.00, 258.48, -42.97);
insert into SHOT values (5210, 5190, 5201, 6745, 1.52, 149.64, -68.83, 1.52, 149.22, -68.93, 0.01, 34.98, -30.07);
insert into SHOT values (5211, 5190, 5202, 6745, 8.72, 58.16, -5.66, 8.72, 58.14, -5.66, 0.00, 321.68, 0.21);
insert into SHOT values (5212, 5202, 5203, 6745, 5.65, 26.31, -2.09, 5.65, 26.38, -2.13, 0.01, 100.24, -27.61);
insert into SHOT values (5213, 5202, 5204, 6745, 5.70, 178.76, -1.70, 5.69, 178.69, -1.71, 0.01, 47.44, -5.66);
insert into SHOT values (5214, 5202, 5205, 6745, 6.51, 106.16, 77.70, 6.51, 105.83, 77.65, 0.01, 53.10, -3.26);
insert into SHOT values (5215, 5202, 5206, 6745, 1.06, 201.73, -87.21, 1.06, 201.80, -87.09, 0.00, 203.43, -29.11);
insert into SHOT values (5216, 5202, 5207, 6745, 30.41, 90.50, -32.85, 30.42, 90.49, -32.85, 0.01, 51.75, -42.52);
insert into SHOT values (5217, 5207, 5208, 6745, 4.70, 53.43, 9.66, 4.70, 53.43, 9.68, 0.00, 244.14, 45.34);
insert into SHOT values (5218, 5207, 5209, 6745, 7.17, 208.48, -6.71, 7.17, 208.51, -6.73, 0.00, 258.96, -26.47);
insert into SHOT values (5219, 5207, 5210, 6745, 4.67, 190.24, 78.04, 4.67, 190.15, 78.08, 0.00, 41.04, 23.85);
insert into SHOT values (5220, 5207, 5211, 6745, 2.04, 83.95, -70.41, 2.04, 84.12, -70.40, 0.00, 184.82, 42.43);
insert into SHOT values (5221, 5207, 5212, 6745, 28.12, 132.93, -40.56, 28.12, 132.93, -40.56, 0.01, 290.32, 65.80);
insert into SHOT values (5222, 5212, 5213, 6745, 9.40, 29.05, 15.81, 9.39, 29.06, 15.82, 0.01, 194.60, -8.47);
insert into SHOT values (5223, 5212, 5214, 6745, 5.67, 215.83, -3.64, 5.67, 215.80, -3.64, 0.00, 133.26, -0.47);
insert into SHOT values (5224, 5212, 5215, 6745, 3.79, 57.08, 85.01, 3.78, 57.26, 84.95, 0.01, 75.61, -59.06);
insert into SHOT values (5225, 5212, 5216, 6745, 3.82, 32.08, 81.95, 3.82, 32.80, 81.94, 0.01, 118.96, -19.31);
insert into SHOT values (5226, 5212, 5217, 6745, 1.08, 315.60, -72.80, 1.09, 316.27, -72.98, 0.01, 62.14, -64.83);
insert into SHOT values (5227, 5212, 5218, 6745, 20.94, 168.41, -46.41, 20.95, 168.42, -46.40, 0.01, 186.17, -27.29);
insert into SHOT values (5228, 5218, 5219, 6745, 9.49, 86.46, 10.10, 9.49, 86.44, 10.07, 0.01, 57.49, -36.10);
insert into SHOT values (5229, 5218, 5220, 6745, 6.54, 258.20, 3.47, 6.54, 258.24, 3.42, 0.01, 0.65, -49.70);
insert into SHOT values (5230, 5218, 5221, 6745, 2.81, 285.10, 79.98, 2.81, 285.46, 80.02, 0.00, 37.70, 40.67);
insert into SHOT values (5231, 5218, 5222, 6745, 0.32, 131.01, -74.87, 0.32, 125.54, -74.49, 0.01, 55.42, -7.35);
insert into SHOT values (5232, 5218, 5223, 6745, 18.16, 229.27, -15.11, 18.16, 229.26, -15.10, 0.01, 93.49, 33.60);
insert into SHOT values (5233, 5223, 5224, 6745, 7.12, 109.15, -0.41, 7.11, 109.12, -0.48, 0.01, 313.87, -48.23);
insert into SHOT values (5234, 5223, 5225, 6745, 5.08, 279.18, -5.84, 5.08, 279.22, -5.87, 0.00, 343.80, -38.42);
insert into SHOT values (5235, 5223, 5226, 6745, 3.12, 176.92, 76.05, 3.11, 176.95, 76.03, 0.01, 338.83, -81.84);
insert into SHOT values (5236, 5223, 5227, 6745, 0.83, 267.33, -55.05, 0.84, 267.61, -55.15, 0.01, 293.09, -60.51);
insert into SHOT values (5237, 5223, 5228, 6745, 18.92, 196.65, -17.72, 18.92, 196.67, -17.73, 0.01, 317.52, -8.75);
insert into SHOT values (5238, 5223, 5229, 6745, 14.12, 167.17, -14.62, 14.12, 167.18, -14.65, 0.01, 293.21, -54.43);
insert into SHOT values (5239, 5229, 5230, 6745, 9.98, 32.66, 13.43, 9.99, 32.64, 13.43, 0.01, 11.30, 14.75);
insert into SHOT values (5240, 5229, 5231, 6745, 6.22, 181.39, -6.58, 6.21, 181.39, -6.56, 0.01, 359.12, 20.89);
insert into SHOT values (5241, 5229, 5232, 6745, 11.84, 197.81, -25.93, 11.84, 197.84, -25.96, 0.01, 337.77, -17.80);
insert into SHOT values (5242, 5229, 5233, 6745, 5.84, 181.65, 77.40, 5.84, 181.80, 77.43, 0.00, 315.94, 7.71);
insert into SHOT values (5243, 5229, 5234, 6745, 0.79, 63.45, -73.00, 0.79, 62.35, -72.46, 0.01, 26.59, 35.94);
insert into SHOT values (5244, 5229, 5235, 6745, 25.46, 60.16, 18.78, 25.47, 60.15, 18.78, 0.01, 11.83, 29.66);
insert into SHOT values (5245, 5235, 5236, 6745, 0.47, 324.97, 3.54, 0.47, 324.61, 3.68, 0.00, 190.06, 13.16);
insert into SHOT values (5246, 5235, 5237, 6745, 4.76, 138.53, 9.18, 4.76, 138.54, 9.19, 0.00, 298.60, 16.20);
insert into SHOT values (5247, 5235, 5238, 6745, 5.17, 180.80, 86.61, 5.17, 180.00, 86.56, 0.01, 135.32, -8.92);
insert into SHOT values (5248, 5235, 5239, 6745, 1.36, 119.27, -73.15, 1.36, 120.47, -73.12, 0.01, 208.18, 11.07);
insert into SHOT values (5249, 5235, 5240, 6745, 29.86, 57.78, 29.24, 29.85, 57.78, 29.23, 0.01, 236.74, -58.18);
insert into SHOT values (5250, 5240, 5241, 6745, 1.92, 321.86, 1.29, 1.92, 321.99, 1.49, 0.01, 86.91, 51.08);
insert into SHOT values (5251, 5240, 5242, 6745, 0.31, 136.37, -17.76, 0.31, 135.00, -16.86, 0.01, 59.63, 32.01);
insert into SHOT values (5252, 5240, 5243, 6745, 14.42, 345.01, 57.90, 14.42, 345.02, 57.92, 0.01, 135.47, 57.93);
insert into SHOT values (5253, 5240, 5244, 6745, 0.30, 81.04, -77.67, 0.30, 81.87, -76.30, 0.01, 89.81, 24.63);
insert into SHOT values (5254, 5240, 5245, 6745, 19.41, 38.64, 54.18, 19.41, 38.68, 54.18, 0.01, 111.93, 9.38);
insert into SHOT values (5255, 5245, 5246, 6745, 0.52, 149.50, -16.67, 0.52, 149.83, -16.78, 0.00, 254.52, -15.85);
insert into SHOT values (5256, 5245, 5247, 6745, 1.53, 322.01, 4.06, 1.53, 321.93, 4.13, 0.00, 192.35, 30.34);
insert into SHOT values (5257, 5245, 5248, 6745, 1.66, 315.10, 80.33, 1.66, 315.00, 80.21, 0.01, 308.08, 41.61);
insert into SHOT values (5258, 5245, 5249, 6745, 2.00, 100.42, -74.21, 1.99, 100.68, -74.31, 0.01, 253.35, 39.59);
insert into SHOT values (5259, 5245, 5250, 6745, 3.26, 67.93, 9.26, 3.26, 67.90, 9.36, 0.01, 300.97, 69.31);
insert into SHOT values (5260, 5250, 5251, 6745, 2.62, 286.83, -4.55, 2.62, 286.91, -4.59, 0.00, 358.15, -29.49);
insert into SHOT values (5261, 5250, 5252, 6745, 0.43, 106.30, 7.64, 0.43, 106.31, 6.68, 0.01, 112.10, -81.88);
insert into SHOT values (5262, 5250, 5253, 6745, 4.26, 350.56, 84.75, 4.26, 349.56, 84.79, 0.01, 233.33, -15.72);
insert into SHOT values (5263, 5250, 5254, 6745, 1.67, 153.58, -78.63, 1.67, 154.23, -78.89, 0.01, 306.74, -18.91);
insert into SHOT values (5264, 5250, 5255, 6745, 11.95, 18.45, 43.18, 11.95, 18.46, 43.14, 0.01, 29.73, -58.59);
insert into SHOT values (5265, 5255, 5256, 6745, 4.17, 296.31, 12.85, 4.17, 296.25, 12.87, 0.01, 250.58, 23.64);
insert into SHOT values (5266, 5255, 5257, 6745, 3.85, 137.49, -0.31, 3.85, 137.53, -0.30, 0.00, 216.80, 18.58);
insert into SHOT values (5267, 5255, 5258, 6745, 3.44, 320.42, 71.28, 3.44, 320.13, 71.24, 0.01, 261.94, 16.67);
insert into SHOT values (5268, 5255, 5259, 6745, 1.94, 114.53, -75.79, 1.94, 114.94, -75.84, 0.00, 234.82, 9.18);
insert into SHOT values (5269, 5255, 5260, 6745, 5.70, 56.49, 49.44, 5.70, 56.57, 49.47, 0.01, 183.21, -3.99);
insert into SHOT values (5270, 5260, 5261, 6745, 2.02, 349.57, 5.08, 2.02, 349.42, 5.11, 0.01, 281.60, 10.96);
insert into SHOT values (5271, 5260, 5262, 6745, 1.45, 165.95, -4.06, 1.45, 165.96, -3.96, 0.00, 339.91, 38.95);
insert into SHOT values (5272, 5260, 5263, 6745, 2.40, 289.91, 80.06, 2.41, 289.75, 80.08, 0.01, 204.03, 78.89);
insert into SHOT values (5273, 5260, 5264, 6745, 1.43, 134.54, -81.34, 1.43, 135.00, -81.44, 0.01, 286.45, 45.63);
insert into SHOT values (5274, 5260, 5265, 6745, 10.98, 73.67, 11.64, 10.98, 73.64, 11.66, 0.01, 356.81, 36.63);
insert into SHOT values (5275, 5265, 5266, 6745, 1.70, 0.98, -2.40, 1.69, 1.02, -2.37, 0.01, 173.44, 8.14);
insert into SHOT values (5276, 5265, 5267, 6745, 2.56, 166.67, -3.35, 2.56, 166.67, -3.35, 0.00, 166.47, -6.97);
insert into SHOT values (5277, 5265, 5268, 6745, 1.24, 346.15, 68.01, 1.24, 345.07, 67.95, 0.01, 264.76, 1.36);
insert into SHOT values (5278, 5265, 5269, 6745, 1.74, 279.88, -73.43, 1.74, 279.27, -73.44, 0.01, 192.44, -23.21);
insert into SHOT values (5279, 5265, 5270, 6745, 3.76, 88.49, 1.25, 3.75, 88.47, 1.22, 0.01, 276.89, -14.45);
insert into SHOT values (5280, 5270, 5271, 6745, 3.04, 355.18, -2.81, 3.03, 355.27, -2.83, 0.01, 137.54, -7.25);
insert into SHOT values (5281, 5270, 5272, 6745, 2.14, 159.79, -0.61, 2.14, 159.79, -0.53, 0.00, 158.04, 54.11);
insert into SHOT values (5282, 5270, 5273, 6745, 7.44, 343.49, 82.71, 7.44, 343.89, 82.77, 0.01, 121.85, 0.82);
insert into SHOT values (5283, 5270, 5274, 6745, 0.87, 339.01, -73.28, 0.87, 338.63, -73.43, 0.00, 185.32, 41.00);
insert into SHOT values (5284, 5270, 5275, 6745, 5.79, 68.02, -2.29, 5.79, 68.09, -2.28, 0.01, 136.26, 10.32);
insert into SHOT values (5285, 5270, 5276, 6745, 16.80, 286.17, 65.21, 16.80, 286.17, 65.23, 0.01, 107.36, -18.28);
insert into SHOT values (5286, 5277, 5278, 6745, 34.55, 40.96, 41.00, 34.55, 40.97, 41.00, 0.01, 99.54, 24.43);
insert into SHOT values (5287, 5278, 5279, 6745, 3.60, 316.22, -1.25, 3.61, 316.12, -1.27, 0.01, 278.21, -8.44);
insert into SHOT values (5288, 5278, 5280, 6745, 2.35, 114.88, -3.81, 2.34, 114.81, -3.92, 0.01, 312.15, -21.65);
insert into SHOT values (5289, 5278, 5281, 6745, 3.66, 293.08, 58.61, 3.66, 293.08, 58.48, 0.01, 293.25, -32.52);
insert into SHOT values (5290, 5278, 5282, 6745, 1.20, 297.43, -80.36, 1.21, 299.05, -80.18, 0.01, 347.53, -42.38);
insert into SHOT values (5291, 5277, 5283, 6745, 11.42, 226.91, -11.01, 11.41, 226.92, -11.01, 0.01, 38.50, 5.61);
insert into SHOT values (5292, 5277, 5284, 6745, 6.04, 158.62, 0.75, 6.04, 158.62, 0.76, 0.00, 336.20, 12.53);
insert into SHOT values (5293, 5277, 5285, 6745, 3.55, 317.47, -7.97, 3.54, 317.54, -7.95, 0.01, 97.06, 18.66);
insert into SHOT values (5294, 5277, 5286, 6745, 3.96, 207.38, 65.29, 3.96, 207.34, 65.31, 0.00, 92.70, 63.50);
insert into SHOT values (5295, 5277, 5287, 6745, 1.09, 237.88, -83.18, 1.09, 237.53, -83.12, 0.00, 197.61, 61.61);
insert into SHOT values (5296, 5283, 5218, 6745, 7.62, 220.86, -30.78, 7.63, 220.86, -30.74, 0.01, 219.20, -2.64);
insert into SHOT values (5297, 5283, 5288, 6745, 3.15, 140.45, 0.54, 3.15, 140.54, 0.55, 0.01, 257.68, 3.08);
insert into SHOT values (5298, 5283, 5289, 6745, 7.17, 284.27, 7.66, 7.17, 284.25, 7.61, 0.01, 244.08, -57.81);
insert into SHOT values (5299, 5283, 5290, 6745, 1.70, 197.03, 69.53, 1.70, 197.53, 69.40, 0.01, 255.24, -23.57);
insert into SHOT values (5300, 5283, 5291, 6745, 1.20, 191.16, -69.15, 1.20, 192.09, -69.02, 0.01, 262.47, 10.86);
insert into SHOT values (5301, 5218, 5292, 6745, 7.46, 140.80, -15.57, 7.45, 140.77, -15.57, 0.01, 347.90, 14.59);
insert into SHOT values (5302, 5218, 5293, 6745, 4.10, 277.88, -5.98, 4.10, 277.89, -6.02, 0.00, 319.49, -66.29);
insert into SHOT values (5303, 5218, 5294, 6745, 1.93, 197.16, 47.13, 1.92, 196.91, 47.18, 0.01, 58.15, -27.28);
insert into SHOT values (5304, 5218, 5295, 6745, 0.96, 165.08, -76.80, 0.97, 164.05, -76.92, 0.01, 62.83, -53.29);
insert into SHOT values (5305, 5135, 5296, 6745, 7.41, 206.15, -4.65, 7.41, 206.11, -4.65, 0.01, 94.07, 8.16);
insert into SHOT values (5306, 5135, 5297, 6745, 8.32, 343.86, -1.45, 8.32, 343.87, -1.45, 0.00, 76.87, 13.93);
insert into SHOT values (5307, 5135, 5298, 6745, 6.90, 233.09, 79.85, 6.90, 233.04, 79.86, 0.00, 83.54, -41.57);
insert into SHOT values (5308, 5135, 5299, 6745, 3.24, 194.08, -70.63, 3.24, 194.04, -70.69, 0.00, 31.59, -51.30);
insert into SHOT values (5309, 5135, 5300, 6745, 12.83, 283.58, -24.31, 12.81, 284.60, -24.43, 0.21, 21.21, -4.99);
insert into SHOT values (5310, 5300, 5301, 6745, 1.37, 201.67, -7.73, 1.38, 201.49, -7.51, 0.01, 171.27, 26.71);
insert into SHOT values (5311, 5300, 5302, 6745, 0.15, 17.39, -8.93, 0.15, 19.65, -7.66, 0.01, 103.85, 29.17);
insert into SHOT values (5312, 5300, 5303, 6745, 1.11, 247.56, 67.41, 1.11, 246.45, 67.56, 0.01, 150.46, 31.81);
insert into SHOT values (5313, 5300, 5304, 6745, 1.25, 203.39, -72.17, 1.25, 202.62, -71.85, 0.01, 167.42, -0.25);
insert into SHOT values (5314, 5300, 5305, 6745, 14.30, 286.53, -32.86, 14.28, 287.54, -33.01, 0.22, 26.41, -5.58);
insert into SHOT values (5315, 5305, 5306, 6745, 0.51, 189.22, 2.40, 0.51, 190.20, 2.25, 0.01, 289.56, -8.70);
insert into SHOT values (5316, 5305, 5307, 6745, 0.53, 15.77, 0.10, 0.53, 15.35, 0.00, 0.00, 269.29, -12.89);
insert into SHOT values (5317, 5305, 5308, 6745, 0.64, 228.04, 77.66, 0.65, 230.71, 77.29, 0.01, 279.92, 29.62);
insert into SHOT values (5318, 5305, 5309, 6745, 0.31, 153.89, -65.06, 0.31, 157.38, -65.10, 0.01, 250.80, 7.80);
insert into SHOT values (5319, 5305, 5310, 6745, 4.54, 280.65, -28.44, 4.52, 281.17, -28.41, 0.04, 35.90, 16.95);
insert into SHOT values (5320, 5310, 5311, 6745, 4.42, 210.42, -25.70, 4.36, 210.49, -25.96, 0.06, 26.03, 6.37);
insert into SHOT values (5321, 5310, 5312, 6745, 1.18, 144.56, 16.31, 1.18, 144.34, 16.25, 0.00, 50.98, -17.99);
insert into SHOT values (5322, 5310, 5313, 6745, 1.08, 354.28, 11.14, 1.08, 354.08, 10.63, 0.01, 322.05, -50.53);
insert into SHOT values (5323, 5310, 5314, 6745, 2.92, 144.68, 75.10, 2.92, 144.82, 75.18, 0.01, 302.74, -20.52);
insert into SHOT values (5324, 5310, 5315, 6745, 0.84, 36.50, -69.77, 0.84, 35.31, -69.58, 0.01, 336.92, -14.41);
insert into SHOT values (5325, 5311, 5316, 6745, 0.18, 174.69, -6.48, 0.18, 173.66, -6.30, 0.00, 119.08, 4.55);
insert into SHOT values (5326, 5311, 5317, 6745, 1.11, 334.32, -8.77, 1.11, 334.60, -8.82, 0.01, 76.11, -7.80);
insert into SHOT values (5327, 5311, 5318, 6745, 0.58, 217.95, 77.99, 0.58, 214.99, 77.91, 0.01, 138.87, 22.79);
insert into SHOT values (5328, 5311, 5319, 6745, 0.73, 260.93, -89.59, 0.73, 90.00, -90.00, 0.01, 80.93, -0.21);
insert into SHOT values (5329, 5311, 5320, 6745, 5.34, 280.98, -47.85, 5.33, 281.50, -48.03, 0.04, 45.49, -1.43);
insert into SHOT values (5330, 5320, 5321, 6745, 1.33, 305.01, -2.06, 1.33, 304.89, -2.15, 0.00, 208.12, -37.12);
insert into SHOT values (5331, 5320, 5322, 6745, 2.80, 55.60, 21.81, 2.80, 55.64, 21.77, 0.01, 75.32, -3.11);
insert into SHOT values (5332, 5320, 5323, 6745, 1.41, 308.63, 78.27, 1.41, 309.29, 78.36, 0.00, 75.10, -7.76);
insert into SHOT values (5333, 5320, 5324, 6745, 0.28, 313.01, -76.08, 0.28, 308.66, -76.66, 0.01, 187.14, 16.52);
insert into SHOT values (5334, 5320, 5325, 6745, 10.65, 358.81, -6.96, 10.65, 358.81, -6.96, 0.00, 329.29, 30.87);
insert into SHOT values (5335, 5325, 5326, 6745, 3.60, 243.87, -4.31, 3.60, 243.86, -4.30, 0.00, 71.33, 10.09);
insert into SHOT values (5336, 5325, 5327, 6745, 1.73, 67.77, -2.31, 1.73, 67.89, -2.32, 0.00, 181.62, -3.89);
insert into SHOT values (5337, 5325, 5328, 6745, 1.74, 294.83, 79.34, 1.74, 294.15, 79.47, 0.01, 157.74, 0.29);
insert into SHOT values (5338, 5325, 5329, 6745, 1.58, 262.43, -55.73, 1.57, 262.23, -55.66, 0.01, 145.32, 59.20);
insert into SHOT values (5339, 5325, 5330, 6745, 6.83, 309.93, -27.86, 6.83, 309.89, -27.86, 0.01, 176.18, 16.93);
insert into SHOT values (5340, 5330, 5331, 6745, 11.04, 317.77, -62.39, 11.04, 317.77, -62.37, 0.00, 321.84, 56.10);
insert into SHOT values (5341, 5330, 5332, 6745, 3.12, 252.34, 25.52, 3.11, 252.40, 25.48, 0.01, 34.94, -39.45);
insert into SHOT values (5342, 5330, 5333, 6745, 5.00, 62.11, 11.06, 5.00, 62.08, 11.06, 0.01, 31.93, 8.63);
insert into SHOT values (5343, 5330, 5334, 6745, 6.96, 317.55, 78.57, 6.96, 317.64, 78.56, 0.00, 22.18, -38.55);
insert into SHOT values (5344, 5330, 5335, 6745, 2.64, 4.88, -57.14, 2.64, 4.80, -57.12, 0.00, 326.08, -35.85);
insert into SHOT values (5345, 5331, 5336, 6745, 2.02, 249.22, -35.14, 2.02, 249.36, -35.41, 0.01, 36.04, -44.46);
insert into SHOT values (5346, 5331, 5337, 6745, 1.00, 60.22, -40.04, 1.01, 60.44, -40.16, 0.01, 92.59, -50.44);
insert into SHOT values (5347, 5331, 5338, 6745, 9.18, 317.52, 56.66, 9.18, 317.57, 56.69, 0.01, 98.07, 6.25);
insert into SHOT values (5348, 5331, 5339, 6745, 1.20, 318.94, -81.28, 1.20, 319.40, -81.19, 0.00, 349.93, -53.47);
insert into SHOT values (5349, 5320, 5340, 6745, 1.12, 170.22, 4.53, 1.12, 170.20, 4.61, 0.00, 51.39, 74.02);
insert into SHOT values (5350, 5320, 5341, 6745, 1.48, 312.30, -14.21, 1.47, 312.17, -14.13, 0.01, 168.26, 30.10);
insert into SHOT values (5351, 5320, 5342, 6745, 1.44, 275.53, 72.60, 1.45, 275.31, 72.62, 0.01, 222.78, 70.91);
insert into SHOT values (5352, 5320, 5343, 6745, 0.17, 107.17, -79.41, 0.16, 108.43, -78.82, 0.01, 169.09, 83.64);
insert into SHOT values (5353, 5320, 5344, 6745, 5.95, 260.49, -23.74, 5.91, 260.96, -23.85, 0.06, 32.42, 5.22);
insert into SHOT values (5354, 5344, 5345, 6745, 4.20, 131.52, -5.94, 4.20, 131.51, -6.01, 0.01, 110.68, -65.89);
insert into SHOT values (5355, 5344, 5346, 6745, 0.82, 298.73, -22.36, 0.81, 298.61, -22.41, 0.01, 132.20, 16.14);
insert into SHOT values (5356, 5344, 5347, 6745, 1.70, 148.75, 72.02, 1.70, 148.11, 71.88, 0.01, 100.02, 20.96);
insert into SHOT values (5357, 5344, 5348, 6745, 1.11, 162.77, -74.22, 1.11, 162.76, -74.16, 0.00, 160.82, -45.72);
insert into SHOT values (5358, 5344, 5349, 6745, 13.08, 207.98, -2.45, 13.02, 207.92, -2.47, 0.07, 39.08, -0.76);
insert into SHOT values (5359, 5349, 5350, 6745, 4.82, 112.65, 1.16, 4.82, 112.68, 1.19, 0.01, 147.65, 26.00);
insert into SHOT values (5360, 5349, 5351, 6745, 1.37, 281.28, -4.52, 1.37, 281.39, -4.60, 0.00, 347.32, -34.79);
insert into SHOT values (5361, 5349, 5352, 6745, 1.19, 125.31, 68.19, 1.20, 125.84, 68.20, 0.01, 190.01, 48.87);
insert into SHOT values (5362, 5349, 5353, 6745, 1.69, 174.11, -82.42, 1.69, 172.23, -82.47, 0.01, 76.18, -33.02);
insert into SHOT values (5363, 5349, 5354, 6745, 7.84, 307.23, -46.96, 7.84, 307.26, -46.95, 0.00, 9.31, 1.69);
insert into SHOT values (5364, 5349, 5355, 6745, 11.08, 157.99, 6.43, 11.05, 157.17, 6.55, 0.16, 56.69, 6.83);
insert into SHOT values (5365, 5355, 5356, 6745, 6.90, 102.52, 17.58, 6.90, 102.47, 17.55, 0.01, 347.37, -33.74);
insert into SHOT values (5366, 5355, 5357, 6745, 3.30, 290.63, -2.11, 3.31, 290.74, -2.08, 0.01, 335.40, 9.56);
insert into SHOT values (5367, 5355, 5358, 6745, 15.46, 235.93, 81.83, 15.46, 235.95, 81.83, 0.00, 354.12, -75.63);
insert into SHOT values (5368, 5355, 5359, 6745, 0.61, 167.64, -61.05, 0.62, 168.31, -61.26, 0.01, 243.81, -60.16);
insert into SHOT values (5369, 5355, 5360, 6745, 7.79, 218.46, -10.68, 7.73, 218.64, -10.81, 0.07, 18.27, -5.35);
insert into SHOT values (5370, 5360, 5361, 6745, 3.55, 136.72, -10.81, 3.55, 136.74, -10.87, 0.00, 201.71, -69.96);
insert into SHOT values (5371, 5360, 5362, 6745, 8.81, 295.39, -1.00, 8.80, 295.37, -0.98, 0.01, 131.61, 19.73);
insert into SHOT values (5372, 5360, 5363, 6745, 7.66, 317.10, 78.43, 7.65, 317.12, 78.48, 0.01, 133.04, -28.70);
insert into SHOT values (5373, 5360, 5364, 6745, 1.10, 95.42, -85.91, 1.10, 97.13, -85.81, 0.00, 143.80, -41.12);
insert into SHOT values (5374, 5360, 5365, 6745, 24.01, 52.37, 40.22, 24.01, 52.38, 40.22, 0.01, 171.31, -46.53);
insert into SHOT values (5375, 5360, 5366, 6745, 11.20, 323.89, 28.25, 11.20, 323.91, 28.25, 0.00, 97.71, -14.92);
insert into SHOT values (5376, 5360, 5367, 6745, 23.63, 208.89, -28.88, 23.58, 208.81, -29.78, 0.38, 36.26, -52.17);
insert into SHOT values (5377, 5367, 5368, 6745, 2.25, 101.35, 8.35, 2.25, 101.41, 8.44, 0.00, 234.12, 45.28);
insert into SHOT values (5378, 5367, 5369, 6745, 8.90, 289.63, 1.57, 8.90, 289.64, 1.55, 0.00, 341.76, -71.61);
insert into SHOT values (5379, 5367, 5370, 6745, 5.30, 288.79, 80.17, 5.30, 288.63, 80.14, 0.00, 246.76, -30.77);
insert into SHOT values (5380, 5367, 5371, 6745, 1.66, 108.75, -61.84, 1.66, 108.67, -61.85, 0.00, 314.73, 53.63);
insert into SHOT values (5381, 5367, 5372, 6745, 9.50, 110.02, 1.01, 9.50, 110.02, 1.03, 0.01, 291.57, 27.43);
insert into SHOT values (5382, 5367, 5373, 6745, 20.46, 195.95, -8.95, 20.40, 195.52, -9.14, 0.18, 82.08, -19.00);
insert into SHOT values (5383, 5373, 5374, 6745, 0.32, 204.76, 3.40, 0.32, 204.15, 3.60, 0.00, 88.93, 15.10);
insert into SHOT values (5384, 5373, 5375, 6745, 21.90, 29.76, -0.75, 21.90, 29.76, -0.76, 0.00, 93.43, -81.94);
insert into SHOT values (5385, 5373, 5376, 6745, 8.62, 312.90, 78.57, 8.62, 312.86, 78.59, 0.00, 154.45, 16.96);
insert into SHOT values (5386, 5373, 5377, 6745, 1.75, 133.34, -67.53, 1.75, 133.19, -67.47, 0.00, 105.00, -37.89);
insert into SHOT values (5387, 5373, 5378, 6745, 15.96, 339.69, 2.15, 15.96, 339.68, 2.15, 0.01, 303.69, 13.91);
insert into SHOT values (5388, 5373, 5379, 6745, 16.21, 310.88, -7.97, 16.22, 312.23, -7.90, 0.38, 39.01, 2.67);
insert into SHOT values (5389, 5379, 5380, 6745, 11.20, 166.32, 4.07, 11.20, 166.32, 4.10, 0.01, 336.42, 43.93);
insert into SHOT values (5390, 5379, 5381, 6745, 1.10, 341.36, -4.03, 1.10, 341.40, -4.17, 0.00, 68.78, -74.13);
insert into SHOT values (5391, 5379, 5382, 6745, 7.91, 179.52, 75.37, 7.91, 179.42, 75.44, 0.01, 22.68, 37.39);
insert into SHOT values (5392, 5379, 5383, 6745, 1.23, 264.87, -75.05, 1.23, 266.31, -75.37, 0.01, 35.80, -8.99);
insert into SHOT values (5393, 5379, 5384, 6745, 34.91, 233.45, -28.42, 34.90, 233.45, -28.42, 0.01, 47.84, 37.15);
insert into SHOT values (5394, 5384, 5385, 6745, 3.37, 151.89, 1.69, 3.37, 151.99, 1.70, 0.01, 279.52, 4.84);
insert into SHOT values (5395, 5384, 5386, 6745, 10.85, 319.44, -4.91, 10.85, 319.43, -4.92, 0.00, 194.99, -25.02);
insert into SHOT values (5396, 5384, 5387, 6745, 8.57, 215.66, 83.25, 8.57, 215.74, 83.23, 0.00, 240.30, -10.59);
insert into SHOT values (5397, 5384, 5388, 6745, 1.56, 326.87, -78.78, 1.56, 325.78, -78.82, 0.01, 224.37, 1.80);
insert into SHOT values (5398, 5384, 5389, 6745, 12.80, 301.26, -44.44, 12.80, 301.22, -44.42, 0.01, 252.68, 14.25);
insert into SHOT values (5399, 5384, 5390, 6745, 13.80, 76.43, 61.35, 13.80, 76.45, 61.36, 0.00, 216.43, -7.39);
insert into SHOT values (5400, 5384, 5391, 6745, 23.48, 229.36, 3.58, 23.48, 229.38, 3.56, 0.01, 289.73, -36.72);
insert into SHOT values (5401, 5391, 5392, 6745, 7.54, 91.86, 3.32, 7.55, 91.90, 3.34, 0.01, 130.64, 20.95);
insert into SHOT values (5402, 5391, 5393, 6745, 0.80, 275.56, -1.92, 0.79, 275.06, -1.44, 0.01, 142.21, 35.76);
insert into SHOT values (5403, 5391, 5394, 6745, 16.41, 39.00, 77.59, 16.41, 39.02, 77.59, 0.00, 137.16, 74.71);
insert into SHOT values (5404, 5391, 5395, 6745, 1.80, 151.02, -70.09, 1.80, 150.95, -69.92, 0.01, 141.43, 26.55);
insert into SHOT values (5405, 5391, 5396, 6745, 17.01, 155.43, 5.60, 17.01, 155.43, 5.60, 0.00, 167.13, 1.60);
insert into SHOT values (5406, 5396, 5397, 6745, 6.23, 65.54, -3.37, 6.23, 65.50, -3.31, 0.01, 347.81, 51.26);
insert into SHOT values (5407, 5396, 5398, 6745, 4.57, 243.95, -4.09, 4.56, 243.94, -4.02, 0.01, 70.91, 46.77);
insert into SHOT values (5408, 5396, 5399, 6745, 14.76, 85.81, 84.11, 14.77, 85.83, 84.12, 0.01, 222.31, 83.51);
insert into SHOT values (5409, 5396, 5400, 6745, 5.49, 91.18, -74.34, 5.49, 91.15, -74.24, 0.01, 86.48, 36.41);
insert into SHOT values (5410, 5396, 5401, 6745, 20.86, 185.41, 18.75, 20.86, 185.40, 18.77, 0.01, 25.29, 40.95);
insert into SHOT values (5411, 5396, 5402, 6745, 23.67, 192.58, 45.70, 23.67, 192.58, 45.71, 0.00, 7.42, -5.49);
insert into SHOT values (5412, 5396, 5403, 6745, 16.61, 79.77, 26.53, 16.62, 79.77, 26.52, 0.01, 82.54, 9.32);
insert into SHOT values (5413, 5396, 5404, 6745, 23.63, 112.68, 19.24, 23.63, 112.67, 19.24, 0.01, 63.91, 30.67);
insert into SHOT values (5414, 5404, 5405, 6745, 7.28, 345.14, -0.64, 7.28, 345.12, -0.63, 0.01, 321.62, 14.77);
insert into SHOT values (5415, 5404, 5406, 6745, 0.21, 173.75, -6.72, 0.21, 174.56, -5.42, 0.01, 225.24, 50.21);
insert into SHOT values (5416, 5404, 5407, 6745, 10.44, 307.03, 58.15, 10.44, 307.04, 58.14, 0.00, 318.82, 33.34);
insert into SHOT values (5417, 5404, 5408, 6745, 1.77, 137.19, -76.07, 1.77, 136.91, -76.14, 0.00, 9.48, -38.00);
insert into SHOT values (5418, 5404, 5409, 6745, 23.57, 69.68, 17.49, 23.57, 69.67, 17.48, 0.01, 338.49, -45.38);
insert into SHOT values (5419, 5409, 5410, 6745, 1.06, 350.79, 7.21, 1.05, 350.63, 7.64, 0.01, 191.81, 40.22);
insert into SHOT values (5420, 5409, 5411, 6745, 2.22, 164.72, -4.86, 2.22, 164.84, -4.64, 0.01, 205.50, 49.74);
insert into SHOT values (5421, 5409, 5412, 6745, 0.92, 23.05, 88.85, 0.92, 45.00, 89.12, 0.01, 158.38, 1.41);
insert into SHOT values (5422, 5409, 5413, 6745, 1.80, 187.33, -83.19, 1.79, 187.77, -82.89, 0.01, 198.44, 39.83);
insert into SHOT values (5423, 5409, 5414, 6745, 4.58, 98.31, 0.53, 4.58, 98.41, 0.63, 0.01, 192.00, 42.72);
insert into SHOT values (5424, 5414, 5415, 6745, 1.86, 6.71, -12.72, 1.87, 6.62, -12.68, 0.01, 346.12, -3.11);
insert into SHOT values (5425, 5414, 5416, 6745, 2.62, 189.18, -14.17, 2.61, 189.09, -14.40, 0.01, 34.22, -42.63);
insert into SHOT values (5426, 5414, 5417, 6745, 5.52, 7.94, 81.27, 5.51, 8.23, 81.25, 0.01, 87.11, -54.76);
insert into SHOT values (5427, 5414, 5418, 6745, 1.26, 134.62, -84.21, 1.27, 135.00, -84.23, 0.01, 213.61, -82.38);
insert into SHOT values (5428, 5414, 5419, 6745, 8.86, 100.06, -4.82, 8.86, 100.05, -4.86, 0.01, 306.73, -56.55);
insert into SHOT values (5429, 5419, 5420, 6745, 4.07, 12.86, 3.49, 4.07, 12.94, 3.52, 0.01, 95.42, 20.97);
insert into SHOT values (5430, 5419, 5421, 6745, 0.50, 188.55, -2.97, 0.50, 188.13, -2.31, 0.01, 48.26, 46.14);
insert into SHOT values (5431, 5419, 5422, 6745, 4.36, 340.33, 71.53, 4.36, 340.51, 71.58, 0.01, 97.84, 42.58);
insert into SHOT values (5432, 5419, 5423, 6745, 1.28, 17.55, -76.11, 1.28, 19.03, -76.10, 0.01, 112.03, 17.98);
insert into SHOT values (5433, 5419, 5424, 6745, 16.52, 353.95, 52.67, 16.52, 353.98, 52.69, 0.01, 109.01, 33.07);
insert into SHOT values (5434, 5419, 5425, 6745, 12.09, 83.19, -12.81, 12.09, 83.18, -12.80, 0.00, 63.00, 7.20);
insert into SHOT values (5435, 5425, 5426, 6745, 2.66, 355.75, 11.46, 2.66, 355.82, 11.49, 0.00, 86.43, 25.10);
insert into SHOT values (5436, 5425, 5427, 6745, 3.02, 165.99, -4.98, 3.02, 165.96, -4.94, 0.00, 118.58, 49.08);
insert into SHOT values (5437, 5425, 5428, 6745, 7.71, 9.67, 73.32, 7.71, 9.63, 73.34, 0.00, 228.37, 62.47);
insert into SHOT values (5438, 5425, 5429, 6745, 1.51, 37.19, -72.55, 1.51, 36.87, -72.65, 0.00, 258.95, 7.67);
insert into SHOT values (5439, 5425, 5430, 6745, 13.12, 66.52, 36.02, 13.12, 66.50, 36.04, 0.01, 304.40, 51.76);
insert into SHOT values (5440, 5430, 5431, 6745, 3.36, 315.99, -4.71, 3.36, 316.09, -4.78, 0.01, 76.47, -31.18);
insert into SHOT values (5441, 5430, 5432, 6745, 2.73, 157.86, 8.67, 2.73, 157.80, 8.63, 0.00, 93.75, -27.76);
insert into SHOT values (5442, 5430, 5433, 6745, 4.76, 57.83, 80.95, 4.76, 57.99, 80.88, 0.01, 77.75, -6.67);
insert into SHOT values (5443, 5430, 5434, 6745, 0.31, 101.45, -59.27, 0.32, 100.62, -58.91, 0.01, 73.05, -35.43);
insert into SHOT values (5444, 5430, 5435, 6745, 4.42, 28.78, 25.20, 4.42, 28.87, 25.19, 0.01, 139.58, -15.56);
insert into SHOT values (5445, 5435, 5436, 6745, 1.86, 347.48, 9.04, 1.87, 347.47, 8.94, 0.01, 345.17, -17.78);
insert into SHOT values (5446, 5435, 5437, 6745, 4.89, 164.31, 10.61, 4.88, 164.28, 10.62, 0.01, 1.52, -2.83);
insert into SHOT values (5447, 5435, 5438, 6745, 10.77, 4.69, 81.43, 10.77, 4.65, 81.43, 0.00, 290.33, 10.91);
insert into SHOT values (5448, 5435, 5439, 6745, 1.69, 20.81, -82.75, 1.69, 19.29, -82.81, 0.01, 276.30, -31.17);
insert into SHOT values (5449, 5435, 5440, 6745, 7.00, 56.02, 5.84, 6.99, 56.01, 5.83, 0.01, 245.85, -24.57);
insert into SHOT values (5450, 5440, 5441, 6745, 1.69, 32.49, 8.70, 1.69, 32.55, 8.83, 0.01, 71.06, 57.26);
insert into SHOT values (5451, 5440, 5442, 6745, 3.14, 165.95, -6.90, 3.14, 165.87, -6.96, 0.01, 38.88, -28.31);
insert into SHOT values (5452, 5440, 5443, 6745, 4.55, 27.71, 78.82, 4.55, 27.43, 78.71, 0.01, 358.57, -22.16);
insert into SHOT values (5453, 5440, 5444, 6745, 1.01, 172.25, -83.79, 1.01, 168.69, -84.18, 0.01, 32.53, 22.58);
insert into SHOT values (5454, 5396, 5445, 6745, 8.52, 128.27, -8.96, 8.52, 128.25, -8.91, 0.01, 44.38, 62.16);
insert into SHOT values (5455, 5396, 5446, 6745, 5.10, 274.41, -0.89, 5.10, 274.39, -0.90, 0.00, 116.17, -9.30);
insert into SHOT values (5456, 5396, 5447, 6745, 14.38, 110.04, 80.33, 14.38, 110.08, 80.33, 0.00, 160.86, 60.78);
insert into SHOT values (5457, 5396, 5448, 6745, 3.38, 71.16, -64.12, 3.38, 71.08, -64.04, 0.01, 46.07, 11.19);
insert into SHOT values (5458, 5396, 5449, 6745, 15.94, 177.42, 18.36, 15.94, 177.42, 18.36, 0.00, 342.89, -14.56);
insert into SHOT values (5459, 5449, 5450, 6745, 3.45, 116.93, -1.65, 3.45, 116.86, -1.49, 0.01, 70.94, 58.58);
insert into SHOT values (5460, 5449, 5451, 6745, 4.81, 305.97, -1.75, 4.81, 305.94, -1.67, 0.01, 165.09, 59.70);
insert into SHOT values (5461, 5449, 5452, 6745, 8.15, 36.09, 81.46, 8.15, 36.30, 81.42, 0.01, 74.33, 2.83);
insert into SHOT values (5462, 5449, 5453, 6745, 0.63, 11.15, -76.70, 0.63, 12.09, -76.79, 0.00, 138.05, 46.42);
insert into SHOT values (5463, 5449, 5454, 6745, 13.14, 313.99, 20.08, 13.14, 314.01, 20.13, 0.01, 98.90, 43.21);
insert into SHOT values (5464, 5449, 5455, 6745, 4.18, 287.22, -52.81, 4.18, 287.29, -52.84, 0.00, 59.33, -0.93);
insert into SHOT values (5465, 5449, 5456, 6745, 8.51, 251.28, 24.08, 8.51, 251.21, 24.14, 0.01, 127.47, 36.41);
insert into SHOT values (5466, 5456, 5457, 6745, 3.90, 156.17, -1.03, 3.89, 156.20, -1.03, 0.01, 321.91, 0.69);
insert into SHOT values (5467, 5456, 5458, 6745, 6.14, 333.33, -1.59, 6.15, 333.31, -1.58, 0.01, 316.39, 2.84);
insert into SHOT values (5468, 5456, 5459, 6745, 7.00, 268.18, 75.45, 7.00, 268.37, 75.42, 0.01, 338.43, -41.16);
insert into SHOT values (5469, 5456, 5460, 6745, 27.06, 292.62, 78.55, 27.06, 292.65, 78.54, 0.00, 339.58, -19.20);
insert into SHOT values (5470, 5456, 5461, 6745, 0.98, 140.38, -78.28, 0.98, 141.34, -78.68, 0.01, 295.68, -3.20);
insert into SHOT values (5471, 5456, 5462, 6745, 14.44, 201.87, -20.75, 14.44, 201.87, -20.77, 0.00, 0.92, -69.18);
insert into SHOT values (5472, 5462, 5463, 6745, 7.68, 92.25, 20.48, 7.68, 92.23, 20.50, 0.00, 21.45, 47.86);
insert into SHOT values (5473, 5462, 5464, 6745, 2.96, 276.33, 8.03, 2.97, 276.45, 7.94, 0.01, 314.81, -19.75);
insert into SHOT values (5474, 5462, 5465, 6745, 11.61, 278.48, -24.29, 11.61, 278.47, -24.30, 0.01, 261.80, -49.95);
insert into SHOT values (5475, 5462, 5466, 6745, 7.43, 146.34, 86.74, 7.43, 146.69, 86.77, 0.00, 291.89, 24.15);
insert into SHOT values (5476, 5462, 5467, 6745, 0.80, 347.85, -65.95, 0.80, 347.66, -65.83, 0.00, 312.75, 16.37);
insert into SHOT values (5477, 5462, 5468, 6745, 14.60, 195.18, 37.95, 14.60, 195.21, 37.95, 0.01, 281.54, 14.25);
insert into SHOT values (5478, 5468, 5469, 6745, 5.28, 123.46, -3.41, 5.28, 123.39, -3.37, 0.01, 25.40, 31.43);
insert into SHOT values (5479, 5468, 5470, 6745, 3.50, 335.23, -8.13, 3.50, 335.28, -8.20, 0.01, 23.05, -49.53);
insert into SHOT values (5480, 5468, 5471, 6745, 6.21, 11.54, 88.37, 6.21, 12.53, 88.30, 0.01, 33.94, 16.75);
insert into SHOT values (5481, 5468, 5472, 6745, 1.10, 216.23, -76.49, 1.10, 215.54, -76.44, 0.00, 145.24, -7.56);
insert into SHOT values (5482, 5468, 5473, 6745, 11.12, 74.80, -15.29, 11.12, 74.81, -15.28, 0.00, 206.01, 42.58);
insert into SHOT values (5483, 5468, 5474, 6745, 15.00, 193.36, -15.37, 15.00, 193.35, -15.39, 0.01, 44.60, -55.18);
insert into SHOT values (5484, 5468, 5475, 6745, 13.17, 193.44, -15.23, 13.17, 193.42, -15.23, 0.00, 98.81, -4.99);
insert into SHOT values (5485, 5475, 5476, 6745, 1.25, 182.33, -26.72, 1.24, 182.58, -26.75, 0.01, 320.53, 15.71);
insert into SHOT values (5486, 5475, 5477, 6745, 7.60, 345.00, 10.91, 7.60, 345.01, 10.92, 0.00, 41.78, 35.43);
insert into SHOT values (5487, 5475, 5478, 6745, 13.50, 343.09, 33.67, 13.50, 343.08, 33.65, 0.00, 283.56, -65.55);
insert into SHOT values (5488, 5475, 5479, 6745, 8.12, 286.42, 52.80, 8.12, 286.44, 52.80, 0.00, 338.57, 42.08);
insert into SHOT values (5489, 5475, 5480, 6745, 1.17, 50.70, -75.92, 1.17, 50.71, -76.00, 0.01, 222.83, -85.74);
insert into SHOT values (5490, 5475, 5481, 6745, 15.10, 274.65, 5.62, 15.10, 274.66, 5.62, 0.00, 310.50, 24.98);
insert into SHOT values (5491, 5475, 5482, 6745, 11.38, 234.79, -42.34, 11.38, 234.78, -42.37, 0.01, 91.10, -62.81);
insert into SHOT values (5492, 5481, 5483, 6745, 1.21, 183.05, -3.99, 1.20, 182.86, -4.28, 0.01, 38.26, -40.39);
insert into SHOT values (5493, 5481, 5484, 6745, 6.42, 6.49, -10.34, 6.42, 6.45, -10.31, 0.01, 320.76, 20.78);
insert into SHOT values (5494, 5481, 5485, 6745, 6.16, 352.34, 84.71, 6.16, 351.87, 84.73, 0.01, 236.32, -36.08);
insert into SHOT values (5495, 5481, 5486, 6745, 0.74, 76.45, -65.78, 0.75, 76.87, -65.63, 0.01, 103.02, -45.78);
insert into SHOT values (5496, 5481, 5487, 6745, 11.80, 290.44, 29.61, 11.80, 290.43, 29.62, 0.00, 131.29, -4.23);
insert into SHOT values (5497, 5487, 5488, 6745, 1.24, 160.68, 0.96, 1.24, 160.69, 0.92, 0.00, 271.76, -76.31);
insert into SHOT values (5498, 5487, 5489, 6745, 2.28, 350.87, -11.81, 2.29, 350.75, -11.85, 0.01, 318.04, -20.91);
insert into SHOT values (5499, 5487, 5490, 6745, 4.42, 351.95, 78.60, 4.42, 351.50, 78.52, 0.01, 302.95, -17.05);
insert into SHOT values (5500, 5487, 5491, 6745, 0.82, 30.97, -85.67, 0.82, 26.57, -85.32, 0.01, 344.96, -18.10);
insert into SHOT values (5501, 5487, 5492, 6745, 4.20, 178.44, 9.05, 4.19, 178.48, 9.05, 0.01, 334.73, -5.39);
insert into SHOT values (5502, 5487, 5493, 6745, 5.98, 250.50, 17.87, 5.98, 250.52, 17.81, 0.01, 268.39, -45.29);
insert into SHOT values (5503, 5493, 5494, 6745, 2.73, 174.81, 6.32, 2.73, 174.71, 6.31, 0.01, 63.33, -5.85);
insert into SHOT values (5504, 5493, 5495, 6745, 1.63, 4.59, -4.13, 1.63, 4.59, -3.87, 0.01, 190.44, 85.65);
insert into SHOT values (5505, 5493, 5496, 6745, 11.49, 35.94, 79.37, 11.50, 36.01, 79.34, 0.01, 56.39, 45.02);
insert into SHOT values (5506, 5493, 5497, 6745, 0.96, 179.59, -53.33, 0.96, 178.99, -53.48, 0.01, 60.75, 0.04);
insert into SHOT values (5507, 5493, 5498, 6745, 9.51, 274.42, -11.09, 9.51, 274.43, -11.10, 0.00, 80.51, -8.96);
insert into SHOT values (5508, 5498, 5499, 6745, 2.24, 180.49, -5.84, 2.24, 180.51, -5.63, 0.01, 208.91, 76.17);
insert into SHOT values (5509, 5498, 5500, 6745, 0.22, 330.44, -4.52, 0.22, 329.93, -2.61, 0.01, 246.90, 75.04);
insert into SHOT values (5510, 5498, 5501, 6745, 10.39, 162.63, 77.64, 10.39, 162.71, 77.66, 0.00, 303.22, 9.83);
insert into SHOT values (5511, 5498, 5502, 6745, 1.16, 218.35, -73.35, 1.16, 218.93, -73.24, 0.00, 279.84, 19.59);
insert into SHOT values (5512, 5498, 5503, 6745, 28.18, 261.18, -23.75, 28.18, 261.19, -23.75, 0.01, 342.75, -6.61);
insert into SHOT values (5513, 5498, 5504, 6745, 28.13, 251.38, -50.87, 28.13, 251.38, -50.86, 0.01, 254.90, 7.15);
insert into SHOT values (5514, 5498, 5505, 6745, 41.94, 263.32, -8.07, 41.95, 263.32, -8.06, 0.01, 272.53, 46.66);
insert into SHOT values (5515, 5475, 5506, 6745, 5.94, 239.00, -41.12, 5.94, 239.08, -41.14, 0.01, 317.21, -29.57);
insert into SHOT values (5516, 5475, 5507, 6745, 1.26, 139.66, -13.32, 1.25, 139.65, -13.37, 0.01, 321.04, 2.84);
insert into SHOT values (5517, 5475, 5508, 6745, 9.97, 286.97, -17.24, 9.97, 286.97, -17.26, 0.01, 287.14, -62.59);
insert into SHOT values (5518, 5475, 5509, 6745, 2.16, 190.36, 49.06, 2.16, 190.59, 49.06, 0.01, 292.85, -15.59);
insert into SHOT values (5519, 5475, 5510, 6745, 1.10, 127.84, -82.28, 1.10, 129.29, -82.57, 0.01, 275.53, 0.26);
insert into SHOT values (5520, 5506, 5511, 6745, 2.98, 106.64, -5.05, 2.99, 106.61, -5.00, 0.01, 89.68, 21.50);
insert into SHOT values (5521, 5506, 5512, 6745, 2.86, 260.70, -13.48, 2.85, 260.67, -13.37, 0.01, 96.69, 54.96);
insert into SHOT values (5522, 5506, 5513, 6745, 10.21, 25.27, 66.86, 10.21, 25.35, 66.84, 0.01, 77.20, 10.89);
insert into SHOT values (5523, 5506, 5514, 6745, 1.36, 272.71, -87.78, 1.36, 270.00, -87.89, 0.00, 133.52, -15.76);
insert into SHOT values (5524, 5506, 5515, 6745, 7.73, 202.47, -30.35, 7.73, 202.45, -30.29, 0.01, 184.77, 45.03);
insert into SHOT values (5525, 5515, 5516, 6745, 3.15, 80.00, 29.21, 3.15, 79.96, 29.07, 0.01, 42.29, -64.40);
insert into SHOT values (5526, 5515, 5517, 6745, 2.87, 236.11, -6.74, 2.87, 236.03, -6.81, 0.01, 97.16, -27.83);
insert into SHOT values (5527, 5515, 5518, 6745, 1.54, 62.32, 80.68, 1.54, 61.39, 80.64, 0.00, 348.31, 4.45);
insert into SHOT values (5528, 5515, 5519, 6745, 1.09, 238.02, -81.86, 1.09, 238.39, -81.96, 0.00, 27.68, -26.55);
insert into SHOT values (5529, 5515, 5520, 6745, 16.86, 266.41, -37.15, 16.86, 266.42, -37.15, 0.00, 54.02, 36.14);
insert into SHOT values (5530, 5515, 5521, 6745, 8.09, 174.85, 29.06, 8.09, 174.81, 29.07, 0.01, 60.05, 4.57);
insert into SHOT values (5531, 5521, 5522, 6745, 3.74, 96.87, 22.04, 3.74, 96.80, 22.00, 0.01, 338.96, -34.55);
insert into SHOT values (5532, 5521, 5523, 6745, 0.55, 302.87, 18.22, 0.55, 302.47, 18.05, 0.00, 198.93, -27.73);
insert into SHOT values (5533, 5521, 5524, 6745, 2.15, 112.63, 61.28, 2.14, 112.83, 61.26, 0.01, 235.51, -51.60);
insert into SHOT values (5534, 5521, 5525, 6745, 1.42, 93.63, -72.76, 1.42, 94.09, -72.80, 0.01, 180.14, -48.55);
insert into SHOT values (5535, 5521, 5526, 6745, 10.69, 184.77, 15.67, 10.69, 184.79, 15.63, 0.01, 234.17, -55.40);
insert into SHOT values (5536, 5526, 5527, 6745, 1.35, 81.32, 4.58, 1.35, 81.03, 4.67, 0.01, 357.71, 17.65);
insert into SHOT values (5537, 5526, 5528, 6745, 1.05, 229.33, 11.94, 1.05, 229.34, 12.08, 0.00, 238.04, 70.52);
insert into SHOT values (5538, 5526, 5529, 6745, 1.74, 99.80, 46.64, 1.75, 99.62, 46.70, 0.01, 39.80, 48.56);
insert into SHOT values (5539, 5526, 5530, 6745, 0.64, 89.48, -63.80, 0.64, 87.95, -63.82, 0.01, 341.06, 28.37);
insert into SHOT values (5540, 5526, 5531, 6745, 9.88, 111.28, -27.72, 9.88, 111.25, -27.69, 0.01, 3.29, 53.65);
insert into SHOT values (5541, 5526, 5532, 6745, 13.18, 97.39, -35.95, 13.17, 97.38, -35.93, 0.01, 337.48, 71.71);
insert into SHOT values (5542, 5515, 5533, 6745, 2.86, 237.56, -3.58, 2.86, 237.59, -3.61, 0.00, 319.07, -42.76);
insert into SHOT values (5543, 5515, 5534, 6745, 3.98, 337.12, -1.44, 3.98, 337.24, -1.44, 0.01, 58.24, 0.12);
insert into SHOT values (5544, 5515, 5535, 6745, 1.58, 133.69, 89.60, 1.58, 90.00, 89.64, 0.01, 14.88, 0.28);
insert into SHOT values (5545, 5515, 5536, 6745, 1.08, 232.62, -73.01, 1.09, 232.77, -73.20, 0.01, 25.83, -76.11);
insert into SHOT values (5546, 5515, 5537, 6745, 9.90, 274.54, -32.56, 9.89, 274.54, -32.59, 0.01, 93.44, -14.28);
insert into SHOT values (5547, 5537, 5538, 6745, 2.06, 167.51, -8.37, 2.06, 167.53, -8.37, 0.00, 257.19, -9.78);
insert into SHOT values (5548, 5537, 5539, 6745, 1.18, 335.08, -4.68, 1.19, 334.95, -4.84, 0.01, 307.55, -33.49);
insert into SHOT values (5549, 5537, 5540, 6745, 0.40, 161.94, 79.32, 0.40, 164.05, 79.43, 0.00, 279.10, -45.49);
insert into SHOT values (5550, 5537, 5541, 6745, 1.73, 189.43, -85.24, 1.73, 192.09, -85.24, 0.01, 284.03, 31.13);
insert into SHOT values (5551, 5537, 5542, 6745, 11.81, 260.65, -36.70, 11.82, 260.71, -36.69, 0.01, 320.80, -10.72);
insert into SHOT values (5552, 5542, 5543, 6745, 2.63, 196.33, -19.84, 2.63, 196.17, -19.76, 0.01, 136.62, 17.79);
insert into SHOT values (5553, 5542, 5544, 6745, 2.32, 337.87, -23.31, 2.32, 337.90, -23.40, 0.00, 144.41, -23.47);
insert into SHOT values (5554, 5542, 5545, 6745, 0.74, 252.27, 54.33, 0.74, 251.15, 54.17, 0.01, 173.29, -7.69);
insert into SHOT values (5555, 5542, 5546, 6745, 1.29, 185.60, -88.24, 1.29, 180.00, -88.22, 0.00, 98.38, -8.85);
insert into SHOT values (5556, 5100, 5547, 6745, 4.31, 218.98, -7.17, 4.31, 219.02, -7.20, 0.00, 0.01, -25.80);
insert into SHOT values (5557, 5100, 5548, 6745, 7.66, 354.79, 1.15, 7.66, 354.76, 1.12, 0.01, 304.90, -33.88);
insert into SHOT values (5558, 5100, 5549, 6745, 5.02, 203.98, 75.50, 5.02, 203.92, 75.49, 0.00, 152.29, -3.25);
insert into SHOT values (5559, 5100, 5550, 6745, 7.66, 310.84, -28.46, 7.66, 310.79, -28.45, 0.01, 233.52, 2.94);
insert into SHOT values (5560, 5100, 5551, 6745, 2.02, 321.63, -45.54, 2.01, 321.08, -45.79, 0.02, 185.23, 5.18);
insert into SHOT values (5561, 5551, 5552, 6745, 0.94, 136.82, 2.57, 0.94, 137.15, 2.43, 0.01, 206.31, -20.21);
insert into SHOT values (5562, 5551, 5553, 6745, 5.40, 318.51, -6.58, 5.41, 318.47, -6.59, 0.01, 285.17, -10.82);
insert into SHOT values (5563, 5551, 5554, 6745, 4.86, 250.52, 79.05, 4.86, 250.39, 79.04, 0.00, 171.40, -34.95);
insert into SHOT values (5564, 5551, 5555, 6745, 2.33, 302.93, -76.48, 2.32, 302.23, -76.47, 0.01, 204.59, 38.92);
insert into SHOT values (5565, 5551, 5556, 6745, 6.69, 202.55, -40.27, 6.75, 202.70, -39.82, 0.08, 212.86, 3.18);
insert into SHOT values (5566, 5556, 5557, 6745, 1.09, 165.84, -5.80, 1.09, 165.58, -5.79, 0.00, 72.68, 1.75);
insert into SHOT values (5567, 5556, 5558, 6745, 2.12, 308.87, -13.36, 2.12, 309.09, -13.37, 0.01, 46.58, -0.95);
insert into SHOT values (5568, 5556, 5559, 6745, 0.68, 235.01, 69.25, 0.68, 233.62, 69.76, 0.01, 104.08, 28.39);
insert into SHOT values (5569, 5556, 5560, 6745, 0.33, 4.30, -76.06, 0.33, 7.13, -75.86, 0.00, 79.83, 3.92);
insert into SHOT values (5570, 5556, 5561, 6745, 6.23, 241.10, -33.65, 6.27, 240.74, -33.37, 0.06, 209.02, 2.01);
insert into SHOT values (5571, 5561, 5562, 6745, 15.72, 234.74, -58.62, 15.75, 234.45, -57.59, 0.29, 225.24, 24.72);
insert into SHOT values (5572, 5561, 5563, 6745, 1.60, 133.54, -0.43, 1.60, 133.48, -0.36, 0.00, 5.40, 42.96);
insert into SHOT values (5573, 5561, 5564, 6745, 0.59, 331.82, -3.60, 0.59, 331.70, -3.87, 0.00, 296.49, -53.92);
insert into SHOT values (5574, 5561, 5565, 6745, 1.49, 134.31, 29.02, 1.49, 134.38, 28.96, 0.00, 273.66, -50.27);
insert into SHOT values (5575, 5561, 5566, 6745, 1.59, 117.27, -57.18, 1.58, 117.16, -57.29, 0.01, 308.97, 38.77);
insert into SHOT values (5576, 5562, 5567, 6745, 4.60, 103.45, 7.39, 4.60, 103.43, 7.36, 0.00, 72.35, -25.50);
insert into SHOT values (5577, 5562, 5568, 6745, 3.83, 250.11, -0.98, 3.83, 250.14, -0.90, 0.01, 19.51, 61.36);
insert into SHOT values (5578, 5562, 5569, 6745, 7.80, 159.66, 75.83, 7.80, 159.76, 75.84, 0.00, 275.83, -35.70);
insert into SHOT values (5579, 5562, 5570, 6745, 0.68, 171.02, -73.44, 0.68, 171.03, -73.51, 0.00, 350.05, 50.88);
insert into SHOT values (5580, 5562, 5571, 6745, 19.11, 166.69, -8.65, 19.16, 167.81, -8.52, 0.38, 248.90, 5.20);
insert into SHOT values (5581, 5571, 5572, 6745, 2.39, 70.64, 21.74, 2.39, 70.59, 21.57, 0.01, 53.67, -37.42);
insert into SHOT values (5582, 5571, 5573, 6745, 2.66, 257.31, -4.54, 2.65, 257.33, -4.54, 0.01, 70.00, 4.31);
insert into SHOT values (5583, 5571, 5574, 6745, 8.68, 138.69, 82.07, 8.68, 138.72, 82.07, 0.00, 227.18, 76.66);
insert into SHOT values (5584, 5571, 5575, 6745, 0.98, 328.50, -81.33, 0.98, 328.39, -81.06, 0.01, 325.16, -13.68);
insert into SHOT values (5585, 5571, 5576, 6745, 15.63, 125.47, 40.57, 15.63, 126.48, 40.46, 0.21, 211.21, -6.86);
insert into SHOT values (5586, 5576, 5577, 6745, 2.49, 129.93, -10.71, 2.50, 130.04, -10.61, 0.01, 158.18, 14.78);
insert into SHOT values (5587, 5576, 5578, 6745, 4.80, 280.15, -11.89, 4.80, 280.06, -11.91, 0.01, 155.62, -6.98);
insert into SHOT values (5588, 5576, 5579, 6745, 1.16, 182.28, 71.75, 1.16, 181.55, 71.40, 0.01, 147.61, -11.24);
insert into SHOT values (5589, 5576, 5580, 6745, 1.66, 166.92, -79.68, 1.66, 166.43, -79.63, 0.00, 97.05, 49.15);
insert into SHOT values (5590, 5576, 5581, 6745, 3.69, 196.30, 42.70, 3.74, 196.40, 42.37, 0.05, 201.81, 19.10);
insert into SHOT values (5591, 5581, 5582, 6745, 0.57, 9.94, -1.13, 0.57, 10.12, -1.01, 0.00, 129.35, 30.52);
insert into SHOT values (5592, 5581, 5583, 6745, 0.30, 192.15, -5.65, 0.30, 191.69, -5.78, 0.00, 56.80, -7.81);
insert into SHOT values (5593, 5581, 5584, 6745, 1.32, 237.56, 79.76, 1.32, 236.98, 79.60, 0.00, 205.40, 12.65);
insert into SHOT values (5594, 5581, 5585, 6745, 2.17, 199.07, -83.34, 2.17, 198.43, -83.32, 0.01, 133.87, -56.37);
insert into SHOT values (5595, 5581, 5586, 6745, 3.74, 130.80, 61.01, 3.75, 131.45, 60.80, 0.03, 184.78, -3.11);
insert into SHOT values (5596, 5586, 5587, 6745, 0.21, 19.51, 0.19, 0.21, 19.29, 0.00, 0.00, 356.29, -18.65);
insert into SHOT values (5597, 5586, 5588, 6745, 1.26, 200.78, -1.44, 1.25, 201.04, -1.37, 0.01, 337.87, 11.37);
insert into SHOT values (5598, 5586, 5589, 6745, 4.91, 227.25, 70.67, 4.91, 227.49, 70.63, 0.01, 296.23, -23.78);
insert into SHOT values (5599, 5586, 5590, 6745, 2.16, 245.91, -74.99, 2.16, 247.07, -74.88, 0.01, 311.85, -16.48);
insert into SHOT values (5600, 5586, 5591, 6745, 8.43, 149.77, 47.19, 8.44, 150.37, 46.95, 0.07, 209.62, -11.69);
insert into SHOT values (5601, 5591, 5592, 6745, 2.43, 41.59, 1.59, 2.43, 41.83, 1.41, 0.01, 131.54, -36.19);
insert into SHOT values (5602, 5591, 5593, 6745, 6.85, 260.13, -1.80, 6.85, 260.07, -1.84, 0.01, 140.45, -30.23);
insert into SHOT values (5603, 5591, 5594, 6745, 3.80, 350.19, 80.86, 3.80, 350.38, 80.93, 0.01, 149.31, -17.45);
insert into SHOT values (5604, 5591, 5595, 6745, 0.96, 243.73, -75.71, 0.96, 242.35, -75.70, 0.01, 154.14, 2.98);
insert into SHOT values (5605, 5591, 5596, 6745, 13.95, 119.42, 31.80, 13.96, 120.48, 31.73, 0.22, 206.32, -2.88);
insert into SHOT values (5606, 5596, 5597, 6745, 6.98, 331.31, -5.22, 6.98, 331.30, -5.18, 0.01, 307.77, 52.98);
insert into SHOT values (5607, 5596, 5598, 6745, 4.63, 157.65, 19.15, 4.62, 157.66, 19.19, 0.01, 328.57, 10.76);
insert into SHOT values (5608, 5596, 5599, 6745, 7.09, 258.96, 89.06, 7.09, 260.54, 89.02, 0.01, 291.28, 8.66);
insert into SHOT values (5609, 5596, 5600, 6745, 1.32, 113.48, -83.54, 1.32, 114.78, -83.76, 0.01, 262.41, 14.48);
insert into SHOT values (5610, 5596, 5379, 6745, 7.52, 8.19, 0.64, 7.46, 7.86, 0.61, 0.07, 224.10, -3.11);
insert into SURVEY values (6747, 68, 'creedencesiderift', 'creedencesiderift.clearwater_master', NULL);
 insert into CENTRELINE values (6748, 6747, NULL, NULL, NULL, 0.00, 0.00, 0.00);
 insert into CENTRELINE values (6749, 6747, 'creedencesiderift', '2017-04-13', NULL, 60.14, 0.00, 0.00);
 insert into SHOT values (5611, 5601, 5602, 6749, 18.35, 265.00, -3.00, 18.35, 264.99, -3.00, 0.01, 119.39, 3.55);
insert into SHOT values (5612, 5602, 5603, 6749, 20.67, 324.50, -2.00, 20.67, 324.49, -2.00, 0.01, 300.70, 15.76);
insert into SHOT values (5613, 5604, 5602, 6749, 11.03, 241.00, 11.00, 11.03, 241.00, 10.98, 0.00, 193.28, -79.95);
insert into SHOT values (5614, 5604, 5605, 6749, 10.09, 30.00, -32.00, 10.09, 30.01, -32.01, 0.00, 104.42, -62.10);
insert into SURVEY values (6751, 68, 'crucibleslopes', 'crucibleslopes.clearwater_master', NULL);
 insert into CENTRELINE values (6752, 6751, NULL, NULL, NULL, 0.00, 0.00, 0.00);
 insert into CENTRELINE values (6753, 6751, 'crucibleslopes', '2017-04-13', NULL, 226.74, 0.00, 0.00);
 insert into SHOT values (5615, 5606, 5607, 6753, 27.15, 343.00, 36.00, 27.15, 343.00, 36.01, 0.01, 159.50, 16.81);
insert into SHOT values (5616, 5607, 5608, 6753, 11.88, 83.00, 31.00, 11.88, 83.01, 31.00, 0.00, 110.19, 24.65);
insert into SHOT values (5617, 5608, 5609, 6753, 17.87, 313.00, -4.00, 17.87, 313.00, -4.01, 0.00, 313.04, -44.74);
insert into SHOT values (5618, 5609, 5610, 6753, 10.85, 353.50, 24.00, 10.85, 353.51, 23.98, 0.00, 49.79, -48.81);
insert into SHOT values (5619, 5610, 5611, 6753, 5.60, 348.00, 9.00, 5.60, 348.00, 9.04, 0.00, 188.79, 87.26);
insert into SHOT values (5620, 5607, 5612, 6753, 23.16, 300.00, 25.00, 23.16, 300.01, 25.00, 0.01, 337.52, 21.95);
insert into SHOT values (5621, 5612, 5613, 6753, 13.75, 331.00, 35.00, 13.75, 331.00, 34.98, 0.01, 153.19, -79.17);
insert into SHOT values (5622, 5613, 5614, 6753, 16.78, 234.00, 40.00, 16.79, 233.99, 40.00, 0.01, 189.05, 41.60);
insert into SHOT values (5623, 5615, 5616, 6753, 2.93, 36.00, 13.00, 2.93, 35.86, 13.04, 0.01, 272.37, 6.31);
insert into SHOT values (5624, 5616, 5606, 6753, 3.55, 330.00, 28.50, 3.55, 330.07, 28.39, 0.01, 359.30, -25.58);
insert into SHOT values (5625, 5611, 5617, 6753, 5.50, 329.00, 3.20, 5.49, 328.95, 3.23, 0.01, 193.58, 22.29);
insert into SHOT values (5626, 5618, 5617, 6753, 19.11, 185.00, 52.90, 19.11, 185.02, 52.88, 0.01, 219.09, -12.21);
insert into SHOT values (5627, 5618, 5619, 6753, 25.86, 352.00, -40.60, 25.86, 351.98, -40.61, 0.01, 243.52, -6.78);
insert into SHOT values (5628, 5619, 5620, 6753, 42.75, 354.50, -33.40, 42.76, 354.50, -33.40, 0.01, 8.85, -56.39);
insert into SURVEY values (6755, 68, 'franksfolly', 'franksfolly.clearwater_master', NULL);
 insert into CENTRELINE values (6756, 6755, NULL, NULL, NULL, 0.00, 0.00, 0.00);
 insert into CENTRELINE values (6757, 6755, 'franksfolly', '2017-04-14', NULL, 29.27, 0.00, 0.00);
 insert into SHOT values (5629, 5621, 5622, 6757, 8.11, 229.00, 38.10, 8.11, 229.00, 38.06, 0.01, 228.64, -42.48);
insert into SHOT values (5630, 5622, 5623, 6757, 11.82, 191.00, 7.50, 11.82, 191.02, 7.54, 0.01, 312.23, 53.51);
insert into SHOT values (5631, 5623, 5624, 6757, 9.34, 198.00, 34.40, 9.34, 197.99, 34.37, 0.01, 113.23, -76.85);
insert into SURVEY values (6759, 68, 'tight_ripper', 'tight_ripper.clearwater_master', NULL);
 insert into CENTRELINE values (6760, 6759, NULL, NULL, NULL, 0.00, 0.00, 0.00);
 insert into CENTRELINE values (6761, 6759, NULL, '2017-04-17', NULL, 206.58, 0.00, 0.00);
 insert into SHOT values (5632, 5625, 5626, 6761, 0.79, 290.08, -2.26, 0.79, 290.05, -2.18, 0.00, 126.07, 33.61);
insert into SHOT values (5633, 5625, 5627, 6761, 0.95, 87.75, 6.83, 0.95, 87.56, 7.27, 0.01, 319.54, 60.95);
insert into SHOT values (5634, 5625, 5628, 6761, 0.51, 254.36, 82.92, 0.51, 251.57, 82.93, 0.00, 170.10, 51.44);
insert into SHOT values (5635, 5625, 5629, 6761, 0.76, 54.59, -71.95, 0.76, 53.62, -71.85, 0.00, 331.56, 32.72);
insert into SHOT values (5636, 5625, 5630, 6761, 8.88, 29.38, -25.33, 8.88, 29.41, -25.34, 0.00, 149.71, -10.59);
insert into SHOT values (5637, 5630, 5631, 6761, 4.97, 249.38, 7.88, 4.97, 249.43, 7.86, 0.00, 328.27, -17.39);
insert into SHOT values (5638, 5630, 5632, 6761, 2.17, 25.99, 5.14, 2.17, 25.74, 5.28, 0.01, 315.77, 28.77);
insert into SHOT values (5639, 5630, 5633, 6761, 3.46, 254.63, 78.80, 3.47, 255.34, 78.82, 0.01, 346.27, 35.17);
insert into SHOT values (5640, 5630, 5634, 6761, 2.68, 266.78, -70.87, 2.68, 266.75, -70.79, 0.00, 257.91, 32.15);
insert into SHOT values (5641, 5630, 5635, 6761, 10.14, 309.93, -32.95, 10.14, 309.90, -32.92, 0.01, 253.91, 44.50);
insert into SHOT values (5642, 5635, 5636, 6761, 2.80, 254.31, -26.59, 2.80, 254.46, -26.74, 0.01, 4.45, -43.21);
insert into SHOT values (5643, 5635, 5637, 6761, 15.58, 44.40, -22.59, 15.59, 44.41, -22.60, 0.01, 65.41, -40.22);
insert into SHOT values (5644, 5635, 5638, 6761, 0.56, 249.38, 70.91, 0.56, 250.56, 71.21, 0.00, 17.47, 9.59);
insert into SHOT values (5645, 5635, 5639, 6761, 0.74, 279.49, -75.01, 0.75, 281.89, -74.91, 0.01, 351.79, -31.28);
insert into SHOT values (5646, 5635, 5640, 6761, 16.98, 337.72, -45.14, 16.99, 337.74, -45.14, 0.01, 8.18, -30.00);
insert into SHOT values (5647, 5640, 5641, 6761, 1.39, 270.14, -20.01, 1.38, 270.00, -19.88, 0.01, 117.67, 39.36);
insert into SHOT values (5648, 5640, 5642, 6761, 3.81, 67.96, 0.25, 3.81, 67.95, 0.30, 0.00, 280.91, 65.09);
insert into SHOT values (5649, 5640, 5643, 6761, 0.85, 188.26, 87.11, 0.85, 180.00, 87.31, 0.01, 68.61, 9.29);
insert into SHOT values (5650, 5640, 5644, 6761, 1.49, 84.92, -51.76, 1.49, 85.03, -51.72, 0.00, 140.36, 7.48);
insert into SHOT values (5651, 5640, 5645, 6761, 11.52, 6.93, -32.92, 11.52, 6.95, -32.91, 0.00, 82.72, 12.93);
insert into SHOT values (5652, 5645, 5646, 6761, 2.19, 265.53, -8.13, 2.19, 265.50, -8.14, 0.00, 126.51, -9.52);
insert into SHOT values (5653, 5645, 5647, 6761, 1.49, 42.90, 14.15, 1.49, 42.75, 14.38, 0.01, 294.94, 56.14);
insert into SHOT values (5654, 5645, 5648, 6761, 0.61, 273.10, 77.38, 0.61, 270.00, 77.77, 0.01, 156.86, 31.15);
insert into SHOT values (5655, 5645, 5649, 6761, 0.98, 317.08, -69.26, 0.98, 316.17, -69.36, 0.01, 221.54, -32.36);
insert into SHOT values (5656, 5645, 5650, 6761, 2.75, 348.76, -23.35, 2.74, 348.78, -23.41, 0.01, 161.48, -0.39);
insert into SHOT values (5657, 5650, 5651, 6761, 1.28, 265.65, -2.29, 1.28, 265.98, -2.23, 0.01, 326.12, 7.73);
insert into SHOT values (5658, 5650, 5652, 6761, 0.59, 70.32, 3.05, 0.59, 70.02, 2.93, 0.01, 288.50, -15.53);
insert into SHOT values (5659, 5650, 5653, 6761, 0.58, 14.34, 59.83, 0.58, 13.57, 59.18, 0.01, 343.88, -10.27);
insert into SHOT values (5660, 5650, 5654, 6761, 0.31, 153.20, -72.44, 0.30, 153.43, -72.86, 0.01, 328.07, 53.55);
insert into SHOT values (5661, 5650, 5655, 6761, 8.14, 352.05, -35.86, 8.15, 351.99, -35.84, 0.01, 309.93, -8.83);
insert into SHOT values (5662, 5655, 5656, 6761, 1.54, 106.68, -3.99, 1.55, 106.56, -3.71, 0.01, 83.54, 40.34);
insert into SHOT values (5663, 5655, 5657, 6761, 0.49, 290.73, 11.74, 0.48, 291.12, 11.97, 0.01, 88.78, 1.97);
insert into SHOT values (5664, 5655, 5658, 6761, 1.68, 129.32, 77.29, 1.68, 129.61, 77.07, 0.01, 145.01, 9.38);
insert into SHOT values (5665, 5655, 5659, 6761, 2.24, 282.50, -76.51, 2.24, 282.17, -76.54, 0.00, 177.21, -30.13);
insert into SHOT values (5666, 5655, 5660, 6761, 4.65, 184.38, 11.02, 4.65, 184.27, 11.04, 0.01, 83.84, 7.56);
insert into SHOT values (5667, 5655, 5661, 6761, 8.42, 208.17, -10.09, 8.42, 208.14, -10.06, 0.01, 121.38, 51.32);
insert into SHOT values (5668, 5655, 5662, 6761, 9.76, 223.19, -22.46, 9.76, 223.16, -22.47, 0.01, 140.03, -14.51);
insert into SHOT values (5669, 5655, 5663, 6761, 10.23, 54.16, 11.22, 10.23, 54.20, 11.22, 0.01, 134.61, -3.85);
insert into SHOT values (5670, 5663, 5664, 6761, 2.45, 303.74, 2.59, 2.45, 303.69, 2.57, 0.00, 277.19, -8.47);
insert into SHOT values (5671, 5663, 5665, 6761, 4.35, 126.78, 17.07, 4.35, 126.79, 17.11, 0.00, 251.60, 78.37);
insert into SHOT values (5672, 5663, 5666, 6761, 2.40, 10.33, 73.21, 2.40, 10.01, 73.29, 0.01, 244.72, 25.85);
insert into SHOT values (5673, 5663, 5667, 6761, 1.24, 113.58, -75.84, 1.24, 113.20, -75.76, 0.00, 55.89, 44.09);
insert into SHOT values (5674, 5663, 5668, 6761, 14.11, 51.39, 21.18, 14.11, 51.39, 21.19, 0.00, 264.06, 65.69);
insert into SHOT values (5675, 5668, 5669, 6761, 3.69, 291.38, 4.52, 3.69, 291.34, 4.50, 0.00, 257.64, -9.58);
insert into SHOT values (5676, 5668, 5670, 6761, 1.06, 120.08, 8.18, 1.06, 119.74, 8.14, 0.01, 19.55, -7.50);
insert into SHOT values (5677, 5668, 5671, 6761, 1.36, 314.27, 81.18, 1.37, 315.00, 81.07, 0.01, 351.28, 53.57);
insert into SHOT values (5678, 5668, 5672, 6761, 1.86, 351.10, -73.81, 1.86, 351.25, -73.53, 0.01, 1.76, 39.24);
insert into SHOT values (5679, 5668, 5673, 6761, 2.94, 339.57, -5.70, 2.94, 339.58, -5.66, 0.00, 141.09, 47.03);
insert into SHOT values (5680, 5668, 5674, 6761, 12.31, 352.59, 18.82, 12.31, 352.61, 18.81, 0.01, 26.61, -10.77);
insert into SHOT values (5681, 5674, 5675, 6761, 0.93, 293.64, 1.37, 0.93, 293.52, 1.24, 0.00, 148.65, -34.16);
insert into SHOT values (5682, 5674, 5676, 6761, 4.58, 115.56, -1.20, 4.58, 115.61, -1.13, 0.01, 191.24, 53.05);
insert into SHOT values (5683, 5674, 5677, 6761, 1.03, 48.56, 76.45, 1.03, 48.37, 76.46, 0.00, 287.39, -54.46);
insert into SHOT values (5684, 5674, 5678, 6761, 0.74, 41.69, -41.03, 0.73, 42.06, -41.00, 0.01, 190.56, 39.61);
insert into SHOT values (5685, 5674, 5679, 6761, 24.07, 43.56, 36.10, 24.07, 43.56, 36.10, 0.00, 212.64, -26.64);
insert into SHOT values (5686, 5679, 5680, 6761, 1.76, 304.51, -7.14, 1.76, 304.51, -6.85, 0.01, 302.23, 82.63);
insert into SHOT values (5687, 5679, 5681, 6761, 3.72, 137.98, -21.71, 3.72, 138.05, -21.63, 0.01, 235.57, 55.00);
insert into SHOT values (5688, 5679, 5682, 6761, 1.47, 351.84, 72.45, 1.48, 352.23, 72.52, 0.01, 67.18, 69.42);
insert into SHOT values (5689, 5679, 5683, 6761, 1.34, 133.08, -78.34, 1.34, 131.99, -78.39, 0.01, 23.80, 23.36);
insert into SHOT values (5690, 5679, 5684, 6761, 10.70, 111.95, 5.02, 10.70, 111.92, 5.04, 0.01, 40.83, 33.22);
insert into SHOT values (5691, 5684, 5685, 6761, 0.68, 27.19, 10.84, 0.67, 26.95, 11.11, 0.01, 231.86, 17.81);
insert into SHOT values (5692, 5684, 5686, 6761, 1.18, 194.82, -13.99, 1.18, 195.12, -13.69, 0.01, 246.56, 34.14);
insert into SHOT values (5693, 5684, 5687, 6761, 0.60, 72.13, 80.28, 0.60, 71.57, 80.87, 0.01, 260.40, -12.04);
insert into SHOT values (5694, 5684, 5688, 6761, 0.51, 105.58, -76.44, 0.50, 109.98, -76.57, 0.01, 213.32, 31.51);
insert into SHOT values (5695, 5684, 5689, 6761, 4.91, 35.66, 42.52, 4.91, 35.54, 42.58, 0.01, 268.22, 9.29);
insert into SHOT values (5696, 5684, 5690, 6761, 4.17, 195.88, -41.71, 4.17, 196.00, -41.59, 0.01, 234.74, 24.36);
insert into SHOT values (5697, 5691, 5655, 6761, 3.51, 272.70, -41.78, 3.52, 272.84, -41.73, 0.01, 320.79, -9.09);
insert into SHOT values (5698, 5691, 5692, 6761, 1.58, 67.25, 11.26, 1.58, 67.24, 11.30, 0.00, 51.99, 50.39);
insert into SHOT values (5699, 5692, 5693, 6761, 1.21, 76.39, -15.95, 1.21, 76.08, -15.83, 0.01, 353.15, 21.76);
insert into SHOT values (5700, 5692, 5694, 6761, 1.13, 236.77, -40.61, 1.13, 236.86, -40.72, 0.01, 272.40, -61.49);
insert into SHOT values (5701, 5692, 5695, 6761, 0.89, 149.87, 84.41, 0.89, 150.26, 84.82, 0.01, 324.77, 34.77);
insert into SHOT values (5702, 5692, 5696, 6761, 1.12, 107.76, -66.95, 1.12, 107.20, -66.88, 0.00, 32.33, 7.46);
insert into SHOT values (5703, 5692, 5697, 6761, 15.80, 157.44, 17.00, 15.79, 157.46, 17.01, 0.01, 296.53, 3.96);
insert into SHOT values (5704, 5697, 5698, 6761, 0.52, 82.13, -15.08, 0.52, 82.03, -15.50, 0.01, 64.62, -58.24);
insert into SHOT values (5705, 5697, 5699, 6761, 0.61, 247.46, -27.45, 0.61, 247.22, -27.31, 0.00, 180.65, 25.57);
insert into SHOT values (5706, 5697, 5700, 6761, 1.61, 119.47, 65.89, 1.61, 118.89, 65.74, 0.01, 64.44, 3.14);
insert into SHOT values (5707, 5697, 5701, 6761, 1.45, 74.14, -74.07, 1.45, 74.25, -73.75, 0.01, 80.20, 30.65);
insert into SHOT values (5708, 5625, 5702, 6761, 0.92, 108.78, 9.99, 0.92, 108.63, 10.00, 0.00, 52.29, 8.28);
insert into SHOT values (5709, 5625, 5703, 6761, 0.84, 296.08, -14.53, 0.84, 296.25, -14.47, 0.00, 7.70, 16.30);
insert into SHOT values (5710, 5625, 5704, 6761, 0.64, 143.96, 68.62, 0.64, 143.62, 68.53, 0.01, 116.17, 53.04);
insert into SHOT values (5711, 5625, 5705, 6761, 0.62, 144.26, -79.77, 0.62, 146.31, -79.94, 0.00, 261.77, 1.89);
insert into SHOT values (5712, 5625, 5706, 6761, 3.54, 204.97, -0.37, 3.54, 204.90, -0.32, 0.01, 102.35, 32.67);
insert into SHOT values (5713, 5706, 5707, 6761, 3.52, 204.83, -0.12, 3.52, 204.89, -0.16, 0.01, 337.98, -27.92);
insert into SHOT values (5714, 5706, 5708, 6761, 1.96, 122.67, -1.14, 1.96, 122.72, -1.17, 0.00, 169.42, -24.16);
insert into SHOT values (5715, 5706, 5709, 6761, 0.90, 285.44, -22.86, 0.90, 285.38, -22.87, 0.00, 218.19, -20.15);
insert into SHOT values (5716, 5706, 5710, 6761, 1.61, 62.89, -77.82, 1.61, 61.93, -77.78, 0.01, 335.58, 33.32);
insert into SHOT values (5717, 5706, 5711, 6761, 0.99, 326.05, 84.71, 1.00, 323.13, 84.23, 0.01, 295.40, 22.88);
insert into SHOT values (5718, 5706, 5712, 6761, 27.26, 118.80, 43.91, 27.26, 118.80, 43.92, 0.00, 13.98, 75.38);
insert into SHOT values (5719, 5706, 5713, 6761, 3.07, 205.56, -26.02, 3.07, 205.54, -26.07, 0.00, 165.00, -69.52);
insert into SHOT values (5720, 5713, 5714, 6761, 1.74, 136.14, -4.77, 1.74, 136.17, -4.62, 0.00, 279.88, 72.38);
insert into SHOT values (5721, 5713, 5715, 6761, 1.55, 312.35, 40.19, 1.55, 312.27, 40.06, 0.01, 295.49, -2.65);
insert into SHOT values (5722, 5713, 5716, 6761, 1.89, 237.95, 80.24, 1.90, 238.74, 80.06, 0.01, 270.14, 41.08);
insert into SHOT values (5723, 5713, 5717, 6761, 1.64, 246.02, -77.78, 1.64, 246.37, -77.69, 0.00, 290.90, 43.17);
insert into SHOT values (5724, 5713, 5718, 6761, 6.52, 236.51, -28.37, 6.52, 236.59, -28.38, 0.01, 315.46, -13.85);
insert into SHOT values (5725, 5718, 5719, 6761, 1.02, 145.67, 6.97, 1.02, 145.84, 7.30, 0.01, 194.18, 57.09);
insert into SHOT values (5726, 5718, 5720, 6761, 1.39, 323.78, -15.31, 1.39, 323.82, -15.06, 0.01, 126.07, 68.93);
insert into SHOT values (5727, 5718, 5721, 6761, 1.17, 158.77, 71.81, 1.18, 159.08, 72.00, 0.01, 281.29, 74.79);
insert into SHOT values (5728, 5718, 5722, 6761, 0.87, 170.89, -65.75, 0.87, 170.54, -65.20, 0.01, 154.51, 22.11);
insert into SHOT values (5729, 5718, 5723, 6761, 7.89, 249.09, -44.27, 7.89, 249.06, -44.21, 0.01, 213.31, 60.15);
insert into SHOT values (5730, 5630, 5724, 6761, 4.10, 56.29, 6.62, 4.10, 56.31, 6.72, 0.01, 97.67, 73.71);
insert into SHOT values (5731, 5630, 5725, 6761, 7.60, 195.35, 16.96, 7.60, 195.39, 16.98, 0.01, 271.42, 28.28);
insert into SHOT values (5732, 5630, 5726, 6761, 3.83, 90.65, 82.95, 3.83, 90.00, 82.95, 0.01, 359.50, -11.07);
insert into SHOT values (5733, 5630, 5727, 6761, 1.44, 229.91, -76.99, 1.44, 229.97, -76.87, 0.00, 238.25, 52.30);
insert into SHOT values (5734, 5630, 5728, 6761, 24.14, 139.32, 47.68, 24.14, 139.32, 47.69, 0.01, 323.19, 8.14);
insert into SHOT values (5735, 5728, 5729, 6761, 6.84, 23.31, 0.96, 6.84, 23.34, 1.01, 0.01, 102.32, 54.58);
insert into SHOT values (5736, 5728, 5730, 6761, 6.75, 238.51, -6.76, 6.74, 238.49, -6.73, 0.01, 77.17, 36.83);
insert into SHOT values (5737, 5728, 5731, 6761, 2.40, 303.13, 85.79, 2.41, 300.96, 85.83, 0.01, 201.29, 43.79);
insert into SHOT values (5738, 5728, 5732, 6761, 2.09, 21.08, -59.71, 2.08, 21.19, -59.72, 0.01, 166.67, 51.65);
insert into SHOT values (5739, 5733, 5728, 6761, 10.70, 277.10, -46.68, 10.71, 277.12, -46.68, 0.01, 296.45, -42.25);
insert into SHOT values (5740, 5733, 5734, 6761, 3.26, 22.83, 10.13, 3.26, 22.73, 10.07, 0.01, 293.35, -31.01);
insert into SHOT values (5741, 5733, 5735, 6761, 6.22, 234.30, -4.55, 6.23, 234.31, -4.61, 0.01, 249.15, -52.23);
insert into SHOT values (5742, 5733, 5736, 6761, 3.17, 10.30, 69.86, 3.16, 10.07, 69.90, 0.01, 232.98, -43.67);
insert into SHOT values (5743, 5733, 5737, 6761, 0.38, 61.44, -68.19, 0.39, 59.74, -68.90, 0.01, 302.04, -56.75);
insert into SURVEY values (6763, 68, 'tight_ripper2', 'tight_ripper2.clearwater_master', NULL);
 insert into CENTRELINE values (6764, 6763, NULL, NULL, NULL, 0.00, 0.00, 0.00);
 insert into CENTRELINE values (6765, 6763, NULL, '2017-04-17', NULL, 181.11, 0.00, 0.00);
 insert into SHOT values (5744, 5738, 5739, 6765, 8.57, 61.50, -10.44, 8.58, 61.46, -10.41, 0.01, 20.86, 17.98);
insert into SHOT values (5745, 5738, 5740, 6765, 16.49, 203.92, -5.89, 16.49, 203.92, -5.88, 0.00, 10.27, 27.47);
insert into SHOT values (5746, 5738, 5741, 6765, 5.58, 142.95, 71.26, 5.58, 142.94, 71.25, 0.00, 350.62, -79.30);
insert into SHOT values (5747, 5738, 5742, 6765, 1.41, 167.78, -65.21, 1.41, 167.15, -65.45, 0.01, 31.91, 0.43);
insert into SHOT values (5748, 5738, 5743, 6765, 17.63, 35.00, 12.26, 17.63, 34.98, 12.24, 0.01, 348.73, -25.21);
insert into SHOT values (5749, 5743, 5744, 6765, 1.36, 326.16, -1.15, 1.36, 326.08, -0.84, 0.01, 282.42, 68.53);
insert into SHOT values (5750, 5743, 5745, 6765, 2.06, 99.14, -55.14, 2.06, 99.30, -55.18, 0.00, 220.02, 4.95);
insert into SHOT values (5751, 5743, 5746, 6765, 2.40, 72.86, 60.24, 2.41, 72.93, 60.29, 0.01, 123.62, 73.37);
insert into SHOT values (5752, 5743, 5747, 6765, 1.09, 36.79, -64.80, 1.08, 37.12, -64.66, 0.01, 129.01, 67.07);
insert into SHOT values (5753, 5738, 5748, 6765, 31.11, 133.53, -28.31, 31.11, 133.52, -28.30, 0.01, 33.80, 38.74);
insert into SHOT values (5754, 5748, 5749, 6765, 5.00, 59.17, -7.71, 5.00, 59.14, -7.71, 0.00, 278.60, 9.61);
insert into SHOT values (5755, 5748, 5750, 6765, 4.37, 221.40, -13.85, 4.37, 221.47, -13.90, 0.01, 303.24, -38.62);
insert into SHOT values (5756, 5748, 5751, 6765, 1.98, 120.64, 71.94, 1.98, 120.32, 71.91, 0.00, 33.49, -35.82);
insert into SHOT values (5757, 5748, 5752, 6765, 2.08, 53.05, -57.51, 2.08, 53.03, -57.67, 0.01, 240.75, -59.23);
insert into SHOT values (5758, 5748, 5753, 6765, 26.79, 159.72, 14.95, 26.79, 159.72, 14.95, 0.00, 225.49, -32.30);
insert into SHOT values (5759, 5753, 5754, 6765, 2.16, 60.92, 3.77, 2.16, 60.82, 3.72, 0.00, 303.98, -24.81);
insert into SHOT values (5760, 5753, 5755, 6765, 7.94, 241.60, -2.10, 7.94, 241.63, -2.09, 0.00, 355.90, 13.60);
insert into SHOT values (5761, 5753, 5756, 6765, 2.45, 321.99, 79.50, 2.45, 321.34, 79.46, 0.01, 250.61, 10.82);
insert into SHOT values (5762, 5753, 5757, 6765, 1.31, 106.23, -77.06, 1.31, 105.95, -77.18, 0.00, 320.18, -51.60);
insert into SHOT values (5763, 5753, 5758, 6765, 12.64, 165.07, 37.01, 12.64, 165.07, 37.02, 0.00, 350.33, 25.46);
insert into SHOT values (5764, 5758, 5759, 6765, 2.31, 54.70, -0.66, 2.30, 54.72, -0.75, 0.01, 227.25, -25.80);
insert into SHOT values (5765, 5758, 5760, 6765, 6.88, 241.13, -9.93, 6.88, 241.13, -9.97, 0.01, 66.18, -34.99);
insert into SHOT values (5766, 5758, 5761, 6765, 0.35, 38.38, 79.14, 0.35, 38.66, 79.33, 0.00, 209.10, -62.55);
insert into SHOT values (5767, 5758, 5762, 6765, 0.93, 213.22, -59.84, 0.94, 213.69, -59.94, 0.01, 282.45, -55.11);
insert into SHOT values (5768, 5758, 5763, 6765, 6.63, 148.70, 38.08, 6.63, 148.72, 38.09, 0.00, 239.62, 30.69);
insert into SHOT values (5769, 5763, 5764, 6765, 1.26, 106.09, 15.36, 1.26, 106.20, 15.15, 0.01, 141.49, -41.94);
insert into SHOT values (5770, 5763, 5765, 6765, 3.75, 276.66, -31.72, 3.76, 276.66, -31.82, 0.01, 271.69, -78.70);
insert into SHOT values (5771, 5763, 5766, 6765, 0.30, 309.95, 60.92, 0.30, 309.29, 61.34, 0.00, 153.88, -28.38);
insert into SHOT values (5772, 5763, 5767, 6765, 1.81, 334.39, -68.41, 1.82, 334.20, -68.48, 0.01, 254.69, -72.53);
insert into SHOT values (5773, 5763, 5768, 6765, 4.45, 223.64, 37.13, 4.45, 223.63, 37.04, 0.01, 212.13, -64.65);
insert into SHOT values (5774, 5768, 5769, 6765, 2.43, 145.55, 20.09, 2.43, 145.54, 20.22, 0.01, 332.77, 68.03);
insert into SHOT values (5775, 5768, 5770, 6765, 0.41, 334.07, -3.60, 0.41, 334.06, -2.78, 0.01, 331.84, 68.42);
insert into SHOT values (5776, 5768, 5771, 6765, 2.31, 190.78, 72.61, 2.32, 190.82, 72.61, 0.01, 205.96, 70.44);
insert into SHOT values (5777, 5768, 5772, 6765, 0.61, 284.11, -80.25, 0.61, 286.70, -80.13, 0.00, 2.22, 13.86);
insert into SHOT values (5778, 5768, 5773, 6765, 4.61, 210.27, 41.38, 4.61, 210.28, 41.47, 0.01, 25.97, 17.13);
insert into SHOT values (5779, 5773, 5774, 6765, 0.76, 144.17, 13.51, 0.76, 144.37, 13.70, 0.00, 251.28, 42.00);
insert into SHOT values (5780, 5773, 5775, 6765, 0.40, 308.74, 5.79, 0.39, 307.75, 5.83, 0.01, 177.43, -2.23);
insert into SHOT values (5781, 5773, 5776, 6765, 1.35, 268.69, 80.50, 1.35, 267.40, 80.60, 0.01, 150.67, -14.79);
insert into SHOT values (5782, 5773, 5777, 6765, 0.94, 217.69, -61.93, 0.94, 217.65, -61.96, 0.00, 87.49, -53.05);
insert into SHOT values (5783, 5773, 5778, 6765, 2.75, 60.62, 2.74, 2.74, 60.72, 2.72, 0.01, 205.14, -9.86);
insert into SHOT values (5784, 5773, 5779, 6765, 6.75, 251.76, 9.77, 6.76, 251.70, 9.80, 0.01, 195.14, 29.16);
insert into SHOT values (5785, 5773, 5780, 6765, 11.48, 154.47, 72.67, 11.48, 154.56, 72.66, 0.01, 221.49, 11.21);
insert into SHOT values (5786, 5773, 5781, 6765, 1.43, 119.93, -68.55, 1.43, 120.96, -68.47, 0.01, 199.37, 5.66);
insert into SHOT values (5787, 5773, 5782, 6765, 38.24, 155.70, 17.06, 38.24, 155.71, 17.06, 0.00, 248.91, 18.81);
insert into SHOT values (5788, 5782, 5783, 6765, 2.89, 79.24, 2.57, 2.89, 79.23, 2.57, 0.00, 74.86, 6.20);
insert into SHOT values (5789, 5782, 5784, 6765, 1.69, 236.85, -19.63, 1.69, 236.81, -19.73, 0.00, 80.81, -39.43);
insert into SHOT values (5790, 5782, 5785, 6765, 2.97, 75.53, 59.94, 2.97, 75.59, 59.95, 0.00, 196.11, -16.62);
insert into SHOT values (5791, 5782, 5786, 6765, 1.47, 119.03, -68.88, 1.47, 118.95, -68.59, 0.01, 113.35, 9.53);
insert into SHOT values (5792, 5738, 5787, 6765, 10.63, 230.80, 20.30, 10.63, 230.82, 20.31, 0.00, 286.48, 26.49);
insert into SHOT values (5793, 5738, 5788, 6765, 10.97, 358.98, 16.18, 10.98, 358.97, 16.19, 0.01, 338.35, 25.31);
insert into SHOT values (5794, 5738, 5789, 6765, 9.52, 343.67, 79.79, 9.52, 343.82, 79.79, 0.00, 82.43, 9.47);
insert into SHOT values (5795, 5738, 5790, 6765, 1.00, 349.66, -50.30, 1.00, 350.10, -50.29, 0.00, 70.96, -6.96);
insert into SHOT values (5796, 5738, 5791, 6765, 20.82, 301.84, 49.77, 20.82, 301.87, 49.78, 0.01, 28.45, 34.36);
insert into SHOT values (5797, 5791, 5792, 6765, 3.64, 184.22, -10.52, 3.64, 184.33, -10.60, 0.01, 262.40, -38.91);
insert into SHOT values (5798, 5791, 5793, 6765, 1.06, 5.67, 15.96, 1.06, 5.65, 15.95, 0.00, 189.43, -19.17);
insert into SHOT values (5799, 5791, 5794, 6765, 1.97, 191.44, 69.48, 1.97, 191.63, 69.33, 0.01, 223.78, -48.76);
insert into SHOT values (5800, 5791, 5795, 6765, 0.69, 32.63, -74.25, 0.70, 32.01, -74.27, 0.01, 336.38, -67.27);
insert into SHOT values (5801, 5791, 5796, 6765, 18.19, 236.50, 25.26, 18.19, 236.50, 25.25, 0.00, 262.66, -46.82);
insert into SHOT values (5802, 5796, 5797, 6765, 3.12, 139.31, -13.85, 3.12, 139.42, -13.91, 0.01, 238.60, -28.16);
insert into SHOT values (5803, 5796, 5798, 6765, 1.51, 339.47, -16.74, 1.51, 339.30, -16.96, 0.01, 214.70, -45.02);
insert into SHOT values (5804, 5796, 5799, 6765, 5.24, 291.92, 74.06, 5.24, 291.95, 74.01, 0.01, 299.22, 14.55);
insert into SHOT values (5805, 5796, 5800, 6765, 1.17, 309.06, -56.35, 1.17, 309.35, -56.58, 0.01, 66.64, -58.44);
insert into SURVEY values (6767, 68, 'rampy_mcrampface', 'rampy_mcrampface.clearwater_master', NULL);
 insert into CENTRELINE values (6768, 6767, NULL, NULL, NULL, 0.00, 0.00, 0.00);
 insert into CENTRELINE values (6769, 6767, NULL, '2017-04-19', NULL, 88.36, 0.00, 0.00);
 insert into SHOT values (5806, 5801, 5802, 6769, 25.92, 318.91, 8.70, 25.92, 318.91, 8.72, 0.01, 204.72, 86.21);
insert into SHOT values (5807, 5801, 5803, 6769, 5.60, 231.16, 4.16, 5.60, 231.18, 4.20, 0.00, 7.19, 53.40);
insert into SHOT values (5808, 5801, 5804, 6769, 10.01, 43.23, 5.47, 10.01, 43.25, 5.50, 0.01, 91.97, 48.75);
insert into SHOT values (5809, 5801, 5805, 6769, 10.39, 233.82, 84.90, 10.39, 233.38, 84.91, 0.01, 130.89, 8.84);
insert into SHOT values (5810, 5801, 5806, 6769, 1.20, 263.41, -71.80, 1.20, 263.83, -71.92, 0.00, 37.66, -0.50);
insert into SHOT values (5811, 5801, 5807, 6769, 20.26, 110.12, 26.30, 20.27, 110.12, 26.30, 0.01, 111.67, 29.34);
insert into SHOT values (5812, 5807, 5808, 6769, 7.25, 19.04, -4.32, 7.26, 19.04, -4.27, 0.01, 14.37, 44.13);
insert into SHOT values (5813, 5807, 5809, 6769, 9.95, 221.37, -7.14, 9.95, 221.39, -7.16, 0.01, 260.01, -33.60);
insert into SHOT values (5814, 5807, 5810, 6769, 4.84, 75.49, 84.09, 4.85, 74.85, 84.11, 0.01, 334.41, 45.15);
insert into SHOT values (5815, 5807, 5811, 6769, 7.19, 349.44, -61.44, 7.19, 349.44, -61.41, 0.01, 356.76, 80.73);
insert into SHOT values (5816, 5807, 5812, 6769, 18.01, 118.24, 22.37, 18.01, 118.24, 22.39, 0.01, 280.28, 67.35);
insert into SHOT values (5817, 5812, 5813, 6769, 4.34, 24.88, 8.75, 4.34, 24.83, 8.75, 0.00, 253.48, -2.53);
insert into SHOT values (5818, 5812, 5814, 6769, 2.75, 37.63, 81.36, 2.74, 37.15, 81.31, 0.01, 321.61, -67.74);
insert into SHOT values (5819, 5812, 5815, 6769, 3.05, 346.99, -65.48, 3.05, 347.18, -65.59, 0.01, 123.60, -40.39);
insert into SHOT values (5820, 5812, 5816, 6769, 13.57, 152.25, 34.50, 13.57, 152.24, 34.47, 0.01, 134.86, -56.75);
insert into SHOT values (5821, 5816, 5817, 6769, 4.58, 80.43, 6.11, 4.58, 80.39, 6.14, 0.00, 348.15, 40.44);
insert into SHOT values (5822, 5816, 5818, 6769, 8.16, 246.73, 0.63, 8.16, 246.76, 0.63, 0.01, 309.78, 2.88);
insert into SHOT values (5823, 5816, 5819, 6769, 13.63, 40.55, 77.93, 13.63, 40.45, 77.93, 0.01, 326.43, 14.14);
insert into SHOT values (5824, 5816, 5820, 6769, 1.44, 97.84, -85.20, 1.44, 94.76, -85.19, 0.01, 5.59, 37.43);
insert into SHOT values (5825, 5816, 5821, 6769, 36.52, 139.94, 34.19, 36.52, 139.94, 34.19, 0.00, 291.56, -44.37);
insert into SHOT values (5826, 5821, 5822, 6769, 8.39, 14.14, 4.24, 8.40, 14.10, 4.24, 0.01, 328.27, -2.33);
insert into SHOT values (5827, 5821, 5823, 6769, 5.98, 224.17, 6.97, 5.98, 224.25, 7.01, 0.01, 332.32, 26.74);
insert into SHOT values (5828, 5821, 5824, 6769, 10.48, 143.42, 73.34, 10.48, 143.40, 73.35, 0.00, 348.88, -1.65);
insert into SHOT values (5829, 5821, 5825, 6769, 1.76, 234.64, -80.05, 1.76, 235.78, -80.09, 0.01, 341.62, 29.20);
insert into SHOT values (5830, 5821, 5826, 6769, 27.76, 109.79, 7.19, 27.75, 109.78, 7.20, 0.01, 313.88, 38.17);
insert into SURVEY values (6771, 68, 'orange_icing_complete', 'orange_icing_complete.clearwater_master', NULL);
 insert into CENTRELINE values (6772, 6771, NULL, NULL, NULL, 0.00, 0.00, 0.00);
 insert into CENTRELINE values (6773, 6771, NULL, '2017-04-11', NULL, 709.32, 0.00, 0.00);
 insert into SHOT values (5831, 5827, 5828, 6773, 3.07, 10.15, -31.56, 3.06, 10.15, -31.50, 0.01, 191.27, 53.27);
insert into SHOT values (5832, 5827, 5829, 6773, 4.72, 180.37, 26.25, 4.73, 180.41, 26.24, 0.01, 201.25, 18.07);
insert into SHOT values (5833, 5827, 5830, 6773, 4.77, 74.16, 75.12, 4.77, 74.38, 75.12, 0.00, 159.79, -0.52);
insert into SHOT values (5834, 5827, 5831, 6773, 1.27, 54.45, -78.38, 1.27, 56.31, -78.50, 0.01, 167.87, 23.98);
insert into SHOT values (5835, 5827, 5832, 6773, 13.06, 98.91, 14.80, 13.06, 98.93, 14.82, 0.01, 225.04, 32.28);
insert into SHOT values (5836, 5832, 5833, 6773, 9.47, 23.47, 0.54, 9.48, 23.51, 0.54, 0.01, 65.78, 4.56);
insert into SHOT values (5837, 5832, 5834, 6773, 3.76, 235.90, 14.61, 3.76, 235.87, 14.64, 0.00, 93.22, 29.18);
insert into SHOT values (5838, 5832, 5835, 6773, 7.09, 125.81, 70.16, 7.09, 125.73, 70.10, 0.01, 103.58, 5.40);
insert into SHOT values (5839, 5832, 5836, 6773, 2.88, 35.97, -51.16, 2.88, 36.24, -51.06, 0.01, 101.11, 19.19);
insert into SHOT values (5840, 5832, 5837, 6773, 6.03, 205.36, 7.81, 6.03, 205.28, 7.82, 0.01, 100.57, 3.82);
insert into SHOT values (5841, 5832, 5838, 6773, 14.98, 134.18, 45.33, 14.98, 134.15, 45.31, 0.01, 94.58, -23.76);
insert into SHOT values (5842, 5832, 5839, 6773, 6.25, 96.23, 0.65, 6.26, 96.24, 0.64, 0.01, 103.79, -6.84);
insert into SHOT values (5843, 5839, 5840, 6773, 8.84, 64.86, -4.08, 8.84, 64.83, -4.09, 0.00, 329.85, -12.66);
insert into SHOT values (5844, 5839, 5841, 6773, 8.47, 190.18, -8.74, 8.47, 190.18, -8.76, 0.00, 249.37, -82.12);
insert into SHOT values (5845, 5839, 5842, 6773, 6.09, 41.26, 82.32, 6.08, 40.99, 82.37, 0.01, 254.98, -37.64);
insert into SHOT values (5846, 5839, 5843, 6773, 1.95, 186.72, -58.75, 1.95, 186.84, -58.91, 0.01, 340.78, -30.64);
insert into SHOT values (5847, 5839, 5844, 6773, 13.84, 141.95, -17.99, 13.84, 141.95, -18.02, 0.01, 330.90, -39.66);
insert into SHOT values (5848, 5844, 5845, 6773, 8.49, 28.47, -0.95, 8.49, 28.50, -0.94, 0.00, 123.62, 10.63);
insert into SHOT values (5849, 5844, 5846, 6773, 0.45, 189.39, 3.27, 0.46, 188.84, 3.77, 0.01, 153.96, 29.96);
insert into SHOT values (5850, 5844, 5847, 6773, 4.60, 63.48, 76.62, 4.60, 63.68, 76.69, 0.01, 205.01, 39.72);
insert into SHOT values (5851, 5844, 5848, 6773, 2.08, 28.75, -61.42, 2.07, 28.89, -61.37, 0.01, 149.60, 67.17);
insert into SHOT values (5852, 5844, 5849, 6773, 25.39, 62.33, -7.57, 25.39, 62.35, -7.56, 0.01, 182.53, 31.62);
insert into SHOT values (5853, 5849, 5850, 6773, 1.24, 332.47, 13.92, 1.24, 332.37, 13.95, 0.00, 306.20, 20.37);
insert into SHOT values (5854, 5849, 5851, 6773, 5.60, 162.72, 7.31, 5.60, 162.71, 7.29, 0.00, 1.32, -33.80);
insert into SHOT values (5855, 5849, 5852, 6773, 5.98, 108.59, 72.67, 5.98, 108.33, 72.68, 0.01, 11.85, 10.31);
insert into SHOT values (5856, 5849, 5853, 6773, 1.80, 112.36, -67.74, 1.80, 112.43, -67.80, 0.00, 224.35, -78.48);
insert into SHOT values (5857, 5849, 5854, 6773, 5.33, 144.51, 45.04, 5.33, 144.41, 45.05, 0.01, 27.90, -11.52);
insert into SHOT values (5858, 5849, 5855, 6773, 4.83, 50.08, 35.77, 4.83, 50.06, 35.69, 0.01, 40.57, -25.86);
insert into SHOT values (5859, 5849, 5856, 6773, 35.64, 88.92, -5.23, 35.64, 88.92, -5.23, 0.00, 77.49, -14.85);
insert into SHOT values (5860, 5856, 5857, 6773, 7.20, 61.47, -1.32, 7.20, 61.44, -1.27, 0.01, 297.19, 52.47);
insert into SHOT values (5861, 5856, 5858, 6773, 9.56, 238.18, 10.16, 9.56, 238.20, 10.18, 0.01, 289.72, 39.44);
insert into SHOT values (5862, 5856, 5859, 6773, 7.12, 349.58, 84.09, 7.12, 349.00, 84.09, 0.01, 262.09, -16.09);
insert into SHOT values (5863, 5856, 5860, 6773, 2.53, 51.95, -60.87, 2.53, 51.92, -60.86, 0.00, 9.89, -0.05);
insert into SHOT values (5864, 5856, 5861, 6773, 7.91, 25.71, -27.42, 7.91, 25.65, -27.40, 0.01, 302.15, 20.45);
insert into SHOT values (5865, 5856, 5862, 6773, 11.40, 111.73, -9.11, 11.39, 111.75, -9.09, 0.01, 247.80, 36.02);
insert into SHOT values (5866, 5856, 5863, 6773, 19.14, 94.92, 59.46, 19.14, 94.90, 59.47, 0.01, 0.56, 51.56);
insert into SHOT values (5867, 5856, 5864, 6773, 14.06, 197.36, 2.52, 14.05, 197.36, 2.53, 0.01, 9.41, 15.18);
insert into SHOT values (5868, 5864, 5865, 6773, 2.62, 111.97, -0.63, 2.61, 112.05, -0.66, 0.01, 270.82, -7.09);
insert into SHOT values (5869, 5864, 5866, 6773, 9.02, 309.77, -3.87, 9.02, 309.72, -3.88, 0.01, 202.28, -9.11);
insert into SHOT values (5870, 5864, 5867, 6773, 6.86, 289.17, -2.83, 6.87, 289.15, -2.84, 0.01, 270.79, -8.92);
insert into SHOT values (5871, 5864, 5868, 6773, 5.08, 238.70, 82.83, 5.08, 239.04, 82.75, 0.01, 265.85, -1.91);
insert into SHOT values (5872, 5864, 5869, 6773, 3.08, 145.19, -53.58, 3.08, 145.44, -53.52, 0.01, 204.13, -9.40);
insert into SHOT values (5873, 5864, 5870, 6773, 15.16, 242.29, 0.98, 15.16, 242.29, 0.98, 0.00, 200.40, 21.64);
insert into SHOT values (5874, 5864, 5871, 6773, 9.92, 181.02, -0.50, 9.92, 181.04, -0.52, 0.01, 240.29, -41.11);
insert into SHOT values (5875, 5871, 5872, 6773, 6.47, 24.94, -6.20, 6.47, 24.93, -6.21, 0.00, 223.55, -20.93);
insert into SHOT values (5876, 5871, 5873, 6773, 1.31, 229.94, 13.26, 1.31, 230.08, 13.21, 0.00, 278.67, -6.54);
insert into SHOT values (5877, 5871, 5874, 6773, 3.62, 59.07, 78.01, 3.62, 59.30, 78.13, 0.01, 217.88, -7.06);
insert into SHOT values (5878, 5871, 5875, 6773, 3.17, 45.13, -45.25, 3.17, 45.18, -45.29, 0.00, 200.15, 15.09);
insert into SHOT values (5879, 5871, 5876, 6773, 7.80, 159.60, -18.73, 7.80, 159.65, -18.69, 0.01, 217.47, 30.11);
insert into SHOT values (5880, 5871, 5877, 6773, 12.96, 120.05, -13.38, 12.96, 120.08, -13.38, 0.01, 209.06, -7.42);
insert into SHOT values (5881, 5871, 5878, 6773, 15.07, 81.35, -4.73, 15.07, 81.35, -4.72, 0.00, 60.48, 47.26);
insert into SHOT values (5882, 5878, 5879, 6773, 3.06, 31.29, 3.72, 3.06, 31.19, 3.75, 0.01, 275.67, 13.83);
insert into SHOT values (5883, 5878, 5880, 6773, 6.49, 192.44, 38.11, 6.50, 192.43, 38.12, 0.01, 179.50, 53.36);
insert into SHOT values (5884, 5878, 5881, 6773, 7.20, 113.23, 76.17, 7.20, 113.29, 76.18, 0.00, 233.60, -32.99);
insert into SHOT values (5885, 5878, 5882, 6773, 1.72, 72.21, -68.46, 1.72, 72.43, -68.53, 0.00, 203.89, -2.18);
insert into SHOT values (5886, 5878, 5883, 6773, 21.27, 126.29, -8.92, 21.27, 126.31, -8.93, 0.01, 245.76, -14.54);
insert into SHOT values (5887, 5878, 5884, 6773, 21.00, 156.17, -13.71, 21.01, 156.19, -13.71, 0.01, 199.98, -19.31);
insert into SHOT values (5888, 5878, 5885, 6773, 27.83, 152.51, -9.67, 27.83, 152.52, -9.66, 0.01, 230.25, 44.83);
insert into SHOT values (5889, 5878, 5886, 6773, 6.69, 135.20, -19.38, 6.69, 135.26, -19.39, 0.01, 254.26, -0.36);
insert into SHOT values (5890, 5886, 5887, 6773, 7.26, 76.94, 1.37, 7.26, 76.94, 1.34, 0.00, 246.61, -86.67);
insert into SHOT values (5891, 5886, 5888, 6773, 6.72, 230.71, -4.38, 6.71, 230.70, -4.36, 0.01, 62.61, 26.35);
insert into SHOT values (5892, 5886, 5889, 6773, 9.69, 121.74, 65.74, 9.69, 121.78, 65.70, 0.01, 143.82, -32.04);
insert into SHOT values (5893, 5886, 5890, 6773, 5.36, 74.42, -36.78, 5.36, 74.48, -36.76, 0.01, 122.89, -7.45);
insert into SHOT values (5894, 5886, 5891, 6773, 15.20, 102.63, -12.15, 15.20, 102.63, -12.15, 0.00, 177.12, -42.50);
insert into SHOT values (5895, 5886, 5892, 6773, 29.56, 144.04, -42.37, 29.56, 144.03, -42.36, 0.01, 116.43, 8.61);
insert into SHOT values (5896, 5886, 5893, 6773, 10.13, 176.12, -38.69, 10.13, 176.08, -38.67, 0.01, 104.21, 24.44);
insert into SHOT values (5897, 5893, 5894, 6773, 2.71, 166.83, 14.98, 2.71, 166.97, 14.97, 0.01, 261.63, -4.25);
insert into SHOT values (5898, 5893, 5895, 6773, 6.33, 4.02, 8.23, 6.33, 4.03, 8.17, 0.01, 53.22, -80.65);
insert into SHOT values (5899, 5893, 5896, 6773, 11.71, 77.61, 78.43, 11.71, 77.68, 78.45, 0.01, 224.90, -20.35);
insert into SHOT values (5900, 5893, 5897, 6773, 1.19, 141.93, -70.38, 1.19, 143.13, -70.35, 0.01, 229.65, 6.19);
insert into SHOT values (5901, 5893, 5898, 6773, 8.87, 125.29, 20.41, 8.86, 125.30, 20.40, 0.01, 295.53, -28.26);
insert into SHOT values (5902, 5893, 5899, 6773, 11.04, 109.40, -31.22, 11.04, 109.43, -31.22, 0.01, 232.36, 19.49);
insert into SHOT values (5903, 5893, 5900, 6773, 14.56, 96.04, -43.64, 14.56, 96.05, -43.64, 0.00, 129.19, -41.43);
insert into SHOT values (5904, 5893, 5901, 6773, 10.22, 123.31, -47.07, 10.22, 123.28, -47.06, 0.00, 45.07, 37.60);
insert into SHOT values (5905, 5893, 5902, 6773, 16.29, 105.06, -47.53, 16.29, 105.07, -47.54, 0.00, 211.75, -58.18);
insert into SHOT values (5906, 5902, 5903, 6773, 4.83, 265.61, 11.33, 4.83, 265.64, 11.35, 0.00, 38.27, 19.01);
insert into SHOT values (5907, 5902, 5904, 6773, 2.40, 100.96, 4.20, 2.40, 100.84, 4.30, 0.01, 1.17, 39.81);
insert into SHOT values (5908, 5902, 5905, 6773, 5.74, 251.59, 66.73, 5.74, 251.73, 66.79, 0.01, 14.67, 47.40);
insert into SHOT values (5909, 5902, 5906, 6773, 0.97, 232.85, -64.19, 0.97, 233.67, -64.12, 0.01, 326.16, 28.05);
insert into SHOT values (5910, 5902, 5907, 6773, 6.12, 269.91, 23.58, 6.12, 269.90, 23.59, 0.00, 220.40, 49.39);
insert into SHOT values (5911, 5902, 5908, 6773, 3.64, 0.75, 29.23, 3.64, 0.72, 29.24, 0.00, 337.25, 31.75);
insert into SHOT values (5912, 5902, 5909, 6773, 10.02, 347.21, 24.98, 10.02, 347.22, 24.97, 0.00, 14.82, -27.87);
insert into SHOT values (5913, 5902, 5910, 6773, 14.58, 319.36, 29.40, 14.58, 319.37, 29.41, 0.00, 67.24, 38.34);
insert into SHOT values (5914, 5902, 5911, 6773, 11.77, 179.04, -31.43, 11.77, 179.03, -31.44, 0.00, 46.07, -45.58);
insert into SHOT values (5915, 5911, 5912, 6773, 1.94, 98.16, -10.27, 1.94, 98.13, -10.10, 0.01, 23.31, 80.04);
insert into SHOT values (5916, 5911, 5913, 6773, 3.98, 266.13, 1.29, 3.98, 266.11, 1.30, 0.00, 183.24, 15.39);
insert into SHOT values (5917, 5911, 5914, 6773, 10.16, 297.90, 18.09, 10.17, 297.89, 18.11, 0.01, 279.88, 47.07);
insert into SHOT values (5918, 5911, 5915, 6773, 14.21, 290.06, 19.97, 14.22, 290.05, 19.99, 0.01, 257.69, 55.32);
insert into SHOT values (5919, 5911, 5916, 6773, 12.69, 299.25, 35.02, 12.70, 299.25, 35.04, 0.01, 307.77, 66.94);
insert into SHOT values (5920, 5911, 5917, 6773, 19.12, 300.24, 44.96, 19.12, 300.22, 44.96, 0.00, 204.89, -6.19);
insert into SHOT values (5921, 5911, 5918, 6773, 14.93, 279.70, 26.37, 14.94, 279.68, 26.39, 0.01, 231.63, 54.63);
insert into SHOT values (5922, 5911, 5919, 6773, 4.14, 29.76, -19.84, 4.14, 29.73, -19.78, 0.01, 257.55, 59.00);
insert into SHOT values (5923, 5911, 5920, 6773, 5.57, 49.99, -29.79, 5.57, 49.95, -29.73, 0.01, 311.18, 65.81);
insert into SHOT values (5924, 5911, 5921, 6773, 8.92, 65.26, -34.54, 8.91, 65.28, -34.52, 0.01, 213.20, 51.30);
insert into SHOT values (5925, 5911, 5922, 6773, 1.21, 174.39, -81.42, 1.20, 173.66, -81.35, 0.01, 98.33, 69.79);
insert into SHOT values (5926, 5911, 5923, 6773, 8.51, 214.76, -3.88, 8.51, 214.74, -3.84, 0.01, 170.58, 51.09);
insert into SHOT values (5927, 5923, 5924, 6773, 3.67, 126.62, -5.69, 3.66, 126.52, -5.79, 0.01, 352.78, -35.96);
insert into SHOT values (5928, 5923, 5925, 6773, 2.20, 309.60, -0.80, 2.21, 309.67, -0.78, 0.01, 327.16, 4.41);
insert into SHOT values (5929, 5923, 5926, 6773, 2.62, 69.94, 85.26, 2.62, 68.20, 85.28, 0.01, 329.60, -8.88);
insert into SHOT values (5930, 5923, 5927, 6773, 1.44, 218.47, -84.59, 1.44, 221.99, -84.63, 0.01, 318.66, 23.15);
insert into SHOT values (5931, 5923, 5928, 6773, 7.26, 85.47, 2.37, 7.26, 85.41, 2.37, 0.01, 350.94, -1.75);
insert into SHOT values (5932, 5923, 5929, 6773, 9.19, 41.39, -4.00, 9.19, 41.37, -3.99, 0.00, 326.75, 21.86);
insert into SHOT values (5933, 5923, 5930, 6773, 5.16, 292.88, -35.24, 5.17, 292.86, -35.22, 0.01, 281.28, -19.98);
insert into SHOT values (5934, 5923, 5931, 6773, 7.74, 255.08, -10.57, 7.75, 255.16, -10.56, 0.01, 318.91, -0.96);
insert into SHOT values (5935, 5923, 5932, 6773, 15.51, 240.21, 16.35, 15.51, 240.23, 16.33, 0.01, 316.05, -47.12);
insert into SHOT values (5936, 5932, 5933, 6773, 11.71, 143.12, 18.97, 11.71, 143.11, 18.98, 0.01, 115.92, 37.16);
insert into SHOT values (5937, 5932, 5934, 6773, 1.46, 323.69, -9.58, 1.46, 323.77, -9.47, 0.00, 92.24, 50.12);
insert into SHOT values (5938, 5932, 5935, 6773, 1.33, 223.12, -72.70, 1.32, 222.95, -72.54, 0.01, 165.38, 82.17);
insert into SHOT values (5939, 5932, 5936, 6773, 23.70, 83.39, 7.22, 23.70, 83.38, 7.22, 0.01, 50.18, 14.27);
insert into SHOT values (5940, 5932, 5937, 6773, 13.53, 114.58, 14.61, 13.54, 114.59, 14.63, 0.01, 135.58, 52.22);
insert into SHOT values (5941, 5932, 5938, 6773, 8.70, 188.05, 7.66, 8.70, 188.06, 7.66, 0.00, 224.45, 5.33);
insert into SHOT values (5942, 5932, 5939, 6773, 4.89, 163.18, 15.13, 4.89, 163.14, 15.16, 0.01, 109.77, 40.39);
insert into SHOT values (5943, 5939, 5940, 6773, 10.11, 95.37, 3.31, 10.11, 95.34, 3.29, 0.01, 14.24, -38.28);
insert into SHOT values (5944, 5939, 5941, 6773, 6.91, 283.05, -16.91, 6.91, 283.03, -16.91, 0.00, 170.25, -1.88);
insert into SHOT values (5945, 5939, 5942, 6773, 25.28, 41.11, 68.08, 25.28, 41.09, 68.09, 0.01, 264.02, -25.15);
insert into SHOT values (5946, 5939, 5943, 6773, 0.82, 146.77, -80.28, 0.82, 147.53, -80.86, 0.01, 314.69, -12.11);
insert into SHOT values (5947, 5939, 5944, 6773, 52.00, 71.00, 53.03, 52.00, 71.00, 53.03, 0.00, 140.17, 68.65);
insert into SHOT values (5948, 5939, 5945, 6773, 12.61, 234.95, -47.94, 12.61, 234.97, -47.92, 0.01, 287.03, 25.67);
insert into SHOT values (5949, 5945, 5946, 6773, 1.80, 154.47, -7.14, 1.80, 154.44, -7.03, 0.00, 8.44, 65.88);
insert into SHOT values (5950, 5945, 5947, 6773, 2.53, 337.38, 11.76, 2.53, 337.47, 11.62, 0.01, 36.15, -51.41);
insert into SHOT values (5951, 5945, 5948, 6773, 2.46, 284.77, 78.05, 2.46, 284.86, 78.12, 0.00, 86.76, 52.56);
insert into SHOT values (5952, 5945, 5949, 6773, 0.78, 248.07, -66.53, 0.79, 247.52, -66.45, 0.01, 204.67, -45.96);
insert into SHOT values (5953, 5945, 5950, 6773, 7.05, 249.24, 7.85, 7.05, 249.28, 7.83, 0.01, 5.12, -27.69);
insert into SHOT values (5954, 5950, 5951, 6773, 4.29, 94.61, -5.22, 4.29, 94.70, -5.21, 0.01, 166.33, 2.56);
insert into SHOT values (5955, 5950, 5952, 6773, 2.21, 272.48, -1.33, 2.21, 272.33, -1.29, 0.01, 205.44, 11.80);
insert into SHOT values (5956, 5950, 5953, 6773, 3.40, 18.53, 80.24, 3.40, 18.43, 80.36, 0.01, 206.04, -6.24);
insert into SHOT values (5957, 5950, 5954, 6773, 1.08, 57.18, -70.12, 1.07, 58.50, -70.20, 0.01, 171.41, 31.63);
insert into SHOT values (5958, 5950, 5955, 6773, 3.92, 336.80, -17.40, 3.91, 336.80, -17.41, 0.01, 156.21, 14.14);
insert into SHOT values (5959, 5950, 5956, 6773, 6.31, 47.08, -19.89, 6.31, 47.12, -19.82, 0.01, 97.57, 54.39);
insert into SHOT values (5960, 5950, 5957, 6773, 6.84, 176.89, 37.36, 6.84, 176.84, 37.35, 0.01, 104.58, -7.18);
insert into SHOT values (5961, 5957, 5958, 6773, 1.96, 122.49, 32.36, 1.96, 122.63, 32.46, 0.01, 264.00, 8.16);
insert into SHOT values (5962, 5957, 5959, 6773, 4.31, 295.74, 0.27, 4.32, 295.67, 0.27, 0.01, 257.13, -2.25);
insert into SHOT values (5963, 5957, 5960, 6773, 18.16, 347.34, 68.79, 18.16, 347.34, 68.79, 0.00, 192.64, 23.73);
insert into SHOT values (5964, 5957, 5961, 6773, 1.49, 341.03, -73.72, 1.49, 340.25, -73.84, 0.01, 220.11, 2.24);
insert into SHOT values (5965, 5957, 5962, 6773, 17.93, 13.08, 34.02, 17.92, 13.07, 34.03, 0.01, 210.22, -13.24);
insert into SHOT values (5966, 5957, 5963, 6773, 14.99, 334.02, 51.78, 14.99, 333.96, 51.80, 0.01, 227.20, 17.75);
insert into SHOT values (5967, 5957, 5964, 6773, 19.83, 24.27, 57.05, 19.83, 24.26, 57.06, 0.00, 233.83, -3.57);
insert into SHOT values (5968, 5957, 5965, 6773, 10.51, 206.37, -24.35, 10.51, 206.40, -24.32, 0.01, 259.84, 25.13);
insert into SHOT values (5969, 5957, 5966, 6773, 10.13, 225.03, -15.80, 10.13, 225.04, -15.80, 0.00, 252.77, -23.10);
insert into SHOT values (5970, 5957, 5967, 6773, 19.62, 215.39, -25.26, 19.62, 215.39, -25.25, 0.01, 219.35, 21.68);
insert into SHOT values (5971, 5967, 5968, 6773, 6.85, 65.32, -7.39, 6.85, 65.28, -7.38, 0.00, 323.94, 13.66);
insert into SHOT values (5972, 5967, 5969, 6773, 2.21, 251.24, -3.91, 2.21, 251.24, -3.89, 0.00, 248.28, 15.89);
insert into SHOT values (5973, 5967, 5970, 6773, 1.20, 146.17, 84.67, 1.19, 146.31, 84.81, 0.01, 321.60, -55.44);
insert into SHOT values (5974, 5967, 5971, 6773, 0.88, 92.75, -79.99, 0.88, 93.81, -80.20, 0.01, 226.31, -41.40);
insert into SHOT values (5975, 5967, 5972, 6773, 8.40, 8.65, 5.19, 8.40, 8.66, 5.19, 0.00, 102.53, 4.45);
insert into SHOT values (5976, 5967, 5973, 6773, 6.92, 63.95, -3.64, 6.91, 63.95, -3.65, 0.01, 237.68, -7.21);
insert into SHOT values (5977, 5967, 5974, 6773, 13.95, 137.58, -39.45, 13.95, 137.56, -39.44, 0.01, 61.24, 42.66);
insert into SHOT values (5978, 5967, 5975, 6773, 11.09, 170.22, -37.30, 11.09, 170.21, -37.31, 0.00, 22.37, 6.04);
insert into SHOT values (5979, 5967, 5976, 6773, 5.70, 203.48, -21.53, 5.70, 203.47, -21.53, 0.00, 38.47, 23.82);
insert into SHOT values (5980, 5967, 5977, 6773, 16.59, 118.04, -13.99, 16.59, 118.05, -13.99, 0.00, 146.95, 12.41);
insert into SHOT values (5981, 5967, 5978, 6773, 28.89, 105.25, 10.91, 28.89, 105.25, 10.91, 0.00, 33.45, 46.89);
insert into SHOT values (5982, 5978, 5979, 6773, 4.20, 207.53, 3.03, 4.20, 207.54, 3.00, 0.00, 241.30, -51.12);
insert into SHOT values (5983, 5978, 5980, 6773, 10.52, 31.56, 22.07, 10.52, 31.54, 22.05, 0.00, 317.11, -35.79);
insert into SHOT values (5984, 5978, 5981, 6773, 31.41, 10.12, 83.50, 31.41, 10.05, 83.50, 0.01, 265.30, 21.71);
insert into SHOT values (5985, 5978, 5982, 6773, 1.25, 121.82, -73.12, 1.25, 121.50, -73.14, 0.00, 49.21, -61.43);
insert into SHOT values (5986, 5978, 5983, 6773, 24.83, 272.49, 57.52, 24.82, 272.49, 57.51, 0.01, 60.34, -76.67);
insert into SHOT values (5987, 5978, 5984, 6773, 17.19, 64.75, 57.09, 17.19, 64.78, 57.09, 0.01, 146.39, -16.57);
insert into SHOT values (5988, 5978, 5985, 6773, 36.60, 80.77, 45.33, 36.60, 80.76, 45.33, 0.00, 41.49, 18.31);
insert into SHOT values (5989, 5978, 5986, 6773, 35.59, 103.43, 36.38, 35.59, 103.44, 36.38, 0.01, 179.91, 2.54);
insert into SHOT values (5990, 5978, 5987, 6773, 16.24, 169.39, -21.32, 16.24, 169.41, -21.34, 0.01, 269.53, -44.98);
insert into SHOT values (5991, 5978, 5988, 6773, 33.57, 85.95, 35.72, 33.57, 85.96, 35.72, 0.01, 146.53, 9.68);
insert into SHOT values (5992, 5988, 5989, 6773, 4.55, 0.58, -12.71, 4.55, 0.52, -12.69, 0.01, 289.23, 11.63);
insert into SHOT values (5993, 5988, 5990, 6773, 8.12, 185.78, -0.93, 8.11, 185.80, -0.92, 0.01, 342.93, 12.63);
insert into SHOT values (5994, 5988, 5991, 6773, 4.12, 54.27, 78.86, 4.12, 53.71, 78.88, 0.01, 309.81, -16.41);
insert into SHOT values (5995, 5988, 5992, 6773, 1.74, 174.29, -79.67, 1.74, 174.47, -79.68, 0.00, 293.98, 57.57);
insert into SHOT values (5996, 5988, 5993, 6773, 10.51, 30.05, -11.67, 10.51, 30.03, -11.69, 0.01, 279.77, -44.20);
insert into SHOT values (5997, 5988, 5994, 6773, 12.60, 58.22, 18.61, 12.60, 58.21, 18.61, 0.00, 319.35, -34.59);
insert into SHOT values (5998, 5988, 5995, 6773, 7.76, 117.36, 19.35, 7.76, 117.34, 19.35, 0.01, 331.72, -12.03);
insert into SHOT values (5999, 5995, 5996, 6773, 2.11, 72.24, 3.25, 2.10, 72.26, 3.27, 0.01, 247.45, 3.22);
insert into SHOT values (6000, 5995, 5997, 6773, 8.72, 251.27, -18.98, 8.72, 251.26, -19.00, 0.00, 199.64, -59.65);
insert into SHOT values (6001, 5995, 5998, 6773, 2.01, 28.55, 80.80, 2.01, 28.18, 80.89, 0.01, 237.51, -44.26);
insert into SHOT values (6002, 5995, 5999, 6773, 1.70, 48.64, -46.29, 1.70, 48.45, -46.29, 0.00, 335.58, -15.69);
insert into SHOT values (6003, 5995, 6000, 6773, 9.37, 163.39, -7.24, 9.37, 163.38, -7.23, 0.00, 131.72, 12.56);
insert into SHOT values (6004, 6000, 6001, 6773, 5.06, 71.21, 19.09, 5.05, 71.19, 19.06, 0.01, 268.36, -35.34);
insert into SHOT values (6005, 6000, 6002, 6773, 2.32, 253.23, -8.51, 2.32, 253.30, -8.66, 0.01, 302.89, -60.89);
insert into SHOT values (6006, 6000, 6003, 6773, 5.46, 84.94, 82.40, 5.46, 84.37, 82.49, 0.01, 304.14, -10.27);
insert into SHOT values (6007, 6000, 6004, 6773, 1.98, 115.69, -82.60, 1.99, 116.57, -82.88, 0.01, 273.21, -33.46);
insert into SHOT values (6008, 6000, 6005, 6773, 13.52, 107.56, -49.01, 13.52, 107.54, -49.04, 0.01, 318.61, -32.84);
insert into SHOT values (6009, 6000, 6006, 6773, 8.39, 175.05, -25.85, 8.39, 175.06, -25.87, 0.00, 327.10, -33.33);
insert into SHOT values (6010, 6006, 6007, 6773, 4.57, 61.90, 4.45, 4.57, 61.86, 4.39, 0.01, 11.86, -48.52);
insert into SHOT values (6011, 6006, 6008, 6773, 4.29, 212.75, 4.91, 4.30, 212.80, 4.94, 0.01, 236.18, 16.82);
insert into SHOT values (6012, 6006, 6009, 6773, 17.16, 27.49, 82.50, 17.16, 27.37, 82.50, 0.01, 308.24, -32.81);
insert into SHOT values (6013, 6006, 6010, 6773, 1.32, 24.53, -73.53, 1.32, 23.81, -73.69, 0.01, 265.10, -37.66);
insert into SHOT values (6014, 6006, 6011, 6773, 20.58, 129.74, -12.26, 20.58, 129.75, -12.26, 0.01, 232.73, 1.39);
insert into SHOT values (6015, 6006, 6012, 6773, 22.16, 162.11, -12.65, 22.16, 162.12, -12.64, 0.00, 211.85, 36.30);
insert into SHOT values (6016, 6006, 6013, 6773, 22.28, 164.87, -7.26, 22.29, 164.87, -7.27, 0.01, 164.45, -41.99);
insert into SHOT values (6017, 6006, 6014, 6773, 29.11, 140.02, -12.99, 29.11, 140.03, -12.98, 0.01, 227.18, 25.80);
insert into SHOT values (6018, 6006, 6015, 6773, 31.08, 153.46, -11.68, 31.08, 153.46, -11.68, 0.00, 160.20, 65.27);
insert into SHOT values (6019, 6006, 6016, 6773, 30.61, 130.05, -10.99, 30.61, 130.06, -11.00, 0.01, 198.86, -40.73);
insert into SHOT values (6020, 6006, 6017, 6773, 3.90, 262.18, -4.15, 3.91, 262.18, -4.11, 0.01, 263.30, 19.13);
insert into SHOT values (6021, 6006, 6018, 6773, 5.66, 301.18, -7.70, 5.66, 301.14, -7.72, 0.00, 198.05, -21.67);
insert into SHOT values (6022, 6006, 6019, 6773, 14.60, 136.24, -58.17, 14.60, 136.26, -58.20, 0.01, 283.04, -43.95);
insert into SHOT values (6023, 6006, 6020, 6773, 24.54, 139.58, -11.13, 24.54, 139.58, -11.14, 0.00, 299.72, -49.95);
insert into SHOT values (6024, 6020, 6021, 6773, 5.48, 5.46, 13.16, 5.48, 5.49, 13.19, 0.00, 129.58, 38.77);
insert into SHOT values (6025, 6020, 6022, 6773, 4.83, 140.21, 8.57, 4.83, 140.18, 8.57, 0.00, 91.50, 4.08);
insert into SHOT values (6026, 6020, 6023, 6773, 3.44, 107.30, 78.65, 3.44, 107.10, 78.59, 0.00, 69.98, -35.21);
insert into SHOT values (6027, 6020, 6024, 6773, 0.81, 269.03, -83.88, 0.81, 270.00, -83.58, 0.01, 291.79, 53.81);
insert into SHOT values (6028, 6020, 6025, 6773, 7.25, 60.85, 28.11, 7.25, 60.87, 28.16, 0.01, 225.00, 30.27);
insert into SHOT values (6029, 6025, 6026, 6773, 3.44, 335.84, 11.91, 3.44, 335.95, 11.93, 0.01, 98.28, 0.52);
insert into SHOT values (6030, 6025, 6027, 6773, 4.08, 145.46, -4.14, 4.08, 145.41, -4.22, 0.01, 53.30, -57.80);
insert into SHOT values (6031, 6025, 6028, 6773, 3.72, 134.12, 82.72, 3.72, 133.26, 82.79, 0.01, 11.05, -0.08);
insert into SHOT values (6032, 6025, 6029, 6773, 0.87, 342.59, -71.23, 0.88, 343.50, -71.26, 0.01, 52.50, -52.91);
insert into SHOT values (6033, 6025, 6030, 6773, 11.66, 61.68, -0.56, 11.66, 61.70, -0.59, 0.01, 101.10, -44.38);
insert into SHOT values (6034, 6025, 6031, 6773, 33.63, 61.22, 23.79, 33.63, 61.21, 23.78, 0.01, 344.58, -50.43);
insert into SHOT values (6035, 6020, 6032, 6773, 10.36, 257.29, 16.17, 10.36, 257.29, 16.19, 0.01, 257.65, 52.36);
insert into SHOT values (6036, 6020, 6033, 6773, 18.04, 231.97, 22.16, 18.04, 231.98, 22.18, 0.01, 5.10, 60.66);
insert into SHOT values (6037, 6033, 6034, 6773, 7.53, 90.05, -9.74, 7.53, 90.08, -9.79, 0.01, 202.46, -57.97);
insert into SHOT values (6038, 6033, 6035, 6773, 3.02, 263.52, 3.21, 3.02, 263.53, 3.22, 0.00, 274.17, 12.54);
insert into SHOT values (6039, 6033, 6036, 6773, 4.70, 224.64, 78.28, 4.70, 224.58, 78.28, 0.00, 130.00, -61.88);
insert into SHOT values (6040, 6033, 6037, 6773, 0.64, 18.53, -79.21, 0.64, 19.98, -79.48, 0.00, 151.91, -17.85);
insert into SHOT values (6041, 6033, 6038, 6773, 11.90, 168.62, 28.49, 11.90, 168.65, 28.45, 0.01, 208.90, -39.72);
insert into SHOT values (6042, 6038, 6039, 6773, 6.20, 305.60, 21.96, 6.20, 305.65, 21.98, 0.01, 63.69, 13.42);
insert into SHOT values (6043, 6038, 6040, 6773, 5.14, 340.43, 42.35, 5.14, 340.47, 42.41, 0.01, 72.54, 71.22);
insert into SHOT values (6044, 6038, 6041, 6773, 1.21, 49.86, -86.41, 1.20, 50.19, -86.28, 0.01, 60.91, 72.67);
insert into SHOT values (6045, 6038, 6042, 6773, 15.43, 212.77, -6.17, 15.43, 212.76, -6.18, 0.00, 103.90, -24.66);
insert into SHOT values (6046, 6042, 6043, 6773, 17.86, 87.60, 8.95, 17.86, 87.60, 8.95, 0.00, 67.62, 24.96);
insert into SHOT values (6047, 6042, 6044, 6773, 9.24, 303.26, 26.42, 9.25, 303.27, 26.46, 0.01, 341.36, 78.34);
insert into SHOT values (6048, 6042, 6045, 6773, 10.72, 230.18, 78.81, 10.72, 230.26, 78.81, 0.00, 315.70, 50.83);
insert into SHOT values (6049, 6042, 6046, 6773, 0.64, 324.57, -83.37, 0.63, 326.31, -83.47, 0.01, 94.23, 63.56);
insert into SHOT values (6050, 6042, 6047, 6773, 16.78, 341.50, 25.54, 16.79, 341.48, 25.55, 0.01, 289.27, 41.09);
insert into SHOT values (6051, 6042, 6048, 6773, 11.98, 150.79, -3.97, 11.98, 150.80, -3.93, 0.01, 302.41, 73.51);
insert into SHOT values (6052, 6042, 6049, 6773, 14.68, 204.91, -16.13, 14.68, 204.91, -16.10, 0.01, 304.91, 87.69);
insert into SHOT values (6053, 6042, 6050, 6773, 38.55, 43.48, 67.18, 38.56, 43.48, 67.18, 0.01, 59.50, 71.69);
insert into SHOT values (6054, 6042, 6051, 6773, 20.89, 321.92, 28.44, 20.89, 321.92, 28.44, 0.00, 319.62, 49.52);
insert into SHOT values (6055, 6051, 6052, 6773, 6.88, 198.12, 0.96, 6.88, 198.12, 1.00, 0.01, 194.92, 65.16);
insert into SHOT values (6056, 6051, 6053, 6773, 1.10, 12.30, 18.17, 1.10, 12.17, 18.54, 0.01, 246.38, 67.50);
insert into SHOT values (6057, 6051, 6054, 6773, 3.00, 220.21, 88.53, 3.00, 219.81, 88.51, 0.00, 194.40, 37.94);
insert into SHOT values (6058, 6051, 6055, 6773, 1.18, 163.45, -70.13, 1.18, 163.86, -70.38, 0.01, 316.36, -2.33);
insert into SHOT values (6059, 6051, 6056, 6773, 24.95, 276.76, 32.21, 24.95, 276.77, 32.22, 0.01, 33.98, 9.70);
insert into SHOT values (6060, 6042, 6057, 6773, 29.41, 173.53, -7.43, 29.40, 173.54, -7.43, 0.01, 319.83, 18.19);
insert into SHOT values (6061, 6057, 6058, 6773, 7.63, 68.66, 5.25, 7.63, 68.70, 5.26, 0.01, 149.09, 17.81);
insert into SHOT values (6062, 6057, 6059, 6773, 6.69, 246.44, 20.08, 6.69, 246.33, 20.12, 0.01, 131.56, 13.66);
insert into SHOT values (6063, 6057, 6060, 6773, 6.92, 180.79, 89.15, 6.92, 180.00, 89.09, 0.01, 169.10, 5.81);
insert into SHOT values (6064, 6057, 6061, 6773, 0.41, 177.01, -83.33, 0.41, 168.69, -82.91, 0.01, 108.01, -19.35);
insert into SHOT values (6065, 6057, 6062, 6773, 15.54, 290.19, -8.46, 15.53, 290.18, -8.44, 0.01, 128.09, 37.38);
insert into SHOT values (6066, 6057, 6063, 6773, 20.07, 119.20, 2.33, 20.08, 119.21, 2.34, 0.01, 143.82, 25.86);
insert into SHOT values (6067, 6063, 6064, 6773, 5.10, 15.85, 3.77, 5.10, 15.84, 3.71, 0.01, 1.31, -49.72);
insert into SHOT values (6068, 6063, 6065, 6773, 1.09, 173.44, 8.43, 1.09, 173.60, 8.45, 0.00, 290.10, 3.46);
insert into SHOT values (6069, 6063, 6066, 6773, 1.03, 359.77, 77.50, 1.03, 0.00, 77.05, 0.01, 7.22, -38.09);
insert into SHOT values (6070, 6063, 6067, 6773, 0.32, 164.80, -83.61, 0.32, 161.57, -84.36, 0.00, 8.62, -24.22);
insert into SHOT values (6071, 6063, 6068, 6773, 8.18, 52.71, -4.46, 8.18, 52.72, -4.49, 0.00, 114.27, -62.26);
insert into SHOT values (6072, 6068, 6069, 6773, 0.50, 354.06, 4.85, 0.50, 354.29, 4.55, 0.01, 19.24, -25.68);
insert into SHOT values (6073, 6068, 6070, 6773, 7.44, 168.00, 21.20, 7.43, 168.01, 21.21, 0.01, 336.09, -5.18);
insert into SHOT values (6074, 6068, 6071, 6773, 2.29, 77.18, 81.44, 2.30, 76.37, 81.49, 0.01, 331.64, 47.98);
insert into SHOT values (6075, 6068, 6072, 6773, 1.52, 22.64, -86.07, 1.52, 21.80, -85.95, 0.01, 358.48, -42.86);
insert into SHOT values (6076, 6068, 6073, 6773, 12.55, 125.16, 11.26, 12.54, 125.14, 11.26, 0.01, 341.12, -3.62);
insert into SHOT values (6077, 6073, 6074, 6773, 1.84, 105.89, 9.03, 1.84, 105.95, 9.05, 0.00, 137.75, 19.94);
insert into SHOT values (6078, 6073, 6075, 6773, 3.65, 229.83, -11.43, 3.65, 229.76, -11.38, 0.01, 120.62, 37.15);
insert into SHOT values (6079, 6073, 6076, 6773, 2.38, 244.37, 79.54, 2.38, 244.03, 79.50, 0.00, 187.87, -8.17);
insert into SHOT values (6080, 6073, 6077, 6773, 0.93, 330.61, -82.61, 0.93, 329.04, -82.78, 0.00, 197.07, 27.24);
insert into SHOT values (6081, 6073, 6078, 6773, 14.56, 201.03, -10.29, 14.57, 201.01, -10.28, 0.01, 173.76, 5.82);
insert into SHOT values (6082, 6073, 6079, 6773, 21.02, 3.62, 11.02, 21.02, 3.61, 11.03, 0.00, 245.47, 33.81);
insert into SHOT values (6083, 6079, 6080, 6773, 6.42, 158.30, -1.76, 6.43, 158.26, -1.78, 0.01, 136.66, -14.78);
insert into SHOT values (6084, 6079, 6081, 6773, 1.51, 148.03, 61.78, 1.51, 148.08, 61.61, 0.00, 155.56, -6.30);
insert into SHOT values (6085, 6079, 6082, 6773, 2.11, 174.60, -83.73, 2.11, 172.57, -83.70, 0.01, 94.00, -17.46);
insert into SHOT values (6086, 6079, 6083, 6773, 9.30, 216.24, -19.74, 9.30, 216.22, -19.74, 0.00, 88.75, 12.91);
insert into SHOT values (6087, 6079, 6084, 6773, 34.48, 105.72, 22.15, 34.48, 105.73, 22.15, 0.01, 186.83, -0.65);
insert into SHOT values (6088, 6084, 6085, 6773, 4.61, 36.21, 2.35, 4.62, 36.27, 2.36, 0.01, 68.55, 5.78);
insert into SHOT values (6089, 6084, 6086, 6773, 1.51, 196.27, -0.54, 1.51, 196.15, -0.38, 0.01, 100.05, 53.98);
insert into SHOT values (6090, 6084, 6087, 6773, 2.14, 83.45, 71.29, 2.15, 83.39, 71.11, 0.01, 78.06, 20.66);
insert into SHOT values (6091, 6084, 6088, 6773, 0.97, 109.41, -72.91, 0.97, 108.43, -72.98, 0.01, 13.59, -30.18);
insert into SHOT values (6092, 6073, 6089, 6773, 9.06, 205.20, -11.92, 9.07, 205.15, -11.90, 0.01, 154.14, 7.40);
insert into SHOT values (6093, 6089, 6090, 6773, 4.24, 164.19, 20.60, 4.23, 164.17, 20.62, 0.01, 351.44, -11.55);
insert into SHOT values (6094, 6089, 6091, 6773, 8.98, 147.69, 24.56, 8.97, 147.71, 24.56, 0.01, 298.02, -21.68);
insert into SHOT values (6095, 6089, 6092, 6773, 4.70, 320.88, 10.60, 4.71, 320.88, 10.65, 0.01, 318.57, 34.87);
insert into SHOT values (6096, 6089, 6093, 6773, 1.91, 110.40, 86.12, 1.91, 108.43, 86.21, 0.01, 347.30, 40.22);
insert into SHOT values (6097, 6089, 6094, 6773, 0.74, 85.18, -81.31, 0.74, 84.81, -81.40, 0.00, 293.24, 44.44);
insert into SHOT values (6098, 6089, 6095, 6773, 20.78, 234.24, -23.33, 20.78, 234.25, -23.33, 0.01, 277.03, -5.16);
insert into SHOT values (6099, 6095, 6096, 6773, 1.01, 132.17, -3.58, 1.01, 131.78, -3.41, 0.01, 23.28, 22.73);
insert into SHOT values (6100, 6095, 6097, 6773, 1.85, 312.34, 1.15, 1.85, 312.59, 1.24, 0.01, 59.51, 19.03);
insert into SHOT values (6101, 6095, 6098, 6773, 0.70, 282.08, 70.76, 0.70, 282.80, 71.13, 0.01, 72.75, -8.81);
insert into SHOT values (6102, 6095, 6099, 6773, 0.70, 307.94, -82.02, 0.70, 310.60, -82.39, 0.01, 87.84, 25.86);
insert into SHOT values (6103, 6095, 6100, 6773, 7.02, 224.52, 5.91, 7.02, 224.48, 5.89, 0.01, 102.32, -24.80);
insert into SHOT values (6104, 6100, 6101, 6773, 2.24, 139.16, 5.14, 2.23, 139.01, 5.13, 0.01, 7.60, -4.92);
insert into SHOT values (6105, 6100, 6102, 6773, 3.45, 321.01, 10.13, 3.45, 320.97, 10.18, 0.00, 274.89, 45.40);
insert into SHOT values (6106, 6100, 6103, 6773, 2.84, 294.08, 85.30, 2.84, 294.44, 85.12, 0.01, 303.81, -2.84);
insert into SHOT values (6107, 6100, 6104, 6773, 0.86, 14.25, -73.41, 0.86, 14.04, -73.21, 0.00, 347.57, 63.93);
insert into SHOT values (6108, 6100, 6105, 6773, 6.85, 220.49, -26.91, 6.85, 220.55, -26.91, 0.01, 325.12, 2.10);
insert into SHOT values (6109, 6105, 6106, 6773, 2.27, 97.71, 0.78, 2.27, 97.84, 0.76, 0.01, 172.42, -9.25);
insert into SHOT values (6110, 6105, 6107, 6773, 1.08, 271.12, 21.80, 1.08, 271.15, 21.80, 0.00, 81.17, -22.48);
insert into SHOT values (6111, 6105, 6108, 6773, 2.53, 27.04, 86.51, 2.53, 26.57, 86.46, 0.01, 359.68, 58.97);
insert into SHOT values (6112, 6105, 6109, 6773, 1.14, 115.84, -77.26, 1.14, 115.56, -77.06, 0.00, 96.48, 27.22);
insert into SHOT values (6113, 6105, 6110, 6773, 10.85, 148.65, -24.19, 10.85, 148.64, -24.16, 0.01, 18.89, 67.50);
insert into SHOT values (6114, 6105, 6111, 6773, 10.81, 107.91, -13.14, 10.81, 107.92, -13.10, 0.01, 130.69, 60.76);
insert into SHOT values (6115, 6105, 6112, 6773, 7.21, 136.66, -49.88, 7.21, 136.66, -49.85, 0.00, 126.44, 65.15);
insert into SHOT values (6116, 6057, 6113, 6773, 11.66, 271.87, 1.71, 11.65, 271.87, 1.72, 0.01, 92.12, 13.44);
insert into SHOT values (6117, 6113, 6114, 6773, 1.00, 177.07, 8.83, 1.00, 177.11, 8.60, 0.00, 189.22, -47.73);
insert into SHOT values (6118, 6113, 6115, 6773, 4.04, 351.05, -0.47, 4.04, 351.03, -0.43, 0.00, 245.84, 62.23);
insert into SHOT values (6119, 6113, 6116, 6773, 3.64, 328.11, 63.50, 3.64, 328.07, 63.49, 0.00, 296.52, 47.89);
insert into SHOT values (6120, 6113, 6117, 6773, 1.17, 328.88, -84.46, 1.17, 326.31, -84.72, 0.01, 193.62, -38.42);
insert into SHOT values (6121, 6113, 6118, 6773, 9.25, 282.28, -15.21, 9.26, 282.22, -15.22, 0.01, 224.27, -15.12);
insert into SHOT values (6122, 6118, 6119, 6773, 2.69, 190.00, 10.19, 2.68, 190.03, 10.30, 0.01, 358.02, 29.17);
insert into SHOT values (6123, 6118, 6120, 6773, 1.87, 320.73, 6.51, 1.87, 320.91, 6.46, 0.01, 74.85, -17.86);
insert into SHOT values (6124, 6118, 6121, 6773, 5.58, 225.75, 72.53, 5.59, 225.97, 72.61, 0.01, 359.45, 39.66);
insert into SHOT values (6125, 6118, 6122, 6773, 1.29, 202.79, -70.77, 1.29, 202.31, -70.94, 0.01, 69.56, -22.03);
insert into SHOT values (6126, 6118, 6123, 6773, 17.65, 256.84, -24.03, 17.64, 256.83, -24.02, 0.01, 88.93, 46.51);
insert into SHOT values (6127, 6123, 6124, 6773, 1.61, 184.70, -1.60, 1.61, 184.65, -1.78, 0.01, 25.27, -49.04);
insert into SHOT values (6128, 6123, 6125, 6773, 5.06, 10.42, 3.82, 5.06, 10.38, 3.74, 0.01, 325.20, -52.34);
insert into SHOT values (6129, 6123, 6126, 6773, 5.73, 351.58, 82.46, 5.73, 351.66, 82.40, 0.01, 0.89, -4.19);
insert into SHOT values (6130, 6123, 6127, 6773, 0.91, 21.13, -83.69, 0.92, 16.70, -83.46, 0.01, 317.93, -31.39);
insert into SHOT values (6131, 6123, 6128, 6773, 10.35, 274.89, 33.53, 10.35, 274.92, 33.48, 0.01, 321.03, -50.39);
insert into SHOT values (6132, 6128, 6129, 6773, 3.07, 179.58, -1.23, 3.07, 179.63, -1.12, 0.01, 252.46, 66.05);
insert into SHOT values (6133, 6128, 6130, 6773, 5.57, 9.49, -4.31, 5.57, 9.53, -4.32, 0.00, 67.40, -16.94);
insert into SHOT values (6134, 6128, 6131, 6773, 7.46, 31.57, 72.97, 7.47, 31.73, 72.97, 0.01, 103.48, 48.32);
insert into SHOT values (6135, 6128, 6132, 6773, 3.30, 149.74, -77.62, 3.30, 149.45, -77.59, 0.00, 72.38, 41.87);
insert into SHOT values (6136, 6128, 6133, 6773, 6.41, 260.90, -3.18, 6.41, 260.92, -3.13, 0.01, 349.26, 67.85);
insert into SHOT values (6137, 6133, 6134, 6773, 3.54, 179.07, 2.35, 3.54, 179.03, 2.26, 0.01, 143.04, -50.10);
insert into SHOT values (6138, 6133, 6135, 6773, 3.01, 345.15, 1.51, 3.01, 345.18, 1.52, 0.00, 36.99, 19.44);
insert into SHOT values (6139, 6133, 6136, 6773, 4.84, 219.05, 82.99, 4.84, 218.81, 82.99, 0.00, 120.90, -56.97);
insert into SHOT values (6140, 6133, 6137, 6773, 1.33, 58.78, -84.75, 1.34, 61.39, -84.62, 0.01, 117.45, -39.88);
insert into SHOT values (6141, 6133, 6138, 6773, 4.28, 239.09, -20.17, 4.29, 239.04, -20.20, 0.01, 206.17, -31.32);
insert into SHOT values (6142, 6138, 6139, 6773, 1.73, 173.04, 5.62, 1.73, 173.00, 5.64, 0.00, 126.15, 18.86);
insert into SHOT values (6143, 6138, 6140, 6773, 7.26, 336.43, -2.71, 7.26, 336.44, -2.68, 0.00, 356.41, 46.12);
insert into SHOT values (6144, 6138, 6141, 6773, 7.83, 305.13, 74.75, 7.84, 305.31, 74.77, 0.01, 41.99, 41.07);
insert into SHOT values (6145, 6138, 6142, 6773, 1.16, 181.71, -65.90, 1.16, 181.22, -66.08, 0.01, 50.14, -11.67);
insert into SHOT values (6146, 6138, 6143, 6773, 22.67, 291.71, 16.56, 22.66, 291.72, 16.56, 0.01, 76.58, -9.17);
insert into SHOT values (6147, 6138, 6144, 6773, 26.61, 253.80, -32.44, 26.60, 253.81, -32.44, 0.01, 47.14, 26.62);
insert into SHOT values (6148, 6144, 6145, 6773, 3.83, 169.46, -6.14, 3.84, 169.43, -6.13, 0.01, 151.15, -2.82);
insert into SHOT values (6149, 6144, 6146, 6773, 3.00, 336.30, 5.88, 3.00, 336.27, 5.74, 0.01, 191.18, -70.60);
insert into SHOT values (6150, 6144, 6147, 6773, 5.62, 258.00, 82.17, 5.61, 257.96, 82.15, 0.01, 233.31, -79.83);
insert into SHOT values (6151, 6144, 6148, 6773, 1.10, 2.44, -80.33, 1.10, 3.18, -80.61, 0.01, 155.13, -47.97);
insert into SHOT values (6152, 6144, 6149, 6773, 14.52, 248.08, -38.20, 14.52, 248.09, -38.19, 0.00, 266.33, -9.40);
insert into SHOT values (6153, 6149, 6150, 6773, 2.78, 336.77, -1.73, 2.77, 336.86, -1.86, 0.01, 119.97, -41.26);
insert into SHOT values (6154, 6149, 6151, 6773, 3.48, 137.15, -1.19, 3.48, 137.10, -1.15, 0.00, 78.69, 30.21);
insert into SHOT values (6155, 6149, 6152, 6773, 25.72, 94.19, 84.68, 25.72, 94.33, 84.68, 0.01, 163.91, 7.52);
insert into SHOT values (6156, 6149, 6153, 6773, 7.52, 255.81, -46.01, 7.52, 255.80, -46.03, 0.00, 84.67, 5.59);
insert into SHOT values (6157, 6149, 6154, 6773, 13.76, 191.90, -31.59, 13.76, 191.87, -31.60, 0.01, 97.21, -15.99);
insert into SURVEY values (6775, 68, 'jetstream_chandelier', 'jetstream_chandelier.clearwater_master', NULL);
 insert into CENTRELINE values (6776, 6775, NULL, NULL, NULL, 0.00, 0.00, 0.00);
 insert into CENTRELINE values (6777, 6775, NULL, '2017-04-19', NULL, 97.95, 0.00, 0.00);
 insert into SHOT values (6158, 6155, 6156, 6777, 6.18, 310.19, -15.35, 6.18, 310.24, -15.38, 0.01, 31.42, -39.78);
insert into SHOT values (6159, 6155, 6157, 6777, 10.99, 56.54, -18.96, 11.00, 56.57, -18.94, 0.01, 94.16, 4.79);
insert into SHOT values (6160, 6155, 6158, 6777, 11.00, 334.14, 71.94, 11.00, 334.26, 71.95, 0.01, 79.74, 14.47);
insert into SHOT values (6161, 6155, 6159, 6777, 1.64, 323.85, -63.59, 1.64, 323.91, -63.59, 0.00, 17.45, -48.46);
insert into SHOT values (6162, 6155, 6160, 6777, 23.99, 0.64, -22.98, 24.00, 0.65, -22.98, 0.01, 32.42, -33.47);
insert into SHOT values (6163, 6160, 6161, 6777, 2.86, 356.69, -6.12, 2.86, 356.78, -6.02, 0.01, 76.01, 48.66);
insert into SHOT values (6164, 6160, 6162, 6777, 4.40, 138.96, 5.54, 4.41, 138.97, 5.60, 0.01, 146.39, 32.61);
insert into SHOT values (6165, 6160, 6163, 6777, 14.04, 51.15, 81.12, 14.05, 51.18, 81.12, 0.01, 76.98, 75.20);
insert into SHOT values (6166, 6160, 6164, 6777, 0.63, 106.13, -82.56, 0.63, 104.04, -82.42, 0.01, 31.53, 56.36);
insert into SHOT values (6167, 6160, 6165, 6777, 13.93, 105.60, 39.51, 13.93, 105.60, 39.54, 0.01, 275.81, 80.30);
insert into SHOT values (6168, 6165, 6166, 6777, 11.75, 315.99, 2.97, 11.75, 316.00, 2.98, 0.00, 79.01, 23.16);
insert into SHOT values (6169, 6165, 6167, 6777, 1.61, 93.13, 9.59, 1.62, 93.24, 9.62, 0.01, 124.29, 16.80);
insert into SHOT values (6170, 6165, 6168, 6777, 7.50, 320.40, 80.91, 7.49, 320.51, 80.95, 0.01, 119.41, -43.80);
insert into SHOT values (6171, 6165, 6169, 6777, 2.22, 323.31, -60.51, 2.22, 323.24, -60.76, 0.01, 154.95, -47.48);
insert into SHOT values (6172, 6165, 6170, 6777, 5.83, 355.76, 18.66, 5.83, 355.74, 18.61, 0.01, 314.24, -66.96);
insert into SHOT values (6173, 6165, 6171, 6777, 5.91, 355.60, 19.43, 5.90, 355.57, 19.40, 0.01, 199.04, -39.01);
insert into SHOT values (6174, 6171, 6172, 6777, 5.51, 293.46, -1.72, 5.51, 293.54, -1.66, 0.01, 16.94, 34.80);
insert into SHOT values (6175, 6171, 6173, 6777, 1.75, 94.28, 2.31, 1.76, 94.25, 2.28, 0.01, 85.48, -4.85);
insert into SHOT values (6176, 6171, 6174, 6777, 6.37, 243.19, 84.54, 6.37, 243.43, 84.56, 0.00, 15.84, -17.38);
insert into SHOT values (6177, 6171, 6175, 6777, 0.84, 234.46, -63.24, 0.84, 233.75, -63.62, 0.01, 91.15, 0.27);
insert into SHOT values (6178, 6171, 6176, 6777, 20.92, 3.97, -4.02, 20.92, 3.98, -4.00, 0.01, 73.40, 50.61);
insert into SHOT values (6179, 6176, 6177, 6777, 5.31, 248.46, 13.65, 5.31, 248.51, 13.62, 0.01, 355.60, -34.52);
insert into SHOT values (6180, 6176, 6178, 6777, 11.09, 72.66, 4.20, 11.09, 72.65, 4.19, 0.00, 34.11, -26.97);
insert into SHOT values (6181, 6176, 6179, 6777, 12.04, 336.48, 87.78, 12.04, 336.16, 87.76, 0.00, 301.30, -11.98);
insert into SHOT values (6182, 6176, 6180, 6777, 1.13, 341.10, -76.46, 1.13, 340.20, -76.42, 0.00, 266.06, -18.05);
insert into SHOT values (6183, 6176, 6181, 6777, 23.55, 349.64, 21.00, 23.55, 349.65, 21.00, 0.00, 55.26, 5.42);
insert into SHOT values (6184, 6181, 6182, 6777, 3.35, 265.69, 0.28, 3.36, 265.73, 0.17, 0.01, 280.47, -33.37);
insert into SHOT values (6185, 6181, 6183, 6777, 5.24, 105.67, 5.60, 5.24, 105.69, 5.59, 0.00, 218.84, -35.63);
insert into SHOT values (6186, 6181, 6184, 6777, 4.62, 340.54, 78.93, 4.62, 340.35, 78.86, 0.01, 308.82, -35.13);
insert into SHOT values (6187, 6181, 6185, 6777, 0.92, 297.96, -60.99, 0.93, 297.70, -60.85, 0.01, 277.83, -42.28);
insert into SHOT values (6188, 6181, 6186, 6777, 9.65, 27.58, 38.86, 9.64, 27.52, 38.86, 0.01, 267.51, -27.02);
insert into SHOT values (6189, 6181, 6187, 6777, 0.84, 321.76, -20.56, 0.85, 321.68, -20.79, 0.01, 305.37, -51.95);
insert into SHOT values (6190, 6181, 6188, 6777, 1.45, 82.39, -8.88, 1.45, 82.38, -9.12, 0.01, 359.56, -87.41);
insert into SHOT values (6191, 6181, 6189, 6777, 0.91, 59.07, 20.01, 0.91, 58.92, 19.99, 0.00, 278.26, -21.58);
insert into SHOT values (6192, 6181, 6190, 6777, 1.37, 90.01, -61.23, 1.36, 90.00, -61.56, 0.01, 270.70, 5.40);
insert into SURVEY values (6779, 68, 'ginpalace', 'ginpalace.clearwater_master', NULL);
 insert into CENTRELINE values (6780, 6779, NULL, NULL, NULL, 0.00, 0.00, 0.00);
 insert into CENTRELINE values (6781, 6779, 'ginpalace', '2017-04-18', NULL, 170.70, 0.00, 0.00);
 insert into SHOT values (6193, 6191, 6192, 6781, 15.66, 113.00, 20.00, 15.67, 112.99, 20.01, 0.01, 92.20, 43.12);
insert into SHOT values (6194, 6192, 6193, 6781, 25.13, 168.00, 8.90, 25.12, 168.00, 8.88, 0.01, 338.64, -56.28);
insert into SHOT values (6195, 6193, 6194, 6781, 8.35, 244.00, -7.70, 8.35, 243.99, -7.64, 0.01, 226.44, 66.71);
insert into SHOT values (6196, 6194, 6195, 6781, 9.84, 196.00, -2.90, 9.83, 196.02, -2.91, 0.01, 349.83, -17.64);
insert into SHOT values (6197, 6195, 6196, 6781, 12.94, 175.00, -0.60, 12.94, 174.99, -0.62, 0.01, 88.67, -63.24);
insert into SHOT values (6198, 6196, 6197, 6781, 9.47, 228.00, -4.30, 9.47, 228.00, -4.30, 0.00, 242.30, 1.10);
insert into SHOT values (6199, 6197, 6198, 6781, 5.47, 200.00, -11.70, 5.48, 199.96, -11.70, 0.01, 163.49, -6.17);
insert into SHOT values (6200, 6198, 6199, 6781, 5.23, 265.50, -11.80, 5.23, 265.52, -11.81, 0.00, 65.68, -6.83);
insert into SHOT values (6201, 6199, 6200, 6781, 2.29, 274.00, 2.80, 2.30, 274.00, 2.99, 0.01, 273.09, 44.36);
insert into SHOT values (6202, 6200, 6201, 6781, 2.93, 185.00, 29.00, 2.93, 184.93, 29.02, 0.00, 49.26, -6.35);
insert into SHOT values (6203, 6201, 6202, 6781, 13.15, 310.00, -37.00, 13.15, 310.02, -37.03, 0.01, 96.70, -50.38);
insert into SHOT values (6204, 6201, 6203, 6781, 5.98, 242.00, -25.90, 5.99, 241.96, -25.96, 0.01, 183.91, -60.11);
insert into SHOT values (6205, 6203, 6204, 6781, 4.96, 188.00, 5.50, 4.96, 188.03, 5.55, 0.01, 252.95, 56.81);
insert into SHOT values (6206, 6204, 6205, 6781, 40.00, 188.00, 13.50, 39.99, 188.00, 13.51, 0.01, 26.36, 17.33);
insert into SHOT values (6207, 6193, 6206, 6781, 9.30, 115.00, 37.90, 9.30, 114.99, 37.94, 0.01, 326.15, 76.94);
insert into SURVEY values (6783, 68, 'dadsarmy', 'dadsarmy.clearwater_master', NULL);
 insert into CENTRELINE values (6784, 6783, NULL, NULL, NULL, 0.00, 0.00, 0.00);
 insert into CENTRELINE values (6785, 6783, 'dadsarmy', '2017-04-17', NULL, 88.20, 0.00, 0.00);
 insert into SHOT values (6208, 6207, 6208, 6785, 9.14, 174.00, 28.00, 9.13, 173.95, 28.01, 0.01, 47.35, -6.32);
insert into SHOT values (6209, 6208, 6209, 6785, 5.90, 193.00, 3.90, 5.91, 193.05, 3.88, 0.01, 232.31, -9.88);
insert into SHOT values (6210, 6209, 6210, 6785, 9.90, 168.00, 29.00, 9.90, 168.00, 29.00, 0.00, 207.77, 35.40);
insert into SHOT values (6211, 6210, 6211, 6785, 12.40, 97.00, 40.00, 12.40, 97.01, 39.99, 0.00, 141.97, -10.66);
insert into SHOT values (6212, 6210, 6212, 6785, 6.70, 265.00, -21.80, 6.69, 265.01, -21.84, 0.01, 73.09, -13.74);
insert into SHOT values (6213, 6212, 6213, 6785, 6.30, 227.00, -20.00, 6.30, 226.98, -19.95, 0.01, 187.66, 61.66);
insert into SHOT values (6214, 6213, 6214, 6785, 6.33, 165.00, 8.00, 6.32, 165.01, 8.00, 0.01, 333.65, -10.21);
insert into SHOT values (6215, 6211, 6215, 6785, 5.00, 102.00, 36.00, 5.00, 101.98, 35.99, 0.00, 72.86, 17.22);
insert into SHOT values (6216, 6215, 6216, 6785, 11.43, 117.00, 38.00, 11.43, 117.02, 38.02, 0.01, 260.04, 29.23);
insert into SHOT values (6217, 6216, 6217, 6785, 15.10, 117.00, 38.00, 15.10, 116.97, 37.97, 0.01, 75.77, -38.36);
insert into SURVEY values (6787, 68, 'bodiceripper', 'bodiceripper.clearwater_master', NULL);
 insert into CENTRELINE values (6788, 6787, NULL, NULL, NULL, 0.00, 0.00, 0.00);
 insert into CENTRELINE values (6789, 6787, 'bodiceripper', '2017-04-18', NULL, 155.54, 0.00, 0.00);
 insert into SHOT values (6218, 6218, 6219, 6789, 8.99, 61.50, 5.60, 9.00, 61.52, 5.61, 0.01, 83.48, 20.80);
insert into SHOT values (6219, 6219, 6220, 6789, 11.40, 61.00, 48.70, 11.39, 61.05, 48.70, 0.01, 184.85, -29.66);
insert into SHOT values (6220, 6218, 6221, 6789, 19.74, 241.00, 16.70, 19.74, 240.98, 16.70, 0.01, 117.26, -18.08);
insert into SHOT values (6221, 6221, 6222, 6789, 6.57, 209.00, -2.30, 6.57, 209.06, -2.27, 0.01, 282.42, 25.92);
insert into SHOT values (6222, 6222, 6223, 6789, 5.61, 244.00, 13.50, 5.61, 244.00, 13.51, 0.00, 65.78, 6.62);
insert into SHOT values (6223, 6223, 6224, 6789, 8.26, 71.00, 22.20, 8.26, 71.00, 22.20, 0.00, 278.54, -42.70);
insert into SHOT values (6224, 6224, 6225, 6789, 5.70, 87.00, 2.30, 5.70, 86.98, 2.31, 0.00, 51.23, 22.10);
insert into SHOT values (6225, 6225, 6226, 6789, 13.50, 78.00, 26.00, 13.50, 78.01, 26.01, 0.00, 152.44, 32.75);
insert into SHOT values (6226, 6226, 6227, 6789, 7.37, 80.50, 13.20, 7.37, 80.54, 13.17, 0.01, 143.72, -29.13);
insert into SHOT values (6227, 6227, 6228, 6789, 7.76, 97.50, -9.30, 7.76, 97.51, -9.27, 0.00, 260.17, 58.06);
insert into SHOT values (6228, 6228, 6229, 6789, 5.37, 47.00, 8.30, 5.37, 46.91, 8.25, 0.01, 314.04, -30.91);
insert into SHOT values (6229, 6229, 6230, 6789, 1.34, 0.00, 90.00, 1.34, 90.00, 90.00, 0.00, 0.00, 81.62);
insert into SHOT values (6230, 6230, 6231, 6789, 8.00, 5.00, 6.30, 8.00, 5.05, 6.32, 0.01, 101.60, 16.64);
insert into SHOT values (6231, 6223, 6232, 6789, 3.65, 164.00, -43.00, 3.65, 163.94, -42.95, 0.01, 133.36, -6.96);
insert into SHOT values (6232, 6232, 6233, 6789, 6.70, 210.00, 23.00, 6.70, 210.06, 23.01, 0.01, 279.98, 18.16);
insert into SHOT values (6233, 6233, 6234, 6789, 3.62, 162.00, -11.60, 3.62, 161.92, -11.64, 0.01, 59.22, -23.19);
insert into SHOT values (6234, 6234, 6235, 6789, 6.12, 155.00, -48.70, 6.12, 154.96, -48.71, 0.00, 75.44, -36.54);
insert into SHOT values (6235, 6223, 6236, 6789, 6.00, 320.00, 38.00, 6.00, 319.98, 37.98, 0.00, 204.24, -62.21);
insert into SHOT values (6236, 6236, 6237, 6789, 7.07, 282.50, -2.10, 7.06, 282.52, -2.11, 0.01, 84.13, -6.78);
insert into SHOT values (6237, 6237, 6238, 6789, 12.77, 273.00, -35.00, 12.77, 273.01, -34.97, 0.01, 303.97, 45.20);
insert into SURVEY values (6791, 68, 'leftovers', 'leftovers.clearwater_master', NULL);
 insert into CENTRELINE values (6792, 6791, NULL, NULL, NULL, 0.00, 0.00, 0.00);
 insert into CENTRELINE values (6793, 6791, 'leftovers', '2017-04-18', NULL, 81.07, 0.00, 0.00);
 insert into SHOT values (6238, 6239, 6240, 6793, 27.67, 325.00, -11.50, 27.67, 324.99, -11.51, 0.01, 263.29, -24.09);
insert into SHOT values (6239, 6240, 6241, 6793, 7.06, 345.00, 20.90, 7.06, 345.06, 20.92, 0.01, 96.07, 11.42);
insert into SHOT values (6240, 6241, 6242, 6793, 14.54, 325.00, 6.60, 14.54, 324.98, 6.59, 0.01, 254.30, -11.79);
insert into SHOT values (6241, 6242, 6243, 6793, 7.56, 350.00, 5.00, 7.56, 350.06, 5.01, 0.01, 67.75, 7.47);
insert into SHOT values (6242, 6240, 6244, 6793, 8.97, 91.00, -27.00, 8.98, 91.00, -26.96, 0.01, 93.31, 14.45);
insert into SHOT values (6243, 6244, 6245, 6793, 15.27, 36.00, -28.30, 15.26, 36.01, -28.32, 0.01, 200.76, -5.03);
insert into SURVEY values (6795, 68, 'hospitalramp', 'hospitalramp.clearwater_master', NULL);
 insert into CENTRELINE values (6796, 6795, NULL, NULL, NULL, 0.00, 0.00, 0.00);
 insert into CENTRELINE values (6797, 6795, 'hospitalramp', '2017-04-22', NULL, 95.40, 0.00, 0.00);
 insert into SHOT values (6244, 6246, 6247, 6797, 27.00, 215.00, -47.00, 27.00, 215.03, -46.99, 0.01, 295.06, 35.93);
insert into SHOT values (6245, 6246, 6248, 6797, 11.00, 106.00, 47.00, 11.00, 105.95, 47.03, 0.01, 350.09, 32.74);
insert into SHOT values (6246, 6248, 6249, 6797, 17.66, 188.00, 13.80, 17.67, 188.01, 13.79, 0.01, 205.26, -18.72);
insert into SHOT values (6247, 6249, 6250, 6797, 5.19, 195.00, -23.40, 5.19, 194.97, -23.39, 0.00, 73.14, 22.31);
insert into SHOT values (6248, 6250, 6251, 6797, 4.55, 115.00, -2.90, 4.55, 114.99, -2.90, 0.00, 74.09, 6.87);
insert into SHOT values (6249, 6247, 6252, 6797, 3.00, 115.00, 0.00, 3.00, 115.03, 0.00, 0.00, 153.35, 0.00);
insert into SHOT values (6250, 6252, 6253, 6797, 27.00, 215.00, -50.00, 27.01, 214.98, -50.01, 0.01, 126.63, -50.05);
insert into SURVEY values (6799, 68, 'quatermass', 'quatermass.clearwater_master', NULL);
 insert into CENTRELINE values (6800, 6799, NULL, NULL, NULL, 0.00, 0.00, 0.00);
 insert into CENTRELINE values (6801, 6799, 'quatermass', '2017-04-22', NULL, 80.26, 0.00, 25.60);
 insert into SHOT values (6251, 6254, 6255, 6801, 25.60, 302.00, -26.40, 25.60, 301.99, -26.39, 0.01, 254.01, 32.15);
insert into SHOT_FLAG values(6251, 'dpl');
insert into SHOT values (6252, 6255, 6256, 6801, 8.18, 25.00, -11.70, 8.18, 25.03, -11.70, 0.00, 84.82, -13.95);
insert into SHOT values (6253, 6256, 6257, 6801, 6.77, 354.00, -33.00, 6.77, 354.03, -33.05, 0.01, 152.46, -20.30);
insert into SHOT values (6254, 6257, 6258, 6801, 3.14, 20.00, -2.60, 3.14, 19.94, -2.55, 0.00, 310.25, 33.27);
insert into SHOT values (6255, 6258, 6259, 6801, 22.12, 48.00, 25.40, 22.12, 48.00, 25.40, 0.00, 122.92, 68.51);
insert into SHOT values (6256, 6259, 6260, 6801, 3.49, 42.00, 5.30, 3.48, 41.96, 5.27, 0.01, 244.79, -22.12);
insert into SHOT values (6257, 6260, 6261, 6801, 5.00, 0.00, -90.00, 5.00, 90.00, -90.00, 0.00, 0.00, 0.00);
insert into SHOT values (6258, 6258, 6262, 6801, 4.89, 258.00, 0.40, 4.89, 257.95, 0.35, 0.01, 137.80, -42.58);
insert into SHOT values (6259, 6262, 6263, 6801, 6.67, 265.00, 32.10, 6.67, 265.03, 32.14, 0.01, 334.00, 63.87);
insert into SHOT values (6260, 6263, 6264, 6801, 20.00, 0.00, -90.00, 20.00, 90.00, -90.00, 0.00, 0.00, 0.00);
insert into SURVEY values (6803, 68, 'baba_yaga', 'baba_yaga.clearwater_master', NULL);
 insert into CENTRELINE values (6804, 6803, NULL, NULL, NULL, 0.00, 0.00, 0.00);
 insert into CENTRELINE values (6805, 6803, NULL, '2005-07-02', NULL, 528.83, 0.00, 0.00);
 insert into SHOT values (6261, 6265, 6266, 6805, 0.72, 72.02, -2.49, 0.72, 72.32, -2.37, 0.01, 109.38, 11.75);
insert into SHOT values (6262, 6265, 6267, 6805, 0.73, 230.30, -9.41, 0.73, 230.09, -9.50, 0.00, 89.64, -8.95);
insert into SHOT values (6263, 6265, 6268, 6805, 0.63, 158.68, 75.05, 0.63, 158.20, 75.17, 0.00, 32.97, 38.39);
insert into SHOT values (6264, 6265, 6269, 6805, 1.19, 119.54, -82.37, 1.19, 119.74, -82.22, 0.00, 129.63, -9.25);
insert into SHOT values (6265, 6265, 6270, 6805, 4.59, 334.74, -8.47, 4.59, 334.68, -8.40, 0.01, 204.75, 43.38);
insert into SHOT values (6266, 6270, 6271, 6805, 1.10, 226.40, 4.67, 1.09, 226.49, 4.72, 0.01, 33.05, 3.49);
insert into SHOT values (6267, 6270, 6272, 6805, 0.63, 68.94, 3.39, 0.63, 68.70, 2.71, 0.01, 37.80, -55.03);
insert into SHOT values (6268, 6270, 6273, 6805, 0.90, 213.38, 82.00, 0.90, 210.96, 82.53, 0.01, 62.74, -7.06);
insert into SHOT values (6269, 6270, 6274, 6805, 2.12, 182.70, -78.39, 2.12, 182.73, -78.57, 0.01, 0.91, -28.66);
insert into SHOT values (6270, 6270, 6275, 6805, 8.90, 340.76, -63.50, 8.90, 340.88, -63.53, 0.01, 85.73, -30.52);
insert into SHOT values (6271, 6275, 6276, 6805, 6.42, 154.66, 5.28, 6.42, 154.72, 5.27, 0.01, 248.90, -6.95);
insert into SHOT values (6272, 6275, 6277, 6805, 3.71, 312.73, -4.97, 3.71, 312.70, -4.94, 0.01, 292.32, 14.56);
insert into SHOT values (6273, 6275, 6278, 6805, 6.26, 172.52, 81.54, 6.26, 172.49, 81.57, 0.00, 1.99, -31.05);
insert into SHOT values (6274, 6275, 6279, 6805, 0.70, 349.63, -79.57, 0.70, 347.01, -79.06, 0.01, 306.64, -9.92);
insert into SHOT values (6275, 6275, 6280, 6805, 4.94, 20.71, 16.13, 4.94, 20.61, 16.11, 0.01, 277.74, -16.30);
insert into SHOT values (6276, 6275, 6281, 6805, 18.95, 240.26, -42.39, 18.95, 240.29, -42.37, 0.01, 291.14, 34.75);
insert into SHOT values (6277, 6281, 6282, 6805, 6.27, 154.22, 22.63, 6.27, 154.19, 22.61, 0.00, 67.31, -38.04);
insert into SHOT values (6278, 6281, 6283, 6805, 3.23, 307.32, 30.75, 3.22, 307.37, 30.80, 0.01, 111.16, -10.33);
insert into SHOT values (6279, 6281, 6284, 6805, 17.34, 219.09, 85.96, 17.33, 219.03, 85.95, 0.01, 170.52, -75.16);
insert into SHOT values (6280, 6281, 6285, 6805, 0.46, 63.02, -72.33, 0.46, 65.22, -71.97, 0.01, 120.99, -14.68);
insert into SHOT values (6281, 6281, 6286, 6805, 3.30, 211.54, -43.19, 3.30, 211.37, -43.27, 0.01, 86.22, -9.36);
insert into SHOT values (6282, 6281, 6287, 6805, 16.79, 258.03, -4.42, 16.78, 258.03, -4.44, 0.01, 72.79, -43.54);
insert into SHOT values (6283, 6281, 6288, 6805, 4.21, 276.69, 7.88, 4.21, 276.75, 7.79, 0.01, 23.90, -57.55);
insert into SHOT values (6284, 6288, 6289, 6805, 8.18, 138.76, -33.93, 8.18, 138.76, -33.86, 0.01, 137.63, 34.30);
insert into SHOT values (6285, 6289, 6290, 6805, 28.67, 131.11, -4.43, 28.66, 131.11, -4.44, 0.01, 302.77, -34.07);
insert into SHOT values (6286, 6289, 6291, 6805, 53.31, 176.19, -0.60, 53.31, 176.19, -0.60, 0.00, 251.07, -37.57);
insert into SHOT values (6287, 6289, 6292, 6805, 39.76, 223.19, 6.63, 39.76, 223.19, 6.63, 0.00, 6.69, -7.03);
insert into SHOT values (6288, 6289, 6293, 6805, 18.04, 269.99, 14.71, 18.04, 270.00, 14.71, 0.00, 337.05, -14.23);
insert into SHOT values (6289, 6289, 6294, 6805, 20.75, 310.57, 30.49, 20.76, 310.56, 30.49, 0.01, 276.33, 12.45);
insert into SHOT values (6290, 6289, 6295, 6805, 58.48, 232.78, -2.23, 58.48, 232.79, -2.23, 0.01, 314.48, -26.06);
insert into SHOT values (6291, 6289, 6296, 6805, 33.09, 222.06, 56.34, 33.09, 222.08, 56.34, 0.01, 332.98, -15.79);
insert into SHOT values (6292, 6289, 6297, 6805, 54.58, 178.09, -77.60, 54.58, 178.09, -77.60, 0.00, 350.42, -40.37);
insert into SHOT values (6293, 6289, 6298, 6805, 7.32, 108.49, -78.24, 7.32, 108.43, -78.29, 0.01, 302.70, -32.09);
insert into SHOT values (6294, 6298, 6299, 6805, 49.54, 216.41, -7.01, 49.54, 216.41, -7.00, 0.01, 75.99, 48.59);
insert into SHOT values (6295, 6298, 6300, 6805, 2.40, 77.60, 10.84, 2.40, 77.74, 10.82, 0.01, 199.52, -11.75);
insert into SHOT values (6296, 6298, 6301, 6805, 6.35, 347.83, 88.12, 6.35, 348.69, 88.16, 0.01, 132.89, 32.59);
insert into SHOT values (6297, 6298, 6302, 6805, 56.87, 180.52, -64.81, 56.87, 180.52, -64.80, 0.01, 183.14, 16.38);
insert into SHOT values (6298, 6302, 6303, 6805, 18.84, 14.52, 29.44, 18.84, 14.50, 29.43, 0.01, 332.35, -0.62);
insert into SHOT values (6299, 6302, 6304, 6805, 28.02, 193.19, -15.99, 28.02, 193.20, -16.00, 0.01, 324.77, -11.69);
insert into SHOT values (6300, 6302, 6305, 6805, 68.56, 188.17, 85.88, 68.56, 188.18, 85.88, 0.01, 360.00, -26.19);
insert into SHOT values (6301, 6302, 6306, 6805, 2.59, 214.57, -77.80, 2.59, 214.56, -77.81, 0.00, 39.16, 59.41);
insert into SHOT values (6302, 6302, 6307, 6805, 16.20, 150.30, -15.04, 16.20, 150.31, -15.03, 0.00, 262.27, 68.45);
insert into SHOT values (6303, 6307, 6308, 6805, 13.46, 58.61, 18.39, 13.47, 58.60, 18.35, 0.01, 43.02, -32.87);
insert into SHOT values (6304, 6307, 6309, 6805, 15.75, 186.44, 3.16, 15.74, 186.43, 3.13, 0.01, 29.62, -46.31);
insert into SHOT values (6305, 6307, 6310, 6805, 45.47, 132.45, -10.75, 45.47, 132.45, -10.75, 0.00, 301.60, 28.08);
insert into SHOT values (6306, 6310, 6311, 6805, 33.86, 26.96, 5.70, 33.86, 26.97, 5.69, 0.01, 101.44, -30.95);
insert into SHOT values (6307, 6310, 6312, 6805, 22.45, 184.51, 3.50, 22.45, 184.50, 3.50, 0.00, 121.91, -12.78);
insert into SHOT values (6308, 6310, 6313, 6805, 30.04, 203.69, 73.58, 30.03, 203.70, 73.59, 0.01, 16.80, -37.47);
insert into SHOT values (6309, 6310, 6314, 6805, 0.99, 197.67, -62.78, 1.00, 196.82, -63.22, 0.01, 78.84, -51.76);
insert into SHOT values (6310, 6310, 6315, 6805, 19.44, 92.93, -9.49, 19.44, 92.93, -9.50, 0.00, 85.22, -76.95);
insert into SHOT values (6311, 6315, 6316, 6805, 26.85, 44.64, 0.74, 26.86, 44.64, 0.75, 0.01, 38.32, 20.27);
insert into SHOT values (6312, 6315, 6317, 6805, 15.22, 108.13, 70.53, 15.22, 108.15, 70.53, 0.00, 219.70, 10.49);
insert into SHOT values (6313, 6315, 6318, 6805, 19.28, 193.61, 52.07, 19.28, 193.61, 52.07, 0.00, 221.22, 54.95);
insert into SHOT values (6314, 6315, 6319, 6805, 28.84, 103.44, 7.78, 28.85, 103.43, 7.77, 0.01, 79.45, -26.49);
insert into SHOT values (6315, 6315, 6320, 6805, 24.69, 205.80, -11.69, 24.68, 205.80, -11.69, 0.01, 20.82, 17.29);
insert into SHOT values (6316, 6302, 6321, 6805, 0.18, 135.50, 15.03, 0.18, 135.00, 16.42, 0.01, 335.17, 37.05);
insert into SHOT values (6317, 6302, 6322, 6805, 17.48, 108.18, 11.71, 17.48, 108.18, 11.72, 0.00, 279.90, 51.85);
insert into SHOT values (6318, 6302, 6323, 6805, 19.53, 290.64, 2.67, 19.53, 290.65, 2.67, 0.00, 313.67, 2.75);
insert into SHOT values (6319, 6302, 6324, 6805, 9.30, 219.65, -33.74, 9.30, 219.64, -33.79, 0.01, 46.53, -34.72);
insert into SHOT values (6320, 6324, 6325, 6805, 23.13, 184.74, -9.14, 23.13, 184.75, -9.13, 0.01, 238.79, 50.32);
insert into SHOT values (6321, 6324, 6326, 6805, 19.02, 203.42, -21.69, 19.02, 203.43, -21.66, 0.01, 243.73, 57.56);
insert into SHOT values (6322, 6324, 6327, 6805, 18.57, 261.27, -23.43, 18.57, 261.26, -23.42, 0.01, 159.64, 43.78);
insert into SHOT values (6323, 6324, 6328, 6805, 37.79, 247.05, -36.05, 37.79, 247.06, -36.04, 0.01, 305.32, 55.55);
insert into SHOT values (6324, 6328, 6329, 6805, 10.38, 177.38, -5.91, 10.39, 177.39, -5.91, 0.01, 198.24, -10.92);
insert into SHOT values (6325, 6328, 6330, 6805, 2.95, 327.84, 0.66, 2.94, 327.77, 0.58, 0.01, 178.90, -28.93);
insert into SHOT values (6326, 6328, 6331, 6805, 3.28, 299.35, 81.68, 3.27, 299.29, 81.74, 0.01, 125.43, -50.35);
insert into SHOT values (6327, 6328, 6332, 6805, 1.06, 202.90, -81.30, 1.06, 201.80, -81.25, 0.00, 133.90, -33.51);
insert into SHOT values (6328, 6328, 6333, 6805, 36.88, 258.92, -40.18, 36.88, 258.91, -40.19, 0.01, 159.18, -45.37);
insert into SHOT values (6329, 6333, 6334, 6805, 6.04, 188.47, -2.98, 6.03, 188.49, -2.94, 0.01, 345.51, 32.67);
insert into SHOT values (6330, 6333, 6335, 6805, 4.03, 335.42, -9.85, 4.03, 335.44, -9.86, 0.00, 115.80, -18.15);
insert into SHOT values (6331, 6333, 6336, 6805, 5.15, 332.74, 62.58, 5.15, 332.68, 62.54, 0.00, 295.46, -19.00);
insert into SHOT values (6332, 6333, 6337, 6805, 0.71, 247.01, -78.23, 0.70, 245.22, -78.28, 0.01, 135.93, 46.70);
insert into SHOT values (6333, 6333, 6338, 6805, 22.39, 268.52, -35.52, 22.39, 268.52, -35.52, 0.00, 284.74, -32.56);
insert into SHOT values (6334, 6338, 6339, 6805, 13.57, 170.17, 2.19, 13.57, 170.15, 2.20, 0.01, 78.49, 15.96);
insert into SHOT values (6335, 6338, 6340, 6805, 23.08, 335.83, -7.12, 23.08, 335.85, -7.12, 0.01, 51.40, 4.49);
insert into SHOT values (6336, 6338, 6341, 6805, 28.91, 282.12, 65.98, 28.91, 282.12, 65.99, 0.01, 98.06, 31.50);
insert into SHOT values (6337, 6338, 6342, 6805, 2.15, 226.94, -69.00, 2.14, 226.58, -68.92, 0.01, 143.14, 55.65);
insert into SHOT values (6338, 6338, 6343, 6805, 56.84, 297.70, -18.05, 56.84, 297.70, -18.05, 0.00, 215.28, 46.31);
insert into SHOT values (6339, 6343, 6344, 6805, 43.90, 166.49, 1.87, 43.90, 166.49, 1.87, 0.00, 354.56, -45.11);
insert into SHOT values (6340, 6343, 6345, 6805, 17.29, 70.80, 2.29, 17.29, 70.81, 2.29, 0.01, 108.14, -9.76);
insert into SHOT values (6341, 6343, 6346, 6805, 18.35, 263.17, -5.18, 18.34, 263.18, -5.19, 0.01, 58.10, -27.36);
insert into SHOT values (6342, 6343, 6347, 6805, 17.21, 62.70, 0.35, 17.22, 62.69, 0.37, 0.01, 46.62, 26.24);
insert into SHOT values (6343, 6343, 6348, 6805, 19.21, 334.50, 65.82, 19.21, 334.54, 65.84, 0.01, 104.95, 35.02);
insert into SHOT values (6344, 6343, 6349, 6805, 1.99, 310.33, -54.78, 1.98, 310.38, -54.82, 0.01, 119.37, 45.47);
insert into SHOT values (6345, 6343, 6350, 6805, 46.47, 331.15, -0.59, 46.47, 331.15, -0.59, 0.00, 100.35, -45.59);
insert into SHOT values (6346, 6350, 6351, 6805, 8.39, 249.98, 22.96, 8.39, 250.02, 23.01, 0.01, 342.54, 55.18);
insert into SHOT values (6347, 6350, 6352, 6805, 9.08, 78.51, -10.85, 9.08, 78.49, -10.85, 0.00, 15.93, -11.90);
insert into SHOT values (6348, 6350, 6353, 6805, 25.10, 284.66, 83.48, 25.10, 284.62, 83.48, 0.00, 243.92, 38.10);
insert into SHOT values (6349, 6350, 6354, 6805, 1.78, 40.84, -75.47, 1.78, 40.46, -75.44, 0.00, 316.46, 46.03);
insert into SHOT values (6350, 6350, 6355, 6805, 16.09, 302.72, 16.74, 16.09, 302.73, 16.76, 0.01, 66.69, 58.14);
insert into SHOT values (6351, 6355, 6356, 6805, 5.64, 241.42, 19.15, 5.64, 241.42, 19.14, 0.00, 227.14, -5.11);
insert into SHOT values (6352, 6355, 6357, 6805, 15.32, 38.01, -6.50, 15.32, 38.01, -6.52, 0.01, 227.75, -51.29);
insert into SHOT values (6353, 6355, 6358, 6805, 20.60, 349.04, 69.54, 20.60, 349.03, 69.54, 0.00, 299.50, -23.52);
insert into SHOT values (6354, 6355, 6359, 6805, 0.88, 245.85, -66.24, 0.88, 246.37, -66.67, 0.01, 34.87, -36.65);
insert into SHOT values (6355, 6355, 6360, 6805, 39.22, 318.43, -6.14, 39.22, 318.42, -6.15, 0.01, 234.11, -37.11);
insert into SHOT values (6356, 6360, 6361, 6805, 12.07, 118.27, 5.98, 12.07, 118.23, 5.99, 0.01, 53.36, 15.17);
insert into SHOT values (6357, 6360, 6362, 6805, 16.67, 70.99, 24.90, 16.68, 70.98, 24.90, 0.01, 41.45, 11.82);
insert into SHOT values (6358, 6360, 6363, 6805, 9.98, 141.95, 65.46, 9.98, 141.86, 65.46, 0.01, 52.28, 12.56);
insert into SHOT values (6359, 6360, 6364, 6805, 11.90, 235.36, -18.41, 11.90, 235.39, -18.42, 0.01, 356.63, -12.71);
insert into SHOT values (6360, 6360, 6365, 6805, 9.17, 305.47, -17.48, 9.17, 305.51, -17.45, 0.01, 36.22, 37.87);
insert into SHOT values (6361, 6355, 6366, 6805, 9.08, 162.06, -0.07, 9.08, 162.04, -0.06, 0.00, 115.01, 17.34);
insert into SHOT values (6362, 6355, 6367, 6805, 18.69, 349.89, -15.86, 18.69, 349.88, -15.87, 0.00, 278.99, -28.62);
insert into SHOT values (6363, 6355, 6368, 6805, 23.66, 332.87, 82.86, 23.65, 332.91, 82.85, 0.01, 20.59, -65.67);
insert into SHOT values (6364, 6355, 6369, 6805, 1.14, 137.68, -62.62, 1.15, 138.09, -62.81, 0.01, 231.69, -63.78);
insert into SHOT values (6365, 6355, 6370, 6805, 25.85, 52.60, -34.96, 25.86, 52.59, -34.97, 0.01, 359.71, -72.41);
insert into SHOT values (6366, 6370, 6371, 6805, 6.42, 339.80, 2.87, 6.42, 339.76, 2.94, 0.01, 292.18, 53.00);
insert into SHOT values (6367, 6370, 6372, 6805, 4.63, 117.63, 3.96, 4.63, 117.62, 3.97, 0.00, 313.36, 4.75);
insert into SHOT values (6368, 6370, 6373, 6805, 9.00, 64.79, 82.75, 9.00, 65.01, 82.75, 0.00, 147.66, 23.63);
insert into SHOT values (6369, 6370, 6374, 6805, 0.35, 139.17, -55.82, 0.34, 139.09, -54.67, 0.01, 130.27, 78.81);
insert into SHOT values (6370, 6370, 6375, 6805, 22.60, 37.86, 25.41, 22.60, 37.86, 25.41, 0.00, 24.42, 36.01);
insert into SHOT values (6371, 6370, 6376, 6805, 22.41, 37.69, 25.30, 22.41, 37.70, 25.31, 0.00, 132.77, 35.81);
insert into SHOT values (6372, 6376, 6377, 6805, 2.40, 345.21, 18.85, 2.41, 345.23, 18.92, 0.01, 357.20, 49.05);
insert into SHOT values (6373, 6376, 6378, 6805, 2.38, 151.43, 11.39, 2.38, 151.57, 11.40, 0.01, 260.47, -0.17);
insert into SHOT values (6374, 6376, 6379, 6805, 3.91, 86.89, 81.31, 3.91, 87.09, 81.32, 0.01, 176.79, 67.20);
insert into SHOT values (6375, 6376, 6380, 6805, 1.06, 14.26, -53.06, 1.06, 13.60, -53.11, 0.01, 290.54, -20.62);
insert into SHOT values (6376, 6376, 6381, 6805, 13.56, 73.21, 13.77, 13.55, 73.18, 13.79, 0.01, 302.28, 12.86);
insert into SHOT values (6377, 6381, 6382, 6805, 2.88, 50.49, 7.02, 2.88, 50.68, 6.99, 0.01, 151.23, -11.47);
insert into SHOT values (6378, 6381, 6383, 6805, 1.73, 202.86, -4.81, 1.73, 202.85, -4.97, 0.01, 191.18, -72.86);
insert into SHOT values (6379, 6381, 6384, 6805, 5.25, 118.93, 73.33, 5.25, 118.94, 73.31, 0.00, 127.61, 14.83);
insert into SHOT values (6380, 6381, 6385, 6805, 0.90, 20.39, -60.70, 0.90, 21.32, -60.88, 0.01, 113.51, -35.75);
insert into SHOT values (6381, 6381, 6386, 6805, 11.90, 123.50, 24.51, 11.90, 123.51, 24.52, 0.01, 165.93, 39.74);
insert into SHOT values (6382, 6386, 6387, 6805, 4.40, 11.38, 10.60, 4.40, 11.47, 10.60, 0.01, 89.03, 5.29);
insert into SHOT values (6383, 6386, 6388, 6805, 2.51, 162.11, 12.21, 2.52, 162.01, 12.16, 0.01, 130.17, -5.82);
insert into SHOT values (6384, 6386, 6389, 6805, 10.78, 21.77, 80.39, 10.77, 21.86, 80.38, 0.01, 116.51, -71.89);
insert into SHOT values (6385, 6386, 6390, 6805, 0.25, 32.07, -76.72, 0.26, 30.96, -76.87, 0.01, 339.80, -77.98);
insert into SHOT values (6386, 6386, 6391, 6805, 27.25, 174.10, 56.78, 27.24, 174.08, 56.77, 0.01, 90.27, -50.76);
insert into SURVEY values (6807, 68, 'hall_of_the_three', 'hall_of_the_three.clearwater_master', NULL);
 insert into CENTRELINE values (6808, 6807, NULL, NULL, NULL, 0.00, 0.00, 0.00);
 insert into CENTRELINE values (6809, 6807, NULL, '2017-04-16', NULL, 173.00, 0.00, 0.00);
 insert into SHOT values (6387, 6392, 6393, 6809, 6.68, 217.72, 4.97, 6.68, 217.73, 4.98, 0.00, 19.93, 16.48);
insert into SHOT values (6388, 6392, 6394, 6809, 13.28, 19.04, 0.18, 13.29, 19.02, 0.17, 0.01, 340.87, -13.84);
insert into SHOT values (6389, 6392, 6395, 6809, 13.62, 16.63, 83.98, 13.63, 16.66, 83.98, 0.01, 41.94, 70.57);
insert into SHOT values (6390, 6392, 6396, 6809, 3.22, 197.40, -64.81, 3.21, 197.50, -64.90, 0.01, 358.79, 25.90);
insert into SHOT values (6391, 6392, 6397, 6809, 18.00, 170.45, -1.92, 18.00, 170.43, -1.91, 0.01, 83.83, 29.83);
insert into SHOT values (6392, 6392, 6398, 6809, 21.32, 345.25, -6.96, 21.32, 345.25, -6.95, 0.01, 337.31, 35.45);
insert into SHOT values (6393, 6398, 6399, 6809, 2.86, 266.67, 9.79, 2.86, 266.74, 9.68, 0.01, 44.09, -50.69);
insert into SHOT values (6394, 6398, 6400, 6809, 3.30, 66.36, 14.41, 3.30, 66.40, 14.38, 0.00, 128.77, -25.34);
insert into SHOT values (6395, 6398, 6401, 6809, 5.55, 3.59, 86.12, 5.54, 4.64, 86.16, 0.01, 126.60, -42.03);
insert into SHOT values (6396, 6398, 6402, 6809, 2.29, 237.72, -70.43, 2.29, 237.76, -70.41, 0.00, 256.86, -56.12);
insert into SHOT values (6397, 6398, 6403, 6809, 3.60, 334.04, 4.03, 3.60, 334.08, 3.98, 0.00, 57.87, -52.10);
insert into SHOT values (6398, 6403, 6404, 6809, 0.21, 256.55, 18.00, 0.21, 255.26, 16.98, 0.01, 129.87, -41.51);
insert into SHOT values (6399, 6403, 6405, 6809, 3.84, 88.85, 6.16, 3.84, 88.80, 6.12, 0.00, 41.05, -24.62);
insert into SHOT values (6400, 6403, 6406, 6809, 5.44, 140.81, 86.12, 5.44, 141.58, 86.10, 0.01, 209.03, 24.69);
insert into SHOT values (6401, 6403, 6407, 6809, 1.64, 95.62, -89.46, 1.64, 90.00, -89.30, 0.00, 71.85, -0.86);
insert into SHOT values (6402, 6403, 6408, 6809, 14.16, 354.82, -37.42, 14.16, 354.80, -37.40, 0.01, 270.25, 43.12);
insert into SHOT values (6403, 6408, 6409, 6809, 9.01, 218.62, -6.12, 9.01, 218.61, -6.12, 0.00, 110.46, 18.76);
insert into SHOT values (6404, 6408, 6410, 6809, 2.34, 39.06, -11.76, 2.35, 39.17, -11.81, 0.01, 79.78, -25.20);
insert into SHOT values (6405, 6408, 6411, 6809, 6.62, 205.72, 67.65, 6.62, 205.65, 67.63, 0.00, 129.94, -40.01);
insert into SHOT values (6406, 6408, 6412, 6809, 1.38, 205.76, -78.96, 1.39, 204.62, -79.01, 0.01, 112.41, -46.56);
insert into SHOT values (6407, 6408, 6413, 6809, 1.38, 218.38, -82.23, 1.38, 216.25, -82.27, 0.01, 122.68, -21.06);
insert into SHOT values (6408, 6408, 6414, 6809, 15.58, 272.23, -34.45, 15.58, 272.23, -34.49, 0.01, 89.36, -40.04);
insert into SHOT values (6409, 6414, 6415, 6809, 2.16, 194.52, -3.99, 2.16, 194.49, -3.98, 0.00, 176.64, 4.19);
insert into SHOT values (6410, 6414, 6416, 6809, 4.64, 9.40, -2.25, 4.63, 9.32, -2.23, 0.01, 240.11, 14.52);
insert into SHOT values (6411, 6414, 6417, 6809, 4.64, 330.12, 75.59, 4.65, 329.89, 75.59, 0.01, 255.67, 50.68);
insert into SHOT values (6412, 6414, 6418, 6809, 1.24, 169.27, -77.32, 1.24, 169.51, -77.21, 0.00, 194.73, -5.20);
insert into SHOT values (6413, 6414, 6419, 6809, 7.27, 295.83, -29.69, 7.27, 295.79, -29.67, 0.01, 252.41, 8.84);
insert into SHOT values (6414, 6419, 6420, 6809, 7.29, 295.97, -29.70, 7.29, 295.96, -29.70, 0.00, 135.20, 24.65);
insert into SHOT values (6415, 6419, 6421, 6809, 4.84, 201.24, -29.08, 4.84, 201.22, -29.07, 0.00, 43.06, 34.39);
insert into SHOT values (6416, 6419, 6422, 6809, 1.73, 23.34, -7.99, 1.73, 23.42, -7.99, 0.00, 157.46, 8.20);
insert into SHOT values (6417, 6419, 6423, 6809, 2.03, 304.57, 80.96, 2.03, 304.70, 81.06, 0.01, 110.39, 61.59);
insert into SHOT values (6418, 6419, 6424, 6809, 1.53, 353.01, -81.67, 1.53, 354.81, -81.68, 0.01, 90.08, 28.95);
insert into SHOT values (6419, 6408, 6425, 6809, 3.67, 307.90, -4.72, 3.67, 308.00, -4.85, 0.01, 62.25, -49.20);
insert into SHOT values (6420, 6408, 6426, 6809, 1.95, 78.98, -11.91, 1.96, 79.16, -12.09, 0.01, 123.40, -41.43);
insert into SHOT values (6421, 6408, 6427, 6809, 0.98, 26.29, 70.15, 0.98, 26.57, 69.97, 0.00, 57.68, -29.84);
insert into SHOT values (6422, 6408, 6428, 6809, 1.40, 89.75, -87.85, 1.40, 90.00, -87.55, 0.01, 91.76, -7.50);
insert into SHOT values (6423, 6408, 6429, 6809, 3.15, 28.15, -16.00, 3.15, 28.17, -16.03, 0.00, 82.65, -49.85);
insert into SHOT values (6424, 6429, 6430, 6809, 1.92, 329.00, 3.62, 1.91, 329.14, 3.59, 0.01, 109.75, -9.50);
insert into SHOT values (6425, 6429, 6431, 6809, 0.98, 153.07, 29.03, 0.98, 153.14, 28.57, 0.01, 162.38, -41.27);
insert into SHOT values (6426, 6429, 6432, 6809, 1.67, 20.29, 82.75, 1.66, 21.80, 82.56, 0.01, 71.42, -42.34);
insert into SHOT values (6427, 6429, 6433, 6809, 1.43, 257.71, -73.94, 1.43, 256.68, -74.20, 0.01, 131.55, -33.63);
insert into SHOT values (6428, 6429, 6434, 6809, 11.57, 53.81, 39.34, 11.57, 53.86, 39.31, 0.01, 113.67, -26.44);
insert into SHOT values (6429, 6434, 6435, 6809, 2.36, 7.78, 12.82, 2.36, 7.74, 12.97, 0.01, 270.46, 76.62);
insert into SHOT values (6430, 6434, 6436, 6809, 1.69, 172.34, 17.04, 1.69, 172.52, 17.22, 0.01, 284.50, 40.61);
insert into SHOT values (6431, 6434, 6437, 6809, 0.94, 23.35, 88.09, 0.94, 18.43, 88.07, 0.00, 297.08, 10.89);
insert into SHOT values (6432, 6434, 6438, 6809, 0.56, 208.26, -74.42, 0.56, 211.61, -74.22, 0.01, 285.76, -3.61);
insert into SHOT values (6433, 6434, 6439, 6809, 10.63, 82.43, 42.40, 10.63, 82.39, 42.41, 0.01, 346.94, 19.70);
insert into SHOT values (6434, 6439, 6440, 6809, 1.04, 4.88, 2.86, 1.03, 4.44, 2.77, 0.01, 239.43, -11.02);
insert into SHOT values (6435, 6439, 6441, 6809, 0.25, 170.93, 1.06, 0.25, 170.91, 0.00, 0.01, 169.34, -55.12);
insert into SHOT values (6436, 6439, 6442, 6809, 6.30, 77.29, 75.71, 6.29, 77.31, 75.76, 0.01, 252.89, -34.99);
insert into SHOT values (6437, 6439, 6443, 6809, 1.10, 350.50, -84.12, 1.10, 349.70, -84.14, 0.00, 230.75, 66.76);
insert into SHOT values (6438, 6439, 6444, 6809, 10.01, 122.40, 65.35, 10.01, 122.47, 65.37, 0.01, 239.26, 20.62);
insert into SHOT values (6439, 6445, 6446, 6809, 12.18, 31.00, 10.61, 12.18, 31.02, 10.60, 0.01, 113.80, -30.36);
insert into SHOT values (6440, 6445, 6447, 6809, 8.70, 95.80, 30.05, 8.70, 95.79, 29.99, 0.01, 82.69, -39.43);
insert into SHOT values (6441, 6445, 6448, 6809, 14.76, 37.46, 81.78, 14.75, 37.52, 81.75, 0.01, 53.05, -45.80);
insert into SHOT values (6442, 6445, 6449, 6809, 1.92, 355.08, -63.49, 1.92, 355.35, -63.36, 0.01, 29.61, -14.83);
insert into SHOT values (6443, 6392, 6445, 6809, 19.02, 74.11, 45.54, 19.02, 74.10, 45.55, 0.01, 313.08, 50.82);
insert into SHOT values (6444, 6450, 6445, 6809, 19.62, 308.67, -46.38, 19.62, 308.67, -46.37, 0.00, 320.52, 45.36);
insert into SHOT values (6445, 6451, 6452, 6809, 10.37, 3.40, 23.70, 10.37, 3.44, 23.65, 0.01, 79.33, -49.58);
insert into SHOT values (6446, 6452, 6453, 6809, 23.47, 10.92, 38.10, 23.48, 10.89, 38.11, 0.01, 299.92, 38.81);
insert into SHOT values (6447, 6450, 6451, 6809, 13.24, 149.88, 17.34, 13.24, 149.88, 17.36, 0.00, 311.50, 55.16);
insert into SHOT values (6448, 6451, 6454, 6809, 2.66, 125.90, 9.11, 2.66, 125.87, 9.08, 0.00, 88.23, -25.14);
insert into SHOT values (6449, 6451, 6455, 6809, 10.12, 125.96, 9.16, 10.12, 125.92, 9.16, 0.01, 23.94, -7.73);
insert into SURVEY values (6811, 68, 'crucible_hopper', 'crucible_hopper.clearwater_master', NULL);
 insert into CENTRELINE values (6812, 6811, NULL, NULL, NULL, 0.00, 0.00, 0.00);
 insert into CENTRELINE values (6813, 6811, NULL, '2017-04-11', NULL, 113.93, 0.00, 0.00);
 insert into SHOT values (6450, 6456, 6457, 6813, 0.77, 107.24, 0.83, 0.77, 107.49, 1.50, 0.01, 251.19, 57.53);
insert into SHOT values (6451, 6456, 6458, 6813, 0.68, 263.22, -7.89, 0.68, 263.19, -7.60, 0.00, 247.26, 69.59);
insert into SHOT values (6452, 6456, 6459, 6813, 0.21, 29.61, 80.12, 0.21, 33.69, 80.26, 0.00, 121.15, 50.51);
insert into SHOT values (6453, 6456, 6460, 6813, 0.34, 187.98, -66.37, 0.34, 188.13, -65.48, 0.01, 192.10, 16.15);
insert into SHOT values (6454, 6456, 6461, 6813, 2.69, 171.55, 19.63, 2.70, 171.61, 19.73, 0.01, 211.04, 54.59);
insert into SHOT values (6455, 6461, 6462, 6813, 1.55, 82.19, 0.76, 1.55, 82.23, 0.74, 0.00, 97.68, -7.00);
insert into SHOT values (6456, 6461, 6463, 6813, 2.67, 268.37, 3.93, 2.67, 268.49, 3.87, 0.01, 24.62, -25.27);
insert into SHOT values (6457, 6461, 6464, 6813, 1.46, 38.64, 80.57, 1.46, 38.29, 80.46, 0.00, 11.31, -4.80);
insert into SHOT values (6458, 6461, 6465, 6813, 1.50, 88.69, -77.95, 1.50, 88.15, -78.09, 0.01, 312.82, -36.13);
insert into SHOT values (6459, 6461, 6466, 6813, 3.70, 242.42, 59.97, 3.69, 242.60, 60.00, 0.01, 9.81, -24.16);
insert into SHOT values (6460, 6461, 6467, 6813, 2.70, 288.75, -37.75, 2.70, 288.86, -37.87, 0.01, 22.54, -59.79);
insert into SHOT values (6461, 6461, 6468, 6813, 7.26, 129.38, 42.37, 7.26, 129.33, 42.35, 0.01, 52.77, -27.24);
insert into SHOT values (6462, 6461, 6469, 6813, 9.90, 160.44, 40.70, 9.89, 160.45, 40.69, 0.01, 310.51, -57.42);
insert into SHOT values (6463, 6461, 6470, 6813, 10.67, 154.81, 38.25, 10.67, 154.78, 38.23, 0.01, 55.39, -52.83);
insert into SHOT values (6464, 6470, 6471, 6813, 4.63, 39.20, 5.21, 4.62, 39.18, 5.21, 0.01, 233.00, -4.71);
insert into SHOT values (6465, 6470, 6472, 6813, 0.40, 244.13, 4.61, 0.40, 244.72, 5.74, 0.01, 342.52, 62.08);
insert into SHOT values (6466, 6470, 6473, 6813, 2.36, 14.51, 68.43, 2.36, 14.04, 68.52, 0.01, 270.38, 35.54);
insert into SHOT values (6467, 6470, 6474, 6813, 4.81, 31.90, 49.91, 4.81, 31.79, 49.94, 0.01, 271.93, 1.56);
insert into SHOT values (6468, 6470, 6475, 6813, 0.99, 122.39, -74.46, 0.99, 122.47, -74.65, 0.01, 297.66, 40.38);
insert into SHOT values (6469, 6470, 6476, 6813, 5.61, 136.65, 43.12, 5.61, 136.68, 43.15, 0.01, 202.05, 65.19);
insert into SHOT values (6470, 6470, 6477, 6813, 8.32, 107.43, 36.50, 8.32, 107.41, 36.51, 0.00, 343.45, 17.08);
insert into SHOT values (6471, 6470, 6478, 6813, 7.80, 85.35, 32.10, 7.80, 85.31, 32.15, 0.01, 306.76, 35.11);
insert into SHOT values (6472, 6470, 6479, 6813, 7.53, 68.49, 26.80, 7.53, 68.52, 26.85, 0.01, 214.81, 42.33);
insert into SHOT values (6473, 6470, 6480, 6813, 8.58, 101.49, 37.78, 8.58, 101.49, 37.82, 0.01, 278.61, 33.26);
insert into SHOT values (6474, 6480, 6481, 6813, 2.63, 9.48, 2.44, 2.63, 9.43, 2.40, 0.00, 238.07, -31.02);
insert into SHOT values (6475, 6480, 6482, 6813, 0.28, 191.13, -14.92, 0.28, 190.49, -14.30, 0.01, 153.81, 22.51);
insert into SHOT values (6476, 6480, 6483, 6813, 0.78, 333.00, 42.65, 0.78, 332.99, 42.79, 0.00, 158.81, 50.85);
insert into SHOT values (6477, 6480, 6484, 6813, 1.56, 40.20, -72.18, 1.56, 40.73, -72.32, 0.01, 158.19, -44.12);
insert into SHOT values (6478, 6480, 6485, 6813, 8.12, 89.45, 27.38, 8.12, 89.44, 27.35, 0.00, 357.62, -79.64);
insert into SHOT values (6479, 6480, 6486, 6813, 6.69, 53.76, 18.07, 6.69, 53.76, 18.11, 0.00, 66.20, 85.85);
insert into SHOT values (6480, 6480, 6487, 6813, 4.80, 280.55, 33.47, 4.80, 280.52, 33.54, 0.01, 116.11, 21.58);
insert into SHOT values (6481, 6480, 6488, 6813, 6.48, 283.57, 55.96, 6.48, 283.58, 56.01, 0.01, 100.19, 3.42);
insert into SHOT values (6482, 6480, 6489, 6813, 13.38, 64.76, 21.63, 13.38, 64.77, 21.62, 0.00, 186.05, -28.99);
insert into SHOT values (6483, 6489, 6490, 6813, 1.83, 315.18, 3.83, 1.83, 315.44, 3.76, 0.01, 55.57, -14.66);
insert into SHOT values (6484, 6489, 6491, 6813, 1.59, 141.45, 15.29, 1.59, 141.34, 15.29, 0.00, 97.24, 9.54);
insert into SHOT values (6485, 6489, 6492, 6813, 6.23, 289.18, 74.79, 6.23, 289.32, 74.81, 0.01, 51.31, -20.15);
insert into SHOT values (6486, 6489, 6493, 6813, 0.54, 129.02, -81.71, 0.54, 129.81, -81.62, 0.00, 206.59, 75.88);
insert into SHOT values (6487, 6489, 6494, 6813, 9.34, 300.22, 56.85, 9.34, 300.23, 56.87, 0.00, 101.49, 2.73);
insert into SHOT values (6488, 6489, 6495, 6813, 2.17, 68.71, 27.03, 2.17, 68.75, 27.14, 0.00, 209.77, 61.04);
insert into SHOT values (6489, 6489, 6496, 6813, 3.42, 82.92, -51.82, 3.42, 82.94, -51.81, 0.00, 105.01, -36.87);
insert into SHOT values (6490, 6489, 6497, 6813, 2.79, 132.62, 39.89, 2.79, 132.54, 39.85, 0.00, 95.54, 8.70);
insert into SHOT values (6491, 6489, 6498, 6813, 2.78, 14.61, 5.66, 2.78, 14.64, 5.77, 0.01, 36.15, 57.40);
insert into SHOT values (6492, 6498, 6499, 6813, 0.30, 321.98, -0.65, 0.30, 323.13, -1.91, 0.01, 52.37, -47.61);
insert into SHOT values (6493, 6498, 6500, 6813, 2.18, 133.93, 8.64, 2.18, 134.06, 8.44, 0.01, 204.89, -55.19);
insert into SHOT values (6494, 6498, 6501, 6813, 0.96, 129.06, 40.50, 0.96, 128.90, 40.25, 0.00, 90.16, -47.56);
insert into SHOT values (6495, 6498, 6502, 6813, 0.74, 341.85, -87.52, 0.74, 341.57, -87.55, 0.00, 183.42, -58.31);
insert into SHOT values (6496, 6498, 6503, 6813, 2.84, 106.05, 23.29, 2.84, 106.01, 23.22, 0.00, 68.64, -41.03);
insert into SHOT values (6497, 6498, 6504, 6813, 3.47, 67.58, 18.77, 3.47, 67.65, 18.66, 0.01, 136.65, -57.33);
insert into SHOT values (6498, 6498, 6505, 6813, 9.65, 99.45, 28.09, 9.65, 99.46, 28.06, 0.00, 135.14, -50.28);
insert into SHOT values (6499, 6505, 6506, 6813, 0.54, 359.45, 0.46, 0.54, 358.94, 0.00, 0.01, 270.50, -41.99);
insert into SHOT values (6500, 6505, 6507, 6813, 1.70, 181.07, -0.67, 1.70, 181.01, -0.67, 0.00, 103.32, -3.87);
insert into SHOT values (6501, 6505, 6508, 6813, 1.34, 167.66, 71.18, 1.34, 167.91, 71.31, 0.00, 313.88, 26.39);
insert into SHOT values (6502, 6505, 6509, 6813, 1.43, 127.97, -66.09, 1.43, 127.27, -66.19, 0.01, 25.19, -20.48);
insert into SHOT values (6503, 6505, 6510, 6813, 1.47, 301.98, 59.85, 1.47, 301.76, 59.74, 0.00, 254.44, -16.28);
insert into SHOT values (6504, 6505, 6511, 6813, 4.96, 114.18, 38.96, 4.96, 114.17, 38.96, 0.00, 98.29, 38.63);
insert into SHOT values (6505, 6505, 6512, 6813, 1.83, 130.40, -35.51, 1.82, 130.35, -35.56, 0.01, 321.04, 22.73);
insert into SHOT values (6506, 6505, 6513, 6813, 1.49, 64.13, 18.59, 1.49, 63.98, 18.40, 0.01, 349.09, -52.36);
insert into SHOT values (6507, 6505, 6514, 6813, 1.80, 91.53, 0.21, 1.80, 91.59, 0.32, 0.00, 161.37, 58.97);
insert into SHOT values (6508, 6505, 6515, 6813, 3.78, 74.09, 0.08, 3.78, 74.01, 0.15, 0.01, 306.17, 36.25);
insert into SHOT values (6509, 6515, 6516, 6813, 1.04, 344.48, -1.09, 1.04, 344.89, -1.11, 0.01, 102.99, -1.47);
insert into SHOT values (6510, 6515, 6517, 6813, 6.45, 302.30, 81.47, 6.44, 302.20, 81.45, 0.01, 227.43, -78.22);
insert into SHOT values (6511, 6515, 6518, 6813, 1.52, 116.02, -76.19, 1.52, 115.87, -76.08, 0.01, 101.91, -44.32);
insert into SHOT values (6512, 6515, 6519, 6813, 2.91, 355.70, -19.93, 2.91, 355.81, -20.07, 0.01, 68.85, -55.75);
insert into SHOT values (6513, 6515, 6520, 6813, 4.56, 252.59, -65.92, 4.56, 252.44, -66.00, 0.01, 122.03, -47.52);
insert into SHOT values (6514, 6515, 6521, 6813, 1.06, 263.03, -11.42, 1.06, 262.81, -11.44, 0.00, 161.17, -1.67);
insert into SHOT values (6515, 6515, 6522, 6813, 1.14, 245.18, -6.67, 1.14, 244.80, -7.08, 0.01, 121.43, -40.08);
insert into SHOT values (6516, 6515, 6523, 6813, 2.89, 54.56, 8.32, 2.89, 54.53, 8.16, 0.01, 7.04, -77.04);
insert into SHOT values (6517, 6515, 6524, 6813, 1.37, 85.67, -2.33, 1.37, 85.83, -2.50, 0.01, 123.62, -35.41);
insert into SHOT values (6518, 6515, 6525, 6813, 3.12, 75.68, -20.73, 3.12, 75.73, -20.81, 0.01, 123.10, -60.61);
insert into SHOT values (6519, 6515, 6526, 6813, 1.62, 318.73, 41.12, 1.62, 318.99, 41.00, 0.01, 61.26, -43.38);
insert into SHOT values (6520, 6515, 6527, 6813, 2.11, 306.19, 29.18, 2.10, 306.37, 29.03, 0.01, 71.82, -50.72);
insert into SHOT values (6521, 6515, 6528, 6813, 4.03, 59.55, 30.06, 4.03, 59.54, 29.93, 0.01, 53.07, -65.73);
insert into SHOT values (6522, 6515, 6529, 6813, 8.17, 71.30, 3.45, 8.17, 71.34, 3.44, 0.01, 131.24, -13.14);
insert into SHOT values (6523, 6529, 6530, 6813, 0.65, 323.87, 8.06, 0.65, 323.84, 7.96, 0.00, 289.91, -63.48);
insert into SHOT values (6524, 6529, 6531, 6813, 0.48, 148.04, 5.26, 0.47, 147.99, 4.85, 0.01, 331.44, -32.48);
insert into SHOT values (6525, 6529, 6532, 6813, 2.70, 353.50, 55.46, 2.70, 353.25, 55.41, 0.01, 261.44, -31.00);
insert into SHOT values (6526, 6529, 6533, 6813, 0.68, 161.77, -73.24, 0.68, 161.57, -73.73, 0.01, 347.87, 9.90);
insert into SHOT values (6527, 6529, 6534, 6813, 3.05, 19.09, 64.89, 3.05, 18.85, 64.78, 0.01, 334.39, -12.97);
insert into SHOT values (6528, 6529, 6535, 6813, 1.11, 67.08, 7.65, 1.11, 66.94, 7.27, 0.01, 295.58, -65.00);
insert into SHOT values (6529, 6529, 6536, 6813, 1.00, 288.29, 16.30, 1.00, 288.25, 16.29, 0.00, 132.65, -20.43);
insert into SHOT values (6530, 6529, 6537, 6813, 1.91, 201.07, -3.73, 1.91, 201.19, -3.90, 0.01, 252.90, -48.88);
insert into SHOT values (6531, 6529, 6538, 6813, 2.01, 168.10, -6.25, 2.00, 168.13, -6.30, 0.01, 338.57, -12.10);
insert into SHOT values (6532, 6529, 6539, 6813, 2.62, 141.51, -18.21, 2.62, 141.52, -18.22, 0.00, 152.47, -29.12);
insert into SHOT values (6533, 6456, 6540, 6813, 31.06, 358.13, 14.38, 31.06, 358.13, 14.39, 0.01, 115.76, 72.20);
insert into SHOT values (6534, 6540, 6541, 6813, 26.81, 246.43, 11.06, 26.81, 246.44, 11.05, 0.00, 293.96, -42.82);
insert into SHOT values (6535, 6540, 6542, 6813, 0.50, 70.83, 10.51, 0.50, 70.82, 10.47, 0.00, 251.79, -14.72);
insert into SHOT values (6536, 6540, 6543, 6813, 37.68, 172.86, 79.74, 37.68, 172.90, 79.74, 0.00, 261.04, 30.71);
insert into SHOT values (6537, 6540, 6544, 6813, 77.68, 141.32, 81.39, 77.67, 141.36, 81.39, 0.01, 258.69, -29.32);
insert into SHOT values (6538, 6540, 6545, 6813, 31.31, 177.80, -28.49, 31.31, 177.81, -28.50, 0.01, 253.29, -36.72);
insert into SHOT values (6539, 6540, 6546, 6813, 28.58, 139.46, -0.83, 28.58, 139.47, -0.84, 0.01, 237.42, -48.68);
insert into SHOT values (6540, 6540, 6547, 6813, 26.92, 136.58, 23.47, 26.92, 136.59, 23.47, 0.01, 207.28, -14.78);
insert into SHOT values (6541, 6540, 6548, 6813, 27.54, 266.43, 18.47, 27.54, 266.42, 18.46, 0.01, 168.35, -54.07);
insert into SHOT values (6542, 6540, 6549, 6813, 38.33, 296.47, 43.76, 38.34, 296.46, 43.75, 0.01, 274.14, -3.52);
insert into SHOT values (6543, 6540, 6550, 6813, 34.50, 335.25, 48.18, 34.50, 335.25, 48.18, 0.00, 141.30, -29.35);
insert into SHOT values (6544, 6540, 6551, 6813, 15.07, 334.83, 16.47, 15.07, 334.82, 16.46, 0.00, 278.36, -34.72);
insert into SHOT values (6545, 6540, 6552, 6813, 17.44, 9.33, 26.32, 17.43, 9.32, 26.32, 0.01, 219.25, -21.20);
insert into SHOT values (6546, 6540, 6553, 6813, 16.50, 124.04, -26.60, 16.50, 124.06, -26.61, 0.01, 255.81, -19.26);
insert into SHOT values (6547, 6540, 6554, 6813, 16.83, 174.24, -40.08, 16.83, 174.25, -40.10, 0.01, 314.92, -48.97);
insert into SHOT values (6548, 6540, 6555, 6813, 16.04, 201.59, -32.93, 16.04, 201.61, -32.92, 0.01, 255.31, -3.88);
insert into SHOT values (6549, 6540, 6556, 6813, 22.37, 50.64, 48.26, 22.36, 50.64, 48.27, 0.01, 224.37, -15.47);
insert into SHOT values (6550, 6540, 6557, 6813, 22.39, 51.42, 47.27, 22.38, 51.42, 47.27, 0.01, 237.61, -40.78);
insert into SHOT values (6551, 6557, 6558, 6813, 1.76, 158.63, 6.89, 1.76, 158.44, 7.20, 0.01, 24.79, 48.35);
insert into SHOT values (6552, 6557, 6559, 6813, 0.80, 258.39, -77.48, 0.80, 259.99, -77.52, 0.00, 358.55, 11.26);
insert into SHOT values (6553, 6557, 6560, 6813, 16.51, 181.47, 84.59, 16.51, 181.48, 84.61, 0.01, 359.36, 30.21);
insert into SHOT values (6554, 6557, 6561, 6813, 25.59, 308.46, 23.53, 25.59, 308.48, 23.53, 0.01, 14.82, 26.43);
insert into SHOT values (6555, 6557, 6562, 6813, 17.50, 136.81, 41.95, 17.50, 136.81, 41.95, 0.00, 109.30, 35.10);
insert into SHOT values (6556, 6557, 6563, 6813, 0.78, 45.10, 1.69, 0.79, 45.52, 2.19, 0.01, 92.52, 42.10);
insert into SURVEY values (6815, 68, 'ibun', 'ibun.clearwater_master', NULL);
 insert into CENTRELINE values (6816, 6815, NULL, NULL, NULL, 0.00, 0.00, 0.00);
 insert into CENTRELINE values (6817, 6815, NULL, '2017-04-11', NULL, 70.27, 20.38, 0.00);
 insert into SHOT values (6557, 6564, 6565, 6817, 0.38, 184.35, -22.61, 0.38, 183.27, -23.16, 0.01, 91.87, -30.58);
insert into SHOT values (6558, 6564, 6566, 6817, 1.25, 16.22, -3.46, 1.25, 16.26, -3.66, 0.01, 37.28, -61.84);
insert into SHOT values (6559, 6564, 6567, 6817, 3.46, 340.96, 78.99, 3.45, 341.57, 78.92, 0.01, 46.10, -39.25);
insert into SHOT values (6560, 6564, 6568, 6817, 1.66, 209.58, -84.45, 1.67, 209.74, -84.45, 0.01, 243.17, -83.85);
insert into SHOT values (6561, 6564, 6569, 6817, 25.35, 7.89, -85.50, 25.36, 8.09, -85.50, 0.01, 90.90, -49.42);
insert into SHOT values (6562, 6564, 6570, 6817, 0.36, 195.77, -15.35, 0.36, 195.26, -16.30, 0.01, 46.75, -38.22);
insert into SHOT values (6563, 6564, 6571, 6817, 1.38, 4.18, 9.99, 1.38, 4.21, 9.98, 0.00, 11.66, 7.41);
insert into SHOT values (6564, 6564, 6572, 6817, 3.41, 342.47, 82.75, 3.41, 342.41, 82.75, 0.00, 227.07, -79.27);
insert into SHOT values (6565, 6564, 6573, 6817, 1.02, 242.40, -65.53, 1.02, 242.82, -65.90, 0.01, 37.59, -12.58);
insert into SHOT values (6566, 6564, 6574, 6817, 3.61, 278.25, 51.96, 3.61, 278.28, 51.95, 0.00, 62.05, -61.76);
insert into SHOT values (6567, 6575, 6576, 6817, 2.04, 141.56, -10.87, 2.04, 141.47, -10.72, 0.01, 100.33, 45.82);
insert into SHOT values (6568, 6575, 6577, 6817, 0.60, 336.68, -17.34, 0.60, 336.14, -17.57, 0.01, 208.85, -9.82);
insert into SHOT values (6569, 6575, 6578, 6817, 1.97, 128.81, 3.94, 1.97, 129.02, 4.07, 0.01, 189.99, 29.00);
insert into SHOT values (6570, 6575, 6579, 6817, 1.13, 43.25, -84.27, 1.13, 45.00, -84.23, 0.01, 128.88, 51.48);
insert into SHOT values (6571, 6580, 6575, 6817, 20.38, 235.62, -26.22, 20.38, 235.63, -26.24, 0.01, 347.93, -54.36);
insert into SHOT_FLAG values(6571, 'srf');
insert into SHOT values (6572, 6580, 6581, 6817, 1.10, 59.22, -24.00, 1.10, 59.33, -24.23, 0.01, 218.23, -25.58);
insert into SHOT values (6573, 6580, 6582, 6817, 1.40, 218.80, -28.29, 1.40, 218.73, -28.57, 0.01, 72.98, -68.32);
insert into SHOT values (6574, 6580, 6583, 6817, 1.84, 135.44, -9.33, 1.83, 135.45, -9.41, 0.01, 312.89, -17.41);
insert into SHOT values (6575, 6580, 6584, 6817, 1.13, 109.09, -74.41, 1.13, 109.03, -74.28, 0.00, 102.68, -27.01);
insert into SHOT values (6576, 6580, 6585, 6817, 7.93, 120.07, -47.37, 7.93, 120.05, -47.39, 0.01, 64.45, -66.93);
insert into SHOT values (6577, 6585, 6586, 6817, 1.47, 24.38, 11.46, 1.47, 24.25, 11.79, 0.01, 244.67, 56.77);
insert into SHOT values (6578, 6585, 6587, 6817, 1.04, 195.68, 22.74, 1.04, 195.78, 23.21, 0.01, 347.42, 66.04);
insert into SHOT values (6579, 6585, 6588, 6817, 2.20, 330.10, 76.03, 2.21, 329.59, 76.00, 0.01, 265.45, 43.93);
insert into SHOT values (6580, 6585, 6589, 6817, 0.65, 31.03, -59.84, 0.65, 31.26, -59.67, 0.00, 84.40, 50.32);
insert into SHOT values (6581, 6585, 6590, 6817, 6.80, 65.14, 20.47, 6.80, 65.12, 20.48, 0.00, 350.38, 46.89);
insert into SHOT values (6582, 6590, 6591, 6817, 1.73, 317.99, -8.56, 1.73, 317.84, -8.63, 0.01, 257.57, -25.66);
insert into SHOT values (6583, 6590, 6592, 6817, 1.51, 46.58, 80.12, 1.51, 46.55, 80.04, 0.00, 43.42, 42.26);
insert into SHOT values (6584, 6590, 6593, 6817, 2.37, 232.04, -75.89, 2.37, 231.95, -75.75, 0.01, 224.09, -13.19);
insert into SHOT values (6585, 6590, 6594, 6817, 0.62, 99.38, -35.19, 0.62, 99.09, -35.41, 0.00, 1.84, -46.27);
insert into SHOT values (6586, 6590, 6595, 6817, 12.59, 58.86, -2.94, 12.59, 58.86, -2.91, 0.01, 218.47, 64.86);
insert into SHOT values (6587, 6595, 6596, 6817, 0.83, 323.92, 6.53, 0.83, 323.82, 6.19, 0.01, 309.07, -37.94);
insert into SHOT values (6588, 6595, 6597, 6817, 0.37, 146.12, -2.48, 0.37, 147.17, -3.10, 0.01, 242.84, -30.34);
insert into SHOT values (6589, 6595, 6598, 6817, 2.32, 284.61, 78.43, 2.32, 284.93, 78.41, 0.00, 5.75, -47.23);
insert into SHOT values (6590, 6595, 6599, 6817, 0.89, 75.98, -84.58, 0.89, 75.96, -84.71, 0.00, 256.82, -68.05);
insert into SHOT values (6591, 6595, 6600, 6817, 8.65, 58.85, -6.83, 8.65, 58.86, -6.84, 0.00, 185.74, -25.57);
insert into SHOT values (6592, 6600, 6601, 6817, 0.69, 170.51, -3.41, 0.69, 170.81, -3.32, 0.00, 259.69, 16.05);
insert into SHOT values (6593, 6600, 6602, 6817, 0.46, 348.94, 13.82, 0.46, 348.44, 13.76, 0.00, 290.52, 1.48);
insert into SHOT values (6594, 6600, 6603, 6817, 3.89, 331.08, 71.42, 3.88, 331.17, 71.32, 0.01, 353.18, -54.68);
insert into SHOT values (6595, 6600, 6604, 6817, 1.49, 7.85, -78.88, 1.50, 7.85, -78.74, 0.01, 8.03, -56.01);
insert into SHOT values (6596, 6574, 6600, 6817, 5.34, 258.72, 12.96, 5.34, 258.69, 12.99, 0.00, 121.13, 30.72);
insert into SHOT values (6597, 6574, 6605, 6817, 0.46, 162.36, -6.85, 0.46, 161.97, -7.56, 0.01, 16.96, -43.14);
insert into SHOT values (6598, 6574, 6606, 6817, 1.62, 16.35, 2.85, 1.62, 16.53, 2.83, 0.01, 119.53, -6.02);
insert into SHOT values (6599, 6574, 6607, 6817, 5.32, 52.30, 63.12, 5.32, 52.42, 63.05, 0.01, 97.49, -36.89);
insert into SHOT values (6600, 6574, 6608, 6817, 0.96, 63.18, -68.31, 0.96, 63.43, -68.10, 0.00, 91.40, 31.08);
insert into SURVEY values (6819, 68, 'strobe_pit', 'strobe_pit.clearwater_master', NULL);
 insert into CENTRELINE values (6820, 6819, NULL, NULL, NULL, 0.00, 0.00, 0.00);
 insert into CENTRELINE values (6821, 6819, NULL, '2017-04-11', NULL, 62.66, 0.00, 0.00);
 insert into SHOT values (6601, 6609, 6610, 6821, 1.69, 156.34, -6.01, 1.69, 156.18, -6.10, 0.01, 95.84, -28.84);
insert into SHOT values (6602, 6609, 6611, 6821, 9.62, 331.88, 11.54, 9.63, 331.91, 11.57, 0.01, 19.14, 36.46);
insert into SHOT values (6603, 6609, 6612, 6821, 9.64, 316.66, 74.93, 9.64, 316.77, 74.90, 0.01, 1.62, 12.13);
insert into SHOT values (6604, 6609, 6613, 6821, 0.54, 260.54, -80.01, 0.54, 263.66, -80.30, 0.01, 24.00, 17.06);
insert into SHOT values (6605, 6609, 6614, 6821, 2.84, 304.86, -14.22, 2.84, 304.96, -14.24, 0.01, 350.88, -19.85);
insert into SHOT values (6606, 6609, 6615, 6821, 33.68, 263.27, -8.26, 33.68, 263.28, -8.26, 0.01, 8.92, -12.46);
insert into SHOT values (6607, 6609, 6616, 6821, 33.58, 253.38, -7.96, 33.57, 253.38, -7.96, 0.01, 73.46, 1.68);
insert into SHOT values (6608, 6609, 6617, 6821, 39.09, 271.48, -8.36, 39.09, 271.48, -8.36, 0.00, 57.29, 58.73);
insert into SHOT values (6609, 6609, 6618, 6821, 11.55, 246.81, -8.63, 11.54, 246.83, -8.62, 0.01, 44.66, 18.33);
insert into SHOT values (6610, 6618, 6619, 6821, 0.58, 151.91, 35.78, 0.58, 152.35, 35.64, 0.01, 197.65, 9.83);
insert into SHOT values (6611, 6618, 6620, 6821, 10.02, 341.71, -1.47, 10.02, 341.67, -1.49, 0.01, 264.18, -24.34);
insert into SHOT values (6612, 6618, 6621, 6821, 11.71, 336.33, 69.18, 11.70, 336.33, 69.18, 0.01, 154.08, -67.70);
insert into SHOT values (6613, 6618, 6622, 6821, 1.51, 261.08, -75.06, 1.51, 261.25, -74.88, 0.01, 273.81, -10.88);
insert into SHOT values (6614, 6618, 6623, 6821, 10.23, 51.40, -49.58, 10.23, 51.37, -49.59, 0.00, 295.46, -22.83);
insert into SHOT values (6615, 6618, 6624, 6821, 17.17, 298.70, -68.82, 17.17, 298.71, -68.82, 0.00, 56.02, 5.69);
insert into SHOT values (6616, 6618, 6625, 6821, 28.88, 257.43, -64.10, 28.88, 257.42, -64.09, 0.01, 238.55, -4.99);
insert into SHOT values (6617, 6618, 6626, 6821, 52.39, 252.72, -60.70, 52.39, 252.71, -60.70, 0.01, 160.10, -27.01);
insert into SHOT values (6618, 6618, 6627, 6821, 1.83, 252.38, -60.57, 1.84, 251.97, -60.52, 0.01, 200.98, -36.31);
insert into SHOT values (6619, 6618, 6628, 6821, 1.83, 252.34, -60.62, 1.84, 251.97, -60.52, 0.01, 210.58, -31.17);
insert into SHOT values (6620, 6618, 6629, 6821, 51.46, 252.44, -60.72, 51.47, 252.43, -60.72, 0.01, 215.73, -28.68);
insert into SHOT values (6621, 6618, 6630, 6821, 51.10, 252.58, -62.22, 51.10, 252.58, -62.21, 0.01, 270.61, 4.02);
insert into SHOT values (6622, 6618, 6631, 6821, 51.07, 252.62, -62.18, 51.07, 252.62, -62.18, 0.00, 262.06, -34.26);
insert into SHOT values (6623, 6618, 6632, 6821, 51.14, 252.51, -62.05, 51.14, 252.49, -62.05, 0.01, 168.76, -38.75);
insert into SHOT values (6624, 6618, 6633, 6821, 51.11, 253.15, -63.68, 51.11, 253.15, -63.68, 0.00, 232.07, 37.41);
insert into SURVEY values (6823, 68, 'wind_cave', 'wind_cave.clearwater_master', NULL);
 insert into CENTRELINE values (6824, 6823, NULL, NULL, NULL, 0.00, 0.00, 0.00);
 insert into SCRAPS values (6825, 6823, 'WindCaveSP1', 1, 0.00000, 0.00000);
 insert into CENTRELINE values (6827, 6823, 'wind cave river resurvey', '2017-04-16', NULL, 0.00, 0.00, 0.00);
 insert into SURVEY values (6828, 6823, '4', '4.wind_cave.clearwater_master', NULL);
 insert into CENTRELINE values (6829, 6828, NULL, NULL, NULL, 0.00, 0.00, 0.00);
 insert into CENTRELINE values (6830, 6828, NULL, NULL, NULL, 458.92, 0.00, 0.00);
 insert into SHOT values (6625, 6634, 6635, 6830, 19.88, 269.13, -3.05, 19.89, 268.93, -3.11, 0.07, 188.66, -17.77);
insert into SHOT values (6626, 6635, 6634, 6830, 19.92, 88.70, 3.21, 19.89, 88.93, 3.11, 0.09, 196.22, -22.73);
insert into SHOT values (6627, 6635, 6636, 6830, 26.43, 174.80, 51.56, 26.43, 174.80, 51.55, 0.01, 172.86, -13.88);
insert into SHOT values (6628, 6635, 6637, 6830, 14.04, 272.82, -0.06, 14.05, 272.82, -0.08, 0.01, 263.93, -36.92);
insert into SHOT values (6629, 6637, 6638, 6830, 19.07, 269.60, -2.72, 19.06, 269.58, -2.71, 0.01, 131.08, 24.95);
insert into SHOT values (6630, 6638, 6639, 6830, 34.77, 315.48, -0.60, 34.77, 315.48, -0.61, 0.01, 274.14, -70.64);
insert into SHOT values (6631, 6639, 6640, 6830, 11.83, 350.60, 0.52, 11.83, 350.61, 0.53, 0.00, 107.91, 50.51);
insert into SHOT values (6632, 6640, 6641, 6830, 19.88, 282.66, 3.73, 19.88, 282.66, 3.72, 0.01, 296.77, -33.63);
insert into SHOT values (6633, 6641, 6642, 6830, 36.65, 297.59, 0.16, 36.65, 297.60, 0.17, 0.01, 20.32, 50.41);
insert into SHOT values (6634, 6642, 6643, 6830, 16.07, 32.87, -0.25, 16.06, 32.88, -0.25, 0.01, 193.14, 0.93);
insert into SHOT values (6635, 6643, 6644, 6830, 19.80, 352.60, -1.79, 19.80, 352.60, -1.79, 0.00, 346.34, -18.21);
insert into SHOT values (6636, 6644, 6645, 6830, 19.24, 350.78, 3.92, 19.24, 350.80, 3.90, 0.01, 61.49, -40.18);
insert into SHOT values (6637, 6645, 6646, 6830, 30.46, 307.30, -0.58, 30.46, 307.29, -0.58, 0.01, 188.53, -12.42);
insert into SHOT values (6638, 6646, 6647, 6830, 12.60, 11.96, -0.33, 12.60, 11.95, -0.32, 0.00, 344.39, 33.65);
insert into SHOT values (6639, 6647, 6648, 6830, 17.64, 300.64, 7.14, 17.64, 300.64, 7.13, 0.00, 231.87, -76.64);
insert into SHOT values (6640, 6648, 6649, 6830, 15.82, 357.50, -5.71, 15.82, 357.49, -5.69, 0.01, 315.94, 39.48);
insert into SHOT values (6641, 6649, 6650, 6830, 7.47, 314.09, -7.19, 7.46, 314.07, -7.16, 0.01, 154.90, 33.91);
insert into SHOT values (6642, 6650, 6651, 6830, 29.05, 310.32, 1.03, 29.06, 310.32, 1.03, 0.01, 322.66, -16.10);
insert into SHOT values (6643, 6651, 6652, 6830, 44.62, 281.42, -0.19, 44.61, 281.42, -0.19, 0.01, 126.32, -14.41);
insert into SHOT values (6644, 6652, 6653, 6830, 25.74, 286.46, 1.09, 25.74, 286.46, 1.09, 0.00, 162.00, 9.42);
insert into SHOT values (6645, 6653, 6654, 6830, 21.80, 272.64, 1.48, 21.80, 272.66, 1.47, 0.01, 356.30, -26.08);
insert into SHOT values (6646, 6655, 6654, 6830, 16.56, 171.14, 3.22, 16.55, 171.12, 3.22, 0.01, 27.68, -1.36);
insert into SHOT values (6647, 6655, 6656, 6830, 6.01, 128.54, 0.84, 6.01, 128.51, 0.86, 0.00, 355.14, 24.21);
insert into SURVEY values (6832, 6823, '5', '5.wind_cave.clearwater_master', NULL);
 insert into CENTRELINE values (6833, 6832, NULL, NULL, NULL, 0.00, 0.00, 0.00);
 insert into CENTRELINE values (6834, 6832, NULL, NULL, NULL, 52.13, 0.00, 0.00);
 insert into SHOT values (6648, 6657, 6658, 6834, 31.65, 10.92, 47.79, 31.65, 10.92, 47.78, 0.00, 60.95, -53.57);
insert into SHOT values (6649, 6659, 6658, 6834, 20.48, 254.24, -27.06, 20.48, 254.25, -27.07, 0.01, 34.24, -35.96);
insert into SURVEY values (6837, 68, 'clay_hall_2_streamway', 'clay_hall_2_streamway.clearwater_master', NULL);
 insert into CENTRELINE values (6838, 6837, NULL, NULL, NULL, 0.00, 0.00, 0.00);
 insert into CENTRELINE values (6839, 6837, NULL, '2017-04-13', NULL, 98.57, 0.00, 0.00);
 insert into SHOT values (6650, 6660, 6661, 6839, 9.09, 287.44, -25.16, 9.10, 288.37, -25.44, 0.14, 21.69, -18.77);
insert into SHOT values (6651, 6661, 6660, 6839, 9.11, 109.27, 25.72, 9.10, 108.37, 25.44, 0.14, 23.83, -18.54);
insert into SHOT values (6652, 6661, 6662, 6839, 16.63, 339.54, -4.76, 16.62, 339.54, -4.76, 0.01, 157.17, -0.05);
insert into SHOT values (6653, 6661, 6663, 6839, 5.75, 0.18, 75.93, 5.74, 0.41, 75.99, 0.01, 144.49, -37.83);
insert into SHOT values (6654, 6661, 6664, 6839, 16.12, 265.77, -25.27, 16.12, 265.75, -25.31, 0.01, 121.72, -43.58);
insert into SHOT values (6655, 6664, 6665, 6839, 7.73, 315.38, -4.67, 7.73, 315.37, -4.68, 0.00, 157.96, -9.00);
insert into SHOT values (6656, 6664, 6666, 6839, 17.82, 172.26, 21.40, 17.82, 172.28, 21.42, 0.01, 273.27, 60.29);
insert into SHOT values (6657, 6664, 6667, 6839, 7.50, 246.59, 74.01, 7.50, 246.66, 73.99, 0.00, 281.84, 2.45);
insert into SHOT values (6658, 6664, 6668, 6839, 2.28, 251.67, -64.87, 2.28, 251.94, -64.84, 0.01, 349.04, 42.39);
insert into SHOT values (6659, 6664, 6669, 6839, 5.38, 227.77, -22.70, 5.38, 227.77, -22.61, 0.01, 229.96, 43.71);
insert into SHOT values (6660, 6669, 6670, 6839, 17.01, 150.42, 33.54, 17.01, 150.42, 33.54, 0.00, 89.83, 52.34);
insert into SHOT values (6661, 6669, 6671, 6839, 4.13, 148.09, 13.19, 4.13, 148.01, 13.16, 0.01, 53.25, -22.89);
insert into SHOT values (6662, 6669, 6672, 6839, 9.72, 337.53, 5.17, 9.72, 337.54, 5.13, 0.01, 358.30, -52.65);
insert into SHOT values (6663, 6669, 6673, 6839, 9.57, 136.84, 81.61, 9.57, 136.45, 81.63, 0.01, 29.43, 13.81);
insert into SHOT values (6664, 6669, 6674, 6839, 1.09, 212.43, -82.06, 1.09, 213.69, -82.39, 0.01, 6.00, -3.61);
insert into SHOT values (6665, 6669, 6675, 6839, 17.05, 198.45, 39.89, 17.05, 198.45, 39.88, 0.00, 152.84, -85.05);
insert into SHOT values (6666, 6669, 6676, 6839, 9.21, 219.30, -27.93, 9.21, 219.31, -27.99, 0.01, 29.82, -37.47);
insert into SHOT values (6667, 6676, 6677, 6839, 6.48, 251.06, -45.96, 6.47, 251.08, -45.92, 0.01, 19.69, 74.70);
insert into SHOT values (6668, 6676, 6678, 6839, 2.38, 167.16, -0.95, 2.38, 167.13, -0.96, 0.00, 81.82, -24.60);
insert into SHOT values (6669, 6676, 6679, 6839, 7.94, 159.86, -8.44, 7.94, 159.90, -8.40, 0.01, 214.34, 35.51);
insert into SHOT values (6670, 6676, 6680, 6839, 4.20, 334.85, -10.45, 4.20, 334.80, -10.42, 0.01, 284.77, 20.36);
insert into SHOT values (6671, 6676, 6681, 6839, 1.89, 329.68, -87.00, 1.88, 327.99, -87.13, 0.01, 180.69, 53.99);
insert into SHOT values (6672, 6677, 6682, 6839, 3.02, 143.84, -22.06, 3.02, 143.87, -22.17, 0.01, 260.83, -75.46);
insert into SHOT values (6673, 6677, 6683, 6839, 0.84, 297.71, 8.59, 0.84, 297.18, 8.21, 0.01, 216.98, -35.08);
insert into SHOT values (6674, 6677, 6684, 6839, 1.01, 275.54, 83.96, 1.01, 275.19, 83.70, 0.01, 266.48, -46.09);
insert into SHOT values (6675, 6677, 6685, 6839, 1.11, 263.68, -86.00, 1.11, 262.87, -85.85, 0.00, 244.10, -38.66);
insert into SHOT values (6676, 6677, 6686, 6839, 5.09, 156.32, -41.69, 5.10, 156.47, -41.69, 0.01, 216.01, -22.52);
insert into SHOT values (6677, 6677, 6687, 6839, 5.88, 224.47, -23.63, 5.89, 224.47, -23.62, 0.01, 227.25, -20.24);
insert into SHOT values (6678, 6686, 6688, 6839, 2.41, 72.24, 1.17, 2.42, 72.16, 1.19, 0.01, 46.68, 6.15);
insert into SHOT values (6679, 6686, 6689, 6839, 1.82, 285.05, 2.63, 1.82, 285.34, 2.52, 0.01, 35.87, -19.78);
insert into SHOT values (6680, 6686, 6690, 6839, 0.71, 295.82, 86.04, 0.71, 306.87, 85.97, 0.01, 25.58, 10.03);
insert into SHOT values (6681, 6686, 6691, 6839, 0.88, 135.39, -86.63, 0.88, 126.87, -86.75, 0.01, 28.27, -11.11);
insert into SHOT values (6682, 6686, 6692, 6839, 7.65, 258.04, -26.19, 7.65, 258.05, -26.23, 0.01, 65.56, -30.87);
insert into SHOT values (6683, 6692, 6693, 6839, 5.50, 160.68, -16.10, 5.49, 160.64, -16.06, 0.01, 14.45, 37.07);
insert into SHOT values (6684, 6692, 6694, 6839, 9.95, 165.78, -21.93, 9.95, 165.77, -21.89, 0.01, 136.07, 57.46);
insert into SHOT values (6685, 6692, 6695, 6839, 3.47, 8.94, 13.69, 3.47, 8.88, 13.83, 0.01, 263.28, 65.75);
insert into SHOT values (6686, 6692, 6696, 6839, 13.19, 328.66, 10.62, 13.19, 328.66, 10.66, 0.01, 132.29, 67.44);
insert into SHOT values (6687, 6692, 6697, 6839, 1.67, 132.75, 81.46, 1.68, 133.36, 81.52, 0.01, 231.77, 72.51);
insert into SHOT values (6688, 6692, 6698, 6839, 2.01, 292.57, -86.34, 2.00, 292.62, -86.28, 0.01, 296.40, 73.98);
insert into SHOT values (6689, 6692, 6699, 6839, 8.26, 186.53, -14.35, 8.26, 186.53, -14.30, 0.01, 7.29, 87.02);
insert into SHOT values (6690, 6692, 6700, 6839, 11.41, 254.49, -1.47, 11.41, 254.49, -1.46, 0.00, 83.16, 72.01);
insert into SHOT values (6691, 6700, 6701, 6839, 4.38, 169.79, -39.16, 4.37, 169.82, -39.12, 0.01, 320.35, 62.14);
insert into SHOT values (6692, 6700, 6702, 6839, 3.51, 348.83, -1.46, 3.51, 348.82, -1.47, 0.00, 186.23, -13.30);
insert into SHOT values (6693, 6700, 6703, 6839, 14.30, 342.22, -0.43, 14.30, 342.21, -0.44, 0.01, 314.79, -28.99);
insert into SHOT values (6694, 6700, 6704, 6839, 1.14, 121.90, 84.82, 1.14, 122.01, 85.27, 0.01, 300.74, 28.47);
insert into SHOT values (6695, 6700, 6705, 6839, 1.73, 156.57, -89.16, 1.73, 153.43, -89.26, 0.00, 358.52, -3.25);
insert into SHOT values (6696, 6700, 6706, 6839, 7.75, 257.65, -25.17, 7.75, 257.65, -25.13, 0.01, 83.62, 73.30);
insert into SHOT values (6697, 6706, 6707, 6839, 1.50, 176.37, 22.68, 1.50, 176.68, 22.41, 0.01, 279.18, -47.32);
insert into SHOT values (6698, 6706, 6708, 6839, 3.22, 175.22, -5.51, 3.22, 175.34, -5.53, 0.01, 299.30, -5.75);
insert into SHOT values (6699, 6706, 6709, 6839, 2.57, 222.56, -31.89, 2.58, 222.59, -31.88, 0.01, 236.38, -24.91);
insert into SHOT values (6700, 6706, 6710, 6839, 4.61, 10.45, -15.64, 4.62, 10.37, -15.71, 0.01, 309.76, -46.76);
insert into SHOT values (6701, 6706, 6711, 6839, 21.19, 343.22, -3.18, 21.19, 343.22, -3.19, 0.01, 331.30, -48.59);
insert into SHOT values (6702, 6706, 6712, 6839, 8.29, 338.62, 63.41, 8.29, 338.54, 63.36, 0.01, 302.97, -20.15);
insert into SHOT values (6703, 6706, 6713, 6839, 3.36, 299.91, -84.91, 3.36, 299.98, -84.88, 0.00, 310.21, -57.14);
insert into SHOT values (6704, 6706, 6714, 6839, 2.56, 225.32, -31.99, 2.57, 225.37, -31.98, 0.01, 241.78, -28.47);
insert into SHOT values (6705, 6714, 6715, 6839, 2.64, 186.02, 10.54, 2.64, 185.97, 10.48, 0.00, 62.54, -49.61);
insert into SHOT values (6706, 6714, 6716, 6839, 21.28, 359.85, 3.70, 21.28, 359.87, 3.69, 0.01, 51.64, -24.47);
insert into SHOT values (6707, 6714, 6717, 6839, 1.99, 145.03, 89.56, 1.99, 135.00, 89.59, 0.00, 26.20, 1.20);
insert into SHOT values (6708, 6714, 6718, 6839, 1.97, 242.80, -81.19, 1.97, 244.29, -81.26, 0.01, 348.27, -21.85);
insert into SHOT values (6709, 6714, 6719, 6839, 7.65, 232.99, -16.61, 7.65, 232.99, -16.64, 0.01, 54.03, -33.92);
insert into SHOT values (6710, 6714, 6720, 6839, 3.07, 296.24, -44.48, 3.07, 296.33, -44.51, 0.01, 71.87, 11.72);
insert into SHOT values (6711, 6714, 6721, 6839, 16.92, 265.36, -14.43, 16.92, 265.38, -14.44, 0.01, 24.37, -30.44);
insert into SHOT values (6712, 6714, 6722, 6839, 14.96, 288.44, -16.25, 14.96, 288.47, -16.27, 0.01, 34.99, -23.66);
insert into SHOT values (6713, 6714, 6723, 6839, 13.22, 317.54, -18.26, 13.22, 317.58, -18.25, 0.01, 32.25, 13.06);
insert into SHOT values (6714, 6714, 6724, 6839, 17.74, 338.10, -12.91, 17.75, 338.11, -12.89, 0.01, 355.84, 29.00);
insert into SHOT values (6715, 6714, 6725, 6839, 20.65, 267.52, 1.08, 20.65, 267.53, 1.08, 0.00, 318.35, 9.78);
insert into SHOT values (6716, 6714, 6726, 6839, 18.45, 300.43, 1.14, 18.45, 300.46, 1.15, 0.01, 36.57, 18.10);
insert into SHOT values (6717, 6714, 6727, 6839, 20.07, 335.02, 0.99, 20.07, 335.03, 1.00, 0.01, 87.90, 36.70);
insert into SHOT values (6718, 6714, 6728, 6839, 8.17, 333.37, -30.55, 8.17, 333.40, -30.54, 0.00, 82.56, 36.36);
insert into SHOT values (6719, 6714, 6729, 6839, 8.72, 337.32, -28.39, 8.72, 337.31, -28.40, 0.00, 312.91, -53.84);
insert into SURVEY values (6841, 68, 'eureka_matt', 'eureka_matt.clearwater_master', NULL);
 insert into CENTRELINE values (6842, 6841, NULL, NULL, NULL, 0.00, 0.00, 0.00);
 insert into SCRAPS values (6843, 6841, 'EurekaNorthSP1', 1, 37.58495, 1.25938);
 insert into SCRAPS values (6894, 6841, 'ClayHallSP1', 1, 74.66795, 12.69357);
 insert into SCRAPS values (6918, 6841, 'EurekaSP1', 1, 1.32780, 0.12085);
 insert into SCRAPS values (6932, 6841, 'EurekaSP2', 1, 58.97536, 6.51069);
 insert into SCRAPS values (6967, 6841, 'EurekaSP3', 1, 69.85641, 1.81221);
 insert into SCRAPS values (7020, 6841, 'EurekaSouthStrikeSP1', 1, 7.32535, 0.37018);
 insert into SCRAPS values (7054, 6841, 'EurekaSouthStrikeSP2', 1, 75.41976, 9.37888);
 insert into SCRAPS values (7070, 6841, 'EurekaSouthStrikeSP3', 1, 55.65908, 3.57724);
 insert into SCRAPS values (7079, 6841, 'EurekaHLSP1', 1, 68.20329, 4.45091);
 insert into SCRAPS values (7096, 6841, 'EurekaHLSP2', 1, 45.53472, 2.39854);
 insert into SCRAPS values (7113, 6841, 'EurekaHLSP3', 1, 57.66617, 0.74642);
 insert into SCRAPS values (7157, 6841, 'EurekaHLSP4', 1, 1.31927, 0.14127);
 insert into SCRAPS values (7166, 6841, 'EurekaSumpSP1', 1, 4.15254, 0.94977);
 insert into SCRAPS values (7179, 6841, 'EurekaSumpSP2', 1, 2.81554, 0.33360);
 insert into MAPS values (7209, 6841, 'eureka_hl_map', 'Eureka High Level Series', 1, 1439.360, 88.770);
 insert into MAPITEMS values (7209, 4, 7157);
 insert into MAPITEMS values (7209, 4, 7113);
 insert into MAPITEMS values (7209, 4, 7096);
 insert into MAPITEMS values (7209, 4, 7079);
 insert into MAPS values (7210, 6841, 'eureka_main_map_2017', 'Eureka 2017', 1, 1439.360, 88.770);
 insert into MAPITEMS values (7210, 4, 6843);
 insert into MAPITEMS values (7210, 4, 6932);
 insert into MAPITEMS values (7210, 4, 6918);
 insert into MAPITEMS values (7210, 4, 6967);
 insert into MAPITEMS values (7210, 4, 7020);
 insert into MAPITEMS values (7210, 4, 7054);
 insert into MAPITEMS values (7210, 4, 7070);
 insert into MAPITEMS values (7210, 4, 7166);
 insert into MAPITEMS values (7210, 4, 7179);
 insert into MAPS values (7211, 6841, 'clay_hall_map', 'Clay Hall', 1, 1439.360, 88.770);
 insert into MAPITEMS values (7211, 4, 6894);
 insert into MAPS values (7212, 6841, 'eureka_chamber_map_2017', 'Eureka Chamber 2017', 1, 1439.360, 88.770);
 insert into MAPITEMS values (7212, 4, 7209);
 insert into MAPITEMS values (7212, 4, 7210);
 insert into MAPS values (7213, 6841, 'eureka_main_map', 'Eureka Main Passage', 1, 1439.360, 88.770);
 insert into MAPITEMS values (7213, 4, 6843);
 insert into MAPITEMS values (7213, 4, 6932);
 insert into MAPITEMS values (7213, 4, 6918);
 insert into MAPITEMS values (7213, 4, 6967);
 insert into MAPITEMS values (7213, 4, 7020);
 insert into MAPITEMS values (7213, 4, 7054);
 insert into MAPITEMS values (7213, 4, 7070);
 insert into MAPS values (7214, 6841, 'eureka_sump_map', NULL, 1, 1439.360, 88.770);
 insert into MAPITEMS values (7214, 4, 7166);
 insert into MAPITEMS values (7214, 4, 7179);
 insert into MAPS values (7215, 6841, 'eureka_matt_m', 'Eureka Chamber', 1, 1439.360, 88.770);
 insert into MAPITEMS values (7215, 4, 7209);
 insert into MAPITEMS values (7215, 4, 7213);
 insert into MAPITEMS values (7215, 4, 7214);
 insert into CENTRELINE values (7216, 6841, NULL, NULL, NULL, 1439.36, 0.00, 260.20);
 insert into SHOT values (6720, 6730, 6731, 7216, 5.64, 169.86, 20.42, 5.65, 169.88, 20.42, 0.01, 184.49, 17.52);
insert into SHOT values (6721, 6731, 6732, 7216, 7.41, 212.70, 1.51, 7.41, 212.70, 1.55, 0.01, 27.57, 50.75);
insert into SHOT values (6722, 6732, 6733, 7216, 6.21, 196.41, -9.30, 6.21, 196.39, -9.36, 0.01, 133.83, -74.14);
insert into SHOT values (6723, 6733, 6734, 7216, 9.74, 123.35, 26.72, 9.79, 124.16, 27.02, 0.14, 201.97, 29.19);
insert into SHOT values (6724, 6734, 6735, 7216, 12.85, 46.77, 20.97, 12.82, 47.76, 21.99, 0.31, 165.88, 40.51);
insert into SHOT values (6725, 6735, 6736, 7216, 4.38, 30.19, 52.23, 4.37, 30.55, 52.94, 0.06, 190.51, 29.16);
insert into SHOT values (6726, 6736, 6737, 7216, 10.02, 93.91, 33.34, 10.05, 94.88, 33.80, 0.17, 192.74, 30.17);
insert into SHOT values (6727, 6737, 6738, 7216, 4.85, 165.05, 12.67, 4.93, 165.30, 12.89, 0.09, 180.52, 24.83);
insert into SHOT values (6728, 6738, 6739, 7216, 6.76, 141.80, -31.44, 6.77, 142.13, -30.83, 0.08, 176.71, 44.20);
insert into SHOT_FLAG values(6728, 'dpl');
insert into SHOT values (6729, 6739, 6740, 7216, 14.21, 89.67, -9.85, 14.21, 90.69, -9.19, 0.30, 173.24, 32.52);
insert into SHOT_FLAG values(6729, 'dpl');
insert into SHOT values (6730, 6740, 6741, 7216, 12.38, 168.80, -17.19, 12.42, 168.92, -16.37, 0.18, 184.67, 60.85);
insert into SHOT_FLAG values(6730, 'dpl');
insert into SHOT values (6731, 6741, 6742, 7216, 15.48, 119.05, -22.98, 15.49, 119.92, -22.07, 0.33, 184.44, 42.90);
insert into SHOT_FLAG values(6731, 'dpl');
insert into SHOT values (6732, 6742, 6743, 7216, 16.06, 184.20, -2.57, 16.12, 184.06, -1.74, 0.24, 153.17, 71.37);
insert into SHOT_FLAG values(6732, 'dpl');
insert into SHOT values (6733, 6743, 6744, 7216, 17.09, 229.96, -2.46, 17.14, 228.62, -1.44, 0.51, 148.49, 36.81);
insert into SHOT_FLAG values(6733, 'dpl');
insert into SHOT values (6734, 6744, 6745, 7216, 9.64, 209.36, 9.87, 9.71, 208.84, 10.26, 0.13, 153.33, 36.83);
insert into SHOT_FLAG values(6734, 'dpl');
insert into SHOT values (6735, 6745, 6746, 7216, 10.63, 251.53, 6.51, 10.67, 250.40, 7.11, 0.24, 166.91, 28.72);
insert into SHOT_FLAG values(6735, 'dpl');
insert into SHOT values (6736, 6746, 6747, 7216, 8.93, 226.62, -14.78, 8.97, 225.88, -14.06, 0.16, 168.78, 36.62);
insert into SHOT_FLAG values(6736, 'dpl');
insert into SHOT values (6737, 6747, 6748, 7216, 9.05, 241.99, -16.35, 9.07, 241.12, -15.66, 0.17, 173.23, 34.36);
insert into SHOT_FLAG values(6737, 'dpl');
insert into SHOT values (6738, 6748, 6749, 7216, 7.82, 284.31, 2.20, 7.80, 283.43, 2.72, 0.14, 183.87, 29.84);
insert into SHOT values (6739, 6749, 6750, 7216, 12.35, 24.89, 26.59, 12.31, 25.39, 27.75, 0.27, 172.98, 48.41);
insert into SHOT values (6740, 6750, 6751, 7216, 13.99, 340.46, 30.61, 13.95, 340.03, 32.02, 0.36, 183.24, 50.55);
insert into SHOT values (6741, 6751, 6752, 7216, 3.73, 58.23, 36.58, 3.73, 58.28, 36.75, 0.01, 222.66, 36.63);
insert into SHOT values (6742, 6752, 6753, 7216, 11.26, 12.45, 4.01, 11.26, 12.44, 3.97, 0.01, 317.26, -72.65);
insert into SHOT values (6743, 6753, 6754, 7216, 12.40, 65.77, 14.47, 12.40, 65.76, 14.47, 0.00, 23.44, 30.40);
insert into SHOT values (6744, 6754, 6755, 7216, 10.46, 13.39, 1.70, 10.46, 13.38, 1.70, 0.00, 226.44, -10.23);
insert into SHOT values (6745, 6755, 6756, 7216, 6.28, 358.22, 9.33, 6.28, 358.24, 9.35, 0.01, 147.67, 22.04);
insert into SHOT values (6746, 6756, 6757, 7216, 9.48, 359.22, -12.03, 9.48, 359.26, -12.00, 0.01, 98.66, 42.96);
insert into SHOT values (6747, 6757, 6758, 7216, 3.87, 356.36, 16.38, 3.87, 356.30, 16.34, 0.01, 316.86, -12.32);
insert into SHOT values (6748, 6757, 6759, 7216, 5.06, 274.25, 38.43, 5.06, 274.33, 38.33, 0.01, 311.51, -28.34);
insert into SHOT values (6749, 6759, 6760, 7216, 9.64, 225.96, -17.42, 9.64, 225.92, -17.44, 0.01, 162.17, -32.61);
insert into SHOT values (6750, 6760, 6761, 7216, 5.86, 229.97, -19.78, 5.85, 230.01, -19.77, 0.01, 18.99, 23.47);
insert into SHOT values (6751, 6761, 6762, 7216, 3.53, 284.33, -32.13, 3.53, 284.31, -32.13, 0.00, 271.80, -35.41);
insert into SHOT values (6752, 6762, 6763, 7216, 21.40, 335.29, -40.09, 21.40, 335.30, -40.09, 0.00, 124.89, 16.68);
insert into SHOT values (6753, 6763, 6764, 7216, 4.17, 218.18, -7.37, 4.17, 218.23, -7.30, 0.01, 282.91, 52.48);
insert into SHOT values (6754, 6761, 6765, 7216, 6.72, 222.11, 9.38, 6.72, 222.13, 9.41, 0.01, 251.63, 47.70);
insert into SHOT values (6755, 6765, 6766, 7216, 4.17, 196.42, -13.61, 4.17, 196.33, -13.59, 0.01, 112.89, 11.50);
insert into SHOT values (6756, 6766, 6767, 7216, 2.89, 160.82, -19.17, 2.89, 160.97, -19.19, 0.01, 255.38, -8.11);
insert into SHOT values (6757, 6730, 6768, 7216, 3.79, 17.23, 5.73, 3.79, 17.28, 5.76, 0.00, 121.56, 24.63);
insert into SHOT values (6758, 6768, 6769, 7216, 5.27, 33.16, 0.73, 5.27, 33.15, 0.76, 0.00, 239.10, 46.28);
insert into SHOT values (6759, 6769, 6770, 7216, 4.53, 335.09, -6.30, 4.52, 335.14, -6.35, 0.01, 120.13, -21.16);
insert into SHOT values (6760, 6770, 6771, 7216, 3.01, 291.16, -12.98, 3.01, 291.15, -12.85, 0.01, 284.78, 51.53);
insert into SHOT values (6761, 6771, 6772, 7216, 2.58, 347.33, -18.78, 2.58, 347.50, -18.73, 0.01, 40.12, 3.80);
insert into SHOT values (6762, 6772, 6773, 7216, 3.11, 332.08, 30.13, 3.10, 332.00, 30.16, 0.01, 184.52, -9.33);
insert into SHOT_FLAG values(6762, 'dpl');
insert into SHOT values (6763, 6773, 6774, 7216, 4.18, 268.47, -7.42, 4.19, 268.48, -7.41, 0.01, 275.93, -1.65);
insert into SHOT_FLAG values(6763, 'dpl');
insert into SHOT values (6764, 6774, 6775, 7216, 3.69, 314.07, 20.34, 3.69, 314.18, 20.31, 0.01, 59.38, -20.78);
insert into SHOT_FLAG values(6764, 'dpl');
insert into SHOT values (6765, 6775, 6776, 7216, 7.86, 285.59, -6.43, 7.87, 285.58, -6.42, 0.01, 277.54, 1.97);
insert into SHOT_FLAG values(6765, 'dpl');
insert into SHOT values (6766, 6776, 6777, 7216, 8.76, 302.86, -7.89, 8.75, 302.90, -7.88, 0.01, 77.58, 15.62);
insert into SHOT_FLAG values(6766, 'dpl');
insert into SHOT values (6767, 6777, 6778, 7216, 19.41, 0.50, 1.17, 19.40, 0.47, 1.15, 0.01, 240.84, -30.61);
insert into SHOT_FLAG values(6767, 'dpl');
insert into SHOT values (6768, 6778, 6779, 7216, 7.85, 348.91, 3.22, 7.85, 348.96, 3.21, 0.01, 99.37, -6.95);
insert into SHOT_FLAG values(6768, 'dpl');
insert into SHOT values (6769, 6779, 6780, 7216, 6.45, 250.94, 4.18, 6.45, 250.95, 4.18, 0.00, 14.16, -11.09);
insert into SHOT_FLAG values(6769, 'dpl');
insert into SHOT values (6770, 6780, 6781, 7216, 2.64, 350.67, -38.94, 2.64, 350.49, -38.72, 0.01, 297.90, 49.04);
insert into SHOT_FLAG values(6770, 'dpl');
insert into SHOT values (6771, 6751, 6782, 7216, 5.70, 253.10, -34.70, 5.69, 252.53, -34.35, 0.06, 175.40, 36.09);
insert into SHOT values (6772, 6782, 6751, 7216, 5.68, 72.70, 34.60, 5.69, 72.53, 34.35, 0.03, 39.33, -31.15);
insert into SHOT values (6773, 6782, 6783, 7216, 7.48, 343.90, 7.40, 7.41, 343.61, 7.99, 0.11, 188.50, 37.21);
insert into SHOT values (6774, 6783, 6784, 7216, 9.27, 184.80, -29.10, 9.27, 184.75, -29.12, 0.01, 79.36, -11.92);
insert into SHOT values (6775, 6784, 6785, 7216, 9.58, 180.30, -46.90, 9.57, 180.35, -46.90, 0.01, 314.73, 31.58);
insert into SHOT values (6776, 6783, 6786, 7216, 7.96, 358.70, -36.60, 7.88, 358.73, -36.73, 0.09, 176.38, 24.49);
insert into SHOT values (6777, 6786, 6787, 7216, 10.66, 290.50, -36.10, 10.68, 290.96, -37.50, 0.27, 85.07, -54.16);
insert into SHOT values (6778, 6787, 6788, 7216, 5.77, 293.20, 12.60, 5.71, 293.54, 11.83, 0.11, 78.14, -57.32);
insert into SHOT values (6779, 6788, 6789, 7216, 5.92, 348.30, -18.40, 5.96, 348.83, -19.21, 0.11, 68.48, -59.97);
insert into SHOT values (6780, 6789, 6790, 7216, 5.10, 280.90, 0.40, 5.06, 281.18, -0.34, 0.08, 71.91, -52.49);
insert into SHOT values (6781, 6790, 6791, 7216, 9.89, 197.60, -11.90, 9.88, 196.93, -13.23, 0.26, 79.03, -59.78);
insert into SHOT values (6782, 6791, 6792, 7216, 11.74, 221.20, 5.00, 11.74, 221.19, 5.03, 0.01, 94.19, 62.09);
insert into SHOT values (6783, 6792, 6793, 7216, 17.03, 243.20, 9.80, 17.03, 243.19, 9.80, 0.00, 196.61, 19.52);
insert into SHOT values (6784, 6793, 6794, 7216, 11.57, 189.40, -15.40, 11.57, 189.39, -15.44, 0.01, 20.89, -55.63);
insert into SHOT values (6785, 6794, 6795, 7216, 10.02, 260.70, -19.40, 10.02, 260.69, -19.35, 0.01, 229.62, 63.49);
insert into SHOT values (6786, 6795, 6796, 7216, 11.11, 154.00, -31.10, 11.11, 154.00, -31.11, 0.00, 320.65, -71.40);
insert into SHOT values (6787, 6795, 6797, 7216, 14.62, 255.70, 14.90, 14.62, 255.70, 14.87, 0.01, 114.07, -85.55);
insert into SHOT values (6788, 6797, 6798, 7216, 16.89, 39.70, 4.20, 16.89, 39.70, 4.21, 0.00, 144.52, 83.95);
insert into SHOT values (6789, 6791, 6799, 7216, 12.77, 155.70, 0.10, 12.79, 154.72, -1.39, 0.40, 69.02, -56.55);
insert into SHOT values (6790, 6799, 6800, 7216, 3.70, 175.80, -13.80, 3.70, 175.36, -14.56, 0.06, 63.22, -57.63);
insert into SHOT values (6791, 6800, 6801, 7216, 3.97, 133.60, -8.00, 4.01, 133.16, -8.75, 0.07, 88.47, -53.18);
insert into SHOT values (6792, 6801, 6802, 7216, 9.03, 206.00, 0.70, 8.99, 205.42, -0.38, 0.20, 92.62, -60.01);
insert into SHOT values (6793, 6803, 6802, 7216, 14.57, 155.10, -49.60, 14.50, 155.81, -48.60, 0.29, 193.95, 48.57);
insert into SHOT values (6794, 6803, 6804, 7216, 5.91, 261.10, 19.60, 5.93, 260.40, 19.91, 0.08, 179.56, 28.64);
insert into SHOT values (6795, 6804, 6805, 7216, 4.81, 282.10, -10.10, 4.78, 281.38, -9.75, 0.07, 170.70, 27.83);
insert into SHOT values (6796, 6805, 6806, 7216, 4.77, 346.80, 14.90, 4.71, 346.61, 15.53, 0.08, 178.08, 23.26);
insert into SHOT values (6797, 6806, 6807, 7216, 6.23, 262.30, -10.40, 6.24, 261.58, -9.97, 0.09, 185.50, 29.36);
insert into SHOT values (6798, 6803, 6808, 7216, 17.98, 56.00, 13.70, 18.08, 54.88, 10.16, 1.17, 9.39, -65.89);
insert into SHOT values (6799, 6808, 6786, 7216, 8.11, 56.30, -17.10, 8.24, 55.72, -18.24, 0.22, 10.95, -60.36);
insert into SHOT values (6800, 6786, 6809, 7216, 1.87, 32.80, -36.40, 1.86, 32.74, -36.54, 0.01, 225.94, -2.36);
insert into SHOT values (6801, 6809, 6810, 7216, 16.17, 267.10, 13.90, 16.16, 267.11, 13.92, 0.01, 57.09, 35.94);
insert into SHOT values (6802, 6789, 6811, 7216, 11.76, 351.00, -3.70, 11.76, 350.98, -3.71, 0.00, 256.44, -14.40);
insert into SHOT values (6803, 6811, 6812, 7216, 5.74, 327.50, 2.40, 5.74, 327.61, 2.40, 0.01, 74.41, -1.77);
insert into SHOT values (6804, 6811, 6812, 7216, 5.74, 327.60, 2.30, 5.74, 327.61, 2.40, 0.01, 128.70, 67.17);
insert into SHOT values (6805, 6812, 6813, 7216, 6.78, 343.00, -5.50, 6.78, 342.93, -5.50, 0.01, 240.35, -1.21);
insert into SHOT values (6806, 6813, 6814, 7216, 5.50, 12.30, 2.50, 5.50, 12.29, 2.50, 0.00, 337.97, 3.63);
insert into SHOT values (6807, 6814, 6815, 7216, 5.89, 225.90, -6.80, 5.89, 225.90, -6.83, 0.00, 5.96, -87.95);
insert into SHOT values (6808, 6731, 6816, 7216, 1.23, 272.80, 8.50, 1.22, 272.84, 8.45, 0.01, 83.49, -19.60);
insert into SHOT values (6809, 6816, 6817, 7216, 10.25, 270.50, 0.00, 10.24, 270.39, 0.22, 0.05, 153.70, 61.53);
insert into SHOT values (6810, 6817, 6816, 7216, 10.22, 90.30, -0.40, 10.24, 90.39, -0.22, 0.04, 128.96, 50.09);
insert into SHOT values (6811, 6817, 6818, 7216, 23.91, 30.30, 39.00, 23.92, 30.30, 38.99, 0.01, 36.96, 19.21);
insert into SHOT values (6812, 6819, 6807, 7216, 7.51, 224.20, -34.80, 7.49, 224.80, -35.61, 0.13, 5.26, -36.07);
insert into SHOT values (6813, 6819, 6820, 7216, 2.68, 53.00, 9.80, 2.64, 53.44, 10.24, 0.05, 205.92, 17.56);
insert into SHOT values (6814, 6820, 6821, 7216, 2.48, 340.80, 55.80, 2.46, 340.77, 56.32, 0.03, 162.31, -2.39);
insert into SHOT values (6815, 6821, 6822, 7216, 9.56, 66.80, 23.10, 9.56, 67.39, 23.50, 0.11, 175.39, 32.11);
insert into SHOT values (6816, 6822, 6823, 7216, 10.27, 213.00, 3.00, 10.28, 212.99, 3.01, 0.01, 206.00, 14.60);
insert into SHOT values (6817, 6823, 6824, 7216, 3.42, 268.90, 4.20, 3.42, 268.99, 4.19, 0.01, 1.95, -4.95);
insert into SHOT values (6818, 6824, 6825, 7216, 6.36, 216.10, -20.30, 6.36, 216.06, -20.34, 0.01, 94.55, -37.45);
insert into SHOT values (6819, 6822, 6826, 7216, 5.49, 55.70, 8.50, 5.46, 56.10, 8.74, 0.05, 186.26, 20.30);
insert into SHOT values (6820, 6826, 6827, 7216, 9.24, 4.40, 2.80, 9.19, 4.50, 3.12, 0.07, 166.99, 42.47);
insert into SHOT values (6821, 6827, 6828, 7216, 7.27, 351.60, -11.10, 7.22, 351.56, -10.94, 0.06, 177.40, 31.95);
insert into SHOT values (6822, 6828, 6829, 7216, 6.85, 18.90, -9.00, 6.80, 19.11, -8.80, 0.06, 170.54, 31.46);
insert into SHOT values (6823, 6829, 6830, 7216, 3.17, 36.10, -33.90, 3.12, 36.52, -34.07, 0.05, 192.59, 20.98);
insert into SHOT values (6824, 6830, 6831, 7216, 4.91, 18.50, -2.50, 4.86, 18.73, -2.24, 0.06, 176.12, 24.95);
insert into SHOT values (6825, 6831, 6832, 7216, 13.11, 333.40, -38.70, 13.03, 332.90, -38.88, 0.13, 198.12, 7.73);
insert into SHOT values (6826, 6832, 6833, 7216, 3.77, 134.10, -2.70, 3.82, 134.58, -2.40, 0.06, 165.20, 16.00);
insert into SHOT values (6827, 6833, 6834, 7216, 12.62, 79.80, -39.40, 12.58, 80.88, -38.96, 0.21, 160.62, 28.14);
insert into SHOT values (6828, 6834, 6733, 7216, 4.10, 103.40, -9.80, 4.11, 104.14, -9.52, 0.06, 180.19, 18.40);
insert into SHOT values (6829, 6831, 6835, 7216, 8.96, 149.50, 14.70, 8.94, 149.23, 14.44, 0.06, 48.71, -46.34);
insert into SHOT values (6830, 6835, 6836, 7216, 4.56, 178.60, 20.00, 4.54, 178.39, 19.94, 0.02, 48.13, -25.06);
insert into SHOT values (6831, 6836, 6829, 7216, 9.33, 303.00, -11.10, 9.34, 303.33, -11.36, 0.07, 33.11, -40.08);
insert into SHOT values (6832, 6829, 6837, 7216, 12.08, 231.60, -5.60, 12.07, 231.94, -5.99, 0.11, 337.40, -47.93);
insert into SHOT values (6833, 6837, 6838, 7216, 12.96, 245.70, -1.90, 12.94, 246.15, -2.26, 0.13, 346.16, -37.86);
insert into SHOT values (6834, 6838, 6839, 7216, 7.00, 271.30, -21.80, 7.00, 271.23, -21.80, 0.01, 196.95, -3.12);
insert into SHOT values (6835, 6839, 6840, 7216, 3.89, 262.60, 7.10, 3.89, 262.71, 7.09, 0.01, 344.57, -6.21);
insert into SHOT values (6836, 6839, 6841, 7216, 1.47, 313.10, -14.90, 1.47, 313.01, -14.96, 0.00, 256.90, -35.50);
insert into SHOT values (6837, 6841, 6842, 7216, 9.10, 64.20, -1.30, 9.11, 64.22, -1.32, 0.01, 87.41, -21.04);
insert into SHOT values (6838, 6838, 6843, 7216, 7.32, 168.60, -4.40, 7.30, 168.50, -4.64, 0.04, 16.87, -48.06);
insert into SHOT values (6839, 6843, 6844, 7216, 8.29, 269.10, -6.40, 8.29, 269.10, -6.44, 0.01, 257.43, -65.12);
insert into SHOT values (6840, 6843, 6845, 7216, 10.36, 150.10, -2.90, 10.34, 149.88, -3.22, 0.07, 29.40, -50.90);
insert into SHOT values (6841, 6845, 6820, 7216, 2.46, 156.50, -48.10, 2.46, 156.43, -48.54, 0.02, 342.95, -27.37);
insert into SHOT values (6842, 6738, 6846, 7216, 14.61, 33.30, 4.00, 14.59, 33.54, 4.21, 0.08, 143.30, 38.42);
insert into SHOT values (6843, 6846, 6847, 7216, 14.65, 213.70, -4.00, 14.65, 213.70, -4.03, 0.01, 220.41, -75.74);
insert into SHOT values (6844, 6846, 6848, 7216, 21.23, 25.80, -2.80, 21.20, 26.04, -2.65, 0.11, 130.61, 31.37);
insert into SHOT values (6845, 6848, 6849, 7216, 16.66, 14.20, 18.30, 16.65, 14.11, 18.38, 0.04, 244.87, 29.57);
insert into SHOT values (6846, 6850, 6849, 7216, 9.98, 216.20, -40.50, 9.98, 216.25, -40.58, 0.02, 8.26, -31.20);
insert into SHOT values (6847, 6850, 6851, 7216, 14.08, 60.20, 22.10, 14.06, 60.30, 22.19, 0.04, 197.44, 20.09);
insert into SHOT values (6848, 6852, 6851, 7216, 10.03, 210.80, -27.10, 10.03, 210.82, -27.18, 0.01, 11.56, -48.27);
insert into SHOT values (6849, 6849, 6853, 7216, 11.89, 247.70, -6.70, 11.88, 247.69, -6.72, 0.01, 80.68, -26.08);
insert into SHOT values (6850, 6853, 6854, 7216, 12.29, 283.80, -0.80, 12.30, 283.79, -0.79, 0.01, 257.71, 14.74);
insert into SHOT values (6851, 6848, 6855, 7216, 13.88, 129.50, -14.50, 13.89, 129.64, -14.25, 0.07, 178.66, 52.47);
insert into SHOT_FLAG values(6851, 'dpl');
insert into SHOT values (6852, 6855, 6856, 7216, 15.79, 103.60, -46.30, 15.79, 103.78, -46.06, 0.07, 140.58, 38.19);
insert into SHOT_FLAG values(6852, 'dpl');
insert into SHOT values (6853, 6856, 6857, 7216, 16.21, 36.90, -7.80, 16.20, 37.18, -7.66, 0.09, 132.77, 27.13);
insert into SHOT_FLAG values(6853, 'dpl');
insert into SHOT values (6854, 6857, 6858, 7216, 16.52, 355.10, -2.30, 16.52, 355.10, -2.29, 0.00, 359.22, 39.31);
insert into SHOT values (6855, 6858, 6859, 7216, 27.26, 266.90, -1.10, 27.26, 266.91, -1.11, 0.01, 308.60, -46.77);
insert into SHOT values (6856, 6858, 6860, 7216, 6.20, 152.40, -13.60, 6.20, 152.41, -13.62, 0.00, 282.00, -47.56);
insert into SHOT values (6857, 6857, 6861, 7216, 16.65, 70.30, 17.30, 16.65, 70.62, 17.48, 0.10, 171.25, 28.48);
insert into SHOT_FLAG values(6857, 'dpl');
insert into SHOT values (6858, 6861, 6862, 7216, 13.49, 120.80, 29.20, 13.51, 120.94, 29.25, 0.04, 189.12, 31.43);
insert into SHOT_FLAG values(6858, 'dpl');
insert into SHOT values (6859, 6862, 6863, 7216, 27.46, 350.80, 27.90, 27.47, 351.08, 27.75, 0.14, 59.82, -25.00);
insert into SHOT values (6860, 6863, 6864, 7216, 14.92, 6.50, 12.70, 14.93, 6.62, 12.65, 0.03, 75.13, -16.81);
insert into SHOT values (6861, 6864, 6865, 7216, 25.25, 258.30, 25.90, 25.25, 258.58, 26.06, 0.13, 5.86, 27.50);
insert into SHOT values (6862, 6864, 6866, 7216, 16.00, 263.00, 15.40, 16.00, 263.00, 15.40, 0.00, 100.48, 63.22);
insert into SHOT values (6863, 6866, 6867, 7216, 11.78, 184.30, -28.90, 11.78, 184.33, -28.87, 0.01, 228.08, 18.69);
insert into SHOT values (6864, 6867, 6868, 7216, 4.51, 199.30, -50.00, 4.50, 199.19, -50.04, 0.01, 53.41, 25.58);
insert into SHOT values (6865, 6865, 6852, 7216, 7.32, 275.70, -1.40, 7.31, 275.81, -1.33, 0.02, 41.40, 26.69);
insert into SHOT values (6866, 6862, 6869, 7216, 22.14, 115.30, 28.30, 22.15, 115.92, 28.36, 0.21, 206.42, 6.40);
insert into SHOT values (6867, 6869, 6870, 7216, 19.42, 47.30, 36.20, 19.42, 47.30, 36.19, 0.00, 51.09, 6.42);
insert into SHOT values (6868, 6870, 6871, 7216, 6.05, 90.00, 11.70, 6.05, 90.00, 11.74, 0.01, 270.00, 36.12);
insert into SHOT values (6869, 6871, 6872, 7216, 8.17, 48.20, 14.90, 8.17, 48.23, 14.89, 0.00, 120.16, -8.96);
insert into SHOT values (6870, 6872, 6873, 7216, 17.30, 43.80, 4.80, 17.30, 43.78, 4.77, 0.01, 344.16, -44.99);
insert into SHOT values (6871, 6873, 6874, 7216, 7.13, 36.40, 7.00, 7.13, 36.43, 7.01, 0.01, 175.69, 9.91);
insert into SHOT values (6872, 6875, 6876, 7216, 14.84, 192.10, -38.60, 14.84, 192.09, -38.61, 0.00, 84.89, -55.67);
insert into SHOT values (6873, 6876, 6871, 7216, 26.95, 267.00, -5.10, 26.95, 266.99, -5.09, 0.01, 214.16, 42.60);
insert into SHOT values (6874, 6869, 6877, 7216, 22.13, 191.80, -25.50, 22.14, 191.73, -25.00, 0.19, 177.28, 59.62);
insert into SHOT values (6875, 6877, 6878, 7216, 30.59, 245.10, -24.20, 30.60, 244.29, -23.72, 0.47, 170.39, 29.36);
insert into SHOT values (6876, 6878, 6879, 7216, 17.21, 250.80, -1.70, 17.23, 250.25, -1.53, 0.17, 167.67, 16.89);
insert into SHOT values (6877, 6879, 6880, 7216, 9.41, 222.60, 18.50, 9.43, 222.42, 18.55, 0.04, 161.84, 23.28);
insert into SHOT values (6878, 6880, 6881, 7216, 14.46, 221.90, -6.10, 14.48, 221.59, -5.95, 0.09, 148.26, 24.52);
insert into SHOT values (6879, 6881, 6743, 7216, 8.27, 168.50, -1.40, 8.30, 168.60, -1.24, 0.04, 196.23, 36.67);
insert into SHOT values (6880, 6882, 6883, 7216, 2.85, 231.00, -21.70, 2.84, 231.00, -21.71, 0.01, 50.75, 20.31);
insert into SHOT values (6881, 6883, 6882, 7216, 2.83, 51.30, 21.80, 2.84, 51.00, 21.71, 0.02, 357.75, -3.25);
insert into SHOT values (6882, 6883, 6884, 7216, 3.40, 81.00, -65.70, 3.40, 80.94, -65.73, 0.00, 300.33, -28.88);
insert into SHOT values (6883, 6884, 6885, 7216, 1.04, 329.20, 35.60, 1.04, 328.92, 35.14, 0.01, 297.48, -34.41);
insert into SHOT values (6884, 6885, 6886, 7216, 9.99, 170.80, -49.30, 9.99, 170.73, -49.28, 0.01, 85.52, 23.91);
insert into SHOT values (6885, 6886, 6887, 7216, 3.58, 126.70, -50.50, 3.57, 126.77, -50.54, 0.01, 278.75, 22.48);
insert into SHOT values (6886, 6887, 6888, 7216, 3.94, 196.10, -8.40, 3.95, 196.07, -8.45, 0.01, 170.08, -40.35);
insert into SHOT values (6887, 6888, 6889, 7216, 8.07, 205.90, -0.00, 8.07, 205.87, 0.00, 0.01, 96.50, 0.00);
insert into SHOT values (6888, 6886, 6890, 7216, 5.97, 333.60, 25.30, 5.97, 333.58, 25.30, 0.00, 181.76, -16.45);
insert into SHOT values (6889, 6890, 6891, 7216, 9.91, 322.60, 46.00, 9.91, 322.61, 46.00, 0.00, 45.38, 38.20);
insert into SHOT values (6890, 6892, 6883, 7216, 3.90, 130.10, -30.20, 3.90, 130.07, -30.17, 0.00, 56.42, 41.05);
insert into SHOT values (6891, 6892, 6893, 7216, 3.99, 248.40, 6.10, 3.99, 248.41, 6.04, 0.00, 292.69, -72.00);
insert into SHOT values (6892, 6893, 6894, 7216, 7.16, 256.90, 35.40, 7.17, 256.94, 35.39, 0.01, 296.76, 20.62);
insert into SHOT values (6893, 6882, 6895, 7216, 5.40, 31.80, 25.30, 5.40, 31.77, 25.32, 0.00, 286.66, 39.64);
insert into SHOT values (6894, 6895, 6896, 7216, 6.85, 329.80, 79.80, 6.85, 329.85, 79.79, 0.00, 6.33, -47.08);
insert into SHOT values (6895, 6897, 6896, 7216, 4.67, 114.80, -53.40, 4.66, 114.72, -53.51, 0.01, 316.19, -4.39);
insert into SHOT values (6896, 6897, 6796, 7216, 5.19, 51.30, 37.50, 5.19, 51.21, 37.50, 0.01, 328.37, 4.62);
insert into SHOT values (6897, 6797, 6898, 7216, 2.95, 200.40, 26.20, 2.95, 200.35, 26.35, 0.01, 71.11, 69.74);
insert into SHOT values (6898, 6898, 6899, 7216, 3.65, 299.20, 13.90, 3.66, 299.16, 13.77, 0.01, 281.54, -43.17);
insert into SHOT values (6899, 6899, 6900, 7216, 2.09, 246.30, -0.90, 2.09, 246.26, -0.82, 0.00, 90.54, 38.95);
insert into SHOT values (6900, 6900, 6901, 7216, 2.48, 224.50, 1.30, 2.48, 224.51, 1.38, 0.00, 233.98, 54.03);
insert into SHOT values (6901, 6901, 6902, 7216, 3.26, 337.40, -6.60, 3.26, 337.48, -6.70, 0.01, 86.43, -49.64);
insert into SHOT values (6902, 6902, 6903, 7216, 5.96, 259.50, 0.40, 5.96, 259.46, 0.38, 0.00, 179.17, -22.39);
insert into SHOT values (6903, 6903, 6904, 7216, 2.33, 254.70, 0.30, 2.33, 254.83, 0.49, 0.01, 331.53, 54.92);
insert into SHOT values (6904, 6904, 6905, 7216, 2.34, 215.10, 22.10, 2.35, 215.08, 22.03, 0.01, 208.39, -2.97);
insert into SURVEY values (7218, 68, 'clearwater_stream_to_sump_1', 'clearwater_stream_to_sump_1.clearwater_master', NULL);
 insert into CENTRELINE values (7219, 7218, NULL, NULL, NULL, 0.00, 0.00, 0.00);
 insert into CENTRELINE values (7220, 7218, NULL, '2017-04-17', NULL, 1645.34, 0.00, 0.00);
 insert into SHOT values (6905, 6906, 6907, 7220, 30.49, 78.60, -28.18, 30.51, 78.47, -28.25, 0.07, 344.76, -34.60);
insert into SHOT values (6906, 6907, 6906, 7220, 30.52, 258.36, 28.32, 30.51, 258.47, 28.25, 0.07, 343.11, -36.01);
insert into SHOT values (6907, 6907, 6908, 7220, 27.90, 44.59, 7.80, 27.90, 44.60, 7.81, 0.01, 137.94, 27.17);
insert into SHOT values (6908, 6908, 6909, 7220, 10.34, 26.52, -12.82, 10.34, 26.51, -12.80, 0.00, 232.98, 62.18);
insert into SHOT values (6909, 6908, 6910, 7220, 10.51, 26.36, 8.07, 10.52, 26.34, 8.09, 0.01, 356.88, 37.00);
insert into SHOT values (6910, 6907, 6911, 7220, 25.30, 310.73, -3.11, 25.29, 310.73, -3.10, 0.01, 134.23, 25.44);
insert into SHOT values (6911, 6911, 6912, 7220, 22.87, 350.95, 2.02, 22.87, 350.94, 2.03, 0.01, 255.41, 37.57);
insert into SHOT values (6912, 6912, 6913, 7220, 19.02, 333.45, -7.42, 19.02, 333.45, -7.43, 0.00, 169.01, -64.24);
insert into SHOT values (6913, 6913, 6914, 7220, 0.52, 113.11, -74.16, 0.52, 111.04, -74.43, 0.01, 354.55, 2.54);
insert into SHOT values (6914, 6913, 6915, 7220, 5.08, 24.81, 65.22, 5.08, 24.64, 65.16, 0.01, 334.81, -15.58);
insert into SHOT values (6915, 6913, 6916, 7220, 29.41, 357.73, 1.36, 29.41, 357.74, 1.36, 0.01, 73.43, 22.55);
insert into SHOT values (6916, 6916, 6917, 7220, 17.64, 46.42, 12.52, 17.63, 46.41, 12.51, 0.01, 255.21, -39.10);
insert into SHOT values (6917, 6917, 6918, 7220, 23.31, 50.73, 3.06, 23.31, 50.72, 3.07, 0.01, 358.09, 41.64);
insert into SHOT values (6918, 6918, 6919, 7220, 11.97, 76.77, -4.86, 11.97, 76.77, -4.89, 0.01, 313.20, -84.50);
insert into SHOT values (6919, 6919, 6920, 7220, 15.70, 129.58, 5.56, 15.71, 129.58, 5.55, 0.01, 120.31, -8.79);
insert into SHOT values (6920, 6920, 6921, 7220, 12.80, 44.74, 28.76, 12.80, 44.71, 28.78, 0.01, 267.35, 9.38);
insert into SHOT values (6921, 6921, 6922, 7220, 6.82, 24.92, 5.14, 6.82, 24.98, 5.13, 0.01, 91.20, -7.19);
insert into SHOT values (6922, 6922, 6923, 7220, 16.40, 55.76, -8.68, 16.40, 55.76, -8.66, 0.01, 230.96, 58.36);
insert into SHOT values (6923, 6923, 6924, 7220, 19.06, 345.87, -8.76, 19.06, 345.87, -8.75, 0.00, 330.40, 46.43);
insert into SHOT values (6924, 6923, 6925, 7220, 16.50, 343.03, -5.32, 16.51, 343.02, -5.32, 0.01, 322.83, -1.07);
insert into SHOT values (6925, 6923, 6926, 7220, 10.58, 340.52, 14.84, 10.59, 340.54, 14.83, 0.01, 3.52, 1.67);
insert into SHOT values (6926, 6923, 6927, 7220, 6.84, 116.20, 0.16, 6.84, 116.19, 0.17, 0.00, 92.30, 17.93);
insert into SHOT values (6927, 6927, 6928, 7220, 13.26, 182.90, -21.63, 13.26, 182.93, -21.64, 0.01, 274.42, -19.09);
insert into SHOT values (6928, 6928, 6929, 7220, 11.99, 100.84, -49.84, 11.99, 100.80, -49.81, 0.01, 51.44, 25.90);
insert into SHOT values (6929, 6929, 6930, 7220, 20.19, 98.43, 13.16, 20.18, 98.43, 13.15, 0.01, 286.22, -41.06);
insert into SHOT values (6930, 6929, 6931, 7220, 29.44, 75.74, 21.10, 29.44, 75.75, 21.10, 0.01, 178.58, 17.03);
insert into SHOT values (6931, 6929, 6932, 7220, 31.85, 63.18, 10.93, 31.84, 63.17, 10.93, 0.01, 272.18, 6.48);
insert into SHOT values (6932, 6929, 6933, 7220, 35.56, 60.80, 18.84, 35.55, 60.79, 18.84, 0.01, 278.21, -21.88);
insert into SHOT values (6933, 6929, 6934, 7220, 10.12, 86.48, -44.16, 10.12, 86.52, -44.19, 0.01, 227.92, 1.63);
insert into SHOT values (6934, 6934, 6935, 7220, 10.69, 72.41, -39.66, 10.70, 72.40, -39.67, 0.01, 59.98, -50.92);
insert into SHOT values (6935, 6935, 6936, 7220, 14.88, 94.95, -5.88, 14.87, 94.96, -5.87, 0.01, 246.61, 31.75);
insert into SHOT values (6936, 6935, 6937, 7220, 15.92, 92.70, 5.87, 15.92, 92.68, 5.88, 0.01, 9.99, 16.75);
insert into SHOT values (6937, 6935, 6938, 7220, 23.11, 47.09, -5.48, 23.11, 47.10, -5.46, 0.01, 157.43, 68.75);
insert into SHOT values (6938, 6935, 6939, 7220, 24.28, 51.92, 3.84, 24.28, 51.92, 3.85, 0.00, 146.24, 67.82);
insert into SHOT values (6939, 6935, 6940, 7220, 13.08, 187.04, -1.67, 13.07, 187.03, -1.67, 0.01, 22.50, 10.59);
insert into SHOT values (6940, 6940, 6941, 7220, 13.54, 202.87, -5.92, 13.54, 202.89, -5.89, 0.01, 261.01, 47.68);
insert into SHOT values (6941, 6941, 6942, 7220, 8.46, 250.40, 11.36, 8.46, 250.34, 11.32, 0.01, 154.46, -36.91);
insert into SHOT values (6942, 6942, 6943, 7220, 7.53, 253.42, 3.18, 7.53, 253.47, 3.20, 0.01, 322.20, 18.50);
insert into SHOT values (6943, 6943, 6944, 7220, 39.79, 275.33, -0.90, 39.79, 275.32, -0.89, 0.01, 151.77, 37.60);
insert into SHOT values (6944, 6944, 6945, 7220, 7.86, 328.96, -14.66, 7.86, 328.98, -14.66, 0.00, 11.44, -9.06);
insert into SHOT values (6945, 6944, 6946, 7220, 5.70, 322.15, 24.42, 5.70, 322.12, 24.34, 0.01, 288.60, -48.85);
insert into SHOT values (6946, 6944, 6947, 7220, 38.42, 216.87, 4.39, 38.42, 216.88, 4.39, 0.01, 316.04, -6.10);
insert into SHOT values (6947, 6947, 6948, 7220, 37.43, 183.09, 13.76, 37.43, 183.09, 13.76, 0.00, 354.94, -44.95);
insert into SHOT values (6948, 6948, 6949, 7220, 10.55, 186.76, 36.21, 10.55, 186.74, 36.18, 0.01, 163.74, -18.45);
insert into SHOT values (6949, 6935, 6950, 7220, 27.22, 13.93, -2.44, 27.22, 13.91, -2.42, 0.01, 302.98, 47.07);
insert into SHOT values (6950, 6950, 6951, 7220, 19.14, 146.69, -0.64, 19.14, 146.70, -0.66, 0.01, 184.52, -48.48);
insert into SHOT values (6951, 6950, 6952, 7220, 18.32, 143.66, 8.77, 18.32, 143.67, 8.76, 0.01, 170.33, -29.98);
insert into SHOT values (6952, 6950, 6953, 7220, 13.17, 114.02, -5.26, 13.17, 114.02, -5.27, 0.00, 145.57, -52.72);
insert into SHOT values (6953, 6950, 6954, 7220, 16.70, 112.33, 10.36, 16.70, 112.32, 10.35, 0.01, 69.36, -35.78);
insert into SHOT values (6954, 6950, 6955, 7220, 21.00, 165.22, 44.75, 21.00, 165.20, 44.74, 0.01, 85.40, -38.80);
insert into SHOT values (6955, 6950, 6956, 7220, 32.44, 167.36, 55.65, 32.44, 167.35, 55.65, 0.01, 83.20, -29.91);
insert into SHOT values (6956, 6950, 6957, 7220, 21.23, 109.14, 56.60, 21.23, 109.12, 56.58, 0.01, 79.03, -21.89);
insert into SHOT values (6957, 6950, 6958, 7220, 30.85, 107.14, 65.73, 30.85, 107.15, 65.72, 0.01, 137.89, -40.69);
insert into SHOT values (6958, 6950, 6959, 7220, 24.06, 61.52, -3.81, 24.07, 61.52, -3.81, 0.01, 74.69, -8.24);
insert into SHOT values (6959, 6950, 6960, 7220, 28.29, 65.36, 5.58, 28.30, 65.36, 5.58, 0.01, 80.16, -5.72);
insert into SHOT values (6960, 6950, 6961, 7220, 31.17, 68.12, 43.36, 31.17, 68.13, 43.36, 0.01, 178.23, -7.38);
insert into SHOT values (6961, 6950, 6962, 7220, 38.01, 61.10, 54.82, 38.01, 61.12, 54.81, 0.01, 114.33, -40.20);
insert into SHOT values (6962, 6950, 6963, 7220, 28.98, 32.06, -1.96, 28.98, 32.08, -1.98, 0.01, 133.86, -45.71);
insert into SHOT values (6963, 6963, 6964, 7220, 28.46, 186.30, -0.77, 28.45, 186.30, -0.77, 0.01, 26.31, 21.61);
insert into SHOT values (6964, 6963, 6965, 7220, 32.97, 182.43, 6.81, 32.96, 182.43, 6.81, 0.01, 346.06, 3.54);
insert into SHOT values (6965, 6963, 6966, 7220, 42.87, 196.34, 21.93, 42.87, 196.34, 21.94, 0.01, 313.16, 74.87);
insert into SHOT values (6966, 6963, 6967, 7220, 59.01, 198.05, 27.55, 59.01, 198.05, 27.56, 0.01, 11.34, 58.57);
insert into SHOT values (6967, 6963, 6968, 7220, 38.62, 159.13, 59.05, 38.63, 159.15, 59.06, 0.01, 257.86, 56.32);
insert into SHOT values (6968, 6963, 6969, 7220, 27.98, 159.45, 53.53, 27.98, 159.44, 53.53, 0.00, 33.05, -9.78);
insert into SHOT values (6969, 6963, 6970, 7220, 16.14, 138.45, 13.49, 16.14, 138.44, 13.51, 0.01, 1.22, 41.56);
insert into SHOT values (6970, 6963, 6971, 7220, 12.20, 136.67, -2.77, 12.20, 136.66, -2.77, 0.00, 335.59, -5.27);
insert into SHOT values (6971, 6963, 6972, 7220, 21.94, 63.90, 0.52, 21.94, 63.88, 0.52, 0.01, 346.76, 6.02);
insert into SHOT values (6972, 6963, 6973, 7220, 19.88, 63.00, 12.06, 19.88, 62.99, 12.08, 0.01, 329.59, 54.82);
insert into SHOT values (6973, 6963, 6974, 7220, 26.72, 53.01, 48.61, 26.72, 53.01, 48.62, 0.00, 286.63, 73.05);
insert into SHOT values (6974, 6963, 6975, 7220, 42.15, 48.39, 56.84, 42.15, 48.39, 56.84, 0.00, 88.19, 64.22);
insert into SHOT values (6975, 6963, 6976, 7220, 41.53, 26.35, -0.28, 41.53, 26.34, -0.28, 0.01, 331.02, 25.42);
insert into SHOT values (6976, 6976, 6977, 7220, 16.65, 158.59, 2.45, 16.65, 158.60, 2.44, 0.00, 216.70, -23.96);
insert into SHOT values (6977, 6976, 6978, 7220, 13.90, 161.83, 20.40, 13.90, 161.84, 20.42, 0.01, 242.04, 57.89);
insert into SHOT values (6978, 6976, 6979, 7220, 11.47, 109.46, 3.35, 11.48, 109.48, 3.35, 0.01, 145.07, -2.23);
insert into SHOT values (6979, 6976, 6980, 7220, 9.39, 104.57, 30.56, 9.40, 104.60, 30.57, 0.01, 143.94, 38.02);
insert into SHOT values (6980, 6976, 6981, 7220, 21.86, 46.58, 1.82, 21.86, 46.58, 1.83, 0.01, 8.18, 67.91);
insert into SHOT values (6981, 6976, 6982, 7220, 20.11, 44.62, 11.88, 20.11, 44.61, 11.88, 0.00, 314.29, 1.54);
insert into SHOT values (6982, 6976, 6983, 7220, 17.10, 40.56, 65.86, 17.10, 40.59, 65.87, 0.01, 139.11, 53.54);
insert into SHOT values (6983, 6976, 6984, 7220, 35.23, 30.24, 69.97, 35.23, 30.26, 69.97, 0.01, 148.10, 9.65);
insert into SHOT values (6984, 6976, 6985, 7220, 17.93, 172.83, 65.86, 17.93, 172.80, 65.84, 0.01, 133.67, -16.89);
insert into SHOT values (6985, 6976, 6986, 7220, 35.83, 185.99, 77.42, 35.83, 185.96, 77.42, 0.00, 73.95, 2.22);
insert into SHOT values (6986, 6976, 6987, 7220, 23.23, 187.78, 49.70, 23.23, 187.76, 49.70, 0.01, 130.73, 31.86);
insert into SHOT values (6987, 6976, 6988, 7220, 38.92, 198.50, 57.57, 38.92, 198.49, 57.56, 0.01, 159.22, -2.45);
insert into SHOT values (6988, 6976, 6989, 7220, 23.35, 5.55, -3.83, 23.35, 5.54, -3.83, 0.00, 292.87, -4.97);
insert into SHOT values (6989, 6989, 6990, 7220, 9.38, 113.82, 3.50, 9.38, 113.80, 3.48, 0.01, 76.69, -27.13);
insert into SHOT values (6990, 6989, 6991, 7220, 12.47, 113.02, 23.91, 12.48, 113.01, 23.92, 0.01, 104.54, 35.76);
insert into SHOT values (6991, 6989, 6992, 7220, 11.76, 57.60, 6.80, 11.76, 57.63, 6.79, 0.01, 175.50, -19.10);
insert into SHOT values (6992, 6989, 6993, 7220, 11.74, 40.70, 27.69, 11.74, 40.71, 27.71, 0.00, 135.93, 70.45);
insert into SHOT values (6993, 6989, 6994, 7220, 18.93, 29.59, 4.47, 18.93, 29.59, 4.48, 0.00, 138.15, 72.38);
insert into SHOT values (6994, 6989, 6995, 7220, 16.05, 24.28, 20.71, 16.05, 24.31, 20.73, 0.01, 126.22, 26.13);
insert into SHOT values (6995, 6989, 6996, 7220, 18.03, 347.18, 3.38, 18.03, 347.19, 3.37, 0.00, 89.47, -39.16);
insert into SHOT values (6996, 6996, 6997, 7220, 23.10, 145.51, 2.10, 23.10, 145.52, 2.11, 0.01, 210.47, 43.66);
insert into SHOT values (6997, 6996, 6998, 7220, 16.04, 119.28, 4.65, 16.05, 119.27, 4.68, 0.01, 100.75, 60.72);
insert into SHOT values (6998, 6996, 6999, 7220, 13.28, 85.08, 5.53, 13.28, 85.10, 5.53, 0.00, 172.05, 3.83);
insert into SHOT values (6999, 6996, 7000, 7220, 12.60, 92.25, 23.57, 12.60, 92.28, 23.58, 0.01, 179.19, 14.03);
insert into SHOT values (7000, 6996, 7001, 7220, 12.84, 123.61, 25.30, 12.84, 123.62, 25.30, 0.01, 152.73, 29.33);
insert into SHOT values (7001, 6996, 7002, 7220, 20.58, 145.91, 14.19, 20.58, 145.93, 14.20, 0.01, 204.83, 35.08);
insert into SHOT values (7002, 6996, 7003, 7220, 23.69, 349.82, 2.70, 23.69, 349.83, 2.71, 0.00, 116.50, 57.02);
insert into SHOT values (7003, 7003, 7004, 7220, 20.76, 13.63, 6.24, 20.75, 13.63, 6.25, 0.01, 208.28, 28.08);
insert into SHOT values (7004, 7003, 7005, 7220, 25.15, 10.95, 17.28, 25.15, 10.94, 17.28, 0.00, 324.95, -11.55);
insert into SHOT values (7005, 7003, 7006, 7220, 34.15, 1.04, 13.33, 34.14, 1.03, 13.33, 0.01, 215.09, -33.40);
insert into SHOT values (7006, 7003, 7007, 7220, 27.42, 358.81, 2.73, 27.42, 358.81, 2.74, 0.01, 201.81, 51.32);
insert into SHOT values (7007, 7003, 7008, 7220, 23.39, 311.86, 0.59, 23.39, 311.86, 0.59, 0.00, 346.42, -19.19);
insert into SHOT values (7008, 7003, 7009, 7220, 20.50, 308.92, 9.17, 20.50, 308.90, 9.18, 0.01, 225.87, 26.59);
insert into SHOT values (7009, 7003, 7010, 7220, 26.28, 326.15, -0.82, 26.28, 326.14, -0.83, 0.01, 222.52, -41.32);
insert into SHOT values (7010, 7003, 7011, 7220, 23.48, 323.36, 9.90, 23.48, 323.35, 9.91, 0.01, 271.58, 26.82);
insert into SHOT values (7011, 7003, 7012, 7220, 17.14, 272.73, -0.55, 17.14, 272.71, -0.53, 0.01, 182.18, 35.56);
insert into SHOT values (7012, 7003, 7013, 7220, 17.04, 275.37, 11.32, 17.05, 275.36, 11.33, 0.01, 232.52, 40.78);
insert into SHOT values (7013, 7003, 7014, 7220, 25.39, 315.50, 1.63, 25.39, 315.49, 1.63, 0.00, 207.95, -43.02);
insert into SHOT values (7014, 7014, 7015, 7220, 19.49, 58.23, -0.01, 19.49, 58.23, 0.00, 0.00, 172.72, 63.34);
insert into SHOT values (7015, 7014, 7016, 7220, 24.15, 41.65, -0.80, 24.15, 41.66, -0.78, 0.01, 150.80, 60.39);
insert into SHOT values (7016, 7014, 7017, 7220, 35.06, 33.32, -0.25, 35.06, 33.32, -0.25, 0.00, 18.69, 38.13);
insert into SHOT values (7017, 7014, 7018, 7220, 34.25, 41.30, 10.61, 34.25, 41.30, 10.62, 0.00, 121.94, 66.24);
insert into SHOT values (7018, 7014, 7019, 7220, 24.18, 56.93, 16.47, 24.18, 56.93, 16.48, 0.01, 208.95, 55.85);
insert into SHOT values (7019, 7014, 7020, 7220, 23.64, 76.27, 15.59, 23.64, 76.28, 15.61, 0.01, 175.01, 56.34);
insert into SHOT values (7020, 7014, 7021, 7220, 1.86, 92.50, -32.73, 1.85, 92.57, -32.63, 0.01, 241.29, 57.27);
insert into SHOT values (7021, 7014, 7022, 7220, 5.53, 45.00, -14.96, 5.53, 45.00, -14.88, 0.01, 45.00, 67.26);
insert into SHOT values (7022, 7014, 7023, 7220, 11.01, 18.17, -4.66, 11.01, 18.15, -4.64, 0.01, 331.10, 47.55);
insert into SHOT values (7023, 7014, 7024, 7220, 15.23, 23.26, 11.91, 15.23, 23.24, 11.94, 0.01, 259.28, 54.07);
insert into SHOT values (7024, 7014, 7025, 7220, 7.04, 42.00, 28.52, 7.04, 41.99, 28.50, 0.00, 17.04, -22.52);
insert into SHOT values (7025, 7014, 7026, 7220, 5.41, 90.16, 35.49, 5.41, 90.13, 35.51, 0.01, 295.17, -8.77);
insert into SHOT values (7026, 7014, 7027, 7220, 23.70, 74.87, 5.48, 23.70, 74.86, 5.50, 0.01, 300.90, 55.80);
insert into SHOT values (7027, 7014, 7028, 7220, 27.96, 55.61, 5.42, 27.96, 55.61, 5.42, 0.00, 172.96, -27.93);
insert into SHOT values (7028, 7014, 7029, 7220, 33.38, 43.79, 4.17, 33.38, 43.80, 4.17, 0.00, 148.09, 41.84);
insert into SHOT values (7029, 7014, 7030, 7220, 26.04, 5.71, 2.42, 26.04, 5.71, 2.42, 0.00, 33.00, 9.80);
insert into SHOT values (7030, 7030, 7031, 7220, 26.79, 73.42, 2.15, 26.79, 73.42, 2.16, 0.01, 68.84, 67.18);
insert into SHOT values (7031, 7030, 7032, 7220, 28.01, 68.37, 10.30, 28.01, 68.37, 10.30, 0.00, 51.10, 34.81);
insert into SHOT values (7032, 7030, 7033, 7220, 19.40, 97.91, 1.40, 19.40, 97.91, 1.42, 0.01, 162.66, 79.94);
insert into SHOT values (7033, 7030, 7034, 7220, 19.76, 98.24, 16.83, 19.76, 98.24, 16.83, 0.00, 66.56, -33.64);
insert into SHOT values (7034, 7030, 7035, 7220, 26.50, 136.33, 1.29, 26.50, 136.35, 1.30, 0.01, 209.19, 24.13);
insert into SHOT values (7035, 7030, 7036, 7220, 30.17, 137.36, 10.63, 30.17, 137.38, 10.64, 0.01, 220.87, 26.46);
insert into SHOT values (7036, 7030, 7037, 7220, 23.28, 186.31, -2.80, 23.28, 186.32, -2.78, 0.01, 286.93, 57.50);
insert into SHOT values (7037, 7030, 7038, 7220, 14.29, 166.61, 8.24, 14.29, 166.63, 8.25, 0.01, 248.85, 19.75);
insert into SHOT values (7038, 7030, 7039, 7220, 7.20, 186.00, -10.43, 7.20, 186.00, -10.41, 0.00, 4.32, 56.87);
insert into SHOT values (7039, 7030, 7040, 7220, 7.81, 151.67, 14.86, 7.82, 151.70, 14.90, 0.01, 203.12, 50.63);
insert into SHOT values (7040, 7030, 7041, 7220, 2.16, 152.27, -47.67, 2.15, 152.55, -47.57, 0.01, 249.75, 43.32);
insert into SHOT values (7041, 7030, 7042, 7220, 5.68, 117.11, 22.35, 5.68, 117.20, 22.36, 0.01, 225.37, 0.69);
insert into SHOT values (7042, 7030, 7043, 7220, 4.64, 24.18, -17.67, 4.64, 24.19, -17.70, 0.00, 195.69, -25.76);
insert into SHOT values (7043, 7030, 7044, 7220, 7.16, 51.12, 15.27, 7.16, 51.17, 15.31, 0.01, 151.91, 34.01);
insert into SHOT values (7044, 7030, 7045, 7220, 25.69, 34.12, -3.74, 25.69, 34.12, -3.73, 0.01, 170.01, 65.71);
insert into SHOT values (7045, 7045, 7046, 7220, 18.95, 217.59, 0.32, 18.95, 217.58, 0.30, 0.01, 187.24, -53.22);
insert into SHOT values (7046, 7045, 7047, 7220, 18.72, 207.84, 11.89, 18.72, 207.85, 11.87, 0.01, 250.16, -51.21);
insert into SHOT values (7047, 7045, 7048, 7220, 8.02, 248.96, 27.13, 8.01, 248.97, 27.09, 0.01, 34.30, -66.93);
insert into SHOT values (7048, 7045, 7049, 7220, 11.34, 261.36, 6.55, 11.34, 261.37, 6.53, 0.00, 322.53, -49.18);
insert into SHOT values (7049, 7045, 7050, 7220, 11.10, 9.57, 9.05, 11.10, 9.56, 9.02, 0.01, 286.77, -67.04);
insert into SHOT values (7050, 7045, 7051, 7220, 8.75, 25.17, 26.87, 8.74, 25.19, 26.85, 0.01, 175.04, -48.31);
insert into SHOT values (7051, 7045, 7052, 7220, 19.77, 28.23, 5.12, 19.77, 28.22, 5.11, 0.01, 283.91, -45.34);
insert into SHOT values (7052, 7045, 7053, 7220, 16.90, 41.46, 12.50, 16.89, 41.46, 12.48, 0.01, 220.34, -50.32);
insert into SHOT values (7053, 7045, 7054, 7220, 26.00, 170.29, 4.74, 26.00, 170.29, 4.74, 0.00, 238.41, 81.19);
insert into SHOT values (7054, 7045, 7055, 7220, 32.05, 176.76, 13.17, 32.05, 176.77, 13.16, 0.01, 232.94, -25.99);
insert into SHOT values (7055, 7045, 7056, 7220, 15.58, 128.82, 25.18, 15.58, 128.84, 25.19, 0.01, 255.45, 13.38);
insert into SHOT values (7056, 7045, 7057, 7220, 16.74, 125.08, 5.55, 16.74, 125.10, 5.55, 0.01, 229.15, 8.67);
insert into SHOT values (7057, 7045, 7058, 7220, 25.29, 91.00, 3.05, 25.29, 91.00, 3.04, 0.01, 336.15, -81.73);
insert into SHOT values (7058, 7045, 7059, 7220, 31.64, 91.85, 6.87, 31.63, 91.84, 6.86, 0.01, 302.42, -31.48);
insert into SHOT values (7059, 7045, 7060, 7220, 26.92, 119.14, 50.63, 26.92, 119.16, 50.63, 0.01, 224.29, -7.75);
insert into SHOT values (7060, 7045, 7061, 7220, 27.00, 97.01, 31.65, 26.99, 97.02, 31.64, 0.01, 206.49, -54.30);
insert into SHOT values (7061, 7045, 7062, 7220, 55.85, 83.43, 23.71, 55.85, 83.43, 23.70, 0.01, 181.29, -84.00);
insert into SHOT values (7062, 7045, 7063, 7220, 55.16, 83.18, 32.13, 55.16, 83.18, 32.12, 0.01, 335.10, -63.20);
insert into SHOT values (7063, 7045, 7064, 7220, 43.55, 106.97, 47.81, 43.54, 106.98, 47.81, 0.01, 231.43, -52.51);
insert into SHOT values (7064, 7045, 7065, 7220, 41.66, 141.19, 50.73, 41.66, 141.20, 50.73, 0.01, 254.57, -15.40);
insert into SHOT values (7065, 7045, 7066, 7220, 40.27, 176.58, 43.92, 40.27, 176.58, 43.91, 0.01, 184.73, -35.28);
insert into SHOT values (7066, 7045, 7067, 7220, 31.09, 175.98, 41.05, 31.09, 175.99, 41.04, 0.01, 246.86, -61.40);
insert into SHOT values (7067, 7045, 7068, 7220, 28.36, 63.94, -2.80, 28.35, 63.94, -2.81, 0.01, 237.68, -31.59);
insert into SHOT values (7068, 7068, 7069, 7220, 12.69, 315.73, 9.92, 12.69, 315.75, 9.94, 0.01, 99.23, 33.74);
insert into SHOT values (7069, 7068, 7070, 7220, 11.22, 322.89, 25.84, 11.22, 322.93, 25.83, 0.01, 21.28, -2.65);
insert into SHOT values (7070, 7068, 7071, 7220, 16.64, 292.55, 9.45, 16.64, 292.57, 9.44, 0.01, 351.89, -21.01);
insert into SHOT values (7071, 7068, 7072, 7220, 10.34, 292.05, 30.77, 10.34, 292.09, 30.78, 0.01, 44.55, 1.12);
insert into SHOT values (7072, 7068, 7073, 7220, 15.34, 351.51, 10.40, 15.35, 351.54, 10.40, 0.01, 45.73, 4.54);
insert into SHOT values (7073, 7068, 7074, 7220, 13.37, 4.99, 24.31, 13.37, 4.99, 24.33, 0.01, 5.76, 74.10);
insert into SHOT values (7074, 7068, 7075, 7220, 21.93, 8.43, 8.47, 21.93, 8.43, 8.47, 0.00, 1.71, -1.67);
insert into SHOT values (7075, 7068, 7076, 7220, 18.34, 15.84, 17.29, 18.34, 15.84, 17.28, 0.00, 4.14, -12.22);
insert into SHOT values (7076, 7068, 7077, 7220, 27.49, 193.47, 45.14, 27.49, 193.46, 45.16, 0.01, 42.64, 22.62);
insert into SHOT values (7077, 7068, 7078, 7220, 39.04, 196.01, 55.98, 39.04, 196.00, 55.99, 0.01, 39.90, 17.00);
insert into SHOT values (7078, 7068, 7079, 7220, 23.75, 125.63, 49.72, 23.75, 125.62, 49.73, 0.01, 355.12, 14.17);
insert into SHOT values (7079, 7068, 7080, 7220, 35.99, 118.28, 56.39, 35.99, 118.25, 56.39, 0.01, 35.09, -17.79);
insert into SHOT values (7080, 7068, 7081, 7220, 23.47, 105.47, 42.86, 23.47, 105.44, 42.87, 0.01, 355.89, 31.68);
insert into SHOT values (7081, 7068, 7082, 7220, 40.27, 104.08, 46.10, 40.28, 104.07, 46.10, 0.01, 61.23, 28.03);
insert into SHOT values (7082, 7068, 7083, 7220, 24.82, 43.04, 8.89, 24.83, 43.03, 8.90, 0.01, 25.71, 27.54);
insert into SHOT values (7083, 7083, 7084, 7220, 25.63, 251.72, -2.43, 25.63, 251.70, -2.44, 0.01, 149.87, -19.52);
insert into SHOT values (7084, 7083, 7085, 7220, 18.48, 245.56, 5.91, 18.48, 245.54, 5.90, 0.01, 135.27, -22.95);
insert into SHOT values (7085, 7083, 7086, 7220, 12.75, 266.07, 6.16, 12.75, 266.07, 6.17, 0.00, 250.84, 27.13);
insert into SHOT values (7086, 7083, 7087, 7220, 17.00, 268.36, -2.79, 17.00, 268.35, -2.80, 0.01, 144.42, -26.85);
insert into SHOT values (7087, 7083, 7088, 7220, 20.18, 51.23, -1.20, 20.18, 51.24, -1.22, 0.01, 183.09, -62.38);
insert into SHOT values (7088, 7088, 7089, 7220, 27.41, 53.95, -1.11, 27.41, 53.95, -1.11, 0.00, 50.99, 13.99);
insert into SHOT values (7089, 7089, 7090, 7220, 14.55, 309.40, -1.26, 14.55, 309.39, -1.26, 0.00, 169.84, -0.99);
insert into SHOT values (7090, 7089, 7091, 7220, 9.15, 309.23, 17.10, 9.15, 309.20, 17.09, 0.01, 260.26, -4.71);
insert into SHOT values (7091, 7089, 7092, 7220, 17.62, 333.30, -1.03, 17.62, 333.29, -1.01, 0.01, 287.39, 56.35);
insert into SHOT values (7092, 7089, 7093, 7220, 11.55, 337.17, 11.79, 11.55, 337.15, 11.79, 0.00, 259.37, 0.78);
insert into SHOT values (7093, 7089, 7094, 7220, 22.26, 348.37, -0.44, 22.26, 348.36, -0.44, 0.00, 229.12, 14.68);
insert into SHOT values (7094, 7089, 7095, 7220, 15.18, 351.92, 10.91, 15.18, 351.90, 10.93, 0.01, 295.39, 51.78);
insert into SHOT values (7095, 7089, 7096, 7220, 16.94, 57.29, 5.38, 16.94, 57.30, 5.39, 0.00, 191.86, 23.37);
insert into SHOT values (7096, 7089, 7097, 7220, 16.00, 55.79, 21.02, 16.00, 55.81, 21.03, 0.01, 189.83, 7.18);
insert into SHOT values (7097, 7089, 7098, 7220, 22.55, 47.14, 3.57, 22.55, 47.13, 3.59, 0.01, 277.96, 37.80);
insert into SHOT values (7098, 7089, 7099, 7220, 21.03, 45.48, 14.06, 21.02, 45.48, 14.07, 0.01, 235.73, 9.01);
insert into SHOT values (7099, 7089, 7100, 7220, 25.06, 32.98, -4.82, 25.06, 32.97, -4.81, 0.01, 309.04, 55.13);
insert into SHOT values (7100, 7100, 7101, 7220, 19.23, 266.46, 4.36, 19.23, 266.44, 4.35, 0.01, 200.21, -16.53);
insert into SHOT values (7101, 7100, 7102, 7220, 15.29, 263.16, 16.85, 15.29, 263.13, 16.84, 0.01, 184.77, -16.00);
insert into SHOT values (7102, 7100, 7103, 7220, 16.09, 287.47, 4.98, 16.09, 287.46, 4.96, 0.01, 182.75, -72.78);
insert into SHOT values (7103, 7100, 7104, 7220, 11.64, 292.45, 25.78, 11.64, 292.43, 25.77, 0.00, 227.53, -31.91);
insert into SHOT values (7104, 7100, 7105, 7220, 17.41, 321.84, 5.56, 17.41, 321.82, 5.54, 0.01, 216.98, -48.17);
insert into SHOT values (7105, 7100, 7106, 7220, 14.73, 334.79, 19.82, 14.72, 334.79, 19.81, 0.01, 162.39, -29.32);
insert into SHOT values (7106, 7100, 7107, 7220, 21.89, 347.55, 5.36, 21.89, 347.55, 5.35, 0.01, 218.63, -64.67);
insert into SHOT values (7107, 7100, 7108, 7220, 19.67, 350.07, 13.11, 19.67, 350.08, 13.11, 0.00, 95.36, -23.63);
insert into SHOT values (7108, 7100, 7109, 7220, 4.87, 165.75, 22.95, 4.87, 165.81, 22.95, 0.01, 228.21, 11.43);
insert into SHOT values (7109, 7100, 7110, 7220, 14.54, 180.07, 26.59, 14.55, 180.09, 26.58, 0.01, 207.60, 11.78);
insert into SHOT values (7110, 7100, 7111, 7220, 9.16, 163.10, 38.83, 9.16, 163.14, 38.81, 0.01, 240.86, -34.40);
insert into SHOT values (7111, 7100, 7112, 7220, 4.23, 145.57, 27.75, 4.23, 145.55, 27.73, 0.00, 123.81, 6.23);
insert into SHOT values (7112, 7100, 7113, 7220, 6.40, 99.41, 30.74, 6.40, 99.41, 30.71, 0.00, 101.04, -21.68);
insert into SHOT values (7113, 7100, 7114, 7220, 7.46, 93.83, 41.56, 7.46, 93.90, 41.56, 0.01, 176.50, 8.01);
insert into SHOT values (7114, 7100, 7115, 7220, 9.84, 63.44, 19.63, 9.84, 63.46, 19.60, 0.01, 180.28, -54.28);
insert into SHOT values (7115, 7100, 7116, 7220, 34.27, 36.30, -0.73, 34.27, 36.31, -0.74, 0.01, 154.14, -23.73);
insert into SHOT values (7116, 7116, 7117, 7220, 0.20, 257.24, 4.03, 0.20, 258.69, 5.60, 0.01, 306.86, 41.26);
insert into SHOT values (7117, 7116, 7118, 7220, 0.25, 245.98, 3.21, 0.25, 246.50, 4.56, 0.01, 308.63, 66.82);
insert into SHOT values (7118, 7116, 7119, 7220, 28.32, 245.69, 9.73, 28.32, 245.69, 9.74, 0.00, 290.60, 56.29);
insert into SHOT values (7119, 7116, 7120, 7220, 20.47, 259.18, 13.83, 20.48, 259.19, 13.82, 0.01, 280.90, -24.69);
insert into SHOT values (7120, 7116, 7121, 7220, 21.86, 260.35, 4.14, 21.86, 260.36, 4.14, 0.01, 310.92, 14.09);
insert into SHOT values (7121, 7116, 7122, 7220, 19.67, 275.28, 2.64, 19.67, 275.28, 2.65, 0.01, 293.28, 40.79);
insert into SHOT values (7122, 7116, 7123, 7220, 15.52, 282.26, 18.57, 15.52, 282.28, 18.56, 0.01, 329.04, -20.17);
insert into SHOT values (7123, 7116, 7124, 7220, 18.49, 300.65, 5.48, 18.50, 300.66, 5.49, 0.01, 320.43, 24.95);
insert into SHOT values (7124, 7116, 7125, 7220, 15.16, 317.66, 17.72, 15.17, 317.66, 17.73, 0.01, 327.87, 39.54);
insert into SHOT values (7125, 7116, 7126, 7220, 18.15, 335.03, 7.94, 18.15, 335.03, 7.95, 0.01, 339.95, 32.13);
insert into SHOT values (7126, 7116, 7127, 7220, 16.98, 346.31, 14.70, 16.98, 346.30, 14.70, 0.00, 309.52, 17.53);
insert into SHOT values (7127, 7116, 7128, 7220, 19.38, 18.73, 8.52, 19.38, 18.72, 8.52, 0.00, 255.62, -15.19);
insert into SHOT values (7128, 7128, 7129, 7220, 35.42, 196.81, 7.02, 35.42, 196.82, 7.02, 0.00, 304.25, 15.33);
insert into SHOT values (7129, 7128, 7130, 7220, 23.76, 179.98, -1.90, 23.75, 179.98, -1.91, 0.01, 13.86, -17.36);
insert into SHOT values (7130, 7128, 7131, 7220, 22.35, 173.26, 6.77, 22.35, 173.25, 6.78, 0.01, 81.51, 45.17);
insert into SHOT values (7131, 7128, 7132, 7220, 22.57, 163.61, -1.70, 22.57, 163.60, -1.70, 0.01, 51.43, -4.68);
insert into SHOT values (7132, 7128, 7133, 7220, 22.27, 156.40, 4.18, 22.27, 156.40, 4.20, 0.01, 326.55, 61.02);
insert into SHOT values (7133, 7128, 7134, 7220, 21.76, 149.82, -3.09, 21.76, 149.82, -3.08, 0.01, 313.61, 33.47);
insert into SHOT values (7134, 7128, 7135, 7220, 23.12, 140.01, 3.67, 23.12, 139.99, 3.67, 0.01, 17.77, 0.71);
insert into SHOT values (7135, 7128, 7136, 7220, 23.02, 134.13, -4.18, 23.02, 134.12, -4.19, 0.01, 10.27, -18.96);
insert into SHOT values (7136, 7128, 7137, 7220, 27.14, 127.64, 3.22, 27.14, 127.62, 3.23, 0.01, 18.61, 32.72);
insert into SHOT values (7137, 7128, 7138, 7220, 29.84, 121.37, -2.87, 29.84, 121.36, -2.86, 0.01, 43.27, 35.95);
insert into SHOT values (7138, 7128, 7139, 7220, 37.08, 116.71, 2.26, 37.08, 116.70, 2.26, 0.00, 34.62, -27.13);
insert into SHOT values (7139, 7128, 7140, 7220, 25.05, 84.63, -4.00, 25.05, 84.63, -4.01, 0.00, 27.13, -59.64);
insert into SHOT values (7140, 7140, 7141, 7220, 17.10, 164.50, 0.52, 17.10, 164.50, 0.54, 0.01, 170.99, 61.32);
insert into SHOT values (7141, 7140, 7142, 7220, 20.82, 153.87, 10.05, 20.82, 153.86, 10.07, 0.01, 14.48, 50.87);
insert into SHOT values (7142, 7140, 7143, 7220, 42.46, 115.43, 4.98, 42.46, 115.43, 4.99, 0.01, 341.01, 45.51);
insert into SHOT values (7143, 7140, 7144, 7220, 46.88, 107.27, 4.88, 46.89, 107.27, 4.88, 0.01, 117.00, 16.76);
insert into SHOT values (7144, 7140, 7145, 7220, 58.98, 101.61, 4.10, 58.98, 101.61, 4.10, 0.01, 98.91, 33.62);
insert into SHOT values (7145, 7140, 7146, 7220, 70.90, 95.05, 3.81, 70.90, 95.05, 3.82, 0.01, 155.16, 70.64);
insert into SHOT values (7146, 7140, 7147, 7220, 72.88, 95.13, 20.39, 72.88, 95.13, 20.40, 0.01, 176.83, 78.05);
insert into SHOT values (7147, 7140, 7148, 7220, 70.84, 93.75, 22.22, 70.84, 93.75, 22.22, 0.00, 129.88, 31.46);
insert into SHOT values (7148, 7140, 7149, 7220, 64.95, 104.61, 22.14, 64.95, 104.60, 22.14, 0.01, 41.52, 18.82);
insert into SHOT values (7149, 7140, 7150, 7220, 63.47, 104.45, 24.92, 63.47, 104.45, 24.93, 0.01, 2.31, 63.12);
insert into SHOT values (7150, 7140, 7151, 7220, 37.36, 141.03, 40.45, 37.36, 141.03, 40.45, 0.00, 0.58, 21.71);
insert into SHOT values (7151, 7140, 7152, 7220, 39.92, 141.40, 44.14, 39.93, 141.41, 44.15, 0.01, 254.40, 71.05);
insert into SHOT values (7152, 7140, 7153, 7220, 37.88, 125.36, 37.71, 37.88, 125.36, 37.71, 0.00, 11.97, 2.74);
insert into SHOT values (7153, 7140, 7154, 7220, 41.91, 122.61, 43.00, 41.92, 122.61, 43.01, 0.01, 152.31, 76.27);
insert into SHOT values (7154, 7140, 7155, 7220, 28.04, 2.89, 51.61, 28.04, 2.90, 51.61, 0.00, 116.01, 43.87);
insert into SHOT values (7155, 7140, 7156, 7220, 32.38, 2.30, 57.49, 32.38, 2.31, 57.49, 0.00, 47.09, 61.41);
insert into SHOT values (7156, 7140, 7157, 7220, 27.30, 14.84, 49.26, 27.30, 14.83, 49.27, 0.01, 232.83, 52.91);
insert into SHOT values (7157, 7140, 7158, 7220, 33.99, 16.20, 52.96, 34.00, 16.20, 52.97, 0.01, 233.38, 72.13);
insert into SHOT values (7158, 7140, 7159, 7220, 7.45, 342.88, 7.99, 7.45, 342.89, 8.03, 0.00, 113.35, 66.26);
insert into SHOT values (7159, 7140, 7160, 7220, 6.14, 342.90, 7.17, 6.14, 342.90, 7.21, 0.00, 154.29, 50.79);
insert into SHOT values (7160, 7140, 7161, 7220, 7.28, 339.83, 31.61, 7.28, 339.81, 31.63, 0.00, 277.94, 62.36);
insert into SHOT values (7161, 7140, 7162, 7220, 49.02, 95.34, -0.62, 49.03, 95.34, -0.62, 0.01, 72.07, 4.24);
insert into SHOT values (7162, 7162, 7163, 7220, 26.76, 233.57, 4.76, 26.77, 233.57, 4.78, 0.01, 224.80, 61.35);
insert into SHOT values (7163, 7162, 7164, 7220, 25.01, 232.97, 9.65, 25.02, 232.98, 9.66, 0.01, 258.96, 48.80);
insert into SHOT values (7164, 7162, 7165, 7220, 21.26, 216.08, 6.87, 21.27, 216.10, 6.89, 0.01, 263.27, 35.75);
insert into SHOT values (7165, 7162, 7166, 7220, 12.67, 216.60, 21.16, 12.68, 216.61, 21.18, 0.01, 231.42, 44.39);
insert into SHOT values (7166, 7162, 7167, 7220, 14.54, 181.38, 4.33, 14.54, 181.38, 4.34, 0.00, 349.07, 26.89);
insert into SHOT values (7167, 7162, 7168, 7220, 10.26, 160.07, 29.83, 10.26, 160.10, 29.86, 0.01, 238.22, 53.86);
insert into SHOT values (7168, 7162, 7169, 7220, 16.18, 136.75, 6.66, 16.18, 136.76, 6.67, 0.01, 197.91, 36.49);
insert into SHOT values (7169, 7162, 7170, 7220, 12.04, 126.74, 24.11, 12.03, 126.74, 24.13, 0.01, 300.04, 13.05);
insert into SHOT values (7170, 7162, 7171, 7220, 25.51, 106.12, 3.90, 25.51, 106.13, 3.91, 0.01, 184.09, 54.17);
insert into SHOT values (7171, 7162, 7172, 7220, 22.86, 95.14, 11.54, 22.85, 95.15, 11.56, 0.01, 246.63, 38.63);
insert into SHOT values (7172, 7162, 7173, 7220, 29.84, 88.51, 4.07, 29.84, 88.52, 4.07, 0.01, 229.80, 18.92);
insert into SHOT values (7173, 7162, 7174, 7220, 28.01, 86.60, 8.66, 28.01, 86.60, 8.67, 0.00, 220.76, 40.47);
insert into SHOT values (7174, 7162, 7175, 7220, 32.74, 79.65, 3.04, 32.74, 79.66, 3.05, 0.01, 207.09, 40.77);
insert into SHOT values (7175, 7162, 7176, 7220, 32.70, 78.17, 7.44, 32.70, 78.16, 7.45, 0.01, 293.89, 41.19);
insert into SHOT values (7176, 7162, 7177, 7220, 27.71, 99.77, 58.19, 27.71, 99.78, 58.20, 0.00, 251.08, 24.38);
insert into SHOT values (7177, 7162, 7178, 7220, 30.84, 93.44, 62.66, 30.84, 93.44, 62.68, 0.01, 269.17, 30.51);
insert into SHOT values (7178, 7162, 7179, 7220, 29.69, 81.22, 49.69, 29.69, 81.22, 49.69, 0.00, 229.02, -5.65);
insert into SHOT values (7179, 7162, 7180, 7220, 36.28, 76.54, 50.13, 36.28, 76.54, 50.15, 0.01, 247.39, 29.10);
insert into SHOT values (7180, 7162, 7181, 7220, 30.00, 77.79, 42.71, 30.00, 77.79, 42.72, 0.01, 247.38, 13.51);
insert into SHOT values (7181, 7162, 7182, 7220, 40.79, 76.43, 42.75, 40.79, 76.42, 42.76, 0.01, 286.51, 13.52);
insert into SHOT values (7182, 7162, 7183, 7220, 40.11, 76.42, 36.54, 40.11, 76.41, 36.55, 0.01, 302.44, 56.61);
insert into SHOT values (7183, 7162, 7184, 7220, 45.18, 73.52, 38.22, 45.18, 73.52, 38.23, 0.01, 275.51, 48.09);
insert into SHOT values (7184, 7162, 7185, 7220, 36.49, 49.76, -0.62, 36.49, 49.76, -0.61, 0.01, 253.82, 58.67);
insert into SHOT values (7185, 7185, 7186, 7220, 0.51, 190.50, 3.87, 0.51, 190.20, 3.38, 0.01, 83.38, -58.15);
insert into SHOT values (7186, 7185, 7187, 7220, 26.61, 189.42, 10.12, 26.61, 189.43, 10.13, 0.01, 317.80, 49.52);
insert into SHOT values (7187, 7185, 7188, 7220, 19.06, 168.95, 6.98, 19.06, 168.97, 6.99, 0.01, 251.69, 30.55);
insert into SHOT values (7188, 7185, 7189, 7220, 18.06, 168.70, 14.63, 18.05, 168.71, 14.63, 0.01, 324.58, -12.30);
insert into SHOT values (7189, 7185, 7190, 7220, 14.00, 148.31, 8.96, 14.00, 148.33, 8.96, 0.01, 240.29, -4.45);
insert into SHOT values (7190, 7185, 7191, 7220, 13.46, 144.29, 20.43, 13.46, 144.29, 20.44, 0.00, 309.50, 29.52);
insert into SHOT values (7191, 7185, 7192, 7220, 11.68, 119.99, 11.74, 11.68, 120.02, 11.76, 0.01, 229.59, 29.94);
insert into SHOT values (7192, 7185, 7193, 7220, 11.06, 112.64, 26.42, 11.06, 112.63, 26.42, 0.00, 329.95, -19.32);
insert into SHOT values (7193, 7185, 7194, 7220, 12.70, 91.08, 8.99, 12.70, 91.10, 8.97, 0.01, 206.27, -48.72);
insert into SHOT values (7194, 7185, 7195, 7220, 12.03, 84.28, 24.42, 12.03, 84.29, 24.40, 0.00, 156.54, -61.45);
insert into SHOT values (7195, 7185, 7196, 7220, 16.04, 71.65, 7.33, 16.04, 71.64, 7.34, 0.00, 1.24, 66.55);
insert into SHOT values (7196, 7185, 7197, 7220, 16.61, 68.13, 17.25, 16.61, 68.12, 17.27, 0.00, 309.88, 69.84);
insert into SHOT values (7197, 7185, 7198, 7220, 23.58, 60.16, 7.42, 23.58, 60.15, 7.41, 0.01, 335.31, -41.39);
insert into SHOT values (7198, 7185, 7199, 7220, 20.74, 55.54, 13.63, 20.74, 55.53, 13.63, 0.01, 11.14, 26.28);
insert into SHOT values (7199, 7185, 7200, 7220, 29.03, 177.51, 54.11, 29.03, 177.51, 54.12, 0.00, 16.11, 33.39);
insert into SHOT values (7200, 7185, 7201, 7220, 32.20, 179.51, 61.27, 32.20, 179.52, 61.27, 0.01, 222.51, 48.74);
insert into SHOT values (7201, 7185, 7202, 7220, 27.88, 143.33, 60.50, 27.88, 143.32, 60.51, 0.00, 33.28, 65.77);
insert into SHOT values (7202, 7185, 7203, 7220, 31.01, 136.44, 68.99, 31.01, 136.46, 68.99, 0.00, 205.99, 23.85);
insert into SHOT values (7203, 7185, 7204, 7220, 27.06, 92.21, 58.75, 27.06, 92.20, 58.74, 0.00, 61.26, -54.63);
insert into SHOT values (7204, 7185, 7205, 7220, 32.91, 81.19, 62.62, 32.90, 81.18, 62.63, 0.01, 286.95, -26.15);
insert into SHOT values (7205, 7185, 7206, 7220, 27.57, 58.16, 43.83, 27.56, 58.16, 43.84, 0.01, 248.75, -23.05);
insert into SHOT values (7206, 7185, 7207, 7220, 43.44, 50.28, 44.41, 43.44, 50.28, 44.41, 0.00, 97.61, 40.86);
insert into SHOT values (7207, 7185, 7208, 7220, 48.86, 47.24, 38.98, 48.85, 47.23, 38.98, 0.01, 293.48, -36.58);
insert into SHOT values (7208, 7185, 7209, 7220, 2.60, 52.68, -26.88, 2.60, 52.54, -26.98, 0.01, 313.20, -37.35);
insert into SHOT values (7209, 7185, 7210, 7220, 22.78, 296.38, 37.73, 22.78, 296.39, 37.73, 0.00, 7.61, -0.26);
insert into SHOT values (7210, 7185, 7211, 7220, 29.68, 300.26, 44.23, 29.68, 300.27, 44.22, 0.00, 348.31, -44.41);
insert into SHOT values (7211, 7185, 7212, 7220, 26.61, 323.62, 39.55, 26.61, 323.62, 39.54, 0.00, 6.50, -78.24);
insert into SHOT values (7212, 7185, 7213, 7220, 37.74, 324.73, 47.05, 37.74, 324.73, 47.04, 0.01, 343.60, -32.48);
insert into SHOT values (7213, 7185, 7214, 7220, 40.92, 359.84, 45.15, 40.92, 359.84, 45.15, 0.00, 27.07, -19.61);
insert into SHOT values (7214, 7185, 7215, 7220, 24.16, 358.48, 35.98, 24.15, 358.48, 35.98, 0.01, 199.59, -44.30);
insert into SHOT values (7215, 7185, 7216, 7220, 45.24, 15.84, 33.71, 45.25, 15.83, 33.71, 0.01, 340.43, 20.24);
insert into SHOT values (7216, 7185, 7217, 7220, 46.35, 16.30, 37.45, 46.35, 16.30, 37.44, 0.01, 44.39, -48.89);
insert into SHOT values (7217, 7185, 7218, 7220, 50.22, 25.86, 37.33, 50.22, 25.86, 37.32, 0.01, 21.64, -29.38);
insert into SHOT values (7218, 7185, 7219, 7220, 48.56, 21.54, 30.61, 48.56, 21.53, 30.61, 0.01, 320.88, 27.41);
insert into SHOT values (7219, 7185, 7220, 7220, 36.27, 37.30, 3.42, 36.27, 37.30, 3.41, 0.00, 187.22, -83.13);
insert into SHOT values (7220, 7220, 7221, 7220, 21.41, 192.38, 1.90, 21.41, 192.39, 1.90, 0.00, 285.75, 3.48);
insert into SHOT values (7221, 7220, 7222, 7220, 15.15, 194.61, 10.79, 15.15, 194.63, 10.80, 0.01, 278.64, 31.21);
insert into SHOT values (7222, 7220, 7223, 7220, 14.73, 177.62, 6.77, 14.73, 177.61, 6.79, 0.01, 28.83, 33.76);
insert into SHOT values (7223, 7220, 7224, 7220, 12.36, 179.61, 12.57, 12.36, 179.62, 12.57, 0.00, 328.58, 0.93);
insert into SHOT values (7224, 7220, 7225, 7220, 9.22, 158.20, 9.59, 9.22, 158.23, 9.62, 0.01, 279.27, 32.51);
insert into SHOT values (7225, 7220, 7226, 7220, 9.19, 151.17, 15.70, 9.19, 151.20, 15.72, 0.01, 275.28, 27.07);
insert into SHOT values (7226, 7220, 7227, 7220, 7.17, 98.94, 16.97, 7.17, 98.90, 17.04, 0.01, 321.78, 45.10);
insert into SHOT values (7227, 7220, 7228, 7220, 7.03, 92.76, 20.41, 7.03, 92.78, 20.40, 0.00, 200.45, -28.86);
insert into SHOT values (7228, 7220, 7229, 7220, 9.45, 62.21, 11.90, 9.45, 62.22, 11.91, 0.00, 198.03, 47.18);
insert into SHOT values (7229, 7220, 7230, 7220, 9.70, 61.08, 14.08, 9.70, 61.06, 14.09, 0.01, 271.33, 2.36);
insert into SHOT values (7230, 7220, 7231, 7220, 13.78, 42.40, 6.36, 13.77, 42.39, 6.38, 0.01, 235.03, 31.53);
insert into SHOT values (7231, 7220, 7232, 7220, 14.67, 40.02, 10.64, 14.67, 40.02, 10.65, 0.00, 225.02, 34.24);
insert into SHOT values (7232, 7220, 7233, 7220, 29.11, 347.59, -0.64, 29.11, 347.58, -0.63, 0.01, 293.35, 46.55);
insert into SHOT values (7233, 7220, 7234, 7220, 26.37, 353.22, 5.66, 26.37, 353.22, 5.66, 0.00, 315.97, -14.43);
insert into SHOT values (7234, 7220, 7235, 7220, 16.52, 333.95, 10.73, 16.52, 333.94, 10.75, 0.01, 221.65, 54.92);
insert into SHOT values (7235, 7220, 7236, 7220, 22.23, 323.63, -4.43, 22.23, 323.64, -4.41, 0.01, 37.94, 55.85);
insert into SHOT values (7236, 7220, 7237, 7220, 14.15, 313.13, 10.63, 14.15, 313.14, 10.63, 0.00, 347.97, -4.75);
insert into SHOT values (7237, 7220, 7238, 7220, 18.73, 307.46, -2.30, 18.73, 307.45, -2.29, 0.01, 240.55, 17.85);
insert into SHOT values (7238, 7220, 7239, 7220, 20.37, 272.33, -0.27, 20.37, 272.34, -0.25, 0.01, 57.51, 59.87);
insert into SHOT values (7239, 7220, 7240, 7220, 20.44, 278.39, 7.00, 20.44, 278.39, 7.00, 0.00, 108.80, -61.39);
insert into SHOT values (7240, 7220, 7241, 7220, 28.33, 266.30, 1.32, 28.34, 266.30, 1.33, 0.01, 250.78, 46.77);
insert into SHOT values (7241, 7220, 7242, 7220, 25.39, 263.63, 5.54, 25.39, 263.64, 5.54, 0.01, 309.65, -11.01);
insert into SHOT values (7242, 7220, 7243, 7220, 28.88, 255.82, 5.10, 28.88, 255.81, 5.11, 0.00, 193.57, 38.80);
insert into SHOT values (7243, 7220, 7244, 7220, 32.80, 256.12, 1.64, 32.80, 256.13, 1.64, 0.01, 351.22, 13.83);
insert into SHOT values (7244, 7220, 7245, 7220, 38.42, 248.08, 4.22, 38.42, 248.09, 4.22, 0.01, 311.97, 26.66);
insert into SHOT values (7245, 7220, 7246, 7220, 39.85, 246.37, 1.80, 39.85, 246.38, 1.80, 0.01, 7.54, -18.32);
insert into SHOT values (7246, 7220, 7247, 7220, 12.38, 232.01, -15.29, 12.38, 232.01, -15.27, 0.00, 73.46, 70.97);
insert into SHOT values (7247, 7220, 7248, 7220, 17.83, 29.03, 56.82, 17.83, 29.01, 56.84, 0.01, 249.56, 52.12);
insert into SHOT values (7248, 7220, 7249, 7220, 32.07, 23.65, 58.62, 32.07, 23.65, 58.62, 0.00, 18.94, 12.86);
insert into SHOT values (7249, 7220, 7250, 7220, 17.98, 15.93, 46.31, 17.98, 15.94, 46.31, 0.00, 156.67, -19.81);
insert into SHOT values (7250, 7220, 7251, 7220, 38.79, 13.77, 47.30, 38.79, 13.77, 47.30, 0.00, 279.49, 61.27);
insert into SHOT values (7251, 7220, 7252, 7220, 19.77, 21.72, 0.37, 19.77, 21.70, 0.38, 0.01, 302.93, 17.65);
insert into SHOT values (7252, 7252, 7253, 7220, 24.70, 326.36, 4.31, 24.69, 326.36, 4.32, 0.01, 140.88, 27.93);
insert into SHOT values (7253, 7252, 7254, 7220, 27.58, 335.18, 3.71, 27.58, 335.19, 3.72, 0.01, 90.07, 61.21);
insert into SHOT values (7254, 7252, 7255, 7220, 26.42, 247.36, -0.31, 26.42, 247.36, -0.30, 0.00, 90.62, 38.05);
insert into SHOT values (7255, 7252, 7256, 7220, 22.42, 258.82, -1.81, 22.42, 258.81, -1.81, 0.01, 145.15, -16.62);
insert into SHOT values (7256, 7252, 7257, 7220, 20.60, 270.75, -4.38, 20.59, 270.75, -4.37, 0.01, 81.95, 21.68);
insert into SHOT values (7257, 7252, 7258, 7220, 17.10, 283.27, -3.27, 17.09, 283.28, -3.25, 0.01, 78.77, 40.01);
insert into SHOT values (7258, 7252, 7259, 7220, 17.04, 296.05, -1.43, 17.04, 296.05, -1.41, 0.01, 101.90, 50.98);
insert into SHOT values (7259, 7252, 7260, 7220, 13.67, 312.92, 10.26, 13.67, 312.92, 10.28, 0.01, 100.06, 83.95);
insert into SHOT values (7260, 7252, 7261, 7220, 14.18, 294.18, 9.89, 14.18, 294.18, 9.91, 0.01, 117.21, 47.49);
insert into SHOT values (7261, 7252, 7262, 7220, 13.34, 274.28, 12.66, 13.34, 274.27, 12.64, 0.00, 204.46, -67.69);
insert into SHOT values (7262, 7252, 7263, 7220, 14.59, 257.07, 11.57, 14.59, 257.06, 11.59, 0.00, 146.35, 61.88);
insert into SHOT values (7263, 7252, 7264, 7220, 17.63, 246.42, 8.81, 17.62, 246.41, 8.81, 0.01, 95.43, -1.41);
insert into SHOT values (7264, 7252, 7265, 7220, 22.68, 239.91, 7.36, 22.68, 239.90, 7.37, 0.01, 145.78, 53.29);
insert into SHOT values (7265, 7252, 7266, 7220, 6.27, 304.51, -32.38, 6.27, 304.53, -32.41, 0.00, 89.03, -33.74);
insert into SHOT values (7266, 7252, 7267, 7220, 18.84, 183.64, 7.40, 18.84, 183.62, 7.41, 0.01, 126.88, 24.46);
insert into SHOT values (7267, 7252, 7268, 7220, 16.19, 182.40, 6.03, 16.19, 182.38, 6.03, 0.01, 131.29, -7.58);
insert into SHOT values (7268, 7252, 7269, 7220, 13.57, 176.46, 9.83, 13.58, 176.44, 9.84, 0.01, 137.01, 26.69);
insert into SHOT values (7269, 7252, 7270, 7220, 13.00, 176.51, 7.25, 13.00, 176.49, 7.25, 0.01, 66.59, -6.19);
insert into SHOT values (7270, 7252, 7271, 7220, 8.47, 164.75, 14.25, 8.47, 164.74, 14.28, 0.01, 65.25, 81.67);
insert into SHOT values (7271, 7252, 7272, 7220, 7.76, 164.36, 10.04, 7.76, 164.36, 10.02, 0.00, 179.95, -58.38);
insert into SHOT values (7272, 7252, 7273, 7220, 7.07, 156.28, 20.25, 7.08, 156.29, 20.25, 0.01, 166.53, 21.39);
insert into SHOT values (7273, 7252, 7274, 7220, 7.06, 156.29, 12.86, 7.06, 156.27, 12.85, 0.00, 50.16, -23.86);
insert into SHOT values (7274, 7252, 7275, 7220, 5.62, 121.12, 13.82, 5.63, 121.07, 13.78, 0.01, 86.37, -16.94);
insert into SHOT values (7275, 7252, 7276, 7220, 6.10, 119.60, 20.77, 6.10, 119.62, 20.74, 0.00, 164.36, -47.77);
insert into SHOT values (7276, 7252, 7277, 7220, 6.91, 93.89, 17.28, 6.92, 93.91, 17.24, 0.01, 108.54, -18.89);
insert into SHOT values (7277, 7252, 7278, 7220, 6.93, 92.49, 10.45, 6.93, 92.52, 10.47, 0.01, 160.62, 36.32);
insert into SHOT values (7278, 7252, 7279, 7220, 9.86, 82.62, 14.72, 9.86, 82.65, 14.74, 0.01, 152.14, 39.55);
insert into SHOT values (7279, 7252, 7280, 7220, 9.87, 87.75, 7.78, 9.88, 87.77, 7.80, 0.01, 115.08, 22.83);
insert into SHOT values (7280, 7252, 7281, 7220, 23.65, 15.42, -1.85, 23.64, 15.44, -1.84, 0.01, 144.05, 22.64);
insert into SHOT values (7281, 7252, 7282, 7220, 21.78, 22.78, 7.27, 21.78, 22.79, 7.28, 0.01, 86.23, 39.14);
insert into SHOT values (7282, 7252, 7283, 7220, 26.65, 25.35, -0.52, 26.65, 25.35, -0.52, 0.00, 172.80, 32.89);
insert into SHOT values (7283, 7252, 7284, 7220, 24.56, 33.39, 6.03, 24.56, 33.41, 6.03, 0.01, 107.89, -0.05);
insert into SHOT values (7284, 7252, 7285, 7220, 28.38, 32.09, -1.78, 28.38, 32.09, -1.78, 0.00, 170.82, 32.83);
insert into SHOT values (7285, 7252, 7286, 7220, 28.36, 44.62, 5.29, 28.36, 44.63, 5.30, 0.01, 91.57, 48.20);
insert into SHOT values (7286, 7252, 7287, 7220, 30.20, 39.61, -0.41, 30.20, 39.63, -0.42, 0.01, 131.68, -25.04);
insert into SHOT values (7287, 7252, 7288, 7220, 32.83, 45.96, -1.40, 32.83, 45.98, -1.40, 0.01, 126.97, 13.45);
insert into SHOT values (7288, 7252, 7289, 7220, 29.10, 53.96, 5.53, 29.11, 53.97, 5.54, 0.01, 98.16, 32.00);
insert into SHOT values (7289, 7252, 7290, 7220, 39.04, 54.65, -1.71, 39.04, 54.66, -1.70, 0.01, 165.64, 33.47);
insert into SHOT values (7290, 7252, 7291, 7220, 38.17, 57.53, 3.71, 38.17, 57.53, 3.71, 0.00, 76.55, 1.90);
insert into SHOT values (7291, 7252, 7292, 7220, 45.62, 74.64, -1.95, 45.62, 74.65, -1.95, 0.01, 144.35, 15.19);
insert into SHOT values (7292, 7292, 7293, 7220, 23.03, 298.14, 1.64, 23.03, 298.15, 1.64, 0.00, 349.82, 17.06);
insert into SHOT values (7293, 7292, 7294, 7220, 18.39, 311.76, 4.48, 18.39, 311.75, 4.49, 0.01, 262.46, 40.85);
insert into SHOT values (7294, 7292, 7295, 7220, 6.69, 30.40, 16.14, 6.70, 30.35, 16.13, 0.01, 345.00, 2.13);
insert into SHOT values (7295, 7292, 7296, 7220, 7.09, 50.94, 29.09, 7.09, 50.89, 29.10, 0.01, 351.95, 26.39);
insert into SHOT values (7296, 7292, 7297, 7220, 6.63, 356.98, 38.26, 6.63, 357.03, 38.22, 0.01, 73.13, -50.94);
insert into SHOT values (7297, 7292, 7298, 7220, 8.49, 331.70, 29.11, 8.50, 331.71, 29.08, 0.01, 339.23, -1.68);
insert into SHOT values (7298, 7292, 7299, 7220, 11.51, 318.67, 21.73, 11.51, 318.68, 21.72, 0.00, 41.87, -42.74);
insert into SHOT values (7299, 7292, 7300, 7220, 14.72, 308.61, 16.07, 14.72, 308.63, 16.05, 0.01, 40.47, -46.10);
insert into SHOT values (7300, 7292, 7301, 7220, 18.70, 195.07, 7.79, 18.70, 195.08, 7.78, 0.01, 274.92, -58.05);
insert into SHOT values (7301, 7292, 7302, 7220, 16.56, 194.02, 14.85, 16.56, 194.03, 14.84, 0.00, 271.90, -62.51);
insert into SHOT values (7302, 7292, 7303, 7220, 17.86, 207.18, 8.35, 17.85, 207.19, 8.34, 0.01, 10.49, -20.75);
insert into SHOT values (7303, 7292, 7304, 7220, 16.95, 213.94, 14.14, 16.95, 213.96, 14.14, 0.01, 332.62, -6.29);
insert into SHOT values (7304, 7292, 7305, 7220, 16.98, 224.07, 3.37, 16.97, 224.09, 3.38, 0.01, 358.65, 11.79);
insert into SHOT values (7305, 7292, 7306, 7220, 16.48, 214.60, 3.53, 16.48, 214.60, 3.51, 0.00, 145.46, -83.36);
insert into SHOT values (7306, 7292, 7307, 7220, 18.79, 231.05, 3.78, 18.79, 231.06, 3.78, 0.01, 9.60, 10.83);
insert into SHOT values (7307, 7292, 7308, 7220, 19.87, 230.71, 11.33, 19.87, 230.73, 11.32, 0.01, 350.06, -25.97);
insert into SHOT values (7308, 7292, 7309, 7220, 22.16, 236.56, 9.83, 22.16, 236.56, 9.82, 0.00, 5.61, -54.99);
insert into SHOT values (7309, 7292, 7310, 7220, 21.90, 239.22, 3.64, 21.90, 239.23, 3.64, 0.01, 328.27, -3.96);
insert into SHOT values (7310, 7292, 7311, 7220, 7.26, 200.87, -15.45, 7.25, 200.87, -15.51, 0.01, 18.78, -33.43);
insert into SHOT values (7311, 7292, 7312, 7220, 30.36, 125.40, 3.73, 30.36, 125.41, 3.72, 0.01, 266.72, -46.14);
insert into SHOT values (7312, 7312, 7313, 7220, 24.79, 249.51, 36.06, 24.79, 249.52, 36.08, 0.01, 25.58, 54.79);
insert into SHOT values (7313, 7312, 7314, 7220, 22.24, 224.18, 42.35, 22.24, 224.19, 42.38, 0.01, 32.61, 41.88);
insert into SHOT values (7314, 7312, 7315, 7220, 20.98, 198.01, 48.87, 20.98, 197.99, 48.90, 0.01, 60.26, 43.93);
insert into SHOT values (7315, 7312, 7316, 7220, 21.92, 163.37, 51.92, 21.92, 163.36, 51.94, 0.01, 12.64, 54.61);
insert into SHOT values (7316, 7312, 7317, 7220, 22.23, 138.32, 52.89, 22.23, 138.30, 52.90, 0.01, 8.96, 15.44);
insert into SHOT values (7317, 7312, 7318, 7220, 38.21, 148.31, 56.71, 38.21, 148.30, 56.71, 0.01, 24.89, 1.29);
insert into SHOT values (7318, 7312, 7319, 7220, 36.02, 174.78, 56.56, 36.02, 174.77, 56.57, 0.01, 30.45, 17.98);
insert into SHOT values (7319, 7312, 7320, 7220, 34.44, 199.48, 55.84, 34.44, 199.46, 55.85, 0.01, 81.68, 11.57);
insert into SHOT values (7320, 7312, 7321, 7220, 33.81, 221.08, 52.17, 33.81, 221.07, 52.18, 0.01, 81.38, 42.69);
insert into SHOT values (7321, 7312, 7322, 7220, 36.70, 245.85, 44.96, 36.70, 245.85, 44.98, 0.01, 52.89, 43.85);
insert into SHOT values (7322, 7312, 7323, 7220, 19.98, 262.28, 6.48, 19.98, 262.30, 6.50, 0.01, 19.56, 35.37);
insert into SHOT values (7323, 7312, 7324, 7220, 26.48, 256.78, -5.85, 26.48, 256.79, -5.85, 0.01, 43.71, -10.17);
insert into SHOT values (7324, 7312, 7325, 7220, 24.35, 242.14, -5.81, 24.34, 242.13, -5.80, 0.01, 85.05, 34.94);
insert into SHOT values (7325, 7312, 7326, 7220, 18.17, 239.72, 8.49, 18.17, 239.73, 8.51, 0.01, 328.52, 77.62);
insert into SHOT values (7326, 7312, 7327, 7220, 24.86, 227.04, -4.12, 24.85, 227.04, -4.11, 0.01, 38.08, 30.89);
insert into SHOT values (7327, 7312, 7328, 7220, 18.21, 217.30, 8.36, 18.20, 217.28, 8.37, 0.01, 78.05, 16.81);
insert into SHOT values (7328, 7312, 7329, 7220, 24.36, 211.85, -4.58, 24.35, 211.85, -4.57, 0.01, 30.94, 36.00);
insert into SHOT values (7329, 7312, 7330, 7220, 16.32, 187.58, 9.52, 16.32, 187.57, 9.53, 0.01, 34.26, 8.24);
insert into SHOT values (7330, 7312, 7331, 7220, 21.75, 187.82, -5.87, 21.74, 187.81, -5.86, 0.01, 38.80, 35.89);
insert into SHOT values (7331, 7312, 7332, 7220, 21.00, 177.99, -6.91, 20.99, 177.97, -6.89, 0.01, 62.21, 33.22);
insert into SHOT values (7332, 7312, 7333, 7220, 16.30, 169.41, 8.88, 16.30, 169.41, 8.89, 0.00, 42.52, 83.51);
insert into SHOT values (7333, 7312, 7334, 7220, 20.68, 160.19, -6.56, 20.67, 160.16, -6.55, 0.01, 40.00, 12.54);
insert into SHOT values (7334, 7312, 7335, 7220, 17.51, 153.31, 8.35, 17.51, 153.27, 8.38, 0.01, 45.20, 30.94);
insert into SHOT values (7335, 7312, 7336, 7220, 22.24, 147.93, -4.89, 22.24, 147.91, -4.88, 0.01, 30.93, 33.30);
insert into SHOT values (7336, 7312, 7337, 7220, 19.60, 135.41, 8.49, 19.60, 135.40, 8.51, 0.01, 11.20, 50.26);
insert into SHOT values (7337, 7312, 7338, 7220, 24.34, 130.25, -5.28, 24.34, 130.25, -5.28, 0.00, 92.37, -5.23);
insert into SHOT values (7338, 7312, 7339, 7220, 23.35, 119.40, 7.94, 23.35, 119.39, 7.95, 0.01, 38.76, 52.43);
insert into SHOT values (7339, 7312, 7340, 7220, 26.58, 120.65, -4.36, 26.58, 120.65, -4.36, 0.00, 333.50, 30.04);
insert into SHOT values (7340, 7312, 7341, 7220, 8.33, 87.70, 20.35, 8.34, 87.65, 20.36, 0.01, 43.36, 19.56);
insert into SHOT values (7341, 7312, 7342, 7220, 3.91, 86.08, 59.13, 3.92, 86.02, 59.05, 0.01, 71.47, 23.58);
insert into SHOT values (7342, 7312, 7343, 7220, 1.63, 65.10, 3.27, 1.64, 65.00, 3.50, 0.01, 39.11, 48.45);
insert into SHOT values (7343, 7312, 7344, 7220, 2.74, 30.66, 73.44, 2.75, 30.47, 73.30, 0.01, 12.08, 23.48);
insert into SHOT values (7344, 7312, 7345, 7220, 1.52, 29.61, 4.69, 1.52, 29.60, 4.89, 0.01, 27.04, 60.14);
insert into SHOT values (7345, 7312, 7346, 7220, 7.92, 186.49, -26.38, 7.92, 186.47, -26.39, 0.00, 95.87, -25.93);
insert into SHOT values (7346, 7312, 7347, 7220, 6.26, 92.16, 5.82, 6.27, 92.11, 5.86, 0.01, 54.78, 32.47);
insert into SHOT values (7347, 7347, 7348, 7220, 10.05, 95.60, -16.88, 10.05, 95.61, -16.89, 0.00, 215.38, -43.51);
insert into SHOT values (7348, 7348, 7349, 7220, 16.74, 109.15, 4.22, 16.74, 109.13, 4.21, 0.01, 353.15, -15.56);
insert into SHOT values (7349, 7348, 7350, 7220, 20.30, 103.54, 11.98, 20.29, 103.55, 11.97, 0.01, 262.41, -31.47);
insert into SHOT values (7350, 7348, 7351, 7220, 26.42, 90.18, 10.59, 26.42, 90.18, 10.60, 0.00, 4.63, 70.67);
insert into SHOT values (7351, 7348, 7352, 7220, 24.87, 90.09, 1.91, 24.86, 90.09, 1.91, 0.01, 261.17, 9.95);
insert into SHOT values (7352, 7348, 7353, 7220, 30.40, 80.37, 14.38, 30.40, 80.36, 14.38, 0.00, 325.99, 1.30);
insert into SHOT values (7353, 7348, 7354, 7220, 33.07, 78.86, 2.45, 33.07, 78.85, 2.44, 0.01, 23.08, -27.44);
insert into SHOT values (7354, 7348, 7355, 7220, 44.19, 71.71, 14.02, 44.19, 71.70, 14.02, 0.01, 24.53, 38.75);
insert into SHOT values (7355, 7348, 7356, 7220, 25.33, 92.16, 58.10, 25.32, 92.14, 58.11, 0.01, 307.63, -31.16);
insert into SHOT values (7356, 7348, 7357, 7220, 40.82, 86.97, 60.31, 40.82, 86.97, 60.31, 0.00, 352.48, -39.65);
insert into SHOT values (7357, 7348, 7358, 7220, 35.41, 77.23, 43.15, 35.41, 77.23, 43.16, 0.01, 266.80, 28.89);
insert into SHOT values (7358, 7348, 7359, 7220, 43.10, 73.73, 46.38, 43.10, 73.73, 46.38, 0.00, 264.59, -27.53);
insert into SHOT values (7359, 7348, 7360, 7220, 37.64, 75.62, 33.19, 37.64, 75.62, 33.20, 0.01, 220.74, 53.43);
insert into SHOT values (7360, 7348, 7361, 7220, 50.39, 71.00, 34.28, 50.39, 71.00, 34.28, 0.00, 18.45, -18.75);
insert into SHOT values (7361, 7348, 7362, 7220, 41.95, 71.20, 28.98, 41.95, 71.19, 28.98, 0.01, 6.79, 53.63);
insert into SHOT values (7362, 7348, 7363, 7220, 5.16, 119.91, -14.50, 5.16, 119.90, -14.48, 0.00, 345.15, 61.67);
insert into SHOT values (7363, 7348, 7364, 7220, 46.66, 44.75, 4.39, 46.66, 44.75, 4.39, 0.00, 269.43, -28.31);
insert into SHOT values (7364, 7364, 7365, 7220, 60.26, 94.00, -1.44, 60.27, 94.00, -1.44, 0.01, 69.17, 35.08);
insert into SHOT values (7365, 7364, 7366, 7220, 55.13, 95.10, 1.60, 55.13, 95.10, 1.60, 0.00, 195.99, 29.23);
insert into SHOT values (7366, 7364, 7367, 7220, 33.31, 106.76, 2.25, 33.31, 106.76, 2.25, 0.00, 192.18, 47.49);
insert into SHOT values (7367, 7364, 7368, 7220, 34.05, 108.18, -1.43, 34.05, 108.18, -1.43, 0.00, 335.55, -30.51);
insert into SHOT values (7368, 7364, 7369, 7220, 24.94, 123.12, 2.22, 24.94, 123.13, 2.23, 0.01, 215.78, 45.17);
insert into SHOT values (7369, 7364, 7370, 7220, 23.99, 124.93, -2.44, 23.99, 124.92, -2.44, 0.00, 353.36, 20.02);
insert into SHOT values (7370, 7364, 7371, 7220, 21.94, 169.24, -3.11, 21.94, 169.24, -3.11, 0.00, 358.47, 7.12);
insert into SHOT values (7371, 7364, 7372, 7220, 24.29, 172.11, 4.74, 24.29, 172.12, 4.75, 0.00, 232.68, 37.41);
insert into SHOT values (7372, 7364, 7373, 7220, 30.01, 186.58, -3.39, 30.01, 186.57, -3.38, 0.01, 86.93, 58.02);
insert into SHOT values (7373, 7364, 7374, 7220, 29.92, 187.82, 3.58, 29.92, 187.82, 3.58, 0.01, 37.60, 19.32);
insert into SHOT values (7374, 7364, 7375, 7220, 36.96, 196.88, -2.88, 36.96, 196.88, -2.88, 0.00, 331.99, -42.04);
insert into SHOT values (7375, 7364, 7376, 7220, 36.01, 200.00, 4.60, 36.01, 199.99, 4.60, 0.01, 95.87, 17.38);
insert into SHOT values (7376, 7364, 7377, 7220, 24.07, 229.05, -5.39, 24.07, 229.06, -5.39, 0.01, 352.54, 9.86);
insert into SHOT values (7377, 7364, 7378, 7220, 18.32, 224.90, 3.82, 18.32, 224.89, 3.82, 0.00, 125.79, -8.44);
insert into SHOT values (7378, 7364, 7379, 7220, 20.30, 232.63, 2.24, 20.30, 232.63, 2.26, 0.01, 21.67, 72.97);
insert into SHOT values (7379, 7364, 7380, 7220, 17.85, 232.70, -6.01, 17.85, 232.69, -6.01, 0.00, 155.67, -20.82);
insert into SHOT values (7380, 7364, 7381, 7220, 13.45, 241.94, 3.12, 13.45, 241.93, 3.11, 0.00, 150.69, -34.98);
insert into SHOT values (7381, 7364, 7382, 7220, 13.18, 236.24, -6.91, 13.18, 236.25, -6.88, 0.01, 298.22, 67.26);
insert into SHOT values (7382, 7364, 7383, 7220, 0.72, 249.35, 62.00, 0.72, 248.84, 62.55, 0.01, 97.19, 33.96);
insert into SHOT values (7383, 7364, 7384, 7220, 1.09, 228.28, -61.41, 1.09, 228.09, -61.37, 0.00, 193.11, -44.56);
insert into SHOT values (7384, 7364, 7385, 7220, 4.96, 101.78, -20.33, 4.96, 101.79, -20.31, 0.00, 261.25, 46.17);
insert into SHOT values (7385, 7364, 7386, 7220, 13.18, 120.19, -19.80, 13.18, 120.16, -19.78, 0.01, 11.39, 36.80);
insert into SHOT values (7386, 7364, 7387, 7220, 8.41, 71.38, 4.54, 8.42, 71.37, 4.57, 0.01, 58.48, 35.16);
insert into SHOT values (7387, 7364, 7388, 7220, 12.54, 77.20, -7.17, 12.54, 77.18, -7.15, 0.01, 321.90, 49.21);
insert into SHOT values (7388, 7364, 7389, 7220, 22.66, 75.05, -3.88, 22.66, 75.05, -3.87, 0.00, 230.23, 42.38);
insert into SHOT values (7389, 7364, 7390, 7220, 20.36, 78.22, 2.74, 20.36, 78.23, 2.76, 0.01, 138.95, 70.12);
insert into SHOT values (7390, 7364, 7391, 7220, 48.67, 80.89, -4.30, 48.67, 80.88, -4.30, 0.01, 351.94, -7.70);
insert into SHOT values (7391, 7391, 7392, 7220, 36.14, 264.91, 4.94, 36.14, 264.90, 4.94, 0.01, 145.84, -17.42);
insert into SHOT values (7392, 7391, 7393, 7220, 36.20, 261.44, 7.66, 36.20, 261.44, 7.67, 0.01, 272.31, 60.52);
insert into SHOT values (7393, 7391, 7394, 7220, 20.86, 267.12, 13.56, 20.86, 267.12, 13.56, 0.00, 111.02, -16.23);
insert into SHOT values (7394, 7391, 7395, 7220, 23.81, 271.15, 7.31, 23.81, 271.14, 7.31, 0.00, 156.62, 6.18);
insert into SHOT values (7395, 7391, 7396, 7220, 13.15, 286.52, 13.26, 13.15, 286.52, 13.28, 0.00, 65.28, 72.87);
insert into SHOT values (7396, 7391, 7397, 7220, 11.90, 281.86, 24.71, 11.90, 281.85, 24.73, 0.01, 192.59, 71.83);
insert into SHOT values (7397, 7391, 7398, 7220, 8.09, 308.35, 39.22, 8.09, 308.32, 39.29, 0.01, 149.29, 24.73);
insert into SHOT values (7398, 7391, 7399, 7220, 9.57, 311.35, 20.63, 9.56, 311.33, 20.64, 0.01, 154.25, -13.04);
insert into SHOT values (7399, 7391, 7400, 7220, 7.69, 353.67, 20.67, 7.69, 353.69, 20.71, 0.01, 108.87, 57.98);
insert into SHOT values (7400, 7391, 7401, 7220, 7.67, 1.90, 44.66, 7.67, 1.89, 44.67, 0.00, 198.74, -24.15);
insert into SHOT values (7401, 7391, 7402, 7220, 11.11, 37.16, 30.32, 11.11, 37.20, 30.32, 0.01, 113.60, 10.01);
insert into SHOT values (7402, 7391, 7403, 7220, 11.29, 33.34, 11.41, 11.29, 33.35, 11.45, 0.01, 203.65, 47.20);
insert into SHOT values (7403, 7391, 7404, 7220, 15.76, 46.94, 9.18, 15.76, 46.95, 9.20, 0.01, 134.22, 57.44);
insert into SHOT values (7404, 7391, 7405, 7220, 17.25, 52.49, 18.85, 17.25, 52.49, 18.87, 0.01, 117.97, 86.44);
insert into SHOT values (7405, 7391, 7406, 7220, 26.10, 59.40, 7.41, 26.10, 59.41, 7.42, 0.01, 155.89, 35.43);
insert into SHOT values (7406, 7391, 7407, 7220, 25.53, 62.12, 11.98, 25.53, 62.14, 11.98, 0.01, 150.15, 4.34);
insert into SHOT values (7407, 7391, 7408, 7220, 31.82, 64.30, 6.00, 31.82, 64.31, 6.01, 0.01, 125.63, 33.48);
insert into SHOT values (7408, 7391, 7409, 7220, 39.29, 70.31, 10.81, 39.29, 70.32, 10.81, 0.00, 129.49, 12.18);
insert into SHOT values (7409, 7391, 7410, 7220, 82.66, 82.92, 2.17, 82.66, 82.92, 2.17, 0.00, 223.00, 4.92);
insert into SHOT values (7410, 7391, 7411, 7220, 70.61, 83.81, 4.40, 70.61, 83.81, 4.40, 0.00, 231.50, 57.37);
insert into SHOT values (7411, 7391, 7412, 7220, 38.93, 92.68, 7.11, 38.93, 92.69, 7.11, 0.00, 156.58, 19.72);
insert into SHOT values (7412, 7391, 7413, 7220, 39.28, 94.59, 4.13, 39.28, 94.60, 4.13, 0.01, 206.16, 11.32);
insert into SHOT values (7413, 7391, 7414, 7220, 27.28, 105.46, 5.47, 27.29, 105.46, 5.47, 0.01, 100.04, -3.75);
insert into SHOT values (7414, 7391, 7415, 7220, 25.99, 107.61, 10.09, 25.99, 107.63, 10.10, 0.01, 172.94, 37.35);
insert into SHOT values (7415, 7391, 7416, 7220, 21.24, 120.88, 7.14, 21.24, 120.88, 7.14, 0.00, 145.51, -0.13);
insert into SHOT values (7416, 7391, 7417, 7220, 19.63, 125.06, 15.54, 19.63, 125.08, 15.54, 0.01, 187.15, 8.42);
insert into SHOT values (7417, 7391, 7418, 7220, 15.63, 169.28, 7.88, 15.64, 169.28, 7.90, 0.01, 179.10, 42.53);
insert into SHOT values (7418, 7391, 7419, 7220, 15.00, 180.16, 18.55, 15.00, 180.16, 18.54, 0.00, 335.76, -70.48);
insert into SHOT values (7419, 7391, 7420, 7220, 17.46, 202.07, 7.85, 17.46, 202.07, 7.87, 0.01, 226.99, 74.56);
insert into SHOT values (7420, 7391, 7421, 7220, 18.96, 213.55, 15.26, 18.97, 213.54, 15.25, 0.01, 189.21, -2.58);
insert into SHOT values (7421, 7391, 7422, 7220, 28.94, 227.40, 5.76, 28.94, 227.39, 5.77, 0.01, 91.27, 47.36);
insert into SHOT values (7422, 7391, 7423, 7220, 29.15, 229.64, 9.11, 29.15, 229.64, 9.12, 0.01, 116.49, 66.15);
insert into SHOT values (7423, 7391, 7424, 7220, 37.89, 233.82, 4.48, 37.89, 233.82, 4.48, 0.00, 174.52, 20.90);
insert into SHOT values (7424, 7391, 7425, 7220, 37.23, 234.84, 7.06, 37.23, 234.83, 7.07, 0.01, 116.36, 29.52);
insert into SHOT values (7425, 7391, 7426, 7220, 30.93, 100.90, 49.27, 30.93, 100.91, 49.27, 0.00, 147.02, 18.25);
insert into SHOT values (7426, 7391, 7427, 7220, 38.98, 87.95, 47.66, 38.99, 87.97, 47.66, 0.01, 163.83, 38.21);
insert into SHOT values (7427, 7391, 7428, 7220, 38.14, 84.40, 38.69, 38.14, 84.41, 38.69, 0.01, 155.37, -15.77);
insert into SHOT values (7428, 7391, 7429, 7220, 49.91, 78.40, 35.30, 49.91, 78.40, 35.30, 0.00, 247.86, -29.06);
insert into SHOT values (7429, 7391, 7430, 7220, 48.20, 81.17, 31.79, 48.20, 81.18, 31.78, 0.01, 144.74, -10.99);
insert into SHOT values (7430, 7391, 7431, 7220, 59.49, 77.23, 28.82, 59.49, 77.23, 28.82, 0.00, 250.07, 43.41);
insert into SHOT values (7431, 7391, 7432, 7220, 58.77, 80.04, 27.50, 58.78, 80.05, 27.50, 0.01, 136.57, 19.07);
insert into SHOT values (7432, 7391, 7433, 7220, 40.92, 65.42, 29.63, 40.92, 65.43, 29.63, 0.01, 143.22, -6.09);
insert into SHOT values (7433, 7391, 7434, 7220, 57.45, 66.58, 37.11, 57.45, 66.58, 37.11, 0.00, 264.74, -72.75);
insert into SHOT values (7434, 7391, 7435, 7220, 33.42, 58.14, 33.10, 33.42, 58.16, 33.10, 0.01, 169.96, -5.21);
insert into SHOT values (7435, 7391, 7436, 7220, 44.63, 71.75, 51.88, 44.63, 71.77, 51.88, 0.01, 146.20, -7.82);
insert into SHOT values (7436, 7391, 7437, 7220, 24.24, 48.39, 40.74, 24.24, 48.40, 40.75, 0.01, 198.28, 2.73);
insert into SHOT values (7437, 7391, 7438, 7220, 36.35, 49.78, 55.82, 36.35, 49.81, 55.82, 0.01, 133.05, -9.02);
insert into SHOT values (7438, 7391, 7439, 7220, 14.06, 33.85, 55.52, 14.06, 33.89, 55.51, 0.01, 94.15, 0.06);
insert into SHOT values (7439, 7391, 7440, 7220, 11.18, 289.31, 53.23, 11.18, 289.30, 53.27, 0.01, 117.21, 33.04);
insert into SHOT values (7440, 7391, 7441, 7220, 38.22, 275.65, 47.13, 38.21, 275.65, 47.14, 0.01, 89.82, -12.87);
insert into SHOT values (7441, 7391, 7442, 7220, 19.66, 268.07, 33.05, 19.66, 268.05, 33.04, 0.01, 184.96, -21.55);
insert into SHOT values (7442, 7391, 7443, 7220, 52.12, 265.41, 34.53, 52.12, 265.40, 34.54, 0.01, 175.80, 58.73);
insert into SHOT values (7443, 7391, 7444, 7220, 25.34, 264.00, 27.39, 25.34, 263.98, 27.40, 0.01, 143.65, 13.63);
insert into SHOT values (7444, 7391, 7445, 7220, 63.63, 262.69, 27.37, 63.64, 262.69, 27.37, 0.01, 265.55, 72.24);
insert into SHOT values (7445, 7391, 7446, 7220, 2.32, 223.56, -18.50, 2.32, 223.34, -18.36, 0.01, 132.85, 36.34);
insert into SHOT values (7446, 7391, 7447, 7220, 71.05, 84.67, 1.37, 71.05, 84.68, 1.37, 0.01, 197.64, 8.61);
insert into SHOT values (7447, 7447, 7448, 7220, 42.28, 277.75, 6.32, 42.27, 277.76, 6.33, 0.01, 71.09, 30.64);
insert into SHOT values (7448, 7447, 7449, 7220, 29.82, 286.96, 10.46, 29.81, 286.98, 10.47, 0.01, 56.83, 29.76);
insert into SHOT values (7449, 7447, 7450, 7220, 32.24, 288.93, 3.00, 32.24, 288.94, 3.01, 0.01, 40.67, 21.17);
insert into SHOT values (7450, 7447, 7451, 7220, 21.75, 304.90, 3.33, 21.75, 304.93, 3.32, 0.01, 50.12, -17.62);
insert into SHOT values (7451, 7447, 7452, 7220, 18.84, 311.14, 13.84, 18.84, 311.17, 13.85, 0.01, 52.70, 21.56);
insert into SHOT values (7452, 7447, 7453, 7220, 17.26, 322.27, 1.85, 17.26, 322.30, 1.86, 0.01, 47.14, 17.25);
insert into SHOT values (7453, 7447, 7454, 7220, 17.39, 326.45, 11.93, 17.39, 326.46, 11.95, 0.01, 87.52, 57.97);
insert into SHOT values (7454, 7447, 7455, 7220, 16.87, 338.49, 1.37, 16.87, 338.50, 1.36, 0.01, 98.55, -40.65);
insert into SHOT values (7455, 7447, 7456, 7220, 16.70, 338.15, 14.05, 16.70, 338.19, 14.07, 0.01, 70.14, 29.89);
insert into SHOT values (7456, 7447, 7457, 7220, 18.17, 354.12, 0.92, 18.18, 354.13, 0.91, 0.01, 8.55, -12.27);
insert into SHOT values (7457, 7447, 7458, 7220, 16.59, 355.98, 11.28, 16.59, 355.98, 11.30, 0.00, 48.87, 81.27);
insert into SHOT values (7458, 7447, 7459, 7220, 19.25, 358.24, 1.19, 19.25, 358.24, 1.19, 0.00, 18.75, 3.65);
insert into SHOT values (7459, 7447, 7460, 7220, 17.55, 1.54, 11.12, 17.56, 1.56, 11.13, 0.01, 51.57, 29.63);
insert into SHOT values (7460, 7447, 7461, 7220, 23.64, 9.57, 1.93, 23.64, 9.57, 1.94, 0.00, 42.36, 52.01);
insert into SHOT values (7461, 7447, 7462, 7220, 23.10, 21.25, 8.71, 23.11, 21.25, 8.71, 0.01, 25.43, 10.85);
insert into SHOT values (7462, 7447, 7463, 7220, 33.33, 20.35, -0.11, 33.33, 20.36, -0.10, 0.01, 88.03, 23.02);
insert into SHOT values (7463, 7447, 7464, 7220, 32.73, 28.03, 6.05, 32.73, 28.04, 6.05, 0.00, 88.93, 4.58);
insert into SHOT values (7464, 7447, 7465, 7220, 45.56, 27.23, 0.30, 45.56, 27.23, 0.30, 0.00, 95.34, 21.36);
insert into SHOT values (7465, 7447, 7466, 7220, 34.32, 58.49, 5.20, 34.32, 58.48, 5.20, 0.01, 8.15, -4.40);
insert into SHOT values (7466, 7447, 7467, 7220, 17.34, 60.90, 14.04, 17.35, 60.88, 14.05, 0.01, 9.02, 20.34);
insert into SHOT values (7467, 7447, 7468, 7220, 5.65, 50.02, 38.33, 5.66, 50.03, 38.35, 0.01, 59.21, 53.41);
insert into SHOT values (7468, 7447, 7469, 7220, 11.36, 70.89, 6.20, 11.37, 70.89, 6.21, 0.01, 73.06, 18.75);
insert into SHOT values (7469, 7447, 7470, 7220, 2.67, 98.90, 16.39, 2.68, 98.73, 16.27, 0.01, 56.04, -16.82);
insert into SHOT values (7470, 7447, 7471, 7220, 3.82, 47.62, 76.65, 3.83, 47.73, 76.52, 0.01, 57.08, 17.77);
insert into SHOT values (7471, 7447, 7472, 7220, 2.87, 164.15, 18.65, 2.87, 163.97, 18.72, 0.01, 51.04, 13.26);
insert into SHOT values (7472, 7447, 7473, 7220, 4.28, 238.84, 52.91, 4.28, 238.85, 53.07, 0.01, 57.57, 29.62);
insert into SHOT values (7473, 7447, 7474, 7220, 5.27, 220.41, 3.99, 5.26, 220.36, 4.03, 0.01, 69.57, 21.11);
insert into SHOT values (7474, 7447, 7475, 7220, 8.12, 252.57, 20.42, 8.12, 252.57, 20.40, 0.00, 150.19, -77.78);
insert into SHOT values (7475, 7447, 7476, 7220, 14.94, 251.85, 0.57, 14.93, 251.86, 0.58, 0.01, 58.35, 11.12);
insert into SHOT values (7476, 7447, 7477, 7220, 21.47, 257.91, 8.51, 21.47, 257.93, 8.52, 0.01, 19.86, 19.91);
insert into SHOT values (7477, 7447, 7478, 7220, 3.73, 256.82, -37.13, 3.72, 256.95, -37.18, 0.01, 34.18, 8.88);
insert into SHOT values (7478, 7447, 7479, 7220, 52.66, 39.82, 0.69, 52.67, 39.82, 0.70, 0.01, 1.23, 40.29);
insert into SHOT values (7479, 7479, 7480, 7220, 65.44, 227.68, -0.96, 65.44, 227.67, -0.96, 0.01, 128.36, -16.87);
insert into SHOT values (7480, 7479, 7481, 7220, 65.97, 229.30, 2.21, 65.97, 229.29, 2.21, 0.01, 113.89, -27.55);
insert into SHOT values (7481, 7479, 7482, 7220, 54.24, 222.59, 3.21, 54.23, 222.58, 3.20, 0.01, 92.12, -38.10);
insert into SHOT values (7482, 7479, 7483, 7220, 48.42, 218.16, -1.40, 48.41, 218.15, -1.41, 0.01, 84.74, -41.64);
insert into SHOT values (7483, 7479, 7484, 7220, 41.31, 215.01, 4.36, 41.31, 215.01, 4.36, 0.00, 148.57, -8.55);
insert into SHOT values (7484, 7479, 7485, 7220, 23.48, 192.72, 13.04, 23.48, 192.70, 13.02, 0.01, 135.89, -39.24);
insert into SHOT values (7485, 7479, 7486, 7220, 18.68, 188.04, 4.31, 18.68, 188.02, 4.30, 0.01, 138.27, -25.92);
insert into SHOT values (7486, 7479, 7487, 7220, 18.60, 159.37, 3.33, 18.60, 159.35, 3.33, 0.01, 105.36, -2.97);
insert into SHOT values (7487, 7479, 7488, 7220, 19.67, 154.80, 7.72, 19.67, 154.80, 7.71, 0.00, 166.15, -33.70);
insert into SHOT values (7488, 7479, 7489, 7220, 20.47, 149.14, 1.36, 20.47, 149.14, 1.34, 0.01, 134.94, -53.73);
insert into SHOT values (7489, 7479, 7490, 7220, 24.50, 148.02, 5.80, 24.50, 148.02, 5.79, 0.01, 171.99, -51.21);
insert into SHOT values (7490, 7479, 7491, 7220, 25.53, 145.83, 1.89, 25.53, 145.81, 1.89, 0.01, 81.11, -12.55);
insert into SHOT values (7491, 7479, 7492, 7220, 25.17, 144.40, 6.12, 25.17, 144.40, 6.11, 0.00, 121.26, -63.19);
insert into SHOT values (7492, 7479, 7493, 7220, 37.77, 116.24, 28.91, 37.77, 116.24, 28.89, 0.01, 113.22, -64.77);
insert into SHOT values (7493, 7479, 7494, 7220, 48.47, 114.72, 31.12, 48.48, 114.73, 31.11, 0.01, 133.92, -4.44);
insert into SHOT values (7494, 7479, 7495, 7220, 43.55, 121.14, 36.86, 43.55, 121.14, 36.85, 0.01, 97.36, -31.82);
insert into SHOT values (7495, 7479, 7496, 7220, 34.88, 123.05, 35.47, 34.89, 123.05, 35.46, 0.01, 129.14, -0.23);
insert into SHOT values (7496, 7479, 7497, 7220, 32.46, 133.75, 40.37, 32.46, 133.74, 40.36, 0.01, 74.91, -41.19);
insert into SHOT values (7497, 7479, 7498, 7220, 38.25, 136.51, 43.81, 38.25, 136.51, 43.79, 0.01, 145.24, -60.12);
insert into SHOT values (7498, 7479, 7499, 7220, 28.78, 158.24, 48.18, 28.78, 158.23, 48.16, 0.01, 140.89, -41.47);
insert into SHOT values (7499, 7479, 7500, 7220, 34.20, 157.27, 52.10, 34.20, 157.27, 52.09, 0.01, 140.44, -59.29);
insert into SHOT values (7500, 7479, 7501, 7220, 33.83, 168.72, 53.04, 33.83, 168.72, 53.03, 0.00, 151.14, -36.95);
insert into SHOT values (7501, 7479, 7502, 7220, 28.95, 171.64, 49.41, 28.95, 171.64, 49.40, 0.01, 161.31, -44.27);
insert into SHOT values (7502, 7479, 7503, 7220, 29.39, 180.45, 48.44, 29.39, 180.44, 48.43, 0.00, 135.25, -17.51);
insert into SHOT values (7503, 7479, 7504, 7220, 34.36, 183.50, 50.79, 34.36, 183.48, 50.79, 0.01, 83.78, -28.50);
insert into SHOT values (7504, 7479, 7505, 7220, 35.63, 196.83, 48.14, 35.63, 196.82, 48.13, 0.01, 116.73, -54.86);
insert into SHOT values (7505, 7479, 7506, 7220, 30.08, 197.08, 46.49, 30.08, 197.07, 46.48, 0.01, 146.89, -50.73);
insert into SHOT values (7506, 7479, 7507, 7220, 25.46, 231.06, 6.65, 25.46, 231.04, 6.63, 0.01, 121.34, -36.47);
insert into SHOT values (7507, 7479, 7508, 7220, 38.44, 235.29, 4.09, 38.44, 235.27, 4.09, 0.01, 128.61, -8.32);
insert into SHOT values (7508, 7479, 7509, 7220, 41.66, 239.45, 0.12, 41.66, 239.44, 0.11, 0.01, 124.05, -40.94);
insert into SHOT values (7509, 7479, 7510, 7220, 29.24, 242.92, -0.25, 29.24, 242.92, -0.25, 0.00, 77.72, -29.22);
insert into SHOT values (7510, 7479, 7511, 7220, 22.07, 251.07, 0.28, 22.06, 251.06, 0.26, 0.01, 92.78, -52.09);
insert into SHOT values (7511, 7479, 7512, 7220, 20.88, 251.21, -3.27, 20.88, 251.19, -3.30, 0.01, 137.54, -50.33);
insert into SHOT values (7512, 7479, 7513, 7220, 15.64, 259.44, -3.58, 15.64, 259.44, -3.59, 0.01, 82.50, -33.45);
insert into SHOT values (7513, 7479, 7514, 7220, 10.96, 261.25, 14.13, 10.95, 261.23, 14.11, 0.01, 124.02, -44.57);
insert into SHOT values (7514, 7479, 7515, 7220, 9.02, 287.40, 13.85, 9.01, 287.42, 13.80, 0.01, 81.26, -52.46);
insert into SHOT values (7515, 7479, 7516, 7220, 10.78, 283.90, 2.74, 10.78, 283.87, 2.71, 0.01, 160.59, -36.86);
insert into SHOT values (7516, 7479, 7517, 7220, 9.37, 243.76, 20.18, 9.36, 243.73, 20.18, 0.01, 100.22, -15.37);
insert into SHOT values (7517, 7479, 7518, 7220, 4.63, 287.50, -3.74, 4.62, 287.53, -3.84, 0.01, 83.69, -51.55);
insert into SHOT values (7518, 7479, 7519, 7220, 3.18, 338.98, -1.09, 3.17, 338.94, -1.26, 0.01, 176.79, -50.41);
insert into SHOT values (7519, 7479, 7520, 7220, 3.72, 232.00, 61.95, 3.72, 231.75, 61.99, 0.01, 109.65, -18.68);
insert into SHOT values (7520, 7479, 7521, 7220, 4.41, 63.21, 35.60, 4.41, 63.36, 35.48, 0.01, 124.19, -33.05);
insert into SHOT values (7521, 7479, 7522, 7220, 8.20, 55.40, 5.58, 8.20, 55.43, 5.53, 0.01, 151.96, -56.68);
insert into SHOT values (7522, 7479, 7523, 7220, 11.35, 68.58, 3.97, 11.36, 68.62, 3.94, 0.01, 118.67, -28.68);
insert into SHOT values (7523, 7479, 7524, 7220, 13.87, 88.96, 13.50, 13.87, 88.98, 13.46, 0.01, 131.31, -47.38);
insert into SHOT values (7524, 7479, 7525, 7220, 7.29, 199.79, -23.17, 7.29, 199.71, -23.18, 0.01, 112.73, -9.60);
insert into SHOT values (7525, 7479, 7526, 7220, 33.33, 102.84, 1.66, 33.34, 102.85, 1.65, 0.01, 131.28, -30.38);
insert into SHOT values (7526, 7526, 7527, 7220, 30.25, 129.41, -1.44, 30.25, 129.42, -1.44, 0.00, 252.71, 2.27);
insert into SHOT values (7527, 7526, 7528, 7220, 17.44, 126.74, 11.42, 17.44, 126.72, 11.41, 0.01, 9.79, -27.85);
insert into SHOT values (7528, 7526, 7529, 7220, 14.84, 141.10, 9.98, 14.84, 141.08, 9.97, 0.01, 25.02, -20.85);
insert into SHOT values (7529, 7526, 7530, 7220, 21.49, 145.04, -3.87, 21.49, 145.05, -3.87, 0.01, 289.23, 3.94);
insert into SHOT values (7530, 7526, 7531, 7220, 13.31, 180.06, 7.32, 13.31, 180.09, 7.34, 0.01, 283.80, 33.20);
insert into SHOT values (7531, 7526, 7532, 7220, 15.90, 217.91, 0.85, 15.90, 217.92, 0.86, 0.01, 332.42, 47.51);
insert into SHOT values (7532, 7526, 7533, 7220, 15.22, 218.83, 5.26, 15.22, 218.87, 5.28, 0.01, 313.04, 25.92);
insert into SHOT values (7533, 7526, 7534, 7220, 17.26, 227.01, 5.27, 17.26, 227.00, 5.29, 0.01, 109.63, 67.23);
insert into SHOT values (7534, 7526, 7535, 7220, 18.04, 225.14, 1.69, 18.04, 225.13, 1.68, 0.00, 106.80, -47.61);
insert into SHOT values (7535, 7526, 7536, 7220, 22.50, 235.23, 3.48, 22.50, 235.25, 3.49, 0.01, 348.98, 28.37);
insert into SHOT values (7536, 7526, 7537, 7220, 22.53, 234.36, -1.51, 22.53, 234.38, -1.50, 0.01, 298.54, 27.06);
insert into SHOT values (7537, 7526, 7538, 7220, 25.36, 241.69, 2.68, 25.36, 241.69, 2.69, 0.01, 33.40, 44.24);
insert into SHOT values (7538, 7526, 7539, 7220, 25.27, 240.84, -0.88, 25.27, 240.85, -0.88, 0.01, 284.48, -19.24);
insert into SHOT values (7539, 7526, 7540, 7220, 8.45, 7.55, 6.06, 8.45, 7.52, 6.05, 0.00, 270.94, -27.00);
insert into SHOT values (7540, 7526, 7541, 7220, 6.10, 13.30, 22.70, 6.10, 13.25, 22.74, 0.01, 306.89, 46.08);
insert into SHOT values (7541, 7526, 7542, 7220, 7.63, 329.30, 20.78, 7.64, 329.34, 20.79, 0.01, 18.51, 25.17);
insert into SHOT values (7542, 7526, 7543, 7220, 11.37, 329.07, 3.40, 11.38, 329.05, 3.43, 0.01, 302.95, 37.52);
insert into SHOT values (7543, 7526, 7544, 7220, 14.15, 318.77, 0.53, 14.15, 318.75, 0.53, 0.00, 253.02, -11.01);
insert into SHOT values (7544, 7526, 7545, 7220, 11.32, 311.23, 11.41, 11.33, 311.24, 11.40, 0.01, 323.96, 4.06);
insert into SHOT values (7545, 7526, 7546, 7220, 18.07, 308.10, -0.19, 18.07, 308.10, -0.19, 0.00, 323.95, -15.73);
insert into SHOT values (7546, 7526, 7547, 7220, 13.35, 306.02, 7.44, 13.36, 306.03, 7.44, 0.01, 328.78, 11.97);
insert into SHOT values (7547, 7526, 7548, 7220, 36.57, 243.81, 46.50, 36.57, 243.81, 46.50, 0.00, 276.35, 67.46);
insert into SHOT values (7548, 7526, 7549, 7220, 21.46, 229.64, 56.39, 21.46, 229.64, 56.39, 0.00, 31.45, -38.04);
insert into SHOT values (7549, 7526, 7550, 7220, 30.73, 233.81, 57.66, 30.73, 233.83, 57.66, 0.01, 336.28, -25.69);
insert into SHOT values (7550, 7526, 7551, 7220, 19.02, 208.72, 66.60, 19.02, 208.74, 66.62, 0.01, 357.47, 43.85);
insert into SHOT values (7551, 7526, 7552, 7220, 26.98, 200.89, 68.98, 26.98, 200.89, 68.99, 0.01, 28.60, 73.24);
insert into SHOT values (7552, 7526, 7553, 7220, 17.88, 126.27, 54.73, 17.88, 126.25, 54.75, 0.01, 333.20, 13.13);
insert into SHOT values (7553, 7526, 7554, 7220, 28.46, 120.09, 51.89, 28.46, 120.07, 51.89, 0.01, 20.14, -24.98);
insert into SHOT values (7554, 7526, 7555, 7220, 36.84, 107.92, 44.01, 36.84, 107.92, 44.02, 0.00, 346.38, 58.02);
insert into SHOT values (7555, 7526, 7556, 7220, 20.80, 109.54, 36.81, 20.80, 109.55, 36.81, 0.00, 267.92, -33.25);
insert into SHOT values (7556, 7526, 7557, 7220, 13.41, 117.92, -16.05, 13.40, 117.92, -16.07, 0.01, 300.84, -16.24);
insert into SHOT values (7557, 7526, 7558, 7220, 51.23, 97.93, -1.30, 51.22, 97.92, -1.30, 0.01, 310.57, 13.76);
insert into SHOT values (7558, 7558, 7559, 7220, 24.78, 294.66, 2.63, 24.78, 294.67, 2.64, 0.01, 73.61, 24.03);
insert into SHOT values (7559, 7558, 7560, 7220, 17.38, 298.64, 10.32, 17.37, 298.63, 10.31, 0.01, 129.36, -22.08);
insert into SHOT values (7560, 7558, 7561, 7220, 14.29, 334.61, 13.50, 14.28, 334.63, 13.48, 0.01, 110.93, -34.94);
insert into SHOT values (7561, 7558, 7562, 7220, 19.77, 334.08, 0.27, 19.77, 334.08, 0.26, 0.00, 121.83, -57.95);
insert into SHOT values (7562, 7558, 7563, 7220, 20.96, 345.66, -3.07, 20.96, 345.67, -3.06, 0.01, 60.19, 29.87);
insert into SHOT values (7563, 7558, 7564, 7220, 15.56, 354.92, 11.67, 15.56, 354.96, 11.68, 0.01, 80.85, 15.47);
insert into SHOT values (7564, 7558, 7565, 7220, 23.48, 7.04, -3.92, 23.48, 7.06, -3.93, 0.01, 80.27, -27.92);
insert into SHOT values (7565, 7558, 7566, 7220, 16.95, 12.11, 10.46, 16.94, 12.13, 10.47, 0.01, 156.83, 18.83);
insert into SHOT values (7566, 7558, 7567, 7220, 27.17, 18.71, -3.71, 27.17, 18.72, -3.71, 0.00, 95.30, -35.19);
insert into SHOT values (7567, 7558, 7568, 7220, 20.73, 24.75, 9.55, 20.73, 24.76, 9.55, 0.01, 163.41, 8.03);
insert into SHOT values (7568, 7558, 7569, 7220, 56.02, 262.50, 0.13, 56.02, 262.50, 0.13, 0.00, 16.20, 53.48);
insert into SHOT values (7569, 7558, 7570, 7220, 33.64, 264.30, 7.15, 33.64, 264.29, 7.16, 0.01, 145.31, 26.24);
insert into SHOT values (7570, 7558, 7571, 7220, 24.00, 250.14, 8.34, 24.00, 250.13, 8.34, 0.00, 126.34, -13.10);
insert into SHOT values (7571, 7558, 7572, 7220, 34.21, 250.47, -0.46, 34.21, 250.46, -0.47, 0.01, 169.36, -53.05);
insert into SHOT values (7572, 7558, 7573, 7220, 25.05, 234.12, 5.71, 25.05, 234.11, 5.71, 0.01, 102.33, -20.73);
insert into SHOT values (7573, 7558, 7574, 7220, 23.38, 234.61, 2.51, 23.38, 234.60, 2.50, 0.01, 147.05, -50.22);
insert into SHOT values (7574, 7558, 7575, 7220, 30.65, 269.37, 26.14, 30.65, 269.35, 26.14, 0.01, 155.11, -22.15);
insert into SHOT values (7575, 7558, 7576, 7220, 40.16, 262.93, 35.29, 40.16, 262.92, 35.29, 0.01, 170.55, -10.85);
insert into SHOT values (7576, 7558, 7577, 7220, 26.22, 243.99, 29.01, 26.21, 243.97, 29.00, 0.01, 119.30, -32.32);
insert into SHOT values (7577, 7558, 7578, 7220, 44.82, 240.41, 35.05, 44.82, 240.40, 35.05, 0.01, 105.84, 2.28);
insert into SHOT values (7578, 7558, 7579, 7220, 13.60, 227.80, 55.64, 13.60, 227.75, 55.65, 0.01, 123.22, 22.65);
insert into SHOT values (7579, 7558, 7580, 7220, 8.73, 142.59, 46.42, 8.73, 142.56, 46.39, 0.01, 85.79, -46.70);
insert into SHOT values (7580, 7558, 7581, 7220, 17.29, 143.16, 63.61, 17.29, 143.15, 63.61, 0.00, 78.70, 38.96);
insert into SHOT values (7581, 7558, 7582, 7220, 29.86, 229.25, 63.78, 29.86, 229.24, 63.79, 0.01, 68.91, 27.95);
insert into SHOT values (7582, 7558, 7583, 7220, 13.68, 109.59, 6.59, 13.69, 109.59, 6.59, 0.01, 117.04, 0.23);
insert into SHOT values (7583, 7558, 7584, 7220, 19.54, 106.96, 16.84, 19.54, 106.97, 16.84, 0.00, 163.95, -8.91);
insert into SHOT values (7584, 7558, 7585, 7220, 22.90, 101.63, 11.33, 22.91, 101.64, 11.33, 0.01, 115.98, 7.59);
insert into SHOT values (7585, 7558, 7586, 7220, 48.79, 73.95, -1.12, 48.79, 73.96, -1.12, 0.01, 173.58, 28.59);
insert into SHOT values (7586, 7586, 7587, 7220, 1.14, 224.05, -85.49, 1.14, 225.00, -85.74, 0.01, 27.72, -35.21);
insert into SHOT values (7587, 7586, 7588, 7220, 25.87, 230.15, -0.44, 25.87, 230.16, -0.44, 0.01, 3.97, -11.60);
insert into SHOT values (7588, 7586, 7589, 7220, 27.88, 227.47, 7.55, 27.87, 227.46, 7.55, 0.01, 68.84, -22.15);
insert into SHOT values (7589, 7586, 7590, 7220, 32.41, 217.69, 6.55, 32.41, 217.68, 6.54, 0.01, 93.89, -50.47);
insert into SHOT values (7590, 7586, 7591, 7220, 34.47, 217.58, -1.35, 34.47, 217.57, -1.36, 0.01, 90.17, -51.26);
insert into SHOT values (7591, 7586, 7592, 7220, 39.17, 211.07, 6.02, 39.16, 211.07, 6.01, 0.01, 32.73, -50.41);
insert into SHOT values (7592, 7586, 7593, 7220, 47.60, 211.28, 0.41, 47.60, 211.28, 0.41, 0.00, 92.30, -8.18);
insert into SHOT values (7593, 7586, 7594, 7220, 46.38, 206.02, 5.72, 46.38, 206.02, 5.72, 0.01, 73.59, -26.63);
insert into SHOT values (7594, 7586, 7595, 7220, 9.03, 135.47, 15.29, 9.03, 135.47, 15.28, 0.00, 108.42, -37.15);
insert into SHOT values (7595, 7586, 7596, 7220, 9.47, 149.58, 22.97, 9.46, 149.52, 22.95, 0.01, 30.57, -28.93);
insert into SHOT values (7596, 7586, 7597, 7220, 11.07, 152.47, 9.81, 11.07, 152.42, 9.78, 0.01, 69.74, -35.28);
insert into SHOT values (7597, 7586, 7598, 7220, 13.36, 161.21, 16.44, 13.36, 161.20, 16.44, 0.00, 71.50, -20.07);
insert into SHOT values (7598, 7586, 7599, 7220, 14.80, 155.89, 7.45, 14.80, 155.86, 7.42, 0.01, 47.98, -51.09);
insert into SHOT values (7599, 7586, 7600, 7220, 20.83, 170.39, 12.29, 20.82, 170.38, 12.28, 0.01, 18.24, -27.63);
insert into SHOT values (7600, 7586, 7601, 7220, 22.56, 164.83, 3.72, 22.55, 164.80, 3.71, 0.01, 47.93, -17.27);
insert into SHOT values (7601, 7586, 7602, 7220, 38.66, 178.03, 2.42, 38.66, 178.03, 2.42, 0.00, 39.27, -34.57);
insert into SHOT values (7602, 7602, 7603, 7220, 5.81, 268.04, -24.80, 5.81, 268.04, -24.83, 0.00, 70.66, -68.63);
insert into SHOT values (7603, 7602, 7604, 7220, 45.60, 229.28, 2.50, 45.60, 229.28, 2.50, 0.00, 256.59, 21.59);
insert into SHOT values (7604, 7602, 7605, 7220, 26.91, 250.03, 4.50, 26.91, 250.03, 4.50, 0.00, 61.17, -16.38);
insert into SHOT values (7605, 7602, 7606, 7220, 24.91, 273.69, -4.99, 24.91, 273.70, -5.00, 0.01, 54.87, -32.94);
insert into SHOT values (7606, 7602, 7607, 7220, 22.61, 274.35, 4.65, 22.61, 274.35, 4.64, 0.00, 43.35, -71.99);
insert into SHOT values (7607, 7602, 7608, 7220, 23.62, 296.77, 4.95, 23.62, 296.77, 4.95, 0.00, 348.50, 62.17);
insert into SHOT values (7608, 7602, 7609, 7220, 27.24, 301.81, -5.17, 27.24, 301.82, -5.18, 0.01, 88.73, -50.70);
insert into SHOT values (7609, 7602, 7610, 7220, 28.37, 309.95, 2.93, 28.37, 309.95, 2.93, 0.00, 177.13, -2.90);
insert into SHOT values (7610, 7602, 7611, 7220, 30.34, 310.39, -2.85, 30.34, 310.40, -2.85, 0.00, 358.98, -18.31);
insert into SHOT values (7611, 7602, 7612, 7220, 25.81, 308.68, 8.19, 25.81, 308.69, 8.18, 0.01, 37.08, -53.35);
insert into SHOT values (7612, 7602, 7613, 7220, 20.51, 297.33, 24.04, 20.51, 297.33, 24.03, 0.01, 28.74, -85.94);
insert into SHOT values (7613, 7602, 7614, 7220, 26.44, 311.12, 22.57, 26.44, 311.13, 22.57, 0.01, 35.06, 23.64);
insert into SHOT values (7614, 7602, 7615, 7220, 32.45, 316.10, 12.95, 32.45, 316.10, 12.95, 0.00, 333.55, -33.35);
insert into SHOT values (7615, 7602, 7616, 7220, 33.06, 317.97, 23.25, 33.06, 317.96, 23.25, 0.00, 231.24, -3.25);
insert into SHOT values (7616, 7602, 7617, 7220, 48.82, 209.04, 0.60, 48.82, 209.04, 0.60, 0.00, 271.11, -21.74);
insert into SHOT values (7617, 7617, 7618, 7220, 7.54, 36.56, -25.51, 7.55, 36.58, -25.51, 0.01, 58.23, -19.70);
insert into SHOT values (7618, 7617, 7619, 7220, 47.85, 358.93, -2.11, 47.85, 358.93, -2.11, 0.00, 75.13, 29.86);
insert into SHOT values (7619, 7617, 7620, 7220, 15.46, 358.78, 2.87, 15.46, 358.81, 2.85, 0.01, 71.72, -23.89);
insert into SHOT values (7620, 7617, 7621, 7220, 23.86, 347.83, 5.73, 23.86, 347.84, 5.72, 0.01, 60.45, -21.47);
insert into SHOT values (7621, 7617, 7622, 7220, 23.98, 338.27, -4.05, 23.98, 338.28, -4.04, 0.01, 93.10, 31.08);
insert into SHOT values (7622, 7617, 7623, 7220, 20.34, 319.35, -3.03, 20.34, 319.35, -3.04, 0.01, 104.77, -70.13);
insert into SHOT values (7623, 7617, 7624, 7220, 13.98, 308.50, 10.40, 13.98, 308.50, 10.39, 0.00, 78.94, -72.68);
insert into SHOT values (7624, 7617, 7625, 7220, 20.07, 295.30, 0.80, 20.07, 295.31, 0.80, 0.00, 40.09, -2.57);
insert into SHOT values (7625, 7617, 7626, 7220, 13.89, 293.20, 8.87, 13.89, 293.22, 8.86, 0.01, 48.88, -17.71);
insert into SHOT values (7626, 7617, 7627, 7220, 26.02, 245.91, -2.57, 26.02, 245.91, -2.58, 0.00, 233.14, -87.97);
insert into SHOT values (7627, 7617, 7628, 7220, 20.10, 234.64, 7.73, 20.10, 234.63, 7.72, 0.01, 137.98, -36.30);
insert into SHOT values (7628, 7617, 7629, 7220, 33.13, 230.40, -2.06, 33.13, 230.40, -2.06, 0.00, 8.20, 11.85);
insert into SHOT values (7629, 7617, 7630, 7220, 40.22, 219.15, -1.78, 40.22, 219.15, -1.78, 0.01, 7.99, -7.25);
insert into SHOT values (7630, 7617, 7631, 7220, 32.68, 211.42, 6.77, 32.67, 211.41, 6.77, 0.01, 64.23, -16.31);
insert into SHOT values (7631, 7617, 7632, 7220, 47.50, 209.82, -0.47, 47.50, 209.82, -0.47, 0.00, 190.66, -24.65);
insert into SHOT values (7632, 7617, 7633, 7220, 39.59, 207.87, 4.46, 39.59, 207.87, 4.46, 0.00, 26.07, 31.43);
insert into SHOT values (7633, 7617, 7634, 7220, 15.33, 195.94, -0.55, 15.33, 195.94, -0.56, 0.00, 221.68, -86.75);
insert into SHOT values (7634, 7634, 7635, 7220, 5.57, 297.87, -35.13, 5.56, 297.92, -35.12, 0.01, 85.99, 36.21);
insert into SHOT values (7635, 7634, 7636, 7220, 21.17, 318.54, -5.51, 21.17, 318.54, -5.50, 0.00, 135.72, 46.20);
insert into SHOT values (7636, 7634, 7637, 7220, 17.12, 317.76, 8.18, 17.12, 317.77, 8.19, 0.01, 20.15, 41.18);
insert into SHOT values (7637, 7634, 7638, 7220, 20.34, 291.12, -7.19, 20.33, 291.12, -7.18, 0.01, 106.37, 50.71);
insert into SHOT values (7638, 7634, 7639, 7220, 13.31, 283.24, 10.64, 13.31, 283.26, 10.65, 0.01, 40.66, 25.05);
insert into SHOT values (7639, 7634, 7640, 7220, 20.48, 265.85, -4.28, 20.47, 265.84, -4.29, 0.01, 102.32, -9.30);
insert into SHOT values (7640, 7634, 7641, 7220, 12.39, 259.18, 16.74, 12.39, 259.16, 16.75, 0.00, 123.71, 15.36);
insert into SHOT values (7641, 7634, 7642, 7220, 26.44, 232.01, -3.87, 26.44, 232.01, -3.86, 0.01, 172.93, 59.32);
insert into SHOT values (7642, 7634, 7643, 7220, 17.24, 230.69, 11.17, 17.23, 230.69, 11.18, 0.01, 52.51, 1.81);
insert into SURVEY values (7222, 68, 'surface_cotw_to_clearwater', 'surface_cotw_to_clearwater.clearwater_master', NULL);
 insert into CENTRELINE values (7223, 7222, NULL, NULL, NULL, 0.00, 0.00, 0.00);
 insert into CENTRELINE values (7224, 7222, NULL, '2017-04-17', NULL, 0.00, 1218.89, 0.00);
 insert into SHOT values (7643, 7644, 7645, 7224, 5.94, 134.32, -0.87, 5.94, 134.32, -0.87, 0.00, 119.42, 12.99);
insert into SHOT_FLAG values(7643, 'srf');
insert into SHOT values (7644, 7644, 7646, 7224, 8.39, 330.35, 10.87, 8.39, 330.57, 10.85, 0.03, 53.37, -3.87);
insert into SHOT_FLAG values(7644, 'srf');
insert into SHOT values (7645, 7646, 7644, 7224, 8.40, 150.74, -10.89, 8.39, 150.57, -10.85, 0.03, 48.25, 15.90);
insert into SHOT_FLAG values(7645, 'srf');
insert into SHOT values (7646, 7646, 7647, 7224, 4.99, 347.41, -15.00, 4.99, 347.43, -14.74, 0.02, 6.00, 74.51);
insert into SHOT_FLAG values(7646, 'srf');
insert into SHOT values (7647, 7647, 7646, 7224, 4.99, 167.63, 14.68, 4.99, 167.43, 14.74, 0.02, 72.42, 18.02);
insert into SHOT_FLAG values(7647, 'srf');
insert into SHOT values (7648, 7647, 7648, 7224, 6.71, 347.99, -4.68, 6.70, 348.25, -4.62, 0.03, 92.26, 13.30);
insert into SHOT_FLAG values(7648, 'srf');
insert into SHOT values (7649, 7648, 7647, 7224, 6.70, 168.52, 4.42, 6.70, 168.25, 4.62, 0.04, 78.09, 37.20);
insert into SHOT_FLAG values(7649, 'srf');
insert into SHOT values (7650, 7648, 7649, 7224, 7.35, 21.94, -1.26, 7.35, 21.99, -1.25, 0.01, 143.62, 12.21);
insert into SHOT_FLAG values(7650, 'srf');
insert into SHOT values (7651, 7649, 7648, 7224, 7.34, 201.93, 1.38, 7.35, 201.99, 1.25, 0.02, 251.97, -59.22);
insert into SHOT_FLAG values(7651, 'srf');
insert into SHOT values (7652, 7649, 7650, 7224, 8.52, 24.77, 1.82, 8.52, 24.40, 1.68, 0.06, 300.11, -20.41);
insert into SHOT_FLAG values(7652, 'srf');
insert into SHOT values (7653, 7650, 7649, 7224, 8.52, 204.12, -1.59, 8.52, 204.40, -1.68, 0.04, 288.33, -18.03);
insert into SHOT_FLAG values(7653, 'srf');
insert into SHOT values (7654, 7650, 7651, 7224, 11.58, 14.29, 2.21, 11.55, 14.19, 2.33, 0.04, 228.25, 33.77);
insert into SHOT_FLAG values(7654, 'srf');
insert into SHOT values (7655, 7651, 7650, 7224, 11.54, 194.08, -2.44, 11.55, 194.19, -2.33, 0.03, 254.77, 39.26);
insert into SHOT_FLAG values(7655, 'srf');
insert into SHOT values (7656, 7651, 7652, 7224, 7.10, 25.48, -1.52, 7.09, 25.41, -1.46, 0.02, 241.71, 28.86);
insert into SHOT_FLAG values(7656, 'srf');
insert into SHOT values (7657, 7652, 7651, 7224, 7.07, 205.26, 1.37, 7.09, 205.41, 1.46, 0.03, 251.81, 23.55);
insert into SHOT_FLAG values(7657, 'srf');
insert into SHOT values (7658, 7652, 7653, 7224, 7.89, 5.04, 2.57, 7.90, 4.80, 2.61, 0.03, 284.53, 10.50);
insert into SHOT_FLAG values(7658, 'srf');
insert into SHOT values (7659, 7653, 7652, 7224, 7.89, 184.62, -2.62, 7.90, 184.80, -2.61, 0.03, 261.28, 1.50);
insert into SHOT_FLAG values(7659, 'srf');
insert into SHOT values (7660, 7653, 7654, 7224, 9.34, 359.04, -0.68, 9.35, 359.26, -0.67, 0.04, 71.83, 1.26);
insert into SHOT_FLAG values(7660, 'srf');
insert into SHOT values (7661, 7654, 7653, 7224, 9.37, 179.48, 0.64, 9.35, 179.26, 0.67, 0.04, 61.44, 7.64);
insert into SHOT_FLAG values(7661, 'srf');
insert into SHOT values (7662, 7654, 7655, 7224, 13.96, 25.29, -1.91, 13.95, 25.30, -1.85, 0.02, 184.55, 71.76);
insert into SHOT_FLAG values(7662, 'srf');
insert into SHOT values (7663, 7655, 7654, 7224, 13.95, 205.28, 1.76, 13.95, 205.30, 1.85, 0.02, 250.99, 74.71);
insert into SHOT_FLAG values(7663, 'srf');
insert into SHOT values (7664, 7655, 7656, 7224, 11.15, 15.51, 2.41, 11.15, 15.83, 2.57, 0.07, 103.32, 26.40);
insert into SHOT_FLAG values(7664, 'srf');
insert into SHOT values (7665, 7656, 7655, 7224, 11.16, 196.22, -2.74, 11.15, 195.83, -2.57, 0.08, 102.59, 23.91);
insert into SHOT_FLAG values(7665, 'srf');
insert into SHOT values (7666, 7656, 7657, 7224, 8.41, 348.61, -2.20, 8.42, 348.76, -2.25, 0.02, 59.20, -17.39);
insert into SHOT_FLAG values(7666, 'srf');
insert into SHOT values (7667, 7657, 7656, 7224, 8.42, 168.89, 2.28, 8.42, 168.76, 2.25, 0.02, 73.25, -14.21);
insert into SHOT_FLAG values(7667, 'srf');
insert into SHOT values (7668, 7657, 7658, 7224, 8.66, 41.11, 3.30, 8.66, 40.54, 3.31, 0.09, 310.91, 1.00);
insert into SHOT_FLAG values(7668, 'srf');
insert into SHOT values (7669, 7658, 7657, 7224, 8.66, 219.86, -3.27, 8.66, 220.54, -3.31, 0.10, 310.28, -3.34);
insert into SHOT_FLAG values(7669, 'srf');
insert into SHOT values (7670, 7658, 7659, 7224, 2.15, 279.55, -6.53, 2.15, 279.68, -6.40, 0.01, 327.67, 34.15);
insert into SHOT_FLAG values(7670, 'srf');
insert into SHOT values (7671, 7659, 7660, 7224, 9.61, 268.72, -20.34, 9.61, 268.73, -20.34, 0.00, 311.27, 9.98);
insert into SHOT_FLAG values(7671, 'srf');
insert into SHOT values (7672, 7658, 7661, 7224, 6.25, 5.13, 18.23, 6.24, 4.44, 18.01, 0.08, 276.03, -19.49);
insert into SHOT_FLAG values(7672, 'srf');
insert into SHOT values (7673, 7661, 7658, 7224, 6.22, 183.78, -17.81, 6.24, 184.44, -18.01, 0.08, 261.04, -21.35);
insert into SHOT_FLAG values(7673, 'srf');
insert into SHOT values (7674, 7661, 7662, 7224, 6.74, 2.58, 8.63, 6.74, 2.92, 8.61, 0.04, 85.62, -1.94);
insert into SHOT_FLAG values(7674, 'srf');
insert into SHOT values (7675, 7662, 7661, 7224, 6.75, 183.39, -8.60, 6.74, 182.92, -8.61, 0.05, 87.46, -0.67);
insert into SHOT_FLAG values(7675, 'srf');
insert into SHOT values (7676, 7662, 7663, 7224, 7.30, 13.65, 2.49, 7.31, 13.71, 2.51, 0.01, 72.05, 16.95);
insert into SHOT_FLAG values(7676, 'srf');
insert into SHOT values (7677, 7663, 7662, 7224, 7.31, 193.76, -2.51, 7.31, 193.71, -2.51, 0.01, 64.30, 0.97);
insert into SHOT_FLAG values(7677, 'srf');
insert into SHOT values (7678, 7663, 7664, 7224, 15.01, 18.99, -7.40, 15.02, 19.21, -7.46, 0.06, 104.78, -16.05);
insert into SHOT_FLAG values(7678, 'srf');
insert into SHOT values (7679, 7664, 7663, 7224, 15.03, 199.44, 7.48, 15.02, 199.21, 7.46, 0.06, 97.12, -6.27);
insert into SHOT_FLAG values(7679, 'srf');
insert into SHOT values (7680, 7664, 7665, 7224, 6.31, 359.63, 2.16, 6.31, 359.46, 2.18, 0.02, 283.46, 6.26);
insert into SHOT_FLAG values(7680, 'srf');
insert into SHOT values (7681, 7665, 7664, 7224, 6.32, 179.25, -2.08, 6.31, 179.46, -2.18, 0.03, 283.15, -24.51);
insert into SHOT_FLAG values(7681, 'srf');
insert into SHOT values (7682, 7665, 7666, 7224, 9.38, 9.32, -1.19, 9.39, 9.32, -1.22, 0.01, 12.15, -41.12);
insert into SHOT_FLAG values(7682, 'srf');
insert into SHOT values (7683, 7666, 7665, 7224, 9.40, 189.33, 1.22, 9.39, 189.32, 1.22, 0.01, 14.83, -0.57);
insert into SHOT_FLAG values(7683, 'srf');
insert into SHOT values (7684, 7666, 7667, 7224, 7.95, 22.01, 0.38, 7.96, 21.89, 0.36, 0.02, 334.48, -7.16);
insert into SHOT_FLAG values(7684, 'srf');
insert into SHOT values (7685, 7667, 7666, 7224, 7.96, 201.75, -0.32, 7.96, 201.89, -0.36, 0.02, 278.94, -15.02);
insert into SHOT_FLAG values(7685, 'srf');
insert into SHOT values (7686, 7667, 7668, 7224, 9.86, 21.94, 1.84, 9.86, 22.11, 1.80, 0.03, 111.87, -12.38);
insert into SHOT_FLAG values(7686, 'srf');
insert into SHOT values (7687, 7668, 7667, 7224, 9.87, 202.25, -1.74, 9.86, 202.11, -1.80, 0.03, 88.04, -21.97);
insert into SHOT_FLAG values(7687, 'srf');
insert into SHOT values (7688, 7668, 7669, 7224, 12.01, 15.16, 1.61, 12.01, 15.01, 1.48, 0.04, 292.98, -40.51);
insert into SHOT_FLAG values(7688, 'srf');
insert into SHOT values (7689, 7669, 7668, 7224, 12.01, 194.86, -1.36, 12.01, 195.01, -1.48, 0.04, 279.33, -38.63);
insert into SHOT_FLAG values(7689, 'srf');
insert into SHOT values (7690, 7669, 7670, 7224, 9.16, 9.80, 1.72, 9.15, 9.88, 1.63, 0.02, 136.65, -41.52);
insert into SHOT_FLAG values(7690, 'srf');
insert into SHOT values (7691, 7670, 7669, 7224, 9.15, 189.96, -1.55, 9.15, 189.88, -1.63, 0.02, 95.70, -46.00);
insert into SHOT_FLAG values(7691, 'srf');
insert into SHOT values (7692, 7670, 7671, 7224, 8.01, 36.31, 7.86, 8.01, 35.97, 7.89, 0.05, 303.95, 5.66);
insert into SHOT_FLAG values(7692, 'srf');
insert into SHOT values (7693, 7671, 7670, 7224, 8.01, 215.76, -8.01, 8.01, 215.97, -7.89, 0.03, 303.71, 28.56);
insert into SHOT_FLAG values(7693, 'srf');
insert into SHOT values (7694, 7671, 7672, 7224, 13.92, 4.24, 0.74, 13.93, 4.32, 0.74, 0.02, 66.13, 0.56);
insert into SHOT_FLAG values(7694, 'srf');
insert into SHOT values (7695, 7672, 7671, 7224, 13.94, 184.36, -0.73, 13.93, 184.32, -0.74, 0.01, 48.59, -10.53);
insert into SHOT_FLAG values(7695, 'srf');
insert into SHOT values (7696, 7672, 7673, 7224, 7.40, 6.88, 21.43, 7.40, 6.92, 21.47, 0.01, 76.03, 51.67);
insert into SHOT_FLAG values(7696, 'srf');
insert into SHOT values (7697, 7673, 7672, 7224, 7.40, 186.93, -21.42, 7.40, 186.92, -21.47, 0.01, 140.83, -75.94);
insert into SHOT_FLAG values(7697, 'srf');
insert into SHOT values (7698, 7673, 7674, 7224, 8.92, 358.60, 12.23, 8.91, 358.36, 12.05, 0.05, 262.37, -38.39);
insert into SHOT_FLAG values(7698, 'srf');
insert into SHOT values (7699, 7674, 7673, 7224, 8.90, 178.21, -11.98, 8.91, 178.36, -12.05, 0.03, 249.77, -28.36);
insert into SHOT_FLAG values(7699, 'srf');
insert into SHOT values (7700, 7674, 7675, 7224, 4.15, 31.99, 24.12, 4.14, 31.46, 24.12, 0.04, 281.62, -8.96);
insert into SHOT_FLAG values(7700, 'srf');
insert into SHOT values (7701, 7675, 7674, 7224, 4.13, 210.81, -24.03, 4.14, 211.46, -24.12, 0.04, 297.43, -10.85);
insert into SHOT_FLAG values(7701, 'srf');
insert into SHOT values (7702, 7675, 7676, 7224, 6.22, 39.37, 16.76, 6.22, 39.28, 16.73, 0.01, 306.22, -20.28);
insert into SHOT_FLAG values(7702, 'srf');
insert into SHOT values (7703, 7676, 7675, 7224, 6.21, 219.26, -16.66, 6.22, 219.28, -16.73, 0.01, 234.81, -57.46);
insert into SHOT_FLAG values(7703, 'srf');
insert into SHOT values (7704, 7676, 7677, 7224, 9.79, 13.99, 2.07, 9.79, 14.02, 1.99, 0.01, 125.46, -66.66);
insert into SHOT_FLAG values(7704, 'srf');
insert into SHOT values (7705, 7677, 7676, 7224, 9.79, 194.03, -1.90, 9.79, 194.02, -1.99, 0.02, 37.34, -77.43);
insert into SHOT_FLAG values(7705, 'srf');
insert into SHOT values (7706, 7677, 7678, 7224, 13.10, 345.98, -4.40, 13.12, 346.20, -4.46, 0.05, 57.97, -16.01);
insert into SHOT_FLAG values(7706, 'srf');
insert into SHOT values (7707, 7678, 7677, 7224, 13.13, 166.40, 4.50, 13.12, 166.20, 4.46, 0.05, 61.87, -12.02);
insert into SHOT_FLAG values(7707, 'srf');
insert into SHOT values (7708, 7678, 7679, 7224, 13.66, 1.35, 9.65, 13.64, 1.28, 9.58, 0.03, 233.09, -42.53);
insert into SHOT_FLAG values(7708, 'srf');
insert into SHOT values (7709, 7679, 7678, 7224, 13.63, 181.22, -9.46, 13.64, 181.28, -9.58, 0.03, 238.55, -61.59);
insert into SHOT_FLAG values(7709, 'srf');
insert into SHOT values (7710, 7679, 7680, 7224, 12.92, 356.42, 6.96, 12.92, 356.60, 6.84, 0.05, 75.92, -31.32);
insert into SHOT_FLAG values(7710, 'srf');
insert into SHOT values (7711, 7680, 7679, 7224, 12.93, 176.74, -6.78, 12.92, 176.60, -6.84, 0.03, 73.57, -23.48);
insert into SHOT_FLAG values(7711, 'srf');
insert into SHOT values (7712, 7680, 7681, 7224, 11.74, 28.03, 0.68, 11.73, 28.01, 0.63, 0.01, 251.75, -53.18);
insert into SHOT_FLAG values(7712, 'srf');
insert into SHOT values (7713, 7681, 7680, 7224, 11.74, 207.98, -0.58, 11.73, 208.01, -0.63, 0.01, 342.24, -55.89);
insert into SHOT_FLAG values(7713, 'srf');
insert into SHOT values (7714, 7681, 7682, 7224, 9.78, 43.96, 3.20, 9.79, 43.51, 3.04, 0.08, 321.69, -18.42);
insert into SHOT_FLAG values(7714, 'srf');
insert into SHOT values (7715, 7682, 7681, 7224, 9.79, 223.02, -2.84, 9.79, 223.51, -3.04, 0.09, 314.95, -22.76);
insert into SHOT_FLAG values(7715, 'srf');
insert into SHOT values (7716, 7682, 7683, 7224, 11.62, 42.36, -1.50, 11.61, 42.35, -1.58, 0.02, 243.31, -64.58);
insert into SHOT_FLAG values(7716, 'srf');
insert into SHOT values (7717, 7683, 7682, 7224, 11.61, 222.40, 1.68, 11.61, 222.35, 1.58, 0.02, 152.65, -60.55);
insert into SHOT_FLAG values(7717, 'srf');
insert into SHOT values (7718, 7683, 7684, 7224, 9.65, 35.25, 0.64, 9.65, 34.88, 0.53, 0.07, 309.10, -15.70);
insert into SHOT_FLAG values(7718, 'srf');
insert into SHOT values (7719, 7684, 7683, 7224, 9.65, 214.50, -0.49, 9.65, 214.88, -0.53, 0.06, 300.89, -6.73);
insert into SHOT_FLAG values(7719, 'srf');
insert into SHOT values (7720, 7684, 7685, 7224, 5.04, 31.10, 1.80, 5.04, 31.10, 1.71, 0.01, 210.59, -64.21);
insert into SHOT_FLAG values(7720, 'srf');
insert into SHOT values (7721, 7685, 7684, 7224, 5.05, 211.11, -1.66, 5.04, 211.10, -1.71, 0.01, 34.46, -14.44);
insert into SHOT_FLAG values(7721, 'srf');
insert into SHOT values (7722, 7685, 7686, 7224, 7.89, 29.66, 2.78, 7.89, 29.33, 2.62, 0.05, 298.76, -26.54);
insert into SHOT_FLAG values(7722, 'srf');
insert into SHOT values (7723, 7686, 7685, 7224, 7.88, 208.92, -2.43, 7.89, 209.33, -2.62, 0.06, 291.83, -24.50);
insert into SHOT_FLAG values(7723, 'srf');
insert into SHOT values (7724, 7686, 7687, 7224, 8.08, 14.58, 1.48, 8.08, 14.55, 1.49, 0.00, 310.29, 16.78);
insert into SHOT_FLAG values(7724, 'srf');
insert into SHOT values (7725, 7687, 7686, 7224, 8.08, 194.53, -1.50, 8.08, 194.55, -1.49, 0.00, 252.57, 22.21);
insert into SHOT_FLAG values(7725, 'srf');
insert into SHOT values (7726, 7687, 7688, 7224, 10.08, 25.72, -7.75, 10.08, 25.44, -7.70, 0.05, 295.91, 10.64);
insert into SHOT_FLAG values(7726, 'srf');
insert into SHOT values (7727, 7688, 7687, 7224, 10.08, 205.22, 7.65, 10.08, 205.44, 7.70, 0.04, 298.47, 12.16);
insert into SHOT_FLAG values(7727, 'srf');
insert into SHOT values (7728, 7688, 7689, 7224, 6.87, 356.67, -23.60, 6.88, 357.00, -23.48, 0.04, 66.90, 15.01);
insert into SHOT_FLAG values(7728, 'srf');
insert into SHOT values (7729, 7689, 7688, 7224, 6.88, 177.22, 23.43, 6.88, 177.00, 23.48, 0.02, 77.48, 10.03);
insert into SHOT_FLAG values(7729, 'srf');
insert into SHOT values (7730, 7689, 7690, 7224, 4.71, 19.55, -18.90, 4.70, 19.74, -19.01, 0.02, 155.17, -11.63);
insert into SHOT_FLAG values(7730, 'srf');
insert into SHOT values (7731, 7690, 7689, 7224, 4.69, 199.90, 19.13, 4.70, 199.74, 19.01, 0.02, 148.80, -23.71);
insert into SHOT_FLAG values(7731, 'srf');
insert into SHOT values (7732, 7690, 7691, 7224, 4.55, 353.92, -26.43, 4.56, 354.39, -26.17, 0.04, 59.63, 22.60);
insert into SHOT_FLAG values(7732, 'srf');
insert into SHOT values (7733, 7691, 7690, 7224, 4.56, 174.83, 25.93, 4.56, 174.39, 26.17, 0.04, 64.92, 25.49);
insert into SHOT_FLAG values(7733, 'srf');
insert into SHOT values (7734, 7691, 7692, 7224, 3.55, 20.89, -39.91, 3.57, 20.75, -39.91, 0.02, 356.53, -37.75);
insert into SHOT_FLAG values(7734, 'srf');
insert into SHOT values (7735, 7692, 7691, 7224, 3.59, 200.84, 39.85, 3.57, 200.75, 39.91, 0.02, 33.63, -28.70);
insert into SHOT_FLAG values(7735, 'srf');
insert into SHOT values (7736, 7692, 7693, 7224, 6.05, 48.45, -0.78, 6.06, 48.55, -0.76, 0.01, 100.81, 10.31);
insert into SHOT_FLAG values(7736, 'srf');
insert into SHOT values (7737, 7693, 7692, 7224, 6.06, 228.60, 0.70, 6.06, 228.55, 0.76, 0.01, 117.27, 44.83);
insert into SHOT_FLAG values(7737, 'srf');
insert into SHOT values (7738, 7693, 7694, 7224, 6.70, 29.84, -13.16, 6.70, 29.67, -13.03, 0.02, 303.94, 38.20);
insert into SHOT_FLAG values(7738, 'srf');
insert into SHOT values (7739, 7694, 7693, 7224, 6.70, 209.40, 12.86, 6.70, 209.67, 13.03, 0.04, 311.47, 30.98);
insert into SHOT_FLAG values(7739, 'srf');
insert into SHOT values (7740, 7694, 7695, 7224, 6.36, 21.13, -7.74, 6.36, 21.19, -7.77, 0.01, 78.54, -22.39);
insert into SHOT_FLAG values(7740, 'srf');
insert into SHOT values (7741, 7695, 7694, 7224, 6.37, 201.42, 7.90, 6.36, 201.19, 7.77, 0.03, 104.48, -31.78);
insert into SHOT_FLAG values(7741, 'srf');
insert into SHOT values (7742, 7695, 7696, 7224, 3.34, 41.19, 4.03, 3.33, 40.98, 3.96, 0.02, 281.06, -18.17);
insert into SHOT_FLAG values(7742, 'srf');
insert into SHOT values (7743, 7696, 7695, 7224, 3.33, 220.67, -4.08, 3.33, 220.98, -3.96, 0.02, 301.30, 21.11);
insert into SHOT_FLAG values(7743, 'srf');
insert into SHOT values (7744, 7696, 7697, 7224, 5.82, 3.64, -36.06, 5.84, 4.13, -35.99, 0.04, 70.53, -5.43);
insert into SHOT_FLAG values(7744, 'srf');
insert into SHOT values (7745, 7697, 7696, 7224, 5.86, 184.61, 35.99, 5.84, 184.13, 35.99, 0.05, 68.60, -17.12);
insert into SHOT_FLAG values(7745, 'srf');
insert into SHOT values (7746, 7697, 7698, 7224, 6.09, 11.54, -4.57, 6.07, 11.63, -4.72, 0.02, 162.77, -38.20);
insert into SHOT_FLAG values(7746, 'srf');
insert into SHOT values (7747, 7698, 7697, 7224, 6.06, 191.62, 4.75, 6.07, 191.63, 4.72, 0.02, 193.82, -6.90);
insert into SHOT_FLAG values(7747, 'srf');
insert into SHOT values (7748, 7698, 7699, 7224, 8.86, 47.04, -1.62, 8.85, 47.11, -1.62, 0.02, 185.21, 1.75);
insert into SHOT_FLAG values(7748, 'srf');
insert into SHOT values (7749, 7699, 7698, 7224, 8.84, 227.18, 1.59, 8.85, 227.11, 1.62, 0.01, 173.47, 18.76);
insert into SHOT_FLAG values(7749, 'srf');
insert into SHOT values (7750, 7699, 7700, 7224, 15.56, 17.71, -0.36, 15.57, 17.73, -0.29, 0.02, 41.23, 60.03);
insert into SHOT_FLAG values(7750, 'srf');
insert into SHOT values (7751, 7700, 7699, 7224, 15.58, 197.72, 0.26, 15.57, 197.73, 0.29, 0.01, 10.46, 40.63);
insert into SHOT_FLAG values(7751, 'srf');
insert into SHOT values (7752, 7700, 7701, 7224, 12.37, 31.97, 2.10, 12.39, 31.73, 2.13, 0.06, 320.86, 6.87);
insert into SHOT_FLAG values(7752, 'srf');
insert into SHOT values (7753, 7701, 7700, 7224, 12.39, 211.52, -2.16, 12.39, 211.73, -2.13, 0.05, 303.34, 8.92);
insert into SHOT_FLAG values(7753, 'srf');
insert into SHOT values (7754, 7701, 7702, 7224, 12.72, 45.55, 3.07, 12.70, 45.16, 3.16, 0.09, 300.29, 11.84);
insert into SHOT_FLAG values(7754, 'srf');
insert into SHOT values (7755, 7702, 7701, 7224, 12.69, 224.79, -3.22, 12.70, 225.16, -3.16, 0.08, 309.04, 8.85);
insert into SHOT_FLAG values(7755, 'srf');
insert into SHOT values (7756, 7702, 7703, 7224, 12.40, 24.30, -0.30, 12.41, 23.96, -0.28, 0.07, 301.72, 3.82);
insert into SHOT_FLAG values(7756, 'srf');
insert into SHOT values (7757, 7703, 7704, 7224, 4.40, 347.10, -6.90, 4.40, 347.04, -6.91, 0.01, 293.71, -14.89);
insert into SHOT_FLAG values(7757, 'srf');
insert into SHOT values (7758, 7704, 7705, 7224, 9.26, 312.60, -26.30, 9.26, 312.61, -26.28, 0.00, 36.08, 67.76);
insert into SHOT_FLAG values(7758, 'srf');
insert into SHOT values (7759, 7703, 7702, 7224, 12.42, 203.59, 0.23, 12.41, 203.96, 0.28, 0.08, 301.08, 7.11);
insert into SHOT_FLAG values(7759, 'srf');
insert into SHOT values (7760, 7703, 7706, 7224, 12.23, 53.12, -2.02, 12.23, 52.61, -2.02, 0.11, 321.86, 0.58);
insert into SHOT_FLAG values(7760, 'srf');
insert into SHOT values (7761, 7706, 7703, 7224, 12.23, 232.12, 2.04, 12.23, 232.61, 2.02, 0.11, 323.32, -2.91);
insert into SHOT_FLAG values(7761, 'srf');
insert into SHOT values (7762, 7706, 7707, 7224, 8.68, 41.77, 20.40, 8.69, 41.72, 20.41, 0.01, 2.47, 19.70);
insert into SHOT_FLAG values(7762, 'srf');
insert into SHOT values (7763, 7707, 7706, 7224, 8.70, 221.73, -20.52, 8.69, 221.72, -20.41, 0.02, 77.70, 79.75);
insert into SHOT_FLAG values(7763, 'srf');
insert into SHOT values (7764, 7707, 7708, 7224, 10.71, 91.85, 23.98, 10.74, 91.99, 24.19, 0.05, 158.46, 61.28);
insert into SHOT_FLAG values(7764, 'srf');
insert into SHOT values (7765, 7708, 7707, 7224, 10.76, 272.12, -24.37, 10.74, 271.99, -24.19, 0.05, 168.55, 59.99);
insert into SHOT_FLAG values(7765, 'srf');
insert into SHOT values (7766, 7708, 7709, 7224, 8.31, 2.02, 26.82, 8.32, 2.24, 27.01, 0.04, 92.95, 46.92);
insert into SHOT_FLAG values(7766, 'srf');
insert into SHOT values (7767, 7709, 7708, 7224, 8.35, 182.48, -27.16, 8.32, 182.24, -27.01, 0.05, 68.60, 43.06);
insert into SHOT_FLAG values(7767, 'srf');
insert into SHOT values (7768, 7709, 7710, 7224, 7.96, 28.83, 33.17, 7.98, 27.72, 33.31, 0.13, 299.12, 10.89);
insert into SHOT_FLAG values(7768, 'srf');
insert into SHOT values (7769, 7710, 7709, 7224, 7.99, 206.58, -33.45, 7.98, 207.72, -33.31, 0.13, 297.91, 10.34);
insert into SHOT_FLAG values(7769, 'srf');
insert into SHOT values (7770, 7710, 7711, 7224, 13.15, 77.31, 36.40, 13.16, 75.73, 36.42, 0.29, 346.99, 1.28);
insert into SHOT_FLAG values(7770, 'srf');
insert into SHOT values (7771, 7711, 7710, 7224, 13.15, 254.13, -36.40, 13.16, 255.73, -36.42, 0.30, 344.46, -1.27);
insert into SHOT_FLAG values(7771, 'srf');
insert into SHOT values (7772, 7711, 7712, 7224, 8.92, 11.96, 28.59, 8.92, 13.20, 28.58, 0.17, 100.96, 0.48);
insert into SHOT_FLAG values(7772, 'srf');
insert into SHOT values (7773, 7712, 7711, 7224, 8.92, 194.47, -28.56, 8.92, 193.20, -28.58, 0.17, 104.69, -1.83);
insert into SHOT_FLAG values(7773, 'srf');
insert into SHOT values (7774, 7712, 7713, 7224, 11.26, 128.77, 25.27, 11.23, 127.24, 25.14, 0.27, 33.73, -7.69);
insert into SHOT_FLAG values(7774, 'srf');
insert into SHOT values (7775, 7713, 7712, 7224, 11.20, 305.66, -25.03, 11.23, 307.24, -25.14, 0.28, 33.58, -6.37);
insert into SHOT_FLAG values(7775, 'srf');
insert into SHOT values (7776, 7713, 7714, 7224, 10.09, 161.88, 27.46, 10.11, 161.89, 27.39, 0.02, 165.24, -7.39);
insert into SHOT_FLAG values(7776, 'srf');
insert into SHOT values (7777, 7714, 7713, 7224, 10.12, 341.94, -27.36, 10.11, 341.89, -27.39, 0.02, 193.47, 3.49);
insert into SHOT_FLAG values(7777, 'srf');
insert into SHOT values (7778, 7714, 7715, 7224, 6.13, 14.69, 4.49, 6.11, 14.36, 4.60, 0.04, 253.96, 13.75);
insert into SHOT_FLAG values(7778, 'srf');
insert into SHOT values (7779, 7715, 7714, 7224, 6.08, 194.19, -4.66, 6.11, 194.36, -4.60, 0.04, 224.41, 6.45);
insert into SHOT_FLAG values(7779, 'srf');
insert into SHOT values (7780, 7715, 7716, 7224, 4.32, 9.41, -12.60, 4.32, 9.28, -12.70, 0.01, 274.74, -39.23);
insert into SHOT_FLAG values(7780, 'srf');
insert into SHOT values (7781, 7716, 7715, 7224, 4.33, 189.04, 12.73, 4.32, 189.28, 12.70, 0.02, 304.14, -11.83);
insert into SHOT_FLAG values(7781, 'srf');
insert into SURVEY values (7226, 68, 'smashing', 'smashing.clearwater_master', NULL);
 insert into CENTRELINE values (7227, 7226, NULL, NULL, NULL, 0.00, 0.00, 0.00);
 insert into CENTRELINE values (7228, 7226, NULL, NULL, NULL, 0.00, 0.00, 0.00);
 insert into SURVEY values (7229, 7226, '20', '20.smashing.clearwater_master', NULL);
 insert into CENTRELINE values (7230, 7229, NULL, NULL, NULL, 0.00, 0.00, 0.00);
 insert into CENTRELINE values (7231, 7229, NULL, '2017-04-22', NULL, 57.43, 0.00, 0.00);
 insert into SHOT values (7782, 7717, 7718, 7231, 3.62, 93.63, -2.92, 3.62, 93.65, -2.85, 0.00, 119.48, 63.02);
insert into SHOT values (7783, 7717, 7719, 7231, 1.40, 155.70, -1.12, 1.40, 155.45, -0.82, 0.01, 34.89, 46.56);
insert into SHOT values (7784, 7717, 7720, 7231, 3.15, 205.91, -4.13, 3.14, 205.91, -4.01, 0.01, 25.34, 45.90);
insert into SHOT values (7785, 7717, 7721, 7231, 5.55, 253.37, 0.62, 5.55, 253.36, 0.62, 0.00, 234.67, -1.06);
insert into SHOT values (7786, 7717, 7722, 7231, 3.72, 271.43, 1.97, 3.72, 271.54, 2.00, 0.01, 335.07, 14.91);
insert into SHOT values (7787, 7717, 7723, 7231, 2.31, 294.92, 2.32, 2.31, 295.12, 2.48, 0.01, 23.28, 38.58);
insert into SHOT values (7788, 7717, 7724, 7231, 2.97, 53.12, 5.23, 2.98, 53.09, 5.20, 0.01, 40.05, -6.35);
insert into SHOT values (7789, 7717, 7725, 7231, 2.47, 21.12, 5.93, 2.47, 21.24, 6.04, 0.01, 110.22, 43.48);
insert into SHOT values (7790, 7717, 7726, 7231, 4.81, 54.52, 32.37, 4.81, 54.51, 32.40, 0.01, 41.50, 60.79);
insert into SHOT values (7791, 7717, 7727, 7231, 7.01, 20.14, 48.08, 7.01, 20.10, 48.09, 0.01, 320.10, 45.35);
insert into SHOT values (7792, 7717, 7728, 7231, 9.08, 36.63, 51.39, 9.08, 36.61, 51.40, 0.01, 347.95, 57.73);
insert into SHOT values (7793, 7717, 7729, 7231, 13.26, 167.09, -41.45, 13.25, 167.08, -41.45, 0.01, 355.98, 45.25);
insert into SHOT values (7794, 7717, 7730, 7231, 7.09, 180.93, -42.32, 7.09, 180.87, -42.31, 0.01, 72.26, 33.15);
insert into SHOT values (7795, 7717, 7731, 7231, 9.83, 151.07, -39.64, 9.83, 151.06, -39.65, 0.01, 340.67, 12.05);
insert into SHOT values (7796, 7717, 7732, 7231, 7.90, 121.05, -33.84, 7.90, 121.02, -33.86, 0.00, 340.97, -8.28);
insert into SHOT values (7797, 7717, 7733, 7231, 4.55, 202.19, -25.33, 4.54, 202.19, -25.30, 0.01, 22.05, 37.65);
insert into SHOT values (7798, 7717, 7734, 7231, 6.24, 199.59, -38.96, 6.24, 199.63, -38.94, 0.00, 292.01, 46.51);
insert into SHOT values (7799, 7734, 7735, 7231, 1.07, 178.09, -20.18, 1.07, 177.71, -20.29, 0.01, 60.06, -6.68);
insert into SHOT values (7800, 7734, 7736, 7231, 1.22, 352.35, -3.06, 1.22, 352.47, -2.81, 0.01, 40.13, 56.62);
insert into SHOT values (7801, 7734, 7737, 7231, 1.10, 299.91, 76.29, 1.10, 300.58, 76.57, 0.01, 89.99, 12.63);
insert into SHOT values (7802, 7734, 7738, 7231, 1.31, 216.36, -55.32, 1.31, 216.25, -55.44, 0.00, 82.21, -54.87);
insert into SHOT values (7803, 7734, 7739, 7231, 4.97, 255.78, -24.95, 4.97, 255.72, -25.02, 0.01, 110.77, -22.08);
insert into SHOT values (7804, 7739, 7740, 7231, 0.63, 8.95, -7.61, 0.63, 8.26, -7.28, 0.01, 293.80, 23.71);
insert into SHOT values (7805, 7739, 7741, 7231, 0.37, 180.20, 18.73, 0.37, 181.64, 18.92, 0.01, 272.63, 7.71);
insert into SHOT values (7806, 7739, 7742, 7231, 1.51, 38.34, 73.95, 1.51, 37.15, 74.06, 0.01, 285.88, -6.98);
insert into SHOT values (7807, 7739, 7743, 7231, 0.86, 309.91, 56.72, 0.87, 309.96, 56.16, 0.01, 312.04, 5.51);
insert into SHOT values (7808, 7739, 7744, 7231, 2.85, 229.33, -75.49, 2.85, 230.09, -75.44, 0.01, 302.53, -5.18);
insert into SHOT values (7809, 7739, 7745, 7231, 2.40, 281.34, -19.77, 2.41, 281.46, -19.68, 0.01, 316.75, 12.45);
insert into SHOT values (7810, 7745, 7746, 7231, 1.50, 193.24, -2.72, 1.50, 193.11, -2.67, 0.00, 115.64, 18.65);
insert into SHOT values (7811, 7745, 7747, 7231, 1.31, 183.04, 75.04, 1.31, 183.37, 74.99, 0.01, 221.85, 54.87);
insert into SHOT values (7812, 7745, 7748, 7231, 1.40, 186.65, -77.40, 1.39, 185.71, -77.50, 0.01, 58.06, 44.82);
insert into SHOT values (7813, 7745, 7749, 7231, 0.35, 343.33, 1.33, 0.34, 343.14, 1.66, 0.01, 175.89, 19.79);
insert into SHOT values (7814, 7745, 7750, 7231, 9.93, 178.97, -46.43, 9.92, 178.99, -46.42, 0.01, 315.19, 47.00);
insert into SHOT values (7815, 7750, 7751, 7231, 3.72, 320.89, 55.15, 3.72, 320.92, 55.13, 0.00, 58.11, -68.83);
insert into SHOT values (7816, 7750, 7752, 7231, 5.78, 346.65, 53.30, 5.77, 346.77, 53.30, 0.01, 97.00, -29.15);
insert into SHOT values (7817, 7750, 7753, 7231, 10.15, 346.91, 50.89, 10.14, 346.90, 50.90, 0.01, 179.10, -42.12);
insert into SHOT values (7818, 7750, 7754, 7231, 9.88, 355.65, 47.64, 9.87, 355.69, 47.67, 0.01, 147.84, -3.63);
insert into SHOT values (7819, 7750, 7755, 7231, 1.48, 287.44, 38.81, 1.47, 287.18, 38.63, 0.01, 177.52, -53.31);
insert into SHOT values (7820, 7750, 7756, 7231, 6.58, 41.17, 35.15, 6.59, 41.24, 35.13, 0.01, 89.57, 12.04);
insert into SHOT values (7821, 7750, 7757, 7231, 4.40, 65.35, 16.44, 4.40, 65.38, 16.36, 0.01, 91.28, -49.67);
insert into SHOT values (7822, 7750, 7758, 7231, 6.51, 75.06, 19.11, 6.51, 75.13, 19.09, 0.01, 131.11, -8.09);
insert into SHOT values (7823, 7750, 7759, 7231, 5.56, 90.34, 6.16, 5.56, 90.41, 6.09, 0.01, 163.00, -41.32);
insert into SHOT values (7824, 7750, 7760, 7231, 6.88, 75.26, -27.93, 6.88, 75.32, -27.99, 0.01, 167.83, -47.84);
insert into SHOT values (7825, 7750, 7761, 7231, 7.61, 116.67, -19.90, 7.62, 116.71, -19.88, 0.01, 145.13, 1.65);
insert into SHOT values (7826, 7750, 7762, 7231, 8.91, 71.46, -30.21, 8.91, 71.52, -30.26, 0.01, 182.04, -39.05);
insert into SHOT values (7827, 7750, 7763, 7231, 6.59, 138.01, -36.02, 6.60, 138.04, -36.01, 0.01, 153.45, -26.37);
insert into SHOT values (7828, 7763, 7764, 7231, 3.92, 85.04, 20.71, 3.92, 84.99, 20.78, 0.01, 315.08, 41.65);
insert into SHOT values (7829, 7763, 7765, 7231, 1.54, 109.07, 85.96, 1.54, 106.70, 86.12, 0.01, 334.98, 32.47);
insert into SHOT values (7830, 7763, 7766, 7231, 4.97, 262.63, 0.72, 4.97, 262.72, 0.69, 0.01, 349.04, -17.84);
insert into SHOT values (7831, 7763, 7767, 7231, 1.79, 167.21, -58.26, 1.78, 167.01, -58.43, 0.01, 10.50, 15.22);
insert into SHOT values (7832, 7763, 7768, 7231, 10.34, 32.42, 49.82, 10.35, 32.41, 49.78, 0.01, 21.71, 0.12);
insert into SHOT values (7833, 7763, 7769, 7231, 8.09, 319.66, 34.18, 8.10, 319.72, 34.19, 0.01, 14.82, 29.35);
insert into SHOT values (7834, 7763, 7770, 7231, 4.41, 291.84, 20.04, 4.42, 291.93, 19.99, 0.01, 333.45, -7.01);
insert into SHOT values (7835, 7763, 7771, 7231, 4.42, 246.25, -7.53, 4.42, 246.30, -7.54, 0.00, 9.35, -9.13);
insert into SHOT values (7836, 7763, 7772, 7231, 5.46, 229.48, -19.25, 5.46, 229.57, -19.27, 0.01, 350.73, 0.69);
insert into SHOT values (7837, 7763, 7773, 7231, 3.27, 141.81, -21.93, 3.27, 141.69, -21.91, 0.01, 47.71, 11.58);
insert into SHOT values (7838, 7763, 7774, 7231, 3.98, 110.88, -4.19, 3.98, 110.81, -4.18, 0.00, 15.48, 9.21);
insert into SHOT values (7839, 7763, 7775, 7231, 7.67, 177.41, -36.55, 7.67, 177.39, -36.59, 0.01, 16.45, -22.85);
insert into SHOT values (7840, 7763, 7776, 7231, 5.47, 179.46, -36.30, 5.46, 179.48, -36.37, 0.01, 349.35, -11.39);
insert into SHOT values (7841, 7763, 7777, 7231, 7.69, 178.07, -36.49, 7.68, 178.05, -36.51, 0.01, 11.27, 18.81);
insert into SHOT values (7842, 7763, 7778, 7231, 6.72, 272.94, 4.28, 6.72, 272.99, 4.27, 0.01, 21.19, -12.68);
insert into SHOT values (7843, 7778, 7779, 7231, 1.64, 182.57, -23.86, 1.64, 182.67, -23.73, 0.00, 238.73, 46.48);
insert into SHOT values (7844, 7778, 7780, 7231, 1.32, 139.62, -74.84, 1.32, 140.83, -74.66, 0.01, 207.34, 27.15);
insert into SHOT values (7845, 7778, 7781, 7231, 0.41, 315.02, 81.03, 0.41, 308.66, 81.12, 0.01, 222.69, 35.23);
insert into SHOT values (7846, 7778, 7782, 7231, 5.37, 325.42, 22.14, 5.37, 325.32, 22.20, 0.01, 232.64, 35.36);
insert into SHOT values (7847, 7778, 7783, 7231, 3.86, 200.65, -24.64, 3.87, 200.65, -24.60, 0.01, 201.32, -5.46);
insert into SHOT values (7848, 7778, 7784, 7231, 2.90, 233.64, -12.05, 2.90, 233.74, -11.93, 0.01, 283.01, 41.04);
insert into SHOT values (7849, 7778, 7785, 7231, 3.11, 269.13, 13.90, 3.11, 269.05, 13.95, 0.01, 198.84, 33.32);
insert into SHOT values (7850, 7778, 7786, 7231, 4.10, 287.66, 22.13, 4.10, 287.62, 22.20, 0.01, 205.20, 66.32);
insert into SHOT values (7851, 7778, 7787, 7231, 6.71, 308.05, 16.91, 6.71, 307.98, 16.98, 0.01, 213.27, 45.11);
insert into SHOT values (7852, 7778, 7788, 7231, 5.67, 331.57, 24.27, 5.66, 331.55, 24.29, 0.01, 171.49, -5.95);
insert into SHOT values (7853, 7778, 7789, 7231, 3.15, 343.24, 28.10, 3.15, 343.26, 28.21, 0.01, 117.48, 77.17);
insert into SHOT values (7854, 7778, 7790, 7231, 6.25, 321.17, 20.11, 6.25, 321.16, 20.12, 0.00, 182.61, 29.08);
insert into SHOT values (7855, 7790, 7791, 7231, 0.71, 168.46, 68.72, 0.71, 168.69, 68.88, 0.00, 327.89, -28.63);
insert into SHOT values (7856, 7790, 7792, 7231, 2.08, 242.86, 6.31, 2.08, 242.94, 6.35, 0.00, 355.67, 24.27);
insert into SHOT values (7857, 7790, 7793, 7231, 0.87, 60.72, 18.48, 0.87, 60.95, 18.78, 0.01, 175.47, 49.87);
insert into SHOT values (7858, 7790, 7794, 7231, 0.53, 214.48, -49.82, 0.53, 215.54, -49.30, 0.01, 286.32, 36.42);
insert into SHOT values (7859, 7790, 7795, 7231, 3.29, 325.76, 25.09, 3.29, 325.67, 25.17, 0.01, 227.96, 46.01);
insert into SHOT values (7860, 7790, 7796, 7231, 3.09, 345.04, 28.04, 3.09, 344.89, 28.03, 0.01, 230.84, -18.49);
insert into SHOT values (7861, 7790, 7797, 7231, 3.80, 290.26, 9.18, 3.80, 290.27, 9.23, 0.00, 322.33, 71.66);
insert into SHOT values (7862, 7790, 7798, 7231, 3.62, 305.40, 18.25, 3.62, 305.40, 18.36, 0.01, 122.99, 66.30);
insert into SHOT values (7863, 7798, 7799, 7231, 2.49, 76.44, 9.82, 2.49, 76.30, 9.73, 0.01, 312.76, -33.83);
insert into SHOT values (7864, 7798, 7800, 7231, 0.74, 120.18, 80.17, 0.74, 120.96, 80.92, 0.01, 290.87, 5.01);
insert into SHOT values (7865, 7798, 7801, 7231, 1.19, 281.06, -44.65, 1.20, 280.78, -44.49, 0.01, 255.26, -21.37);
insert into SHOT values (7866, 7798, 7802, 7231, 1.55, 262.63, -7.75, 1.56, 262.55, -7.75, 0.01, 246.42, -7.48);
insert into SHOT values (7867, 7798, 7803, 7231, 4.02, 272.30, -21.87, 4.02, 272.30, -21.89, 0.00, 276.91, -47.42);
insert into SHOT values (7868, 7803, 7804, 7231, 0.80, 304.14, 6.80, 0.80, 304.29, 6.43, 0.01, 328.92, -44.03);
insert into SHOT values (7869, 7803, 7805, 7231, 2.21, 147.32, -5.34, 2.21, 147.25, -5.45, 0.01, 42.33, -56.92);
insert into SHOT values (7870, 7803, 7806, 7231, 0.29, 192.73, -82.63, 0.29, 194.04, -81.91, 0.00, 205.89, -30.13);
insert into SHOT values (7871, 7803, 7807, 7231, 5.46, 222.28, -27.66, 5.47, 222.32, -27.68, 0.01, 253.07, -37.95);
insert into SHOT values (7872, 7803, 7808, 7231, 3.02, 236.80, -27.82, 3.02, 236.90, -27.80, 0.01, 296.43, -5.87);
insert into SHOT values (7873, 7803, 7809, 7231, 1.45, 34.51, 33.58, 1.45, 34.22, 33.49, 0.01, 316.03, -17.48);
insert into SHOT values (7874, 7803, 7810, 7231, 1.76, 56.71, 36.78, 1.76, 56.87, 36.69, 0.01, 155.93, -42.87);
insert into SHOT values (7875, 7803, 7811, 7231, 2.19, 70.85, 31.96, 2.19, 70.78, 32.04, 0.01, 275.32, 8.40);
insert into SHOT values (7876, 7803, 7812, 7231, 0.22, 112.86, 3.66, 0.22, 111.80, 2.66, 0.01, 336.44, -35.01);
insert into SHOT values (7877, 7803, 7813, 7231, 1.98, 100.23, 21.43, 1.98, 100.33, 21.37, 0.01, 235.06, -36.34);
insert into SHOT values (7878, 7803, 7814, 7231, 3.59, 192.89, -28.61, 3.59, 193.02, -28.63, 0.01, 287.90, -7.40);
insert into SHOT values (7879, 7814, 7815, 7231, 2.24, 316.81, 9.00, 2.23, 316.84, 9.01, 0.01, 125.83, -4.53);
insert into SHOT values (7880, 7814, 7816, 7231, 1.31, 299.10, -75.71, 1.31, 299.74, -75.75, 0.00, 42.69, -8.12);
insert into SHOT values (7881, 7814, 7817, 7231, 0.94, 131.78, -0.05, 0.95, 131.58, 0.00, 0.01, 112.30, 4.80);
insert into SHOT values (7882, 7814, 7818, 7231, 3.83, 330.52, 20.14, 3.83, 330.65, 20.18, 0.01, 91.51, 7.57);
insert into SHOT values (7883, 7814, 7819, 7231, 3.88, 328.49, 18.20, 3.87, 328.56, 18.20, 0.01, 110.52, -15.17);
insert into SHOT values (7884, 7814, 7820, 7231, 2.46, 221.95, -10.44, 2.46, 221.81, -10.56, 0.01, 95.65, -30.19);
insert into SHOT values (7885, 7814, 7821, 7231, 2.44, 222.79, -9.61, 2.44, 222.64, -9.67, 0.01, 136.78, -23.17);
insert into SHOT values (7886, 7814, 7822, 7231, 2.42, 224.85, -11.06, 2.41, 224.83, -10.99, 0.01, 52.79, 33.99);
insert into SHOT values (7887, 7822, 7823, 7231, 0.68, 161.86, -19.31, 0.68, 161.85, -19.71, 0.01, 127.05, -87.22);
insert into SURVEY values (7234, 68, 'af_camp_to_clearwater', 'af_camp_to_clearwater.clearwater_master', NULL);
 insert into CENTRELINE values (7235, 7234, NULL, NULL, NULL, 0.00, 0.00, 0.00);
 insert into CENTRELINE values (7236, 7234, NULL, '2017-04-24', NULL, 0.00, 0.00, 765.07);
 insert into SHOT values (7888, 7824, 7825, 7236, 17.29, 64.70, 0.10, 17.29, 64.74, 0.07, 0.02, 136.87, -39.51);
insert into SHOT_FLAG values(7888, 'dpl');
insert into SHOT values (7889, 7825, 7824, 7236, 17.30, 244.80, -0.00, 17.29, 244.74, -0.07, 0.03, 136.06, -45.77);
insert into SHOT_FLAG values(7889, 'dpl');
insert into SHOT values (7890, 7825, 7826, 7236, 17.01, 166.90, 3.90, 17.01, 166.89, 3.91, 0.00, 106.07, 39.32);
insert into SHOT_FLAG values(7890, 'dpl');
insert into SHOT values (7891, 7825, 7827, 7236, 14.70, 334.70, 0.20, 14.70, 334.71, 0.19, 0.00, 88.18, -31.72);
insert into SHOT_FLAG values(7891, 'dpl');
insert into SHOT values (7892, 7825, 7828, 7236, 6.73, 274.00, 84.80, 6.73, 273.75, 84.79, 0.00, 210.96, -37.76);
insert into SHOT_FLAG values(7892, 'dpl');
insert into SHOT values (7893, 7825, 7829, 7236, 0.65, 255.70, -83.50, 0.65, 254.05, -83.61, 0.00, 144.50, -61.78);
insert into SHOT_FLAG values(7893, 'dpl');
insert into SHOT values (7894, 7825, 7830, 7236, 19.04, 57.80, 6.90, 19.03, 57.80, 6.91, 0.01, 242.81, 25.55);
insert into SHOT_FLAG values(7894, 'dpl');
insert into SHOT values (7895, 7830, 7831, 7236, 24.98, 127.70, 32.60, 24.98, 127.70, 32.58, 0.01, 229.58, -82.31);
insert into SHOT_FLAG values(7895, 'dpl');
insert into SHOT values (7896, 7830, 7832, 7236, 22.19, 336.10, -0.50, 22.19, 336.10, -0.52, 0.01, 355.88, -61.26);
insert into SHOT_FLAG values(7896, 'dpl');
insert into SHOT values (7897, 7830, 7833, 7236, 7.52, 75.50, 76.80, 7.52, 75.56, 76.74, 0.01, 89.63, -9.93);
insert into SHOT_FLAG values(7897, 'dpl');
insert into SHOT values (7898, 7830, 7834, 7236, 1.22, 230.90, -86.20, 1.22, 230.19, -86.34, 0.00, 70.13, -42.56);
insert into SHOT_FLAG values(7898, 'dpl');
insert into SHOT values (7899, 7830, 7835, 7236, 10.19, 14.90, 2.70, 10.19, 14.91, 2.70, 0.00, 37.44, -0.19);
insert into SHOT_FLAG values(7899, 'dpl');
insert into SHOT values (7900, 7835, 7836, 7236, 30.07, 32.30, -4.10, 30.07, 32.31, -4.10, 0.00, 122.13, -1.11);
insert into SHOT_FLAG values(7900, 'dpl');
insert into SHOT values (7901, 7835, 7837, 7236, 16.25, 307.00, -4.50, 16.25, 307.00, -4.52, 0.01, 286.68, -65.71);
insert into SHOT_FLAG values(7901, 'dpl');
insert into SHOT values (7902, 7835, 7838, 7236, 29.90, 116.40, 23.40, 29.90, 116.40, 23.39, 0.00, 37.37, -72.64);
insert into SHOT_FLAG values(7902, 'dpl');
insert into SHOT values (7903, 7835, 7839, 7236, 6.31, 70.20, 86.90, 6.31, 71.03, 86.93, 0.01, 190.77, -7.67);
insert into SHOT_FLAG values(7903, 'dpl');
insert into SHOT values (7904, 7835, 7840, 7236, 2.20, 113.10, -48.60, 2.20, 113.04, -48.57, 0.00, 65.45, 7.18);
insert into SHOT_FLAG values(7904, 'dpl');
insert into SHOT values (7905, 7836, 7841, 7236, 37.61, 129.10, 25.80, 37.61, 129.10, 25.80, 0.01, 153.88, 10.39);
insert into SHOT_FLAG values(7905, 'dpl');
insert into SHOT values (7906, 7836, 7842, 7236, 12.12, 303.70, 2.10, 12.12, 303.69, 2.08, 0.01, 266.75, -49.71);
insert into SHOT_FLAG values(7906, 'dpl');
insert into SHOT values (7907, 7836, 7843, 7236, 3.78, 10.60, 79.80, 3.78, 10.30, 79.78, 0.00, 303.10, -3.97);
insert into SHOT_FLAG values(7907, 'dpl');
insert into SHOT values (7908, 7836, 7844, 7236, 1.80, 115.40, -67.20, 1.80, 115.46, -67.20, 0.00, 187.19, -38.52);
insert into SHOT_FLAG values(7908, 'dpl');
insert into SHOT values (7909, 7836, 7845, 7236, 13.00, 35.80, -5.10, 13.00, 35.79, -5.12, 0.01, 244.34, -42.23);
insert into SHOT_FLAG values(7909, 'dpl');
insert into SHOT values (7910, 7845, 7846, 7236, 12.52, 130.50, 19.30, 12.52, 130.47, 19.31, 0.01, 48.98, 17.30);
insert into SHOT_FLAG values(7910, 'dpl');
insert into SHOT values (7911, 7845, 7847, 7236, 8.03, 332.40, 6.50, 8.03, 332.44, 6.51, 0.01, 94.24, 8.73);
insert into SHOT_FLAG values(7911, 'dpl');
insert into SHOT values (7912, 7845, 7848, 7236, 4.60, 14.00, 82.50, 4.60, 14.50, 82.52, 0.01, 118.58, -6.82);
insert into SHOT_FLAG values(7912, 'dpl');
insert into SHOT values (7913, 7845, 7849, 7236, 0.89, 250.50, -76.00, 0.89, 250.71, -76.16, 0.00, 57.69, 45.49);
insert into SHOT_FLAG values(7913, 'dpl');
insert into SHOT values (7914, 7845, 7850, 7236, 7.70, 330.50, 0.30, 7.70, 330.50, 0.30, 0.00, 135.66, -7.84);
insert into SHOT_FLAG values(7914, 'dpl');
insert into SHOT values (7915, 7845, 7851, 7236, 7.54, 327.90, 21.20, 7.54, 327.96, 21.22, 0.01, 48.34, 24.15);
insert into SHOT_FLAG values(7915, 'dpl');
insert into SHOT values (7916, 7845, 7852, 7236, 11.08, 354.90, -7.40, 11.09, 354.94, -7.41, 0.01, 49.39, -18.34);
insert into SHOT_FLAG values(7916, 'dpl');
insert into SHOT values (7917, 7845, 7853, 7236, 1.34, 324.50, -41.60, 1.34, 324.73, -41.54, 0.00, 24.18, -4.19);
insert into SHOT_FLAG values(7917, 'dpl');
insert into SHOT values (7918, 7845, 7854, 7236, 1.86, 324.30, -28.20, 1.86, 324.46, -28.30, 0.01, 100.27, -9.00);
insert into SHOT_FLAG values(7918, 'dpl');
insert into SHOT values (7919, 7845, 7855, 7236, 3.74, 323.60, -24.90, 3.74, 323.64, -24.85, 0.01, 98.80, 56.29);
insert into SHOT_FLAG values(7919, 'dpl');
insert into SHOT values (7920, 7845, 7856, 7236, 4.78, 322.60, -19.50, 4.78, 322.67, -19.56, 0.01, 85.70, -33.12);
insert into SHOT_FLAG values(7920, 'dpl');
insert into SHOT values (7921, 7845, 7857, 7236, 5.70, 322.00, -15.70, 5.70, 322.02, -15.66, 0.01, 344.37, 21.53);
insert into SHOT_FLAG values(7921, 'dpl');
insert into SHOT values (7922, 7845, 7858, 7236, 6.62, 321.60, -13.20, 6.62, 321.62, -13.19, 0.00, 106.23, 25.72);
insert into SHOT_FLAG values(7922, 'dpl');
insert into SHOT values (7923, 7845, 7859, 7236, 7.01, 322.70, -7.50, 7.01, 322.72, -7.46, 0.01, 48.72, 66.42);
insert into SHOT_FLAG values(7923, 'dpl');
insert into SHOT values (7924, 7845, 7860, 7236, 7.79, 322.80, -3.70, 7.79, 322.79, -3.68, 0.00, 179.72, 53.07);
insert into SHOT_FLAG values(7924, 'dpl');
insert into SHOT values (7925, 7845, 7861, 7236, 7.91, 325.70, 10.00, 7.91, 325.72, 9.97, 0.01, 357.30, -36.31);
insert into SHOT_FLAG values(7925, 'dpl');
insert into SHOT values (7926, 7845, 7862, 7236, 7.81, 325.30, 18.10, 7.81, 325.37, 18.12, 0.01, 41.76, 21.67);
insert into SHOT_FLAG values(7926, 'dpl');
insert into SHOT values (7927, 7845, 7863, 7236, 6.47, 325.10, 27.20, 6.47, 325.12, 27.22, 0.00, 80.27, 46.29);
insert into SHOT_FLAG values(7927, 'dpl');
insert into SHOT values (7928, 7845, 7864, 7236, 5.07, 325.50, 44.10, 5.07, 325.52, 44.13, 0.00, 104.14, 36.84);
insert into SHOT_FLAG values(7928, 'dpl');
insert into SHOT values (7929, 7845, 7865, 7236, 4.13, 331.50, 63.20, 4.13, 331.51, 63.18, 0.01, 337.40, 43.41);
insert into SHOT_FLAG values(7929, 'dpl');
insert into SHOT values (7930, 7845, 7866, 7236, 4.48, 355.00, 79.70, 4.48, 355.00, 79.68, 0.00, 354.74, 47.34);
insert into SHOT_FLAG values(7930, 'dpl');
insert into SHOT values (7931, 7845, 7867, 7236, 5.71, 129.50, 65.80, 5.71, 129.46, 65.77, 0.00, 106.57, 23.86);
insert into SHOT_FLAG values(7931, 'dpl');
insert into SHOT values (7932, 7845, 7868, 7236, 8.10, 129.20, 53.40, 8.10, 129.12, 53.36, 0.01, 72.63, -19.83);
insert into SHOT_FLAG values(7932, 'dpl');
insert into SHOT values (7933, 7845, 7869, 7236, 8.19, 128.90, 44.50, 8.19, 128.89, 44.48, 0.00, 114.18, -6.00);
insert into SHOT_FLAG values(7933, 'dpl');
insert into SHOT values (7934, 7845, 7870, 7236, 8.91, 129.80, 34.70, 8.91, 129.80, 34.68, 0.00, 115.62, -44.53);
insert into SHOT_FLAG values(7934, 'dpl');
insert into SHOT values (7935, 7845, 7871, 7236, 9.95, 131.60, 30.60, 9.95, 131.54, 30.62, 0.01, 42.32, 31.34);
insert into SHOT_FLAG values(7935, 'dpl');
insert into SHOT values (7936, 7845, 7872, 7236, 15.88, 133.50, 23.40, 15.88, 133.50, 23.41, 0.00, 322.51, 52.00);
insert into SHOT_FLAG values(7936, 'dpl');
insert into SHOT values (7937, 7845, 7873, 7236, 12.71, 133.00, 20.50, 12.71, 132.99, 20.49, 0.00, 103.17, -19.30);
insert into SHOT_FLAG values(7937, 'dpl');
insert into SHOT values (7938, 7845, 7874, 7236, 12.20, 132.00, 13.80, 12.21, 131.99, 13.79, 0.01, 112.84, -1.07);
insert into SHOT_FLAG values(7938, 'dpl');
insert into SHOT values (7939, 7845, 7875, 7236, 9.37, 132.10, 10.80, 9.37, 132.09, 10.83, 0.00, 52.93, 76.19);
insert into SHOT_FLAG values(7939, 'dpl');
insert into SHOT values (7940, 7845, 7876, 7236, 7.20, 132.20, 5.50, 7.20, 132.17, 5.50, 0.00, 10.48, -1.22);
insert into SHOT_FLAG values(7940, 'dpl');
insert into SHOT values (7941, 7845, 7877, 7236, 5.76, 131.80, -2.00, 5.75, 131.76, -1.99, 0.01, 349.10, 8.28);
insert into SHOT_FLAG values(7941, 'dpl');
insert into SHOT values (7942, 7845, 7878, 7236, 4.73, 131.70, -9.70, 4.73, 131.69, -9.74, 0.00, 324.50, -57.90);
insert into SHOT_FLAG values(7942, 'dpl');
insert into SHOT values (7943, 7845, 7879, 7236, 3.20, 131.70, -14.40, 3.20, 131.60, -14.46, 0.01, 72.29, -34.46);
insert into SHOT_FLAG values(7943, 'dpl');
insert into SHOT values (7944, 7845, 7880, 7236, 2.14, 131.70, -24.30, 2.14, 131.68, -24.24, 0.00, 124.00, 8.05);
insert into SHOT_FLAG values(7944, 'dpl');
insert into SHOT values (7945, 7845, 7881, 7236, 1.50, 132.80, -36.30, 1.50, 132.66, -36.33, 0.00, 65.43, -30.98);
insert into SHOT_FLAG values(7945, 'dpl');
insert into SHOT values (7946, 7845, 7882, 7236, 1.04, 133.70, -62.50, 1.04, 133.32, -62.40, 0.00, 57.80, 36.80);
insert into SHOT_FLAG values(7946, 'dpl');
insert into SHOT values (7947, 7845, 7883, 7236, 31.02, 140.20, 24.20, 31.02, 140.20, 24.21, 0.00, 209.31, 58.79);
insert into SHOT_FLAG values(7947, 'dpl');
insert into SHOT values (7948, 7845, 7884, 7236, 32.78, 139.50, 26.10, 32.78, 139.49, 26.10, 0.00, 24.50, -14.22);
insert into SHOT_FLAG values(7948, 'dpl');
insert into SHOT values (7949, 7845, 7885, 7236, 15.53, 70.20, 6.00, 15.53, 70.20, 5.99, 0.00, 225.81, -52.46);
insert into SHOT_FLAG values(7949, 'dpl');
insert into SHOT values (7950, 7885, 7886, 7236, 39.22, 343.70, -0.80, 39.22, 343.71, -0.79, 0.01, 89.09, 48.69);
insert into SHOT_FLAG values(7950, 'dpl');
insert into SHOT values (7951, 7885, 7887, 7236, 41.65, 156.30, 29.80, 41.65, 156.29, 29.80, 0.01, 31.62, 11.65);
insert into SHOT_FLAG values(7951, 'dpl');
insert into SHOT values (7952, 7885, 7888, 7236, 4.97, 97.10, 84.80, 4.97, 96.34, 84.77, 0.01, 27.94, 4.05);
insert into SHOT_FLAG values(7952, 'dpl');
insert into SHOT values (7953, 7885, 7889, 7236, 0.88, 74.80, -74.70, 0.87, 75.38, -74.20, 0.01, 98.49, 55.83);
insert into SHOT_FLAG values(7953, 'dpl');
insert into SHOT values (7954, 7885, 7890, 7236, 26.85, 8.70, -3.00, 26.86, 8.71, -2.99, 0.01, 38.41, 37.59);
insert into SHOT_FLAG values(7954, 'dpl');
insert into SHOT values (7955, 7890, 7891, 7236, 16.58, 244.50, 3.20, 16.58, 244.49, 3.18, 0.01, 154.82, -56.91);
insert into SHOT_FLAG values(7955, 'dpl');
insert into SHOT values (7956, 7890, 7892, 7236, 6.29, 52.80, 3.20, 6.29, 52.77, 3.19, 0.00, 321.81, -16.31);
insert into SHOT_FLAG values(7956, 'dpl');
insert into SHOT values (7957, 7890, 7893, 7236, 3.43, 314.70, 84.50, 3.43, 315.00, 84.55, 0.01, 108.66, -47.33);
insert into SHOT_FLAG values(7957, 'dpl');
insert into SHOT values (7958, 7890, 7894, 7236, 1.32, 320.70, -68.60, 1.32, 320.96, -68.83, 0.01, 118.18, -9.94);
insert into SHOT_FLAG values(7958, 'dpl');
insert into SHOT values (7959, 7890, 7895, 7236, 22.23, 312.40, 6.90, 22.23, 312.39, 6.90, 0.00, 248.79, -11.16);
insert into SHOT_FLAG values(7959, 'dpl');
insert into SHOT values (7960, 7895, 7896, 7236, 3.74, 229.40, 5.40, 3.73, 229.37, 5.38, 0.01, 66.37, -14.28);
insert into SHOT_FLAG values(7960, 'dpl');
insert into SHOT values (7961, 7895, 7897, 7236, 10.37, 52.70, 7.90, 10.37, 52.72, 7.87, 0.01, 189.82, -49.50);
insert into SHOT_FLAG values(7961, 'dpl');
insert into SHOT values (7962, 7895, 7898, 7236, 5.10, 35.30, 84.60, 5.10, 35.68, 84.60, 0.00, 122.73, 39.84);
insert into SHOT_FLAG values(7962, 'dpl');
insert into SHOT values (7963, 7895, 7899, 7236, 2.45, 36.20, -29.10, 2.45, 36.28, -29.01, 0.01, 66.14, 13.80);
insert into SHOT_FLAG values(7963, 'dpl');
insert into SHOT values (7964, 7895, 7900, 7236, 10.12, 323.90, 24.60, 10.11, 323.89, 24.60, 0.01, 162.59, -29.31);
insert into SHOT_FLAG values(7964, 'dpl');
insert into SHOT values (7965, 7900, 7901, 7236, 2.97, 244.40, 49.50, 2.97, 244.50, 49.54, 0.00, 351.87, 24.69);
insert into SHOT_FLAG values(7965, 'dpl');
insert into SHOT values (7966, 7900, 7902, 7236, 2.07, 28.20, 4.20, 2.07, 28.30, 4.15, 0.00, 82.30, -19.66);
insert into SHOT_FLAG values(7966, 'dpl');
insert into SHOT values (7967, 7900, 7903, 7236, 3.96, 351.40, 86.00, 3.96, 351.87, 85.90, 0.01, 10.77, -2.89);
insert into SHOT_FLAG values(7967, 'dpl');
insert into SHOT values (7968, 7900, 7904, 7236, 1.99, 294.60, -84.00, 1.99, 295.35, -83.94, 0.00, 345.71, -14.37);
insert into SHOT_FLAG values(7968, 'dpl');
insert into SHOT values (7969, 7900, 7905, 7236, 10.49, 4.00, 36.70, 10.49, 4.02, 36.70, 0.00, 92.40, 15.42);
insert into SHOT_FLAG values(7969, 'dpl');
insert into SHOT values (7970, 7905, 7906, 7236, 10.07, 304.80, 6.90, 10.07, 304.82, 6.90, 0.00, 348.58, 2.75);
insert into SHOT_FLAG values(7970, 'dpl');
insert into SHOT values (7971, 7905, 7907, 7236, 8.53, 140.90, 4.30, 8.53, 140.92, 4.30, 0.00, 282.98, 5.31);
insert into SHOT_FLAG values(7971, 'dpl');
insert into SHOT values (7972, 7905, 7908, 7236, 7.48, 25.20, 83.50, 7.48, 25.06, 83.47, 0.00, 352.08, -26.38);
insert into SHOT_FLAG values(7972, 'dpl');
insert into SHOT values (7973, 7905, 7909, 7236, 2.48, 304.70, -42.50, 2.48, 304.99, -42.37, 0.01, 19.64, 29.48);
insert into SHOT_FLAG values(7973, 'dpl');
insert into SHOT values (7974, 7905, 7910, 7236, 7.60, 21.70, 35.20, 7.60, 21.65, 35.21, 0.01, 268.23, -8.08);
insert into SHOT_FLAG values(7974, 'dpl');
insert into SHOT values (7975, 7910, 7911, 7236, 8.89, 284.40, 2.90, 8.89, 284.41, 2.90, 0.00, 350.73, 6.51);
insert into SHOT_FLAG values(7975, 'dpl');
insert into SHOT values (7976, 7910, 7912, 7236, 12.01, 96.10, 14.40, 12.01, 96.07, 14.41, 0.01, 27.40, 25.08);
insert into SHOT_FLAG values(7976, 'dpl');
insert into SHOT values (7977, 7910, 7913, 7236, 9.74, 350.20, 83.80, 9.75, 350.72, 83.79, 0.01, 69.20, 35.76);
insert into SHOT_FLAG values(7977, 'dpl');
insert into SHOT values (7978, 7910, 7914, 7236, 1.43, 1.50, -44.50, 1.43, 1.68, -44.42, 0.00, 83.07, 34.67);
insert into SHOT_FLAG values(7978, 'dpl');
insert into SHOT values (7979, 7910, 7915, 7236, 9.21, 278.00, 8.10, 9.20, 278.01, 8.12, 0.01, 83.90, 13.70);
insert into SHOT_FLAG values(7979, 'dpl');
insert into SHOT values (7980, 7910, 7916, 7236, 25.43, 97.30, 23.40, 25.43, 97.29, 23.40, 0.01, 6.96, 5.46);
insert into SHOT_FLAG values(7980, 'dpl');
insert into SHOT values (7981, 7910, 7917, 7236, 15.13, 357.20, 67.80, 15.13, 357.29, 67.80, 0.01, 89.42, 9.67);
insert into SHOT_FLAG values(7981, 'dpl');
insert into SHOT values (7982, 7910, 7918, 7236, 1.37, 47.50, -45.40, 1.37, 47.53, -45.22, 0.01, 81.49, 81.84);
insert into SHOT_FLAG values(7982, 'dpl');
insert into SHOT values (7983, 7910, 7919, 7236, 14.58, 49.60, 28.50, 14.59, 49.59, 28.50, 0.01, 22.48, 26.77);
insert into SHOT_FLAG values(7983, 'dpl');
insert into SHOT values (7984, 7919, 7920, 7236, 13.44, 289.50, 7.70, 13.44, 289.52, 7.70, 0.01, 49.97, -6.95);
insert into SHOT_FLAG values(7984, 'dpl');
insert into SHOT values (7985, 7919, 7921, 7236, 33.37, 112.20, 7.90, 33.38, 112.20, 7.90, 0.01, 99.15, 26.37);
insert into SHOT_FLAG values(7985, 'dpl');
insert into SHOT values (7986, 7919, 7922, 7236, 14.99, 151.40, 88.90, 14.99, 150.75, 88.90, 0.00, 40.22, 38.45);
insert into SHOT_FLAG values(7986, 'dpl');
insert into SHOT values (7987, 7919, 7923, 7236, 3.25, 260.40, -38.20, 3.25, 260.32, -38.18, 0.00, 203.07, -2.24);
insert into SHOT_FLAG values(7987, 'dpl');
insert into SHOT values (7988, 7919, 7924, 7236, 3.13, 6.90, 18.60, 3.13, 6.98, 18.66, 0.01, 144.31, 14.98);
insert into SHOT_FLAG values(7988, 'dpl');
insert into SHOT values (7989, 7919, 7925, 7236, 10.80, 12.70, 28.00, 10.80, 12.72, 28.00, 0.00, 125.28, -3.82);
insert into SHOT_FLAG values(7989, 'dpl');
insert into SHOT values (7990, 7925, 7926, 7236, 11.99, 278.40, 20.20, 11.99, 278.43, 20.20, 0.01, 16.35, -1.11);
insert into SHOT_FLAG values(7990, 'dpl');
insert into SHOT values (7991, 7925, 7927, 7236, 4.43, 90.10, 7.40, 4.43, 90.13, 7.40, 0.00, 233.01, -8.28);
insert into SHOT_FLAG values(7991, 'dpl');
insert into SHOT values (7992, 7925, 7928, 7236, 2.81, 43.10, 86.30, 2.81, 42.71, 86.38, 0.01, 238.36, -42.11);
insert into SHOT_FLAG values(7992, 'dpl');
insert into SHOT values (7993, 7925, 7929, 7236, 3.19, 110.00, -67.10, 3.19, 109.75, -67.08, 0.01, 37.99, -13.80);
insert into SHOT_FLAG values(7993, 'dpl');
insert into SHOT values (7994, 7925, 7930, 7236, 22.42, 317.80, -25.30, 22.43, 317.80, -25.29, 0.01, 313.04, 12.38);
insert into SHOT_FLAG values(7994, 'dpl');
insert into SHOT values (7995, 7930, 7931, 7236, 9.45, 96.70, 7.80, 9.45, 96.68, 7.78, 0.00, 30.43, -42.82);
insert into SHOT_FLAG values(7995, 'dpl');
insert into SHOT values (7996, 7930, 7932, 7236, 12.79, 89.30, 76.10, 12.79, 89.26, 76.06, 0.01, 72.29, -34.01);
insert into SHOT_FLAG values(7996, 'dpl');
insert into SHOT values (7997, 7930, 7933, 7236, 1.38, 124.50, -78.70, 1.39, 124.82, -78.36, 0.01, 133.73, -34.30);
insert into SHOT_FLAG values(7997, 'dpl');
insert into SHOT values (7998, 7930, 7934, 7236, 17.89, 32.90, -17.20, 17.89, 32.92, -17.19, 0.01, 82.43, 1.71);
insert into SHOT_FLAG values(7998, 'dpl');
insert into SHOT values (7999, 7930, 7935, 7236, 18.25, 73.40, 62.00, 18.25, 73.38, 61.99, 0.00, 341.21, -57.78);
insert into SHOT_FLAG values(7999, 'dpl');
insert into SHOT values (8000, 7930, 7936, 7236, 17.93, 76.80, 63.10, 17.93, 76.82, 63.10, 0.00, 137.99, 1.24);
insert into SHOT_FLAG values(8000, 'dpl');
insert into SHOT values (8001, 7934, 7937, 7236, 10.72, 287.40, -0.10, 10.72, 287.37, -0.11, 0.01, 185.59, -12.67);
insert into SHOT_FLAG values(8001, 'dpl');
insert into SHOT values (8002, 7934, 7938, 7236, 16.94, 277.10, 88.90, 16.93, 276.91, 88.88, 0.01, 268.46, -43.33);
insert into SHOT_FLAG values(8002, 'dpl');
insert into SHOT values (8003, 7934, 7939, 7236, 1.63, 104.90, -90.00, 1.63, 90.00, -90.00, 0.00, 104.90, 37.97);
insert into SHOT_FLAG values(8003, 'dpl');
insert into SHOT values (8004, 7934, 7940, 7236, 21.85, 313.10, -19.80, 21.84, 313.09, -19.80, 0.01, 172.95, 11.56);
insert into SHOT_FLAG values(8004, 'dpl');
insert into SHOT values (8005, 7940, 7941, 7236, 13.28, 70.40, 16.30, 13.27, 70.37, 16.28, 0.01, 299.07, -39.59);
insert into SHOT_FLAG values(8005, 'dpl');
insert into SHOT values (8006, 7940, 7942, 7236, 3.59, 298.10, -86.40, 3.60, 298.81, -86.36, 0.01, 343.23, -60.58);
insert into SHOT_FLAG values(8006, 'dpl');
insert into SHOT values (8007, 7940, 7943, 7236, 47.00, 57.40, 57.10, 47.00, 57.38, 57.10, 0.01, 308.19, -13.23);
insert into SHOT_FLAG values(8007, 'dpl');
insert into SHOT values (8008, 7940, 7944, 7236, 46.90, 53.30, 56.20, 46.90, 53.28, 56.20, 0.01, 312.42, -15.33);
insert into SHOT_FLAG values(8008, 'dpl');
insert into SHOT values (8009, 7940, 7945, 7236, 42.87, 356.40, 2.70, 42.87, 356.40, 2.70, 0.00, 331.01, 12.87);
insert into SHOT_FLAG values(8009, 'dpl');
insert into SHOT values (8010, 7940, 7946, 7236, 13.95, 19.80, -0.70, 13.95, 19.77, -0.70, 0.01, 318.47, 3.22);
insert into SHOT_FLAG values(8010, 'dpl');
insert into SHOT values (8011, 7946, 7947, 7236, 16.17, 344.50, -32.70, 16.17, 344.48, -32.72, 0.01, 237.16, -44.99);
insert into SHOT_FLAG values(8011, 'dpl');
insert into SHOT values (8012, 7947, 7948, 7236, 18.07, 60.60, 28.00, 18.07, 60.61, 27.99, 0.00, 182.41, -55.49);
insert into SHOT_FLAG values(8012, 'dpl');
insert into SHOT values (8013, 7947, 7949, 7236, 10.42, 36.60, 84.70, 10.42, 36.99, 84.69, 0.01, 113.86, 34.15);
insert into SHOT_FLAG values(8013, 'dpl');
insert into SHOT values (8014, 7947, 7950, 7236, 2.01, 278.70, -60.40, 2.01, 278.70, -60.47, 0.00, 97.14, -58.65);
insert into SHOT_FLAG values(8014, 'dpl');
insert into SHOT values (8015, 7947, 7951, 7236, 19.08, 199.40, 19.60, 19.08, 199.40, 19.60, 0.00, 6.06, -6.03);
insert into SHOT_FLAG values(8015, 'dpl');
insert into SHOT values (8016, 7947, 7952, 7236, 12.89, 232.00, -29.20, 12.89, 231.97, -29.21, 0.01, 111.28, -11.75);
insert into SHOT_FLAG values(8016, 'dpl');
insert into SHOT values (8017, 7952, 7953, 7236, 14.54, 65.50, 28.20, 14.54, 65.47, 28.19, 0.01, 356.39, -8.32);
insert into SHOT_FLAG values(8017, 'dpl');
insert into SHOT values (8018, 7952, 7954, 7236, 2.59, 189.30, -85.80, 2.59, 189.46, -85.95, 0.01, 5.20, 22.85);
insert into SHOT_FLAG values(8018, 'dpl');
insert into SHOT values (8019, 7952, 7955, 7236, 16.46, 69.20, 32.60, 16.46, 69.17, 32.61, 0.01, 332.64, 15.64);
insert into SHOT_FLAG values(8019, 'dpl');
insert into SHOT values (8020, 7952, 7956, 7236, 2.20, 216.20, -63.60, 2.20, 216.29, -63.55, 0.00, 254.41, 13.50);
insert into SHOT_FLAG values(8020, 'dpl');
insert into SHOT values (8021, 7952, 7957, 7236, 4.09, 65.60, 20.70, 4.09, 65.58, 20.78, 0.01, 262.97, 45.07);
insert into SHOT_FLAG values(8021, 'dpl');
insert into SHOT values (8022, 7952, 7958, 7236, 4.32, 257.20, -68.80, 4.32, 257.47, -68.75, 0.01, 312.76, -14.71);
insert into SHOT_FLAG values(8022, 'dpl');
insert into SHOT values (8023, 7952, 7959, 7236, 4.00, 256.90, -69.40, 4.00, 256.85, -69.39, 0.00, 143.95, 73.45);
insert into SHOT_FLAG values(8023, 'dpl');
insert into SHOT values (8024, 7959, 7960, 7236, 0.73, 244.80, -0.00, 0.73, 244.84, 0.00, 0.00, 32.60, 0.00);
insert into SHOT_FLAG values(8024, 'dpl');
insert into SHOT values (8025, 7959, 7961, 7236, 1.65, 59.70, 88.80, 1.65, 56.31, 88.75, 0.00, 3.69, 8.01);
insert into SHOT_FLAG values(8025, 'dpl');
insert into SHOT values (8026, 7959, 7962, 7236, 0.69, 235.30, -59.80, 0.69, 236.77, -59.98, 0.01, 328.51, -22.31);
insert into SHOT_FLAG values(8026, 'dpl');
insert into SHOT values (8027, 7959, 7963, 7236, 0.79, 226.80, 5.90, 0.79, 227.58, 5.81, 0.01, 317.89, -6.44);
insert into SHOT_FLAG values(8027, 'dpl');
insert into SHOT values (8028, 7959, 7964, 7236, 1.64, 196.00, 88.60, 1.64, 198.43, 88.90, 0.01, 6.99, 3.27);
insert into SHOT_FLAG values(8028, 'dpl');
insert into SHOT values (8029, 7959, 7965, 7236, 1.13, 47.30, 49.70, 1.13, 46.67, 49.73, 0.01, 301.40, -12.26);
insert into SHOT_FLAG values(8029, 'dpl');
insert into SHOT values (8030, 7959, 7966, 7236, 0.43, 272.30, -67.90, 0.43, 273.37, -66.94, 0.01, 292.78, -9.97);
insert into SHOT_FLAG values(8030, 'dpl');
insert into SHOT values (8031, 7959, 7967, 7236, 0.95, 336.20, -7.80, 0.95, 336.16, -7.87, 0.00, 188.70, -42.13);
insert into SHOT_FLAG values(8031, 'dpl');
insert into SHOT values (8032, 7967, 7968, 7236, 0.72, 251.50, -2.70, 0.73, 252.32, -3.16, 0.01, 315.85, -28.01);
insert into SHOT_FLAG values(8032, 'dpl');
insert into SHOT values (8033, 7967, 7969, 7236, 0.51, 218.20, 61.90, 0.51, 219.81, 62.49, 0.01, 350.63, 0.74);
insert into SHOT_FLAG values(8033, 'dpl');
insert into SHOT values (8034, 7967, 7970, 7236, 1.33, 24.40, -88.60, 1.33, 18.43, -88.64, 0.00, 276.79, -6.57);
insert into SHOT_FLAG values(8034, 'dpl');
insert into SHOT values (8035, 7967, 7971, 7236, 1.65, 278.70, -56.80, 1.65, 278.84, -56.57, 0.01, 295.77, 4.92);
insert into SHOT_FLAG values(8035, 'dpl');
insert into SHOT values (8036, 7971, 7972, 7236, 1.79, 89.40, 22.40, 1.79, 89.31, 22.27, 0.01, 62.61, -20.03);
insert into SHOT_FLAG values(8036, 'dpl');
insert into SHOT values (8037, 7971, 7973, 7236, 0.33, 6.70, 81.60, 0.32, 11.31, 80.95, 0.01, 64.13, -53.03);
insert into SHOT_FLAG values(8037, 'dpl');
insert into SHOT values (8038, 7971, 7974, 7236, 0.72, 245.50, -88.20, 0.72, 243.43, -88.22, 0.00, 137.00, -22.69);
insert into SHOT_FLAG values(8038, 'dpl');
insert into SHOT values (8039, 7971, 7975, 7236, 3.11, 6.00, -3.80, 3.11, 6.10, -3.87, 0.01, 55.73, -29.71);
insert into SHOT_FLAG values(8039, 'dpl');
insert into SHOT values (8040, 7975, 7976, 7236, 1.28, 96.60, 6.40, 1.28, 96.79, 6.30, 0.01, 223.42, -27.14);
insert into SHOT_FLAG values(8040, 'dpl');
insert into SHOT values (8041, 7975, 7977, 7236, 1.46, 150.40, 76.80, 1.46, 151.11, 76.87, 0.00, 268.57, -16.94);
insert into SHOT_FLAG values(8041, 'dpl');
insert into SHOT values (8042, 7975, 7978, 7236, 0.59, 260.90, 0.40, 0.59, 260.22, 0.97, 0.01, 159.06, 39.39);
insert into SHOT_FLAG values(8042, 'dpl');
insert into SHOT values (8043, 7975, 7979, 7236, 0.76, 196.70, -47.80, 0.76, 197.02, -47.54, 0.00, 252.76, 41.07);
insert into SHOT_FLAG values(8043, 'dpl');
insert into SHOT values (8044, 7975, 7980, 7236, 3.25, 33.80, 9.70, 3.25, 33.79, 9.75, 0.00, 225.33, 39.04);
insert into SHOT_FLAG values(8044, 'dpl');
insert into SHOT values (8045, 7980, 7981, 7236, 0.36, 279.80, 1.60, 0.36, 279.73, 1.61, 0.00, 105.19, -0.62);
insert into SHOT_FLAG values(8045, 'dpl');
insert into SHOT values (8046, 7980, 7982, 7236, 0.57, 267.00, 49.50, 0.57, 266.91, 49.25, 0.00, 207.22, -78.41);
insert into SHOT_FLAG values(8046, 'dpl');
insert into SHOT values (8047, 7980, 7983, 7236, 1.41, 262.40, -66.50, 1.41, 262.87, -66.37, 0.01, 328.20, 30.78);
insert into SHOT_FLAG values(8047, 'dpl');
insert into SHOT values (8048, 7980, 7984, 7236, 6.00, 6.00, -44.60, 6.00, 6.04, -44.57, 0.00, 70.06, 38.59);
insert into SHOT_FLAG values(8048, 'dpl');
insert into SHOT values (8049, 7984, 7985, 7236, 2.63, 153.10, 8.90, 2.63, 153.24, 8.75, 0.01, 243.24, -47.80);
insert into SHOT_FLAG values(8049, 'dpl');
insert into SHOT values (8050, 7984, 7986, 7236, 1.74, 123.70, 78.70, 1.73, 124.16, 78.74, 0.01, 257.23, -59.15);
insert into SHOT_FLAG values(8050, 'dpl');
insert into SHOT values (8051, 7984, 7987, 7236, 3.15, 151.40, -43.90, 3.15, 151.51, -44.05, 0.01, 293.21, -39.26);
insert into SHOT_FLAG values(8051, 'dpl');
insert into SHOT values (8052, 7984, 7988, 7236, 6.00, 112.70, -24.90, 6.00, 112.70, -24.94, 0.00, 286.23, -79.16);
insert into SHOT_FLAG values(8052, 'dpl');
insert into SHOT values (8053, 7988, 7989, 7236, 4.37, 293.80, 9.00, 4.37, 293.77, 8.95, 0.00, 205.58, -61.37);
insert into SHOT_FLAG values(8053, 'dpl');
insert into SHOT values (8054, 7988, 7990, 7236, 2.88, 263.40, 39.70, 2.88, 263.26, 39.71, 0.01, 167.42, 3.66);
insert into SHOT_FLAG values(8054, 'dpl');
insert into SHOT values (8055, 7988, 7991, 7236, 1.43, 324.80, -89.30, 1.43, 315.00, -89.43, 0.00, 179.06, -1.43);
insert into SHOT_FLAG values(8055, 'dpl');
insert into SHOT values (8056, 7988, 7992, 7236, 1.75, 109.30, -20.70, 1.75, 109.32, -20.80, 0.01, 281.92, -15.44);
insert into SHOT_FLAG values(8056, 'dpl');
insert into SHOT values (8057, 7988, 7993, 7236, 13.41, 348.90, -40.10, 13.41, 348.87, -40.12, 0.01, 222.29, -16.63);
insert into SHOT_FLAG values(8057, 'dpl');
insert into SHOT values (8058, 7993, 7994, 7236, 2.70, 259.90, 4.20, 2.70, 259.94, 4.25, 0.00, 24.69, 42.75);
insert into SHOT_FLAG values(8058, 'dpl');
insert into SHOT values (8059, 7993, 7995, 7236, 1.89, 74.60, 25.00, 1.89, 74.42, 25.03, 0.01, 344.51, 13.25);
insert into SHOT_FLAG values(8059, 'dpl');
insert into SHOT values (8060, 7993, 7996, 7236, 2.27, 4.70, 86.50, 2.27, 4.09, 86.46, 0.00, 324.30, 61.26);
insert into SHOT_FLAG values(8060, 'dpl');
insert into SHOT values (8061, 7993, 7997, 7236, 1.56, 254.90, -51.30, 1.55, 255.11, -51.21, 0.01, 22.58, 59.33);
insert into SHOT_FLAG values(8061, 'dpl');
insert into SHOT values (8062, 7993, 7998, 7236, 5.39, 262.70, -6.70, 5.39, 262.70, -6.71, 0.00, 315.03, -76.06);
insert into SHOT_FLAG values(8062, 'dpl');
insert into SHOT values (8063, 7993, 7999, 7236, 4.55, 71.10, 14.20, 4.56, 71.11, 14.23, 0.01, 79.98, 29.01);
insert into SHOT_FLAG values(8063, 'dpl');
insert into SHOT values (8064, 7993, 8000, 7236, 2.50, 286.00, 73.70, 2.50, 286.62, 73.76, 0.01, 34.22, 3.49);
insert into SHOT_FLAG values(8064, 'dpl');
insert into SHOT values (8065, 7993, 8001, 7236, 1.79, 259.90, -64.70, 1.79, 260.17, -64.83, 0.01, 36.90, -18.06);
insert into SHOT_FLAG values(8065, 'dpl');
insert into SHOT values (8066, 7993, 8002, 7236, 16.33, 329.30, -31.40, 16.33, 329.33, -31.40, 0.01, 51.30, -13.55);
insert into SHOT_FLAG values(8066, 'dpl');
insert into SHOT values (8067, 8002, 8003, 7236, 14.02, 23.30, 6.10, 14.01, 23.29, 6.10, 0.01, 228.19, 1.83);
insert into SHOT_FLAG values(8067, 'dpl');
insert into SHOT values (8068, 8003, 8004, 7236, 10.59, 75.70, 19.10, 10.59, 75.71, 19.12, 0.01, 119.43, 53.66);
insert into SHOT_FLAG values(8068, 'dpl');
insert into SHOT values (8069, 8003, 8005, 7236, 8.13, 308.70, 83.50, 8.13, 308.85, 83.47, 0.01, 339.16, 24.85);
insert into SHOT_FLAG values(8069, 'dpl');
insert into SHOT values (8070, 8003, 8006, 7236, 6.83, 254.20, -41.30, 6.83, 254.28, -41.25, 0.01, 338.98, 45.74);
insert into SHOT_FLAG values(8070, 'dpl');
insert into SHOT values (8071, 8003, 8007, 7236, 3.33, 268.40, -32.20, 3.33, 268.38, -32.10, 0.01, 248.02, 51.74);
insert into SHOT_FLAG values(8071, 'dpl');
insert into SHOT values (8072, 8003, 8008, 7236, 4.61, 270.40, -25.50, 4.61, 270.41, -25.45, 0.00, 40.64, 74.93);
insert into SHOT_FLAG values(8072, 'dpl');
insert into SHOT values (8073, 8003, 8009, 7236, 24.74, 272.60, -19.50, 24.74, 272.60, -19.48, 0.01, 304.39, 66.16);
insert into SHOT_FLAG values(8073, 'dpl');
insert into SHOT values (8074, 8003, 8010, 7236, 24.60, 271.90, -10.70, 24.60, 271.90, -10.68, 0.01, 215.25, 76.63);
insert into SHOT_FLAG values(8074, 'dpl');
insert into SHOT values (8075, 8003, 8011, 7236, 23.90, 271.80, -3.40, 23.90, 271.80, -3.38, 0.01, 278.94, 62.35);
insert into SHOT_FLAG values(8075, 'dpl');
insert into SHOT values (8076, 8003, 8012, 7236, 20.59, 271.40, 3.30, 20.59, 271.42, 3.31, 0.01, 357.95, 31.44);
insert into SHOT_FLAG values(8076, 'dpl');
insert into SHOT values (8077, 8003, 8013, 7236, 15.82, 271.10, 6.70, 15.82, 271.09, 6.71, 0.00, 209.87, 66.24);
insert into SHOT_FLAG values(8077, 'dpl');
insert into SHOT values (8078, 8003, 8014, 7236, 12.64, 270.70, 12.90, 12.64, 270.70, 12.94, 0.01, 173.27, 86.27);
insert into SHOT_FLAG values(8078, 'dpl');
insert into SHOT values (8079, 8003, 8015, 7236, 11.74, 271.80, 18.80, 11.74, 271.80, 18.83, 0.01, 296.58, 72.85);
insert into SHOT_FLAG values(8079, 'dpl');
insert into SHOT values (8080, 8003, 8016, 7236, 10.73, 271.50, 25.20, 10.73, 271.54, 25.22, 0.01, 43.05, 9.83);
insert into SHOT_FLAG values(8080, 'dpl');
insert into SHOT values (8081, 8003, 8017, 7236, 10.10, 271.70, 31.40, 10.11, 271.73, 31.43, 0.01, 325.41, 56.50);
insert into SHOT_FLAG values(8081, 'dpl');
insert into SHOT values (8082, 8003, 8018, 7236, 9.77, 271.90, 41.50, 9.77, 271.96, 41.54, 0.01, 23.89, 37.49);
insert into SHOT_FLAG values(8082, 'dpl');
insert into SHOT values (8083, 8003, 8019, 7236, 7.95, 271.70, 50.70, 7.95, 271.71, 50.75, 0.01, 78.92, 67.99);
insert into SHOT_FLAG values(8083, 'dpl');
insert into SHOT values (8084, 8003, 8020, 7236, 7.12, 271.60, 61.30, 7.13, 271.67, 61.30, 0.01, 334.70, 43.28);
insert into SHOT_FLAG values(8084, 'dpl');
insert into SHOT values (8085, 8003, 8021, 7236, 5.19, 272.80, 66.60, 5.20, 272.78, 66.62, 0.01, 241.39, 78.14);
insert into SHOT_FLAG values(8085, 'dpl');
insert into SHOT values (8086, 8003, 8022, 7236, 4.24, 287.70, 77.40, 4.24, 287.65, 77.43, 0.00, 136.60, 51.79);
insert into SHOT_FLAG values(8086, 'dpl');
insert into SHOT values (8087, 8003, 8023, 7236, 3.25, 311.60, 79.30, 3.26, 311.63, 79.34, 0.01, 116.83, 78.01);
insert into SHOT_FLAG values(8087, 'dpl');
insert into SHOT values (8088, 8003, 8024, 7236, 2.55, 344.40, 79.60, 2.55, 345.07, 79.49, 0.01, 29.74, 13.91);
insert into SHOT_FLAG values(8088, 'dpl');
insert into SHOT values (8089, 8003, 8025, 7236, 2.29, 37.70, 72.90, 2.29, 37.21, 72.80, 0.01, 346.22, 9.41);
insert into SHOT_FLAG values(8089, 'dpl');
insert into SHOT values (8090, 8003, 8026, 7236, 2.01, 68.80, 62.00, 2.01, 68.88, 62.08, 0.01, 169.78, 76.54);
insert into SHOT_FLAG values(8090, 'dpl');
insert into SHOT values (8091, 8003, 8027, 7236, 3.12, 73.10, 41.70, 3.12, 73.04, 41.74, 0.01, 21.27, 56.10);
insert into SHOT_FLAG values(8091, 'dpl');
insert into SHOT values (8092, 8003, 8028, 7236, 3.38, 73.80, 31.90, 3.39, 73.84, 31.92, 0.01, 97.38, 41.07);
insert into SHOT_FLAG values(8092, 'dpl');
insert into SHOT values (8093, 8003, 8029, 7236, 4.45, 82.20, 17.20, 4.45, 82.16, 17.26, 0.01, 331.67, 49.56);
insert into SHOT_FLAG values(8093, 'dpl');
insert into SHOT values (8094, 8003, 8030, 7236, 4.33, 81.90, 5.00, 4.33, 81.87, 5.03, 0.00, 347.55, 49.01);
insert into SHOT_FLAG values(8094, 'dpl');
insert into SHOT values (8095, 8003, 8031, 7236, 3.87, 81.50, -9.40, 3.87, 81.42, -9.36, 0.01, 34.60, 16.77);
insert into SHOT_FLAG values(8095, 'dpl');
insert into SHOT values (8096, 8003, 8032, 7236, 3.63, 81.70, -18.50, 3.63, 81.66, -18.45, 0.01, 49.90, 20.88);
insert into SHOT_FLAG values(8096, 'dpl');
insert into SHOT values (8097, 8003, 8033, 7236, 3.03, 79.10, -24.00, 3.03, 78.97, -23.93, 0.01, 16.09, 19.41);
insert into SHOT_FLAG values(8097, 'dpl');
insert into SHOT values (8098, 8003, 8034, 7236, 2.62, 79.80, -38.50, 2.62, 79.62, -38.44, 0.01, 15.95, 7.84);
insert into SHOT_FLAG values(8098, 'dpl');
insert into SHOT values (8099, 8003, 8035, 7236, 2.20, 85.60, -51.90, 2.20, 85.34, -51.94, 0.01, 329.29, 10.46);
insert into SHOT_FLAG values(8099, 'dpl');
insert into SHOT values (8100, 8003, 8036, 7236, 1.81, 90.30, -66.10, 1.80, 90.00, -66.13, 0.01, 319.35, 43.49);
insert into SHOT_FLAG values(8100, 'dpl');
insert into SHOT values (8101, 8002, 8037, 7236, 11.49, 291.90, -42.00, 11.49, 291.85, -41.95, 0.01, 236.98, 43.08);
insert into SHOT_FLAG values(8101, 'dpl');
insert into SHOT values (8102, 8037, 8038, 7236, 8.57, 243.90, 3.60, 8.57, 243.91, 3.55, 0.01, 17.77, -69.83);
insert into SHOT_FLAG values(8102, 'dpl');
insert into SHOT values (8103, 8037, 8039, 7236, 3.17, 48.90, 11.90, 3.17, 48.92, 11.83, 0.00, 70.40, -53.66);
insert into SHOT_FLAG values(8103, 'dpl');
insert into SHOT values (8104, 8037, 8040, 7236, 13.61, 321.30, 78.50, 13.60, 321.44, 78.50, 0.01, 69.96, -44.26);
insert into SHOT_FLAG values(8104, 'dpl');
insert into SHOT values (8105, 8037, 8041, 7236, 2.25, 344.80, -60.60, 2.25, 344.84, -60.51, 0.00, 354.39, 3.20);
insert into SHOT_FLAG values(8105, 'dpl');
insert into SHOT values (8106, 8037, 8042, 7236, 10.77, 248.70, 8.30, 10.77, 248.71, 8.27, 0.00, 327.56, -72.72);
insert into SHOT_FLAG values(8106, 'dpl');
insert into SHOT values (8107, 8037, 8043, 7236, 15.32, 355.40, 83.30, 15.32, 355.53, 83.27, 0.01, 21.82, -30.82);
insert into SHOT_FLAG values(8107, 'dpl');
insert into SHOT values (8108, 8037, 8044, 7236, 10.27, 48.20, 22.50, 10.28, 48.20, 22.48, 0.01, 49.41, -1.02);
insert into SHOT_FLAG values(8108, 'dpl');
insert into SHOT values (8109, 8037, 8045, 7236, 2.40, 44.30, -40.50, 2.41, 44.34, -40.42, 0.01, 54.36, -11.25);
insert into SHOT_FLAG values(8109, 'dpl');
insert into SHOT values (8110, 8037, 8046, 7236, 17.19, 358.80, -19.70, 17.19, 358.80, -19.72, 0.01, 252.90, -78.14);
insert into SHOT_FLAG values(8110, 'dpl');
insert into SHOT values (8111, 8046, 8047, 7236, 8.93, 86.10, -0.80, 8.93, 86.08, -0.77, 0.01, 29.98, 56.52);
insert into SHOT_FLAG values(8111, 'dpl');
insert into SHOT values (8112, 8046, 8048, 7236, 17.25, 359.00, 79.00, 17.25, 359.13, 78.97, 0.01, 39.45, -14.68);
insert into SHOT_FLAG values(8112, 'dpl');
insert into SHOT values (8113, 8046, 8049, 7236, 6.82, 104.20, -31.00, 6.82, 104.16, -30.97, 0.01, 34.14, 27.69);
insert into SHOT_FLAG values(8113, 'dpl');
insert into SHOT values (8114, 8046, 8050, 7236, 0.60, 279.50, 14.00, 0.60, 279.95, 14.53, 0.01, 46.98, 40.20);
insert into SHOT_FLAG values(8114, 'dpl');
insert into SHOT values (8115, 8046, 8051, 7236, 13.80, 45.50, -12.50, 13.81, 45.48, -12.51, 0.01, 3.90, -24.91);
insert into SHOT_FLAG values(8115, 'dpl');
insert into SHOT values (8116, 8051, 8052, 7236, 6.49, 289.30, 24.40, 6.49, 289.29, 24.50, 0.01, 112.87, 45.23);
insert into SHOT_FLAG values(8116, 'dpl');
insert into SHOT values (8117, 8051, 8053, 7236, 23.18, 320.10, 76.80, 23.18, 320.14, 76.81, 0.01, 97.92, 24.51);
insert into SHOT_FLAG values(8117, 'dpl');
insert into SHOT values (8118, 8051, 8054, 7236, 0.85, 85.40, 18.70, 0.86, 85.76, 19.02, 0.01, 121.48, 40.51);
insert into SHOT_FLAG values(8118, 'dpl');
insert into SHOT values (8119, 8051, 8055, 7236, 1.88, 4.10, -56.60, 1.87, 4.44, -56.49, 0.01, 110.58, 56.00);
insert into SHOT_FLAG values(8119, 'dpl');
insert into SHOT values (8120, 8051, 8056, 7236, 24.92, 295.70, 43.90, 24.92, 295.68, 43.91, 0.01, 181.18, 3.57);
insert into SHOT_FLAG values(8120, 'dpl');
insert into SHOT values (8121, 8051, 8057, 7236, 3.79, 69.00, 73.70, 3.79, 69.19, 73.62, 0.01, 99.88, 18.40);
insert into SHOT_FLAG values(8121, 'dpl');
insert into SHOT values (8122, 8051, 8058, 7236, 0.83, 80.40, 6.80, 0.84, 80.31, 6.85, 0.01, 70.90, 12.45);
insert into SHOT_FLAG values(8122, 'dpl');
insert into SHOT values (8123, 8051, 8059, 7236, 2.72, 317.60, -36.60, 2.72, 317.60, -36.62, 0.00, 136.02, 26.15);
insert into SHOT_FLAG values(8123, 'dpl');
insert into SHOT values (8124, 8051, 8060, 7236, 9.46, 6.70, -2.00, 9.46, 6.74, -2.00, 0.01, 87.30, 1.23);
insert into SHOT_FLAG values(8124, 'dpl');
insert into SHOT values (8125, 8060, 8061, 7236, 0.73, 284.10, 21.10, 0.73, 283.63, 21.68, 0.01, 174.81, 50.49);
insert into SHOT_FLAG values(8125, 'dpl');
insert into SHOT values (8126, 8060, 8062, 7236, 1.49, 74.40, 14.00, 1.49, 74.33, 14.00, 0.00, 296.01, -9.52);
insert into SHOT_FLAG values(8126, 'dpl');
insert into SHOT values (8127, 8060, 8063, 7236, 24.42, 318.20, 84.30, 24.42, 318.17, 84.29, 0.00, 299.60, 10.76);
insert into SHOT_FLAG values(8127, 'dpl');
insert into SHOT values (8128, 8060, 8064, 7236, 1.65, 60.10, -39.70, 1.65, 60.20, -39.64, 0.00, 190.66, 53.98);
insert into SHOT_FLAG values(8128, 'dpl');
insert into SHOT values (8129, 8060, 8065, 7236, 10.18, 275.20, 36.80, 10.18, 275.21, 36.80, 0.00, 299.99, 38.62);
insert into SHOT_FLAG values(8129, 'dpl');
insert into SHOT values (8130, 8060, 8066, 7236, 2.01, 68.80, 40.00, 2.01, 68.96, 40.31, 0.01, 219.15, 42.32);
insert into SHOT_FLAG values(8130, 'dpl');
insert into SHOT values (8131, 8060, 8067, 7236, 25.27, 3.20, 83.70, 25.27, 3.10, 83.70, 0.01, 285.60, 27.65);
insert into SHOT_FLAG values(8131, 'dpl');
insert into SHOT values (8132, 8060, 8068, 7236, 1.36, 81.90, -43.50, 1.35, 81.79, -43.50, 0.01, 278.53, 42.43);
insert into SHOT_FLAG values(8132, 'dpl');
insert into SHOT values (8133, 8060, 8069, 7236, 19.77, 346.50, 1.60, 19.77, 346.48, 1.62, 0.01, 226.46, 41.33);
insert into SHOT_FLAG values(8133, 'dpl');
insert into SHOT values (8134, 8069, 8070, 7236, 1.68, 256.70, 10.70, 1.67, 256.64, 10.68, 0.01, 92.08, -16.41);
insert into SHOT_FLAG values(8134, 'dpl');
insert into SHOT values (8135, 8069, 8071, 7236, 6.41, 69.60, 8.40, 6.41, 69.62, 8.34, 0.01, 93.34, -44.59);
insert into SHOT_FLAG values(8135, 'dpl');
insert into SHOT values (8136, 8069, 8072, 7236, 20.03, 316.60, 88.90, 20.02, 317.12, 88.91, 0.01, 81.69, -56.05);
insert into SHOT_FLAG values(8136, 'dpl');
insert into SHOT values (8137, 8069, 8073, 7236, 2.95, 209.10, -56.80, 2.95, 208.95, -56.88, 0.01, 75.78, -15.02);
insert into SHOT_FLAG values(8137, 'dpl');
insert into SHOT values (8138, 8069, 8074, 7236, 15.01, 342.10, 3.40, 15.01, 342.12, 3.40, 0.01, 72.13, -1.94);
insert into SHOT_FLAG values(8138, 'dpl');
insert into SHOT values (8139, 8069, 8075, 7236, 21.38, 350.20, -2.40, 21.38, 350.22, -2.41, 0.01, 85.54, -38.51);
insert into SHOT_FLAG values(8139, 'dpl');
insert into SHOT values (8140, 8075, 8076, 7236, 6.70, 96.10, 6.00, 6.69, 96.04, 6.00, 0.01, 325.39, -1.99);
insert into SHOT_FLAG values(8140, 'dpl');
insert into SHOT values (8141, 8075, 8077, 7236, 20.90, 76.70, 74.50, 20.90, 76.64, 74.51, 0.01, 312.99, 0.94);
insert into SHOT_FLAG values(8141, 'dpl');
insert into SHOT values (8142, 8075, 8078, 7236, 2.01, 80.40, -73.80, 2.01, 79.70, -73.85, 0.01, 335.75, 1.53);
insert into SHOT_FLAG values(8142, 'dpl');
insert into SHOT values (8143, 8075, 8079, 7236, 17.76, 90.70, 15.50, 17.76, 90.70, 15.51, 0.00, 251.86, 52.55);
insert into SHOT_FLAG values(8143, 'dpl');
insert into SHOT values (8144, 8075, 8080, 7236, 23.33, 72.10, 63.10, 23.33, 72.06, 63.11, 0.01, 322.83, 31.13);
insert into SHOT_FLAG values(8144, 'dpl');
insert into SHOT values (8145, 8075, 8081, 7236, 3.03, 86.00, -33.60, 3.03, 85.91, -33.62, 0.01, 31.23, -34.90);
insert into SHOT_FLAG values(8145, 'dpl');
insert into SHOT values (8146, 8075, 8082, 7236, 21.32, 18.50, 1.90, 21.32, 18.49, 1.91, 0.00, 336.93, 45.26);
insert into SHOT_FLAG values(8146, 'dpl');
insert into SHOT values (8147, 8082, 8083, 7236, 2.59, 280.10, -0.60, 2.59, 280.01, -0.66, 0.01, 183.79, -34.52);
insert into SHOT_FLAG values(8147, 'dpl');
insert into SHOT values (8148, 8082, 8084, 7236, 24.48, 91.40, 30.10, 24.48, 91.41, 30.11, 0.00, 225.35, 39.71);
insert into SHOT_FLAG values(8148, 'dpl');
insert into SHOT values (8149, 8082, 8085, 7236, 19.23, 117.10, 82.80, 19.23, 117.20, 82.81, 0.01, 249.61, 15.42);
insert into SHOT_FLAG values(8149, 'dpl');
insert into SHOT values (8150, 8082, 8086, 7236, 1.12, 286.10, -52.40, 1.12, 286.06, -52.34, 0.00, 278.17, -37.18);
insert into SHOT_FLAG values(8150, 'dpl');
insert into SHOT values (8151, 8082, 8087, 7236, 8.47, 15.80, 8.70, 8.47, 15.80, 8.69, 0.00, 4.86, -17.23);
insert into SHOT_FLAG values(8151, 'dpl');
insert into SHOT values (8152, 8087, 8088, 7236, 4.08, 117.20, 11.60, 4.08, 117.27, 11.60, 0.01, 236.33, -4.03);
insert into SHOT_FLAG values(8152, 'dpl');
insert into SHOT values (8153, 8087, 8089, 7236, 18.10, 119.90, 81.10, 18.10, 119.95, 81.09, 0.01, 149.02, -23.41);
insert into SHOT_FLAG values(8153, 'dpl');
insert into SHOT values (8154, 8087, 8090, 7236, 1.82, 182.40, -75.90, 1.83, 182.54, -75.72, 0.01, 191.56, -34.04);
insert into SHOT_FLAG values(8154, 'dpl');
insert into SHOT values (8155, 8087, 8091, 7236, 18.32, 114.20, 21.00, 18.32, 114.20, 20.99, 0.01, 350.47, -79.25);
insert into SHOT_FLAG values(8155, 'dpl');
insert into SHOT values (8156, 8087, 8092, 7236, 20.69, 97.20, 71.90, 20.69, 97.24, 71.89, 0.01, 147.45, 36.44);
insert into SHOT_FLAG values(8156, 'dpl');
insert into SHOT values (8157, 8087, 8093, 7236, 1.68, 131.40, -69.50, 1.68, 131.55, -69.47, 0.00, 235.31, 65.91);
insert into SHOT_FLAG values(8157, 'dpl');
insert into SHOT values (8158, 8087, 8094, 7236, 6.21, 76.30, 7.30, 6.21, 76.28, 7.31, 0.00, 284.67, 11.50);
insert into SHOT_FLAG values(8158, 'dpl');
insert into SHOT values (8159, 8094, 8095, 7236, 14.40, 336.80, 15.40, 14.40, 336.80, 15.38, 0.00, 250.06, -76.35);
insert into SHOT_FLAG values(8159, 'dpl');
insert into SHOT values (8160, 8094, 8096, 7236, 10.83, 127.90, 9.70, 10.84, 127.89, 9.67, 0.01, 110.59, -34.76);
insert into SHOT_FLAG values(8160, 'dpl');
insert into SHOT values (8161, 8094, 8097, 7236, 0.97, 149.50, -84.00, 0.98, 150.95, -83.94, 0.01, 208.98, -60.43);
insert into SHOT_FLAG values(8161, 'dpl');
insert into SHOT values (8162, 8094, 8098, 7236, 22.51, 56.60, 81.60, 22.51, 56.65, 81.59, 0.00, 91.95, 17.31);
insert into SHOT_FLAG values(8162, 'dpl');
insert into SHOT values (8163, 8094, 8099, 7236, 0.35, 319.30, 19.40, 0.34, 319.97, 18.62, 0.01, 93.05, -49.82);
insert into SHOT_FLAG values(8163, 'dpl');
insert into SHOT values (8164, 8094, 8100, 7236, 7.69, 115.70, -9.80, 7.69, 115.72, -9.80, 0.00, 154.42, -14.41);
insert into SHOT_FLAG values(8164, 'dpl');
insert into SHOT values (8165, 8094, 8101, 7236, 3.79, 57.40, -54.30, 3.79, 57.53, -54.26, 0.01, 102.87, -17.50);
insert into SHOT_FLAG values(8165, 'dpl');
insert into SHOT values (8166, 8094, 8102, 7236, 19.64, 72.60, 75.40, 19.64, 72.63, 75.38, 0.01, 94.31, -44.48);
insert into SHOT_FLAG values(8166, 'dpl');
insert into SHOT values (8167, 8094, 8103, 7236, 17.29, 31.00, -16.40, 17.29, 31.03, -16.40, 0.01, 135.53, 9.18);
insert into SHOT_FLAG values(8167, 'dpl');
insert into SHOT values (8168, 8103, 8104, 7236, 7.89, 255.80, 10.50, 7.89, 255.82, 10.45, 0.01, 15.36, -67.92);
insert into SHOT_FLAG values(8168, 'dpl');
insert into SHOT values (8169, 8103, 8105, 7236, 2.32, 84.40, 0.50, 2.31, 84.29, 0.50, 0.01, 292.25, -1.47);
insert into SHOT_FLAG values(8169, 'dpl');
insert into SHOT values (8170, 8103, 8106, 7236, 22.76, 146.90, 81.40, 22.76, 147.01, 81.41, 0.01, 277.36, -25.24);
insert into SHOT_FLAG values(8170, 'dpl');
insert into SHOT values (8171, 8103, 8107, 7236, 1.59, 15.90, -49.90, 1.60, 15.79, -49.86, 0.01, 353.45, -36.73);
insert into SHOT_FLAG values(8171, 'dpl');
insert into SHOT values (8172, 8103, 8108, 7236, 4.98, 98.60, -24.80, 4.98, 98.52, -24.82, 0.01, 0.93, -10.64);
insert into SHOT_FLAG values(8172, 'dpl');
insert into SHOT values (8173, 8103, 8109, 7236, 21.63, 283.50, 53.30, 21.63, 283.51, 53.29, 0.00, 347.18, -45.12);
insert into SHOT_FLAG values(8173, 'dpl');
insert into SHOT values (8174, 8103, 8110, 7236, 23.75, 160.60, 43.30, 23.74, 160.60, 43.29, 0.01, 338.48, -67.02);
insert into SHOT_FLAG values(8174, 'dpl');
insert into SHOT values (8175, 8103, 8111, 7236, 22.49, 157.70, 45.30, 22.48, 157.70, 45.30, 0.01, 336.14, -40.87);
insert into SHOT_FLAG values(8175, 'dpl');
insert into SHOT values (8176, 8103, 8112, 7236, 17.37, 0.60, 22.00, 17.37, 0.57, 21.97, 0.01, 303.38, -33.73);
insert into SHOT_FLAG values(8176, 'dpl');
insert into SHOT values (8177, 8113, 8112, 7236, 1.57, 155.30, -12.10, 1.57, 155.28, -12.17, 0.00, 342.46, -10.40);
insert into SHOT_FLAG values(8177, 'dpl');
insert into SHOT values (8178, 8113, 8114, 7236, 2.51, 56.50, 8.30, 2.51, 56.50, 8.25, 0.00, 233.02, -58.77);
insert into SHOT_FLAG values(8178, 'dpl');
insert into SHOT values (8179, 8113, 8115, 7236, 4.86, 62.40, 70.90, 4.87, 62.31, 70.91, 0.01, 12.04, 66.37);
insert into SHOT_FLAG values(8179, 'dpl');
insert into SHOT values (8180, 8113, 8116, 7236, 1.66, 54.90, -31.30, 1.66, 54.74, -31.19, 0.01, 353.98, 28.43);
insert into SHOT_FLAG values(8180, 'dpl');
insert into SHOT values (8181, 8113, 8117, 7236, 0.38, 0.40, -36.40, 0.38, 1.85, -35.35, 0.01, 62.19, 31.74);
insert into SHOT_FLAG values(8181, 'dpl');
insert into SHOT values (8182, 8113, 8118, 7236, 12.46, 5.50, -36.40, 12.46, 5.49, -36.39, 0.01, 203.76, 52.53);
insert into SHOT_FLAG values(8182, 'dpl');
insert into SHOT values (8183, 8118, 8119, 7236, 4.33, 261.60, 20.20, 4.33, 261.65, 20.14, 0.01, 1.28, -54.74);
insert into SHOT_FLAG values(8183, 'dpl');
insert into SHOT values (8184, 8118, 8120, 7236, 2.29, 67.10, 5.70, 2.29, 67.03, 5.76, 0.00, 15.46, 36.66);
insert into SHOT_FLAG values(8184, 'dpl');
insert into SHOT values (8185, 8118, 8121, 7236, 5.16, 323.80, 79.80, 5.16, 323.88, 79.78, 0.00, 352.86, 30.29);
insert into SHOT_FLAG values(8185, 'dpl');
insert into SHOT values (8186, 8118, 8122, 7236, 0.24, 146.80, -47.10, 0.24, 145.30, -48.70, 0.01, 4.63, -31.92);
insert into SHOT_FLAG values(8186, 'dpl');
insert into SHOT values (8187, 8118, 8123, 7236, 7.98, 326.00, -7.10, 7.98, 326.07, -7.13, 0.01, 58.39, -20.95);
insert into SHOT_FLAG values(8187, 'dpl');
insert into SHOT values (8188, 8123, 8124, 7236, 5.68, 285.50, 84.00, 5.68, 285.42, 83.92, 0.01, 279.62, 7.95);
insert into SHOT_FLAG values(8188, 'dpl');
insert into SHOT values (8189, 8123, 8125, 7236, 0.90, 148.60, -37.70, 0.90, 148.76, -37.63, 0.00, 204.84, 8.84);
insert into SHOT_FLAG values(8189, 'dpl');
insert into SHOT values (8190, 8123, 8126, 7236, 2.11, 290.50, -16.70, 2.12, 290.49, -16.48, 0.01, 287.71, 40.83);
insert into SHOT_FLAG values(8190, 'dpl');
insert into SHOT values (8191, 8123, 8127, 7236, 2.87, 96.90, 0.60, 2.87, 97.00, 0.60, 0.01, 169.78, -0.58);
insert into SHOT_FLAG values(8191, 'dpl');
insert into SHOT values (8192, 8123, 8128, 7236, 2.23, 83.10, 35.70, 2.22, 82.99, 35.79, 0.01, 287.30, -8.99);
insert into SHOT_FLAG values(8192, 'dpl');
insert into SHOT values (8193, 8123, 8129, 7236, 1.52, 317.30, -87.90, 1.52, 315.00, -87.87, 0.00, 247.26, -22.91);
insert into SHOT_FLAG values(8193, 'dpl');
insert into SHOT values (8194, 8123, 8130, 7236, 16.48, 32.50, -5.60, 16.48, 32.50, -5.61, 0.00, 221.49, -26.49);
insert into SHOT_FLAG values(8194, 'dpl');
insert into SHOT values (8195, 8130, 8131, 7236, 16.47, 32.50, -5.60, 16.48, 32.50, -5.57, 0.01, 27.30, 48.58);
insert into SHOT_FLAG values(8195, 'dpl');
insert into SHOT values (8196, 8130, 8132, 7236, 5.79, 287.00, 1.20, 5.79, 286.96, 1.29, 0.01, 239.69, 60.85);
insert into SHOT_FLAG values(8196, 'dpl');
insert into SHOT values (8197, 8130, 8133, 7236, 2.23, 5.30, 88.50, 2.23, 0.00, 88.46, 0.01, 289.17, 7.62);
insert into SHOT_FLAG values(8197, 'dpl');
insert into SHOT values (8198, 8130, 8134, 7236, 0.66, 234.40, -77.20, 0.66, 236.31, -77.30, 0.01, 347.80, 34.49);
insert into SHOT_FLAG values(8198, 'dpl');
insert into SHOT values (8199, 8130, 8135, 7236, 5.99, 283.50, 8.60, 5.99, 283.47, 8.64, 0.01, 200.78, 56.85);
insert into SHOT_FLAG values(8199, 'dpl');
insert into SHOT values (8200, 8130, 8136, 7236, 2.26, 29.70, 83.20, 2.27, 29.48, 83.30, 0.01, 226.62, 58.94);
insert into SHOT_FLAG values(8200, 'dpl');
insert into SHOT values (8201, 8130, 8137, 7236, 1.19, 231.80, -74.30, 1.18, 231.34, -74.31, 0.01, 105.77, 60.45);
insert into SHOT_FLAG values(8201, 'dpl');
insert into SHOT values (8202, 8130, 8138, 7236, 6.20, 332.60, -29.20, 6.20, 332.63, -29.14, 0.01, 7.41, 42.95);
insert into SHOT_FLAG values(8202, 'dpl');
insert into SHOT values (8203, 8138, 8139, 7236, 4.64, 259.20, 3.50, 4.64, 259.18, 3.46, 0.00, 197.58, -55.09);
insert into SHOT_FLAG values(8203, 'dpl');
insert into SHOT values (8204, 8138, 8140, 7236, 5.51, 92.80, 1.80, 5.51, 92.81, 1.77, 0.00, 216.04, -68.67);
insert into SHOT_FLAG values(8204, 'dpl');
insert into SHOT values (8205, 8138, 8141, 7236, 10.74, 353.40, 69.60, 10.74, 353.41, 69.60, 0.00, 14.01, 71.79);
insert into SHOT_FLAG values(8205, 'dpl');
insert into SHOT values (8206, 8138, 8142, 7236, 1.35, 61.00, -40.00, 1.35, 60.95, -40.20, 0.01, 253.05, -25.45);
insert into SHOT_FLAG values(8206, 'dpl');
insert into SHOT values (8207, 8138, 8143, 7236, 24.51, 351.40, 8.20, 24.50, 351.39, 8.21, 0.01, 199.53, 30.54);
insert into SHOT_FLAG values(8207, 'dpl');
insert into SHOT values (8208, 8138, 8144, 7236, 20.01, 352.60, 15.40, 20.01, 352.58, 15.39, 0.01, 260.71, -34.96);
insert into SHOT_FLAG values(8208, 'dpl');
insert into SHOT values (8209, 8138, 8145, 7236, 16.61, 353.70, 25.50, 16.61, 353.68, 25.50, 0.01, 253.91, -8.85);
insert into SHOT_FLAG values(8209, 'dpl');
insert into SHOT values (8210, 8138, 8146, 7236, 13.07, 357.50, 35.70, 13.07, 357.52, 35.72, 0.01, 142.18, 32.73);
insert into SHOT_FLAG values(8210, 'dpl');
insert into SHOT values (8211, 8138, 8147, 7236, 11.90, 356.60, 46.20, 11.90, 356.59, 46.21, 0.00, 217.20, 22.69);
insert into SHOT_FLAG values(8211, 'dpl');
insert into SHOT values (8212, 8138, 8148, 7236, 16.07, 356.30, 53.50, 16.07, 356.28, 53.50, 0.00, 289.61, 31.15);
insert into SHOT_FLAG values(8212, 'dpl');
insert into SHOT values (8213, 8138, 8149, 7236, 15.61, 356.50, 62.80, 15.61, 356.46, 62.80, 0.01, 245.67, -38.12);
insert into SHOT_FLAG values(8213, 'dpl');
insert into SHOT values (8214, 8138, 8150, 7236, 11.16, 0.10, 68.50, 11.16, 0.14, 68.49, 0.00, 92.95, -50.37);
insert into SHOT_FLAG values(8214, 'dpl');
insert into SHOT values (8215, 8138, 8151, 7236, 6.05, 358.90, 73.90, 6.05, 358.97, 73.96, 0.01, 163.48, -19.26);
insert into SHOT_FLAG values(8215, 'dpl');
insert into SHOT values (8216, 8138, 8152, 7236, 5.19, 353.90, 80.00, 5.19, 353.59, 80.06, 0.01, 214.61, -8.79);
insert into SHOT_FLAG values(8216, 'dpl');
insert into SHOT values (8217, 8138, 8153, 7236, 4.61, 267.40, 86.20, 4.61, 266.31, 86.14, 0.01, 217.97, 0.99);
insert into SHOT_FLAG values(8217, 'dpl');
insert into SHOT values (8218, 8138, 8154, 7236, 4.70, 206.10, 72.30, 4.70, 206.03, 72.23, 0.01, 191.27, 19.87);
insert into SHOT_FLAG values(8218, 'dpl');
insert into SHOT values (8219, 8138, 8155, 7236, 5.40, 228.30, 52.30, 5.40, 228.31, 52.24, 0.01, 233.69, -25.44);
insert into SHOT_FLAG values(8219, 'dpl');
insert into SHOT values (8220, 8138, 8156, 7236, 2.33, 232.30, 46.90, 2.33, 232.13, 46.80, 0.01, 183.12, -11.22);
insert into SHOT_FLAG values(8220, 'dpl');
insert into SHOT values (8221, 8138, 8157, 7236, 1.93, 226.40, 32.60, 1.93, 226.49, 32.59, 0.00, 296.61, 3.47);
insert into SHOT_FLAG values(8221, 'dpl');
insert into SHOT values (8222, 8138, 8158, 7236, 1.71, 224.20, 14.60, 1.72, 224.27, 14.51, 0.01, 239.96, -8.07);
insert into SHOT_FLAG values(8222, 'dpl');
insert into SHOT values (8223, 8138, 8159, 7236, 4.44, 135.60, 88.00, 4.44, 135.00, 87.99, 0.00, 65.86, 57.30);
insert into SHOT_FLAG values(8223, 'dpl');
insert into SHOT values (8224, 8138, 8160, 7236, 23.02, 352.90, 11.00, 23.02, 352.91, 11.00, 0.01, 141.30, -26.57);
insert into SHOT_FLAG values(8224, 'dpl');
insert into SHOT values (8225, 8161, 8138, 7236, 32.52, 246.70, -1.40, 32.52, 246.70, -1.39, 0.00, 236.04, 74.55);
insert into SHOT_FLAG values(8225, 'dpl');
insert into SHOT values (8226, 8162, 8163, 7236, 31.51, 196.50, -2.30, 31.51, 196.50, -2.31, 0.01, 132.39, -62.28);
insert into SHOT_FLAG values(8226, 'dpl');
insert into SHOT values (8227, 8164, 8163, 7236, 37.74, 259.20, -1.00, 37.74, 259.20, -1.00, 0.00, 279.55, -17.84);
insert into SHOT_FLAG values(8227, 'dpl');
insert into SHOT values (8228, 8164, 8165, 7236, 34.89, 72.60, -0.20, 34.89, 72.60, -0.20, 0.01, 223.06, 20.64);
insert into SHOT_FLAG values(8228, 'dpl');
insert into SHOT values (8229, 8165, 8138, 7236, 20.99, 155.10, -4.70, 20.99, 155.09, -4.70, 0.01, 24.23, -1.20);
insert into SHOT_FLAG values(8229, 'dpl');
insert into SURVEY values (7238, 68, 'af_leap_in_time', 'af_leap_in_time.clearwater_master', NULL);
 insert into CENTRELINE values (7239, 7238, NULL, NULL, NULL, 0.00, 0.00, 0.00);
 insert into CENTRELINE values (7240, 7238, NULL, '2017-04-23', NULL, 0.00, 0.00, 844.09);
 insert into SHOT values (8230, 8166, 8167, 7240, 0.13, 210.30, 2.00, 0.13, 212.47, 0.00, 0.01, 296.02, -42.49);
insert into SHOT_FLAG values(8230, 'dpl');
insert into SHOT values (8231, 8166, 8168, 7240, 0.14, 342.50, 6.90, 0.14, 338.96, 4.11, 0.01, 252.72, -38.43);
insert into SHOT_FLAG values(8231, 'dpl');
insert into SHOT values (8232, 8166, 8169, 7240, 4.75, 131.20, 16.50, 4.75, 131.26, 16.53, 0.01, 269.42, 7.77);
insert into SHOT_FLAG values(8232, 'dpl');
insert into SHOT values (8233, 8166, 8170, 7240, 6.22, 299.90, 4.10, 6.22, 299.87, 4.06, 0.01, 212.62, -56.19);
insert into SHOT_FLAG values(8233, 'dpl');
insert into SHOT values (8234, 8166, 8171, 7240, 6.38, 262.70, 83.80, 6.38, 262.57, 83.74, 0.01, 249.51, -20.99);
insert into SHOT_FLAG values(8234, 'dpl');
insert into SHOT values (8235, 8166, 8172, 7240, 1.75, 214.70, -62.70, 1.76, 214.88, -62.72, 0.01, 267.82, -57.97);
insert into SHOT_FLAG values(8235, 'dpl');
insert into SHOT values (8236, 8166, 8173, 7240, 10.71, 336.30, -2.10, 10.71, 336.26, -2.14, 0.01, 268.86, -43.21);
insert into SHOT_FLAG values(8236, 'dpl');
insert into SHOT values (8237, 8166, 8174, 7240, 16.12, 338.30, -4.60, 16.12, 338.27, -4.62, 0.01, 274.04, -38.94);
insert into SHOT_FLAG values(8237, 'dpl');
insert into SHOT values (8238, 8166, 8175, 7240, 20.61, 354.70, 2.50, 20.61, 354.68, 2.50, 0.01, 253.71, 6.83);
insert into SHOT_FLAG values(8238, 'dpl');
insert into SHOT values (8239, 8166, 8176, 7240, 24.53, 122.60, 41.00, 24.52, 122.60, 41.01, 0.01, 303.99, -22.24);
insert into SHOT_FLAG values(8239, 'dpl');
insert into SHOT values (8240, 8166, 8177, 7240, 11.95, 136.70, 39.30, 11.95, 136.71, 39.31, 0.00, 269.97, 28.42);
insert into SHOT_FLAG values(8240, 'dpl');
insert into SHOT values (8241, 8166, 8178, 7240, 10.47, 114.90, 41.70, 10.47, 114.89, 41.68, 0.01, 334.97, -73.12);
insert into SHOT_FLAG values(8241, 'dpl');
insert into SHOT values (8242, 8166, 8179, 7240, 14.25, 215.20, 0.90, 14.25, 215.23, 0.88, 0.01, 292.78, -27.26);
insert into SHOT_FLAG values(8242, 'dpl');
insert into SHOT values (8243, 8179, 8180, 7240, 9.02, 120.10, 26.90, 9.02, 120.13, 26.88, 0.01, 173.07, -9.28);
insert into SHOT_FLAG values(8243, 'dpl');
insert into SHOT values (8244, 8179, 8181, 7240, 6.59, 102.10, 84.30, 6.59, 102.34, 84.30, 0.00, 179.51, 42.69);
insert into SHOT_FLAG values(8244, 'dpl');
insert into SHOT values (8245, 8179, 8182, 7240, 7.66, 289.30, 7.90, 7.66, 289.32, 7.88, 0.00, 21.55, -48.96);
insert into SHOT_FLAG values(8245, 'dpl');
insert into SHOT values (8246, 8179, 8183, 7240, 2.17, 235.50, -51.00, 2.17, 235.49, -51.19, 0.01, 57.29, -29.03);
insert into SHOT_FLAG values(8246, 'dpl');
insert into SHOT values (8247, 8179, 8184, 7240, 19.13, 202.10, 8.90, 19.13, 202.13, 8.84, 0.02, 276.54, -64.04);
insert into SHOT_FLAG values(8247, 'dpl');
insert into SHOT values (8248, 8179, 8184, 7240, 19.13, 202.20, 8.80, 19.13, 202.13, 8.84, 0.03, 105.99, 29.21);
insert into SHOT_FLAG values(8248, 'dpl');
insert into SHOT values (8249, 8179, 8185, 7240, 19.13, 202.20, 8.80, 19.13, 202.20, 8.81, 0.01, 41.44, 36.65);
insert into SHOT_FLAG values(8249, 'dpl');
insert into SHOT values (8250, 8184, 8186, 7240, 10.28, 292.80, 8.80, 10.29, 292.81, 8.84, 0.01, 303.95, 51.60);
insert into SHOT_FLAG values(8250, 'dpl');
insert into SHOT values (8251, 8184, 8187, 7240, 5.74, 185.00, 85.70, 5.75, 185.31, 85.69, 0.01, 243.16, 65.62);
insert into SHOT_FLAG values(8251, 'dpl');
insert into SHOT values (8252, 8184, 8188, 7240, 4.32, 118.60, 13.00, 4.31, 118.58, 13.00, 0.01, 311.08, -13.36);
insert into SHOT_FLAG values(8252, 'dpl');
insert into SHOT values (8253, 8184, 8189, 7240, 1.39, 238.50, -59.00, 1.39, 238.76, -59.06, 0.00, 5.74, 19.73);
insert into SHOT_FLAG values(8253, 'dpl');
insert into SHOT values (8254, 8184, 8190, 7240, 15.93, 121.70, 43.50, 15.93, 121.70, 43.52, 0.01, 326.05, 62.63);
insert into SHOT_FLAG values(8254, 'dpl');
insert into SHOT values (8255, 8184, 8191, 7240, 10.46, 203.10, 16.80, 10.46, 203.11, 16.84, 0.01, 297.80, 77.60);
insert into SHOT_FLAG values(8255, 'dpl');
insert into SHOT values (8256, 8191, 8192, 7240, 6.69, 136.50, 36.10, 6.69, 136.50, 36.09, 0.00, 318.37, -52.84);
insert into SHOT_FLAG values(8256, 'dpl');
insert into SHOT values (8257, 8191, 8193, 7240, 15.87, 297.80, -9.10, 15.87, 297.81, -9.10, 0.00, 45.18, -0.79);
insert into SHOT_FLAG values(8257, 'dpl');
insert into SHOT values (8258, 8191, 8194, 7240, 5.23, 221.20, 80.80, 5.23, 221.12, 80.79, 0.00, 137.28, -67.05);
insert into SHOT_FLAG values(8258, 'dpl');
insert into SHOT values (8259, 8191, 8195, 7240, 9.47, 268.70, -40.30, 9.47, 268.73, -40.33, 0.01, 8.98, -51.44);
insert into SHOT_FLAG values(8259, 'dpl');
insert into SHOT values (8260, 8191, 8196, 7240, 14.53, 268.60, -22.20, 14.53, 268.59, -22.20, 0.00, 220.30, 0.88);
insert into SHOT_FLAG values(8260, 'dpl');
insert into SHOT values (8261, 8196, 8197, 7240, 15.45, 141.60, 23.80, 15.45, 141.61, 23.78, 0.01, 201.18, -70.12);
insert into SHOT_FLAG values(8261, 'dpl');
insert into SHOT values (8262, 8196, 8198, 7240, 4.91, 190.50, 80.10, 4.90, 190.91, 80.07, 0.01, 270.34, -48.18);
insert into SHOT_FLAG values(8262, 'dpl');
insert into SHOT values (8263, 8196, 8199, 7240, 4.86, 307.70, -5.90, 4.87, 307.70, -5.90, 0.01, 306.54, -3.92);
insert into SHOT_FLAG values(8263, 'dpl');
insert into SHOT values (8264, 8196, 8200, 7240, 0.54, 192.40, -62.10, 0.54, 194.04, -62.73, 0.01, 319.78, -17.29);
insert into SHOT_FLAG values(8264, 'dpl');
insert into SHOT values (8265, 8196, 8201, 7240, 41.03, 161.10, 30.30, 41.02, 161.10, 30.30, 0.01, 317.14, -6.20);
insert into SHOT_FLAG values(8265, 'dpl');
insert into SHOT values (8266, 8196, 8202, 7240, 21.67, 217.40, -2.90, 21.67, 217.42, -2.91, 0.01, 300.17, -32.16);
insert into SHOT_FLAG values(8266, 'dpl');
insert into SHOT values (8267, 8202, 8203, 7240, 3.99, 309.50, 4.30, 3.99, 309.49, 4.31, 0.00, 171.85, 45.64);
insert into SHOT_FLAG values(8267, 'dpl');
insert into SHOT values (8268, 8202, 8204, 7240, 5.44, 175.00, 81.60, 5.44, 174.94, 81.61, 0.00, 23.87, -41.99);
insert into SHOT_FLAG values(8268, 'dpl');
insert into SHOT values (8269, 8202, 8205, 7240, 15.87, 131.80, 29.50, 15.87, 131.80, 29.48, 0.01, 138.58, -45.65);
insert into SHOT_FLAG values(8269, 'dpl');
insert into SHOT values (8270, 8202, 8206, 7240, 1.12, 119.40, -67.40, 1.12, 118.93, -67.14, 0.01, 75.59, 37.63);
insert into SHOT_FLAG values(8270, 'dpl');
insert into SHOT values (8271, 8202, 8207, 7240, 22.38, 212.10, 1.50, 22.37, 212.08, 1.51, 0.01, 76.37, 25.11);
insert into SHOT_FLAG values(8271, 'dpl');
insert into SHOT values (8272, 8207, 8208, 7240, 26.98, 116.10, 34.60, 26.98, 116.10, 34.60, 0.00, 274.23, -6.72);
insert into SHOT_FLAG values(8272, 'dpl');
insert into SHOT values (8273, 8207, 8209, 7240, 6.62, 284.50, 5.60, 6.62, 284.50, 5.55, 0.01, 285.23, -75.93);
insert into SHOT_FLAG values(8273, 'dpl');
insert into SHOT values (8274, 8207, 8210, 7240, 1.57, 256.00, -59.10, 1.58, 255.79, -58.88, 0.01, 237.24, -17.24);
insert into SHOT_FLAG values(8274, 'dpl');
insert into SHOT values (8275, 8207, 8211, 7240, 5.02, 184.70, 80.80, 5.01, 185.00, 80.78, 0.01, 268.71, -52.01);
insert into SHOT_FLAG values(8275, 'dpl');
insert into SHOT values (8276, 8207, 8212, 7240, 29.17, 210.50, 4.90, 29.17, 210.52, 4.90, 0.01, 281.45, -9.73);
insert into SHOT_FLAG values(8276, 'dpl');
insert into SHOT values (8277, 8212, 8213, 7240, 29.12, 210.50, 4.80, 29.12, 210.48, 4.79, 0.01, 133.75, -32.20);
insert into SHOT_FLAG values(8277, 'dpl');
insert into SHOT values (8278, 8212, 8214, 7240, 11.20, 115.60, 2.80, 11.20, 115.63, 2.76, 0.01, 166.55, -47.17);
insert into SHOT_FLAG values(8278, 'dpl');
insert into SHOT values (8279, 8212, 8215, 7240, 4.71, 263.00, 16.30, 4.70, 262.87, 16.30, 0.01, 142.39, -9.62);
insert into SHOT_FLAG values(8279, 'dpl');
insert into SHOT values (8280, 8212, 8216, 7240, 4.46, 222.30, 81.10, 4.45, 221.50, 81.03, 0.01, 155.56, -30.73);
insert into SHOT_FLAG values(8280, 'dpl');
insert into SHOT values (8281, 8212, 8217, 7240, 7.85, 109.60, -30.50, 7.86, 109.59, -30.51, 0.01, 97.55, -35.41);
insert into SHOT_FLAG values(8281, 'dpl');
insert into SHOT values (8282, 8212, 8218, 7240, 12.23, 205.40, -0.10, 12.23, 205.37, -0.09, 0.01, 110.77, 12.10);
insert into SHOT_FLAG values(8282, 'dpl');
insert into SHOT values (8283, 8218, 8219, 7240, 6.28, 298.30, 4.60, 6.28, 298.33, 4.57, 0.00, 34.42, -52.43);
insert into SHOT_FLAG values(8283, 'dpl');
insert into SHOT values (8284, 8218, 8220, 7240, 4.66, 226.30, 77.20, 4.66, 226.17, 77.10, 0.01, 208.15, -28.83);
insert into SHOT_FLAG values(8284, 'dpl');
insert into SHOT values (8285, 8218, 8221, 7240, 13.76, 133.10, 2.50, 13.77, 133.11, 2.50, 0.01, 160.39, -1.54);
insert into SHOT_FLAG values(8285, 'dpl');
insert into SHOT values (8286, 8218, 8222, 7240, 3.93, 166.80, -43.10, 3.94, 166.93, -43.10, 0.01, 219.96, -30.02);
insert into SHOT_FLAG values(8286, 'dpl');
insert into SHOT values (8287, 8218, 8223, 7240, 26.55, 234.30, -6.30, 26.55, 234.30, -6.31, 0.01, 131.68, -82.89);
insert into SHOT_FLAG values(8287, 'dpl');
insert into SHOT values (8288, 8223, 8224, 7240, 6.33, 320.00, -4.60, 6.33, 319.95, -4.62, 0.01, 231.07, -23.14);
insert into SHOT_FLAG values(8288, 'dpl');
insert into SHOT values (8289, 8223, 8225, 7240, 5.52, 213.00, 81.20, 5.53, 212.94, 81.19, 0.01, 182.03, 70.54);
insert into SHOT_FLAG values(8289, 'dpl');
insert into SHOT values (8290, 8223, 8226, 7240, 21.38, 142.30, 16.30, 21.38, 142.30, 16.30, 0.00, 163.32, -9.91);
insert into SHOT_FLAG values(8290, 'dpl');
insert into SHOT values (8291, 8223, 8227, 7240, 2.30, 216.20, -56.70, 2.30, 216.33, -56.60, 0.00, 256.53, 28.56);
insert into SHOT_FLAG values(8291, 'dpl');
insert into SHOT values (8292, 8223, 8228, 7240, 24.13, 233.30, -6.20, 24.14, 233.30, -6.18, 0.01, 239.95, 39.55);
insert into SHOT_FLAG values(8292, 'dpl');
insert into SHOT values (8293, 8228, 8229, 7240, 8.61, 166.80, 77.50, 8.60, 166.64, 77.51, 0.01, 45.98, -43.62);
insert into SHOT_FLAG values(8293, 'dpl');
insert into SHOT values (8294, 8228, 8230, 7240, 1.07, 140.70, -59.40, 1.07, 140.19, -59.28, 0.01, 73.44, 10.76);
insert into SHOT_FLAG values(8294, 'dpl');
insert into SHOT values (8295, 8228, 8231, 7240, 19.69, 226.00, 6.30, 19.68, 225.99, 6.30, 0.01, 57.71, -3.91);
insert into SHOT_FLAG values(8295, 'dpl');
insert into SHOT values (8296, 8231, 8232, 7240, 0.88, 296.60, 5.50, 0.88, 296.27, 5.19, 0.01, 251.88, -31.39);
insert into SHOT_FLAG values(8296, 'dpl');
insert into SHOT values (8297, 8231, 8233, 7240, 5.06, 126.40, 79.30, 5.06, 126.75, 79.33, 0.01, 247.97, -16.87);
insert into SHOT_FLAG values(8297, 'dpl');
insert into SHOT values (8298, 8231, 8234, 7240, 2.73, 96.30, -62.10, 2.74, 96.29, -62.17, 0.01, 55.94, -87.49);
insert into SHOT_FLAG values(8298, 'dpl');
insert into SHOT values (8299, 8231, 8235, 7240, 10.25, 134.00, 4.20, 10.25, 134.01, 4.20, 0.00, 288.17, -10.84);
insert into SHOT_FLAG values(8299, 'dpl');
insert into SHOT values (8300, 8235, 8236, 7240, 20.52, 77.60, 19.30, 20.51, 77.62, 19.30, 0.01, 209.85, -12.08);
insert into SHOT_FLAG values(8300, 'dpl');
insert into SHOT values (8301, 8235, 8237, 7240, 6.98, 30.90, 72.70, 6.98, 31.01, 72.68, 0.01, 104.72, -45.26);
insert into SHOT_FLAG values(8301, 'dpl');
insert into SHOT values (8302, 8235, 8238, 7240, 10.61, 274.50, 7.70, 10.61, 274.47, 7.69, 0.01, 158.78, -16.72);
insert into SHOT_FLAG values(8302, 'dpl');
insert into SHOT values (8303, 8235, 8239, 7240, 1.67, 10.30, -66.80, 1.67, 10.62, -67.08, 0.01, 161.98, -33.37);
insert into SHOT_FLAG values(8303, 'dpl');
insert into SHOT values (8304, 8235, 8240, 7240, 28.34, 123.40, 7.10, 28.35, 123.41, 7.09, 0.01, 168.48, -17.32);
insert into SHOT_FLAG values(8304, 'dpl');
insert into SHOT values (8305, 8235, 8241, 7240, 24.92, 130.80, 7.50, 24.92, 130.82, 7.49, 0.01, 205.79, -21.94);
insert into SHOT_FLAG values(8305, 'dpl');
insert into SHOT values (8306, 8235, 8242, 7240, 22.25, 140.20, 8.50, 22.26, 140.20, 8.50, 0.01, 130.84, 13.20);
insert into SHOT_FLAG values(8306, 'dpl');
insert into SHOT values (8307, 8235, 8243, 7240, 11.12, 166.90, 13.90, 11.13, 166.89, 13.88, 0.01, 152.26, -10.24);
insert into SHOT_FLAG values(8307, 'dpl');
insert into SHOT values (8308, 8235, 8244, 7240, 15.95, 175.60, 29.30, 15.95, 175.59, 29.28, 0.01, 117.38, -60.17);
insert into SHOT_FLAG values(8308, 'dpl');
insert into SHOT values (8309, 8244, 8245, 7240, 0.70, 298.10, -2.30, 0.70, 298.02, -1.63, 0.01, 280.49, 69.29);
insert into SHOT_FLAG values(8309, 'dpl');
insert into SHOT values (8310, 8244, 8246, 7240, 1.43, 246.30, -81.50, 1.43, 245.77, -81.16, 0.01, 232.03, 27.65);
insert into SHOT_FLAG values(8310, 'dpl');
insert into SHOT values (8311, 8244, 8247, 7240, 0.90, 293.30, 59.40, 0.90, 293.20, 59.64, 0.01, 147.47, 74.89);
insert into SHOT_FLAG values(8311, 'dpl');
insert into SHOT values (8312, 8244, 8248, 7240, 0.37, 142.30, 14.70, 0.38, 142.82, 15.36, 0.01, 170.51, 41.42);
insert into SHOT_FLAG values(8312, 'dpl');
insert into SHOT values (8313, 8244, 8249, 7240, 11.44, 219.40, -4.00, 11.44, 219.42, -3.96, 0.01, 257.08, 50.80);
insert into SHOT_FLAG values(8313, 'dpl');
insert into SHOT values (8314, 8249, 8250, 7240, 6.85, 116.40, 11.20, 6.85, 116.41, 11.19, 0.00, 151.46, -11.14);
insert into SHOT_FLAG values(8314, 'dpl');
insert into SHOT values (8315, 8249, 8251, 7240, 2.66, 297.40, 86.10, 2.66, 296.57, 86.14, 0.01, 169.16, -49.16);
insert into SHOT_FLAG values(8315, 'dpl');
insert into SHOT values (8316, 8249, 8252, 7240, 5.78, 290.90, -1.10, 5.78, 290.88, -1.19, 0.01, 219.56, -77.34);
insert into SHOT_FLAG values(8316, 'dpl');
insert into SHOT values (8317, 8249, 8253, 7240, 1.29, 276.80, -65.40, 1.29, 276.46, -65.68, 0.01, 138.01, -55.77);
insert into SHOT_FLAG values(8317, 'dpl');
insert into SHOT values (8318, 8249, 8254, 7240, 21.50, 240.40, -12.80, 21.50, 240.39, -12.82, 0.01, 185.78, -58.08);
insert into SHOT_FLAG values(8318, 'dpl');
insert into SHOT values (8319, 8249, 8255, 7240, 21.25, 240.80, -14.20, 21.25, 240.80, -14.22, 0.01, 84.79, -68.59);
insert into SHOT_FLAG values(8319, 'dpl');
insert into SHOT values (8320, 8255, 8256, 7240, 15.74, 179.40, 12.60, 15.74, 179.40, 12.62, 0.01, 275.84, 82.37);
insert into SHOT_FLAG values(8320, 'dpl');
insert into SHOT values (8321, 8256, 8257, 7240, 2.98, 311.60, 79.70, 2.98, 311.19, 79.72, 0.00, 202.41, -25.93);
insert into SHOT_FLAG values(8321, 'dpl');
insert into SHOT values (8322, 8256, 8258, 7240, 4.54, 154.00, 45.50, 4.54, 153.92, 45.41, 0.01, 89.12, -58.25);
insert into SHOT_FLAG values(8322, 'dpl');
insert into SHOT values (8323, 8256, 8259, 7240, 5.07, 308.70, 8.90, 5.07, 308.68, 8.85, 0.00, 205.32, -65.40);
insert into SHOT_FLAG values(8323, 'dpl');
insert into SHOT values (8324, 8256, 8260, 7240, 2.31, 293.00, -37.70, 2.31, 292.91, -37.90, 0.01, 149.64, -56.88);
insert into SHOT_FLAG values(8324, 'dpl');
insert into SHOT values (8325, 8256, 8261, 7240, 16.02, 271.50, -17.40, 16.02, 271.50, -17.40, 0.00, 95.58, 20.44);
insert into SHOT_FLAG values(8325, 'dpl');
insert into SHOT values (8326, 8261, 8262, 7240, 16.77, 267.90, -29.90, 16.77, 267.91, -29.90, 0.00, 325.00, -6.20);
insert into SHOT_FLAG values(8326, 'dpl');
insert into SHOT values (8327, 8261, 8263, 7240, 1.20, 292.80, 75.20, 1.20, 293.20, 75.29, 0.00, 64.85, -3.77);
insert into SHOT_FLAG values(8327, 'dpl');
insert into SHOT values (8328, 8261, 8264, 7240, 1.31, 9.40, -25.00, 1.31, 9.22, -25.29, 0.01, 251.34, -57.06);
insert into SHOT_FLAG values(8328, 'dpl');
insert into SHOT values (8329, 8261, 8265, 7240, 23.43, 169.10, 18.60, 23.43, 169.10, 18.59, 0.01, 168.40, -35.52);
insert into SHOT_FLAG values(8329, 'dpl');
insert into SHOT values (8330, 8261, 8266, 7240, 25.59, 170.20, 20.50, 25.59, 170.20, 20.50, 0.00, 151.79, -78.53);
insert into SHOT_FLAG values(8330, 'dpl');
insert into SHOT values (8331, 8261, 8267, 7240, 2.09, 173.00, -56.20, 2.10, 173.12, -56.12, 0.01, 195.73, -27.45);
insert into SHOT_FLAG values(8331, 'dpl');
insert into SHOT values (8332, 8262, 8268, 7240, 12.52, 261.70, -25.30, 12.52, 261.67, -25.30, 0.01, 174.73, 4.92);
insert into SHOT_FLAG values(8332, 'dpl');
insert into SHOT values (8333, 8268, 8269, 7240, 4.95, 310.80, -6.60, 4.95, 310.79, -6.62, 0.00, 142.58, -15.71);
insert into SHOT_FLAG values(8333, 'dpl');
insert into SHOT values (8334, 8268, 8270, 7240, 3.36, 251.80, 80.80, 3.35, 251.57, 80.77, 0.01, 171.63, -71.73);
insert into SHOT_FLAG values(8334, 'dpl');
insert into SHOT values (8335, 8268, 8271, 7240, 0.73, 194.90, -49.90, 0.73, 194.93, -50.25, 0.00, 11.64, -19.69);
insert into SHOT_FLAG values(8335, 'dpl');
insert into SHOT values (8336, 8268, 8272, 7240, 16.16, 152.90, 35.40, 16.15, 152.89, 35.41, 0.01, 354.11, -10.59);
insert into SHOT_FLAG values(8336, 'dpl');
insert into SHOT values (8337, 8268, 8273, 7240, 16.67, 248.90, -14.40, 16.67, 248.90, -14.42, 0.01, 55.02, -43.63);
insert into SHOT_FLAG values(8337, 'dpl');
insert into SHOT values (8338, 8273, 8274, 7240, 2.27, 312.90, 1.10, 2.27, 312.68, 1.01, 0.01, 236.33, -21.83);
insert into SHOT_FLAG values(8338, 'dpl');
insert into SHOT values (8339, 8273, 8275, 7240, 10.48, 139.90, 33.30, 10.48, 139.91, 33.29, 0.00, 274.09, -61.37);
insert into SHOT_FLAG values(8339, 'dpl');
insert into SHOT values (8340, 8273, 8276, 7240, 2.81, 297.80, 82.10, 2.81, 297.90, 82.12, 0.00, 94.44, -63.69);
insert into SHOT_FLAG values(8340, 'dpl');
insert into SHOT values (8341, 8273, 8277, 7240, 0.59, 4.10, -57.20, 0.59, 3.58, -57.33, 0.01, 293.00, -52.70);
insert into SHOT_FLAG values(8341, 'dpl');
insert into SHOT values (8342, 8273, 8278, 7240, 22.21, 235.60, -9.40, 22.21, 235.60, -9.41, 0.00, 207.95, -75.59);
insert into SHOT_FLAG values(8342, 'dpl');
insert into SHOT values (8343, 8278, 8279, 7240, 4.67, 295.60, -9.70, 4.67, 295.62, -9.62, 0.01, 53.21, 76.19);
insert into SHOT_FLAG values(8343, 'dpl');
insert into SHOT values (8344, 8278, 8280, 7240, 4.73, 301.20, -11.80, 4.73, 301.22, -11.71, 0.01, 13.85, 77.90);
insert into SHOT_FLAG values(8344, 'dpl');
insert into SHOT values (8345, 8278, 8281, 7240, 3.10, 239.50, 81.70, 3.10, 239.47, 81.61, 0.01, 236.95, 25.11);
insert into SHOT_FLAG values(8345, 'dpl');
insert into SHOT values (8346, 8278, 8282, 7240, 15.02, 126.50, 34.40, 15.02, 126.50, 34.42, 0.01, 306.69, 54.92);
insert into SHOT_FLAG values(8346, 'dpl');
insert into SHOT values (8347, 8278, 8283, 7240, 1.80, 312.10, -53.70, 1.80, 311.95, -53.78, 0.00, 171.42, 8.53);
insert into SHOT_FLAG values(8347, 'dpl');
insert into SHOT values (8348, 8278, 8284, 7240, 24.82, 230.50, -4.80, 24.82, 230.51, -4.78, 0.01, 291.02, 49.72);
insert into SHOT_FLAG values(8348, 'dpl');
insert into SHOT values (8349, 8284, 8285, 7240, 2.46, 334.40, 6.90, 2.45, 334.49, 6.78, 0.01, 115.00, -43.80);
insert into SHOT_FLAG values(8349, 'dpl');
insert into SHOT values (8350, 8284, 8286, 7240, 8.83, 147.80, 30.50, 8.83, 147.77, 30.48, 0.01, 109.14, -14.34);
insert into SHOT_FLAG values(8350, 'dpl');
insert into SHOT values (8351, 8284, 8287, 7240, 4.29, 101.70, 85.00, 4.29, 102.20, 84.93, 0.01, 137.19, -32.83);
insert into SHOT_FLAG values(8351, 'dpl');
insert into SHOT values (8352, 8284, 8288, 7240, 1.13, 223.20, -45.60, 1.13, 222.95, -45.63, 0.00, 161.63, -34.43);
insert into SHOT_FLAG values(8352, 'dpl');
insert into SHOT values (8353, 8284, 8289, 7240, 1.13, 224.70, -47.70, 1.13, 224.46, -47.99, 0.01, 83.46, -40.33);
insert into SHOT_FLAG values(8353, 'dpl');
insert into SHOT values (8354, 8284, 8290, 7240, 19.13, 244.30, -12.10, 19.13, 244.30, -12.10, 0.00, 71.08, 0.04);
insert into SHOT_FLAG values(8354, 'dpl');
insert into SHOT values (8355, 8290, 8291, 7240, 6.31, 337.50, -6.90, 6.30, 337.45, -6.92, 0.01, 200.29, -13.69);
insert into SHOT_FLAG values(8355, 'dpl');
insert into SHOT values (8356, 8290, 8292, 7240, 5.12, 271.10, 86.40, 5.12, 270.00, 86.42, 0.01, 166.97, 0.93);
insert into SHOT_FLAG values(8356, 'dpl');
insert into SHOT values (8357, 8290, 8293, 7240, 12.73, 161.20, 30.20, 12.73, 161.24, 30.18, 0.01, 229.83, -25.02);
insert into SHOT_FLAG values(8357, 'dpl');
insert into SHOT values (8358, 8290, 8294, 7240, 1.62, 283.00, -40.70, 1.62, 282.68, -40.75, 0.01, 207.72, -26.91);
insert into SHOT_FLAG values(8358, 'dpl');
insert into SHOT values (8359, 8290, 8295, 7240, 13.88, 305.70, -22.40, 13.87, 305.67, -22.41, 0.01, 171.72, -5.00);
insert into SHOT_FLAG values(8359, 'dpl');
insert into SHOT values (8360, 8295, 8296, 7240, 11.20, 48.70, 2.70, 11.20, 48.66, 2.66, 0.01, 322.10, -44.07);
insert into SHOT_FLAG values(8360, 'dpl');
insert into SHOT values (8361, 8295, 8297, 7240, 15.39, 169.90, 21.00, 15.38, 169.89, 20.99, 0.01, 4.06, -45.67);
insert into SHOT_FLAG values(8361, 'dpl');
insert into SHOT values (8362, 8295, 8298, 7240, 7.87, 320.10, 35.50, 7.87, 320.13, 35.48, 0.00, 357.87, -1.61);
insert into SHOT_FLAG values(8362, 'dpl');
insert into SHOT values (8363, 8295, 8299, 7240, 2.59, 301.10, 84.50, 2.58, 300.58, 84.32, 0.01, 283.42, -46.56);
insert into SHOT_FLAG values(8363, 'dpl');
insert into SHOT values (8364, 8295, 8300, 7240, 0.61, 196.40, -61.40, 0.61, 197.82, -61.43, 0.01, 270.92, -30.38);
insert into SHOT_FLAG values(8364, 'dpl');
insert into SHOT values (8365, 8296, 8301, 7240, 5.45, 309.90, -0.40, 5.45, 309.86, -0.32, 0.01, 170.74, 53.79);
insert into SHOT_FLAG values(8365, 'dpl');
insert into SHOT values (8366, 8296, 8302, 7240, 0.87, 223.20, -82.80, 0.87, 221.19, -82.95, 0.01, 96.31, 33.91);
insert into SHOT_FLAG values(8366, 'dpl');
insert into SHOT values (8367, 8296, 8303, 7240, 0.39, 197.30, 76.70, 0.39, 198.43, 75.98, 0.01, 217.42, 4.82);
insert into SHOT_FLAG values(8367, 'dpl');
insert into SHOT values (8368, 8296, 8304, 7240, 3.48, 133.90, 1.40, 3.48, 133.84, 1.48, 0.01, 54.34, 51.37);
insert into SHOT_FLAG values(8368, 'dpl');
insert into SHOT values (8369, 8296, 8305, 7240, 10.21, 12.80, -2.20, 10.21, 12.80, -2.19, 0.00, 342.13, 60.05);
insert into SHOT_FLAG values(8369, 'dpl');
insert into SHOT values (8370, 8305, 8306, 7240, 7.23, 136.20, -6.60, 7.23, 136.24, -6.59, 0.01, 189.36, 8.92);
insert into SHOT_FLAG values(8370, 'dpl');
insert into SHOT values (8371, 8305, 8307, 7240, 0.89, 94.80, 74.30, 0.89, 94.76, 74.36, 0.00, 3.84, 87.27);
insert into SHOT_FLAG values(8371, 'dpl');
insert into SHOT values (8372, 8305, 8308, 7240, 0.49, 346.30, 23.10, 0.48, 345.65, 23.17, 0.01, 202.41, -14.74);
insert into SHOT_FLAG values(8372, 'dpl');
insert into SHOT values (8373, 8305, 8309, 7240, 0.76, 112.50, -32.50, 0.76, 112.96, -32.61, 0.01, 204.90, -17.66);
insert into SHOT_FLAG values(8373, 'dpl');
insert into SHOT values (8374, 8305, 8310, 7240, 7.71, 75.60, -2.50, 7.71, 75.64, -2.45, 0.01, 186.84, 48.32);
insert into SHOT_FLAG values(8374, 'dpl');
insert into SHOT values (8375, 8310, 8311, 7240, 2.39, 159.60, -8.60, 2.39, 159.42, -8.67, 0.01, 51.94, -18.12);
insert into SHOT_FLAG values(8375, 'dpl');
insert into SHOT values (8376, 8310, 8312, 7240, 1.46, 331.90, 0.70, 1.46, 331.86, 0.39, 0.01, 312.70, -67.60);
insert into SHOT_FLAG values(8376, 'dpl');
insert into SHOT values (8377, 8310, 8313, 7240, 0.21, 359.60, 69.60, 0.21, 0.00, 67.17, 0.01, 4.30, -45.04);
insert into SHOT_FLAG values(8377, 'dpl');
insert into SHOT values (8378, 8310, 8314, 7240, 0.91, 31.40, -72.20, 0.91, 32.01, -71.98, 0.01, 63.21, -32.13);
insert into SHOT_FLAG values(8378, 'dpl');
insert into SHOT values (8379, 8310, 8315, 7240, 8.92, 2.30, -0.90, 8.92, 2.31, -0.90, 0.00, 129.65, 2.33);
insert into SHOT_FLAG values(8379, 'dpl');
insert into SHOT values (8380, 8315, 8316, 7240, 6.14, 103.20, 0.50, 6.14, 103.18, 0.47, 0.00, 50.52, -48.41);
insert into SHOT_FLAG values(8380, 'dpl');
insert into SHOT values (8381, 8315, 8317, 7240, 0.96, 13.10, 78.40, 0.96, 11.89, 78.33, 0.00, 297.93, -5.28);
insert into SHOT_FLAG values(8381, 'dpl');
insert into SHOT values (8382, 8315, 8318, 7240, 0.85, 101.80, -80.90, 0.85, 98.75, -81.10, 0.01, 347.99, -5.21);
insert into SHOT_FLAG values(8382, 'dpl');
insert into SHOT values (8383, 8315, 8319, 7240, 1.11, 323.70, 4.50, 1.11, 324.16, 4.12, 0.01, 32.00, -36.33);
insert into SHOT_FLAG values(8383, 'dpl');
insert into SHOT values (8384, 8315, 8320, 7240, 11.52, 348.00, -29.90, 11.53, 347.98, -29.93, 0.01, 293.38, -61.76);
insert into SHOT_FLAG values(8384, 'dpl');
insert into SHOT values (8385, 8320, 8321, 7240, 1.85, 7.80, 81.40, 1.85, 8.13, 81.21, 0.01, 22.53, 7.12);
insert into SHOT_FLAG values(8385, 'dpl');
insert into SHOT values (8386, 8320, 8322, 7240, 2.08, 6.30, 6.30, 2.09, 6.37, 6.33, 0.01, 31.82, 16.44);
insert into SHOT_FLAG values(8386, 'dpl');
insert into SHOT values (8387, 8320, 8323, 7240, 4.29, 186.70, 13.10, 4.29, 186.60, 13.20, 0.01, 91.37, 45.65);
insert into SHOT_FLAG values(8387, 'dpl');
insert into SHOT values (8388, 8320, 8324, 7240, 1.39, 110.00, -78.10, 1.39, 110.32, -78.05, 0.00, 161.42, 3.51);
insert into SHOT_FLAG values(8388, 'dpl');
insert into SHOT values (8389, 8320, 8325, 7240, 4.75, 292.10, -26.20, 4.74, 292.23, -26.15, 0.01, 53.51, 33.03);
insert into SHOT_FLAG values(8389, 'dpl');
insert into SHOT values (8390, 8325, 8326, 7240, 5.18, 213.00, -0.00, 5.19, 213.05, 0.00, 0.01, 237.04, 0.00);
insert into SHOT_FLAG values(8390, 'dpl');
insert into SHOT values (8391, 8325, 8327, 7240, 5.77, 175.00, 18.30, 5.77, 175.08, 18.28, 0.01, 250.36, -12.37);
insert into SHOT_FLAG values(8391, 'dpl');
insert into SHOT values (8392, 8325, 8328, 7240, 3.14, 147.90, 64.40, 3.14, 147.95, 64.39, 0.00, 235.57, -56.04);
insert into SHOT_FLAG values(8392, 'dpl');
insert into SHOT values (8393, 8325, 8329, 7240, 1.23, 320.00, -86.10, 1.23, 315.00, -86.05, 0.01, 236.72, -20.93);
insert into SHOT_FLAG values(8393, 'dpl');
insert into SHOT values (8394, 8326, 8330, 7240, 2.24, 26.20, -0.70, 2.24, 26.22, -0.77, 0.00, 75.18, -66.62);
insert into SHOT_FLAG values(8394, 'dpl');
insert into SHOT values (8395, 8326, 8331, 7240, 2.63, 173.20, -5.40, 2.63, 173.20, -5.45, 0.00, 192.70, -87.87);
insert into SHOT_FLAG values(8395, 'dpl');
insert into SHOT values (8396, 8326, 8332, 7240, 2.17, 312.60, -4.10, 2.17, 312.75, -4.23, 0.01, 33.29, -39.39);
insert into SHOT_FLAG values(8396, 'dpl');
insert into SHOT values (8397, 8326, 8333, 7240, 1.68, 326.20, -54.90, 1.68, 326.48, -55.19, 0.01, 110.34, -34.96);
insert into SHOT_FLAG values(8397, 'dpl');
insert into SHOT values (8398, 8326, 8334, 7240, 1.43, 169.90, 81.10, 1.43, 169.70, 80.99, 0.00, 151.26, -48.05);
insert into SHOT_FLAG values(8398, 'dpl');
insert into SHOT values (8399, 8326, 8335, 7240, 8.44, 250.60, -29.30, 8.44, 250.63, -29.31, 0.01, 26.29, 4.15);
insert into SHOT_FLAG values(8399, 'dpl');
insert into SHOT values (8400, 8335, 8336, 7240, 2.34, 165.40, 16.80, 2.34, 165.28, 16.63, 0.01, 112.49, -47.66);
insert into SHOT_FLAG values(8400, 'dpl');
insert into SHOT values (8401, 8335, 8337, 7240, 0.88, 173.20, 77.30, 0.87, 174.29, 76.70, 0.01, 200.21, -45.19);
insert into SHOT_FLAG values(8401, 'dpl');
insert into SHOT values (8402, 8335, 8338, 7240, 2.28, 14.40, 16.90, 2.28, 14.36, 16.86, 0.00, 220.11, -35.55);
insert into SHOT_FLAG values(8402, 'dpl');
insert into SHOT values (8403, 8335, 8339, 7240, 0.62, 180.20, -68.10, 0.62, 180.00, -68.37, 0.00, 32.83, -72.57);
insert into SHOT_FLAG values(8403, 'dpl');
insert into SHOT values (8404, 8335, 8340, 7240, 3.65, 276.80, 21.00, 3.64, 276.75, 20.90, 0.01, 133.96, -58.14);
insert into SHOT_FLAG values(8404, 'dpl');
insert into SHOT values (8405, 8340, 8341, 7240, 1.34, 10.90, 3.30, 1.34, 10.80, 3.43, 0.01, 219.17, 31.37);
insert into SHOT_FLAG values(8405, 'dpl');
insert into SHOT values (8406, 8340, 8342, 7240, 2.07, 358.60, 83.50, 2.07, 357.51, 83.62, 0.01, 225.09, 28.71);
insert into SHOT_FLAG values(8406, 'dpl');
insert into SHOT values (8407, 8340, 8343, 7240, 0.35, 201.60, 7.00, 0.35, 202.11, 8.24, 0.01, 324.76, 63.46);
insert into SHOT_FLAG values(8407, 'dpl');
insert into SHOT values (8408, 8340, 8344, 7240, 3.29, 86.70, -60.60, 3.28, 86.80, -60.59, 0.01, 218.88, 58.77);
insert into SHOT_FLAG values(8408, 'dpl');
insert into SHOT values (8409, 8340, 8345, 7240, 5.74, 281.50, -7.80, 5.74, 281.47, -7.81, 0.00, 144.23, -12.01);
insert into SHOT_FLAG values(8409, 'dpl');
insert into SHOT values (8410, 8345, 8346, 7240, 16.74, 319.80, 15.10, 16.75, 319.79, 15.12, 0.01, 304.25, 43.03);
insert into SHOT_FLAG values(8410, 'dpl');
insert into SHOT values (8411, 8345, 8347, 7240, 7.26, 28.80, 6.90, 7.26, 28.77, 6.96, 0.01, 331.73, 59.25);
insert into SHOT_FLAG values(8411, 'dpl');
insert into SHOT values (8412, 8345, 8348, 7240, 7.55, 342.30, 78.60, 7.56, 342.17, 78.54, 0.01, 322.96, 40.62);
insert into SHOT_FLAG values(8412, 'dpl');
insert into SHOT values (8413, 8345, 8349, 7240, 1.91, 241.00, 6.50, 1.91, 241.00, 6.61, 0.00, 279.00, 86.71);
insert into SHOT_FLAG values(8413, 'dpl');
insert into SHOT values (8414, 8345, 8350, 7240, 0.89, 301.40, -63.60, 0.89, 301.70, -63.17, 0.01, 329.76, 58.37);
insert into SHOT_FLAG values(8414, 'dpl');
insert into SHOT values (8415, 8346, 8351, 7240, 4.75, 225.30, 83.70, 4.75, 225.00, 83.67, 0.00, 171.62, -21.14);
insert into SHOT_FLAG values(8415, 'dpl');
insert into SHOT values (8416, 8346, 8352, 7240, 1.87, 340.00, -68.00, 1.88, 340.02, -68.02, 0.01, 346.68, -73.90);
insert into SHOT_FLAG values(8416, 'dpl');
insert into SHOT values (8417, 8346, 8353, 7240, 3.95, 121.40, 4.80, 3.95, 121.39, 4.79, 0.00, 21.20, -32.55);
insert into SHOT_FLAG values(8417, 'dpl');
insert into SHOT values (8418, 8346, 8354, 7240, 14.26, 238.20, 9.90, 14.26, 238.21, 9.89, 0.00, 338.22, -32.45);
insert into SHOT_FLAG values(8418, 'dpl');
insert into SHOT values (8419, 8354, 8355, 7240, 3.89, 209.50, 80.40, 3.89, 209.31, 80.31, 0.01, 185.84, -45.64);
insert into SHOT_FLAG values(8419, 'dpl');
insert into SHOT values (8420, 8354, 8356, 7240, 1.82, 318.50, -50.50, 1.82, 318.53, -50.86, 0.01, 134.79, -29.46);
insert into SHOT_FLAG values(8420, 'dpl');
insert into SHOT values (8421, 8354, 8357, 7240, 19.62, 117.10, 15.60, 19.63, 117.09, 15.58, 0.01, 101.08, -39.36);
insert into SHOT_FLAG values(8421, 'dpl');
insert into SHOT values (8422, 8354, 8358, 7240, 22.77, 215.20, -1.90, 22.77, 215.18, -1.91, 0.01, 115.24, -29.31);
insert into SHOT_FLAG values(8422, 'dpl');
insert into SHOT values (8423, 8358, 8359, 7240, 3.99, 249.60, 79.10, 3.99, 249.89, 79.08, 0.00, 316.62, 25.72);
insert into SHOT_FLAG values(8423, 'dpl');
insert into SHOT values (8424, 8358, 8360, 7240, 2.18, 296.30, -63.70, 2.18, 296.30, -63.54, 0.01, 296.52, 43.53);
insert into SHOT_FLAG values(8424, 'dpl');
insert into SHOT values (8425, 8358, 8361, 7240, 8.86, 149.00, 18.00, 8.86, 148.99, 18.02, 0.00, 2.11, 36.97);
insert into SHOT_FLAG values(8425, 'dpl');
insert into SHOT values (8426, 8358, 8362, 7240, 17.91, 281.10, -23.90, 17.91, 281.09, -23.88, 0.01, 220.12, 62.62);
insert into SHOT_FLAG values(8426, 'dpl');
insert into SHOT values (8427, 8362, 8363, 7240, 6.39, 239.90, 81.60, 6.39, 239.88, 81.57, 0.00, 232.38, -25.52);
insert into SHOT_FLAG values(8427, 'dpl');
insert into SHOT values (8428, 8362, 8364, 7240, 0.76, 210.80, -82.30, 0.77, 209.05, -82.29, 0.01, 139.79, -64.18);
insert into SHOT_FLAG values(8428, 'dpl');
insert into SHOT values (8429, 8362, 8365, 7240, 13.61, 173.70, 5.00, 13.60, 173.69, 4.98, 0.01, 19.15, -42.72);
insert into SHOT_FLAG values(8429, 'dpl');
insert into SHOT values (8430, 8362, 8366, 7240, 14.91, 229.60, -11.60, 14.90, 229.61, -11.61, 0.01, 23.29, -16.21);
insert into SHOT_FLAG values(8430, 'dpl');
insert into SHOT values (8431, 8366, 8367, 7240, 6.68, 281.80, 79.30, 6.68, 281.58, 79.25, 0.01, 238.66, -28.92);
insert into SHOT_FLAG values(8431, 'dpl');
insert into SHOT values (8432, 8366, 8368, 7240, 0.88, 208.20, -70.40, 0.88, 208.30, -70.42, 0.00, 287.45, -61.89);
insert into SHOT_FLAG values(8432, 'dpl');
insert into SHOT values (8433, 8366, 8369, 7240, 8.36, 157.10, 27.30, 8.36, 157.13, 27.26, 0.01, 186.34, -32.75);
insert into SHOT_FLAG values(8433, 'dpl');
insert into SHOT values (8434, 8366, 8370, 7240, 24.95, 219.00, -1.70, 24.95, 219.01, -1.70, 0.01, 283.19, 1.80);
insert into SHOT_FLAG values(8434, 'dpl');
insert into SHOT values (8435, 8370, 8371, 7240, 14.49, 121.10, 25.00, 14.50, 121.11, 24.97, 0.01, 142.32, -23.90);
insert into SHOT_FLAG values(8435, 'dpl');
insert into SHOT values (8436, 8370, 8372, 7240, 5.64, 177.20, 82.20, 5.64, 177.03, 82.15, 0.01, 154.54, 19.78);
insert into SHOT_FLAG values(8436, 'dpl');
insert into SHOT values (8437, 8370, 8373, 7240, 1.12, 215.80, -63.70, 1.13, 215.27, -63.56, 0.01, 177.87, -38.27);
insert into SHOT_FLAG values(8437, 'dpl');
insert into SHOT values (8438, 8370, 8374, 7240, 24.43, 225.50, 0.90, 24.43, 225.48, 0.89, 0.01, 163.96, -21.94);
insert into SHOT_FLAG values(8438, 'dpl');
insert into SHOT values (8439, 8374, 8375, 7240, 24.43, 225.40, 1.00, 24.43, 225.40, 1.01, 0.00, 65.32, 57.00);
insert into SHOT_FLAG values(8439, 'dpl');
insert into SHOT values (8440, 8374, 8376, 7240, 5.89, 343.30, 82.00, 5.89, 343.10, 81.94, 0.01, 317.48, -22.17);
insert into SHOT_FLAG values(8440, 'dpl');
insert into SHOT values (8441, 8374, 8377, 7240, 2.35, 78.20, -62.20, 2.35, 77.87, -62.25, 0.01, 334.13, -10.72);
insert into SHOT_FLAG values(8441, 'dpl');
insert into SHOT values (8442, 8374, 8378, 7240, 10.74, 139.40, 12.20, 10.74, 139.40, 12.20, 0.00, 285.61, 13.71);
insert into SHOT_FLAG values(8442, 'dpl');
insert into SHOT values (8443, 8374, 8379, 7240, 25.36, 207.80, 9.90, 25.35, 207.81, 9.90, 0.01, 9.19, -0.77);
insert into SHOT_FLAG values(8443, 'dpl');
insert into SHOT values (8444, 8379, 8380, 7240, 19.42, 254.10, 3.00, 19.42, 254.08, 3.01, 0.01, 168.54, 26.97);
insert into SHOT_FLAG values(8444, 'dpl');
insert into SHOT values (8445, 8380, 8381, 7240, 8.13, 82.50, 83.90, 8.13, 82.63, 83.94, 0.01, 247.07, -29.21);
insert into SHOT_FLAG values(8445, 'dpl');
insert into SHOT values (8446, 8380, 8382, 7240, 17.33, 177.50, 25.90, 17.33, 177.50, 25.91, 0.00, 0.03, 2.86);
insert into SHOT_FLAG values(8446, 'dpl');
insert into SHOT values (8447, 8380, 8383, 7240, 2.21, 73.00, -46.10, 2.21, 72.87, -46.14, 0.01, 289.79, 22.63);
insert into SHOT_FLAG values(8447, 'dpl');
insert into SHOT values (8448, 8380, 8384, 7240, 18.55, 356.80, -30.10, 18.56, 356.79, -30.11, 0.01, 327.33, -42.25);
insert into SHOT_FLAG values(8448, 'dpl');
insert into SHOT values (8449, 8384, 8385, 7240, 13.48, 339.70, 78.00, 13.48, 339.68, 78.04, 0.01, 164.74, 27.21);
insert into SHOT_FLAG values(8449, 'dpl');
insert into SHOT values (8450, 8384, 8386, 7240, 1.72, 340.20, -73.10, 1.71, 340.11, -73.05, 0.01, 234.53, 82.32);
insert into SHOT_FLAG values(8450, 'dpl');
insert into SHOT values (8451, 8384, 8387, 7240, 13.51, 62.20, -21.50, 13.51, 62.21, -21.49, 0.00, 160.49, 28.82);
insert into SHOT_FLAG values(8451, 'dpl');
insert into SHOT values (8452, 8387, 8388, 7240, 15.92, 342.50, 76.20, 15.92, 342.52, 76.21, 0.00, 131.50, -10.14);
insert into SHOT_FLAG values(8452, 'dpl');
insert into SHOT values (8453, 8387, 8389, 7240, 2.59, 276.50, -81.90, 2.59, 276.34, -81.95, 0.01, 116.88, 55.11);
insert into SHOT_FLAG values(8453, 'dpl');
insert into SHOT values (8454, 8387, 8390, 7240, 20.95, 335.80, -14.40, 20.95, 335.80, -14.40, 0.00, 306.64, 1.27);
insert into SHOT_FLAG values(8454, 'dpl');
insert into SHOT values (8455, 8390, 8391, 7240, 25.51, 318.00, -15.60, 25.51, 318.00, -15.60, 0.00, 44.95, 8.03);
insert into SHOT_FLAG values(8455, 'dpl');
insert into SHOT values (8456, 8390, 8392, 7240, 26.88, 318.00, -15.70, 26.88, 318.01, -15.69, 0.01, 95.20, 35.63);
insert into SHOT_FLAG values(8456, 'dpl');
insert into SHOT values (8457, 8392, 8393, 7240, 8.40, 323.10, 80.80, 8.40, 322.87, 80.80, 0.01, 222.42, -19.84);
insert into SHOT_FLAG values(8457, 'dpl');
insert into SHOT values (8458, 8392, 8394, 7240, 6.92, 21.00, -50.50, 6.92, 20.91, -50.51, 0.01, 275.36, -2.75);
insert into SHOT_FLAG values(8458, 'dpl');
insert into SHOT values (8459, 8392, 8395, 7240, 9.60, 306.70, -20.10, 9.60, 306.65, -20.11, 0.01, 192.68, -6.21);
insert into SHOT_FLAG values(8459, 'dpl');
insert into SHOT values (8460, 8395, 8396, 7240, 4.89, 16.90, -73.80, 4.89, 16.58, -73.78, 0.01, 305.19, -27.29);
insert into SHOT_FLAG values(8460, 'dpl');
insert into SHOT values (8461, 8395, 8397, 7240, 18.85, 346.40, -32.40, 18.85, 346.37, -32.40, 0.01, 275.10, 2.52);
insert into SHOT_FLAG values(8461, 'dpl');
insert into SHOT values (8462, 8397, 8398, 7240, 6.57, 269.00, 79.70, 6.57, 269.02, 79.73, 0.01, 83.71, -42.01);
insert into SHOT_FLAG values(8462, 'dpl');
insert into SHOT values (8463, 8397, 8399, 7240, 1.85, 272.40, -53.50, 1.85, 272.63, -53.78, 0.01, 67.49, -15.63);
insert into SHOT_FLAG values(8463, 'dpl');
insert into SHOT values (8464, 8397, 8400, 7240, 16.50, 43.60, 0.30, 16.50, 43.60, 0.31, 0.00, 47.19, 61.55);
insert into SHOT_FLAG values(8464, 'dpl');
insert into SHOT values (8465, 8400, 8401, 7240, 1.29, 91.80, -77.70, 1.29, 92.05, -77.46, 0.01, 104.40, 4.04);
insert into SHOT_FLAG values(8465, 'dpl');
insert into SHOT values (8466, 8400, 8402, 7240, 0.71, 77.30, 69.00, 0.71, 76.50, 68.72, 0.01, 23.71, -32.64);
insert into SHOT_FLAG values(8466, 'dpl');
insert into SHOT values (8467, 8400, 8403, 7240, 14.24, 309.90, -23.60, 14.24, 309.90, -23.60, 0.00, 110.65, 50.74);
insert into SHOT_FLAG values(8467, 'dpl');
insert into SHOT values (8468, 8400, 8404, 7240, 11.21, 75.80, -1.60, 11.22, 75.80, -1.63, 0.01, 80.12, -45.59);
insert into SHOT_FLAG values(8468, 'dpl');
insert into SURVEY values (7242, 68, 'quatermass2', 'quatermass2.clearwater_master', NULL);
 insert into CENTRELINE values (7243, 7242, NULL, NULL, NULL, 0.00, 0.00, 0.00);
 insert into CENTRELINE values (7244, 7242, 'quatermass2', '2018-01-17', NULL, 129.44, 0.00, 0.00);
 insert into SHOT values (8469, 8405, 8406, 7244, 6.61, 179.00, -51.20, 6.61, 178.89, -51.20, 0.01, 81.01, 10.33);
insert into SHOT values (8470, 8406, 8407, 7244, 9.50, 275.00, -36.70, 9.50, 275.04, -36.70, 0.01, 341.00, -21.50);
insert into SHOT values (8471, 8407, 8408, 7244, 9.40, 349.00, -1.60, 9.40, 348.95, -1.59, 0.01, 242.47, 17.11);
insert into SHOT values (8472, 8408, 8409, 7244, 5.00, 332.00, -16.10, 5.00, 332.05, -16.15, 0.01, 106.70, -31.81);
insert into SHOT values (8473, 8409, 8410, 7244, 5.30, 207.00, -38.40, 5.33, 205.75, -40.09, 0.18, 75.06, -49.04);
insert into SHOT values (8474, 8410, 8411, 7244, 5.00, 329.00, -32.00, 5.02, 330.31, -33.63, 0.17, 92.31, -48.85);
insert into SHOT values (8475, 8411, 8412, 7244, 6.50, 219.00, -21.30, 6.45, 217.80, -23.38, 0.27, 81.71, -47.37);
insert into SHOT values (8476, 8412, 8413, 7244, 5.30, 359.00, -7.30, 5.33, 0.54, -8.74, 0.20, 84.46, -43.80);
insert into SHOT values (8477, 8413, 8414, 7244, 9.80, 205.00, -30.30, 9.80, 204.96, -30.33, 0.01, 104.10, -42.83);
insert into SHOT values (8478, 8414, 8415, 7244, 5.00, 210.00, 8.60, 5.00, 209.99, 8.63, 0.00, 52.70, 44.34);
insert into SHOT values (8479, 8415, 8416, 7244, 9.00, 240.00, -15.70, 9.00, 240.03, -15.66, 0.01, 287.85, 38.10);
insert into SHOT values (8480, 8413, 8417, 7244, 8.35, 71.00, 32.00, 8.41, 71.49, 29.25, 0.41, 84.69, -49.83);
insert into SHOT values (8481, 8417, 8418, 7244, 4.10, 37.00, 28.30, 4.13, 37.96, 26.62, 0.14, 74.54, -42.83);
insert into SHOT values (8482, 8418, 8409, 7244, 7.20, 199.00, 32.00, 7.06, 197.36, 30.83, 0.26, 95.37, -47.56);
insert into SHOT values (8483, 8418, 8419, 7244, 16.16, 334.00, -47.00, 16.16, 333.99, -47.02, 0.01, 166.86, -12.76);
insert into SHOT values (8484, 8419, 8420, 7244, 6.38, 279.00, -20.70, 6.38, 279.07, -20.75, 0.01, 36.12, -31.46);
insert into SHOT values (8485, 8420, 8421, 7244, 10.84, 253.00, -23.00, 10.84, 252.98, -22.98, 0.01, 139.27, 57.81);
insert into SURVEY values (7246, 68, 'quatermass_shaft', 'quatermass_shaft.clearwater_master', NULL);
 insert into CENTRELINE values (7247, 7246, NULL, NULL, NULL, 0.00, 0.00, 0.00);
 insert into CENTRELINE values (7248, 7246, 'quatermass shaft', '2018-01-17', NULL, 39.20, 0.00, 0.00);
 insert into SHOT values (8486, 8422, 8423, 7248, 12.40, 220.00, -80.00, 12.40, 220.11, -79.98, 0.01, 264.94, 15.20);
insert into SHOT values (8487, 8423, 8424, 7248, 4.30, 338.00, 1.00, 4.30, 338.03, 0.93, 0.01, 8.61, -53.31);
insert into SHOT values (8488, 8424, 8425, 7248, 10.00, 210.00, -22.30, 9.99, 209.98, -22.29, 0.01, 67.13, 34.79);
insert into SHOT values (8489, 8425, 8426, 7248, 6.20, 176.00, -13.60, 6.21, 176.01, -13.60, 0.01, 182.44, -13.95);
insert into SHOT values (8490, 8426, 8427, 7248, 6.30, 282.00, -17.60, 6.31, 282.00, -17.63, 0.01, 283.49, -38.83);
insert into SURVEY values (7250, 68, 'cotw_entrance_redraw', 'cotw_entrance_redraw.clearwater_master', NULL);
 insert into CENTRELINE values (7251, 7250, NULL, NULL, NULL, 0.00, 0.00, 0.00);
 insert into SCRAPS values (7252, 7250, 'COTWEntranceSP1', 1, 45.53474, 2.23027);
 insert into SCRAPS values (7284, 7250, 'COTWEntranceSP2', 1, 81.78046, 4.00242);
 insert into MAPS values (7305, 7250, 'cotw_entrance_redraw_m', NULL, 1, 0.000, 31.680);
 insert into MAPITEMS values (7305, 4, 7252);
 insert into MAPITEMS values (7305, 4, 7284);
 insert into CENTRELINE values (7306, 7250, NULL, '2018-01-14', NULL, 0.00, 0.00, 520.72);
 insert into SHOT values (8491, 8428, 8429, 7306, 13.78, 327.29, -9.17, 13.77, 327.28, -9.15, 0.01, 168.18, 42.13);
insert into SHOT_FLAG values(8491, 'dpl');
insert into SHOT values (8492, 8428, 8430, 7306, 28.13, 23.91, -2.07, 28.12, 23.91, -2.06, 0.01, 201.82, 31.50);
insert into SHOT_FLAG values(8492, 'dpl');
insert into SHOT values (8493, 8430, 8431, 7306, 20.16, 51.59, 3.66, 20.16, 51.60, 3.67, 0.01, 85.01, 30.76);
insert into SHOT_FLAG values(8493, 'dpl');
insert into SHOT values (8494, 8431, 8432, 7306, 26.02, 52.57, -4.49, 26.02, 52.56, -4.50, 0.00, 15.07, -37.56);
insert into SHOT_FLAG values(8494, 'dpl');
insert into SHOT values (8495, 8432, 8433, 7306, 13.23, 60.06, -1.79, 13.23, 60.06, -1.78, 0.00, 79.05, 70.10);
insert into SHOT_FLAG values(8495, 'dpl');
insert into SHOT values (8496, 8433, 8434, 7306, 9.90, 326.81, -4.73, 9.90, 326.83, -4.75, 0.01, 16.42, -46.61);
insert into SHOT_FLAG values(8496, 'dpl');
insert into SHOT values (8497, 8434, 8435, 7306, 15.03, 306.07, -20.51, 15.03, 306.07, -20.52, 0.00, 320.84, -61.05);
insert into SHOT_FLAG values(8497, 'dpl');
insert into SHOT values (8498, 8435, 8436, 7306, 8.14, 52.92, 14.08, 8.14, 52.93, 14.08, 0.00, 110.78, -13.48);
insert into SHOT_FLAG values(8498, 'dpl');
insert into SHOT values (8499, 8436, 8437, 7306, 15.19, 284.92, 49.38, 15.19, 284.88, 49.37, 0.01, 213.62, 0.93);
insert into SHOT_FLAG values(8499, 'dpl');
insert into SHOT values (8500, 8434, 8438, 7306, 32.50, 80.82, 4.38, 32.50, 80.82, 4.38, 0.00, 349.14, -84.26);
insert into SHOT_FLAG values(8500, 'dpl');
insert into SHOT values (8501, 8438, 8439, 7306, 8.75, 347.14, -1.36, 8.74, 347.11, -1.38, 0.01, 200.68, -15.00);
insert into SHOT_FLAG values(8501, 'dpl');
insert into SHOT values (8502, 8439, 8440, 7306, 25.85, 12.26, -15.25, 25.86, 12.26, -15.25, 0.01, 24.37, -3.71);
insert into SHOT_FLAG values(8502, 'dpl');
insert into SHOT values (8503, 8440, 8441, 7306, 22.98, 38.45, 13.45, 22.97, 38.44, 13.47, 0.01, 247.49, 30.37);
insert into SHOT_FLAG values(8503, 'dpl');
insert into SHOT values (8504, 8441, 8442, 7306, 28.06, 73.64, 7.79, 28.06, 73.64, 7.78, 0.01, 99.49, -35.55);
insert into SHOT_FLAG values(8504, 'dpl');
insert into SHOT values (8505, 8442, 8443, 7306, 14.63, 327.72, -12.14, 14.63, 327.71, -12.12, 0.01, 212.65, 67.85);
insert into SHOT_FLAG values(8505, 'dpl');
insert into SHOT values (8506, 8443, 8444, 7306, 7.84, 56.60, -0.81, 7.84, 56.55, -0.88, 0.01, 315.68, -54.60);
insert into SHOT_FLAG values(8506, 'dpl');
insert into SHOT values (8507, 8444, 8445, 7306, 12.76, 25.07, -18.18, 12.76, 25.09, -18.17, 0.00, 106.41, 19.40);
insert into SHOT_FLAG values(8507, 'dpl');
insert into SHOT values (8508, 8445, 8446, 7306, 17.52, 101.73, -27.63, 17.52, 101.74, -27.61, 0.01, 154.12, 46.25);
insert into SHOT_FLAG values(8508, 'dpl');
insert into SHOT values (8509, 8446, 8447, 7306, 34.98, 24.13, -3.94, 34.98, 24.13, -3.93, 0.01, 61.57, 40.21);
insert into SHOT_FLAG values(8509, 'dpl');
insert into SHOT values (8510, 8447, 8448, 7306, 6.13, 78.98, -57.22, 6.13, 79.03, -57.32, 0.01, 240.13, -34.87);
insert into SHOT_FLAG values(8510, 'dpl');
insert into SHOT values (8511, 8442, 8449, 7306, 21.00, 65.27, 12.73, 21.00, 65.26, 12.74, 0.01, 278.17, 25.40);
insert into SHOT_FLAG values(8511, 'dpl');
insert into SHOT values (8512, 8449, 8450, 7306, 6.96, 50.37, -11.91, 6.96, 50.42, -11.94, 0.01, 126.90, -30.41);
insert into SHOT_FLAG values(8512, 'dpl');
insert into SHOT values (8513, 8450, 8451, 7306, 4.43, 72.41, 4.06, 4.43, 72.34, 4.14, 0.01, 333.72, 51.08);
insert into SHOT_FLAG values(8513, 'dpl');
insert into SHOT values (8514, 8451, 8452, 7306, 2.39, 40.16, -6.40, 2.39, 40.21, -6.50, 0.01, 198.85, -33.33);
insert into SHOT_FLAG values(8514, 'dpl');
insert into SHOT values (8515, 8452, 8453, 7306, 10.67, 32.64, -22.10, 10.68, 32.66, -22.06, 0.01, 56.61, 24.60);
insert into SHOT_FLAG values(8515, 'dpl');
insert into SHOT values (8516, 8453, 8454, 7306, 3.79, 35.20, 55.77, 3.78, 35.04, 55.83, 0.01, 256.74, -21.01);
insert into SHOT_FLAG values(8516, 'dpl');
insert into SHOT values (8517, 8454, 8455, 7306, 13.80, 11.30, 27.98, 13.80, 11.31, 27.96, 0.00, 108.88, -64.43);
insert into SHOT_FLAG values(8517, 'dpl');
insert into SHOT values (8518, 8455, 8456, 7306, 25.90, 156.88, -35.43, 25.90, 156.87, -35.42, 0.01, 106.93, 51.61);
insert into SHOT_FLAG values(8518, 'dpl');
insert into SHOT values (8519, 8456, 8457, 7306, 7.09, 109.85, -29.78, 7.09, 109.85, -29.76, 0.00, 103.40, 35.08);
insert into SHOT_FLAG values(8519, 'dpl');
insert into SHOT values (8520, 8457, 8458, 7306, 5.76, 72.80, -15.35, 5.76, 72.81, -15.42, 0.01, 247.63, -38.41);
insert into SHOT_FLAG values(8520, 'dpl');
insert into SHOT values (8521, 8458, 8459, 7306, 13.84, 167.03, -31.40, 13.84, 167.03, -31.40, 0.00, 322.52, 19.19);
insert into SHOT_FLAG values(8521, 'dpl');
insert into SHOT values (8522, 8459, 8460, 7306, 5.15, 98.94, -35.67, 5.15, 98.92, -35.60, 0.01, 88.67, 23.45);
insert into SHOT_FLAG values(8522, 'dpl');
insert into SHOT values (8523, 8460, 8461, 7306, 1.85, 146.78, -3.73, 1.85, 146.74, -3.73, 0.00, 342.46, 4.37);
insert into SHOT_FLAG values(8523, 'dpl');
insert into SHOT values (8524, 8461, 8462, 7306, 5.77, 200.82, 49.92, 5.76, 200.83, 49.91, 0.01, 10.41, -62.87);
insert into SHOT_FLAG values(8524, 'dpl');
insert into SHOT values (8525, 8462, 8463, 7306, 7.74, 239.56, 41.36, 7.75, 239.51, 41.37, 0.01, 191.25, 38.70);
insert into SHOT_FLAG values(8525, 'dpl');
insert into SHOT values (8526, 8463, 8464, 7306, 1.91, 215.74, -2.73, 1.91, 215.85, -2.69, 0.01, 255.45, 9.51);
insert into SHOT_FLAG values(8526, 'dpl');
insert into SHOT values (8527, 8464, 8465, 7306, 2.75, 137.03, -5.67, 2.75, 136.92, -5.63, 0.01, 63.48, 17.80);
insert into SHOT_FLAG values(8527, 'dpl');
insert into SHOT values (8528, 8465, 8466, 7306, 2.82, 96.19, -6.50, 2.82, 96.14, -6.51, 0.00, 64.65, -8.83);
insert into SHOT_FLAG values(8528, 'dpl');
insert into SHOT values (8529, 8466, 8467, 7306, 9.94, 35.74, -35.28, 9.94, 35.73, -35.26, 0.00, 4.71, 16.01);
insert into SHOT_FLAG values(8529, 'dpl');
insert into SHOT values (8530, 8467, 8468, 7306, 5.58, 60.58, -50.95, 5.58, 60.66, -51.03, 0.01, 196.84, -42.91);
insert into SHOT_FLAG values(8530, 'dpl');
insert into SURVEY values (7308, 68, 'skylight_pitch', 'skylight_pitch.clearwater_master', NULL);
 insert into CENTRELINE values (7309, 7308, NULL, NULL, NULL, 0.00, 0.00, 0.00);
 insert into CENTRELINE values (7310, 7308, NULL, '2018-01-14', NULL, 56.51, 0.00, 0.00);
 insert into SHOT values (8531, 8469, 8470, 7310, 5.78, 355.69, 23.78, 5.79, 355.67, 23.75, 0.01, 336.27, -5.94);
insert into SHOT values (8532, 8470, 8471, 7310, 12.46, 346.20, 12.97, 12.46, 346.23, 12.99, 0.01, 104.47, 28.05);
insert into SHOT values (8533, 8471, 8472, 7310, 20.93, 130.72, 40.43, 20.92, 130.72, 40.43, 0.01, 304.64, -30.46);
insert into SHOT values (8534, 8472, 8473, 7310, 4.99, 111.46, 30.00, 4.99, 111.46, 30.06, 0.01, 298.46, 66.92);
insert into SHOT values (8535, 8472, 8474, 7310, 9.62, 106.82, 37.97, 9.62, 106.86, 37.97, 0.01, 172.96, 13.23);
insert into SHOT values (8536, 8474, 8475, 7310, 3.13, 16.26, 29.44, 3.13, 16.18, 29.45, 0.00, 314.84, 19.04);
insert into SHOT values (8537, 8475, 8476, 7310, 4.59, 1.57, 6.93, 4.59, 1.64, 7.01, 0.01, 132.66, 41.39);
insert into SHOT values (8538, 8476, 8477, 7310, 8.30, 46.16, -43.43, 8.31, 46.14, -43.43, 0.01, 25.99, -35.76);
insert into SURVEY values (7312, 68, 'cotw_centreline', 'cotw_centreline.clearwater_master', NULL);
 insert into CENTRELINE values (7313, 7312, NULL, NULL, NULL, 0.00, 0.00, 0.00);
 insert into CENTRELINE values (7314, 7312, NULL, '2018-01-13', NULL, 0.00, 0.00, 1466.28);
 insert into SHOT values (8539, 8478, 8479, 7314, 13.66, 26.31, -4.17, 13.67, 27.43, -4.15, 0.27, 114.98, 0.71);
insert into SHOT_FLAG values(8539, 'dpl');
insert into SHOT values (8540, 8479, 8478, 7314, 13.66, 209.77, 4.20, 13.67, 207.43, 4.15, 0.56, 119.56, -1.07);
insert into SHOT_FLAG values(8540, 'dpl');
insert into SHOT values (8541, 8478, 8479, 7314, 13.66, 26.28, -4.13, 13.67, 27.43, -4.15, 0.27, 115.16, -1.30);
insert into SHOT_FLAG values(8541, 'dpl');
insert into SHOT values (8542, 8479, 8480, 7314, 5.74, 44.22, -11.15, 5.74, 44.28, -11.16, 0.01, 158.28, -0.08);
insert into SHOT_FLAG values(8542, 'dpl');
insert into SHOT values (8543, 8479, 8481, 7314, 15.32, 122.01, 5.71, 15.32, 122.00, 5.69, 0.01, 84.89, -48.18);
insert into SHOT_FLAG values(8543, 'dpl');
insert into SHOT values (8544, 8481, 8482, 7314, 19.90, 49.97, -0.50, 19.90, 50.00, -0.49, 0.01, 161.53, 21.15);
insert into SHOT_FLAG values(8544, 'dpl');
insert into SHOT values (8545, 8482, 8483, 7314, 10.83, 41.52, 2.72, 10.83, 41.51, 2.70, 0.00, 296.14, -75.45);
insert into SHOT_FLAG values(8545, 'dpl');
insert into SHOT values (8546, 8483, 8484, 7314, 25.30, 59.45, 1.02, 25.30, 59.44, 1.02, 0.01, 296.80, -4.22);
insert into SHOT_FLAG values(8546, 'dpl');
insert into SHOT values (8547, 8484, 8485, 7314, 25.29, 59.34, 0.94, 25.29, 59.33, 0.95, 0.01, 341.74, 42.52);
insert into SHOT_FLAG values(8547, 'dpl');
insert into SHOT values (8548, 8485, 8486, 7314, 18.95, 47.23, 0.58, 18.94, 47.25, 0.57, 0.01, 181.59, -13.73);
insert into SHOT_FLAG values(8548, 'dpl');
insert into SHOT values (8549, 8486, 8487, 7314, 11.99, 47.56, 3.41, 12.00, 47.57, 3.39, 0.01, 65.74, -21.79);
insert into SHOT_FLAG values(8549, 'dpl');
insert into SHOT values (8550, 8487, 8488, 7314, 22.63, 29.74, -7.96, 22.63, 29.72, -7.95, 0.01, 270.17, 26.26);
insert into SHOT_FLAG values(8550, 'dpl');
insert into SHOT values (8551, 8488, 8489, 7314, 16.74, 180.12, 13.51, 16.74, 180.11, 13.51, 0.01, 128.43, -7.81);
insert into SHOT_FLAG values(8551, 'dpl');
insert into SHOT values (8552, 8489, 8490, 7314, 15.97, 188.12, 17.83, 15.97, 188.13, 17.83, 0.00, 281.38, 1.81);
insert into SHOT_FLAG values(8552, 'dpl');
insert into SHOT values (8553, 8490, 8491, 7314, 4.50, 238.52, 11.53, 4.50, 238.55, 11.54, 0.00, 5.91, 12.11);
insert into SHOT_FLAG values(8553, 'dpl');
insert into SHOT values (8554, 8491, 8492, 7314, 7.76, 199.71, 16.35, 7.76, 199.70, 16.32, 0.00, 93.26, -73.80);
insert into SHOT_FLAG values(8554, 'dpl');
insert into SHOT values (8555, 8492, 8493, 7314, 7.95, 122.62, -1.17, 7.94, 122.61, -1.15, 0.01, 315.41, 19.56);
insert into SHOT_FLAG values(8555, 'dpl');
insert into SHOT values (8556, 8493, 8494, 7314, 3.53, 38.08, 1.21, 3.53, 38.20, 1.30, 0.01, 157.52, 32.16);
insert into SHOT_FLAG values(8556, 'dpl');
insert into SHOT values (8557, 8494, 8495, 7314, 9.84, 94.38, -28.12, 9.84, 94.36, -28.14, 0.00, 311.37, -27.70);
insert into SHOT_FLAG values(8557, 'dpl');
insert into SHOT values (8558, 8495, 8496, 7314, 7.47, 151.77, -4.65, 7.47, 151.71, -4.68, 0.01, 91.22, -28.22);
insert into SHOT_FLAG values(8558, 'dpl');
insert into SHOT values (8559, 8496, 8497, 7314, 11.82, 146.74, 29.55, 11.82, 146.74, 29.55, 0.00, 160.34, 16.36);
insert into SHOT_FLAG values(8559, 'dpl');
insert into SHOT values (8560, 8497, 8498, 7314, 8.93, 219.18, 6.64, 8.93, 219.23, 6.69, 0.01, 312.88, 41.08);
insert into SHOT_FLAG values(8560, 'dpl');
insert into SHOT values (8561, 8498, 8499, 7314, 6.26, 175.56, -4.01, 6.26, 175.50, -4.03, 0.01, 121.76, -16.13);
insert into SHOT_FLAG values(8561, 'dpl');
insert into SHOT values (8562, 8499, 8500, 7314, 9.83, 184.08, 6.90, 9.83, 184.11, 6.90, 0.01, 305.70, -7.71);
insert into SHOT_FLAG values(8562, 'dpl');
insert into SHOT values (8563, 8500, 8501, 7314, 17.58, 168.95, -8.57, 17.58, 168.96, -8.57, 0.00, 307.43, -6.59);
insert into SHOT_FLAG values(8563, 'dpl');
insert into SHOT values (8564, 8501, 8502, 7314, 5.96, 168.96, -19.25, 5.97, 168.95, -19.27, 0.01, 161.20, -32.97);
insert into SHOT_FLAG values(8564, 'dpl');
insert into SHOT values (8565, 8502, 8503, 7314, 5.00, 151.95, -30.48, 5.00, 151.89, -30.42, 0.01, 52.18, 52.78);
insert into SHOT_FLAG values(8565, 'dpl');
insert into SHOT values (8566, 8503, 8504, 7314, 24.91, 61.83, -13.36, 24.91, 61.83, -13.37, 0.01, 253.82, -37.25);
insert into SHOT_FLAG values(8566, 'dpl');
insert into SHOT values (8567, 8504, 8505, 7314, 15.60, 41.58, -7.97, 15.61, 41.59, -7.96, 0.01, 63.19, 21.49);
insert into SHOT_FLAG values(8567, 'dpl');
insert into SHOT values (8568, 8505, 8506, 7314, 11.41, 355.70, 9.53, 11.41, 355.67, 9.53, 0.01, 262.26, 8.19);
insert into SHOT_FLAG values(8568, 'dpl');
insert into SHOT values (8569, 8506, 8507, 7314, 12.12, 38.12, 8.00, 12.12, 38.13, 7.97, 0.01, 155.82, -70.03);
insert into SHOT_FLAG values(8569, 'dpl');
insert into SHOT values (8570, 8507, 8508, 7314, 18.63, 26.58, -3.49, 18.63, 26.58, -3.48, 0.00, 257.54, 83.19);
insert into SHOT_FLAG values(8570, 'dpl');
insert into SHOT values (8571, 8508, 8509, 7314, 22.04, 8.71, -2.86, 22.04, 8.70, -2.86, 0.00, 290.92, -4.65);
insert into SHOT_FLAG values(8571, 'dpl');
insert into SHOT values (8572, 8509, 8510, 7314, 16.32, 48.05, -15.32, 16.32, 48.06, -15.31, 0.00, 118.08, 24.64);
insert into SHOT_FLAG values(8572, 'dpl');
insert into SHOT values (8573, 8510, 8511, 7314, 8.66, 342.40, -29.92, 8.66, 342.41, -29.90, 0.01, 355.17, -4.91);
insert into SHOT_FLAG values(8573, 'dpl');
insert into SHOT values (8574, 8511, 8512, 7314, 15.67, 31.52, 5.64, 15.67, 31.52, 5.64, 0.00, 217.39, -0.15);
insert into SHOT_FLAG values(8574, 'dpl');
insert into SHOT values (8575, 8512, 8513, 7314, 7.05, 80.01, 8.10, 7.06, 80.03, 8.07, 0.01, 97.46, -28.37);
insert into SHOT_FLAG values(8575, 'dpl');
insert into SHOT values (8576, 8513, 8514, 7314, 5.98, 47.87, -16.98, 5.98, 47.83, -16.92, 0.01, 335.02, 59.58);
insert into SHOT_FLAG values(8576, 'dpl');
insert into SHOT values (8577, 8514, 8515, 7314, 18.20, 21.96, 12.21, 18.20, 21.95, 12.21, 0.00, 318.00, 14.04);
insert into SHOT_FLAG values(8577, 'dpl');
insert into SHOT values (8578, 8515, 8516, 7314, 2.79, 157.77, 28.24, 2.79, 157.81, 28.19, 0.00, 178.71, -1.59);
insert into SHOT_FLAG values(8578, 'dpl');
insert into SHOT values (8579, 8517, 8516, 7314, 1.03, 20.18, 17.53, 1.03, 20.28, 17.54, 0.00, 147.77, -6.21);
insert into SHOT_FLAG values(8579, 'dpl');
insert into SHOT values (8580, 8517, 8518, 7314, 15.73, 10.67, 35.94, 15.72, 10.68, 35.94, 0.01, 159.44, -24.03);
insert into SHOT_FLAG values(8580, 'dpl');
insert into SHOT values (8581, 8518, 8519, 7314, 26.22, 11.73, -0.76, 26.22, 11.73, -0.76, 0.00, 197.86, -85.23);
insert into SHOT_FLAG values(8581, 'dpl');
insert into SHOT values (8582, 8519, 8520, 7314, 23.47, 16.66, 0.89, 23.48, 16.66, 0.88, 0.01, 15.24, -29.04);
insert into SHOT_FLAG values(8582, 'dpl');
insert into SHOT values (8583, 8520, 8521, 7314, 23.05, 26.65, 0.57, 23.05, 26.65, 0.57, 0.00, 97.49, 22.23);
insert into SHOT_FLAG values(8583, 'dpl');
insert into SHOT values (8584, 8521, 8522, 7314, 18.01, 45.46, 4.81, 18.00, 45.47, 4.81, 0.01, 191.63, -1.22);
insert into SHOT_FLAG values(8584, 'dpl');
insert into SHOT values (8585, 8522, 8523, 7314, 12.96, 62.06, -6.64, 12.96, 62.02, -6.60, 0.01, 342.94, 44.41);
insert into SHOT_FLAG values(8585, 'dpl');
insert into SHOT values (8586, 8523, 8524, 7314, 15.41, 91.99, 7.03, 15.41, 92.02, 7.01, 0.01, 150.34, -30.40);
insert into SHOT_FLAG values(8586, 'dpl');
insert into SHOT values (8587, 8524, 8525, 7314, 7.87, 34.59, 17.47, 7.87, 34.58, 17.45, 0.00, 269.31, -56.77);
insert into SHOT_FLAG values(8587, 'dpl');
insert into SHOT values (8588, 8524, 8526, 7314, 20.33, 91.12, -1.79, 20.32, 91.10, -1.78, 0.01, 319.22, 27.95);
insert into SHOT_FLAG values(8588, 'dpl');
insert into SHOT values (8589, 8526, 8527, 7314, 24.60, 357.82, -1.14, 24.59, 357.83, -1.14, 0.01, 142.75, -3.56);
insert into SHOT_FLAG values(8589, 'dpl');
insert into SHOT values (8590, 8527, 8528, 7314, 24.90, 50.90, 0.46, 24.90, 50.88, 0.46, 0.01, 336.29, 0.72);
insert into SHOT_FLAG values(8590, 'dpl');
insert into SHOT values (8591, 8528, 8529, 7314, 27.80, 72.31, 0.56, 27.80, 72.30, 0.56, 0.01, 304.69, -18.50);
insert into SHOT_FLAG values(8591, 'dpl');
insert into SHOT values (8592, 8529, 8530, 7314, 25.83, 77.95, -1.43, 25.84, 77.95, -1.44, 0.01, 95.91, -37.44);
insert into SHOT_FLAG values(8592, 'dpl');
insert into SHOT values (8593, 8530, 8531, 7314, 27.58, 61.72, 0.32, 27.57, 61.72, 0.33, 0.01, 229.27, 30.26);
insert into SHOT_FLAG values(8593, 'dpl');
insert into SHOT values (8594, 8531, 8532, 7314, 24.01, 68.62, 5.61, 24.01, 68.62, 5.62, 0.00, 212.79, 68.17);
insert into SHOT_FLAG values(8594, 'dpl');
insert into SHOT values (8595, 8532, 8533, 7314, 21.28, 97.49, -1.94, 21.28, 97.48, -1.97, 0.01, 57.59, -65.71);
insert into SHOT_FLAG values(8595, 'dpl');
insert into SHOT values (8596, 8533, 8534, 7314, 14.93, 41.21, 2.63, 14.93, 41.22, 2.65, 0.01, 90.10, 49.75);
insert into SHOT_FLAG values(8596, 'dpl');
insert into SHOT values (8597, 8534, 8535, 7314, 19.30, 50.35, -0.64, 19.30, 50.34, -0.65, 0.01, 7.88, -38.47);
insert into SHOT_FLAG values(8597, 'dpl');
insert into SHOT values (8598, 8535, 8536, 7314, 14.23, 51.65, -0.27, 14.22, 51.68, -0.24, 0.01, 177.13, 37.76);
insert into SHOT_FLAG values(8598, 'dpl');
insert into SHOT values (8599, 8536, 8537, 7314, 4.04, 15.75, -7.74, 4.05, 15.63, -7.81, 0.01, 316.99, -31.27);
insert into SHOT_FLAG values(8599, 'dpl');
insert into SHOT values (8600, 8536, 8538, 7314, 10.74, 37.99, -1.40, 10.74, 37.93, -1.44, 0.01, 312.91, -32.45);
insert into SHOT_FLAG values(8600, 'dpl');
insert into SHOT values (8601, 8538, 8539, 7314, 2.77, 77.85, -21.64, 2.77, 77.91, -21.59, 0.00, 123.39, 23.35);
insert into SHOT_FLAG values(8601, 'dpl');
insert into SHOT values (8602, 8539, 8540, 7314, 4.53, 78.60, 40.77, 4.53, 78.56, 40.81, 0.00, 301.76, 26.64);
insert into SHOT_FLAG values(8602, 'dpl');
insert into SHOT values (8603, 8540, 8541, 7314, 2.04, 125.84, 53.31, 2.05, 126.03, 53.26, 0.01, 163.13, 32.23);
insert into SHOT_FLAG values(8603, 'dpl');
insert into SHOT values (8604, 8541, 8542, 7314, 3.63, 168.88, 39.64, 3.62, 168.85, 39.60, 0.01, 17.01, -62.68);
insert into SHOT_FLAG values(8604, 'dpl');
insert into SHOT values (8605, 8542, 8543, 7314, 4.51, 242.43, 6.91, 4.51, 242.46, 7.00, 0.01, 332.16, 71.34);
insert into SHOT_FLAG values(8605, 'dpl');
insert into SHOT values (8606, 8543, 8544, 7314, 2.73, 181.44, 41.98, 2.73, 181.41, 41.87, 0.01, 140.63, -75.33);
insert into SHOT_FLAG values(8606, 'dpl');
insert into SHOT values (8607, 8544, 8545, 7314, 2.42, 21.13, 22.96, 2.43, 21.28, 23.05, 0.01, 77.15, 40.90);
insert into SHOT_FLAG values(8607, 'dpl');
insert into SHOT values (8608, 8545, 8546, 7314, 4.96, 139.87, 55.40, 4.96, 140.04, 55.37, 0.01, 219.03, -18.12);
insert into SHOT_FLAG values(8608, 'dpl');
insert into SHOT values (8609, 8546, 8547, 7314, 2.11, 190.35, -6.53, 2.11, 190.45, -6.54, 0.00, 303.11, -0.62);
insert into SHOT_FLAG values(8609, 'dpl');
insert into SHOT values (8610, 8547, 8548, 7314, 5.83, 132.15, 15.48, 5.83, 132.12, 15.41, 0.01, 84.47, -53.23);
insert into SHOT_FLAG values(8610, 'dpl');
insert into SHOT values (8611, 8548, 8549, 7314, 4.47, 14.57, 13.64, 4.48, 14.52, 13.70, 0.01, 334.33, 42.60);
insert into SHOT_FLAG values(8611, 'dpl');
insert into SHOT values (8612, 8549, 8550, 7314, 4.91, 356.51, 18.72, 4.91, 356.55, 18.66, 0.01, 117.86, -59.14);
insert into SHOT_FLAG values(8612, 'dpl');
insert into SHOT values (8613, 8550, 8551, 7314, 7.87, 137.51, 35.96, 7.88, 137.54, 36.01, 0.01, 226.76, 65.71);
insert into SHOT_FLAG values(8613, 'dpl');
insert into SHOT values (8614, 8551, 8552, 7314, 6.46, 91.91, 14.30, 6.46, 91.92, 14.24, 0.01, 110.53, -55.33);
insert into SHOT_FLAG values(8614, 'dpl');
insert into SHOT values (8615, 8552, 8553, 7314, 3.34, 25.67, 6.61, 3.34, 25.72, 6.70, 0.01, 97.08, 63.20);
insert into SHOT_FLAG values(8615, 'dpl');
insert into SHOT values (8616, 8553, 8554, 7314, 16.07, 95.21, -17.86, 16.07, 95.21, -17.87, 0.00, 245.84, -29.24);
insert into SHOT_FLAG values(8616, 'dpl');
insert into SHOT values (8617, 8554, 8555, 7314, 13.57, 84.16, 12.65, 13.57, 84.15, 12.64, 0.00, 325.68, -27.79);
insert into SHOT_FLAG values(8617, 'dpl');
insert into SHOT values (8618, 8555, 8556, 7314, 7.69, 20.08, -1.26, 7.69, 20.08, -1.27, 0.00, 152.81, -44.70);
insert into SHOT_FLAG values(8618, 'dpl');
insert into SHOT values (8619, 8556, 8557, 7314, 9.50, 60.41, -9.58, 9.51, 60.40, -9.57, 0.01, 43.48, 9.64);
insert into SHOT_FLAG values(8619, 'dpl');
insert into SHOT values (8620, 8557, 8558, 7314, 14.87, 26.45, 8.15, 14.87, 26.43, 8.16, 0.01, 278.83, 16.65);
insert into SHOT_FLAG values(8620, 'dpl');
insert into SHOT values (8621, 8558, 8559, 7314, 19.62, 88.20, 24.60, 19.62, 88.20, 24.58, 0.01, 230.06, -85.88);
insert into SHOT_FLAG values(8621, 'dpl');
insert into SHOT values (8622, 8559, 8560, 7314, 7.18, 89.85, 27.16, 7.18, 89.91, 27.17, 0.01, 165.63, 19.78);
insert into SHOT_FLAG values(8622, 'dpl');
insert into SHOT values (8623, 8560, 8561, 7314, 7.77, 108.99, 18.35, 7.77, 109.00, 18.38, 0.01, 267.03, 47.40);
insert into SHOT_FLAG values(8623, 'dpl');
insert into SHOT values (8624, 8561, 8562, 7314, 5.81, 83.49, 4.62, 5.82, 83.46, 4.63, 0.01, 61.18, 15.91);
insert into SHOT_FLAG values(8624, 'dpl');
insert into SHOT values (8625, 8562, 8563, 7314, 18.00, 24.78, -4.83, 18.00, 24.79, -4.84, 0.01, 152.84, -40.48);
insert into SHOT_FLAG values(8625, 'dpl');
insert into SHOT values (8626, 8563, 8564, 7314, 15.82, 27.85, -5.35, 15.82, 27.82, -5.33, 0.01, 291.84, 29.59);
insert into SHOT_FLAG values(8626, 'dpl');
insert into SHOT values (8627, 8564, 8565, 7314, 25.78, 32.95, 4.38, 25.78, 32.95, 4.36, 0.01, 270.50, -83.74);
insert into SHOT_FLAG values(8627, 'dpl');
insert into SHOT values (8628, 8565, 8566, 7314, 21.61, 37.43, 3.83, 21.61, 37.44, 3.85, 0.01, 112.96, 50.51);
insert into SHOT_FLAG values(8628, 'dpl');
insert into SHOT values (8629, 8566, 8567, 7314, 21.77, 19.23, -2.59, 21.77, 19.22, -2.61, 0.01, 333.21, -44.48);
insert into SHOT_FLAG values(8629, 'dpl');
insert into SHOT values (8630, 8567, 8568, 7314, 7.94, 22.13, 0.50, 7.94, 22.14, 0.51, 0.00, 191.31, 8.28);
insert into SHOT_FLAG values(8630, 'dpl');
insert into SHOT values (8631, 8568, 8569, 7314, 10.73, 78.70, 15.23, 10.74, 78.70, 15.23, 0.01, 79.93, 9.54);
insert into SHOT_FLAG values(8631, 'dpl');
insert into SHOT values (8632, 8569, 8570, 7314, 12.74, 14.11, 1.96, 12.74, 14.09, 1.98, 0.01, 291.84, 44.77);
insert into SHOT_FLAG values(8632, 'dpl');
insert into SHOT values (8633, 8570, 8571, 7314, 14.50, 356.89, -14.52, 14.50, 356.90, -14.53, 0.01, 22.11, -48.21);
insert into SHOT_FLAG values(8633, 'dpl');
insert into SHOT values (8634, 8571, 8572, 7314, 8.34, 20.67, 17.64, 8.33, 20.65, 17.67, 0.01, 221.26, 17.94);
insert into SHOT_FLAG values(8634, 'dpl');
insert into SHOT values (8635, 8572, 8573, 7314, 11.34, 47.62, -1.68, 11.34, 47.64, -1.67, 0.01, 93.18, 19.72);
insert into SHOT_FLAG values(8635, 'dpl');
insert into SHOT values (8636, 8573, 8574, 7314, 7.83, 57.97, 13.42, 7.82, 57.94, 13.38, 0.01, 275.44, -46.72);
insert into SHOT_FLAG values(8636, 'dpl');
insert into SHOT values (8637, 8574, 8575, 7314, 5.55, 85.32, 17.40, 5.55, 85.34, 17.40, 0.00, 142.38, 6.94);
insert into SHOT_FLAG values(8637, 'dpl');
insert into SHOT values (8638, 8575, 8576, 7314, 8.48, 83.56, -19.81, 8.48, 83.53, -19.78, 0.01, 22.92, 34.84);
insert into SHOT_FLAG values(8638, 'dpl');
insert into SHOT values (8639, 8576, 8577, 7314, 19.00, 61.83, 13.08, 18.99, 61.84, 13.09, 0.01, 215.08, 0.57);
insert into SHOT_FLAG values(8639, 'dpl');
insert into SHOT values (8640, 8577, 8578, 7314, 5.80, 129.46, 17.21, 5.80, 129.43, 17.24, 0.00, 66.45, 55.24);
insert into SHOT_FLAG values(8640, 'dpl');
insert into SHOT values (8641, 8578, 8579, 7314, 12.43, 98.04, 8.81, 12.43, 98.00, 8.80, 0.01, 341.94, -24.06);
insert into SHOT_FLAG values(8641, 'dpl');
insert into SHOT values (8642, 8579, 8580, 7314, 15.32, 128.35, 11.17, 15.33, 128.36, 11.17, 0.01, 145.72, 21.71);
insert into SHOT_FLAG values(8642, 'dpl');
insert into SHOT values (8643, 8580, 8581, 7314, 14.94, 111.02, 20.98, 14.94, 111.01, 20.99, 0.00, 340.39, 12.50);
insert into SHOT_FLAG values(8643, 'dpl');
insert into SHOT values (8644, 8581, 8582, 7314, 12.75, 103.06, -4.40, 12.76, 103.09, -4.41, 0.01, 138.99, -10.64);
insert into SHOT_FLAG values(8644, 'dpl');
insert into SHOT values (8645, 8582, 8583, 7314, 5.36, 109.38, -43.09, 5.35, 109.27, -43.12, 0.01, 344.19, 10.21);
insert into SHOT_FLAG values(8645, 'dpl');
insert into SHOT values (8646, 8583, 8584, 7314, 2.04, 113.12, -31.34, 2.04, 113.33, -31.31, 0.01, 202.45, 9.29);
insert into SHOT_FLAG values(8646, 'dpl');
insert into SHOT values (8647, 8584, 8585, 7314, 3.30, 77.81, -50.91, 3.31, 77.83, -50.92, 0.01, 84.10, -54.63);
insert into SHOT_FLAG values(8647, 'dpl');
insert into SHOT values (8648, 8585, 8586, 7314, 3.41, 47.63, -54.28, 3.40, 47.65, -54.22, 0.01, 207.14, 77.64);
insert into SHOT_FLAG values(8648, 'dpl');
insert into SHOT values (8649, 8586, 8587, 7314, 3.48, 337.76, -22.32, 3.48, 337.74, -22.44, 0.01, 278.22, -79.41);
insert into SHOT_FLAG values(8649, 'dpl');
insert into SHOT values (8650, 8587, 8588, 7314, 3.08, 117.13, -36.90, 3.07, 117.09, -36.80, 0.01, 327.32, 67.95);
insert into SHOT_FLAG values(8650, 'dpl');
insert into SHOT values (8651, 8588, 8589, 7314, 8.41, 39.40, -46.14, 8.41, 39.43, -46.18, 0.01, 156.93, -62.39);
insert into SHOT_FLAG values(8651, 'dpl');
insert into SHOT values (8652, 8589, 8590, 7314, 2.51, 169.63, -49.52, 2.51, 169.73, -49.59, 0.00, 310.58, -10.56);
insert into SHOT_FLAG values(8652, 'dpl');
insert into SHOT values (8653, 8590, 8591, 7314, 5.37, 114.35, -64.73, 5.37, 114.44, -64.67, 0.01, 162.21, 50.34);
insert into SHOT_FLAG values(8653, 'dpl');
insert into SHOT values (8654, 8591, 8592, 7314, 4.04, 107.22, 4.60, 4.04, 107.18, 4.54, 0.01, 58.54, -44.11);
insert into SHOT_FLAG values(8654, 'dpl');
insert into SHOT values (8655, 8592, 8593, 7314, 8.66, 107.66, -5.23, 8.65, 107.64, -5.24, 0.01, 309.60, -3.55);
insert into SHOT_FLAG values(8655, 'dpl');
insert into SHOT values (8656, 8593, 8594, 7314, 20.03, 98.20, -4.80, 20.04, 98.21, -4.81, 0.01, 126.25, -36.34);
insert into SHOT_FLAG values(8656, 'dpl');
insert into SHOT values (8657, 8594, 8595, 7314, 21.66, 90.63, -11.08, 21.66, 90.65, -11.07, 0.01, 141.30, 17.95);
insert into SHOT_FLAG values(8657, 'dpl');
insert into SHOT values (8658, 8595, 8596, 7314, 20.83, 80.72, -1.89, 20.82, 80.71, -1.87, 0.01, 294.29, 45.80);
insert into SHOT_FLAG values(8658, 'dpl');
insert into SURVEY values (7316, 68, 'cotw_surface_tie_in', 'cotw_surface_tie_in.clearwater_master', NULL);
 insert into CENTRELINE values (7317, 7316, NULL, NULL, NULL, 0.00, 0.00, 0.00);
 insert into CENTRELINE values (7318, 7316, NULL, '2018-01-14', NULL, 6.65, 91.58, 0.00);
 insert into SHOT values (8659, 8597, 8598, 7318, 6.50, 194.86, 10.98, 6.49, 194.91, 11.01, 0.01, 335.03, 13.22);
insert into SHOT_FLAG values(8659, 'srf');
insert into SHOT values (8660, 8598, 8599, 7318, 10.73, 156.73, 12.58, 10.73, 156.72, 12.59, 0.00, 79.43, 47.06);
insert into SHOT_FLAG values(8660, 'srf');
insert into SHOT values (8661, 8599, 8600, 7318, 15.87, 180.25, 11.90, 15.87, 180.26, 11.89, 0.00, 241.64, -44.00);
insert into SHOT_FLAG values(8661, 'srf');
insert into SHOT values (8662, 8600, 8601, 7318, 14.31, 167.99, 14.79, 14.31, 167.98, 14.78, 0.00, 18.20, -43.37);
insert into SHOT_FLAG values(8662, 'srf');
insert into SHOT values (8663, 8601, 8602, 7318, 20.75, 198.21, 12.55, 20.75, 198.21, 12.55, 0.00, 253.00, 64.69);
insert into SHOT_FLAG values(8663, 'srf');
insert into SHOT values (8664, 8602, 8603, 7318, 6.27, 220.38, 17.38, 6.27, 220.39, 17.34, 0.00, 242.19, -36.93);
insert into SHOT_FLAG values(8664, 'srf');
insert into SHOT values (8665, 8603, 8604, 7318, 4.64, 189.86, 6.93, 4.64, 189.87, 6.93, 0.00, 212.76, 3.81);
insert into SHOT_FLAG values(8665, 'srf');
insert into SHOT values (8666, 8604, 8605, 7318, 4.03, 201.23, 32.65, 4.03, 201.27, 32.74, 0.01, 336.16, 61.25);
insert into SHOT_FLAG values(8666, 'srf');
insert into SHOT values (8667, 8606, 8605, 7318, 8.48, 279.62, -19.77, 8.48, 279.66, -19.77, 0.01, 342.29, -14.02);
insert into SHOT_FLAG values(8667, 'srf');
insert into SHOT values (8668, 8606, 8607, 7318, 6.65, 44.80, -11.77, 6.65, 44.81, -11.80, 0.00, 78.16, -51.78);
insert into SURVEY values (7320, 68, 'clearwater_centreline', 'clearwater_centreline.clearwater_master', NULL);
 insert into CENTRELINE values (7321, 7320, NULL, NULL, NULL, 0.00, 0.00, 0.00);
 insert into CENTRELINE values (7322, 7320, NULL, '2018-01-15', NULL, 0.00, 0.00, 691.43);
 insert into SHOT values (8669, 8608, 8609, 7322, 7.41, 196.63, -4.62, 7.41, 196.60, -4.64, 0.01, 128.53, -33.09);
insert into SHOT_FLAG values(8669, 'dpl');
insert into SHOT values (8670, 8608, 8610, 7322, 7.39, 197.64, -4.64, 7.39, 197.62, -4.66, 0.00, 105.08, -45.29);
insert into SHOT_FLAG values(8670, 'dpl');
insert into SHOT values (8671, 8608, 8611, 7322, 11.72, 60.71, -26.13, 11.72, 60.71, -26.11, 0.00, 53.64, 23.00);
insert into SHOT_FLAG values(8671, 'dpl');
insert into SHOT values (8672, 8611, 8612, 7322, 31.98, 22.09, -22.65, 31.98, 22.10, -22.66, 0.01, 171.40, -32.06);
insert into SHOT_FLAG values(8672, 'dpl');
insert into SHOT values (8673, 8612, 8613, 7322, 28.84, 338.91, -22.21, 28.85, 338.91, -22.20, 0.01, 344.08, 10.46);
insert into SHOT_FLAG values(8673, 'dpl');
insert into SHOT values (8674, 8613, 8614, 7322, 11.48, 21.76, -8.84, 11.47, 21.75, -8.82, 0.01, 224.81, 29.14);
insert into SHOT_FLAG values(8674, 'dpl');
insert into SHOT values (8675, 8614, 8615, 7322, 43.68, 28.46, -4.98, 43.68, 28.46, -4.98, 0.01, 39.91, 20.24);
insert into SHOT_FLAG values(8675, 'dpl');
insert into SHOT values (8676, 8615, 8616, 7322, 36.68, 102.95, -0.27, 36.68, 102.95, -0.28, 0.01, 91.36, -65.11);
insert into SHOT_FLAG values(8676, 'dpl');
insert into SHOT values (8677, 8616, 8617, 7322, 3.80, 85.30, 0.35, 3.79, 85.31, 0.45, 0.01, 259.23, 43.00);
insert into SHOT_FLAG values(8677, 'dpl');
insert into SHOT values (8678, 8617, 8618, 7322, 6.49, 66.76, 1.14, 6.50, 66.79, 1.15, 0.01, 92.50, 6.44);
insert into SHOT_FLAG values(8678, 'dpl');
insert into SHOT values (8679, 8618, 8619, 7322, 14.38, 53.27, -5.57, 14.38, 53.27, -5.59, 0.00, 319.49, -77.44);
insert into SHOT_FLAG values(8679, 'dpl');
insert into SHOT values (8680, 8619, 8620, 7322, 6.80, 14.15, 9.73, 6.80, 14.16, 9.73, 0.00, 53.46, 21.25);
insert into SHOT_FLAG values(8680, 'dpl');
insert into SHOT values (8681, 8620, 8621, 7322, 43.11, 12.78, -1.88, 43.11, 12.78, -1.87, 0.00, 297.99, 73.11);
insert into SHOT_FLAG values(8681, 'dpl');
insert into SHOT values (8682, 8621, 8622, 7322, 26.58, 31.21, -0.61, 26.58, 31.21, -0.63, 0.01, 231.13, -66.78);
insert into SHOT_FLAG values(8682, 'dpl');
insert into SHOT values (8683, 8622, 8623, 7322, 40.98, 27.91, -0.67, 40.98, 27.91, -0.67, 0.00, 220.90, -34.22);
insert into SHOT_FLAG values(8683, 'dpl');
insert into SHOT values (8684, 8623, 8624, 7322, 20.40, 359.48, -2.60, 20.40, 359.47, -2.58, 0.01, 290.02, 45.17);
insert into SHOT_FLAG values(8684, 'dpl');
insert into SHOT values (8685, 8624, 8625, 7322, 20.77, 354.09, 1.34, 20.77, 354.11, 1.32, 0.01, 116.24, -32.57);
insert into SHOT_FLAG values(8685, 'dpl');
insert into SHOT values (8686, 8625, 8626, 7322, 20.89, 345.48, 4.11, 20.89, 345.46, 4.12, 0.01, 262.65, 24.80);
insert into SHOT_FLAG values(8686, 'dpl');
insert into SHOT values (8687, 8626, 8627, 7322, 29.84, 325.84, 2.25, 29.84, 325.85, 2.25, 0.01, 18.43, -11.20);
insert into SHOT_FLAG values(8687, 'dpl');
insert into SHOT values (8688, 8627, 8628, 7322, 56.87, 20.41, 0.50, 56.86, 20.41, 0.50, 0.01, 193.38, 25.08);
insert into SHOT_FLAG values(8688, 'dpl');
insert into SHOT values (8689, 8628, 8629, 7322, 34.55, 81.85, -1.51, 34.55, 81.84, -1.51, 0.00, 12.45, 6.62);
insert into SHOT_FLAG values(8689, 'dpl');
insert into SHOT values (8690, 8629, 8630, 7322, 21.71, 69.83, 1.46, 21.71, 69.84, 1.45, 0.00, 210.90, -39.11);
insert into SHOT_FLAG values(8690, 'dpl');
insert into SHOT values (8691, 8630, 8631, 7322, 21.02, 60.25, 4.79, 21.03, 60.24, 4.80, 0.01, 35.17, 33.08);
insert into SHOT_FLAG values(8691, 'dpl');
insert into SHOT values (8692, 8631, 8632, 7322, 7.54, 39.82, 10.99, 7.53, 39.85, 10.94, 0.01, 178.82, -56.16);
insert into SHOT_FLAG values(8692, 'dpl');
insert into SHOT values (8693, 8632, 8633, 7322, 19.54, 31.65, 8.54, 19.54, 31.65, 8.56, 0.01, 37.44, 84.59);
insert into SHOT_FLAG values(8693, 'dpl');
insert into SHOT values (8694, 8633, 8634, 7322, 6.14, 319.55, -24.14, 6.14, 319.49, -24.22, 0.01, 232.05, -55.58);
insert into SHOT_FLAG values(8694, 'dpl');
insert into SHOT values (8695, 8634, 8635, 7322, 32.68, 28.69, -6.31, 32.69, 28.69, -6.31, 0.01, 47.56, 11.74);
insert into SHOT_FLAG values(8695, 'dpl');
insert into SHOT values (8696, 8635, 8636, 7322, 14.87, 44.53, 0.99, 14.87, 44.51, 1.00, 0.01, 278.78, 25.02);
insert into SHOT_FLAG values(8696, 'dpl');
insert into SHOT values (8697, 8634, 8637, 7322, 30.28, 152.14, 35.41, 30.28, 152.12, 35.42, 0.01, 40.16, 24.42);
insert into SHOT_FLAG values(8697, 'dpl');
insert into SHOT values (8698, 8637, 8638, 7322, 26.36, 78.03, 9.81, 26.36, 78.05, 9.81, 0.01, 178.28, -10.01);
insert into SHOT_FLAG values(8698, 'dpl');
insert into SHOT values (8699, 8638, 8639, 7322, 6.65, 55.64, 12.68, 6.64, 55.62, 12.69, 0.01, 253.84, 2.75);
insert into SHOT_FLAG values(8699, 'dpl');
insert into SURVEY values (7324, 68, 'eureka_climb', 'eureka_climb.clearwater_master', NULL);
 insert into CENTRELINE values (7325, 7324, NULL, NULL, NULL, 0.00, 0.00, 0.00);
 insert into CENTRELINE values (7326, 7324, NULL, '2019-04-21', NULL, 53.37, 0.00, 29.35);
 insert into SHOT values (8700, 8640, 8641, 7326, 7.33, 200.83, 4.91, 7.33, 200.77, 4.85, 0.01, 121.31, -42.19);
insert into SHOT values (8701, 8640, 8642, 7326, 23.45, 28.31, -1.03, 23.45, 28.31, -1.03, 0.00, 156.72, 36.34);
insert into SHOT values (8702, 8642, 8643, 7326, 6.67, 24.75, -3.51, 6.67, 24.76, -3.52, 0.01, 34.46, -18.52);
insert into SHOT values (8703, 8643, 8644, 7326, 5.87, 47.76, 16.16, 5.87, 47.73, 16.13, 0.01, 268.31, -42.65);
insert into SHOT values (8704, 8644, 8645, 7326, 7.06, 69.52, -3.50, 7.07, 69.59, -3.49, 0.01, 122.93, 5.61);
insert into SHOT values (8705, 8645, 8646, 7326, 2.99, 95.90, 20.43, 2.98, 95.96, 20.41, 0.01, 254.36, -26.68);
insert into SHOT values (8706, 8646, 8647, 7326, 29.35, 89.26, -57.05, 29.35, 89.25, -57.05, 0.00, 328.59, -13.52);
insert into SHOT_FLAG values(8706, 'dpl');
insert into SURVEY values (7328, 68, 'eureka_crawl', 'eureka_crawl.clearwater_master', NULL);
 insert into CENTRELINE values (7329, 7328, NULL, NULL, NULL, 0.00, 0.00, 0.00);
 insert into CENTRELINE values (7330, 7328, NULL, '2019-04-21', NULL, 65.13, 0.00, 0.00);
 insert into SHOT values (8707, 8648, 8649, 7330, 6.10, 221.60, -7.30, 6.09, 221.58, -7.36, 0.01, 57.18, -30.06);
insert into SHOT values (8708, 8649, 8650, 7330, 5.74, 273.60, -8.80, 5.74, 273.54, -8.72, 0.01, 168.67, 52.27);
insert into SHOT values (8709, 8650, 8651, 7330, 3.24, 229.70, -0.10, 3.24, 229.88, -0.18, 0.01, 301.99, -22.36);
insert into SHOT values (8710, 8651, 8652, 7330, 3.89, 269.90, -10.50, 3.89, 269.85, -10.53, 0.01, 124.40, -10.62);
insert into SHOT values (8711, 8652, 8653, 7330, 3.94, 243.30, -3.00, 3.95, 243.30, -2.91, 0.01, 246.88, 49.11);
insert into SHOT values (8712, 8653, 8654, 7330, 4.07, 147.60, -2.10, 4.07, 147.56, -2.11, 0.00, 8.99, -11.69);
insert into SHOT values (8713, 8654, 8655, 7330, 2.71, 185.00, 15.20, 2.71, 184.82, 15.17, 0.01, 120.96, -3.30);
insert into SHOT values (8714, 8655, 8656, 7330, 3.08, 287.10, -17.80, 3.09, 287.20, -17.72, 0.01, 317.43, 8.38);
insert into SHOT values (8715, 8656, 8657, 7330, 6.30, 285.10, 1.00, 6.30, 285.10, 1.00, 0.00, 120.90, 1.58);
insert into SHOT values (8716, 8657, 8658, 7330, 6.00, 266.80, 17.00, 6.00, 266.80, 16.96, 0.00, 284.74, -74.71);
insert into SHOT values (8717, 8658, 8659, 7330, 2.59, 212.90, 3.90, 2.59, 212.83, 3.99, 0.01, 96.73, 46.94);
insert into SHOT values (8718, 8659, 8660, 7330, 8.70, 204.50, -59.80, 8.74, 204.70, -59.75, 0.04, 234.81, -44.99);
insert into SHOT values (8719, 8659, 8660, 7330, 8.77, 205.00, -59.70, 8.74, 204.70, -59.75, 0.04, 71.29, 34.79);
insert into SURVEY values (7332, 68, 'eureka_climb_revisited', 'eureka_climb_revisited.clearwater_master', NULL);
 insert into CENTRELINE values (7333, 7332, NULL, NULL, NULL, 0.00, 0.00, 0.00);
 insert into CENTRELINE values (7334, 7332, NULL, '2019-04-21', NULL, 93.71, 0.00, 0.00);
 insert into SHOT values (8720, 8661, 8662, 7334, 13.03, 278.90, 51.10, 13.03, 278.86, 51.11, 0.01, 146.91, -4.13);
insert into SHOT values (8721, 8662, 8663, 7334, 9.22, 344.80, 35.80, 9.22, 344.81, 35.77, 0.00, 10.28, -42.14);
insert into SHOT values (8722, 8663, 8664, 7334, 5.61, 217.20, -11.30, 5.61, 217.24, -11.31, 0.00, 295.79, -9.60);
insert into SHOT values (8723, 8664, 8665, 7334, 7.77, 192.70, 28.40, 7.77, 192.67, 28.42, 0.01, 131.87, 51.35);
insert into SHOT values (8724, 8665, 8666, 7334, 11.10, 191.30, 12.90, 11.10, 191.30, 12.91, 0.00, 46.35, 85.57);
insert into SHOT values (8725, 8666, 8667, 7334, 5.31, 176.90, 24.50, 5.31, 176.92, 24.46, 0.01, 194.13, -20.74);
insert into SHOT values (8726, 8667, 8668, 7334, 2.00, 90.80, 22.80, 1.99, 90.62, 22.71, 0.01, 328.30, -36.70);
insert into SHOT values (8727, 8668, 8669, 7334, 4.07, 96.70, 42.10, 4.07, 96.65, 42.11, 0.00, 18.57, 29.05);
insert into SHOT values (8728, 8669, 8670, 7334, 2.87, 176.80, 30.00, 2.87, 176.77, 30.10, 0.01, 37.83, 67.73);
insert into SHOT values (8729, 8670, 8671, 7334, 4.91, 96.10, 47.20, 4.91, 96.19, 47.15, 0.01, 152.74, -22.91);
insert into SHOT values (8730, 8671, 8672, 7334, 2.18, 72.60, 39.60, 2.18, 72.65, 39.67, 0.00, 231.10, 6.46);
insert into SHOT values (8731, 8672, 8673, 7334, 3.22, 129.90, 50.10, 3.22, 129.88, 50.19, 0.01, 317.05, -2.33);
insert into SHOT values (8732, 8673, 8674, 7334, 3.04, 156.40, 30.50, 3.04, 156.37, 30.45, 0.00, 78.35, -64.79);
insert into SHOT values (8733, 8666, 8675, 7334, 14.28, 213.90, 7.00, 14.28, 213.93, 7.00, 0.01, 311.57, -2.64);
insert into SHOT values (8734, 8675, 8676, 7334, 5.10, 197.80, 4.20, 5.11, 197.72, 4.16, 0.01, 145.91, -22.07);
insert into SURVEY values (7336, 68, 'bloodsweatandfear', 'bloodsweatandfear.clearwater_master', NULL);
 insert into CENTRELINE values (7337, 7336, NULL, NULL, NULL, 0.00, 0.00, 0.00);
 insert into SCRAPS values (7338, 7336, 'bsfSP1', 1, 0.63548, 0.05159);
 insert into SCRAPS values (7393, 7336, 'bsfSP2', 1, 0.32095, 0.08774);
 insert into SCRAPS values (7401, 7336, 'bsfSP3', 1, 0.60377, 0.07730);
 insert into MAPS values (7420, 7336, 'bloodsweatandfear_m', NULL, 1, 50.590, 9.000);
 insert into MAPITEMS values (7420, 4, 7338);
 insert into MAPITEMS values (7420, 4, 7393);
 insert into MAPITEMS values (7420, 4, 7401);
 insert into CENTRELINE values (7421, 7336, NULL, '2019-04-23', NULL, 50.59, 0.00, 14.84);
 insert into SHOT values (8735, 8677, 8678, 7421, 3.68, 270.71, -1.51, 3.68, 270.78, -1.56, 0.01, 340.54, -32.88);
insert into SHOT_FLAG values(8735, 'dpl');
insert into SHOT values (8736, 8678, 8679, 7421, 2.07, 189.88, -37.35, 2.07, 189.81, -37.47, 0.00, 64.31, -57.97);
insert into SHOT_FLAG values(8736, 'dpl');
insert into SHOT values (8737, 8679, 8680, 7421, 3.15, 302.62, -24.43, 3.15, 302.75, -24.40, 0.01, 54.57, 22.06);
insert into SHOT_FLAG values(8737, 'dpl');
insert into SHOT values (8738, 8680, 8681, 7421, 5.94, 304.31, -5.78, 5.94, 304.31, -5.80, 0.00, 128.25, -43.21);
insert into SHOT_FLAG values(8738, 'dpl');
insert into SHOT values (8739, 8681, 8682, 7421, 3.25, 224.96, 10.84, 3.25, 225.00, 10.81, 0.00, 253.43, -14.59);
insert into SHOT values (8740, 8682, 8683, 7421, 12.24, 267.28, -3.11, 12.24, 267.28, -3.09, 0.00, 269.85, 66.12);
insert into SHOT values (8741, 8683, 8684, 7421, 4.28, 201.98, 3.33, 4.28, 202.00, 3.35, 0.00, 340.66, 30.72);
insert into SHOT values (8742, 8684, 8685, 7421, 5.44, 263.61, 11.27, 5.44, 263.54, 11.24, 0.01, 162.56, -25.79);
insert into SHOT values (8743, 8685, 8686, 7421, 4.10, 220.56, -3.49, 4.10, 220.54, -3.50, 0.00, 130.51, -16.64);
insert into SHOT values (8744, 8686, 8687, 7421, 4.12, 281.88, -37.31, 4.13, 281.96, -37.30, 0.01, 328.80, -23.56);
insert into SHOT values (8745, 8687, 8688, 7421, 3.57, 125.17, 6.38, 3.57, 125.26, 6.43, 0.01, 181.89, 27.23);
insert into SHOT values (8746, 8688, 8689, 7421, 2.65, 94.43, -5.50, 2.65, 94.35, -5.41, 0.01, 1.23, 46.81);
insert into SHOT values (8747, 8689, 8690, 7421, 1.94, 271.89, -18.71, 1.93, 271.88, -18.71, 0.01, 95.30, 19.54);
insert into SHOT values (8748, 8690, 8691, 7421, 1.53, 273.74, -53.63, 1.54, 273.77, -53.67, 0.01, 279.99, -59.59);
insert into SHOT values (8749, 8691, 8692, 7421, 4.98, 234.73, -19.20, 4.98, 234.69, -19.11, 0.01, 183.78, 60.67);
insert into SHOT values (8750, 8692, 8693, 7421, 2.49, 243.78, -21.36, 2.49, 243.88, -21.45, 0.01, 4.40, -33.91);
insert into SURVEY values (7423, 68, 'east_passage', 'east_passage.clearwater_master', NULL);
 insert into CENTRELINE values (7424, 7423, NULL, NULL, NULL, 0.00, 0.00, 0.00);
 insert into CENTRELINE values (7425, 7423, NULL, '2019-04-25', NULL, 0.00, 0.00, 126.76);
 insert into SHOT values (8751, 8694, 8695, 7425, 14.78, 188.84, 1.33, 14.78, 188.84, 1.32, 0.00, 55.10, -74.07);
insert into SHOT_FLAG values(8751, 'dpl');
insert into SHOT values (8752, 8695, 8696, 7425, 29.92, 184.98, -1.89, 29.92, 184.99, -1.88, 0.01, 281.51, 58.22);
insert into SHOT_FLAG values(8752, 'dpl');
insert into SHOT values (8753, 8696, 8697, 7425, 20.43, 252.27, 1.18, 20.42, 252.27, 1.18, 0.01, 87.23, -7.50);
insert into SHOT_FLAG values(8753, 'dpl');
insert into SHOT values (8754, 8697, 8698, 7425, 15.46, 280.72, -3.74, 15.46, 280.72, -3.75, 0.00, 280.90, -35.36);
insert into SHOT_FLAG values(8754, 'dpl');
insert into SHOT values (8755, 8698, 8699, 7425, 37.19, 193.61, 1.91, 37.19, 193.62, 1.91, 0.01, 327.23, 4.04);
insert into SHOT_FLAG values(8755, 'dpl');
insert into SHOT values (8756, 8699, 8700, 7425, 8.98, 221.72, 15.31, 8.98, 221.68, 15.30, 0.01, 141.97, -9.49);
insert into SHOT_FLAG values(8756, 'dpl');
insert into SURVEY values (7427, 68, 'scientific_method', 'scientific_method.clearwater_master', NULL);
 insert into CENTRELINE values (7428, 7427, NULL, NULL, NULL, 0.00, 0.00, 0.00);
 insert into MAPS values (7429, 7427, 'scientific_method_m', NULL, 1, 254.940, 27.340);
 insert into MAPITEMS values (7429, 4, 7430);
 insert into MAPITEMS values (7429, 4, 7444);
 insert into MAPITEMS values (7429, 4, 7479);
 insert into SCRAPS values (7430, 7427, 'EastInletSP1', 1, 0.22484, 0.02935);
 insert into SCRAPS values (7444, 7427, 'ScientificMethodSP1', 1, 1.92499, 0.20627);
 insert into SCRAPS values (7479, 7427, 'HypothesisNorthSP1', 1, 2.37366, 0.21791);
 insert into CENTRELINE values (7522, 7427, NULL, '2019-04-25', NULL, 254.94, 0.00, 0.00);
 insert into SHOT values (8757, 8701, 8702, 7522, 8.53, 18.40, 2.00, 8.53, 18.39, 2.02, 0.00, 320.27, 60.15);
insert into SHOT values (8758, 8702, 8703, 7522, 3.01, 76.50, -51.00, 3.01, 76.26, -51.01, 0.01, 346.19, -5.63);
insert into SHOT values (8759, 8703, 8704, 7522, 5.41, 76.00, -36.40, 5.41, 76.06, -36.37, 0.01, 125.25, 3.80);
insert into SHOT values (8760, 8704, 8705, 7522, 2.19, 66.20, 2.80, 2.19, 66.25, 2.62, 0.01, 206.82, -66.50);
insert into SHOT values (8761, 8705, 8706, 7522, 3.78, 102.50, -13.40, 3.78, 102.41, -13.32, 0.01, 0.67, 45.67);
insert into SHOT values (8762, 8705, 8706, 7522, 3.78, 102.30, -13.40, 3.78, 102.41, -13.32, 0.01, 201.95, 39.88);
insert into SHOT values (8763, 8705, 8706, 7522, 3.78, 102.30, -13.40, 3.78, 102.41, -13.32, 0.01, 201.95, 39.88);
insert into SHOT values (8764, 8706, 8707, 7522, 4.18, 93.30, 6.40, 4.18, 93.17, 6.32, 0.01, 17.86, -31.80);
insert into SHOT values (8765, 8707, 8708, 7522, 8.85, 86.30, -27.50, 8.84, 86.35, -27.48, 0.01, 209.23, 40.65);
insert into SHOT values (8766, 8708, 8709, 7522, 17.88, 120.50, -24.80, 17.88, 120.52, -24.81, 0.01, 247.71, -2.02);
insert into SHOT values (8767, 8709, 8710, 7522, 10.27, 16.70, -18.60, 10.28, 16.70, -18.61, 0.01, 23.00, -29.57);
insert into SHOT values (8768, 8710, 8711, 7522, 12.43, 328.80, -10.60, 12.43, 328.79, -10.57, 0.01, 227.27, 80.45);
insert into SHOT values (8769, 8711, 8712, 7522, 5.75, 260.00, -19.30, 5.75, 260.02, -19.31, 0.01, 61.81, 5.23);
insert into SHOT values (8770, 8709, 8713, 7522, 17.26, 111.10, -26.90, 17.27, 111.08, -26.89, 0.01, 82.72, -5.77);
insert into SHOT values (8771, 8713, 8714, 7522, 9.41, 194.40, 1.30, 9.41, 194.41, 1.28, 0.00, 347.98, -59.35);
insert into SHOT values (8772, 8714, 8715, 7522, 17.64, 195.80, 19.20, 17.64, 195.81, 19.19, 0.00, 261.70, -16.11);
insert into SHOT values (8773, 8715, 8716, 7522, 4.32, 163.70, -2.30, 4.32, 163.71, -2.26, 0.00, 333.52, 44.98);
insert into SHOT values (8774, 8716, 8717, 7522, 7.99, 100.90, 21.90, 7.99, 100.89, 21.90, 0.00, 10.33, -5.26);
insert into SHOT values (8775, 8717, 8718, 7522, 18.10, 21.00, 35.50, 18.09, 21.01, 35.51, 0.01, 186.14, -6.07);
insert into SHOT values (8776, 8718, 8719, 7522, 11.05, 49.10, 29.60, 11.05, 49.09, 29.61, 0.00, 252.27, 40.33);
insert into SHOT values (8777, 8719, 8720, 7522, 13.51, 11.00, 10.90, 13.52, 11.03, 10.87, 0.01, 49.25, -22.22);
insert into SHOT values (8778, 8720, 8721, 7522, 18.31, 29.90, -16.10, 18.30, 29.87, -16.08, 0.01, 267.96, 39.26);
insert into SHOT values (8779, 8721, 8722, 7522, 9.81, 25.20, 3.40, 9.81, 25.13, 3.39, 0.01, 314.17, -7.69);
insert into SHOT values (8780, 8721, 8722, 7522, 9.82, 25.10, 3.40, 9.81, 25.13, 3.39, 0.01, 166.46, -18.27);
insert into SHOT values (8781, 8721, 8722, 7522, 9.81, 25.10, 3.50, 9.81, 25.13, 3.39, 0.02, 65.21, -69.63);
insert into SHOT values (8782, 8722, 8723, 7522, 5.01, 8.50, -12.60, 5.00, 8.59, -12.58, 0.01, 127.64, 17.43);
insert into SHOT values (8783, 8718, 8724, 7522, 13.06, 79.50, 33.90, 13.07, 79.48, 33.92, 0.01, 18.78, 50.44);
insert into SURVEY values (7524, 68, 'hypothesis_south', 'hypothesis_south.clearwater_master', NULL);
 insert into CENTRELINE values (7525, 7524, NULL, NULL, NULL, 0.00, 0.00, 0.00);
 insert into MAPS values (7526, 7524, 'hypothesis_south_m', NULL, 1, 137.560, 21.280);
 insert into MAPITEMS values (7526, 4, 7527);
 insert into SCRAPS values (7527, 7524, 'HypothesisSP1', 1, 0.34776, 0.02285);
 insert into CENTRELINE values (7594, 7524, NULL, '2019-04-25', NULL, 137.56, 0.00, 0.00);
 insert into SHOT values (8784, 8725, 8726, 7594, 12.76, 210.25, 10.28, 12.76, 210.22, 10.29, 0.01, 131.53, 23.36);
insert into SHOT values (8785, 8726, 8727, 7594, 8.04, 178.95, 14.15, 8.03, 178.97, 14.12, 0.01, 328.93, -44.60);
insert into SHOT values (8786, 8727, 8728, 7594, 10.74, 105.47, -0.71, 10.74, 105.50, -0.69, 0.01, 181.02, 29.29);
insert into SHOT values (8787, 8728, 8729, 7594, 9.01, 109.96, 19.31, 9.01, 109.95, 19.32, 0.00, 318.51, 9.29);
insert into SHOT values (8788, 8729, 8730, 7594, 8.47, 67.73, 9.08, 8.47, 67.73, 9.10, 0.00, 2.21, 84.26);
insert into SHOT values (8789, 8730, 8731, 7594, 3.36, 123.14, 24.19, 3.36, 123.17, 24.05, 0.01, 140.94, -50.06);
insert into SHOT values (8790, 8731, 8732, 7594, 4.35, 190.69, 27.29, 4.35, 190.76, 27.40, 0.01, 341.61, 31.06);
insert into SHOT values (8791, 8732, 8733, 7594, 8.50, 192.38, -0.32, 8.51, 192.35, -0.34, 0.01, 163.37, -17.29);
insert into SHOT values (8792, 8733, 8734, 7594, 4.43, 233.22, 1.97, 4.43, 233.26, 1.94, 0.00, 282.46, -29.60);
insert into SHOT values (8793, 8734, 8735, 7594, 7.03, 253.81, 28.41, 7.03, 253.85, 28.45, 0.01, 335.27, 49.75);
insert into SHOT values (8794, 8735, 8736, 7594, 5.01, 256.77, 6.40, 5.00, 256.75, 6.43, 0.01, 94.77, 13.03);
insert into SHOT values (8795, 8736, 8737, 7594, 4.86, 244.48, 21.32, 4.86, 244.51, 21.23, 0.01, 276.92, -58.10);
insert into SHOT values (8796, 8737, 8738, 7594, 3.17, 222.34, 26.49, 3.17, 222.29, 26.58, 0.01, 162.02, 63.56);
insert into SHOT values (8797, 8738, 8739, 7594, 8.25, 173.19, 0.46, 8.25, 173.18, 0.42, 0.01, 49.13, -69.43);
insert into SHOT values (8798, 8735, 8740, 7594, 9.14, 314.93, 41.34, 9.13, 315.00, 41.32, 0.01, 67.08, -38.54);
insert into SHOT values (8799, 8730, 8741, 7594, 12.20, 47.15, -14.47, 12.20, 47.16, -14.48, 0.00, 188.13, -21.97);
insert into SHOT values (8800, 8728, 8742, 7594, 3.66, 231.97, 19.47, 3.66, 232.07, 19.48, 0.01, 341.96, 0.68);
insert into SHOT values (8801, 8742, 8743, 7594, 8.62, 196.30, 16.81, 8.62, 196.26, 16.79, 0.01, 90.13, -25.88);
insert into SHOT values (8802, 8743, 8744, 7594, 5.96, 173.68, -14.91, 5.96, 173.73, -14.86, 0.01, 215.18, 26.89);
insert into SURVEY values (7596, 68, 'scientific_method_ii', 'scientific_method_ii.clearwater_master', NULL);
 insert into CENTRELINE values (7597, 7596, NULL, NULL, NULL, 0.00, 0.00, 0.00);
 insert into MAPS values (7598, 7596, 'scientific_method_ii_m', NULL, 1, 169.560, 17.450);
 insert into MAPITEMS values (7598, 4, 7599);
 insert into MAPITEMS values (7598, 4, 7682);
 insert into SCRAPS values (7599, 7596, 'SciMethodIISP2', 1, 6.03953, 0.17816);
 insert into SCRAPS values (7682, 7596, 'SciMethodIISP1', 1, 5.43003, 1.24303);
 insert into SCRAPS values (7693, 7596, 'SciMethodIISP3', 1, 15.25637, 0.51156);
 insert into CENTRELINE values (7733, 7596, NULL, '2019-05-01', NULL, 169.56, 0.00, 0.00);
 insert into SHOT values (8803, 8745, 8746, 7733, 31.69, 23.00, -20.80, 31.69, 22.99, -20.80, 0.01, 274.22, 32.32);
insert into SHOT values (8804, 8746, 8747, 7733, 10.08, 15.30, -19.80, 10.09, 15.34, -19.82, 0.01, 74.44, -35.68);
insert into SHOT values (8805, 8747, 8748, 7733, 12.85, 32.90, 14.20, 12.85, 32.87, 14.24, 0.01, 274.75, 49.98);
insert into SHOT values (8806, 8748, 8749, 7733, 9.07, 355.00, 17.70, 9.07, 355.02, 17.65, 0.01, 53.98, -63.31);
insert into SHOT values (8807, 8749, 8750, 7733, 2.20, 48.50, -12.50, 2.20, 48.59, -12.35, 0.01, 157.12, 60.54);
insert into SHOT values (8808, 8750, 8751, 7733, 7.16, 288.40, -55.10, 7.16, 288.35, -55.08, 0.00, 222.99, 28.54);
insert into SHOT values (8809, 8751, 8752, 7733, 18.00, 241.60, 41.00, 17.99, 241.60, 40.98, 0.01, 352.04, -82.09);
insert into SHOT values (8810, 8746, 8753, 7733, 12.00, 264.70, -25.40, 12.00, 264.71, -25.42, 0.00, 70.55, -35.45);
insert into SHOT values (8811, 8753, 8754, 7733, 7.62, 221.30, -7.90, 7.62, 221.29, -7.92, 0.00, 78.46, -60.48);
insert into SHOT values (8812, 8754, 8755, 7733, 11.21, 349.10, 20.10, 11.21, 349.11, 20.13, 0.01, 13.73, 70.00);
insert into SHOT values (8813, 8755, 8756, 7733, 5.95, 49.40, 47.50, 5.94, 49.45, 47.49, 0.01, 199.33, -47.13);
insert into SHOT values (8814, 8756, 8757, 7733, 1.90, 300.20, 24.70, 1.90, 300.28, 24.88, 0.01, 47.83, 67.25);
insert into SHOT values (8815, 8757, 8758, 7733, 10.97, 92.40, 45.10, 10.96, 92.37, 45.12, 0.01, 302.77, -3.55);
insert into SHOT values (8816, 8758, 8759, 7733, 3.02, 344.70, -6.30, 3.01, 344.71, -6.29, 0.01, 158.80, 13.63);
insert into SHOT values (8817, 8759, 8760, 7733, 10.43, 359.90, -2.50, 10.43, 359.89, -2.53, 0.01, 268.20, -70.24);
insert into SHOT values (8818, 8760, 8761, 7733, 15.41, 52.20, -28.70, 15.41, 52.18, -28.69, 0.01, 355.96, 2.56);
insert into SURVEY values (7735, 68, 'chinashop', 'chinashop.clearwater_master', NULL);
 insert into CENTRELINE values (7736, 7735, NULL, NULL, NULL, 0.00, 0.00, 0.00);
 insert into MAPS values (7737, 7735, 'chinashop_m', NULL, 1, 176.410, 66.720);
 insert into MAPITEMS values (7737, 4, 7765);
 insert into MAPITEMS values (7737, 4, 7814);
 insert into CENTRELINE values (7738, 7735, NULL, '2019-04-29', NULL, 176.41, 0.00, 0.00);
 insert into SHOT values (8819, 8762, 8763, 7738, 14.76, 75.10, -8.00, 14.75, 75.13, -8.03, 0.01, 210.41, -30.96);
insert into SHOT values (8820, 8762, 8764, 7738, 14.77, 122.70, 6.20, 14.78, 122.72, 6.18, 0.01, 153.92, -32.28);
insert into SHOT values (8821, 8762, 8765, 7738, 12.43, 90.20, 1.30, 12.43, 90.23, 1.29, 0.01, 153.69, -15.17);
insert into SHOT values (8822, 8762, 8766, 7738, 16.83, 164.80, 3.70, 16.83, 164.81, 3.68, 0.01, 232.70, -54.52);
insert into SHOT values (8823, 8762, 8767, 7738, 9.35, 288.80, -17.00, 9.34, 288.80, -16.99, 0.01, 109.02, 38.19);
insert into SHOT values (8824, 8762, 8768, 7738, 14.60, 226.30, -10.90, 14.61, 226.30, -10.89, 0.01, 225.08, 6.27);
insert into SHOT values (8825, 8762, 8769, 7738, 14.15, 6.90, -8.80, 14.15, 6.90, -8.82, 0.01, 178.01, -67.68);
insert into SHOT values (8826, 8762, 8770, 7738, 23.48, 37.30, -0.50, 23.48, 37.31, -0.51, 0.01, 164.57, -35.06);
insert into SHOT values (8827, 8762, 8771, 7738, 8.05, 59.40, 29.00, 8.05, 59.43, 28.99, 0.00, 183.10, -34.14);
insert into SHOT values (8828, 8762, 8772, 7738, 5.27, 149.40, 80.00, 5.27, 149.25, 79.96, 0.00, 119.05, 0.76);
insert into SHOT values (8829, 8762, 8773, 7738, 20.95, 183.40, 58.90, 20.95, 183.39, 58.88, 0.01, 166.97, 8.69);
insert into SHOT values (8830, 8762, 8774, 7738, 9.19, 194.00, -21.10, 9.19, 193.97, -21.11, 0.00, 101.27, -20.83);
insert into SHOT values (8831, 8762, 8775, 7738, 1.20, 63.10, -59.80, 1.20, 63.43, -59.86, 0.00, 151.41, -39.11);
insert into SHOT values (8832, 8762, 8776, 7738, 10.64, 46.20, -19.80, 10.64, 46.17, -19.84, 0.01, 280.01, -46.11);
insert into SHOT values (8833, 8763, 8777, 7738, 5.91, 351.20, 0.30, 5.91, 351.24, 0.39, 0.01, 94.83, 65.39);
insert into SHOT values (8834, 8763, 8778, 7738, 14.51, 350.00, 7.20, 14.51, 350.00, 7.20, 0.00, 355.72, 24.35);
insert into SHOT values (8835, 8763, 8779, 7738, 1.33, 13.60, 56.70, 1.34, 14.23, 56.82, 0.01, 88.11, 45.25);
insert into SHOT values (8836, 8763, 8780, 7738, 2.07, 355.90, -61.60, 2.07, 355.96, -61.40, 0.01, 2.81, 6.23);
insert into SHOT values (8837, 8763, 8781, 7738, 3.71, 10.90, 36.10, 3.72, 10.94, 36.09, 0.01, 26.14, 29.64);
insert into SHOT values (8838, 8763, 8782, 7738, 16.86, 304.50, 0.40, 16.86, 304.51, 0.41, 0.01, 81.99, 27.17);
insert into SHOT values (8839, 8763, 8783, 7738, 6.43, 72.30, -1.80, 6.44, 72.27, -1.78, 0.01, 50.85, 11.66);
insert into SHOT values (8840, 8763, 8784, 7738, 1.96, 198.10, 19.30, 1.95, 198.04, 19.45, 0.01, 29.51, 12.93);
insert into SHOT values (8841, 8763, 8785, 7738, 5.53, 240.10, 8.80, 5.52, 240.10, 8.85, 0.01, 60.85, 24.89);
insert into SHOT values (8842, 8763, 8786, 7738, 8.98, 282.60, 58.70, 8.98, 282.64, 58.74, 0.01, 51.83, 61.86);
insert into SHOT values (8843, 8763, 8787, 7738, 17.63, 93.50, 1.60, 17.63, 93.48, 1.63, 0.01, 357.50, 52.82);
insert into SHOT values (8844, 8787, 8788, 7738, 18.82, 343.90, 4.30, 18.82, 343.91, 4.30, 0.00, 102.46, -13.80);
insert into SHOT values (8845, 8787, 8789, 7738, 4.48, 344.30, -1.30, 4.48, 344.32, -1.28, 0.00, 131.48, 31.83);
insert into SHOT values (8846, 8787, 8790, 7738, 12.86, 340.50, 39.70, 12.86, 340.52, 39.68, 0.01, 42.97, -47.50);
insert into SHOT values (8847, 8787, 8791, 7738, 1.71, 335.40, 47.30, 1.70, 335.43, 47.27, 0.01, 148.07, -52.29);
insert into SHOT values (8848, 8787, 8792, 7738, 2.28, 349.60, -33.40, 2.28, 349.70, -33.54, 0.01, 121.15, -49.30);
insert into SHOT values (8849, 8787, 8793, 7738, 1.09, 58.90, -81.80, 1.09, 60.26, -81.51, 0.01, 92.52, -9.43);
insert into SHOT values (8850, 8787, 8794, 7738, 0.84, 192.20, -22.50, 0.84, 191.89, -22.39, 0.00, 110.15, 18.84);
insert into SHOT values (8851, 8787, 8795, 7738, 0.88, 198.00, -18.10, 0.88, 197.35, -18.47, 0.01, 117.88, -34.55);
insert into SHOT values (8852, 8787, 8796, 7738, 1.10, 206.00, -19.10, 1.10, 205.58, -19.06, 0.01, 135.46, -0.43);
insert into SHOT values (8853, 8787, 8797, 7738, 3.91, 247.00, -10.20, 3.91, 246.90, -10.31, 0.01, 160.26, -48.24);
insert into SHOT values (8854, 8787, 8798, 7738, 4.52, 275.70, -15.60, 4.52, 275.67, -15.66, 0.01, 140.49, -55.37);
insert into SHOT values (8855, 8787, 8799, 7738, 9.80, 280.90, -3.30, 9.79, 280.91, -3.34, 0.01, 90.49, -39.05);
insert into SHOT values (8856, 8787, 8800, 7738, 9.27, 253.60, -4.40, 9.26, 253.59, -4.40, 0.01, 93.53, 10.12);
insert into SHOT values (8857, 8787, 8801, 7738, 5.85, 188.50, -37.10, 5.86, 188.49, -37.08, 0.01, 183.62, -12.88);
insert into SHOT values (8858, 8801, 8802, 7738, 5.55, 69.80, -25.90, 5.56, 69.75, -25.92, 0.01, 36.68, -37.17);
insert into SHOT values (8859, 8801, 8803, 7738, 5.04, 31.60, -21.80, 5.05, 31.66, -21.75, 0.01, 61.74, 10.60);
insert into SHOT values (8860, 8801, 8804, 7738, 4.08, 14.40, 6.80, 4.09, 14.41, 6.75, 0.01, 22.55, -25.50);
insert into SHOT values (8861, 8801, 8805, 7738, 3.78, 355.50, 26.10, 3.78, 355.61, 26.02, 0.01, 46.93, -18.91);
insert into SHOT values (8862, 8801, 8806, 7738, 1.73, 325.20, 15.30, 1.73, 325.26, 15.11, 0.01, 95.83, -70.10);
insert into SHOT values (8863, 8801, 8807, 7738, 1.10, 281.30, 5.50, 1.10, 281.62, 5.23, 0.01, 34.24, -39.47);
insert into SHOT values (8864, 8801, 8808, 7738, 2.56, 346.50, 54.60, 2.56, 346.80, 54.40, 0.01, 37.68, -33.60);
insert into SHOT values (8865, 8801, 8809, 7738, 1.80, 0.30, -44.00, 1.80, 0.44, -43.88, 0.01, 31.74, 3.60);
insert into SHOT values (8866, 8801, 8810, 7738, 5.53, 6.00, -34.50, 5.54, 6.04, -34.43, 0.01, 25.62, 14.89);
insert into SHOT values (8867, 8801, 8811, 7738, 10.82, 78.10, -38.40, 10.82, 78.09, -38.39, 0.00, 61.03, 15.02);
insert into SHOT values (8868, 8811, 8812, 7738, 1.23, 19.40, -23.70, 1.23, 19.72, -23.94, 0.01, 111.46, -41.48);
insert into SHOT values (8869, 8811, 8813, 7738, 2.85, 177.90, -1.40, 2.84, 177.78, -1.41, 0.01, 37.72, -2.31);
insert into SHOT values (8870, 8811, 8814, 7738, 0.53, 131.40, 63.50, 0.53, 129.81, 63.50, 0.01, 22.22, -32.01);
insert into SHOT values (8871, 8811, 8815, 7738, 0.81, 171.00, -69.00, 0.81, 169.88, -69.48, 0.01, 34.40, -25.06);
insert into SHOT values (8872, 8811, 8816, 7738, 6.66, 286.30, 45.20, 6.65, 286.35, 45.19, 0.01, 55.88, -48.30);
insert into SHOT values (8873, 8811, 8817, 7738, 1.66, 229.60, 34.30, 1.65, 229.44, 34.19, 0.01, 105.76, -50.57);
insert into SHOT values (8874, 8811, 8818, 7738, 3.04, 195.50, -4.50, 3.04, 195.50, -4.53, 0.00, 346.21, -74.27);
insert into SHOT values (8875, 8811, 8819, 7738, 5.00, 144.80, -4.40, 5.00, 144.72, -4.47, 0.01, 59.82, -41.16);
insert into SHOT values (8876, 8811, 8820, 7738, 4.94, 60.20, -23.80, 4.94, 60.15, -23.87, 0.01, 329.29, -56.24);
insert into SHOT values (8877, 8811, 8821, 7738, 4.44, 116.70, -6.20, 4.44, 116.62, -6.20, 0.01, 63.49, -3.73);
insert into SHOT values (8878, 8821, 8822, 7738, 5.47, 13.00, -0.60, 3.18, 272.56, 50.72, 6.66, 211.74, 22.23);
insert into SHOT values (8879, 8821, 8823, 7738, 8.74, 33.60, 7.70, 8.93, 28.78, 13.41, 1.16, 302.86, 50.93);
insert into SHOT values (8880, 8821, 8824, 7738, 4.56, 81.20, 19.70, 4.56, 81.15, 19.62, 0.01, 321.38, -60.09);
insert into SHOT values (8881, 8821, 8825, 7738, 5.08, 193.80, 8.60, 5.08, 193.82, 8.60, 0.00, 221.66, 7.28);
insert into SHOT values (8882, 8821, 8826, 7738, 9.00, 222.30, 29.70, 9.00, 222.36, 29.69, 0.01, 284.36, 5.61);
insert into SHOT values (8883, 8821, 8827, 7738, 2.54, 258.60, 45.50, 2.54, 258.69, 45.40, 0.01, 291.45, -17.76);
insert into SHOT values (8884, 8821, 8828, 7738, 23.97, 109.70, 72.60, 23.96, 109.75, 72.61, 0.01, 246.41, -18.77);
insert into SHOT values (8885, 8821, 8829, 7738, 1.39, 291.60, -72.00, 1.39, 291.80, -71.92, 0.00, 341.46, 44.82);
insert into SHOT values (8886, 8821, 8830, 7738, 7.72, 131.00, 39.50, 7.72, 131.05, 39.51, 0.01, 251.80, -4.94);
insert into SHOT values (8887, 8821, 8822, 7738, 8.98, 221.70, 29.90, 3.18, 272.56, 50.72, 7.00, 28.23, -16.75);
insert into SHOT values (8888, 8821, 8823, 7738, 9.12, 24.20, 18.90, 8.93, 28.78, 13.41, 1.12, 112.02, -51.88);
insert into SHOT values (8889, 8830, 8831, 7738, 5.46, 35.20, 14.90, 5.46, 35.20, 14.87, 0.00, 223.16, -61.01);
insert into SHOT values (8890, 8830, 8832, 7738, 3.90, 218.90, 7.40, 3.90, 218.91, 7.36, 0.00, 264.43, -59.65);
insert into SHOT values (8891, 8830, 8833, 7738, 17.51, 103.90, 80.10, 17.51, 103.85, 80.11, 0.00, 324.06, 10.54);
insert into SHOT values (8892, 8830, 8834, 7738, 0.58, 245.00, -85.50, 0.58, 243.43, -85.59, 0.00, 121.72, -50.75);
insert into SHOT values (8893, 8830, 8835, 7738, 4.95, 279.40, 6.70, 4.95, 279.37, 6.73, 0.00, 176.48, 40.07);
insert into SHOT values (8894, 8830, 8836, 7738, 5.30, 344.70, 6.50, 5.30, 344.70, 6.50, 0.00, 326.81, 1.56);
insert into SHOT values (8895, 8830, 8837, 7738, 11.47, 305.30, 8.80, 11.47, 305.30, 8.78, 0.00, 90.28, -79.23);
insert into SHOT values (8896, 8830, 8838, 7738, 5.23, 86.50, 17.40, 5.23, 86.44, 17.36, 0.01, 345.59, -35.92);
insert into SHOT values (8897, 8830, 8839, 7738, 3.08, 162.90, 28.90, 3.08, 162.98, 28.91, 0.00, 225.91, 20.52);
insert into SHOT values (8898, 8830, 8840, 7738, 48.11, 42.90, 64.10, 48.12, 42.90, 64.09, 0.01, 39.85, 16.35);
insert into SHOT values (8899, 8830, 8841, 7738, 18.04, 55.40, 54.80, 18.04, 55.38, 54.79, 0.01, 3.80, -14.25);
insert into SHOT values (8900, 8830, 8842, 7738, 18.54, 55.40, 54.90, 18.54, 55.43, 54.90, 0.01, 126.09, 14.00);
insert into SHOT values (8901, 8830, 8843, 7738, 18.01, 55.30, 54.90, 18.01, 55.30, 54.87, 0.01, 52.36, -32.75);
insert into SHOT values (8902, 8843, 8844, 7738, 6.01, 315.40, 0.60, 6.01, 315.40, 0.67, 0.01, 343.08, 81.93);
insert into SHOT values (8903, 8843, 8845, 7738, 1.46, 152.50, 8.90, 1.46, 152.72, 9.07, 0.01, 264.73, 34.22);
insert into SHOT values (8904, 8843, 8846, 7738, 28.70, 25.60, 72.40, 28.70, 25.62, 72.41, 0.01, 176.70, 29.22);
insert into SHOT values (8905, 8843, 8847, 7738, 17.83, 232.70, -57.50, 17.83, 232.71, -57.46, 0.01, 243.74, 36.42);
insert into SHOT values (8906, 8843, 8848, 7738, 9.54, 245.70, -6.90, 9.55, 245.71, -6.86, 0.01, 252.46, 35.42);
insert into SHOT values (8907, 8843, 8849, 7738, 11.27, 278.60, -4.00, 11.27, 278.59, -3.97, 0.01, 253.30, 56.79);
insert into SHOT values (8908, 8843, 8850, 7738, 7.48, 293.40, -1.60, 7.49, 293.38, -1.61, 0.01, 273.58, -8.27);
insert into SHOT values (8909, 8843, 8851, 7738, 4.27, 359.00, 28.50, 4.27, 358.93, 28.54, 0.01, 246.32, 27.22);
insert into SHOT values (8910, 8843, 8852, 7738, 0.59, 92.00, 53.00, 0.59, 93.27, 53.28, 0.01, 212.54, -7.54);
insert into SHOT values (8911, 8843, 8853, 7738, 3.17, 102.70, 44.80, 3.17, 102.86, 44.92, 0.01, 218.12, 42.11);
insert into SHOT values (8912, 8843, 8854, 7738, 6.68, 196.10, 39.50, 6.69, 196.08, 39.47, 0.01, 184.41, 7.35);
insert into SHOT values (8913, 8843, 8855, 7738, 22.77, 58.00, 52.00, 22.77, 57.98, 52.02, 0.01, 278.52, 39.28);
insert into SHOT values (8914, 8855, 8856, 7738, 9.06, 167.10, 9.00, 9.07, 167.10, 8.95, 0.01, 163.03, -43.35);
insert into SHOT values (8915, 8855, 8857, 7738, 0.89, 346.20, -6.40, 0.88, 346.12, -6.52, 0.01, 173.78, -5.05);
insert into SHOT values (8916, 8855, 8858, 7738, 19.06, 204.60, 66.00, 19.06, 204.55, 66.00, 0.01, 99.79, -16.64);
insert into SHOT values (8917, 8855, 8859, 7738, 4.64, 226.40, -56.90, 4.64, 226.28, -56.94, 0.01, 117.20, -28.02);
insert into SHOT values (8918, 8855, 8860, 7738, 42.94, 238.40, -50.00, 42.94, 238.38, -50.01, 0.01, 129.80, -27.93);
insert into SHOT values (8919, 8855, 8861, 7738, 12.43, 202.10, -1.00, 12.43, 202.07, -1.01, 0.01, 131.00, -21.91);
insert into SHOT values (8920, 8855, 8862, 7738, 12.74, 225.90, -8.50, 12.74, 225.87, -8.53, 0.01, 99.79, -38.90);
insert into SHOT values (8921, 8855, 8863, 7738, 17.21, 250.20, -9.00, 17.21, 250.19, -9.03, 0.01, 123.19, -63.77);
insert into SHOT values (8922, 8855, 8864, 7738, 4.68, 295.50, -4.20, 4.67, 295.41, -4.29, 0.01, 163.63, -36.54);
insert into SHOT values (8923, 8855, 8865, 7738, 2.38, 291.70, -64.10, 2.38, 291.60, -64.24, 0.01, 126.55, 7.33);
insert into SHOT values (8924, 8855, 8866, 7738, 3.80, 276.90, -38.40, 3.79, 276.77, -38.46, 0.01, 140.24, 2.05);
insert into SHOT values (8925, 8855, 8867, 7738, 2.04, 54.50, -4.70, 2.04, 54.59, -4.77, 0.01, 97.74, -30.49);
insert into SHOT values (8926, 8855, 8868, 7738, 4.34, 98.90, -6.90, 4.34, 98.94, -7.01, 0.01, 135.95, -61.06);
insert into SHOT values (8927, 8855, 8869, 7738, 10.56, 96.70, 29.10, 10.56, 96.72, 29.06, 0.01, 120.16, -39.50);
insert into SHOT values (8928, 8855, 8870, 7738, 4.33, 93.90, 4.00, 4.33, 93.98, 3.97, 0.01, 174.94, -18.16);
insert into SHOT values (8929, 8855, 8871, 7738, 6.28, 84.50, 13.50, 6.28, 84.55, 13.44, 0.01, 162.85, -47.53);
insert into SHOT values (8930, 8855, 8872, 7738, 4.33, 94.00, 4.00, 4.33, 94.11, 3.97, 0.01, 172.98, -13.15);
insert into SHOT values (8931, 8872, 8873, 7738, 5.08, 357.50, 13.40, 5.08, 357.57, 13.42, 0.01, 61.61, 23.31);
insert into SHOT values (8932, 8872, 8874, 7738, 8.34, 204.40, 10.90, 8.33, 204.40, 10.93, 0.01, 21.21, 18.77);
insert into SHOT values (8933, 8872, 8875, 7738, 33.05, 355.60, 63.50, 33.06, 355.61, 63.49, 0.01, 11.63, 19.68);
insert into SHOT values (8934, 8872, 8876, 7738, 5.81, 1.00, 85.60, 5.81, 1.27, 85.55, 0.01, 27.15, -30.59);
insert into SHOT values (8935, 8872, 8877, 7738, 2.14, 1.30, -83.40, 2.14, 2.29, -83.30, 0.01, 47.16, -34.76);
insert into SHOT values (8936, 8872, 8878, 7738, 3.76, 293.30, -2.20, 3.76, 293.36, -2.29, 0.01, 11.94, -55.23);
insert into SHOT values (8937, 8872, 8879, 7738, 3.65, 336.10, 4.20, 3.65, 336.18, 4.24, 0.01, 68.03, 27.40);
insert into SHOT values (8938, 8872, 8880, 7738, 10.94, 302.10, 37.80, 10.94, 302.15, 37.78, 0.01, 23.31, -36.60);
insert into SHOT values (8939, 8872, 8881, 7738, 7.45, 57.40, 39.60, 7.46, 57.36, 39.57, 0.01, 29.09, 8.14);
insert into SHOT values (8940, 8872, 8882, 7738, 6.87, 118.80, 28.60, 6.87, 118.73, 28.61, 0.01, 36.76, 10.82);
insert into SHOT values (8941, 8872, 8883, 7738, 15.23, 350.70, 59.00, 12.68, 334.04, 57.78, 3.32, 225.54, -44.43);
insert into SHOT values (8942, 8872, 8884, 7738, 14.29, 350.50, 58.90, 12.83, 336.68, 52.41, 2.80, 267.26, -47.64);
insert into SHOT values (8943, 8872, 8885, 7738, 15.24, 351.30, 58.80, 15.24, 351.34, 58.77, 0.01, 34.29, -37.89);
insert into SHOT values (8944, 8885, 8886, 7738, 0.21, 222.80, 20.80, 0.21, 220.91, 21.95, 0.01, 150.41, 38.38);
insert into SHOT values (8945, 8885, 8887, 7738, 3.21, 212.70, 23.90, 3.21, 212.77, 23.87, 0.00, 265.30, -6.34);
insert into SHOT values (8946, 8885, 8888, 7738, 0.41, 45.80, 11.80, 0.41, 46.01, 12.59, 0.01, 84.91, 69.62);
insert into SHOT values (8947, 8885, 8889, 7738, 12.05, 103.30, 84.00, 12.06, 103.37, 84.03, 0.01, 267.66, 46.07);
insert into SHOT values (8948, 8885, 8890, 7738, 16.57, 170.00, -62.80, 16.56, 170.04, -62.79, 0.01, 259.65, 55.12);
insert into SHOT values (8949, 8885, 8891, 7738, 10.16, 130.80, -43.70, 10.16, 130.80, -43.70, 0.00, 224.37, -48.64);
insert into SHOT values (8950, 8885, 8892, 7738, 6.09, 186.90, -17.10, 6.09, 186.91, -17.09, 0.00, 207.25, 24.47);
insert into SHOT values (8951, 8885, 8893, 7738, 4.48, 257.30, 47.40, 4.48, 257.25, 47.40, 0.00, 208.14, 31.12);
insert into SHOT values (8952, 8885, 8894, 7738, 6.02, 20.40, 40.20, 6.02, 20.37, 40.24, 0.01, 276.81, 57.46);
insert into SHOT values (8953, 8885, 8895, 7738, 9.62, 349.80, 52.60, 9.63, 349.75, 52.63, 0.01, 263.42, 55.38);
insert into SHOT values (8954, 8885, 8896, 7738, 5.02, 299.90, 61.60, 5.02, 299.89, 61.62, 0.00, 219.24, 86.34);
insert into SHOT values (8955, 8896, 8897, 7738, 3.33, 189.70, 30.60, 3.33, 189.63, 30.49, 0.01, 148.04, -42.64);
insert into SHOT values (8956, 8896, 8898, 7738, 10.19, 23.70, 6.90, 10.18, 23.67, 6.88, 0.01, 243.94, -31.36);
insert into SHOT values (8957, 8896, 8899, 7738, 7.89, 43.10, 72.00, 7.89, 43.00, 72.02, 0.01, 267.67, -32.92);
insert into SHOT values (8958, 8896, 8900, 7738, 19.47, 138.70, -59.40, 19.47, 138.72, -59.40, 0.00, 197.23, -17.12);
insert into SHOT values (8959, 8896, 8901, 7738, 6.32, 145.30, -7.10, 6.32, 145.32, -7.09, 0.00, 183.79, 16.58);
insert into SHOT values (8960, 8896, 8902, 7738, 8.73, 104.40, -8.90, 8.73, 104.44, -8.90, 0.01, 217.69, 5.53);
insert into SHOT values (8961, 8896, 8903, 7738, 10.00, 83.60, -4.50, 10.00, 83.61, -4.47, 0.01, 112.98, 55.04);
insert into SHOT values (8962, 8896, 8904, 7738, 12.28, 81.90, 19.10, 12.28, 81.93, 19.11, 0.01, 160.33, 18.33);
insert into SHOT values (8963, 8896, 8905, 7738, 8.60, 110.50, 50.30, 8.60, 110.58, 50.33, 0.01, 221.81, 20.92);
insert into SHOT values (8964, 8896, 8906, 7738, 13.06, 9.50, 55.90, 13.06, 9.51, 55.89, 0.00, 134.98, -64.16);
insert into SHOT values (8965, 8896, 8907, 7738, 12.57, 307.20, 39.60, 12.57, 307.15, 39.59, 0.01, 222.79, -17.15);
insert into SHOT values (8966, 8896, 8908, 7738, 3.17, 307.20, 39.60, 3.17, 307.01, 39.60, 0.01, 213.42, -4.48);
insert into SHOT values (8967, 8896, 8909, 7738, 12.56, 307.20, 39.60, 12.56, 307.19, 39.61, 0.00, 233.19, 65.17);
insert into SHOT values (8968, 8909, 8910, 7738, 2.61, 198.10, 3.80, 2.61, 198.09, 3.73, 0.01, 191.26, -32.34);
insert into SHOT values (8969, 8909, 8911, 7738, 0.65, 340.10, 44.40, 0.65, 340.02, 43.87, 0.01, 329.92, -51.22);
insert into SHOT values (8970, 8909, 8912, 7738, 4.85, 242.80, 57.40, 4.84, 242.65, 57.37, 0.01, 143.86, -40.44);
insert into SHOT values (8971, 8909, 8913, 7738, 1.36, 211.10, -61.80, 1.36, 210.96, -61.88, 0.00, 81.40, -35.76);
insert into SHOT values (8972, 8909, 8914, 7738, 5.83, 141.00, -36.80, 5.84, 141.00, -36.84, 0.01, 133.80, -68.68);
insert into SHOT values (8973, 8909, 8915, 7738, 5.07, 112.90, -41.30, 5.07, 112.86, -41.33, 0.00, 31.08, -56.64);
insert into SHOT values (8974, 8909, 8916, 7738, 3.59, 144.40, -25.90, 3.59, 144.44, -25.90, 0.00, 178.83, -24.32);
insert into SHOT values (8975, 8909, 8917, 7738, 1.30, 98.90, -28.90, 1.30, 99.13, -29.05, 0.01, 228.28, -16.38);
insert into SHOT values (8976, 8909, 8918, 7738, 7.06, 269.50, 19.60, 7.06, 269.48, 19.54, 0.01, 161.07, -75.96);
insert into SHOT values (8977, 8918, 8919, 7738, 1.64, 177.70, -8.10, 1.64, 177.88, -8.08, 0.01, 294.31, 10.78);
insert into SHOT values (8978, 8918, 8920, 7738, 2.03, 13.90, 12.20, 2.03, 13.97, 12.20, 0.01, 40.31, 11.04);
insert into SHOT values (8979, 8918, 8921, 7738, 29.32, 103.20, 71.60, 29.33, 103.18, 71.61, 0.01, 354.76, 69.42);
insert into SHOT values (8980, 8918, 8922, 7738, 1.63, 221.90, -74.50, 1.63, 222.18, -74.62, 0.00, 12.13, 9.44);
insert into SHOT values (8981, 8918, 8923, 7738, 2.07, 128.80, -18.90, 2.07, 128.80, -18.84, 0.00, 127.36, 6.16);
insert into SHOT values (8982, 8918, 8924, 7738, 7.84, 108.00, -20.70, 7.84, 108.04, -20.70, 0.01, 233.10, 11.38);
insert into SHOT values (8983, 8918, 8925, 7738, 4.51, 65.00, -3.10, 4.51, 65.03, -3.05, 0.01, 204.50, 47.76);
insert into SHOT values (8984, 8918, 8926, 7738, 4.34, 42.30, 0.10, 4.34, 42.29, 0.13, 0.00, 270.39, 70.27);
insert into SHOT values (8985, 8918, 8927, 7738, 2.63, 29.00, 1.40, 2.63, 28.91, 1.53, 0.01, 275.35, 50.77);
insert into SHOT values (8986, 8918, 8928, 7738, 6.59, 42.90, 27.90, 6.59, 42.84, 27.95, 0.01, 308.93, 47.45);
insert into SHOT values (8987, 8918, 8929, 7738, 0.91, 60.20, 54.00, 0.91, 59.59, 54.22, 0.01, 315.15, 32.79);
insert into SHOT values (8988, 8918, 8930, 7738, 9.54, 56.70, 55.20, 9.55, 56.69, 55.22, 0.01, 320.73, 80.75);
insert into SHOT values (8989, 8918, 8931, 7738, 4.74, 54.40, 12.30, 4.75, 54.39, 12.29, 0.01, 47.01, 2.26);
insert into SHOT values (8990, 8931, 8932, 7738, 3.43, 279.30, 7.50, 3.43, 279.30, 7.53, 0.00, 276.22, 29.44);
insert into SHOT values (8991, 8931, 8933, 7738, 3.04, 139.00, 8.00, 3.04, 139.17, 8.12, 0.01, 212.02, 36.19);
insert into SHOT values (8992, 8931, 8934, 7738, 21.64, 187.20, 80.30, 21.64, 187.24, 80.29, 0.00, 228.85, -8.83);
insert into SHOT values (8993, 8931, 8935, 7738, 2.58, 208.60, -57.70, 2.58, 208.61, -57.70, 0.00, 351.53, 61.71);
insert into SHOT values (8994, 8931, 8936, 7738, 2.99, 105.80, 78.40, 2.99, 106.61, 78.52, 0.01, 233.48, 5.77);
insert into SHOT values (8995, 8931, 8937, 7738, 5.74, 251.00, 4.10, 5.75, 250.96, 4.09, 0.01, 227.68, -2.53);
insert into SHOT values (8996, 8931, 8938, 7738, 20.82, 184.60, 73.40, 20.83, 184.63, 73.40, 0.01, 249.24, 67.62);
insert into SHOT values (8997, 8931, 8939, 7738, 12.13, 279.60, 47.50, 12.13, 279.55, 47.53, 0.01, 178.73, 45.72);
insert into SHOT values (8998, 8931, 8940, 7738, 7.98, 197.00, -19.60, 7.98, 197.01, -19.55, 0.01, 247.22, 72.06);
insert into SHOT values (8999, 8931, 8941, 7738, 4.80, 156.90, 6.50, 4.80, 156.93, 6.58, 0.01, 198.96, 62.67);
insert into SHOT values (9000, 8872, 8883, 7738, 10.01, 310.20, 41.80, 12.68, 334.04, 57.78, 5.06, 65.24, 53.37);
insert into SHOT values (9001, 8872, 8884, 7738, 11.05, 314.30, 34.60, 12.83, 336.68, 52.41, 5.24, 76.20, 47.97);
insert into SHOT values (9002, 8872, 8942, 7738, 10.02, 310.00, 41.90, 10.02, 310.05, 41.89, 0.01, 27.43, -13.78);
insert into SHOT values (9003, 8872, 8943, 7738, 10.52, 310.10, 41.70, 10.52, 310.10, 41.70, 0.00, 289.48, 42.58);
insert into SHOT values (9004, 8872, 8944, 7738, 10.00, 309.90, 41.70, 10.00, 309.89, 41.68, 0.00, 288.64, -46.77);
insert into SHOT values (9005, 8944, 8945, 7738, 1.59, 201.40, 1.10, 1.59, 201.40, 1.08, 0.00, 24.00, -77.52);
insert into SHOT values (9006, 8944, 8946, 7738, 2.92, 279.60, 84.00, 2.92, 279.46, 84.01, 0.00, 133.54, -71.90);
insert into SHOT values (9007, 8944, 8947, 7738, 1.69, 192.60, -83.90, 1.69, 190.01, -84.13, 0.01, 60.17, 2.33);
insert into SHOT values (9008, 8944, 8948, 7738, 10.50, 137.10, -52.80, 10.50, 137.04, -52.76, 0.01, 87.36, 22.52);
insert into SHOT values (9009, 8944, 8949, 7738, 11.41, 122.70, -44.50, 11.41, 122.65, -44.52, 0.01, 13.90, -21.18);
insert into SHOT values (9010, 8944, 8950, 7738, 3.21, 160.90, -40.70, 3.21, 160.82, -40.64, 0.00, 95.62, 41.20);
insert into SHOT values (9011, 8944, 8951, 7738, 0.57, 75.50, 19.90, 0.57, 74.93, 19.43, 0.01, 10.80, -34.20);
insert into SHOT values (9012, 8944, 8952, 7738, 0.77, 291.50, 32.60, 0.77, 291.80, 33.02, 0.01, 57.58, 50.74);
insert into SHOT values (9013, 8944, 8953, 7738, 1.95, 222.90, 4.40, 1.94, 222.91, 4.42, 0.01, 39.43, 4.14);
insert into SHOT values (9014, 8944, 8954, 7738, 1.70, 260.80, 37.30, 1.70, 261.03, 37.41, 0.01, 38.34, -1.30);
insert into SHOT values (9015, 8944, 8955, 7738, 0.26, 261.80, 39.00, 0.26, 261.47, 38.35, 0.00, 180.38, -71.95);
insert into SHOT values (9016, 8944, 8956, 7738, 4.70, 261.10, 35.30, 4.69, 261.13, 35.41, 0.01, 70.38, 21.64);
insert into SHOT values (9017, 8956, 8957, 7738, 10.31, 358.60, 59.40, 10.31, 358.58, 59.37, 0.01, 332.09, -48.27);
insert into SHOT values (9018, 8956, 8958, 7738, 10.77, 0.60, 60.00, 10.76, 0.53, 60.00, 0.01, 233.64, -41.79);
insert into SHOT values (9019, 8956, 8959, 7738, 3.00, 0.10, 60.10, 3.00, 0.00, 60.02, 0.01, 330.10, -7.51);
insert into SHOT values (9020, 8956, 8960, 7738, 10.76, 0.40, 59.90, 10.76, 0.32, 59.88, 0.01, 296.80, 6.44);
insert into SCRAPS values (7739, 7735, 'DuneChinashopSP1', 1, 8.88510, 0.11028);
 insert into SCRAPS values (7765, 7735, 'ChinaShopSP1', 1, 4.15781, 0.31026);
 insert into SCRAPS values (7814, 7735, 'ChinaShopSP2', 1, 7.69169, 0.72889);
 insert into CENTRELINE values (7840, 68, NULL, NULL, NULL, 0.00, 0.00, 0.00);
 insert into MAPS values (7841, 68, 'cotw_real_m', NULL, 1, 1643.860, 94.100);
 insert into MAPITEMS values (7841, 4, 7215);
 insert into MAPITEMS values (7841, 4, 7305);
 insert into MAPITEMS values (7841, 4, 6669);
 insert into MAPS values (7851, 68, 'COTW_m', NULL, 1, 45600.513, 442.780);
 insert into MAPITEMS values (7851, 4, 7215);
 insert into MAPITEMS values (7851, 4, 2550);
 insert into MAPITEMS values (7851, 4, 7305);
 insert into MAPITEMS values (7851, 4, 6669);
 insert into MAPS values (7852, 68, 'creedence_m', NULL, 1, 6928.173, 367.160);
 insert into MAPITEMS values (7852, 4, 6531);
 insert into MAPITEMS values (7852, 4, 5157);
 insert into MAPITEMS values (7852, 4, 5741);
 insert into MAPITEMS values (7852, 4, 6386);
 insert into MAPITEMS values (7852, 4, 6272);
 insert into MAPITEMS values (7852, 4, 4460);
 insert into MAPITEMS values (7852, 4, 4100);
 insert into MAPITEMS values (7852, 4, 4227);
 insert into MAPITEMS values (7852, 4, 5589);
 insert into MAPITEMS values (7852, 4, 4643);
 insert into MAPS values (7853, 68, 'Clearwater_l1_m', NULL, 1, 55309.113, 442.780);
 insert into MAPITEMS values (7853, 4, 7214);
 insert into MAPITEMS values (7853, 4, 6653);
 insert into MAPITEMS values (7853, 4, 6664);
 insert into MAPITEMS values (7853, 4, 6669);
 insert into MAPITEMS values (7853, 4, 3145);
 insert into MAPITEMS values (7853, 4, 542);
 insert into MAPITEMS values (7853, 4, 792);
 insert into MAPITEMS values (7853, 4, 958);
 insert into MAPITEMS values (7853, 4, 3202);
 insert into MAPITEMS values (7853, 4, 449);
 insert into MAPITEMS values (7853, 4, 466);
 insert into MAPS values (7854, 68, 'Clearwater_l2_m', NULL, 1, 55107.349, 442.780);
 insert into MAPITEMS values (7854, 4, 7598);
 insert into MAPITEMS values (7854, 4, 7429);
 insert into MAPITEMS values (7854, 4, 7526);
 insert into MAPITEMS values (7854, 4, 7737);
 insert into MAPITEMS values (7854, 4, 3198);
 insert into MAPITEMS values (7854, 4, 394);
 insert into MAPITEMS values (7854, 4, 145);
 insert into MAPITEMS values (7854, 4, 301);
 insert into MAPITEMS values (7854, 4, 739);
 insert into MAPITEMS values (7854, 4, 141);
 insert into MAPITEMS values (7854, 4, 7420);
 insert into MAPITEMS values (7854, 4, 7213);
 insert into MAPITEMS values (7854, 4, 7211);
 insert into MAPITEMS values (7854, 4, 7305);
 insert into MAPITEMS values (7854, 4, 3146);
 insert into MAPITEMS values (7854, 4, 6649);
 insert into MAPS values (7855, 68, 'Clearwater_l3_m', NULL, 1, 53694.286, 452.640);
 insert into MAPITEMS values (7855, 4, 7852);
 insert into MAPITEMS values (7855, 4, 5545);
 insert into MAPITEMS values (7855, 4, 7209);
 insert into MAPITEMS values (7855, 4, 3147);
 insert into MAPS values (7856, 68, 'Clearwater_l4_m', NULL, 1, 43956.653, 442.780);
 insert into MAPITEMS values (7856, 4, 2391);
 insert into MAPITEMS values (7856, 4, 3123);
 insert into MAPS values (7857, 68, 'Clearwater_m', NULL, 1, 73318.722, 452.640);
 insert into MAPITEMS values (7857, 4, 7856);
 insert into MAPITEMS values (7857, 4, 7855);
 insert into MAPITEMS values (7857, 4, 7854);
 insert into MAPITEMS values (7857, 4, 7853);
 insert into SURVEY values (7859, 1, 'drunken_forest_master', 'drunken_forest_master', NULL);
 insert into CENTRELINE values (7860, 7859, NULL, NULL, NULL, 0.00, 0.00, 0.00);
 insert into SURVEY values (7861, 7859, 'drunkenforest_cave_fake', 'drunkenforest_cave_fake.drunken_forest_master', NULL);
 insert into CENTRELINE values (7862, 7861, NULL, NULL, NULL, 0.00, 0.00, 0.00);
 insert into SCRAPS values (7863, 7861, 'DrunkenForestSP1', 1, 9.89525, 1.55683);
 insert into SCRAPS values (7875, 7861, 'DrunkenForestSP2', 1, 22.04154, 8.49522);
 insert into SCRAPS values (7884, 7861, 'DrunkenForestSP3', 1, 45.89830, 7.29224);
 insert into CENTRELINE values (7890, 7861, NULL, NULL, NULL, 940.73, 0.00, 0.00);
 insert into SHOT values (9021, 8962, 8963, 7890, 50.43, 51.34, 1.14, 50.43, 51.34, 1.14, 0.00, 360.00, 0.00);
insert into SHOT values (9022, 8963, 8964, 7890, 28.41, 303.69, -2.02, 28.40, 303.68, -2.02, 0.01, 165.96, 0.00);
insert into SHOT values (9023, 8964, 8965, 7890, 59.97, 66.80, -0.96, 59.98, 66.80, -0.96, 0.01, 14.04, 0.00);
insert into SHOT values (9024, 8965, 8966, 7890, 42.41, 21.80, 1.35, 42.41, 21.79, 1.35, 0.01, 270.00, 0.00);
insert into SHOT values (9025, 8966, 8967, 7890, 50.79, 71.57, -11.35, 50.80, 71.58, -11.35, 0.01, 143.13, 0.00);
insert into SHOT values (9026, 8967, 8968, 7890, 40.35, 281.31, 5.69, 40.35, 281.32, 5.69, 0.01, 0.00, 0.00);
insert into SHOT values (9027, 8968, 8969, 7890, 40.16, 258.69, -1.43, 40.16, 258.68, -1.43, 0.01, 180.00, 0.00);
insert into SHOT values (9028, 8969, 8970, 7890, 40.16, 348.69, -1.43, 40.16, 348.68, -1.43, 0.01, 270.00, 0.00);
insert into SHOT values (9029, 8970, 8971, 7890, 74.71, 18.43, 0.77, 74.71, 18.44, 0.77, 0.01, 63.43, 0.00);
insert into SHOT values (9030, 8971, 8972, 7890, 79.13, 264.29, 0.00, 79.13, 264.29, 0.00, 0.00, 0.00, 0.00);
insert into SHOT values (9031, 8972, 8973, 7890, 70.46, 243.43, 1.63, 70.46, 243.43, 1.63, 0.01, 243.43, 0.00);
insert into SHOT values (9032, 8973, 8974, 7890, 39.38, 270.00, -1.46, 39.38, 270.00, -1.46, 0.00, 90.00, 0.00);
insert into SHOT values (9033, 8974, 8975, 7890, 39.42, 233.13, -2.91, 39.41, 233.13, -2.91, 0.01, 71.57, 0.00);
insert into SHOT values (9034, 8975, 8976, 7890, 23.64, 270.00, 2.42, 23.64, 270.00, 2.42, 0.00, 90.00, 0.00);
insert into SHOT values (9035, 8976, 8977, 7890, 39.38, 216.87, 1.46, 39.39, 216.88, 1.45, 0.01, 243.43, 0.00);
insert into SHOT values (9036, 8977, 8978, 7890, 63.51, 262.87, 1.80, 63.51, 262.88, 1.80, 0.00, 26.57, 0.00);
insert into SHOT values (9037, 8978, 8979, 7890, 57.46, 254.05, 3.99, 57.47, 254.05, 3.99, 0.00, 225.00, 0.00);
insert into SHOT values (9038, 8979, 8980, 7890, 17.23, 270.00, -23.97, 17.23, 270.00, -23.98, 0.01, 90.00, 0.00);
insert into SHOT values (9039, 8964, 8981, 7890, 83.70, 228.81, 0.00, 83.69, 228.82, 0.00, 0.01, 14.04, 0.00);
insert into CENTRELINE values (7892, 7859, NULL, NULL, NULL, 0.00, 0.00, 0.00);
 insert into MAPS values (7893, 7859, 'drunken_forest_master_m', NULL, 1, 940.727, 11.000);
 insert into MAPITEMS values (7893, 4, 7863);
 insert into MAPITEMS values (7893, 4, 7875);
 insert into MAPITEMS values (7893, 4, 7884);
 insert into SURVEY values (7895, 1, 'nilongs_master', 'nilongs_master', NULL);
 insert into CENTRELINE values (7896, 7895, NULL, NULL, NULL, 0.00, 0.00, 0.00);
 insert into SURVEY values (7897, 7895, 'nilongs_cave_fake', 'nilongs_cave_fake.nilongs_master', NULL);
 insert into CENTRELINE values (7898, 7897, NULL, NULL, NULL, 0.00, 0.00, 0.00);
 insert into SCRAPS values (7899, 7897, 'NilongsSP1', 1, 15.19094, 3.84072);
 insert into CENTRELINE values (7909, 7897, NULL, NULL, NULL, 347.83, 184.34, 0.00);
 insert into SHOT values (9040, 8982, 8983, 7909, 184.34, 101.31, 1.24, 184.34, 101.31, 1.24, 0.01, 180.00, 0.00);
insert into SHOT_FLAG values(9040, 'srf');
insert into SHOT values (9041, 8983, 8984, 7909, 17.04, 45.00, 0.00, 17.04, 45.00, 0.00, 0.00, 45.00, 0.00);
insert into SHOT values (9042, 8984, 8985, 7909, 43.70, 120.96, 36.51, 43.70, 120.96, 36.51, 0.00, 360.00, 0.00);
insert into SHOT values (9043, 8985, 8986, 7909, 38.88, 80.54, 19.53, 38.89, 80.55, 19.53, 0.01, 123.69, 0.00);
insert into SHOT values (9044, 8986, 8987, 7909, 27.16, 75.96, 23.89, 27.16, 75.95, 23.89, 0.01, 315.00, 0.00);
insert into SHOT values (9045, 8987, 8988, 7909, 52.52, 29.74, 22.38, 52.53, 29.75, 22.38, 0.00, 63.43, 0.00);
insert into SHOT values (9046, 8988, 8989, 7909, 24.92, 14.04, 4.60, 24.91, 14.03, 4.60, 0.01, 213.69, 0.00);
insert into SHOT values (9047, 8989, 8990, 7909, 31.12, 348.69, 9.25, 31.12, 348.70, 9.25, 0.00, 90.00, 0.00);
insert into SHOT values (9048, 8988, 8991, 7909, 22.00, 90.00, 90.00, 22.00, 90.00, 90.00, 0.00, 90.00, 0.00);
insert into SHOT values (9049, 8989, 8992, 7909, 55.13, 96.34, 8.34, 55.14, 96.34, 8.34, 0.01, 45.00, 0.00);
insert into SHOT values (9050, 8985, 8993, 7909, 35.35, 210.96, -6.50, 35.35, 210.96, -6.50, 0.00, 90.00, 0.00);
insert into MAPS values (7911, 7895, 'nilongs_m', NULL, 1, 347.833, 96.000);
 insert into MAPITEMS values (7911, 4, 7899);
 insert into CENTRELINE values (7912, 7895, NULL, NULL, NULL, 0.00, 0.00, 0.00);
 insert into SURVEY values (7914, 1, 'solo_master', 'solo_master', NULL);
 insert into CENTRELINE values (7915, 7914, NULL, NULL, NULL, 0.00, 0.00, 0.00);
 insert into SURVEY values (7916, 7914, 'solo', 'solo.solo_master', NULL);
 insert into CENTRELINE values (7917, 7916, NULL, NULL, NULL, 0.00, 0.00, 0.00);
 insert into SCRAPS values (7918, 7916, 'SoloSP1', 1, 0.00000, 0.00000);
 insert into CENTRELINE values (7923, 7916, 'passage name', '2006-03-03', NULL, 361.00, 0.00, 0.00);
 insert into SHOT values (9051, 8994, 8995, 7923, 1.00, 10.00, -1.00, 0.99, 9.84, -1.15, 0.01, 217.87, -23.35);
insert into SHOT values (9052, 8995, 8996, 7923, 150.00, 0.00, -90.00, 150.00, 90.00, -90.00, 0.00, 0.00, 0.00);
insert into SHOT values (9053, 8996, 8997, 7923, 150.00, 270.00, -45.00, 149.99, 270.00, -45.00, 0.01, 90.00, 45.00);
insert into SHOT values (9054, 8997, 8998, 7923, 60.00, 270.00, -45.00, 60.01, 270.00, -45.00, 0.01, 270.00, -45.00);
insert into MAPS values (7925, 7914, 'solo_m', NULL, 1, 361.000, 298.510);
 insert into MAPITEMS values (7925, 4, 7918);
 insert into CENTRELINE values (7926, 7914, NULL, NULL, NULL, 0.00, 0.00, 0.00);
 insert into MAPS values (7928, 1, 'clearwater_small_caves_m', NULL, 1, 1649.560, 465.000);
 insert into MAPITEMS values (7928, 4, 7925);
 insert into MAPITEMS values (7928, 4, 7911);
 insert into MAPITEMS values (7928, 4, 7893);
 insert into MAPS values (7929, 1, 'clearwater_m', NULL, 1, 73318.722, 452.640);
 insert into MAPITEMS values (7929, 4, 7857);
 insert into MAPITEMS values (7929, 4, 7851);
 insert into STATION values (1, '1', 70, 261285.92, 450759.49, 173.75);
insert into STATION values (2, '2', 70, 261315.47, 450761.35, 181.11);
insert into STATION values (3, '3', 70, 261334.19, 450760.83, 189.37);
insert into STATION values (4, '4', 70, 261352.60, 450753.68, 180.79);
insert into STATION values (5, '5', 70, 261373.69, 450766.72, 176.85);
insert into STATION values (6, '6', 70, 261386.73, 450760.40, 174.37);
insert into STATION values (7, '7', 70, 261405.61, 450771.13, 176.33);
insert into STATION values (8, '8', 70, 261431.58, 450757.41, 181.78);
insert into STATION values (9, '9', 70, 261442.48, 450756.74, 185.53);
insert into STATION values (10, '10', 70, 261444.84, 450730.27, 192.78);
insert into STATION values (11, '11', 70, 261453.28, 450712.41, 192.90);
insert into STATION values (12, '12', 70, 261481.75, 450722.17, 191.69);
insert into STATION values (13, '13', 70, 261509.72, 450733.34, 191.97);
insert into STATION values (14, '14', 70, 261521.22, 450742.59, 194.04);
insert into STATION values (15, '15', 70, 261530.55, 450765.13, 194.63);
insert into STATION values (16, '16', 70, 261556.02, 450781.11, 192.94);
insert into STATION values (17, '17', 70, 261581.07, 450791.45, 193.61);
insert into STATION values (18, '18', 70, 261607.36, 450806.79, 196.89);
insert into STATION values (19, '19', 70, 261633.32, 450815.07, 193.94);
insert into STATION values (20, '20', 70, 261656.52, 450834.25, 193.24);
insert into STATION values (21, '21', 70, 261686.31, 450838.68, 194.02);
insert into STATION values (22, '22', 70, 261698.25, 450844.03, 194.08);
insert into STATION values (23, '23', 70, 261708.25, 450835.32, 194.83);
insert into STATION values (24, '24', 70, 261732.66, 450852.95, 194.62);
insert into STATION values (25, '25', 70, 261749.69, 450860.75, 192.20);
insert into STATION values (26, '26', 70, 261763.95, 450847.31, 192.32);
insert into STATION values (27, '27', 70, 261780.43, 450837.70, 199.03);
insert into STATION values (28, '28', 70, 261808.91, 450844.80, 192.79);
insert into STATION values (29, '29', 70, 261835.73, 450846.68, 199.00);
insert into STATION values (30, '30', 70, 261851.62, 450821.25, 197.95);
insert into STATION values (31, '31', 70, 261871.80, 450815.08, 202.05);
insert into STATION values (32, '32', 70, 261881.04, 450816.55, 207.45);
insert into STATION values (33, '33', 70, 261897.10, 450811.64, 206.87);
insert into STATION values (34, '35', 70, 261841.74, 450818.23, 194.19);
insert into STATION values (35, '36', 70, 261824.66, 450799.92, 184.08);
insert into STATION values (36, '37', 70, 261824.66, 450772.39, 186.00);
insert into STATION values (37, '38', 70, 261826.28, 450767.95, 187.91);
insert into STATION values (38, '39', 70, 261849.66, 450767.13, 167.57);
insert into STATION values (39, '40', 70, 261868.41, 450771.11, 179.55);
insert into STATION values (40, '41', 70, 261879.67, 450780.91, 189.24);
insert into STATION values (41, '42', 70, 261884.08, 450793.00, 187.43);
insert into STATION values (42, '43', 70, 261886.99, 450816.73, 175.77);
insert into STATION values (43, '44', 70, 261883.40, 450831.14, 181.18);
insert into STATION values (44, '45', 70, 261885.12, 450839.23, 187.64);
insert into STATION values (45, '46', 70, 261869.39, 450757.06, 170.40);
insert into STATION values (46, '47', 70, 261880.32, 450743.56, 177.07);
insert into STATION values (47, '48', 70, 261894.01, 450744.04, 183.17);
insert into STATION values (48, '49', 70, 261862.04, 450748.30, 169.20);
insert into STATION values (49, '50', 70, 261859.47, 450718.95, 170.74);
insert into STATION values (50, '51', 70, 261856.23, 450692.58, 172.13);
insert into STATION values (51, '52', 70, 261855.02, 450682.66, 172.13);
insert into STATION values (52, 'x', 70, 261530.55, 450765.13, 204.63);
insert into STATION values (53, '334', 143, 261780.43, 450837.70, 199.03);
insert into STATION values (54, '333', 143, 261759.22, 450828.70, 214.57);
insert into STATION values (55, '332', 143, 261748.62, 450805.96, 215.45);
insert into STATION values (56, '331', 143, 261765.21, 450801.83, 217.25);
insert into STATION values (57, '330', 143, 261785.59, 450814.07, 218.49);
insert into STATION values (58, '329', 143, 261792.52, 450812.21, 218.99);
insert into STATION values (59, '328', 143, 261797.49, 450808.33, 219.10);
insert into STATION values (60, '327', 143, 261799.42, 450771.39, 219.75);
insert into STATION values (61, '326', 143, 261826.40, 450769.03, 218.80);
insert into STATION values (62, '325', 143, 261832.94, 450774.91, 218.80);
insert into STATION values (63, '324', 143, 261855.56, 450780.55, 220.84);
insert into STATION values (64, '323', 143, 261864.18, 450761.19, 223.82);
insert into STATION values (65, '322', 143, 261880.81, 450758.26, 233.57);
insert into STATION values (66, '321', 143, 261890.20, 450748.19, 232.61);
insert into STATION values (67, '320', 143, 261918.85, 450799.87, 243.03);
insert into STATION values (68, '319', 143, 261924.77, 450833.45, 243.03);
insert into STATION values (69, '318', 143, 261917.84, 450882.76, 254.52);
insert into STATION values (70, '317', 143, 261929.45, 450916.47, 248.24);
insert into STATION values (71, '316', 143, 261943.41, 450968.60, 246.35);
insert into STATION values (72, '315', 143, 261949.42, 451017.50, 248.07);
insert into STATION values (73, '314', 143, 261930.00, 451059.13, 250.48);
insert into STATION values (74, '313', 143, 261937.55, 451077.82, 251.89);
insert into STATION values (75, '312', 143, 261953.26, 451118.73, 244.16);
insert into STATION values (76, '311', 143, 261980.66, 451137.92, 245.92);
insert into STATION values (77, '310', 143, 261999.89, 451168.69, 254.96);
insert into STATION values (78, '309', 143, 261996.02, 451190.63, 251.83);
insert into STATION values (79, '308', 143, 262014.57, 451241.59, 248.99);
insert into STATION values (80, '307', 143, 262014.57, 451301.59, 248.99);
insert into STATION values (81, '306', 143, 262037.58, 451285.48, 260.34);
insert into STATION values (82, '305', 143, 262052.62, 451294.16, 268.07);
insert into STATION values (83, '304', 143, 262060.66, 451300.21, 273.20);
insert into STATION values (84, '303', 143, 262086.84, 451307.23, 287.61);
insert into STATION values (85, '302', 143, 262095.34, 451295.08, 296.52);
insert into STATION values (86, '301', 143, 262093.60, 451285.17, 297.40);
insert into STATION values (87, '206', 143, 261795.14, 450826.34, 227.29);
insert into STATION values (88, '205', 143, 261797.86, 450848.43, 231.22);
insert into STATION values (89, '204', 143, 261802.27, 450854.74, 224.99);
insert into STATION values (90, '203', 143, 261812.24, 450860.73, 231.44);
insert into STATION values (91, '202', 143, 261815.55, 450870.90, 231.62);
insert into STATION values (92, '201', 143, 261817.04, 450887.93, 231.92);
insert into STATION values (93, '106', 143, 262021.87, 451319.66, 246.94);
insert into STATION values (94, '105', 143, 262020.45, 451328.64, 246.47);
insert into STATION values (95, '104', 143, 262018.22, 451332.07, 246.75);
insert into STATION values (96, '103', 143, 262002.49, 451350.17, 245.91);
insert into STATION values (97, '102', 143, 262006.04, 451359.43, 239.71);
insert into STATION values (98, '101', 143, 262008.55, 451383.27, 245.25);
insert into STATION values (99, '100', 143, 262019.37, 451408.77, 245.73);
insert into STATION values (100, '99', 143, 262045.48, 451424.45, 247.33);
insert into STATION values (101, '98', 143, 262058.69, 451439.13, 249.75);
insert into STATION values (102, '97', 143, 262050.64, 451443.23, 247.16);
insert into STATION values (103, '96', 143, 262053.97, 451464.27, 247.53);
insert into STATION values (104, '95', 143, 262052.05, 451486.29, 241.19);
insert into STATION values (105, '79', 143, 262055.71, 451497.55, 238.24);
insert into STATION values (106, '78', 143, 262049.43, 451498.66, 236.53);
insert into STATION values (107, '77', 143, 262051.81, 451525.84, 235.58);
insert into STATION values (108, '76', 143, 262053.57, 451551.09, 231.12);
insert into STATION values (109, '75', 143, 262048.84, 451580.95, 225.79);
insert into STATION values (110, '74', 143, 262033.80, 451602.43, 210.03);
insert into STATION values (111, '73', 143, 262030.11, 451628.68, 194.73);
insert into STATION values (112, '72', 143, 262021.02, 451653.66, 179.38);
insert into STATION values (113, '71', 143, 262025.66, 451680.01, 176.57);
insert into STATION values (114, '70', 143, 262018.82, 451705.52, 191.82);
insert into STATION values (115, '94', 143, 262061.23, 451493.69, 243.90);
insert into STATION values (116, '93', 143, 262074.95, 451495.61, 251.90);
insert into STATION values (117, '92', 143, 262105.09, 451498.78, 258.90);
insert into STATION values (118, '91', 143, 262113.66, 451525.17, 265.81);
insert into STATION values (119, '90', 143, 262123.03, 451554.01, 270.62);
insert into STATION values (120, '82', 143, 262124.37, 451569.35, 265.91);
insert into STATION values (121, '81', 143, 262138.54, 451554.15, 278.89);
insert into STATION values (122, '80', 143, 262157.96, 451543.83, 285.62);
insert into STATION values (123, '89', 143, 262122.50, 451570.93, 263.85);
insert into STATION values (124, '88', 143, 262127.02, 451581.57, 257.70);
insert into STATION values (125, '87', 143, 262125.45, 451603.96, 259.27);
insert into STATION values (126, '86', 143, 262135.80, 451609.70, 265.56);
insert into STATION values (127, '85', 143, 262146.59, 451632.84, 271.46);
insert into STATION values (128, '84', 143, 262137.87, 451645.76, 264.19);
insert into STATION values (129, '83', 143, 262127.44, 451674.40, 263.12);
insert into STATION values (130, '113', 143, 262092.26, 451282.95, 297.36);
insert into STATION values (131, '112', 143, 262083.77, 451278.05, 292.15);
insert into STATION values (132, '111', 143, 262070.42, 451270.34, 286.84);
insert into STATION values (133, '110', 143, 262068.96, 451268.88, 283.65);
insert into STATION values (134, '109', 143, 262066.49, 451262.08, 281.02);
insert into STATION values (135, '108', 143, 262100.45, 451309.39, 294.04);
insert into STATION values (136, '107', 143, 262112.59, 451316.40, 300.87);
insert into STATION values (137, '137', 143, 262082.90, 451309.69, 286.88);
insert into STATION values (138, '136', 143, 262078.87, 451316.96, 281.88);
insert into STATION values (139, '135', 143, 262067.11, 451326.83, 271.91);
insert into STATION values (140, '134', 143, 262080.41, 451344.47, 272.69);
insert into STATION values (141, '133', 143, 262098.89, 451365.73, 282.39);
insert into STATION values (142, '132', 143, 262097.37, 451383.16, 282.39);
insert into STATION values (143, '131', 143, 262100.21, 451385.15, 279.68);
insert into STATION values (144, '130', 143, 262102.69, 451387.10, 277.39);
insert into STATION values (145, '129', 143, 262108.86, 451385.90, 282.66);
insert into STATION values (146, '128', 143, 262114.35, 451398.84, 284.63);
insert into STATION values (147, '127', 143, 262120.03, 451414.45, 282.89);
insert into STATION values (148, '126', 143, 262126.32, 451422.22, 283.24);
insert into STATION values (149, '125', 143, 262127.67, 451437.65, 283.51);
insert into STATION values (150, '124', 143, 262138.65, 451463.52, 283.51);
insert into STATION values (151, '123', 143, 262142.33, 451463.71, 285.07);
insert into STATION values (152, '122', 143, 262145.13, 451467.05, 287.90);
insert into STATION values (153, '121', 143, 262146.70, 451465.54, 291.14);
insert into STATION values (154, '120', 143, 262151.38, 451471.52, 290.87);
insert into STATION values (155, '119', 143, 262161.69, 451473.71, 292.73);
insert into STATION values (156, '118', 143, 262162.53, 451472.46, 294.46);
insert into STATION values (157, '117', 143, 262165.18, 451475.51, 295.18);
insert into STATION values (158, '116', 143, 262165.60, 451475.86, 296.68);
insert into STATION values (159, '115', 143, 262166.59, 451471.20, 299.43);
insert into STATION values (160, '114', 143, 262173.33, 451482.42, 300.12);
insert into STATION values (161, '321', 299, 261890.20, 450748.19, 232.61);
insert into STATION values (162, '335', 299, 261882.78, 450720.48, 241.38);
insert into STATION values (163, '336', 299, 261873.82, 450692.92, 249.15);
insert into STATION values (164, '337', 299, 261869.21, 450663.84, 243.42);
insert into STATION values (165, '338', 299, 261845.96, 450676.20, 235.87);
insert into STATION values (166, '339', 299, 261842.14, 450649.06, 223.67);
insert into STATION values (167, '340', 299, 261845.54, 450627.60, 229.90);
insert into STATION values (168, '341', 299, 261839.82, 450598.17, 228.85);
insert into STATION values (169, '342', 299, 261836.69, 450568.38, 230.42);
insert into STATION values (170, '343', 299, 261832.55, 450538.89, 226.76);
insert into STATION values (171, '344', 299, 261815.04, 450560.51, 215.53);
insert into STATION values (172, '345', 299, 261789.46, 450575.28, 220.73);
insert into STATION values (173, '346', 299, 261789.46, 450545.35, 218.64);
insert into STATION values (174, '347', 299, 261788.44, 450516.39, 226.41);
insert into STATION values (175, '348', 299, 261792.84, 450488.64, 239.51);
insert into STATION values (176, '349', 299, 261813.72, 450501.19, 245.58);
insert into STATION values (177, '350', 299, 261843.95, 450506.52, 241.27);
insert into STATION values (178, '351', 299, 261862.49, 450526.40, 253.94);
insert into STATION values (179, '352', 299, 261867.64, 450555.58, 258.64);
insert into STATION values (180, '353', 299, 261849.75, 450567.65, 237.80);
insert into STATION values (181, 'x', 299, 261834.74, 450570.57, 233.41);
insert into STATION values (182, '354', 299, 261792.42, 450588.12, 220.04);
insert into STATION values (183, '355', 299, 261776.04, 450606.32, 212.56);
insert into STATION values (184, '356', 299, 261784.21, 450634.82, 221.62);
insert into STATION values (185, '357', 299, 261806.24, 450653.30, 216.55);
insert into STATION values (186, '358', 299, 261812.12, 450649.03, 217.96);
insert into STATION values (187, '359b', 299, 261821.24, 450649.67, 224.61);
insert into STATION values (188, '360b', 299, 261827.71, 450657.95, 231.18);
insert into STATION values (189, 'y', 299, 261843.95, 450653.60, 226.67);
insert into STATION values (190, '359a', 299, 261753.59, 450590.60, 200.36);
insert into STATION values (191, '360a', 299, 261733.04, 450597.27, 191.63);
insert into STATION values (192, '361', 299, 261785.77, 450460.28, 232.76);
insert into STATION values (193, '362', 299, 261768.73, 450435.95, 228.58);
insert into STATION values (194, '363', 299, 261747.50, 450435.20, 223.68);
insert into STATION values (195, '364', 299, 261747.50, 450407.01, 233.94);
insert into STATION values (196, '365', 299, 261742.80, 450394.10, 235.14);
insert into STATION values (197, '366', 299, 261762.47, 450377.59, 243.49);
insert into STATION values (198, '367', 299, 261782.97, 450365.27, 251.72);
insert into STATION values (199, '368', 299, 261804.06, 450370.92, 257.57);
insert into STATION values (200, '369', 299, 261783.88, 450350.74, 248.30);
insert into STATION values (201, '370', 299, 261774.89, 450326.02, 253.42);
insert into STATION values (202, '371', 299, 261774.35, 450310.72, 250.44);
insert into STATION values (203, '372', 299, 261765.90, 450284.70, 254.77);
insert into STATION values (204, '147', 299, 261885.42, 450652.90, 244.79);
insert into STATION values (205, '146', 299, 261914.42, 450663.46, 246.41);
insert into STATION values (206, '145', 299, 261940.73, 450667.15, 262.37);
insert into STATION values (207, '144', 299, 261939.59, 450673.03, 264.91);
insert into STATION values (208, '143', 299, 261943.96, 450685.03, 265.80);
insert into STATION values (209, '142', 299, 261970.70, 450682.22, 276.67);
insert into STATION values (210, '141', 299, 261973.43, 450679.76, 281.91);
insert into STATION values (211, '140', 299, 261980.17, 450680.59, 283.11);
insert into STATION values (212, '139', 299, 261989.96, 450683.77, 285.67);
insert into STATION values (213, '138', 299, 262007.01, 450689.31, 295.61);
insert into STATION values (214, '700', 299, 261733.04, 450461.30, 220.54);
insert into STATION values (215, '701', 299, 261715.43, 450459.14, 224.64);
insert into STATION values (216, '702', 299, 261713.34, 450429.22, 225.16);
insert into STATION values (217, '703', 299, 261689.19, 450418.46, 223.31);
insert into STATION values (218, '704', 299, 261679.95, 450412.23, 218.11);
insert into STATION values (219, '372', 392, 261765.90, 450284.70, 254.77);
insert into STATION values (220, '373', 392, 261752.11, 450277.06, 244.53);
insert into STATION values (221, '374', 392, 261727.14, 450280.12, 228.19);
insert into STATION values (222, '375', 392, 261699.47, 450275.74, 217.44);
insert into STATION values (223, '376', 392, 261686.37, 450275.74, 214.18);
insert into STATION values (224, '377', 392, 261667.68, 450266.62, 207.01);
insert into STATION values (225, '378', 392, 261682.94, 450293.06, 201.63);
insert into STATION values (226, '379', 392, 261687.26, 450307.19, 204.24);
insert into STATION values (227, '380', 392, 261656.88, 450274.76, 196.06);
insert into STATION values (228, '381', 392, 261642.60, 450264.00, 183.07);
insert into STATION values (229, '382', 392, 261618.04, 450265.29, 165.21);
insert into STATION values (230, '383', 392, 261596.15, 450255.54, 147.15);
insert into STATION values (231, '384', 392, 261570.37, 450268.12, 138.38);
insert into STATION values (232, '385', 392, 261585.14, 450293.70, 133.17);
insert into STATION values (233, '386', 392, 261598.73, 450317.25, 145.85);
insert into STATION values (234, '387', 392, 261622.64, 450325.95, 161.75);
insert into STATION values (235, '388', 392, 261647.28, 450335.91, 177.71);
insert into STATION values (236, '389', 392, 261667.79, 450335.19, 189.56);
insert into STATION values (237, '390', 392, 261678.27, 450361.13, 195.00);
insert into STATION values (238, '391', 392, 261673.37, 450388.89, 184.74);
insert into STATION values (239, '392', 392, 261673.37, 450404.89, 184.46);
insert into STATION values (240, '393', 392, 261681.54, 450422.40, 178.92);
insert into STATION values (241, '394', 392, 261678.88, 450444.07, 173.07);
insert into STATION values (242, '395', 392, 261656.59, 450450.46, 167.72);
insert into STATION values (243, '396', 392, 261627.94, 450448.96, 158.95);
insert into STATION values (244, '397', 392, 261629.49, 450478.52, 158.95);
insert into STATION values (245, '398', 392, 261637.63, 450506.92, 153.74);
insert into STATION values (246, '399', 392, 261643.30, 450536.08, 157.91);
insert into STATION values (247, '400', 392, 261662.68, 450555.46, 170.11);
insert into STATION values (248, '401', 392, 261648.98, 450579.19, 182.32);
insert into STATION values (249, '402', 392, 261638.09, 450596.61, 190.20);
insert into STATION values (250, '403', 392, 261666.63, 450608.72, 190.20);
insert into STATION values (251, '404', 392, 261681.46, 450614.72, 202.70);
insert into STATION values (252, '405', 392, 261660.72, 450630.35, 218.30);
insert into STATION values (253, '406', 392, 261652.37, 450630.49, 226.65);
insert into STATION values (254, '407', 392, 261627.78, 450622.97, 242.10);
insert into STATION values (255, '408', 392, 261629.20, 450611.41, 241.08);
insert into STATION values (256, '409', 392, 261687.30, 450618.09, 203.53);
insert into STATION values (257, '410', 392, 261717.04, 450614.44, 205.10);
insert into STATION values (258, '411', 392, 261617.89, 450541.48, 172.91);
insert into STATION values (259, '412', 392, 261601.01, 450542.07, 183.06);
insert into STATION values (260, '413', 392, 261582.12, 450550.88, 204.64);
insert into STATION values (261, '414', 392, 261660.57, 450493.67, 167.82);
insert into STATION values (262, '415', 392, 261678.93, 450494.31, 181.66);
insert into STATION values (263, '416', 392, 261690.76, 450501.42, 181.66);
insert into STATION values (264, '417', 392, 261714.25, 450505.14, 182.49);
insert into STATION values (265, '418', 392, 261691.18, 450486.66, 175.53);
insert into STATION values (266, '419', 392, 261687.21, 450464.12, 174.73);
insert into STATION values (267, 'z', 392, 261677.85, 450440.95, 173.86);
insert into STATION values (268, '420', 392, 261706.64, 450429.12, 193.92);
insert into STATION values (269, '421', 392, 261719.41, 450439.47, 201.24);
insert into STATION values (270, '422', 392, 261695.41, 450348.67, 206.27);
insert into STATION values (271, '423', 392, 261697.27, 450357.39, 211.62);
insert into STATION values (272, '424', 392, 261723.40, 450366.39, 224.51);
insert into STATION values (273, '425', 392, 261737.81, 450372.81, 233.99);
insert into STATION values (274, '426', 392, 261690.25, 450324.40, 209.32);
insert into STATION values (275, '427', 392, 261640.79, 450339.95, 180.12);
insert into STATION values (276, '428', 392, 261615.64, 450336.42, 162.34);
insert into STATION values (277, '429', 392, 261612.57, 450361.39, 146.00);
insert into STATION values (278, '430', 392, 261622.24, 450386.58, 146.94);
insert into STATION values (279, '431', 392, 261622.24, 450404.07, 140.92);
insert into STATION values (280, '432', 392, 261617.81, 450423.29, 142.65);
insert into STATION values (281, '433', 392, 261622.86, 450442.17, 155.34);
insert into STATION values (282, '434', 392, 261652.23, 450444.74, 164.92);
insert into STATION values (283, '435', 392, 261671.96, 450442.31, 171.37);
insert into STATION values (284, 'xx', 392, 261680.59, 450438.29, 173.23);
insert into STATION values (285, '436', 392, 261599.77, 450241.03, 145.05);
insert into STATION values (286, '437', 392, 261587.03, 450222.15, 136.31);
insert into STATION values (287, '438', 392, 261563.25, 450204.23, 132.65);
insert into STATION values (288, '439', 392, 261546.57, 450178.55, 127.80);
insert into STATION values (289, '440', 392, 261538.84, 450161.17, 133.98);
insert into STATION values (290, '441', 392, 261533.43, 450144.53, 139.00);
insert into STATION values (291, '442', 392, 261516.06, 450132.82, 131.37);
insert into STATION values (292, '443', 392, 261516.71, 450118.79, 143.31);
insert into STATION values (293, '444', 392, 261500.48, 450105.17, 144.05);
insert into STATION values (294, '445', 392, 261498.66, 450098.37, 147.64);
insert into STATION values (295, '446', 392, 261486.32, 450086.86, 146.75);
insert into STATION values (296, '447', 392, 261556.92, 450137.80, 147.89);
insert into STATION values (297, '448', 392, 261565.53, 450134.66, 147.09);
insert into STATION values (298, '449', 392, 261563.93, 450157.60, 153.25);
insert into STATION values (299, '450', 392, 261547.83, 450159.01, 144.66);
insert into STATION values (300, 'yy', 392, 261538.32, 450161.91, 136.60);
insert into STATION values (301, '01', 433, 261596.15, 450255.54, 147.15);
insert into STATION values (302, '02', 433, 261571.11, 450246.92, 133.07);
insert into STATION values (303, '03', 433, 261565.30, 450245.47, 130.53);
insert into STATION values (304, '04', 433, 261553.73, 450239.83, 119.73);
insert into STATION values (305, '05', 433, 261549.12, 450235.96, 116.79);
insert into STATION values (306, '06', 433, 261535.43, 450234.76, 108.21);
insert into STATION values (307, '07', 433, 261513.06, 450223.85, 96.06);
insert into STATION values (308, '08', 433, 261494.48, 450220.23, 89.91);
insert into STATION values (309, '09', 433, 261481.93, 450203.59, 83.54);
insert into STATION values (310, '10', 433, 261457.75, 450201.47, 65.91);
insert into STATION values (311, '11', 433, 261440.13, 450211.24, 52.32);
insert into STATION values (312, '12', 433, 261468.01, 450229.64, 66.95);
insert into STATION values (313, '13', 433, 261476.27, 450258.44, 65.38);
insert into STATION values (314, '14', 433, 261489.22, 450285.00, 70.59);
insert into STATION values (315, '15', 433, 261489.22, 450314.96, 69.02);
insert into STATION values (316, '16', 433, 261458.27, 450171.84, 70.60);
insert into STATION values (317, '17', 433, 261450.26, 450153.85, 72.67);
insert into STATION values (318, '18', 433, 261430.75, 450138.61, 62.16);
insert into STATION values (319, '19', 433, 261427.63, 450108.94, 65.30);
insert into STATION values (320, '20', 433, 261417.41, 450080.85, 67.91);
insert into STATION values (321, '21', 433, 261392.18, 450092.09, 56.19);
insert into STATION values (322, '22', 433, 261383.52, 450088.04, 53.26);
insert into STATION values (323, '23', 433, 261381.18, 450079.33, 51.01);
insert into STATION values (324, '24', 433, 261403.08, 450066.53, 75.69);
insert into STATION values (325, 'cw4', 433, 261347.71, 449973.91, 51.01);
insert into STATION values (326, '19', 451, 261427.63, 450108.94, 65.30);
insert into STATION values (327, '164', 451, 261443.32, 450104.74, 61.84);
insert into STATION values (328, '163', 451, 261448.21, 450103.87, 55.70);
insert into STATION values (329, '162', 451, 261452.33, 450099.75, 51.47);
insert into STATION values (330, '161', 451, 261456.22, 450090.60, 50.43);
insert into STATION values (331, '160', 451, 261452.22, 450082.76, 50.43);
insert into STATION values (332, '159', 451, 261451.24, 450071.60, 50.43);
insert into STATION values (333, '158', 451, 261458.13, 450077.18, 54.37);
insert into STATION values (334, '157', 451, 261466.69, 450084.62, 51.96);
insert into STATION values (335, '156', 451, 261470.80, 450072.70, 50.41);
insert into STATION values (336, '155', 451, 261471.34, 450057.11, 60.16);
insert into STATION values (337, '154', 451, 261474.02, 450056.73, 59.44);
insert into STATION values (338, '153', 451, 261476.60, 450056.73, 59.12);
insert into STATION values (339, '152', 451, 261482.41, 450063.90, 61.77);
insert into STATION values (340, '151', 451, 261488.10, 450062.27, 63.24);
insert into STATION values (341, '150', 451, 261492.82, 450065.96, 65.19);
insert into STATION values (342, '39', 451, 261494.27, 450069.21, 65.75);
insert into STATION values (343, '38', 451, 261492.02, 450074.77, 65.65);
insert into STATION values (344, '37', 451, 261492.14, 450081.92, 64.77);
insert into STATION values (345, '35', 451, 261491.68, 450090.79, 59.00);
insert into STATION values (346, '36', 451, 261481.63, 450092.21, 54.27);
insert into STATION values (347, '34', 451, 261505.85, 450099.65, 72.53);
insert into STATION values (348, '33', 451, 261515.10, 450099.00, 73.18);
insert into STATION values (349, '32', 451, 261524.95, 450101.82, 71.37);
insert into STATION values (350, '31', 451, 261542.77, 450099.32, 71.69);
insert into STATION values (351, '30', 451, 261555.98, 450092.59, 76.22);
insert into STATION values (352, '29', 451, 261559.56, 450077.06, 74.82);
insert into STATION values (353, '28', 451, 261561.13, 450047.10, 74.82);
insert into STATION values (354, '27', 451, 261561.58, 450038.64, 73.33);
insert into STATION values (355, '26', 451, 261554.76, 450031.33, 72.98);
insert into STATION values (356, '15', 468, 261489.22, 450314.96, 69.02);
insert into STATION values (357, '847', 468, 261487.32, 450304.18, 67.87);
insert into STATION values (358, '846', 468, 261484.61, 450299.84, 63.10);
insert into STATION values (359, '845', 468, 261460.12, 450289.95, 47.85);
insert into STATION values (360, '844', 468, 261475.99, 450311.79, 47.85);
insert into STATION values (361, '843', 468, 261494.34, 450336.15, 47.85);
insert into STATION values (362, '842', 468, 261495.94, 450366.61, 47.85);
insert into STATION values (363, '841', 468, 261494.89, 450396.59, 47.85);
insert into STATION values (364, '840', 468, 261503.30, 450425.91, 47.85);
insert into STATION values (365, '839', 468, 261511.84, 450455.70, 47.85);
insert into STATION values (366, '838', 468, 261499.44, 450483.57, 47.85);
insert into STATION values (367, '837', 468, 261500.98, 450513.03, 47.85);
insert into STATION values (368, '836', 468, 261513.12, 450526.05, 47.85);
insert into STATION values (369, '835', 468, 261519.87, 450555.28, 47.85);
insert into STATION values (370, '834', 468, 261538.65, 450579.31, 47.85);
insert into STATION values (371, '833', 468, 261544.23, 450601.72, 47.85);
insert into STATION values (372, '832', 468, 261553.15, 450630.89, 47.85);
insert into STATION values (373, '831', 468, 261560.57, 450639.42, 47.85);
insert into STATION values (374, '830', 468, 261561.53, 450648.57, 47.85);
insert into STATION values (375, '829', 468, 261567.35, 450678.51, 47.85);
insert into STATION values (376, '828', 468, 261576.26, 450707.68, 47.85);
insert into STATION values (377, '827', 468, 261586.49, 450721.25, 47.85);
insert into STATION values (378, '826', 468, 261599.38, 450748.90, 47.85);
insert into STATION values (379, '825', 468, 261605.20, 450778.84, 47.85);
insert into STATION values (380, '824', 468, 261604.93, 450786.73, 47.85);
insert into STATION values (381, '823', 468, 261624.85, 450810.48, 47.85);
insert into STATION values (382, '822', 468, 261651.00, 450826.19, 47.85);
insert into STATION values (383, '821', 468, 261662.42, 450854.47, 47.85);
insert into STATION values (384, '820', 468, 261666.67, 450884.67, 47.85);
insert into STATION values (385, '819', 468, 261669.60, 450912.52, 47.85);
insert into STATION values (386, '818', 468, 261679.30, 450936.53, 47.85);
insert into STATION values (387, '817', 468, 261691.22, 450964.61, 47.85);
insert into STATION values (388, '816', 468, 261701.65, 450993.27, 47.85);
insert into STATION values (389, '815', 468, 261708.26, 451021.91, 47.85);
insert into STATION values (390, '814', 468, 261719.16, 451048.89, 47.85);
insert into STATION values (391, '813', 468, 261725.56, 451068.58, 47.85);
insert into STATION values (392, '812', 468, 261723.96, 451099.04, 47.85);
insert into STATION values (393, '811', 468, 261729.78, 451128.98, 47.85);
insert into STATION values (394, '810', 468, 261735.52, 451155.97, 47.85);
insert into STATION values (395, '809', 468, 261737.64, 451186.23, 51.04);
insert into STATION values (396, '808', 468, 261746.55, 451215.38, 49.97);
insert into STATION values (397, '807', 468, 261762.52, 451226.56, 47.92);
insert into STATION values (398, '806', 468, 261744.65, 451243.22, 52.23);
insert into STATION values (399, '805', 468, 261729.52, 451240.55, 60.40);
insert into STATION values (400, '804', 468, 261726.36, 451235.07, 58.94);
insert into STATION values (401, '803', 468, 261706.93, 451231.64, 62.77);
insert into STATION values (402, '802', 468, 261682.79, 451232.91, 64.04);
insert into STATION values (403, '801', 468, 261654.24, 451243.30, 66.70);
insert into STATION values (404, '800', 468, 261649.36, 451261.51, 75.49);
insert into STATION values (405, 'x', 468, 261654.24, 451243.30, 166.70);
insert into STATION values (406, '100', 545, 262019.37, 451408.77, 245.73);
insert into STATION values (407, '28', 545, 262026.36, 451423.09, 244.34);
insert into STATION values (408, '27', 545, 262026.80, 451428.11, 238.12);
insert into STATION values (409, '10', 545, 262015.56, 451435.97, 226.61);
insert into STATION values (410, '11', 545, 261989.62, 451429.96, 210.73);
insert into STATION values (411, '12', 545, 261978.65, 451439.08, 200.95);
insert into STATION values (412, '13', 545, 261980.82, 451453.26, 198.27);
insert into STATION values (413, '1', 545, 261979.07, 451462.90, 193.76);
insert into STATION values (414, '26', 545, 261979.42, 451457.93, 196.53);
insert into STATION values (415, '25', 545, 261972.82, 451453.96, 194.75);
insert into STATION values (416, '24', 545, 261970.03, 451454.98, 193.55);
insert into STATION values (417, '23', 545, 261970.88, 451451.30, 193.15);
insert into STATION values (418, '22', 545, 261964.08, 451454.05, 191.19);
insert into STATION values (419, '21', 545, 261965.38, 451444.78, 189.54);
insert into STATION values (420, '20', 545, 261961.99, 451445.14, 188.09);
insert into STATION values (421, '19', 545, 261953.16, 451451.09, 179.16);
insert into STATION values (422, '18a', 545, 261948.86, 451454.10, 173.52);
insert into STATION values (423, '18', 545, 261945.61, 451455.83, 170.94);
insert into STATION values (424, '17', 545, 261950.71, 451462.86, 171.40);
insert into STATION values (425, '16', 545, 261938.57, 451472.02, 159.52);
insert into STATION values (426, '15', 545, 261926.04, 451487.48, 145.06);
insert into STATION values (427, '14', 545, 261926.94, 451513.00, 139.16);
insert into STATION values (428, '59', 545, 261922.40, 451513.00, 143.39);
insert into STATION values (429, '58', 545, 261911.11, 451517.79, 140.10);
insert into STATION values (430, '57', 545, 261906.51, 451520.13, 137.70);
insert into STATION values (431, '38', 545, 261902.33, 451523.17, 136.50);
insert into STATION values (432, '37', 545, 261910.28, 451538.12, 137.98);
insert into STATION values (433, '36', 545, 261907.44, 451543.25, 134.74);
insert into STATION values (434, '35', 545, 261908.57, 451559.37, 140.62);
insert into STATION values (435, '33', 545, 261910.27, 451571.50, 141.80);
insert into STATION values (436, '32', 545, 261912.71, 451585.37, 135.82);
insert into STATION values (437, '31', 545, 261905.25, 451595.64, 141.21);
insert into STATION values (438, '30', 545, 261902.87, 451602.18, 133.75);
insert into STATION values (439, '29', 545, 261896.80, 451614.09, 131.87);
insert into STATION values (440, '56', 545, 261886.19, 451525.73, 134.21);
insert into STATION values (441, '55', 545, 261862.97, 451528.17, 150.55);
insert into STATION values (442, '54', 545, 261849.96, 451525.40, 150.55);
insert into STATION values (443, '53', 545, 261845.85, 451529.66, 152.03);
insert into STATION values (444, '52', 545, 261843.13, 451531.23, 149.10);
insert into STATION values (445, '51', 545, 261841.11, 451532.49, 149.43);
insert into STATION values (446, '50', 545, 261829.91, 451526.28, 151.69);
insert into STATION values (447, '49', 545, 261828.18, 451520.24, 152.13);
insert into STATION values (448, '48', 545, 261822.47, 451510.74, 144.07);
insert into STATION values (449, '47', 545, 261818.85, 451498.90, 136.92);
insert into STATION values (450, '46', 545, 261804.53, 451483.54, 128.86);
insert into STATION values (451, '45', 545, 261790.57, 451477.90, 136.53);
insert into STATION values (452, '44', 545, 261787.52, 451480.74, 140.85);
insert into STATION values (453, '43', 545, 261785.18, 451479.16, 142.35);
insert into STATION values (454, '42', 545, 261777.02, 451481.81, 148.58);
insert into STATION values (455, '41', 545, 261767.31, 451477.49, 151.43);
insert into STATION values (456, '40', 545, 261761.42, 451477.49, 154.18);
insert into STATION values (457, '39', 545, 261751.73, 451484.27, 161.28);
insert into STATION values (458, '34', 545, 261917.70, 451573.35, 148.23);
insert into STATION values (459, '2', 545, 261991.68, 451475.60, 198.44);
insert into STATION values (460, '3', 545, 262015.26, 451479.72, 209.08);
insert into STATION values (461, '4', 545, 262029.03, 451491.28, 217.85);
insert into STATION values (462, '5', 545, 262037.29, 451501.13, 218.86);
insert into STATION values (463, '6', 545, 262042.94, 451476.67, 230.57);
insert into STATION values (464, '7', 545, 262013.32, 451459.42, 215.94);
insert into STATION values (465, '8', 545, 262017.82, 451448.67, 222.77);
insert into STATION values (466, '9', 545, 262017.79, 451440.33, 228.66);
insert into STATION values (467, '103', 545, 261922.57, 451489.33, 141.98);
insert into STATION values (468, '102', 545, 261918.90, 451498.39, 136.11);
insert into STATION values (469, '101', 545, 261912.19, 451498.39, 126.52);
insert into STATION values (470, 'mk100', 545, 261912.19, 451507.57, 129.33);
insert into STATION values (471, '110', 545, 261924.89, 451519.29, 136.88);
insert into STATION values (472, '109', 545, 261925.30, 451522.21, 138.58);
insert into STATION values (473, '108', 545, 261930.18, 451531.79, 139.52);
insert into STATION values (474, '107', 545, 261936.86, 451538.96, 139.18);
insert into STATION values (475, '106', 545, 261943.29, 451548.48, 138.78);
insert into STATION values (476, '105', 545, 261944.51, 451556.21, 135.46);
insert into STATION values (477, '104', 545, 261934.93, 451560.48, 126.65);
insert into STATION values (478, 'ta41', 545, 261887.83, 451620.14, 113.87);
insert into STATION values (479, 'ta40', 545, 261879.72, 451624.10, 93.59);
insert into STATION values (480, 'ta31', 545, 261894.99, 451621.40, 91.14);
insert into STATION values (481, 'ta30', 545, 261920.47, 451626.82, 101.66);
insert into STATION values (482, 'c27', 545, 261940.60, 451644.32, 117.06);
insert into STATION values (483, 'ta32', 545, 261878.42, 451616.65, 76.67);
insert into STATION values (484, 'ta33', 545, 261853.62, 451608.60, 80.80);
insert into STATION values (485, 'ta34', 545, 261844.78, 451607.67, 80.34);
insert into STATION values (486, 'ta35', 545, 261827.78, 451589.44, 66.52);
insert into STATION values (487, 'ta36', 545, 261823.66, 451584.52, 58.59);
insert into STATION values (488, '801', 741, 261672.51, 451236.46, 55.88);
insert into STATION values (489, 'c1', 741, 261687.03, 451232.57, 50.70);
insert into STATION values (490, 'c2', 741, 261696.81, 451258.05, 50.94);
insert into STATION values (491, 'c3', 741, 261719.48, 451276.41, 52.22);
insert into STATION values (492, 'c4', 741, 261734.06, 451287.40, 56.26);
insert into STATION values (493, 'c5', 741, 261752.04, 451302.21, 66.88);
insert into STATION values (494, 'c6', 741, 261770.29, 451326.00, 67.93);
insert into STATION values (495, 'c7', 741, 261767.14, 451349.94, 65.18);
insert into STATION values (496, 'c8', 741, 261767.92, 451379.84, 62.82);
insert into STATION values (497, 'c9', 741, 261778.27, 451404.20, 59.34);
insert into STATION values (498, 'c10', 741, 261790.44, 451430.90, 53.10);
insert into STATION values (499, 'c11', 741, 261815.62, 451446.95, 55.97);
insert into STATION values (500, 'c12', 741, 261815.81, 451454.04, 55.66);
insert into STATION values (501, 'c13', 741, 261803.50, 451477.68, 52.86);
insert into STATION values (502, 'c14', 741, 261814.25, 451505.69, 53.13);
insert into STATION values (503, 'c15', 741, 261821.25, 451534.86, 53.13);
insert into STATION values (504, 'c16', 741, 261822.04, 451564.85, 53.39);
insert into STATION values (505, 'c17', 741, 261817.32, 451590.31, 52.93);
insert into STATION values (506, 'c18', 741, 261829.51, 451471.51, 62.23);
insert into STATION values (507, 'c19', 741, 261847.86, 451487.74, 62.87);
insert into STATION values (508, 'c20', 741, 261856.37, 451516.49, 63.66);
insert into STATION values (509, 'c21', 741, 261854.51, 451540.24, 60.73);
insert into STATION values (510, 'c22', 741, 261863.89, 451566.03, 57.85);
insert into STATION values (511, 'c23', 741, 261887.97, 451577.26, 66.99);
insert into STATION values (512, 'c24', 741, 261908.26, 451595.85, 78.96);
insert into STATION values (513, 'c25', 741, 261915.61, 451619.91, 95.30);
insert into STATION values (514, 'c26', 741, 261936.83, 451633.95, 111.19);
insert into STATION values (515, 'c27', 741, 261940.60, 451644.32, 117.06);
insert into STATION values (516, 'c28', 741, 261895.53, 451628.02, 90.89);
insert into STATION values (517, 'c29', 741, 261876.22, 451626.50, 93.10);
insert into STATION values (518, 'c30', 741, 261882.49, 451622.62, 79.25);
insert into STATION values (519, 'c31', 741, 261875.65, 451618.34, 72.84);
insert into STATION values (520, 'c32', 741, 261859.24, 451595.44, 54.19);
insert into STATION values (521, 'c33', 741, 261858.24, 451604.17, 53.73);
insert into STATION values (522, 'c34', 741, 261865.22, 451609.24, 57.94);
insert into STATION values (523, 'c35', 741, 261875.71, 451637.29, 59.77);
insert into STATION values (524, 'c36', 741, 261886.94, 451655.62, 59.39);
insert into STATION values (525, 'c100', 741, 261839.67, 451548.43, 56.01);
insert into STATION values (526, 'c101', 741, 261822.70, 451539.03, 55.85);
insert into STATION values (527, 'c36', 794, 261885.92, 451649.95, 56.04);
insert into STATION values (528, 'c37', 794, 261886.97, 451659.98, 53.15);
insert into STATION values (529, 'c38', 794, 261872.91, 451660.72, 55.63);
insert into STATION values (530, 'c39', 794, 261853.03, 451669.16, 56.01);
insert into STATION values (531, 'c40', 794, 261847.38, 451684.67, 54.28);
insert into STATION values (532, 'c41', 794, 261844.71, 451701.53, 52.18);
insert into STATION values (533, 'c42', 794, 261872.14, 451708.37, 57.67);
insert into STATION values (534, 'c43', 794, 261874.01, 451726.18, 57.67);
insert into STATION values (535, 'c44', 794, 261898.91, 451731.47, 61.25);
insert into STATION values (536, 'c45', 794, 261910.91, 451724.54, 68.62);
insert into STATION values (537, 'c46', 794, 261923.84, 451711.60, 69.26);
insert into STATION values (538, 'c47', 794, 261954.21, 451710.54, 70.32);
insert into STATION values (539, 'c48', 794, 261963.79, 451727.15, 71.33);
insert into STATION values (540, 'c49', 794, 261971.22, 451753.04, 67.54);
insert into STATION values (541, 'c50', 794, 261991.40, 451742.76, 78.59);
insert into STATION values (542, 'sump', 794, 261836.16, 451678.04, 52.18);
insert into STATION values (543, '60', 794, 261960.41, 451720.21, 70.24);
insert into STATION values (544, '61', 794, 261942.10, 451709.63, 52.50);
insert into STATION values (545, '62', 794, 261958.13, 451705.34, 52.50);
insert into STATION values (546, '63', 794, 261972.01, 451699.73, 55.14);
insert into STATION values (547, '64', 794, 262022.32, 451732.40, 54.09);
insert into STATION values (548, '65', 794, 262061.12, 451758.57, 54.91);
insert into STATION values (549, '66', 794, 262091.25, 451755.40, 55.44);
insert into STATION values (550, '67', 794, 262100.96, 451778.29, 56.74);
insert into STATION values (551, '68', 794, 262107.05, 451827.91, 57.61);
insert into STATION values (552, '69', 794, 262126.15, 451868.87, 58.40);
insert into STATION values (553, '70', 794, 262122.27, 451883.35, 57.88);
insert into STATION values (554, '71', 794, 262128.16, 451931.28, 58.72);
insert into STATION values (555, '72', 794, 262092.02, 451960.14, 57.93);
insert into STATION values (556, '73', 794, 262123.81, 452011.02, 58.98);
insert into STATION values (557, '74', 794, 262134.57, 452044.11, 58.98);
insert into STATION values (558, 'b1', 794, 262119.66, 451941.78, 58.72);
insert into STATION values (559, 'b2', 794, 262143.50, 451949.06, 68.29);
insert into STATION values (560, 'b3', 794, 262194.35, 451980.84, 70.38);
insert into STATION values (561, 'b4', 794, 262216.48, 451999.40, 71.39);
insert into STATION values (562, 'b5', 794, 262220.33, 452014.87, 72.79);
insert into STATION values (563, 'b6', 794, 262215.97, 452028.29, 65.91);
insert into STATION values (564, 'b10', 794, 262253.00, 451973.64, 80.80);
insert into STATION values (565, 'b11', 794, 262289.44, 451978.76, 97.96);
insert into STATION values (566, 'a1', 794, 262075.60, 451949.27, 60.04);
insert into STATION values (567, 'a2', 794, 262077.91, 451939.03, 66.01);
insert into STATION values (568, 'a3', 794, 262084.32, 451932.37, 73.44);
insert into STATION values (569, 'a4', 794, 262074.19, 451932.39, 75.86);
insert into STATION values (570, 'a5', 794, 262065.86, 451928.89, 82.30);
insert into STATION values (571, 'a6', 794, 262055.47, 451896.91, 97.00);
insert into STATION values (572, 'a7', 794, 262094.93, 451863.27, 122.97);
insert into STATION values (573, 'a8', 794, 262094.85, 451902.06, 99.29);
insert into STATION values (574, 'c1', 794, 261871.28, 451683.82, 67.60);
insert into STATION values (575, 'c2', 794, 261890.36, 451661.09, 82.72);
insert into STATION values (576, 'c3', 794, 261898.71, 451653.30, 91.65);
insert into STATION values (577, 'c4', 794, 261896.49, 451642.82, 94.92);
insert into STATION values (578, 'ta31', 794, 261894.99, 451621.40, 91.14);
insert into STATION values (579, '0', 960, 259164.00, 449125.00, 20.00);
insert into STATION_FLAG values(579, 'ent');
insert into STATION_FLAG values(579, 'fix');
insert into STATION values (580, '1', 960, 259271.10, 449099.17, 18.61);
insert into STATION values (581, '2', 960, 259317.96, 449079.36, 17.22);
insert into STATION values (582, '3', 960, 259316.62, 448987.27, 15.83);
insert into STATION values (583, '4', 960, 259425.06, 448902.93, 16.33);
insert into STATION values (584, '5', 960, 259461.20, 448939.08, 16.33);
insert into STATION values (585, '6', 960, 259509.39, 448878.84, 16.33);
insert into STATION values (586, '7', 960, 259521.44, 448896.91, 16.33);
insert into STATION values (587, '8', 960, 259533.49, 448890.89, 16.33);
insert into STATION values (588, '9', 960, 259533.49, 448878.84, 16.33);
insert into STATION values (589, '10', 960, 259557.58, 448872.81, 16.33);
insert into STATION values (590, '11', 960, 259557.58, 448860.77, 16.33);
insert into STATION values (591, '12', 960, 259575.66, 448860.77, 16.33);
insert into STATION values (592, '13', 960, 259581.68, 448872.81, 16.33);
insert into STATION values (593, '14', 960, 259593.73, 448866.79, 16.33);
insert into STATION values (594, '15', 960, 259605.78, 448890.89, 16.33);
insert into STATION values (595, '16', 960, 259756.38, 448902.93, 16.83);
insert into STATION values (596, '17', 960, 259792.52, 448927.03, 16.83);
insert into STATION values (597, '18', 960, 259816.62, 448914.98, 16.83);
insert into STATION values (598, '19', 960, 259822.64, 448945.10, 16.83);
insert into STATION values (599, '20', 960, 259846.74, 448914.98, 16.83);
insert into STATION values (600, '21', 960, 259840.71, 448969.20, 17.83);
insert into STATION values (601, '25', 960, 259804.57, 448824.62, 17.83);
insert into STATION values (602, '30', 960, 259479.27, 448957.15, 17.83);
insert into STATION values (603, '31', 960, 259497.34, 448999.32, 18.83);
insert into STATION values (604, '32', 960, 259557.58, 448975.22, 18.83);
insert into STATION values (605, '33', 960, 259659.99, 448999.32, 18.83);
insert into STATION values (606, '34', 960, 259641.92, 448957.15, 17.83);
insert into STATION values (607, '35', 960, 259605.78, 448914.98, 16.83);
insert into STATION values (608, '36', 960, 259587.70, 448914.98, 17.83);
insert into STATION values (609, '37', 960, 259575.66, 448896.91, 17.83);
insert into STATION values (610, '40', 960, 259623.85, 449029.44, 18.83);
insert into STATION values (611, '45', 960, 259503.37, 448945.10, 25.83);
insert into STATION values (612, '46', 960, 259497.34, 448927.03, 33.83);
insert into STATION values (613, '47', 960, 259479.27, 448878.84, 35.83);
insert into STATION values (614, '50', 960, 259307.24, 449135.31, 53.61);
insert into STATION values (615, '51', 960, 259343.39, 449141.34, 46.61);
insert into STATION values (616, '52', 960, 259409.65, 449261.82, 47.61);
insert into STATION values (617, '53', 960, 259427.72, 449328.08, 50.61);
insert into STATION values (618, '54', 960, 259469.89, 449358.20, 56.61);
insert into STATION values (619, '55', 960, 259500.01, 449412.42, 56.61);
insert into STATION values (620, '56', 960, 259632.54, 449442.54, 57.61);
insert into STATION values (621, '57', 960, 259668.68, 449478.68, 55.61);
insert into STATION values (622, '58', 960, 259692.78, 449454.59, 62.61);
insert into STATION values (623, '59', 960, 259753.02, 449544.95, 66.61);
insert into STATION values (624, '60', 960, 259837.35, 449629.29, 86.61);
insert into STATION values (625, '61', 960, 259915.67, 449611.21, 93.61);
insert into STATION values (626, '62', 960, 259957.83, 449611.21, 63.61);
insert into STATION values (627, '63', 960, 260060.24, 449629.29, 73.61);
insert into STATION values (628, '65', 960, 259307.24, 449135.31, 116.61);
insert into STATION values (629, '70', 960, 259307.24, 449183.51, 48.61);
insert into STATION values (630, '71', 960, 259289.17, 449189.53, 48.61);
insert into STATION values (631, '72', 960, 259295.19, 449225.67, 43.61);
insert into STATION values (632, '73', 960, 259337.36, 449291.94, 38.61);
insert into STATION values (633, '74', 960, 259361.46, 449352.18, 38.61);
insert into STATION values (634, '75', 960, 259343.39, 449424.47, 38.61);
insert into STATION values (635, '80', 960, 259373.51, 449297.96, 48.61);
insert into STATION values (636, '81', 960, 259385.55, 449316.03, 53.61);
insert into STATION values (637, '82', 960, 259409.65, 449291.94, 58.61);
insert into STATION values (638, '85', 960, 259379.53, 449376.27, 38.61);
insert into STATION values (639, '90', 960, 259198.81, 449153.39, 43.61);
insert into STATION_FLAG values(639, 'ent');
insert into STATION values (640, '95', 960, 259253.03, 449237.72, 38.61);
insert into STATION values (641, '96', 960, 259234.95, 449231.70, 38.61);
insert into STATION_FLAG values(641, 'ent');
insert into STATION values (642, '100', 960, 259493.99, 449460.61, 63.61);
insert into STATION values (643, '101', 960, 259475.91, 449484.71, 83.61);
insert into STATION values (644, '102', 960, 259481.94, 449538.92, 93.61);
insert into STATION_FLAG values(644, 'ent');
insert into STATION values (645, '105', 960, 259506.03, 449303.99, 93.61);
insert into STATION values (646, '106', 960, 259475.91, 449237.72, 98.61);
insert into STATION values (647, '107', 960, 259475.91, 449171.46, 100.61);
insert into STATION values (648, '108', 960, 259439.77, 449105.20, 118.61);
insert into STATION values (649, '109', 960, 259518.08, 449129.29, 128.61);
insert into STATION values (650, '110', 960, 259554.23, 449213.63, 143.61);
insert into STATION values (651, '111', 960, 259536.15, 449231.70, 155.61);
insert into STATION_FLAG values(651, 'ent');
insert into STATION values (652, '115', 960, 259361.46, 449050.98, 130.61);
insert into STATION values (653, '116', 960, 259355.43, 449008.81, 143.61);
insert into STATION values (654, '120', 960, 259536.15, 449364.23, 93.61);
insert into STATION values (655, '125', 960, 259632.54, 449376.28, 98.61);
insert into STATION values (656, '126', 960, 259614.47, 449334.11, 118.61);
insert into STATION values (657, '127', 960, 259572.30, 449291.94, 158.61);
insert into STATION_FLAG values(657, 'ent');
insert into STATION values (658, '130', 960, 259722.90, 449346.16, 58.61);
insert into STATION values (659, '131', 960, 259753.02, 449261.82, 58.61);
insert into STATION values (660, '132', 960, 259656.63, 449141.34, 63.61);
insert into STATION values (661, '133', 960, 259644.59, 449057.00, 61.61);
insert into STATION values (662, '134', 960, 259620.49, 449020.86, 62.61);
insert into STATION values (663, '135', 960, 259596.39, 449026.88, 63.61);
insert into STATION values (664, '136', 960, 259554.23, 448954.60, 65.61);
insert into STATION values (665, '137', 960, 259590.37, 448894.36, 68.61);
insert into STATION values (666, '140', 960, 259518.08, 448954.60, 53.61);
insert into STATION values (667, '145', 960, 259644.59, 449201.58, 58.61);
insert into STATION values (668, '150', 960, 259771.09, 449261.82, 58.61);
insert into STATION values (669, '151', 960, 259795.19, 449406.40, 56.61);
insert into STATION values (670, '155', 960, 259771.09, 449231.70, 61.61);
insert into STATION values (671, '160', 960, 259867.47, 449575.07, 123.61);
insert into STATION values (672, '161', 960, 259849.40, 449532.90, 138.61);
insert into STATION values (673, '162', 960, 259837.35, 449496.76, 136.61);
insert into STATION values (674, '163', 960, 259915.67, 449472.66, 154.61);
insert into STATION values (675, '164', 960, 259939.76, 449508.81, 156.61);
insert into STATION values (676, '170', 960, 259740.97, 449623.26, 48.61);
insert into STATION values (677, '171', 960, 259746.99, 449665.43, 43.61);
insert into STATION values (678, '172', 960, 259777.11, 449689.53, 44.61);
insert into STATION values (679, '173', 960, 259813.26, 449671.45, 63.61);
insert into STATION values (680, '175', 960, 259361.66, 449609.50, 64.31);
insert into STATION_FLAG values(680, 'ent');
insert into STATION values (681, '176', 960, 259385.76, 449615.52, 67.31);
insert into STATION values (682, '177', 960, 259409.85, 449681.79, 21.31);
insert into STATION values (683, '178', 960, 259470.09, 449675.76, 21.31);
insert into STATION values (684, '179', 960, 259488.16, 449742.03, 21.31);
insert into STATION values (685, '180', 960, 259536.36, 449862.51, 21.81);
insert into STATION values (686, '181', 960, 259512.27, 449922.68, 21.84);
insert into STATION values (687, '182', 960, 259626.73, 450049.12, 22.36);
insert into STATION values (688, '183', 960, 259747.22, 450067.13, 22.39);
insert into STATION values (689, '184', 960, 259777.35, 450145.38, 22.41);
insert into STATION values (690, '185', 960, 259825.55, 450097.13, 22.94);
insert into STATION values (691, '186', 960, 259873.75, 450121.16, 22.97);
insert into STATION values (692, '187', 960, 260018.33, 450187.36, 23.49);
insert into STATION values (693, '188', 960, 260066.53, 450175.25, 23.52);
insert into STATION values (694, '189', 960, 260150.87, 450199.28, 23.54);
insert into STATION values (695, '190', 960, 260120.76, 450090.78, 24.07);
insert into STATION values (696, '191', 960, 260162.93, 450060.60, 24.10);
insert into STATION values (697, '192', 960, 260217.16, 450078.61, 24.62);
insert into STATION values (698, '193', 960, 260277.40, 450078.61, 24.62);
insert into STATION values (699, '194', 960, 260301.49, 450120.78, 24.62);
insert into STATION values (700, '200', 960, 259355.64, 449687.81, 21.31);
insert into STATION values (701, '201', 960, 259313.47, 449663.72, 21.31);
insert into STATION values (702, '202', 960, 259295.40, 449760.10, 21.31);
insert into STATION values (703, '203', 960, 259325.52, 449886.60, 21.31);
insert into STATION values (704, '204', 960, 259379.73, 449934.80, 21.31);
insert into STATION values (705, '205', 960, 259409.85, 450031.18, 21.31);
insert into STATION values (706, '206', 960, 259452.02, 450079.37, 21.31);
insert into STATION values (707, '207', 960, 259470.09, 450163.71, 21.31);
insert into STATION values (708, '208', 960, 259500.21, 450175.76, 21.31);
insert into STATION values (709, '209', 960, 259506.24, 450157.68, 21.31);
insert into STATION values (710, '210', 960, 259530.33, 450187.80, 21.31);
insert into STATION values (711, '211', 960, 259524.31, 450145.64, 21.81);
insert into STATION values (712, '215', 960, 259452.02, 450025.16, 21.81);
insert into STATION values (713, '216', 960, 259458.04, 450037.20, 21.81);
insert into STATION values (714, '220', 960, 259391.78, 450055.28, 21.31);
insert into STATION values (715, '221', 960, 259397.80, 450079.37, 21.31);
insert into STATION values (716, '222', 960, 259379.73, 450097.44, 21.31);
insert into STATION values (717, '223', 960, 259397.80, 450151.66, 21.31);
insert into STATION_FLAG values(717, 'ent');
insert into STATION values (718, '225', 960, 259355.64, 450037.20, 21.31);
insert into STATION_FLAG values(718, 'ent');
insert into STATION values (719, '230', 960, 259301.42, 449898.65, 21.81);
insert into STATION values (720, '231', 960, 259313.47, 449934.80, 21.81);
insert into STATION values (721, '232', 960, 259301.42, 449940.82, 21.81);
insert into STATION values (722, '233', 960, 259313.47, 449958.89, 21.81);
insert into STATION_FLAG values(722, 'ent');
insert into STATION values (723, '235', 960, 259223.11, 449790.22, 22.31);
insert into STATION_FLAG values(723, 'ent');
insert into STATION values (724, '240', 960, 259391.78, 449711.91, 59.31);
insert into STATION values (725, '241', 960, 259433.95, 449723.96, 61.31);
insert into STATION values (726, '242', 960, 259470.09, 449778.17, 59.31);
insert into STATION values (727, '243', 960, 259397.80, 449796.24, 64.31);
insert into STATION values (728, '245', 960, 259433.95, 449723.96, 104.31);
insert into STATION_FLAG values(728, 'ent');
insert into STATION values (729, '250', 960, 259741.20, 450115.26, 24.41);
insert into STATION values (730, '251', 960, 259717.11, 450133.33, 24.41);
insert into STATION values (731, '252', 960, 259735.18, 450181.53, 22.41);
insert into STATION values (732, '253', 960, 259741.20, 450205.62, 22.41);
insert into STATION values (733, '254', 960, 259747.23, 450259.84, 22.41);
insert into STATION values (734, '255', 960, 259819.51, 450289.96, 22.41);
insert into STATION values (735, '256', 960, 259867.71, 450368.27, 22.41);
insert into STATION values (736, '257', 960, 259915.90, 450410.44, 24.41);
insert into STATION values (737, '260', 960, 259699.03, 450241.77, 22.41);
insert into STATION_FLAG values(737, 'ent');
insert into STATION values (738, '261', 960, 259668.91, 450223.69, 22.41);
insert into STATION values (739, '262', 960, 259644.82, 450169.48, 22.41);
insert into STATION values (740, '263', 960, 259620.72, 450169.48, 22.41);
insert into STATION values (741, '265', 960, 260289.45, 450217.16, 25.62);
insert into STATION values (742, '266', 960, 260349.69, 450211.14, 25.62);
insert into STATION values (743, '267', 960, 260355.71, 450150.90, 26.62);
insert into STATION values (744, '270', 960, 260199.09, 449982.16, 37.65);
insert into STATION values (745, '271', 960, 260186.95, 449886.61, 44.31);
insert into STATION values (746, '272', 960, 260192.90, 449863.15, 69.05);
insert into STATION values (747, '273', 960, 260204.87, 449845.70, 100.79);
insert into STATION values (748, '274', 960, 260204.79, 449774.11, 103.51);
insert into STATION values (749, '275', 960, 260283.04, 449768.62, 94.29);
insert into STATION values (750, '276', 960, 260361.24, 449781.56, 95.92);
insert into STATION values (751, '277', 960, 260415.35, 449830.65, 95.56);
insert into STATION values (752, '278', 960, 260445.36, 449885.03, 91.14);
insert into STATION values (753, '279', 960, 260559.71, 450047.85, 90.73);
insert into STATION values (754, '280', 960, 260649.96, 450222.71, 98.31);
insert into STATION values (755, '281', 960, 260704.03, 450271.58, 97.95);
insert into STATION values (756, '282', 960, 260746.09, 450314.21, 96.02);
insert into STATION values (757, '283', 960, 260788.15, 450362.91, 90.13);
insert into STATION values (758, '284', 960, 260842.27, 450405.60, 99.27);
insert into STATION values (759, '285', 960, 260902.37, 450448.45, 101.14);
insert into STATION values (760, '286', 960, 260902.22, 450557.61, 94.92);
insert into STATION values (761, '287', 960, 260938.27, 450594.24, 102.12);
insert into STATION values (762, '288', 960, 260962.27, 450612.78, 103.34);
insert into STATION values (763, '289', 960, 260986.29, 450691.49, 99.67);
insert into STATION values (764, '290', 960, 261070.48, 450716.32, 143.46);
insert into STATION values (765, '291', 960, 261064.45, 450770.53, 98.46);
insert into STATION values (766, '292', 960, 261124.69, 450854.87, 100.46);
insert into STATION values (767, '293', 960, 261196.98, 450993.42, 102.46);
insert into STATION values (768, '294', 960, 261239.15, 451059.68, 98.46);
insert into STATION values (769, '295', 960, 261299.39, 451144.02, 96.46);
insert into STATION values (770, '296', 960, 261371.68, 451258.48, 90.46);
insert into STATION values (771, '297', 960, 261431.92, 451342.81, 88.46);
insert into STATION values (772, '298', 960, 261425.89, 451457.27, 87.46);
insert into STATION values (773, '299', 960, 261480.11, 451451.24, 89.46);
insert into STATION values (774, '300', 960, 261474.08, 451511.48, 88.46);
insert into STATION values (775, '301', 960, 261540.35, 451559.68, 93.46);
insert into STATION values (776, '302', 960, 261546.37, 451619.92, 83.46);
insert into STATION values (777, '303', 960, 261443.96, 451613.89, 63.46);
insert into STATION values (778, '304', 960, 261389.75, 451619.92, 58.46);
insert into STATION values (779, '305', 960, 261311.44, 451619.92, 55.46);
insert into STATION values (780, '306', 960, 261305.41, 451631.96, 56.46);
insert into STATION values (781, '307', 960, 261257.22, 451631.96, 60.46);
insert into STATION values (782, '308', 960, 261209.03, 451577.75, 59.46);
insert into STATION values (783, '309', 960, 261166.86, 451607.87, 58.46);
insert into STATION values (784, '310', 960, 261118.67, 451517.51, 57.46);
insert into STATION values (785, '311', 960, 261076.50, 451475.34, 55.46);
insert into STATION values (786, '312', 960, 261016.26, 451403.05, 53.46);
insert into STATION values (787, '313', 960, 260992.16, 451336.79, 58.46);
insert into STATION values (788, '314', 960, 260962.04, 451324.74, 61.46);
insert into STATION_FLAG values(788, 'ent');
insert into STATION values (789, '320', 960, 261462.04, 451577.75, 91.46);
insert into STATION values (790, '321', 960, 261407.82, 451595.82, 89.46);
insert into STATION values (791, '322', 960, 261293.36, 451553.65, 91.46);
insert into STATION values (792, '325', 960, 261257.22, 451613.89, 81.46);
insert into STATION values (793, '326', 960, 261221.08, 451541.60, 83.46);
insert into STATION values (794, '327', 960, 261178.91, 451457.27, 88.46);
insert into STATION values (795, '328', 960, 261166.86, 451403.05, 90.46);
insert into STATION values (796, '329', 960, 261094.57, 451378.96, 91.46);
insert into STATION_FLAG values(796, 'ent');
insert into STATION values (797, '335', 960, 261190.96, 451499.44, 57.46);
insert into STATION values (798, '336', 960, 261118.67, 451427.15, 56.46);
insert into STATION values (799, '337', 960, 261172.88, 451342.81, 58.46);
insert into STATION values (800, '338', 960, 261203.00, 451354.86, 77.46);
insert into STATION values (801, '339', 960, 261299.39, 451330.76, 78.46);
insert into STATION values (802, '340', 960, 261317.46, 451306.67, 86.46);
insert into STATION values (803, '341', 960, 261359.63, 451300.64, 87.46);
insert into STATION values (804, '345', 960, 261323.48, 451276.55, 65.46);
insert into STATION values (805, '346', 960, 261287.34, 451246.43, 65.46);
insert into STATION values (806, '347', 960, 261287.34, 451228.36, 63.46);
insert into STATION values (807, '350', 960, 261233.12, 451722.32, 61.46);
insert into STATION values (808, '351', 960, 261263.24, 451758.47, 61.46);
insert into STATION values (809, '352', 960, 261275.29, 451800.64, 63.46);
insert into STATION values (810, '353', 960, 261317.46, 451866.90, 64.46);
insert into STATION values (811, '354', 960, 261329.51, 451921.12, 65.46);
insert into STATION values (812, '355', 960, 261341.56, 451951.24, 62.46);
insert into STATION values (813, '360', 960, 261480.11, 451644.01, 59.46);
insert into STATION values (814, '361', 960, 261534.32, 451662.08, 68.46);
insert into STATION values (815, '362', 960, 261552.40, 451698.23, 53.46);
insert into STATION values (816, '363', 960, 261564.44, 451758.47, 51.46);
insert into STATION values (817, '364', 960, 261624.68, 451872.92, 47.46);
insert into STATION values (818, '365', 960, 261612.64, 451891.00, 42.46);
insert into STATION values (819, '366', 960, 261660.83, 451963.28, 35.46);
insert into STATION values (820, '367', 960, 261654.80, 452023.52, 39.46);
insert into STATION values (821, '368', 960, 261654.80, 452059.67, 43.46);
insert into STATION values (822, '369', 960, 261672.88, 452089.79, 33.46);
insert into STATION values (823, '370', 960, 261678.90, 452150.03, 23.46);
insert into STATION values (824, '375', 960, 261678.90, 452029.55, 33.46);
insert into STATION values (825, '416', 960, 261678.90, 452029.55, 112.46);
insert into STATION values (826, '380', 960, 261052.40, 451493.41, 45.46);
insert into STATION values (827, '381', 960, 261052.40, 451493.41, 21.46);
insert into STATION values (828, '382', 960, 261004.21, 451469.32, 23.46);
insert into STATION_FLAG values(828, 'ent');
insert into STATION values (829, '385', 960, 261064.45, 451529.56, 21.46);
insert into STATION values (830, '386', 960, 261004.21, 451631.96, 21.46);
insert into STATION values (831, '387', 960, 261040.36, 451704.25, 21.46);
insert into STATION values (832, '388', 960, 261028.31, 451758.47, 22.46);
insert into STATION_FLAG values(832, 'ent');
insert into STATION values (833, '389', 960, 261046.38, 451836.78, 22.46);
insert into STATION values (834, '395', 960, 261088.55, 451776.54, 24.46);
insert into STATION values (835, '400', 960, 261064.45, 451650.04, 31.46);
insert into STATION values (836, '405', 960, 261588.54, 451674.13, 145.46);
insert into STATION values (837, '406', 960, 261612.64, 451710.28, 165.46);
insert into STATION values (838, '407', 960, 261624.68, 451740.40, 163.46);
insert into STATION values (839, '408', 960, 261630.71, 451770.52, 142.46);
insert into STATION values (840, '409', 960, 261630.71, 451788.59, 133.46);
insert into STATION values (841, '410', 960, 261648.78, 451818.71, 138.46);
insert into STATION values (842, '411', 960, 261654.80, 451854.85, 128.46);
insert into STATION values (843, '412', 960, 261660.83, 451860.88, 113.46);
insert into STATION values (844, '413', 960, 261684.92, 451830.76, 115.46);
insert into STATION values (845, '414', 960, 261757.21, 451957.26, 116.46);
insert into STATION values (846, '415', 960, 261733.12, 452005.45, 114.46);
insert into STATION values (847, '417', 960, 261709.02, 452083.76, 108.46);
insert into STATION values (848, '418', 960, 261709.02, 452101.84, 101.46);
insert into STATION values (849, '419', 960, 261751.19, 452101.84, 95.46);
insert into STATION values (850, '420', 960, 261775.28, 452113.88, 98.46);
insert into STATION values (851, '421', 960, 261769.26, 452131.96, 78.46);
insert into STATION values (852, '422', 960, 261757.21, 452131.96, 61.46);
insert into STATION values (853, '423', 960, 261733.12, 452125.93, 65.46);
insert into STATION values (854, '424', 960, 261733.12, 452144.00, 61.46);
insert into STATION values (855, '425', 960, 261733.12, 452150.03, 53.46);
insert into STATION values (856, '426', 960, 261727.09, 452228.34, 65.46);
insert into STATION values (857, '427', 960, 261757.21, 452294.60, 67.46);
insert into STATION values (858, '428', 960, 261799.38, 452348.82, 76.46);
insert into STATION values (859, '429', 960, 261811.43, 452403.04, 77.46);
insert into STATION values (860, '430', 960, 261877.69, 452463.28, 93.46);
insert into STATION values (861, '431', 960, 261871.67, 452541.59, 95.46);
insert into STATION values (862, '432', 960, 261853.60, 452607.85, 78.46);
insert into STATION values (863, '433', 960, 261853.60, 452607.85, 65.46);
insert into STATION values (864, '434', 960, 261889.74, 452698.21, 75.46);
insert into STATION values (865, '435', 960, 261937.93, 452764.48, 80.46);
insert into STATION values (866, '436', 960, 261913.84, 452782.55, 98.46);
insert into STATION values (867, '437', 960, 261841.55, 452728.33, 82.46);
insert into STATION values (868, '438', 960, 261769.26, 452710.26, 102.46);
insert into STATION values (869, '439', 960, 261769.26, 452782.55, 128.46);
insert into STATION values (870, '440', 960, 261793.36, 452836.76, 108.46);
insert into STATION values (871, '441', 960, 261793.36, 452897.00, 85.46);
insert into STATION values (872, '442', 960, 261769.26, 452927.12, 78.46);
insert into STATION values (873, '443', 960, 261739.14, 452933.15, 94.46);
insert into STATION_FLAG values(873, 'ent');
insert into STATION values (874, '445', 960, 261715.04, 452589.78, 81.46);
insert into STATION values (875, '446', 960, 261654.80, 452535.56, 75.46);
insert into STATION values (876, '447', 960, 261612.64, 452541.59, 73.46);
insert into STATION values (877, '448', 960, 261630.71, 452631.95, 74.46);
insert into STATION values (878, '449', 960, 261648.78, 452704.24, 76.46);
insert into STATION values (879, '455', 960, 261654.80, 452517.49, 69.46);
insert into STATION values (880, '456', 960, 261624.68, 452457.25, 68.46);
insert into STATION values (881, '457', 960, 261594.56, 452433.16, 68.46);
insert into STATION values (882, '458', 960, 261576.49, 452390.99, 65.46);
insert into STATION values (883, '459', 960, 261564.44, 452397.01, 64.46);
insert into STATION values (884, '460', 960, 261594.56, 452457.25, 67.46);
insert into STATION values (885, '461', 960, 261618.66, 452523.52, 68.46);
insert into STATION values (886, '465', 960, 261980.10, 452884.96, 137.46);
insert into STATION values (887, '470', 960, 261980.10, 452830.74, 80.46);
insert into STATION values (888, '471', 960, 262052.39, 452884.96, 79.46);
insert into STATION values (889, '472', 960, 262088.53, 452921.10, 78.46);
insert into STATION values (890, '475', 960, 261823.48, 452734.36, 101.46);
insert into STATION values (891, '476', 960, 261859.62, 452758.45, 101.46);
insert into STATION values (892, '477', 960, 261865.64, 452722.31, 100.46);
insert into STATION values (893, '478', 960, 261877.69, 452704.24, 88.46);
insert into STATION values (894, '480', 960, 261769.26, 452180.15, 75.46);
insert into STATION values (895, '481', 960, 261805.40, 452240.39, 66.46);
insert into STATION values (896, '482', 960, 261811.43, 452276.53, 55.46);
insert into STATION values (897, '483', 960, 261829.50, 452312.68, 53.46);
insert into STATION values (898, '484', 960, 261859.62, 452336.77, 54.46);
insert into STATION values (899, '485', 960, 261835.52, 452360.87, 57.46);
insert into STATION values (900, '486', 960, 261835.52, 452457.25, 55.46);
insert into STATION values (901, '487', 960, 261811.43, 452463.28, 58.46);
insert into STATION values (902, '488', 960, 261817.45, 452487.37, 65.46);
insert into STATION values (903, '489', 960, 261817.45, 452523.52, 59.46);
insert into STATION values (904, '490', 960, 261823.48, 452607.85, 63.46);
insert into STATION values (905, '495', 960, 261841.55, 452222.32, 33.46);
insert into STATION values (906, '500', 960, 261124.40, 450729.83, 176.02);
insert into STATION values (907, '501', 960, 261148.26, 450749.07, 179.07);
insert into STATION values (908, '502', 960, 261184.11, 450762.59, 173.63);
insert into STATION values (909, '503', 960, 261244.05, 450764.05, 172.19);
insert into STATION values (910, '504', 960, 261285.92, 450759.49, 173.75);
insert into STATION values (911, '505', 960, 261291.95, 450783.59, 175.75);
insert into STATION values (912, '506', 960, 261316.04, 450807.68, 176.75);
insert into STATION values (913, '507', 960, 261334.12, 450892.02, 181.75);
insert into STATION values (914, '508', 960, 261316.04, 450934.19, 161.75);
insert into STATION values (915, '509', 960, 261334.12, 450970.33, 158.75);
insert into STATION values (916, '510', 960, 261346.16, 450982.38, 156.75);
insert into STATION values (917, '511', 960, 261358.21, 450964.31, 149.75);
insert into STATION values (918, '512', 960, 261376.28, 450994.43, 149.75);
insert into STATION values (919, '513', 960, 261394.36, 450988.40, 156.75);
insert into STATION values (920, '514', 960, 261418.45, 450994.43, 161.75);
insert into STATION values (921, '515', 960, 261418.45, 450994.43, 61.75);
insert into STATION values (922, '516', 960, 261442.55, 450988.40, 41.75);
insert into STATION values (923, '517', 960, 261472.67, 450988.40, 60.75);
insert into STATION values (924, '518', 960, 261526.88, 451012.50, 89.75);
insert into STATION values (925, '519', 960, 261532.91, 451048.64, 81.75);
insert into STATION values (926, '520', 960, 261599.17, 451102.86, 106.75);
insert into STATION values (927, '521', 960, 261605.20, 451114.91, 97.75);
insert into STATION values (928, '522', 960, 261659.41, 451120.93, 138.75);
insert into STATION values (929, '523', 960, 261653.39, 451151.05, 130.75);
insert into STATION values (930, '524', 960, 261677.48, 451205.27, 107.75);
insert into STATION values (931, '530', 960, 261243.76, 450729.37, 163.75);
insert into STATION values (932, '531', 960, 261213.64, 450699.25, 158.75);
insert into STATION values (933, '535', 960, 261124.34, 450754.22, 212.53);
insert into STATION values (934, '536', 960, 261148.37, 450778.61, 220.04);
insert into STATION values (935, '537', 960, 261148.37, 450820.77, 227.04);
insert into STATION values (936, '538', 960, 261178.49, 450808.73, 234.04);
insert into STATION values (937, '540', 960, 261154.34, 450754.80, 199.55);
insert into STATION values (938, '545', 960, 261070.62, 450661.37, 178.68);
insert into STATION values (939, '546', 960, 261034.63, 450558.22, 183.91);
insert into STATION values (940, '547', 960, 261034.68, 450533.86, 191.36);
insert into STATION values (941, '548', 960, 260998.59, 450527.56, 202.82);
insert into STATION values (942, '549', 960, 261040.82, 450527.29, 217.27);
insert into STATION values (943, '550', 960, 261040.87, 450478.83, 222.72);
insert into STATION values (944, '551', 960, 261022.85, 450442.41, 235.18);
insert into STATION values (945, '552', 960, 261004.84, 450357.80, 238.63);
insert into STATION values (946, '553', 960, 260914.53, 450369.58, 179.08);
insert into STATION values (947, '554', 960, 260842.34, 450296.83, 173.87);
insert into STATION values (948, '555', 960, 260812.31, 450278.30, 165.66);
insert into STATION values (949, '556', 960, 260806.34, 450241.92, 174.09);
insert into STATION values (950, '557', 960, 260758.19, 450217.60, 170.52);
insert into STATION values (951, '558', 960, 260722.05, 450211.57, 155.52);
insert into STATION values (952, '559', 960, 260703.98, 450157.36, 181.52);
insert into STATION values (953, '560', 960, 260673.86, 450097.12, 171.52);
insert into STATION values (954, '565', 960, 260854.35, 450363.23, 146.60);
insert into STATION values (955, '570', 960, 260986.53, 450539.69, 174.68);
insert into STATION values (956, '571', 960, 260956.50, 450497.06, 154.45);
insert into STATION values (957, '572', 960, 260938.52, 450424.31, 160.22);
insert into STATION values (958, '575', 960, 260866.43, 450242.61, 211.87);
insert into STATION values (959, '576', 960, 260806.19, 450212.49, 244.87);
insert into STATION values (960, '580', 960, 261034.96, 450327.68, 218.63);
insert into STATION values (961, '581', 960, 261034.96, 450327.68, 183.63);
insert into STATION values (962, '582', 960, 261059.05, 450327.68, 169.63);
insert into STATION values (963, '583', 960, 261047.00, 450393.95, 160.63);
insert into STATION values (964, '584', 960, 261059.05, 450472.26, 132.63);
insert into STATION values (965, '585', 960, 261083.15, 450520.45, 111.63);
insert into STATION values (966, '586', 960, 261101.22, 450520.45, 103.63);
insert into STATION values (967, '587', 960, 261119.29, 450544.55, 100.63);
insert into STATION values (968, '590', 960, 260217.27, 449975.24, 35.02);
insert into STATION values (969, '591', 960, 260223.40, 449938.20, 33.38);
insert into STATION values (970, '592', 960, 260247.60, 449937.30, 33.75);
insert into STATION values (971, '593', 960, 260253.73, 449948.45, 33.12);
insert into STATION values (972, '594', 960, 260283.96, 449941.53, 31.48);
insert into STATION values (973, '595', 960, 260320.21, 449982.80, 26.85);
insert into STATION values (974, '596', 960, 260350.44, 449969.85, 27.22);
insert into STATION values (975, '597', 960, 260296.03, 449898.87, 31.19);
insert into STATION values (976, '598', 960, 260307.90, 449894.14, 42.17);
insert into STATION values (977, '599', 960, 260319.76, 449871.35, 57.14);
insert into STATION values (978, '600', 960, 260403.91, 449950.96, 58.12);
insert into STATION values (979, '601', 960, 260439.87, 450030.57, 57.09);
insert into STATION values (980, '602', 960, 260499.92, 450080.06, 59.07);
insert into STATION values (981, '603', 960, 260560.02, 450153.32, 59.30);
insert into STATION values (982, '604', 960, 260595.98, 450220.89, 52.28);
insert into STATION values (983, '605', 960, 260625.91, 450240.26, 56.25);
insert into STATION values (984, '606', 960, 260667.97, 450307.11, 60.44);
insert into STATION values (985, '607', 960, 260703.97, 450338.01, 57.36);
insert into STATION values (986, '608', 960, 260746.05, 450386.69, 59.61);
insert into STATION values (987, '609', 960, 260782.16, 450429.03, 60.34);
insert into STATION values (988, '610', 960, 260739.96, 450471.36, 70.07);
insert into STATION values (989, '611', 960, 260764.02, 450495.62, 75.80);
insert into STATION values (990, '612', 960, 260751.97, 450537.79, 83.80);
insert into STATION values (991, '613', 960, 260673.66, 450549.84, 109.80);
insert into STATION values (992, '614', 960, 260649.56, 450573.94, 105.80);
insert into STATION values (993, '620', 960, 260818.20, 450423.50, 124.53);
insert into STATION values (994, '625', 960, 260685.90, 450386.20, 41.36);
insert into STATION values (995, '630', 960, 260625.87, 450294.67, 44.98);
insert into STATION values (996, '631', 960, 260643.91, 450337.03, 42.71);
insert into STATION values (997, '632', 960, 260607.77, 450367.15, 39.71);
insert into STATION values (998, '635', 960, 260583.93, 450281.13, 29.28);
insert into STATION values (999, '636', 960, 260559.83, 450232.94, 28.28);
insert into STATION values (1000, '640', 960, 260283.61, 449823.15, 59.14);
insert into STATION values (1001, '645', 960, 260938.16, 450691.16, 64.22);
insert into STATION values (1002, '646', 960, 260908.09, 450672.83, 41.66);
insert into STATION values (1003, '647', 960, 260884.05, 450612.32, 50.10);
insert into STATION values (1004, '648', 960, 260847.91, 450600.28, 37.10);
insert into STATION values (1005, '649', 960, 260805.74, 450546.06, 35.10);
insert into STATION values (1006, '650', 960, 260769.59, 450546.06, 33.10);
insert into STATION values (1007, '651', 960, 260715.38, 450479.80, 33.10);
insert into STATION values (1008, '655', 960, 260974.30, 450769.47, 51.22);
insert into STATION values (1009, '656', 960, 261004.42, 450763.45, 68.22);
insert into STATION values (1010, '657', 960, 261028.52, 450823.69, 67.22);
insert into STATION values (1011, '658', 960, 261022.50, 450859.83, 65.22);
insert into STATION values (1012, '659', 960, 261046.59, 450914.05, 55.22);
insert into STATION values (1013, '665', 960, 260998.40, 450859.83, 55.22);
insert into STATION values (1014, '670', 960, 260908.20, 450575.93, 81.51);
insert into STATION values (1015, '675', 960, 260523.97, 450158.70, 46.81);
insert into STATION values (1016, '676', 960, 260499.83, 450116.86, 44.56);
insert into STATION values (1017, '680', 960, 260072.30, 449641.27, 93.64);
insert into STATION values (1018, '681', 960, 260102.40, 449641.40, 105.58);
insert into STATION values (1019, '682', 960, 260150.58, 449635.52, 128.53);
insert into STATION values (1020, '683', 960, 260234.89, 449708.01, 118.44);
insert into STATION values (1021, '685', 960, 260066.26, 449593.21, 93.58);
insert into STATION values (1022, '686', 960, 260084.32, 449587.26, 110.55);
insert into STATION values (1023, '690', 960, 260078.35, 449683.23, 78.72);
insert into STATION values (1024, '691', 960, 260114.51, 449695.07, 67.80);
insert into STATION values (1025, '692', 960, 260144.63, 449658.93, 74.80);
insert into STATION values (1026, '693', 960, 260241.02, 449749.29, 77.80);
insert into STATION values (1027, '695', 960, 260186.83, 449785.23, 68.89);
insert into STATION values (1028, '696', 960, 260150.71, 449791.05, 62.97);
insert into STATION values (1029, '697', 960, 260114.59, 449784.82, 55.06);
insert into STATION values (1030, '698', 960, 260114.61, 449796.66, 51.14);
insert into STATION values (1031, '699', 960, 260156.80, 449814.53, 47.22);
insert into STATION values (1032, '705', 960, 260253.07, 449887.81, 138.82);
insert into STATION values (1033, '706', 960, 260271.15, 449966.06, 118.84);
insert into STATION values (1034, '707', 960, 260235.00, 449978.11, 88.84);
insert into STATION values (1035, '708', 960, 260247.05, 450092.56, 88.84);
insert into STATION values (1036, '710', 960, 260433.43, 449813.31, 138.61);
insert into STATION values (1037, '711', 960, 260325.00, 449692.83, 138.61);
insert into STATION values (1038, '712', 960, 260282.83, 449692.83, 135.61);
insert into STATION values (1039, '713', 960, 260258.73, 449668.74, 133.61);
insert into STATION values (1040, '714', 960, 260252.71, 449626.57, 143.61);
insert into STATION values (1041, '715', 960, 260180.42, 449554.28, 156.61);
insert into STATION values (1042, '716', 960, 260198.49, 449542.23, 164.61);
insert into STATION values (1043, '717', 960, 260234.64, 449572.35, 170.61);
insert into STATION values (1044, '718', 960, 260294.88, 449578.38, 179.61);
insert into STATION values (1045, '719', 960, 260355.12, 449608.50, 183.61);
insert into STATION values (1046, '720', 960, 260379.21, 449596.45, 206.61);
insert into STATION values (1047, '721', 960, 260409.33, 449626.57, 205.61);
insert into STATION values (1048, '722', 960, 260439.45, 449674.76, 197.61);
insert into STATION values (1049, '723', 960, 260493.67, 449722.95, 194.61);
insert into STATION values (1050, '724', 960, 260523.79, 449783.19, 190.61);
insert into STATION values (1051, '725', 960, 260559.93, 449825.36, 192.61);
insert into STATION values (1052, '726', 960, 260565.96, 449849.46, 191.61);
insert into STATION values (1053, '727', 960, 260614.15, 449909.70, 190.61);
insert into STATION values (1054, '728', 960, 260650.29, 449975.96, 193.61);
insert into STATION values (1055, '730', 960, 260361.14, 449578.38, 210.61);
insert into STATION values (1056, '731', 960, 260318.97, 449566.33, 218.61);
insert into STATION values (1057, '735', 960, 260294.88, 449626.57, 167.61);
insert into STATION values (1058, '736', 960, 260312.95, 449614.52, 176.61);
insert into STATION values (1059, '740', 960, 260385.24, 449644.64, 185.61);
insert into STATION values (1060, '741', 960, 260409.33, 449686.81, 188.61);
insert into STATION values (1061, '742', 960, 260433.43, 449692.83, 193.61);
insert into STATION values (1062, '745', 960, 260481.62, 449795.24, 168.61);
insert into STATION values (1063, '746', 960, 260511.74, 449837.41, 158.61);
insert into STATION values (1064, '747', 960, 260571.98, 449909.70, 164.61);
insert into STATION values (1065, '748', 960, 260602.10, 449945.84, 163.61);
insert into STATION values (1066, '750', 960, 260475.60, 449759.10, 170.61);
insert into STATION values (1067, '751', 960, 260433.43, 449735.00, 172.61);
insert into STATION values (1068, '752', 960, 260421.38, 449710.91, 175.61);
insert into STATION values (1069, '755', 960, 260547.88, 449674.76, 208.61);
insert into STATION values (1070, '760', 960, 260463.55, 449662.71, 226.61);
insert into STATION values (1071, '761', 960, 260535.84, 449686.81, 247.61);
insert into STATION values (1072, '762', 960, 260590.05, 449692.83, 258.61);
insert into STATION values (1073, '763', 960, 260590.05, 449692.83, 368.61);
insert into STATION_FLAG values(1073, 'ent');
insert into STATION values (1074, '765', 960, 260565.96, 449620.55, 260.61);
insert into STATION values (1075, '766', 960, 260481.62, 449584.40, 289.61);
insert into STATION values (1076, '767', 960, 260505.72, 449644.64, 258.61);
insert into STATION values (1077, '770', 960, 260541.86, 449710.91, 243.61);
insert into STATION values (1078, '771', 960, 260529.81, 449722.95, 230.61);
insert into STATION values (1079, '772', 960, 260547.88, 449765.12, 219.61);
insert into STATION values (1080, '775', 960, 260620.17, 449668.74, 238.61);
insert into STATION values (1081, '776', 960, 260668.36, 449680.79, 223.61);
insert into STATION values (1082, '777', 960, 260692.46, 449686.81, 243.61);
insert into STATION values (1083, '778', 960, 260764.75, 449704.88, 306.61);
insert into STATION values (1084, '779', 960, 260861.13, 449698.86, 341.61);
insert into STATION_FLAG values(1084, 'ent');
insert into STATION values (1085, '785', 960, 260638.24, 449692.83, 286.61);
insert into STATION values (1086, '786', 960, 260716.56, 449716.93, 287.61);
insert into STATION values (1087, '787', 960, 260752.70, 449728.98, 291.61);
insert into STATION values (1088, '780', 960, 260578.00, 449825.36, 208.61);
insert into STATION values (1089, '781', 960, 260602.10, 449831.39, 227.61);
insert into STATION values (1090, '782', 960, 260614.15, 449813.31, 249.61);
insert into STATION values (1091, '783', 960, 260632.22, 449771.15, 288.61);
insert into STATION values (1092, '784', 960, 260608.12, 449747.05, 282.61);
insert into STATION values (1093, '790', 960, 260596.08, 449789.22, 266.61);
insert into STATION values (1094, '795', 960, 260632.22, 449849.46, 243.61);
insert into STATION values (1095, '796', 960, 260638.24, 449903.67, 224.61);
insert into STATION values (1096, '800', 960, 260668.36, 449825.36, 285.61);
insert into STATION values (1097, '801', 960, 260614.15, 449885.60, 288.61);
insert into STATION values (1098, '802', 960, 260469.57, 449879.58, 290.61);
insert into STATION values (1099, '803', 960, 260361.14, 449819.34, 285.61);
insert into STATION values (1100, '804', 960, 260246.68, 449813.31, 285.61);
insert into STATION_FLAG values(1100, 'ent');
insert into STATION values (1101, '810', 960, 260698.48, 449837.41, 283.61);
insert into STATION values (1102, '811', 960, 260692.46, 449855.48, 285.61);
insert into STATION values (1103, '812', 960, 260722.58, 449867.53, 288.61);
insert into STATION values (1104, '813', 960, 260728.60, 449897.65, 293.61);
insert into STATION values (1105, '814', 960, 260758.72, 449915.72, 314.61);
insert into STATION values (1106, '815', 960, 260764.75, 449933.79, 318.61);
insert into STATION values (1107, '816', 960, 260788.84, 449969.94, 307.61);
insert into STATION values (1108, '817', 960, 260794.87, 449975.96, 362.61);
insert into STATION_FLAG values(1108, 'ent');
insert into STATION values (1109, '820', 960, 260758.72, 449855.48, 316.61);
insert into STATION values (1110, '821', 960, 260764.75, 449837.41, 327.61);
insert into STATION values (1111, '822', 960, 260788.84, 449849.46, 336.61);
insert into STATION_FLAG values(1111, 'ent');
insert into STATION values (1112, '825', 960, 260975.59, 449939.82, 366.61);
insert into STATION_FLAG values(1112, 'ent');
insert into STATION values (1113, '826', 960, 260987.64, 449951.87, 366.61);
insert into STATION values (1114, '827', 960, 261017.76, 449933.79, 392.61);
insert into STATION values (1115, '828', 960, 261053.90, 449939.82, 405.61);
insert into STATION values (1116, '829', 960, 261078.00, 449945.84, 416.61);
insert into STATION values (1117, '830', 960, 261102.09, 449988.01, 436.61);
insert into STATION values (1118, '831', 960, 261108.12, 450012.11, 438.61);
insert into STATION values (1119, '832', 960, 261102.09, 450042.23, 443.61);
insert into STATION values (1120, '835', 960, 261102.09, 449988.01, 458.61);
insert into STATION_FLAG values(1120, 'ent');
insert into STATION values (1121, '840', 960, 261162.33, 450006.08, 446.61);
insert into STATION values (1122, '845', 960, 260999.68, 449903.67, 388.61);
insert into STATION_FLAG values(1122, 'ent');
insert into STATION values (1123, '850', 960, 260289.23, 449990.09, 110.87);
insert into STATION values (1124, '851', 960, 260283.21, 450002.07, 107.90);
insert into STATION values (1125, '852', 960, 260301.29, 450026.11, 103.92);
insert into STATION values (1126, '853', 960, 260289.25, 450050.14, 101.95);
insert into STATION values (1127, '854', 960, 260295.28, 450074.17, 98.97);
insert into STATION values (1128, '855', 960, 260313.36, 450092.18, 97.00);
insert into STATION values (1129, '856', 960, 260259.15, 450134.29, 89.03);
insert into STATION values (1130, '857', 960, 260223.02, 450140.25, 91.05);
insert into STATION values (1131, '858', 960, 260072.42, 450104.04, 91.08);
insert into STATION values (1132, '859', 960, 259964.00, 450049.76, 89.10);
insert into STATION values (1133, '860', 960, 259909.79, 450049.70, 89.13);
insert into STATION values (1134, '861', 960, 259783.29, 449995.42, 93.15);
insert into STATION values (1135, '862', 960, 259753.18, 449983.30, 87.18);
insert into STATION values (1136, '863', 960, 259692.95, 449977.22, 88.21);
insert into STATION values (1137, '864', 960, 259662.84, 449947.03, 94.23);
insert into STATION values (1138, '865', 960, 259596.58, 449928.90, 68.26);
insert into STATION values (1139, '866', 960, 259572.49, 449868.59, 61.28);
insert into STATION values (1140, '870', 960, 259777.35, 450199.60, 49.41);
insert into STATION values (1141, '871', 960, 259807.47, 450247.79, 52.41);
insert into STATION values (1142, '872', 960, 259873.73, 450259.84, 53.41);
insert into STATION values (1143, '873', 960, 259903.85, 450368.27, 56.41);
insert into STATION values (1144, '874', 960, 259958.07, 450410.44, 59.41);
insert into STATION values (1145, '875', 960, 260030.35, 450404.41, 54.41);
insert into STATION values (1146, '876', 960, 260096.62, 450446.58, 56.41);
insert into STATION values (1147, '877', 960, 260150.83, 450470.68, 61.41);
insert into STATION values (1148, '878', 960, 260265.29, 450494.77, 57.41);
insert into STATION values (1149, '879', 960, 260337.58, 450567.06, 56.41);
insert into STATION values (1150, '880', 960, 260391.79, 450609.23, 55.41);
insert into STATION values (1151, '881', 960, 260355.65, 450633.33, 56.41);
insert into STATION values (1152, '882', 960, 260301.43, 450627.30, 54.41);
insert into STATION values (1153, '883', 960, 260223.12, 450567.06, 54.41);
insert into STATION values (1154, '884', 960, 260205.05, 450603.21, 52.41);
insert into STATION values (1155, '885', 960, 260235.17, 450621.28, 51.41);
insert into STATION values (1156, '890', 960, 260362.38, 450127.38, 26.85);
insert into STATION values (1157, '895', 960, 260392.47, 450001.93, 27.83);
insert into STATION values (1158, '896', 960, 260512.81, 450021.96, 28.44);
insert into STATION values (1159, '897', 960, 260657.25, 450060.06, 29.05);
insert into STATION values (1160, '898', 960, 260596.87, 449995.76, 29.66);
insert into STATION values (1161, '899', 960, 260584.68, 449991.69, 25.28);
insert into STATION values (1162, '900', 960, 260572.49, 449951.48, 25.89);
insert into STATION values (1163, '901', 960, 260578.38, 449941.39, 31.50);
insert into STATION values (1164, '902', 960, 260596.31, 449931.30, 32.11);
insert into STATION values (1165, '903', 960, 260529.91, 449842.90, 32.72);
insert into STATION values (1166, '904', 960, 260596.08, 449850.60, 33.62);
insert into STATION values (1167, '905', 960, 260674.29, 449828.53, 34.81);
insert into STATION values (1168, '906', 960, 260794.66, 449830.55, 36.51);
insert into STATION values (1169, '907', 960, 260909.01, 449856.66, 37.70);
insert into STATION values (1170, '908', 960, 261077.58, 449858.69, 39.40);
insert into STATION values (1171, '909', 960, 261095.52, 449891.50, 41.06);
insert into STATION values (1172, '910', 960, 261149.60, 449906.24, 42.72);
insert into STATION values (1173, '911', 960, 261161.51, 449914.95, 39.37);
insert into STATION values (1174, '912', 960, 261197.52, 449923.67, 41.03);
insert into STATION values (1175, '913', 960, 261209.43, 449932.38, 47.69);
insert into STATION values (1176, '914', 960, 261317.72, 449959.17, 49.35);
insert into STATION values (1177, '915', 960, 261347.71, 449973.91, 51.01);
insert into STATION values (1178, '920', 960, 261053.51, 449815.85, 38.93);
insert into STATION values (1179, '921', 960, 261095.71, 449766.99, 38.46);
insert into STATION values (1180, '922', 960, 260945.14, 449718.12, 38.00);
insert into STATION values (1181, '923', 960, 260909.03, 449681.31, 37.53);
insert into STATION values (1182, '924', 960, 260842.79, 449668.72, 37.16);
insert into STATION values (1183, '925', 960, 260800.62, 449584.39, 37.16);
insert into STATION values (1184, '926', 960, 260746.41, 449548.24, 37.16);
insert into STATION values (1185, '927', 960, 260752.43, 449463.91, 37.16);
insert into STATION values (1186, '928', 960, 260710.26, 449433.79, 37.16);
insert into STATION values (1187, '929', 960, 260698.21, 449373.55, 37.16);
insert into STATION values (1188, '930', 960, 260619.90, 449325.36, 38.16);
insert into STATION values (1189, '931', 960, 260619.90, 449337.40, 38.16);
insert into STATION values (1190, '932', 960, 260595.81, 449325.36, 38.16);
insert into STATION values (1191, '933', 960, 260559.66, 449343.43, 39.16);
insert into STATION values (1192, '934', 960, 260475.33, 449325.36, 39.16);
insert into STATION values (1193, '935', 960, 260342.80, 449295.24, 39.16);
insert into STATION values (1194, '936', 960, 260348.82, 449222.95, 41.16);
insert into STATION_FLAG values(1194, 'ent');
insert into STATION values (1195, '940', 960, 260276.53, 449295.24, 41.16);
insert into STATION values (1196, '945', 960, 260716.29, 449385.60, 52.16);
insert into STATION_FLAG values(1196, 'ent');
insert into STATION values (1197, '950', 960, 261155.95, 449779.03, 38.46);
insert into STATION values (1198, '951', 960, 261168.00, 449815.18, 40.46);
insert into STATION values (1199, '952', 960, 261186.07, 449815.18, 40.46);
insert into STATION values (1200, '953', 960, 261180.05, 449785.06, 38.46);
insert into STATION values (1201, '954', 960, 261210.17, 449779.03, 38.46);
insert into STATION values (1202, '955', 960, 261216.19, 449760.96, 38.46);
insert into STATION values (1203, '956', 960, 261246.31, 449779.03, 39.46);
insert into STATION values (1204, '957', 960, 261246.31, 449742.89, 40.46);
insert into STATION values (1205, '958', 960, 261258.36, 449730.84, 39.46);
insert into STATION values (1206, '960', 960, 260915.06, 449639.01, 39.44);
insert into STATION values (1207, '961', 960, 260884.95, 449602.73, 39.35);
insert into STATION values (1208, '962', 960, 260872.90, 449650.79, 39.25);
insert into STATION values (1209, '965', 960, 260493.72, 449794.99, 65.43);
insert into STATION values (1210, '966', 960, 260517.79, 449740.72, 86.85);
insert into STATION values (1211, '967', 960, 260529.83, 449734.11, 96.94);
insert into STATION values (1212, '968', 960, 260584.04, 449745.43, 109.90);
insert into STATION values (1213, '969', 960, 260614.16, 449798.91, 119.85);
insert into STATION values (1214, '970', 960, 260644.28, 449846.37, 129.80);
insert into STATION values (1215, '971', 960, 260614.15, 449845.63, 132.75);
insert into STATION values (1216, '972', 960, 260571.98, 449826.83, 137.70);
insert into STATION values (1217, '973', 960, 260517.77, 449826.10, 144.65);
insert into STATION values (1218, '975', 960, 260686.44, 449852.39, 147.80);
insert into STATION values (1219, '980', 960, 260584.04, 449667.11, 106.90);
insert into STATION values (1220, '985', 960, 260614.17, 449820.13, 63.32);
insert into STATION values (1221, '986', 960, 260596.11, 449801.71, 68.03);
insert into STATION values (1222, '987', 960, 260553.95, 449807.39, 70.73);
insert into STATION values (1223, '990', 960, 260433.48, 449788.97, 57.43);
insert into STATION values (1224, '991', 960, 260367.22, 449770.90, 55.43);
insert into STATION values (1225, '992', 960, 260288.91, 449758.85, 57.43);
insert into STATION values (1226, '995', 960, 260445.47, 449687.02, 87.18);
insert into STATION values (1227, '996', 960, 260415.33, 449657.41, 85.50);
insert into STATION values (1228, '997', 960, 260391.22, 449615.47, 84.63);
insert into STATION values (1229, '998', 960, 260349.06, 449561.10, 82.49);
insert into STATION values (1230, '999', 960, 260306.89, 449560.95, 79.35);
insert into STATION values (1231, '1000', 960, 260288.83, 449518.62, 76.21);
insert into STATION values (1232, '1001', 960, 260174.37, 449500.40, 62.07);
insert into STATION values (1233, '1002', 960, 260138.23, 449464.26, 37.07);
insert into STATION values (1234, '1005', 960, 260806.68, 449674.08, 68.69);
insert into STATION values (1235, '1006', 960, 260734.42, 449673.41, 97.23);
insert into STATION values (1236, '1007', 960, 260680.23, 449672.74, 105.76);
insert into STATION values (1237, '1008', 960, 260595.93, 449666.04, 109.30);
insert into STATION values (1238, '1009', 960, 260553.79, 449677.42, 112.83);
insert into STATION values (1239, '1010', 960, 260499.60, 449664.70, 114.36);
insert into STATION values (1240, '1011', 960, 260421.32, 449633.91, 95.90);
insert into STATION values (1241, '1012', 960, 260349.05, 449639.64, 100.70);
insert into STATION values (1242, '1013', 960, 260282.79, 449603.50, 105.70);
insert into STATION values (1243, '1014', 960, 260162.31, 449585.42, 109.70);
insert into STATION values (1244, '1020', 960, 260638.10, 449666.04, 117.30);
insert into STATION values (1245, '1021', 960, 260656.17, 449684.12, 119.30);
insert into STATION values (1246, '1022', 960, 260710.38, 449684.12, 119.30);
insert into STATION values (1247, '1023', 960, 260770.62, 449684.12, 120.30);
insert into STATION values (1248, '1024', 960, 260836.89, 449690.14, 118.30);
insert into STATION values (1249, '1025', 960, 260891.10, 449708.21, 116.30);
insert into STATION values (1250, '1030', 960, 260517.77, 449655.95, 126.08);
insert into STATION values (1251, '1031', 960, 260535.84, 449632.01, 146.23);
insert into STATION values (1252, '1032', 960, 260499.69, 449602.04, 138.37);
insert into STATION values (1253, '1033', 960, 260445.47, 449572.08, 141.51);
insert into STATION values (1254, '1034', 960, 260324.99, 449542.11, 134.65);
insert into STATION values (1255, '1035', 960, 260258.72, 449536.24, 129.79);
insert into STATION values (1256, '1036', 960, 260186.43, 449518.32, 121.93);
insert into STATION values (1257, '1040', 960, 260222.58, 449488.05, 134.79);
insert into STATION values (1258, '1041', 960, 260246.67, 449433.83, 114.79);
insert into STATION values (1259, '1042', 960, 260306.91, 449409.73, 106.79);
insert into STATION values (1260, '1043', 960, 260331.01, 449433.83, 105.79);
insert into STATION values (1261, '1044', 960, 260337.03, 449463.95, 108.79);
insert into STATION values (1262, '1045', 960, 260415.34, 449488.05, 111.79);
insert into STATION values (1263, '408', 3151, 261629.20, 450611.41, 241.08);
insert into STATION values (1264, '219', 3151, 261624.95, 450617.47, 242.25);
insert into STATION values (1265, '218', 3151, 261598.04, 450612.24, 255.62);
insert into STATION values (1266, '217', 3151, 261596.40, 450615.78, 260.44);
insert into STATION values (1267, '216', 3151, 261595.17, 450622.71, 263.57);
insert into STATION values (1268, '215', 3151, 261587.10, 450619.77, 264.93);
insert into STATION values (1269, '214', 3151, 261582.64, 450614.64, 261.76);
insert into STATION values (1270, '213', 3151, 261592.31, 450595.66, 261.39);
insert into STATION values (1271, '212', 3151, 261595.81, 450582.61, 251.93);
insert into STATION values (1272, '211', 3151, 261572.66, 450570.81, 236.93);
insert into STATION values (1273, '210', 3151, 261545.23, 450578.68, 227.66);
insert into STATION values (1274, '209', 3151, 261534.63, 450569.78, 218.32);
insert into STATION values (1275, '208', 3151, 261533.24, 450563.78, 212.17);
insert into STATION values (1276, '207', 3151, 261531.66, 450562.67, 210.43);
insert into STATION values (1277, '206', 3151, 261528.45, 450560.51, 206.95);
insert into STATION values (1278, '205', 3151, 261521.29, 450566.52, 207.93);
insert into STATION values (1279, '204', 3151, 261511.64, 450562.62, 213.70);
insert into STATION values (1280, '203', 3151, 261498.43, 450569.36, 221.59);
insert into STATION values (1281, '202', 3151, 261473.06, 450568.91, 238.70);
insert into STATION values (1282, '193', 3151, 261469.65, 450570.02, 240.69);
insert into STATION values (1283, '192', 3151, 261470.09, 450595.22, 242.89);
insert into STATION values (1284, '191', 3151, 261473.12, 450598.58, 239.10);
insert into STATION values (1285, '190', 3151, 261491.40, 450616.87, 241.82);
insert into STATION values (1286, '189', 3151, 261482.84, 450636.09, 233.31);
insert into STATION values (1287, '188', 3151, 261492.31, 450646.61, 237.64);
insert into STATION values (1288, '187', 3151, 261494.06, 450656.53, 238.35);
insert into STATION values (1289, '186', 3151, 261489.43, 450663.94, 233.90);
insert into STATION values (1290, '185', 3151, 261489.43, 450683.06, 228.77);
insert into STATION values (1291, '184', 3151, 261471.38, 450701.12, 211.55);
insert into STATION values (1292, '183', 3151, 261474.60, 450731.77, 209.39);
insert into STATION values (1293, '182', 3151, 261486.24, 450756.75, 216.26);
insert into STATION values (1294, '181', 3151, 261505.10, 450777.70, 227.65);
insert into STATION values (1295, '180', 3151, 261506.45, 450803.36, 223.12);
insert into STATION values (1296, '201', 3151, 261447.02, 450554.76, 231.82);
insert into STATION values (1297, '200', 3151, 261421.19, 450542.16, 221.92);
insert into STATION values (1298, '199', 3151, 261394.34, 450534.96, 210.12);
insert into STATION values (1299, '198', 3151, 261372.02, 450536.13, 197.22);
insert into STATION values (1300, '197', 3151, 261349.44, 450519.11, 185.80);
insert into STATION values (1301, '196', 3151, 261334.29, 450515.06, 175.61);
insert into STATION values (1302, '195', 3151, 261321.88, 450518.61, 164.39);
insert into STATION values (1303, '194', 3151, 261318.26, 450523.60, 165.70);
insert into STATION values (1304, '224', 3151, 261313.79, 450522.15, 165.70);
insert into STATION values (1305, '223', 3151, 261302.66, 450529.94, 153.89);
insert into STATION values (1306, '222', 3151, 261287.72, 450517.40, 146.40);
insert into STATION values (1307, '221', 3151, 261264.66, 450501.84, 135.16);
insert into STATION values (1308, '220', 3151, 261236.62, 450496.90, 123.66);
insert into STATION values (1309, '225', 3151, 261481.72, 450641.83, 230.71);
insert into STATION values (1310, '226', 3151, 261462.87, 450658.22, 213.22);
insert into STATION values (1311, '227', 3151, 261456.88, 450640.84, 212.57);
insert into STATION values (1312, '228', 3151, 261446.93, 450633.87, 208.86);
insert into STATION values (1313, '229', 3151, 261447.55, 450622.05, 213.17);
insert into STATION values (1314, '230', 3151, 261456.51, 450613.98, 221.93);
insert into STATION values (1315, '231', 3151, 261481.25, 450609.62, 238.87);
insert into STATION values (1316, '232', 3151, 261485.48, 450618.70, 240.10);
insert into STATION values (1317, '233', 3151, 261493.45, 450645.65, 238.23);
insert into STATION values (1318, '234', 3151, 261513.70, 450639.06, 253.14);
insert into STATION values (1319, '315', 3200, 261949.42, 451017.50, 248.07);
insert into STATION values (1320, '591', 3200, 261948.70, 451037.99, 245.19);
insert into STATION values (1321, '592', 3200, 261944.22, 451038.78, 237.90);
insert into STATION values (1322, '500', 3200, 261944.22, 451038.78, 216.00);
insert into STATION values (1323, '501', 3200, 261937.57, 451051.81, 211.53);
insert into STATION values (1324, '502', 3200, 261914.39, 451036.76, 198.64);
insert into STATION values (1325, '503', 3200, 261898.66, 451057.64, 182.93);
insert into STATION values (1326, '504', 3200, 261871.11, 451067.67, 174.52);
insert into STATION values (1327, '505', 3200, 261859.39, 451090.66, 171.35);
insert into STATION values (1328, '506', 3200, 261880.53, 451112.55, 173.48);
insert into STATION values (1329, '507', 3200, 261883.09, 451141.89, 165.59);
insert into STATION values (1330, '508', 3200, 261886.47, 451172.17, 165.25);
insert into STATION values (1331, '509', 3200, 261883.86, 451202.47, 167.10);
insert into STATION values (1332, '510', 3200, 261883.96, 451231.45, 157.68);
insert into STATION values (1333, '511', 3200, 261858.44, 451225.46, 153.75);
insert into STATION values (1334, '512', 3200, 261851.12, 451197.07, 145.21);
insert into STATION values (1335, '513', 3200, 261837.95, 451175.14, 128.60);
insert into STATION values (1336, '514', 3200, 261852.79, 451166.59, 144.36);
insert into STATION values (1337, '515', 3200, 261864.50, 451142.18, 158.05);
insert into STATION values (1338, '516', 3200, 261890.74, 451155.39, 166.21);
insert into STATION values (1339, '517', 3200, 261902.92, 451130.45, 180.45);
insert into STATION values (1340, '518', 3200, 261854.63, 451045.81, 189.07);
insert into STATION values (1341, '519', 3200, 261843.75, 451041.63, 197.86);
insert into STATION values (1342, '520', 3200, 261843.93, 451031.05, 194.83);
insert into STATION values (1343, '521', 3200, 261839.49, 451020.05, 195.66);
insert into STATION values (1344, '522', 3200, 261837.54, 451012.24, 200.89);
insert into STATION values (1345, '523', 3200, 261841.28, 450992.99, 198.13);
insert into STATION values (1346, '524', 3200, 261844.22, 450976.31, 196.65);
insert into STATION values (1347, '525', 3200, 261837.22, 450964.19, 196.65);
insert into STATION values (1348, '526', 3200, 261832.56, 450946.80, 196.65);
insert into STATION values (1349, '527', 3200, 261826.74, 450945.77, 195.61);
insert into STATION values (1350, '528', 3200, 261825.03, 450926.15, 199.08);
insert into STATION values (1351, '529', 3200, 261811.43, 450919.81, 199.08);
insert into STATION values (1352, '530', 3200, 261888.50, 451053.58, 177.67);
insert into STATION values (1353, '531', 3200, 261882.84, 451042.47, 176.79);
insert into STATION values (1354, '532', 3200, 261867.81, 451032.71, 158.24);
insert into STATION values (1355, '533', 3200, 261837.93, 451035.32, 157.71);
insert into STATION values (1356, '534', 3200, 261813.78, 451036.17, 140.79);
insert into STATION values (1357, '535', 3200, 261800.40, 451062.42, 132.90);
insert into STATION values (1358, '536', 3200, 261811.61, 451090.17, 139.26);
insert into STATION values (1359, '537', 3200, 261821.65, 451099.86, 140.48);
insert into STATION values (1360, '538', 3200, 261829.71, 451105.51, 138.74);
insert into STATION values (1361, '539', 3200, 261837.17, 451116.15, 138.74);
insert into STATION values (1362, '540', 3200, 261841.05, 451130.64, 138.74);
insert into STATION values (1363, '541', 3200, 261851.83, 451146.04, 145.58);
insert into STATION values (1364, '542', 3200, 261794.67, 451087.23, 118.20);
insert into STATION values (1365, '543a', 3200, 261785.56, 451110.98, 102.30);
insert into STATION values (1366, '543b', 3200, 261970.63, 451038.78, 200.75);
insert into STATION values (1367, '544', 3200, 261985.56, 451061.77, 187.38);
insert into STATION values (1368, '545', 3200, 262012.47, 451068.98, 199.78);
insert into STATION values (1369, '546', 3200, 262037.44, 451086.46, 198.72);
insert into STATION values (1370, '547', 3200, 262066.38, 451084.44, 208.15);
insert into STATION values (1371, '548', 3200, 262085.42, 451064.72, 221.52);
insert into STATION values (1372, '549', 3200, 262106.80, 451085.36, 228.38);
insert into STATION values (1373, '550', 3200, 262117.72, 451113.82, 229.44);
insert into STATION values (1374, '551', 3200, 262131.57, 451140.99, 229.97);
insert into STATION values (1375, '552', 3200, 262137.89, 451170.75, 227.85);
insert into STATION values (1376, '553', 3200, 262151.71, 451197.86, 229.97);
insert into STATION values (1377, '554', 3200, 262137.99, 451224.77, 225.73);
insert into STATION values (1378, '555', 3200, 262144.84, 451247.17, 222.85);
insert into STATION values (1379, '556', 3200, 262157.76, 451273.65, 214.96);
insert into STATION values (1380, '557', 3200, 262167.18, 451302.64, 216.02);
insert into STATION values (1381, '558', 3200, 262170.31, 451332.48, 211.81);
insert into STATION values (1382, '559', 3200, 262186.92, 451357.10, 204.40);
insert into STATION values (1383, '560', 3200, 262179.65, 451386.23, 199.65);
insert into STATION values (1384, '561', 3200, 262159.52, 451403.73, 184.86);
insert into STATION values (1385, '562', 3200, 262158.53, 451432.19, 173.93);
insert into STATION values (1386, '563', 3200, 262168.02, 451459.77, 165.01);
insert into STATION values (1387, '564', 3200, 262180.40, 451487.56, 162.89);
insert into STATION values (1388, '565', 3200, 262193.65, 451513.57, 163.90);
insert into STATION values (1389, '566', 3200, 262185.58, 451528.11, 157.85);
insert into STATION values (1390, '567', 3200, 262167.27, 451548.45, 145.09);
insert into STATION values (1391, '568', 3200, 262163.11, 451557.38, 143.35);
insert into STATION values (1392, '571', 3200, 262207.65, 451490.43, 175.09);
insert into STATION values (1393, '572', 3200, 262224.25, 451509.53, 186.35);
insert into STATION values (1394, '573', 3200, 262243.45, 451533.23, 186.89);
insert into STATION values (1395, '574', 3200, 262265.93, 451549.56, 186.40);
insert into STATION values (1396, '575', 3200, 262266.99, 451579.82, 182.68);
insert into STATION values (1397, '576', 3200, 262276.41, 451608.82, 182.15);
insert into STATION values (1398, '577', 3200, 262277.97, 451638.61, 175.81);
insert into STATION values (1399, '578', 3200, 262288.89, 451667.05, 174.21);
insert into STATION values (1400, '579', 3200, 262263.08, 451655.01, 163.28);
insert into STATION values (1401, '580', 3200, 262242.93, 451673.81, 150.44);
insert into STATION values (1402, '581', 3200, 262228.72, 451682.01, 143.81);
insert into STATION values (1403, '582', 3200, 262225.79, 451709.93, 131.89);
insert into STATION values (1404, '583', 3200, 262200.69, 451727.51, 106.18);
insert into STATION values (1405, '584', 3200, 262281.08, 451677.23, 165.79);
insert into STATION values (1406, '585', 3200, 262295.85, 451703.89, 166.85);
insert into STATION values (1407, '586', 3200, 262304.24, 451733.14, 168.98);
insert into STATION values (1408, '587', 3200, 262314.68, 451760.34, 166.94);
insert into STATION values (1409, '588', 3200, 262345.10, 451758.74, 168.54);
insert into STATION values (1410, '589', 3200, 262368.46, 451778.34, 169.07);
insert into STATION values (1411, '590', 3200, 262385.85, 451793.46, 184.62);
insert into STATION values (1412, '593', 3200, 262375.35, 451799.52, 180.20);
insert into STATION values (1413, '594', 3200, 262363.83, 451815.98, 174.82);
insert into STATION values (1414, '595', 3200, 262359.28, 451815.90, 169.77);
insert into STATION values (1415, '596', 3200, 262365.48, 451832.93, 172.96);
insert into STATION values (1416, '597', 3200, 262368.22, 451839.09, 176.25);
insert into STATION values (1417, '598', 3200, 262359.94, 451864.58, 172.96);
insert into STATION values (1418, '599', 3200, 262364.95, 451892.98, 181.23);
insert into STATION values (1419, '600', 3200, 262365.70, 451742.65, 184.25);
insert into STATION values (1420, '601', 3200, 262395.53, 451746.84, 189.02);
insert into STATION values (1421, '602', 3200, 262417.79, 451760.75, 197.55);
insert into STATION values (1422, '603', 3200, 262420.45, 451791.11, 196.48);
insert into STATION values (1423, '604', 3200, 262405.27, 451807.97, 205.19);
insert into STATION values (1424, '605', 3200, 262395.28, 451799.29, 209.75);
insert into STATION values (1425, '606', 3200, 262395.13, 451815.07, 204.33);
insert into STATION values (1426, '607', 3200, 262391.65, 451834.83, 203.27);
insert into STATION values (1427, '608', 3200, 262368.34, 451786.73, 216.61);
insert into STATION values (1428, '609', 3200, 262357.57, 451783.44, 225.09);
insert into STATION values (1429, '610', 3200, 262380.12, 451717.67, 194.18);
insert into STATION values (1430, '611', 3200, 262402.95, 451705.53, 210.34);
insert into STATION values (1431, '612', 3200, 262426.59, 451716.55, 217.33);
insert into STATION values (1432, '613', 3200, 262454.31, 451726.09, 225.73);
insert into STATION values (1433, '614', 3200, 262479.92, 451734.42, 240.05);
insert into STATION values (1434, '615', 3200, 262492.60, 451755.52, 243.07);
insert into STATION values (1435, '616', 3200, 262493.89, 451780.06, 227.12);
insert into STATION values (1436, '617', 3200, 262489.59, 451795.04, 219.85);
insert into STATION values (1437, '618', 3200, 262510.88, 451815.60, 227.23);
insert into STATION values (1438, '619', 3200, 262510.88, 451840.63, 222.36);
insert into STATION values (1439, '620', 3200, 262528.59, 451860.30, 226.55);
insert into STATION values (1440, '621', 3200, 262540.52, 451882.73, 229.67);
insert into STATION values (1441, '622', 3200, 262505.74, 451880.16, 230.27);
insert into STATION values (1442, '623', 3200, 262492.20, 451886.48, 231.58);
insert into STATION values (1443, '624', 3200, 262473.28, 451804.08, 225.55);
insert into STATION values (1444, '625', 3200, 262451.25, 451796.06, 223.91);
insert into STATION values (1445, '626', 3200, 262431.03, 451783.91, 223.50);
insert into STATION values (1446, '627', 3200, 262415.86, 451784.17, 214.38);
insert into STATION values (1447, '605a', 3200, 262392.49, 451801.78, 208.70);
insert into STATION values (1448, '628', 3200, 262354.77, 451714.18, 184.78);
insert into STATION values (1449, '629', 3200, 262337.78, 451688.99, 182.12);
insert into STATION values (1450, '630', 3200, 262320.28, 451664.00, 182.12);
insert into STATION values (1451, '631', 3200, 262296.88, 451649.38, 182.12);
insert into STATION values (1452, '577a', 3200, 262278.05, 451642.15, 177.46);
insert into STATION values (1453, '632', 3200, 262313.49, 451645.33, 192.68);
insert into STATION values (1454, '633', 3200, 262308.19, 451615.30, 192.15);
insert into STATION values (1455, '634', 3200, 262295.04, 451595.04, 197.29);
insert into STATION values (1456, '635', 3200, 262281.61, 451573.56, 192.36);
insert into STATION values (1457, '636', 3200, 262281.38, 451560.00, 193.31);
insert into STATION values (1458, '574a', 3200, 262264.16, 451553.04, 190.37);
insert into STATION values (1459, '637', 3200, 262300.08, 451590.95, 201.04);
insert into STATION values (1460, '638', 3200, 262290.18, 451562.18, 203.16);
insert into STATION values (1461, '639', 3200, 262198.33, 451385.34, 206.00);
insert into STATION values (1462, '640', 3200, 262212.79, 451390.60, 209.55);
insert into STATION values (1463, '641', 3200, 262227.59, 451416.23, 209.04);
insert into STATION values (1464, '642', 3200, 262242.32, 451442.81, 211.70);
insert into STATION values (1465, '647', 3200, 262250.14, 451471.98, 207.45);
insert into STATION values (1466, '648', 3200, 262241.61, 451499.88, 198.53);
insert into STATION values (1467, '572a', 3200, 262220.08, 451506.46, 185.53);
insert into STATION values (1468, '643', 3200, 262255.55, 451428.11, 221.34);
insert into STATION values (1469, '644', 3200, 262265.52, 451428.11, 225.99);
insert into STATION values (1470, '645', 3200, 262279.79, 451430.63, 229.87);
insert into STATION values (1471, '646', 3200, 262285.11, 451425.31, 232.61);
insert into STATION values (1472, '649', 3200, 262330.27, 451779.91, 159.13);
insert into STATION values (1473, '650', 3200, 262323.39, 451790.11, 161.30);
insert into STATION values (1474, '587a', 3200, 262317.53, 451762.56, 167.29);
insert into STATION values (1475, '651', 3200, 262252.46, 451641.42, 162.08);
insert into STATION values (1476, '652', 3200, 262225.31, 451647.68, 149.67);
insert into STATION values (1477, '653', 3200, 262200.89, 451638.31, 141.17);
insert into STATION values (1478, '654', 3200, 262184.83, 451640.85, 133.93);
insert into STATION values (1479, '655', 3200, 262184.83, 451658.53, 151.61);
insert into STATION values (1480, '656', 3200, 262199.63, 451662.50, 138.76);
insert into STATION values (1481, '657', 3200, 262191.19, 451615.35, 146.19);
insert into STATION values (1482, '658', 3200, 262183.31, 451601.69, 154.23);
insert into STATION values (1483, '659', 3200, 262193.11, 451574.76, 164.66);
insert into STATION values (1484, '660', 3200, 262196.23, 451563.12, 168.34);
insert into STATION values (1485, '661', 3200, 262192.89, 451545.96, 167.73);
insert into STATION values (1486, '566a', 3200, 262180.00, 451536.93, 160.06);
insert into STATION values (1487, '662', 3200, 262157.04, 451467.96, 162.35);
insert into STATION values (1488, '663', 3200, 262142.81, 451441.21, 161.82);
insert into STATION values (1489, '664', 3200, 262124.46, 451416.85, 161.82);
insert into STATION values (1490, '665', 3200, 262112.55, 451388.80, 160.76);
insert into STATION values (1491, '666', 3200, 262105.24, 451359.49, 165.01);
insert into STATION values (1492, '667', 3200, 262090.45, 451333.87, 166.04);
insert into STATION values (1493, '668', 3200, 262094.69, 451303.71, 167.63);
insert into STATION values (1494, '669', 3200, 262098.59, 451281.59, 181.13);
insert into STATION values (1495, '670', 3200, 262102.26, 451255.44, 196.38);
insert into STATION values (1496, '671', 3200, 262109.60, 451234.12, 207.86);
insert into STATION values (1497, '672', 3200, 262129.64, 451248.15, 220.87);
insert into STATION values (1498, '555a', 3200, 262144.43, 451249.70, 223.49);
insert into STATION values (1499, '673', 3200, 262119.05, 451223.12, 231.91);
insert into STATION values (1500, '674', 3200, 262021.99, 451090.89, 190.18);
insert into STATION values (1501, '675', 3200, 262002.28, 451097.30, 176.20);
insert into STATION values (1502, '676', 3200, 261972.57, 451103.07, 179.91);
insert into STATION values (1503, '677', 3200, 261964.60, 451092.87, 186.23);
insert into STATION values (1504, '678', 3200, 261941.20, 451084.36, 184.05);
insert into STATION values (1505, '679', 3200, 261958.71, 451082.67, 185.61);
insert into STATION values (1506, '680', 3200, 261971.30, 451083.99, 188.53);
insert into STATION values (1507, '681', 3200, 261971.30, 451075.15, 197.37);
insert into STATION values (1508, '682', 3200, 261973.36, 451073.02, 197.84);
insert into STATION values (1509, '683', 3200, 261972.87, 451044.64, 198.83);
insert into STATION values (1510, '500a', 3200, 261939.94, 451042.92, 217.11);
insert into STATION values (1511, '684', 3200, 262075.59, 451273.22, 169.72);
insert into STATION values (1512, '685', 3200, 262057.05, 451250.33, 161.82);
insert into STATION values (1513, '686', 3200, 262042.71, 451224.44, 169.20);
insert into STATION values (1514, '687', 3200, 262042.71, 451193.94, 169.20);
insert into STATION values (1515, '688', 3200, 262035.77, 451172.60, 167.63);
insert into STATION values (1516, '689', 3200, 262010.44, 451156.15, 163.39);
insert into STATION values (1517, '690', 3200, 261994.47, 451142.75, 160.83);
insert into STATION values (1518, '691', 3200, 262092.76, 451379.57, 154.91);
insert into STATION values (1519, '692', 3200, 262083.33, 451367.50, 156.52);
insert into STATION values (1520, '693', 3200, 262096.66, 451347.75, 166.15);
insert into STATION values (1521, '1', 3678, 260916.44, 451342.31, 21.99);
insert into STATION values (1522, '2', 3678, 260917.73, 451347.14, 27.17);
insert into STATION values (1523, '3', 3678, 260931.82, 451343.10, 38.62);
insert into STATION values (1524, '4', 3678, 260945.13, 451338.52, 48.85);
insert into STATION values (1525, '5', 3678, 260960.38, 451327.03, 62.72);
insert into STATION values (1526, '6', 3678, 260962.04, 451324.74, 61.46);
insert into STATION values (1527, '7', 3678, 260965.98, 451323.46, 59.70);
insert into STATION values (1528, '8', 3678, 260968.92, 451325.02, 60.78);
insert into STATION values (1529, '9', 3678, 260969.59, 451322.52, 59.73);
insert into STATION values (1530, '10', 3678, 260970.83, 451322.60, 59.33);
insert into STATION values (1531, '11', 3678, 260993.27, 451335.04, 56.63);
insert into STATION values (1532, '12', 3678, 260998.93, 451339.30, 56.14);
insert into STATION values (1533, '13', 3678, 260998.93, 451377.80, 56.81);
insert into STATION values (1534, '14', 3678, 260998.66, 451392.76, 54.17);
insert into STATION values (1535, '15', 3678, 261006.87, 451410.37, 52.47);
insert into STATION values (1536, '16', 3678, 261035.67, 451432.07, 50.58);
insert into STATION values (1537, '17', 3678, 261057.56, 451465.78, 51.28);
insert into STATION values (1538, '18', 3678, 261083.93, 451484.93, 50.72);
insert into STATION values (1539, '19', 3678, 261099.89, 451506.91, 49.29);
insert into STATION values (1540, '20', 3678, 261114.47, 451519.14, 50.96);
insert into STATION values (1541, '21', 3678, 261128.12, 451540.99, 49.61);
insert into STATION values (1542, '22', 3678, 261143.81, 451576.23, 48.26);
insert into STATION values (1543, '23', 3678, 261150.30, 451604.32, 46.24);
insert into STATION values (1544, '24', 3678, 261164.62, 451605.07, 47.50);
insert into STATION values (1545, '25', 3678, 261183.62, 451594.97, 45.62);
insert into STATION values (1546, '26', 3678, 261210.37, 451581.92, 44.06);
insert into STATION values (1547, '27', 3678, 261228.76, 451603.08, 46.02);
insert into STATION values (1548, '28', 3678, 261239.74, 451625.60, 49.54);
insert into STATION values (1549, '29', 3678, 261255.34, 451637.35, 47.83);
insert into STATION values (1550, '30', 3678, 261289.18, 451641.51, 47.83);
insert into STATION values (1551, '31', 3678, 261323.68, 451632.26, 45.33);
insert into STATION values (1552, '32', 3678, 261347.76, 451639.63, 46.21);
insert into STATION values (1553, '33', 3678, 261385.87, 451634.95, 46.88);
insert into STATION values (1554, '34', 3678, 261411.79, 451628.00, 45.01);
insert into STATION values (1555, '35', 3678, 261438.15, 451637.08, 45.98);
insert into STATION values (1556, '36', 3678, 261464.80, 451639.88, 45.51);
insert into STATION values (1557, '37', 3678, 261481.60, 451656.10, 57.41);
insert into STATION values (1558, '38', 3678, 261493.45, 451662.67, 68.78);
insert into STATION values (1559, '39', 3678, 261504.80, 451667.03, 81.37);
insert into STATION values (1560, '40', 3678, 261518.80, 451657.58, 91.12);
insert into STATION values (1561, 'r0', 3809, 261861.33, 450731.24, 232.59);
insert into STATION values (1562, 'r0a', 3809, 261893.38, 450750.50, 236.52);
insert into STATION values (1563, 'r0b', 3809, 261848.25, 450695.29, 235.94);
insert into STATION values (1564, 'r0c', 3809, 261845.63, 450679.88, 238.23);
insert into STATION values (1565, 'r1', 3809, 261844.95, 450748.81, 221.89);
insert into STATION values (1566, 'r2', 3809, 261842.37, 450767.15, 219.29);
insert into STATION values (1567, 'r3', 3809, 261807.25, 450758.39, 218.66);
insert into STATION values (1568, 'r4', 3809, 261787.94, 450765.81, 219.38);
insert into STATION values (1569, 'r5', 3809, 261792.08, 450813.23, 219.38);
insert into STATION values (1570, 'r6', 3809, 261760.37, 450801.05, 216.41);
insert into STATION values (1571, 'r7', 3809, 261741.23, 450810.39, 216.41);
insert into STATION values (1572, 'r8', 3809, 261760.27, 450831.54, 214.92);
insert into STATION values (1573, 'r9', 3809, 261780.43, 450837.70, 199.03);
insert into STATION values (1574, 'r10', 3809, 261773.24, 450844.06, 197.55);
insert into STATION values (1575, 'r11', 3809, 261759.85, 450850.94, 192.72);
insert into STATION values (1576, 'd1', 3813, 261285.92, 450759.49, 173.75);
insert into STATION values (1577, 'd2', 3813, 261328.55, 450761.91, 191.59);
insert into STATION values (1578, 'd3', 3813, 261341.53, 450750.01, 188.72);
insert into STATION values (1579, 'd4', 3813, 261370.08, 450767.78, 179.97);
insert into STATION values (1580, 'd5', 3813, 261379.98, 450760.63, 178.43);
insert into STATION values (1581, 'd6', 3813, 261405.25, 450766.18, 176.33);
insert into STATION values (1582, 'd7', 3813, 261438.21, 450757.01, 188.03);
insert into STATION values (1583, 'd8', 3813, 261446.26, 450745.12, 194.23);
insert into STATION values (1584, 'd9', 3813, 261445.42, 450724.95, 197.16);
insert into STATION values (1585, 'd10', 3813, 261456.04, 450713.48, 196.81);
insert into STATION values (1586, 'd11', 3813, 261498.05, 450727.28, 193.70);
insert into STATION values (1587, 'd12', 3813, 261518.23, 450734.25, 195.50);
insert into STATION values (1588, 'd13', 3813, 261521.92, 450745.89, 196.99);
insert into STATION values (1589, 'd14', 3813, 261532.56, 450764.33, 196.66);
insert into STATION values (1590, 'd15', 3813, 261567.07, 450783.76, 194.67);
insert into STATION values (1591, 'd16', 3813, 261578.13, 450788.21, 194.62);
insert into STATION values (1592, 'd17', 3813, 261599.40, 450798.68, 195.31);
insert into STATION values (1593, 'd18', 3813, 261614.90, 450805.12, 199.56);
insert into STATION values (1594, 'd19', 3813, 261644.75, 450820.74, 195.40);
insert into STATION values (1595, 'd20', 3813, 261661.51, 450833.78, 193.70);
insert into STATION values (1596, 'd21', 3813, 261692.39, 450837.38, 193.97);
insert into STATION values (1597, 'd22', 3813, 261700.05, 450843.46, 194.46);
insert into STATION values (1598, 'd23', 3813, 261710.32, 450834.22, 197.82);
insert into STATION values (1599, 'd24', 3813, 261718.76, 450839.76, 197.42);
insert into STATION values (1600, 'd25', 3813, 261735.74, 450854.52, 196.85);
insert into STATION values (1601, 'd26', 3813, 261750.25, 450860.88, 194.47);
insert into STATION values (1602, 'r11', 3813, 261759.85, 450850.94, 192.72);
insert into STATION values (1603, 'd1', 3817, 261285.92, 450759.49, 173.75);
insert into STATION values (1604, 'm2', 3817, 261262.61, 450765.74, 173.32);
insert into STATION values (1605, 'm3', 3817, 261228.18, 450756.51, 173.32);
insert into STATION values (1606, 'm4', 3817, 261183.54, 450746.21, 177.33);
insert into STATION values (1607, 'm5', 3817, 261162.36, 450740.53, 169.78);
insert into STATION values (1608, 'm6', 3817, 261148.33, 450715.22, 168.01);
insert into STATION values (1609, 'm7', 3817, 261131.88, 450717.83, 173.91);
insert into STATION values (1610, 'm8', 3817, 261123.59, 450723.01, 177.86);
insert into STATION values (1611, 'm9', 3817, 261098.25, 450712.77, 174.74);
insert into STATION values (1612, 'm10', 3817, 261059.64, 450714.12, 151.99);
insert into STATION values (1613, 'm11', 3817, 261056.57, 450726.44, 139.29);
insert into STATION values (1614, 'm12', 3817, 261041.23, 450724.28, 134.26);
insert into STATION values (1615, 'm13', 3817, 261003.71, 450717.33, 113.10);
insert into STATION values (1616, 'm14', 3817, 260977.82, 450707.39, 103.01);
insert into STATION values (1617, 'm15', 3817, 260981.96, 450667.97, 102.32);
insert into STATION values (1618, 'm15', 3821, 260981.96, 450667.97, 102.32);
insert into STATION values (1619, 'v1', 3821, 260958.19, 450636.43, 101.63);
insert into STATION values (1620, 'v2', 3821, 260953.49, 450609.78, 103.05);
insert into STATION values (1621, 'v3', 3821, 260938.83, 450588.03, 103.05);
insert into STATION values (1622, 'v4', 3821, 260922.08, 450564.12, 103.05);
insert into STATION values (1623, 'v5', 3821, 260916.95, 450543.53, 104.16);
insert into STATION values (1624, 'v6', 3821, 260911.86, 450514.69, 101.08);
insert into STATION values (1625, 'v7', 3821, 260901.99, 450486.02, 104.80);
insert into STATION values (1626, 'v8', 3821, 260889.03, 450459.44, 109.49);
insert into STATION values (1627, 'v9', 3821, 260866.40, 450436.81, 112.85);
insert into STATION values (1628, 'v10', 3821, 260861.24, 450430.21, 113.44);
insert into STATION values (1629, 'v11', 3821, 260827.51, 450417.26, 107.72);
insert into STATION values (1630, 'v12', 3821, 260805.24, 450402.24, 100.52);
insert into STATION values (1631, 'v13', 3821, 260781.95, 450371.33, 105.27);
insert into STATION values (1632, 'v14', 3821, 260761.42, 450344.09, 102.88);
insert into STATION values (1633, 'v15', 3821, 260734.13, 450322.76, 101.07);
insert into STATION values (1634, 'v16', 3821, 260713.06, 450297.66, 102.79);
insert into STATION values (1635, 'v17', 3821, 260683.52, 450271.97, 100.73);
insert into STATION values (1636, 'v18', 3821, 260672.08, 450253.68, 94.14);
insert into STATION values (1637, 'v18', 3825, 260672.08, 450253.68, 94.14);
insert into STATION values (1638, 'g2', 3825, 260650.26, 450237.24, 86.30);
insert into STATION values (1639, 'g3', 3825, 260639.91, 450238.33, 79.01);
insert into STATION values (1640, 'g2', 3829, 260650.26, 450237.24, 86.30);
insert into STATION values (1641, 'g3', 3829, 260639.91, 450238.33, 79.01);
insert into STATION values (1642, 'g4', 3829, 260600.66, 450244.54, 60.48);
insert into STATION values (1643, 'g5', 3829, 260592.86, 450241.70, 60.63);
insert into STATION values (1644, 'g6', 3829, 260576.22, 450215.08, 54.81);
insert into STATION values (1645, 'g7', 3829, 260569.08, 450202.20, 57.81);
insert into STATION values (1646, 'g8', 3829, 260551.47, 450166.08, 59.91);
insert into STATION values (1647, 'g9', 3829, 260539.18, 450147.86, 60.30);
insert into STATION values (1648, 'g10', 3829, 260509.83, 450142.15, 46.98);
insert into STATION values (1649, 'g11', 3829, 260510.99, 450119.91, 55.98);
insert into STATION values (1650, 'g12', 3829, 260503.18, 450095.87, 58.86);
insert into STATION values (1651, 'g13', 3829, 260487.50, 450069.77, 61.79);
insert into STATION values (1652, 'g14', 3829, 260470.10, 450052.97, 56.65);
insert into STATION values (1653, 'g15', 3829, 260444.47, 450048.45, 47.69);
insert into STATION values (1654, 'g16', 3829, 260436.48, 450032.07, 51.57);
insert into STATION values (1655, 'g17', 3829, 260435.52, 450013.69, 55.81);
insert into STATION values (1656, 'g18', 3829, 260414.86, 449980.63, 55.81);
insert into STATION values (1657, 'g19', 3829, 260399.91, 449965.15, 54.69);
insert into STATION values (1658, 'g20', 3829, 260381.34, 449939.59, 54.41);
insert into STATION values (1659, 'g21', 3829, 260348.40, 449890.75, 54.41);
insert into STATION values (1660, 'g22', 3829, 260338.72, 449880.00, 53.14);
insert into STATION values (1661, 'r13', 3829, 260328.90, 449885.45, 48.38);
insert into STATION values (1662, 'r13', 3833, 260328.90, 449885.45, 48.38);
insert into STATION values (1663, 'r14', 3833, 260318.03, 449898.87, 41.75);
insert into STATION values (1664, 'r15', 3833, 260312.30, 449894.24, 38.62);
insert into STATION values (1665, 'r16', 3833, 260309.76, 449894.37, 38.08);
insert into STATION values (1666, 'r17', 3833, 260305.96, 449890.00, 35.13);
insert into STATION values (1667, 'r18', 3833, 260301.74, 449892.54, 32.93);
insert into STATION values (1668, 'r19', 3833, 260308.07, 449908.21, 28.40);
insert into STATION values (1669, 'r20', 3833, 260324.64, 449927.28, 31.06);
insert into STATION values (1670, 'r21', 3833, 260357.15, 449960.94, 31.06);
insert into STATION values (1671, 'r22', 3833, 260350.44, 449969.85, 27.22);
insert into STATION values (1672, '0', 3837, 260696.00, 449348.29, 91.92);
insert into STATION values (1673, '1', 3837, 260693.11, 449349.83, 88.97);
insert into STATION values (1674, '2', 3837, 260691.46, 449349.97, 84.16);
insert into STATION values (1675, '3', 3837, 260696.48, 449355.95, 79.65);
insert into STATION values (1676, '4', 3837, 260689.48, 449359.21, 80.06);
insert into STATION values (1677, '5', 3837, 260691.72, 449380.50, 78.56);
insert into STATION values (1678, '6', 3837, 260689.25, 449404.00, 77.74);
insert into STATION values (1679, '7', 3837, 260702.02, 449419.22, 77.39);
insert into STATION values (1680, '8', 3837, 260701.17, 449435.55, 77.25);
insert into STATION values (1681, '9', 3837, 260715.33, 449450.74, 76.88);
insert into STATION values (1682, '10', 3837, 260731.08, 449455.55, 76.60);
insert into STATION values (1683, '11', 3837, 260755.68, 449467.55, 77.07);
insert into STATION values (1684, '12', 3837, 260761.97, 449484.85, 77.07);
insert into STATION values (1685, '13', 3837, 260770.23, 449491.54, 75.39);
insert into STATION values (1686, '14', 3837, 260747.26, 449497.69, 74.56);
insert into STATION values (1687, '15', 3837, 260723.62, 449512.47, 75.05);
insert into STATION values (1688, '16', 3837, 260730.10, 449524.66, 75.05);
insert into STATION values (1689, '17', 3837, 260739.93, 449551.66, 75.05);
insert into STATION values (1690, '18', 3837, 260756.06, 449579.60, 73.92);
insert into STATION values (1691, '19', 3837, 260777.55, 449566.69, 74.36);
insert into STATION values (1692, '20', 3837, 260799.89, 449579.59, 74.36);
insert into STATION values (1693, '21', 3837, 260800.32, 449591.78, 73.29);
insert into STATION values (1694, '22', 3837, 260807.14, 449598.84, 73.29);
insert into STATION values (1695, '23', 3837, 260809.40, 449620.34, 73.29);
insert into STATION values (1696, '24', 3837, 260814.05, 449633.84, 74.29);
insert into STATION values (1697, '25', 3837, 260836.13, 449666.58, 73.60);
insert into STATION values (1698, '26', 3837, 260843.33, 449686.37, 72.86);
insert into STATION values (1699, '27', 3837, 260879.44, 449683.21, 72.86);
insert into STATION values (1700, '28', 3837, 260899.49, 449678.58, 71.43);
insert into STATION values (1701, '29', 3837, 260928.94, 449691.69, 70.86);
insert into STATION values (1702, '30', 3837, 260951.45, 449719.50, 69.61);
insert into STATION values (1703, '50', 3837, 261044.98, 449853.89, 68.90);
insert into STATION values (1704, '51', 3837, 261065.76, 449844.21, 67.29);
insert into STATION values (1705, '52', 3837, 261061.03, 449823.70, 66.74);
insert into STATION values (1706, '53', 3837, 261087.48, 449794.33, 70.20);
insert into STATION values (1707, '54', 3837, 261081.61, 449752.62, 70.20);
insert into STATION values (1708, '55', 3837, 261065.30, 449738.43, 67.93);
insert into STATION values (1709, '56', 3837, 261040.51, 449748.95, 68.63);
insert into STATION values (1710, '57', 3837, 261025.73, 449734.18, 68.63);
insert into STATION values (1711, '58', 3837, 260979.89, 449736.59, 69.03);
insert into STATION values (1712, '61', 3837, 261036.41, 449848.95, 70.11);
insert into STATION values (1713, '62', 3837, 261025.23, 449847.77, 71.10);
insert into STATION values (1714, '63', 3837, 260998.07, 449852.56, 67.71);
insert into STATION values (1715, '64', 3837, 260984.05, 449851.33, 61.74);
insert into STATION values (1716, '65', 3837, 260942.64, 449863.99, 61.74);
insert into STATION values (1717, '66', 3837, 260905.12, 449856.70, 61.74);
insert into STATION values (1718, '67', 3837, 260876.71, 449861.71, 60.22);
insert into STATION values (1719, '68', 3837, 260860.09, 449856.31, 59.61);
insert into STATION values (1720, '69', 3837, 260837.94, 449851.20, 59.61);
insert into STATION values (1721, '70', 3837, 260808.40, 449847.05, 60.13);
insert into STATION values (1722, '71', 3837, 260796.44, 449845.58, 59.50);
insert into STATION values (1723, '72', 3837, 260766.36, 449828.91, 57.70);
insert into STATION values (1724, '73', 3837, 260725.26, 449829.62, 59.14);
insert into STATION values (1725, '74', 3837, 260716.91, 449830.35, 60.46);
insert into STATION values (1726, '75', 3837, 260683.56, 449836.84, 55.08);
insert into STATION values (1727, '76', 3837, 260652.36, 449854.85, 58.23);
insert into STATION values (1728, '77', 3837, 260622.07, 449847.85, 63.16);
insert into STATION values (1729, '100', 3837, 260516.30, 449782.99, 83.69);
insert into STATION values (1730, '101', 3837, 260513.38, 449803.74, 84.24);
insert into STATION values (1731, '102', 3837, 260552.37, 449828.10, 85.85);
insert into STATION values (1732, '103', 3837, 260556.87, 449842.82, 72.93);
insert into STATION values (1733, '104', 3837, 260580.55, 449837.35, 75.06);
insert into STATION values (1734, '105', 3837, 260597.76, 449824.85, 78.81);
insert into STATION values (1735, '106', 3837, 260619.55, 449838.47, 69.96);
insert into STATION values (1736, '151', 3837, 260526.49, 449753.39, 99.65);
insert into STATION values (1737, '152', 3837, 260557.37, 449756.09, 110.32);
insert into STATION values (1738, '153', 3837, 260577.73, 449762.32, 118.07);
insert into STATION values (1739, '154', 3837, 260586.98, 449763.13, 122.01);
insert into STATION values (1740, '155', 3837, 260590.45, 449768.47, 122.12);
insert into STATION values (1741, '201', 3837, 260604.85, 449780.98, 124.97);
insert into STATION values (1742, '202', 3837, 260604.85, 449802.30, 122.17);
insert into STATION values (1743, '203', 3837, 260647.90, 449845.36, 123.23);
insert into STATION values (1744, '204', 3837, 260652.41, 449864.86, 124.98);
insert into STATION values (1745, '205', 3837, 260624.55, 449866.32, 136.82);
insert into STATION values (1746, '206', 3837, 260610.33, 449859.07, 136.54);
insert into STATION values (1747, '207', 3837, 260553.73, 449852.12, 138.53);
insert into STATION values (1748, '208', 3837, 260470.23, 449843.34, 145.14);
insert into STATION values (1749, '209', 3837, 260428.87, 449843.34, 144.42);
insert into STATION values (1750, '210', 3837, 260413.22, 449876.90, 123.04);
insert into STATION values (1751, '211', 3837, 260431.87, 449899.94, 126.15);
insert into STATION values (1752, '212', 3837, 260438.75, 449894.56, 127.38);
insert into STATION values (1753, '300', 3837, 260452.73, 449916.09, 128.27);
insert into STATION values (1754, '301', 3837, 260487.58, 449960.71, 127.29);
insert into STATION values (1755, '302', 3837, 260530.79, 449988.76, 120.05);
insert into STATION values (1756, '303', 3837, 260540.10, 450023.50, 116.27);
insert into STATION values (1757, '304', 3837, 260542.33, 450066.08, 117.01);
insert into STATION values (1758, '305', 3837, 260545.66, 450081.75, 120.41);
insert into STATION values (1759, '306', 3837, 260563.72, 450083.96, 119.46);
insert into STATION values (1760, '307', 3837, 260588.51, 450107.91, 113.38);
insert into STATION values (1761, '308', 3837, 260605.58, 450140.02, 113.38);
insert into STATION values (1762, '309', 3837, 260632.75, 450181.85, 111.64);
insert into STATION values (1763, '310', 3837, 260651.55, 450207.73, 111.08);
insert into STATION values (1764, '311', 3837, 260652.88, 450222.96, 107.83);
insert into STATION values (1765, '312', 3837, 260655.48, 450229.72, 103.65);
insert into STATION values (1766, '312a', 3837, 260675.79, 450258.73, 100.56);
insert into STATION values (1767, '313', 3837, 260652.73, 450240.75, 92.68);
insert into STATION values (1768, '314', 3837, 260605.48, 450249.08, 67.17);
insert into STATION values (1769, '315', 3837, 260572.07, 450206.32, 62.42);
insert into STATION values (1770, '316', 3837, 260565.85, 450185.96, 66.17);
insert into STATION values (1771, '317', 3837, 260542.35, 450149.77, 66.17);
insert into STATION values (1772, '318', 3837, 260512.32, 450145.01, 52.64);
insert into STATION values (1773, '319', 3837, 260513.46, 450123.19, 61.03);
insert into STATION values (1774, '320', 3837, 260506.70, 450097.95, 64.24);
insert into STATION values (1775, '321', 3837, 260472.46, 450059.93, 62.45);
insert into STATION values (1776, '322', 3837, 260439.07, 450033.84, 56.49);
insert into STATION values (1777, '323', 3837, 260438.09, 450015.06, 59.81);
insert into STATION values (1778, '324', 3837, 260417.99, 449981.61, 59.81);
insert into STATION values (1779, '325', 3837, 260383.48, 449940.49, 58.87);
insert into STATION values (1780, '326', 3837, 260350.55, 449891.66, 57.84);
insert into STATION values (1781, '327', 3837, 260340.74, 449881.15, 55.57);
insert into STATION values (1782, '328', 3837, 260322.99, 449895.52, 43.93);
insert into STATION values (1783, '329', 3837, 260318.03, 449898.87, 41.75);
insert into STATION values (1784, '330', 3837, 260313.46, 449895.04, 39.10);
insert into STATION values (1785, '44', 3914, 261494.14, 450808.54, 296.52);
insert into STATION values (1786, '100', 3914, 261491.19, 450810.31, 324.61);
insert into STATION values (1787, '101', 3914, 261503.72, 450826.65, 325.15);
insert into STATION values (1788, '102', 3914, 261487.34, 450806.98, 321.94);
insert into STATION values (1789, '103', 3914, 261512.39, 450841.00, 327.16);
insert into STATION values (1790, '104', 3914, 261515.82, 450851.97, 327.76);
insert into STATION values (1791, '105', 3914, 261531.44, 450858.69, 341.94);
insert into STATION values (1792, '106', 3914, 261518.54, 450862.63, 334.54);
insert into STATION values (1793, '107', 3914, 261522.90, 450880.46, 335.90);
insert into STATION values (1794, '108', 3914, 261528.20, 450882.16, 335.00);
insert into STATION values (1795, '109', 3914, 261537.80, 450892.79, 335.01);
insert into STATION values (1796, '110', 3914, 261543.61, 450905.94, 334.27);
insert into STATION values (1797, '111', 3914, 261551.45, 450916.34, 334.20);
insert into STATION values (1798, '112', 3914, 261551.77, 450935.38, 332.23);
insert into STATION values (1799, '113', 3914, 261554.30, 450954.78, 336.15);
insert into STATION values (1800, '114', 3914, 261562.64, 450968.27, 333.72);
insert into STATION values (1801, '115', 3914, 261563.59, 450987.11, 332.36);
insert into STATION values (1802, '116', 3914, 261570.21, 451001.67, 332.45);
insert into STATION values (1803, '117', 3914, 261574.80, 451005.40, 333.36);
insert into STATION values (1804, '118', 3914, 261580.33, 451033.63, 324.75);
insert into STATION values (1805, '119', 3914, 261591.44, 451048.60, 325.61);
insert into STATION values (1806, '120', 3914, 261585.92, 451072.12, 310.81);
insert into STATION values (1807, '121', 3914, 261609.68, 451087.28, 327.01);
insert into STATION values (1808, '122', 3914, 261610.53, 451093.38, 327.85);
insert into STATION values (1809, '123', 3914, 261621.05, 451102.55, 336.73);
insert into STATION values (1810, '124', 3914, 261624.74, 451107.83, 336.48);
insert into STATION values (1811, '125', 3914, 261627.16, 451116.40, 335.15);
insert into STATION values (1812, '126', 3914, 261627.71, 451127.22, 331.43);
insert into STATION values (1813, '127', 3914, 261627.74, 451134.48, 330.87);
insert into STATION values (1814, '128', 3914, 261642.16, 451168.56, 329.78);
insert into STATION values (1815, '129', 3914, 261638.82, 451180.00, 323.16);
insert into STATION values (1816, '130', 3914, 261644.76, 451191.38, 321.02);
insert into STATION values (1817, '131', 3914, 261657.32, 451197.34, 329.24);
insert into STATION values (1818, '132', 3914, 261656.78, 451202.33, 329.20);
insert into STATION values (1819, '133', 3914, 261668.32, 451224.03, 330.11);
insert into STATION values (1820, '134', 3914, 261663.89, 451239.51, 323.57);
insert into STATION values (1821, '135', 3914, 261674.09, 451256.18, 323.25);
insert into STATION values (1822, '136', 3914, 261680.27, 451266.57, 326.01);
insert into STATION values (1823, '137', 3914, 261691.24, 451296.34, 323.95);
insert into STATION values (1824, '138', 3914, 261693.77, 451300.04, 324.79);
insert into STATION values (1825, '139', 3914, 261688.48, 451316.49, 314.57);
insert into STATION values (1826, '140', 3914, 261681.21, 451322.46, 311.07);
insert into STATION values (1827, '141', 3914, 261664.82, 451328.82, 309.73);
insert into STATION values (1828, '142', 3914, 261656.45, 451324.56, 305.85);
insert into STATION values (1829, '143', 3914, 261647.10, 451330.47, 307.64);
insert into STATION values (1830, '144', 3914, 261642.51, 451341.54, 306.00);
insert into STATION values (1831, '145', 3914, 261678.60, 451329.50, 315.69);
insert into STATION values (1832, '146', 3914, 261678.18, 451339.06, 311.77);
insert into STATION values (1833, '147', 3914, 261678.98, 451354.89, 309.97);
insert into STATION values (1834, '148', 3914, 261677.02, 451364.09, 307.83);
insert into STATION values (1835, '149', 3914, 261676.00, 451373.03, 300.45);
insert into STATION values (1836, '150', 3914, 261680.37, 451382.91, 301.02);
insert into STATION values (1837, '151', 3914, 261688.32, 451395.70, 304.00);
insert into STATION values (1838, '152', 3914, 261681.87, 451346.49, 310.83);
insert into STATION values (1839, '153', 3914, 261690.92, 451334.38, 316.46);
insert into STATION values (1840, '154', 3914, 261692.26, 451330.57, 315.60);
insert into STATION values (1841, '155', 3914, 261691.24, 451320.81, 315.50);
insert into STATION values (1842, '156', 3914, 261707.32, 451316.18, 329.34);
insert into STATION values (1843, '157', 3914, 261709.83, 451325.01, 329.46);
insert into STATION values (1844, '158', 3914, 261711.45, 451335.46, 333.31);
insert into STATION values (1845, '159', 3914, 261719.45, 451346.89, 336.13);
insert into STATION values (1846, '160', 3914, 261719.21, 451351.87, 340.89);
insert into STATION values (1847, '161', 3914, 261697.30, 451305.87, 326.27);
insert into STATION values (1848, '162', 3914, 261690.53, 451295.87, 323.53);
insert into STATION values (1849, '-', 3914, 261503.61, 450826.81, 330.69);
insert into STATION values (1850, '-', 3914, 261504.45, 450821.77, 332.68);
insert into STATION values (1851, '-', 3914, 261503.60, 450826.76, 324.45);
insert into STATION values (1852, '-', 3914, 261506.17, 450826.09, 325.81);
insert into STATION values (1853, '-', 3914, 261491.87, 450802.72, 328.06);
insert into STATION values (1854, '-', 3914, 261499.13, 450816.33, 331.65);
insert into STATION values (1855, '-', 3914, 261501.02, 450807.51, 334.45);
insert into STATION values (1856, '-', 3914, 261503.89, 450824.84, 324.73);
insert into STATION values (1857, '-', 3914, 261499.11, 450829.73, 325.37);
insert into STATION values (1858, '-', 3914, 261495.15, 450825.63, 323.23);
insert into STATION values (1859, '-', 3914, 261487.52, 450819.16, 320.93);
insert into STATION values (1860, '-', 3914, 261487.67, 450813.07, 323.38);
insert into STATION values (1861, '-', 3914, 261501.57, 450834.32, 324.08);
insert into STATION values (1862, '-', 3914, 261524.30, 450879.96, 339.75);
insert into STATION values (1863, '-', 3914, 261523.69, 450880.49, 334.07);
insert into STATION values (1864, '-', 3914, 261522.04, 450882.64, 335.49);
insert into STATION values (1865, '-', 3914, 261526.36, 450878.30, 336.11);
insert into STATION values (1866, '-', 3914, 261527.54, 450871.58, 342.45);
insert into STATION values (1867, '-', 3914, 261529.66, 450879.31, 338.25);
insert into STATION values (1868, '-', 3914, 261527.94, 450882.15, 340.39);
insert into STATION values (1869, '-', 3914, 261528.73, 450883.82, 330.21);
insert into STATION values (1870, '-', 3914, 261524.62, 450887.15, 336.24);
insert into STATION values (1871, '-', 3914, 261543.80, 450877.97, 345.08);
insert into STATION values (1872, '-', 3914, 261564.63, 450986.96, 337.03);
insert into STATION values (1873, '-', 3914, 261564.13, 450987.68, 330.88);
insert into STATION values (1874, '-', 3914, 261562.98, 450987.37, 332.56);
insert into STATION values (1875, '-', 3914, 261570.99, 450986.69, 336.71);
insert into STATION values (1876, '-', 3914, 261587.03, 450988.46, 352.08);
insert into STATION values (1877, '-', 3914, 261592.03, 451048.70, 326.23);
insert into STATION values (1878, '-', 3914, 261588.76, 451049.71, 330.02);
insert into STATION values (1879, '-', 3914, 261588.34, 451050.70, 320.99);
insert into STATION values (1880, '-', 3914, 261585.23, 451051.53, 324.96);
insert into STATION values (1881, '-', 3914, 261585.80, 451072.33, 314.60);
insert into STATION values (1882, '-', 3914, 261579.62, 451068.71, 319.92);
insert into STATION values (1883, '-', 3914, 261574.57, 451072.36, 322.92);
insert into STATION values (1884, '-', 3914, 261592.05, 451074.64, 320.40);
insert into STATION values (1885, '-', 3914, 261588.45, 451072.73, 315.78);
insert into STATION values (1886, '-', 3914, 261584.49, 451067.51, 319.31);
insert into STATION values (1887, '-', 3914, 261584.11, 451074.50, 305.63);
insert into STATION values (1888, '-', 3914, 261579.24, 451068.58, 311.68);
insert into STATION values (1889, '-', 3914, 261580.12, 451076.01, 316.26);
insert into STATION values (1890, '-', 3914, 261582.24, 451079.95, 314.60);
insert into STATION values (1891, '-', 3914, 261586.26, 451083.46, 316.66);
insert into STATION values (1892, '-', 3914, 261594.23, 451084.68, 324.01);
insert into STATION values (1893, '-', 3914, 261579.17, 451070.39, 310.10);
insert into STATION values (1894, '-', 3914, 261577.36, 451073.17, 307.39);
insert into STATION values (1895, '-', 3914, 261574.60, 451077.94, 303.50);
insert into STATION values (1896, '-', 3914, 261575.09, 451084.52, 299.07);
insert into STATION values (1897, '-', 3914, 261584.94, 451079.07, 306.18);
insert into STATION values (1898, '-', 3914, 261587.32, 451071.72, 311.07);
insert into STATION values (1899, '-', 3914, 261610.26, 451094.08, 332.39);
insert into STATION values (1900, '-', 3914, 261616.97, 451093.35, 335.94);
insert into STATION values (1901, '-', 3914, 261620.79, 451087.31, 342.18);
insert into STATION values (1902, '-', 3914, 261608.62, 451097.92, 322.18);
insert into STATION values (1903, '-', 3914, 261611.38, 451099.48, 328.71);
insert into STATION values (1904, '-', 3914, 261605.62, 451094.75, 326.82);
insert into STATION values (1905, '-', 3914, 261598.75, 451106.81, 316.26);
insert into STATION values (1906, '-', 3914, 261603.49, 451105.96, 318.90);
insert into STATION values (1907, '-', 3914, 261606.90, 451106.25, 321.56);
insert into STATION values (1908, '-', 3914, 261609.82, 451107.46, 324.64);
insert into STATION values (1909, '-', 3914, 261610.28, 451111.34, 327.24);
insert into STATION values (1910, '-', 3914, 261617.72, 451126.28, 325.36);
insert into STATION values (1911, '-', 3914, 261617.19, 451115.30, 328.09);
insert into STATION values (1912, '-', 3914, 261615.74, 451105.29, 329.98);
insert into STATION values (1913, '-', 3914, 261616.05, 451101.64, 330.35);
insert into STATION values (1914, '-', 3914, 261618.95, 451102.25, 334.41);
insert into STATION values (1915, '-', 3914, 261614.93, 451094.02, 330.52);
insert into STATION values (1916, '-', 3914, 261626.42, 451106.15, 341.04);
insert into STATION values (1917, '-', 3914, 261617.44, 451098.00, 334.62);
insert into STATION values (1918, '-', 3914, 261614.05, 451086.97, 333.07);
insert into STATION values (1919, '-', 3914, 261612.36, 451087.07, 332.86);
insert into STATION values (1920, '-', 3914, 261641.77, 451169.14, 333.58);
insert into STATION values (1921, '-', 3914, 261641.95, 451169.58, 327.97);
insert into STATION values (1922, '-', 3914, 261637.79, 451170.19, 328.64);
insert into STATION values (1923, '-', 3914, 261631.32, 451176.28, 319.45);
insert into STATION values (1924, '-', 3914, 261649.85, 451162.18, 338.78);
insert into STATION values (1925, '-', 3914, 261659.73, 451195.72, 332.22);
insert into STATION values (1926, '-', 3914, 261657.39, 451198.50, 334.70);
insert into STATION values (1927, '-', 3914, 261656.45, 451198.08, 327.66);
insert into STATION values (1928, '-', 3914, 261653.89, 451200.08, 328.94);
insert into STATION values (1929, '-', 3914, 261657.17, 451202.91, 333.62);
insert into STATION values (1930, '-', 3914, 261653.99, 451202.39, 328.70);
insert into STATION values (1931, '-', 3914, 261654.66, 451205.03, 326.44);
insert into STATION values (1932, '-', 3914, 261661.10, 451202.35, 332.11);
insert into STATION values (1933, '-', 3914, 261697.94, 451298.00, 329.50);
insert into STATION values (1934, '-', 3914, 261693.84, 451300.57, 327.83);
insert into STATION values (1935, '-', 3914, 261691.87, 451301.09, 321.92);
insert into STATION values (1936, '-', 3914, 261689.23, 451301.15, 324.22);
insert into STATION values (1937, '-', 3914, 261688.33, 451321.58, 325.30);
insert into STATION values (1938, '-', 3914, 261685.89, 451313.72, 314.14);
insert into STATION values (1939, '-', 3914, 261683.61, 451315.08, 309.68);
insert into STATION values (1940, '-', 3914, 261693.57, 451324.30, 320.46);
insert into STATION values (1941, '-', 3914, 261648.95, 451329.06, 330.00);
insert into STATION values (1942, '-', 3914, 261651.18, 451317.15, 318.02);
insert into STATION values (1943, '-', 3914, 261645.90, 451319.84, 331.12);
insert into STATION values (1944, '-', 3914, 261643.41, 451327.67, 327.59);
insert into STATION values (1945, '-', 3914, 261639.39, 451332.94, 328.73);
insert into STATION values (1946, '-', 3914, 261635.08, 451339.15, 340.10);
insert into STATION values (1947, '-', 3914, 261646.92, 451334.07, 321.00);
insert into STATION values (1948, '-', 3914, 261665.16, 451325.70, 332.66);
insert into STATION values (1949, '-', 3914, 261669.69, 451322.16, 329.16);
insert into STATION values (1950, '-', 3914, 261657.75, 451321.31, 305.89);
insert into STATION values (1951, '-', 3914, 261652.82, 451325.49, 303.10);
insert into STATION values (1952, '-', 3914, 261656.02, 451314.95, 306.83);
insert into STATION values (1953, '-', 3914, 261654.25, 451314.80, 311.67);
insert into STATION values (1954, '-', 3914, 261655.08, 451328.91, 306.35);
insert into STATION values (1955, '-', 3914, 261652.86, 451332.09, 312.91);
insert into STATION values (1956, '-', 3914, 261656.53, 451336.02, 307.01);
insert into STATION values (1957, '-', 3914, 261660.13, 451331.75, 307.11);
insert into STATION values (1958, '-', 3914, 261663.67, 451330.39, 309.36);
insert into STATION values (1959, '-', 3914, 261696.94, 451322.87, 324.35);
insert into STATION values (1960, '-', 3914, 261687.74, 451319.35, 314.30);
insert into STATION values (1961, '-', 3914, 261671.69, 451320.07, 306.02);
insert into STATION values (1962, '-', 3914, 261663.13, 451321.84, 304.11);
insert into STATION values (1963, '-', 3914, 261645.03, 451328.99, 329.75);
insert into STATION values (1964, '-', 3914, 261646.75, 451331.67, 305.96);
insert into STATION values (1965, '-', 3914, 261643.66, 451327.25, 310.79);
insert into STATION values (1966, '-', 3914, 261629.83, 451371.67, 316.23);
insert into STATION values (1967, '-', 3914, 261651.94, 451332.87, 310.43);
insert into STATION values (1968, '-', 3914, 261679.94, 451330.00, 317.56);
insert into STATION values (1969, '-', 3914, 261675.51, 451325.81, 332.38);
insert into STATION values (1970, '-', 3914, 261676.31, 451330.03, 312.98);
insert into STATION values (1971, '-', 3914, 261673.16, 451331.28, 316.30);
insert into STATION values (1972, '-', 3914, 261689.62, 451394.30, 307.58);
insert into STATION values (1973, '-', 3914, 261697.35, 451391.74, 314.43);
insert into STATION values (1974, '-', 3914, 261688.28, 451396.35, 302.88);
insert into STATION values (1975, '-', 3914, 261685.65, 451395.99, 302.87);
insert into STATION values (1976, '-', 3914, 261690.32, 451395.67, 305.32);
insert into STATION values (1977, '-', 3914, 261706.86, 451315.20, 331.82);
insert into STATION values (1978, '-', 3914, 261707.24, 451317.35, 327.27);
insert into STATION values (1979, '-', 3914, 261707.45, 451318.87, 329.02);
insert into STATION values (1980, '-', 3914, 261702.92, 451308.45, 329.66);
insert into STATION values (1981, '44', 4102, 261494.14, 450808.54, 296.52);
insert into STATION values (1982, '30', 4102, 261496.22, 450819.83, 285.49);
insert into STATION values (1983, '45', 4102, 261490.73, 450799.00, 297.34);
insert into STATION values (1984, '46', 4102, 261511.31, 450797.07, 294.62);
insert into STATION values (1985, '47', 4102, 261534.69, 450797.61, 289.83);
insert into STATION values (1986, '48', 4102, 261545.90, 450799.31, 287.27);
insert into STATION values (1987, '49', 4102, 261552.56, 450801.22, 291.38);
insert into STATION values (1988, '50', 4102, 261562.66, 450801.76, 292.50);
insert into STATION values (1989, '51', 4102, 261599.88, 450807.61, 296.89);
insert into STATION values (1990, '52', 4102, 261627.47, 450814.98, 286.18);
insert into STATION values (1991, '53', 4102, 261641.78, 450822.85, 283.74);
insert into STATION values (1992, '54', 4102, 261652.62, 450822.33, 284.95);
insert into STATION values (1993, '55', 4102, 261670.23, 450817.73, 296.72);
insert into STATION values (1994, '56', 4102, 261649.30, 450832.81, 278.11);
insert into STATION values (1995, '57', 4102, 261671.60, 450837.18, 291.68);
insert into STATION values (1996, '58', 4102, 261677.56, 450837.26, 298.89);
insert into STATION values (1997, '59', 4102, 261682.02, 450841.00, 301.71);
insert into STATION values (1998, '60', 4102, 261704.06, 450851.19, 312.25);
insert into STATION values (1999, '61', 4102, 261714.07, 450869.85, 316.82);
insert into STATION values (2000, '62', 4102, 261732.38, 450869.16, 330.21);
insert into STATION values (2001, '90', 4102, 261727.14, 450860.77, 329.69);
insert into STATION values (2002, '91', 4102, 261723.99, 450852.12, 333.04);
insert into STATION values (2003, '92', 4102, 261718.83, 450849.37, 327.58);
insert into STATION values (2004, '93', 4102, 261709.79, 450848.42, 322.12);
insert into STATION values (2005, '94', 4102, 261709.37, 450842.36, 321.59);
insert into STATION values (2006, '95', 4102, 261698.04, 450831.80, 316.86);
insert into STATION values (2007, '96', 4102, 261691.59, 450834.02, 311.13);
insert into STATION values (2008, '97', 4102, 261679.66, 450831.26, 303.18);
insert into STATION values (2009, '98', 4102, 261667.71, 450827.83, 293.11);
insert into STATION values (2010, '99', 4102, 261657.61, 450834.64, 285.80);
insert into STATION values (2011, '63', 4102, 261739.82, 450883.83, 332.83);
insert into STATION values (2012, '64', 4102, 261745.61, 450894.35, 335.22);
insert into STATION values (2013, '65', 4102, 261751.44, 450899.51, 338.12);
insert into STATION values (2014, '66', 4102, 261758.67, 450907.67, 341.63);
insert into STATION values (2015, '67', 4102, 261750.27, 450912.78, 335.13);
insert into STATION values (2016, '68', 4102, 261748.00, 450916.93, 329.60);
insert into STATION values (2017, '69', 4102, 261743.99, 450922.88, 323.75);
insert into STATION values (2018, '70', 4102, 261747.18, 450934.43, 327.58);
insert into STATION values (2019, '71', 4102, 261764.91, 450938.80, 337.21);
insert into STATION values (2020, '72', 4102, 261756.75, 450959.13, 324.47);
insert into STATION values (2021, '73', 4102, 261753.15, 450958.45, 321.17);
insert into STATION values (2022, '74', 4102, 261762.55, 450963.67, 329.10);
insert into STATION values (2023, '75', 4102, 261769.44, 450973.42, 333.35);
insert into STATION values (2024, '76', 4102, 261771.64, 450981.77, 329.93);
insert into STATION values (2025, '77', 4102, 261770.39, 450990.07, 329.39);
insert into STATION values (2026, '78', 4102, 261766.36, 450995.58, 330.51);
insert into STATION values (2027, '79', 4102, 261773.74, 450998.48, 328.10);
insert into STATION values (2028, '80', 4102, 261782.59, 450999.71, 332.54);
insert into STATION values (2029, '81', 4102, 261788.56, 451002.24, 336.60);
insert into STATION values (2030, '82', 4102, 261784.28, 450997.01, 332.73);
insert into STATION values (2031, '83', 4102, 261788.38, 450997.62, 328.97);
insert into STATION values (2032, '84', 4102, 261795.94, 450999.17, 331.33);
insert into STATION values (2033, '85', 4102, 261800.85, 450997.40, 326.07);
insert into STATION values (2034, '86', 4102, 261804.96, 450996.30, 319.85);
insert into STATION values (2035, '-', 4102, 261627.20, 450815.59, 297.01);
insert into STATION values (2036, '-', 4102, 261628.01, 450814.78, 284.52);
insert into STATION values (2037, '-', 4102, 261627.46, 450815.70, 284.75);
insert into STATION values (2038, '-', 4102, 261626.36, 450818.48, 285.98);
insert into STATION values (2039, '-', 4102, 261630.79, 450812.41, 287.05);
insert into STATION values (2040, '-', 4102, 261715.09, 450871.79, 325.26);
insert into STATION values (2041, '-', 4102, 261731.47, 450867.26, 335.55);
insert into STATION values (2042, '-', 4102, 261713.82, 450870.62, 315.11);
insert into STATION values (2043, '-', 4102, 261701.35, 450875.05, 299.09);
insert into STATION values (2044, '-', 4102, 261706.39, 450875.04, 315.75);
insert into STATION values (2045, '-', 4102, 261710.31, 450883.59, 303.38);
insert into STATION values (2046, '-', 4102, 261705.55, 450878.83, 307.25);
insert into STATION values (2047, '-', 4102, 261716.37, 450883.19, 319.80);
insert into STATION values (2048, '-', 4102, 261726.37, 450881.04, 330.17);
insert into STATION values (2049, '-', 4102, 261721.53, 450865.05, 323.26);
insert into STATION values (2050, '-', 4102, 261727.32, 450856.30, 332.34);
insert into STATION values (2051, '-', 4102, 261717.90, 450855.34, 325.12);
insert into STATION values (2052, '-', 4102, 261732.72, 450853.54, 339.96);
insert into STATION values (2053, '-', 4102, 261731.40, 450869.45, 336.66);
insert into STATION values (2054, '-', 4102, 261727.95, 450869.29, 325.30);
insert into STATION values (2055, '-', 4102, 261739.86, 450871.43, 320.76);
insert into STATION values (2056, '-', 4102, 261726.23, 450885.71, 328.27);
insert into STATION values (2057, '-', 4102, 261726.88, 450852.09, 336.49);
insert into STATION values (2058, '-', 4102, 261757.32, 450907.64, 347.34);
insert into STATION values (2059, '-', 4102, 261762.41, 450913.72, 357.70);
insert into STATION values (2060, '-', 4102, 261758.20, 450907.07, 340.81);
insert into STATION values (2061, '-', 4102, 261756.31, 450908.79, 341.66);
insert into STATION values (2062, '-', 4102, 261762.49, 450904.78, 346.23);
insert into STATION values (2063, '-', 4102, 261748.30, 450923.14, 328.57);
insert into STATION values (2064, '-', 4102, 261743.31, 450923.60, 327.49);
insert into STATION values (2065, '-', 4102, 261743.78, 450923.37, 322.84);
insert into STATION values (2066, '-', 4102, 261737.71, 450924.70, 321.26);
insert into STATION values (2067, '-', 4102, 261740.61, 450911.05, 324.48);
insert into STATION values (2068, '-', 4102, 261769.91, 450989.59, 332.95);
insert into STATION values (2069, '-', 4102, 261765.42, 450988.45, 329.27);
insert into STATION values (2070, '-', 4102, 261766.51, 450989.93, 326.93);
insert into STATION values (2071, '-', 4102, 261775.08, 450991.15, 333.32);
insert into STATION values (2072, '-', 4102, 261488.71, 450799.63, 328.18);
insert into STATION values (2073, '-', 4102, 261487.57, 450819.89, 322.95);
insert into STATION values (2074, '-', 4102, 261491.25, 450798.95, 295.81);
insert into STATION values (2075, '-', 4102, 261498.94, 450801.23, 297.14);
insert into STATION values (2076, '-', 4102, 261487.65, 450822.41, 320.02);
insert into STATION values (2077, '1', 4229, 261285.92, 450759.49, 173.75);
insert into STATION values (2078, '2', 4229, 261298.28, 450777.81, 174.13);
insert into STATION values (2079, '3', 4229, 261316.69, 450788.01, 178.99);
insert into STATION values (2080, '4', 4229, 261314.93, 450794.16, 181.32);
insert into STATION values (2081, '5', 4229, 261322.64, 450794.70, 183.39);
insert into STATION values (2082, '6', 4229, 261323.54, 450802.03, 183.77);
insert into STATION values (2083, '7', 4229, 261322.90, 450811.12, 180.46);
insert into STATION values (2084, '8', 4229, 261330.24, 450817.10, 186.39);
insert into STATION values (2085, '9', 4229, 261337.74, 450826.03, 188.23);
insert into STATION values (2086, '10', 4229, 261332.97, 450833.66, 188.23);
insert into STATION values (2087, '11', 4229, 261329.78, 450840.81, 186.14);
insert into STATION values (2088, '12', 4229, 261333.31, 450852.33, 182.45);
insert into STATION values (2089, '13', 4229, 261348.18, 450866.69, 176.91);
insert into STATION values (2090, '14', 4229, 261338.07, 450877.91, 176.91);
insert into STATION values (2091, '15', 4229, 261342.32, 450888.40, 176.11);
insert into STATION values (2092, '16', 4229, 261347.40, 450908.44, 163.46);
insert into STATION values (2093, '17', 4229, 261346.74, 450922.65, 163.68);
insert into STATION values (2094, '18', 4229, 261332.12, 450933.67, 163.32);
insert into STATION values (2095, '19', 4229, 261327.26, 450934.82, 163.32);
insert into STATION values (2096, '20', 4229, 261321.16, 450939.84, 160.44);
insert into STATION values (2097, '21', 4229, 261331.11, 450950.98, 150.15);
insert into STATION values (2098, '22', 4229, 261341.99, 450964.52, 159.53);
insert into STATION values (2099, '23', 4229, 261345.41, 450983.41, 156.50);
insert into STATION values (2100, '24', 4229, 261360.15, 450985.14, 153.08);
insert into STATION values (2101, '25', 4229, 261366.15, 450999.97, 156.39);
insert into STATION values (2102, '26', 4229, 261370.35, 451009.39, 152.46);
insert into STATION values (2103, '27', 4229, 261359.35, 450973.72, 150.22);
insert into STATION values (2104, '28', 4229, 261366.08, 450969.34, 147.76);
insert into STATION values (2105, '29', 4229, 261376.21, 450975.43, 146.31);
insert into STATION values (2106, '30', 4229, 261382.25, 450999.67, 147.19);
insert into STATION values (2107, '31', 4229, 261385.19, 450997.76, 145.70);
insert into STATION values (2108, '32', 4229, 261393.97, 450987.11, 154.83);
insert into STATION values (2109, '33', 4229, 261412.15, 450986.47, 152.92);
insert into STATION values (2110, '34', 4229, 261426.56, 450993.50, 162.94);
insert into STATION values (2111, '40', 4229, 261316.73, 450945.85, 138.06);
insert into STATION values (2112, '41', 4229, 261305.65, 450945.08, 128.74);
insert into STATION values (2113, '42', 4229, 261303.58, 450948.66, 128.01);
insert into STATION values (2114, '43', 4229, 261294.24, 450969.65, 123.54);
insert into STATION values (2115, '44', 4229, 261277.80, 450955.85, 130.93);
insert into STATION values (2116, '45', 4229, 261277.37, 450965.44, 124.15);
insert into STATION values (2117, '46', 4229, 261264.11, 450982.41, 115.01);
insert into STATION values (2118, '47', 4229, 261263.06, 450997.34, 104.13);
insert into STATION values (2119, '48', 4229, 261258.83, 450994.38, 101.73);
insert into STATION values (2120, '49', 4229, 261254.65, 450987.69, 101.31);
insert into STATION values (2121, '50', 4229, 261298.77, 450976.37, 119.41);
insert into STATION values (2122, '51', 4229, 261303.01, 450974.74, 118.20);
insert into STATION values (2123, '52', 4229, 261304.17, 450974.90, 116.70);
insert into STATION values (2124, '53', 4229, 261305.22, 450973.16, 113.03);
insert into STATION values (2125, '54', 4229, 261311.88, 450967.37, 117.72);
insert into STATION values (2126, '55', 4229, 261322.09, 450962.61, 127.17);
insert into STATION values (2127, '56', 4229, 261332.93, 450956.35, 139.69);
insert into STATION values (2128, '57', 4229, 261333.61, 450953.38, 146.21);
insert into STATION values (2129, '58', 4229, 261331.33, 450954.08, 148.77);
insert into STATION values (2130, '60', 4229, 261372.60, 451012.50, 150.43);
insert into STATION values (2131, '61', 4229, 261372.61, 451012.80, 131.73);
insert into STATION values (2132, '62', 4229, 261381.71, 451024.11, 132.45);
insert into STATION values (2133, '63', 4229, 261380.37, 451046.50, 124.39);
insert into STATION values (2134, '64', 4229, 261386.38, 451058.81, 124.87);
insert into STATION values (2135, '65', 4229, 261386.09, 451053.59, 125.97);
insert into STATION values (2136, '66', 4229, 261389.00, 451054.78, 129.20);
insert into STATION values (2137, '68', 4229, 261406.92, 451016.48, 159.96);
insert into STATION values (2138, '67', 4229, 261412.47, 451012.59, 185.27);
insert into STATION values (2139, '69', 4229, 261399.16, 451029.91, 150.64);
insert into STATION values (2140, '70', 4229, 261398.16, 451035.58, 147.83);
insert into STATION values (2141, '71', 4229, 261398.84, 451045.28, 141.52);
insert into STATION values (2142, '72', 4229, 261404.16, 451061.40, 140.13);
insert into STATION values (2143, '73', 4229, 261414.01, 451063.76, 147.66);
insert into STATION values (2144, '74', 4229, 261416.93, 451062.47, 152.97);
insert into STATION values (2145, '75', 4229, 261415.42, 451066.28, 155.51);
insert into STATION values (2146, '76', 4229, 261425.68, 451081.03, 164.82);
insert into STATION values (2147, '77', 4229, 261429.43, 451085.51, 164.81);
insert into STATION values (2148, '78', 4229, 261429.44, 451089.64, 164.59);
insert into STATION values (2149, '79', 4229, 261440.97, 451102.56, 165.45);
insert into STATION values (2150, '80', 4229, 261442.51, 451104.94, 164.36);
insert into STATION values (2151, '81', 4229, 261449.37, 451094.61, 174.12);
insert into STATION values (2152, '82', 4229, 261457.73, 451087.75, 180.37);
insert into STATION values (2153, '83', 4229, 261449.24, 451070.35, 186.35);
insert into STATION values (2154, '101', 4229, 261450.23, 451081.11, 196.22);
insert into STATION values (2155, '102', 4229, 261443.23, 451087.09, 206.37);
insert into STATION values (2156, '103', 4229, 261437.82, 451058.20, 212.68);
insert into STATION values (2157, '104', 4229, 261439.52, 451051.54, 218.29);
insert into STATION values (2158, '105', 4229, 261424.12, 451038.82, 214.29);
insert into STATION values (2159, '106', 4229, 261409.42, 451032.76, 203.75);
insert into STATION values (2160, '84', 4229, 261466.02, 451085.68, 186.81);
insert into STATION values (2161, '85', 4229, 261442.61, 451110.85, 160.07);
insert into STATION values (2162, '86', 4229, 261452.74, 451115.14, 163.44);
insert into STATION values (2163, '87', 4229, 261452.91, 451124.94, 165.88);
insert into STATION values (2164, '88', 4229, 261457.40, 451134.57, 168.73);
insert into STATION values (2165, '89', 4229, 261462.94, 451141.66, 168.41);
insert into STATION values (2166, '90', 4229, 261467.23, 451141.21, 166.84);
insert into STATION values (2167, '91', 4229, 261471.30, 451147.01, 167.33);
insert into STATION values (2168, '92', 4229, 261469.74, 451158.09, 160.34);
insert into STATION values (2169, '93', 4229, 261467.38, 451130.67, 176.41);
insert into STATION values (2170, '0', 4462, 261409.42, 451032.76, 203.75);
insert into STATION values (2171, '1', 4462, 261408.95, 451015.50, 206.00);
insert into STATION values (2172, '2', 4462, 261411.00, 451013.19, 208.53);
insert into STATION values (2173, '3', 4462, 261407.99, 451008.86, 210.51);
insert into STATION values (2174, '4', 4462, 261413.67, 451006.41, 216.80);
insert into STATION values (2175, '5', 4462, 261415.93, 450998.57, 220.23);
insert into STATION values (2176, '6', 4462, 261414.43, 450985.83, 219.93);
insert into STATION values (2177, '7', 4462, 261405.24, 450977.75, 218.50);
insert into STATION values (2178, '8', 4462, 261408.85, 450971.09, 219.24);
insert into STATION values (2179, '87', 4462, 261404.27, 450990.34, 208.05);
insert into STATION values (2180, '88', 4462, 261397.70, 451005.02, 197.59);
insert into STATION values (2181, '89', 4462, 261398.35, 451013.99, 198.66);
insert into STATION values (2182, '9', 4462, 261399.11, 450948.93, 223.24);
insert into STATION values (2183, '10', 4462, 261400.47, 450943.47, 227.33);
insert into STATION values (2184, '11', 4462, 261404.08, 450930.16, 234.12);
insert into STATION values (2185, '12', 4462, 261398.70, 450917.68, 237.01);
insert into STATION values (2186, '13', 4462, 261386.89, 450890.25, 243.92);
insert into STATION values (2187, '14', 4462, 261408.31, 450874.79, 245.98);
insert into STATION values (2188, '15', 4462, 261430.61, 450869.96, 248.86);
insert into STATION values (2189, '16', 4462, 261425.43, 450861.07, 245.95);
insert into STATION values (2190, '17', 4462, 261420.12, 450848.03, 248.47);
insert into STATION values (2191, '18', 4462, 261419.63, 450831.26, 256.73);
insert into STATION values (2192, '19', 4462, 261420.93, 450825.21, 258.86);
insert into STATION values (2193, '20', 4462, 261414.55, 450814.98, 260.38);
insert into STATION values (2194, '21', 4462, 261430.49, 450803.92, 272.30);
insert into STATION values (2195, '22', 4462, 261438.91, 450805.33, 277.72);
insert into STATION values (2196, '23', 4462, 261446.87, 450810.68, 267.00);
insert into STATION values (2197, '24', 4462, 261462.83, 450806.99, 258.72);
insert into STATION values (2198, '25', 4462, 261474.65, 450806.24, 258.96);
insert into STATION values (2199, '26', 4462, 261482.57, 450806.22, 258.04);
insert into STATION values (2200, '27', 4462, 261504.15, 450813.56, 270.16);
insert into STATION values (2201, '28', 4462, 261507.05, 450815.57, 272.44);
insert into STATION values (2202, '29', 4462, 261501.22, 450822.24, 279.98);
insert into STATION values (2203, '30', 4462, 261496.22, 450819.83, 285.49);
insert into STATION values (2204, '31', 4462, 261439.23, 450871.23, 243.36);
insert into STATION values (2205, '32', 4462, 261454.69, 450868.81, 234.96);
insert into STATION values (2206, '33', 4462, 261469.97, 450871.51, 234.08);
insert into STATION values (2207, '34', 4462, 261429.91, 450879.17, 245.64);
insert into STATION values (2208, '35', 4462, 261442.96, 450908.99, 246.43);
insert into STATION values (2209, '36', 4462, 261443.68, 450917.06, 245.05);
insert into STATION values (2210, '37', 4462, 261450.77, 450933.86, 243.41);
insert into STATION values (2211, '999', 4462, 261444.29, 450958.01, 243.41);
insert into STATION values (2212, '38', 4462, 261439.48, 450929.79, 234.65);
insert into STATION values (2213, '39', 4462, 261388.33, 450885.36, 244.13);
insert into STATION values (2214, '40', 4462, 261383.60, 450882.19, 243.08);
insert into STATION values (2215, '41', 4462, 261382.71, 450875.99, 242.87);
insert into STATION values (2216, '42', 4462, 261368.08, 450869.82, 232.77);
insert into STATION values (2217, '43', 4462, 261366.12, 450877.49, 227.28);
insert into STATION values (2218, '-', 4462, 261414.04, 451006.78, 218.75);
insert into STATION values (2219, '-', 4462, 261414.00, 451005.48, 219.64);
insert into STATION values (2220, '-', 4462, 261413.72, 451006.34, 216.14);
insert into STATION values (2221, '-', 4462, 261413.87, 451006.36, 215.47);
insert into STATION values (2222, '-', 4462, 261416.76, 451008.37, 217.17);
insert into STATION values (2223, '-', 4462, 261414.59, 451007.60, 216.69);
insert into STATION values (2224, '-', 4462, 261412.08, 451004.51, 217.07);
insert into STATION values (2225, '-', 4462, 261408.90, 450971.38, 226.78);
insert into STATION values (2226, '-', 4462, 261408.77, 450971.74, 228.00);
insert into STATION values (2227, '-', 4462, 261409.06, 450970.96, 217.76);
insert into STATION values (2228, '-', 4462, 261408.26, 450971.31, 217.83);
insert into STATION values (2229, '-', 4462, 261414.52, 450969.74, 220.24);
insert into STATION values (2230, '-', 4462, 261409.77, 450970.91, 219.52);
insert into STATION values (2231, '-', 4462, 261407.64, 450971.28, 219.63);
insert into STATION values (2232, '-', 4462, 261403.96, 450972.50, 220.17);
insert into STATION values (2233, '-', 4462, 261414.59, 450814.26, 266.15);
insert into STATION values (2234, '-', 4462, 261415.92, 450814.70, 265.49);
insert into STATION values (2235, '-', 4462, 261414.44, 450814.92, 258.90);
insert into STATION values (2236, '-', 4462, 261417.90, 450814.67, 262.83);
insert into STATION values (2237, '-', 4462, 261422.72, 450815.84, 261.49);
insert into STATION values (2238, '-', 4462, 261407.80, 450809.49, 259.93);
insert into STATION values (2239, '-', 4462, 261408.17, 450804.77, 261.86);
insert into STATION values (2240, '-', 4462, 261439.30, 450805.58, 284.63);
insert into STATION values (2241, '-', 4462, 261442.26, 450801.84, 286.44);
insert into STATION values (2242, '-', 4462, 261438.86, 450805.30, 276.04);
insert into STATION values (2243, '-', 4462, 261437.28, 450814.70, 277.96);
insert into STATION values (2244, '-', 4462, 261439.53, 450804.39, 278.28);
insert into STATION values (2245, '-', 4462, 261482.54, 450809.11, 261.05);
insert into STATION values (2246, '-', 4462, 261482.67, 450806.43, 259.76);
insert into STATION values (2247, '-', 4462, 261483.67, 450803.60, 257.90);
insert into STATION values (2248, '-', 4462, 261483.54, 450803.61, 258.01);
insert into STATION values (2249, '-', 4462, 261504.44, 450813.79, 277.29);
insert into STATION values (2250, '-', 4462, 261504.27, 450813.35, 268.62);
insert into STATION values (2251, '-', 4462, 261504.14, 450813.73, 270.11);
insert into STATION values (2252, '-', 4462, 261501.86, 450815.24, 271.56);
insert into STATION values (2253, '-', 4462, 261506.36, 450810.19, 270.48);
insert into STATION values (2254, '-', 4462, 261454.69, 450868.94, 236.14);
insert into STATION values (2255, '-', 4462, 261454.66, 450868.85, 233.77);
insert into STATION values (2256, '-', 4462, 261454.62, 450870.80, 235.14);
insert into STATION values (2257, '-', 4462, 261481.00, 450873.55, 233.47);
insert into STATION values (2258, '-', 4462, 261455.02, 450867.91, 234.95);
insert into STATION values (2259, '-', 4462, 261442.87, 450909.10, 247.16);
insert into STATION values (2260, '-', 4462, 261442.77, 450909.14, 245.40);
insert into STATION values (2261, '-', 4462, 261440.99, 450909.31, 245.93);
insert into STATION values (2262, '-', 4462, 261456.03, 450938.79, 247.22);
insert into STATION values (2263, '-', 4462, 261445.63, 450906.82, 248.70);
insert into STATION values (2264, '111', 4646, 261551.45, 450916.34, 334.20);
insert into STATION values (2265, '163', 4646, 261546.27, 450894.25, 335.79);
insert into STATION values (2266, '-', 4646, 261552.42, 450892.22, 337.37);
insert into STATION values (2267, '-', 4646, 261545.30, 450893.95, 335.58);
insert into STATION values (2268, '-', 4646, 261548.91, 450893.67, 345.99);
insert into STATION values (2269, '-', 4646, 261546.58, 450893.72, 334.51);
insert into STATION values (2270, '164', 4646, 261553.61, 450898.88, 342.88);
insert into STATION values (2271, '-', 4646, 261555.93, 450904.83, 344.47);
insert into STATION values (2272, '-', 4646, 261551.87, 450890.59, 344.63);
insert into STATION values (2273, '-', 4646, 261553.74, 450898.39, 346.24);
insert into STATION values (2274, '-', 4646, 261553.82, 450898.77, 342.23);
insert into STATION values (2275, '165', 4646, 261567.82, 450906.43, 352.47);
insert into STATION values (2276, '-', 4646, 261564.93, 450908.18, 352.24);
insert into STATION values (2277, '-', 4646, 261578.13, 450902.24, 363.60);
insert into STATION values (2278, '-', 4646, 261568.96, 450907.48, 360.31);
insert into STATION values (2279, '-', 4646, 261567.82, 450906.73, 351.34);
insert into STATION values (2280, '166', 4646, 261571.23, 450923.07, 353.75);
insert into STATION values (2281, '-', 4646, 261568.69, 450924.17, 354.04);
insert into STATION values (2282, '-', 4646, 261576.62, 450920.28, 356.39);
insert into STATION values (2283, '-', 4646, 261570.91, 450923.92, 364.47);
insert into STATION values (2284, '-', 4646, 261570.77, 450921.94, 352.14);
insert into STATION values (2285, '-', 4646, 261565.80, 450928.00, 357.52);
insert into STATION values (2286, '-', 4646, 261550.33, 450942.87, 399.02);
insert into STATION values (2287, '-', 4646, 261559.50, 450936.93, 392.21);
insert into STATION values (2288, '-', 4646, 261565.66, 450935.04, 372.47);
insert into STATION values (2289, '-', 4646, 261571.22, 450930.57, 359.94);
insert into STATION values (2290, '-', 4646, 261573.14, 450927.61, 353.56);
insert into STATION values (2291, '-', 4646, 261565.90, 450928.51, 349.29);
insert into STATION values (2292, '-', 4646, 261576.28, 450925.05, 354.88);
insert into STATION values (2293, '-', 4646, 261575.08, 450923.24, 358.65);
insert into STATION values (2294, '-', 4646, 261572.37, 450922.03, 363.03);
insert into STATION values (2295, '-', 4646, 261573.68, 450919.96, 358.77);
insert into STATION values (2296, '-', 4646, 261572.30, 450915.38, 357.83);
insert into STATION values (2297, '-', 4646, 261571.55, 450916.06, 355.84);
insert into STATION values (2298, '167', 4646, 261563.44, 450933.14, 367.11);
insert into STATION values (2299, '-', 4646, 261561.93, 450928.38, 366.86);
insert into STATION values (2300, '-', 4646, 261564.23, 450933.60, 367.09);
insert into STATION values (2301, '-', 4646, 261565.70, 450930.84, 377.61);
insert into STATION values (2302, '-', 4646, 261563.79, 450933.39, 365.99);
insert into STATION values (2303, '168', 4646, 261557.79, 450932.55, 387.88);
insert into STATION values (2304, '169', 4646, 261556.04, 450939.06, 384.53);
insert into STATION values (2305, '-', 4646, 261554.11, 450935.16, 385.07);
insert into STATION values (2306, '-', 4646, 261556.65, 450941.43, 384.65);
insert into STATION values (2307, '-', 4646, 261553.99, 450936.79, 404.75);
insert into STATION values (2308, '-', 4646, 261555.94, 450938.96, 383.07);
insert into STATION values (2309, '-', 4646, 261551.68, 450936.49, 384.64);
insert into STATION values (2310, '-', 4646, 261548.83, 450938.64, 385.53);
insert into STATION values (2311, '-', 4646, 261549.65, 450941.06, 385.35);
insert into STATION values (2312, '-', 4646, 261553.24, 450942.56, 384.97);
insert into STATION values (2313, '-', 4646, 261550.19, 450943.30, 390.56);
insert into STATION values (2314, '-', 4646, 261546.49, 450938.56, 395.86);
insert into STATION values (2315, '-', 4646, 261541.63, 450943.73, 405.53);
insert into STATION values (2316, '-', 4646, 261552.61, 450937.82, 406.38);
insert into STATION values (2317, '-', 4646, 261544.56, 450931.06, 435.37);
insert into STATION values (2318, '-', 4646, 261535.48, 450937.19, 431.85);
insert into STATION values (2319, '-', 4646, 261547.79, 450941.63, 404.81);
insert into STATION values (2320, '-', 4646, 261554.46, 450939.79, 399.78);
insert into STATION values (2321, '170', 4646, 261546.83, 450936.81, 408.05);
insert into STATION values (2322, '-', 4646, 261550.87, 450934.25, 408.30);
insert into STATION values (2323, '-', 4646, 261542.33, 450940.03, 406.62);
insert into STATION values (2324, '-', 4646, 261545.24, 450938.76, 437.18);
insert into STATION values (2325, '-', 4646, 261551.89, 450942.50, 385.09);
insert into STATION values (2326, '-', 4646, 261548.58, 450941.19, 407.33);
insert into STATION values (2327, '171', 4646, 261545.13, 450935.00, 412.58);
insert into STATION values (2328, '-', 4646, 261552.01, 450934.49, 417.93);
insert into STATION values (2329, '-', 4646, 261540.78, 450943.53, 412.82);
insert into STATION values (2330, '-', 4646, 261545.69, 450937.12, 439.69);
insert into STATION values (2331, '-', 4646, 261546.11, 450943.78, 402.54);
insert into STATION values (2332, '172', 4646, 261545.70, 450926.01, 421.46);
insert into STATION values (2333, '-', 4646, 261565.08, 450924.37, 436.55);
insert into STATION values (2334, '-', 4646, 261536.26, 450931.18, 423.64);
insert into STATION values (2335, '-', 4646, 261547.12, 450927.93, 433.11);
insert into STATION values (2336, '-', 4646, 261545.31, 450942.94, 407.25);
insert into STATION values (2337, '173', 4646, 261540.85, 450921.70, 424.59);
insert into STATION values (2338, '-', 4646, 261549.25, 450923.66, 423.89);
insert into STATION values (2339, '-', 4646, 261557.84, 450926.08, 428.64);
insert into STATION values (2340, '-', 4646, 261562.51, 450926.88, 435.03);
insert into STATION values (2341, '-', 4646, 261543.78, 450922.39, 427.54);
insert into STATION values (2342, '-', 4646, 261544.92, 450923.73, 435.44);
insert into STATION values (2343, '-', 4646, 261539.28, 450920.14, 434.11);
insert into STATION values (2344, '-', 4646, 261535.92, 450917.58, 432.09);
insert into STATION values (2345, '-', 4646, 261528.67, 450920.15, 435.29);
insert into STATION values (2346, '-', 4646, 261536.21, 450923.22, 427.04);
insert into STATION values (2347, '-', 4646, 261537.46, 450922.64, 430.47);
insert into STATION values (2348, '-', 4646, 261536.07, 450925.49, 425.06);
insert into STATION values (2349, '-', 4646, 261538.18, 450930.03, 429.85);
insert into STATION values (2350, '-', 4646, 261538.91, 450924.87, 433.57);
insert into STATION values (2351, '-', 4646, 261543.52, 450924.65, 435.88);
insert into STATION values (2352, '-', 4646, 261549.94, 450920.44, 427.27);
insert into STATION values (2353, '174', 4646, 261557.47, 450926.27, 429.32);
insert into STATION values (2354, '-', 4646, 261559.24, 450932.77, 428.86);
insert into STATION values (2355, '-', 4646, 261538.46, 450914.40, 429.03);
insert into STATION values (2356, '-', 4646, 261558.12, 450925.75, 436.26);
insert into STATION values (2357, '-', 4646, 261561.18, 450930.34, 426.43);
insert into STATION values (2358, '175', 4646, 261562.97, 450921.48, 430.75);
insert into STATION values (2359, '-', 4646, 261568.27, 450924.21, 430.35);
insert into STATION values (2360, '-', 4646, 261556.54, 450918.64, 431.67);
insert into STATION values (2361, '-', 4646, 261562.75, 450920.68, 437.71);
insert into STATION values (2362, '-', 4646, 261563.76, 450918.65, 428.57);
insert into STATION values (2363, '176', 4646, 261570.57, 450907.74, 429.17);
insert into STATION values (2364, '-', 4646, 261576.26, 450912.32, 427.42);
insert into STATION values (2365, '-', 4646, 261566.42, 450901.67, 429.86);
insert into STATION values (2366, '-', 4646, 261571.82, 450906.18, 438.58);
insert into STATION values (2367, '-', 4646, 261572.79, 450907.24, 426.17);
insert into STATION values (2368, '177', 4646, 261591.79, 450901.45, 430.57);
insert into STATION values (2369, '-', 4646, 261592.39, 450903.21, 430.58);
insert into STATION values (2370, '-', 4646, 261590.58, 450898.94, 432.82);
insert into STATION values (2371, '-', 4646, 261592.85, 450900.06, 440.33);
insert into STATION values (2372, '-', 4646, 261592.50, 450901.09, 429.30);
insert into STATION values (2373, '178', 4646, 261600.40, 450896.96, 433.55);
insert into STATION values (2374, '-', 4646, 261600.97, 450896.63, 433.71);
insert into STATION values (2375, '-', 4646, 261595.33, 450894.98, 435.88);
insert into STATION values (2376, '-', 4646, 261596.91, 450893.31, 442.76);
insert into STATION values (2377, '-', 4646, 261600.30, 450896.47, 432.59);
insert into STATION values (2378, '179', 4646, 261604.11, 450866.44, 434.20);
insert into STATION values (2379, '-', 4646, 261605.87, 450879.37, 437.39);
insert into STATION values (2380, '-', 4646, 261604.33, 450863.80, 436.02);
insert into STATION values (2381, '-', 4646, 261603.77, 450866.54, 439.57);
insert into STATION values (2382, '-', 4646, 261605.55, 450867.82, 432.06);
insert into STATION values (2383, '180', 4646, 261625.65, 450885.58, 437.04);
insert into STATION values (2384, '-', 4646, 261626.99, 450890.67, 442.33);
insert into STATION values (2385, '-', 4646, 261625.23, 450881.38, 437.88);
insert into STATION values (2386, '-', 4646, 261626.39, 450886.96, 447.54);
insert into STATION values (2387, '-', 4646, 261625.31, 450885.68, 435.29);
insert into STATION values (2388, '-', 4646, 261628.66, 450882.91, 437.13);
insert into STATION values (2389, '181', 4646, 261635.95, 450880.05, 435.51);
insert into STATION values (2390, '-', 4646, 261636.16, 450880.08, 435.55);
insert into STATION values (2391, '-', 4646, 261630.00, 450878.05, 440.83);
insert into STATION values (2392, '-', 4646, 261631.37, 450876.87, 446.45);
insert into STATION values (2393, '-', 4646, 261635.54, 450879.58, 434.20);
insert into STATION values (2394, '182', 4646, 261638.12, 450867.81, 435.32);
insert into STATION values (2395, '-', 4646, 261639.34, 450867.71, 435.69);
insert into STATION values (2396, '-', 4646, 261636.49, 450867.39, 435.73);
insert into STATION values (2397, '-', 4646, 261632.03, 450860.34, 445.69);
insert into STATION values (2398, '-', 4646, 261636.72, 450866.22, 433.24);
insert into STATION values (2399, '183', 4646, 261638.14, 450858.30, 433.68);
insert into STATION values (2400, '-', 4646, 261641.77, 450864.41, 434.18);
insert into STATION values (2401, '-', 4646, 261636.77, 450855.18, 435.59);
insert into STATION values (2402, '-', 4646, 261637.32, 450858.40, 441.55);
insert into STATION values (2403, '-', 4646, 261640.18, 450860.59, 430.80);
insert into STATION values (2404, '184', 4646, 261648.16, 450865.71, 435.99);
insert into STATION values (2405, '-', 4646, 261645.30, 450869.75, 437.39);
insert into STATION values (2406, '-', 4646, 261653.17, 450863.94, 438.81);
insert into STATION values (2407, '-', 4646, 261647.44, 450866.26, 440.98);
insert into STATION values (2408, '-', 4646, 261648.82, 450866.79, 434.82);
insert into STATION values (2409, '-', 4646, 261646.74, 450849.76, 439.79);
insert into STATION values (2410, '185', 4646, 261665.24, 450879.29, 436.44);
insert into STATION values (2411, '-', 4646, 261659.71, 450886.15, 436.78);
insert into STATION values (2412, '-', 4646, 261668.55, 450875.16, 438.29);
insert into STATION values (2413, '-', 4646, 261666.03, 450880.04, 440.83);
insert into STATION values (2414, '-', 4646, 261669.04, 450883.15, 431.70);
insert into STATION values (2415, '-', 4646, 261693.11, 450883.25, 440.47);
insert into STATION values (2416, '-', 4646, 261687.72, 450871.53, 444.87);
insert into STATION values (2417, '-', 4646, 261677.42, 450875.67, 447.47);
insert into STATION values (2418, '-', 4646, 261676.54, 450881.76, 446.50);
insert into STATION values (2419, '-', 4646, 261675.55, 450886.20, 443.86);
insert into STATION values (2420, '-', 4646, 261666.94, 450874.93, 439.59);
insert into STATION values (2421, '-', 4646, 261673.80, 450887.12, 440.62);
insert into STATION values (2422, '-', 4646, 261671.22, 450884.90, 433.92);
insert into STATION values (2423, '-', 4646, 261671.36, 450889.97, 432.54);
insert into STATION values (2424, '-', 4646, 261666.35, 450894.68, 431.66);
insert into STATION values (2425, '-', 4646, 261662.28, 450891.02, 435.64);
insert into STATION values (2426, '-', 4646, 261662.15, 450882.68, 441.02);
insert into STATION values (2427, '-', 4646, 261659.13, 450883.65, 438.15);
insert into STATION values (2428, '186', 4646, 261669.51, 450900.71, 437.21);
insert into STATION values (2429, '-', 4646, 261667.33, 450902.58, 438.08);
insert into STATION values (2430, '-', 4646, 261676.76, 450897.37, 439.52);
insert into STATION values (2431, '-', 4646, 261671.28, 450900.79, 442.45);
insert into STATION values (2432, '-', 4646, 261673.26, 450903.79, 434.98);
insert into STATION values (2433, '187', 4646, 261683.61, 450904.60, 439.58);
insert into STATION values (2434, '-', 4646, 261674.55, 450911.31, 439.45);
insert into STATION values (2435, '-', 4646, 261684.19, 450904.39, 439.29);
insert into STATION values (2436, '-', 4646, 261681.42, 450907.45, 445.90);
insert into STATION values (2437, '-', 4646, 261683.20, 450905.44, 438.24);
insert into STATION values (2438, '188', 4646, 261676.17, 450926.61, 437.65);
insert into STATION values (2439, '189', 4646, 261682.98, 450929.77, 439.91);
insert into STATION values (2440, '-', 4646, 261679.06, 450931.95, 438.84);
insert into STATION values (2441, '-', 4646, 261691.22, 450930.92, 441.28);
insert into STATION values (2442, '-', 4646, 261684.46, 450930.83, 444.18);
insert into STATION values (2443, '-', 4646, 261680.51, 450934.61, 434.30);
insert into STATION values (2444, '190', 4646, 261690.75, 450948.72, 435.31);
insert into STATION values (2445, '-', 4646, 261690.24, 450949.32, 435.17);
insert into STATION values (2446, '-', 4646, 261697.09, 450945.20, 436.70);
insert into STATION values (2447, '-', 4646, 261693.07, 450948.31, 443.64);
insert into STATION values (2448, '-', 4646, 261692.96, 450949.07, 432.76);
insert into STATION values (2449, '191', 4646, 261698.27, 450951.96, 436.73);
insert into STATION values (2450, '-', 4646, 261691.05, 450953.59, 440.03);
insert into STATION values (2451, '-', 4646, 261699.50, 450949.90, 437.35);
insert into STATION values (2452, '-', 4646, 261695.82, 450951.38, 444.93);
insert into STATION values (2453, '-', 4646, 261696.87, 450949.98, 432.83);
insert into STATION values (2454, '192', 4646, 261701.77, 450970.42, 438.36);
insert into STATION values (2455, '-', 4646, 261696.40, 450974.25, 437.96);
insert into STATION values (2456, '-', 4646, 261703.27, 450969.55, 438.84);
insert into STATION values (2457, '-', 4646, 261704.99, 450972.52, 448.58);
insert into STATION values (2458, '-', 4646, 261702.61, 450970.28, 437.09);
insert into STATION values (2459, '193', 4646, 261704.27, 450976.15, 438.86);
insert into STATION values (2460, '-', 4646, 261697.36, 450976.97, 438.49);
insert into STATION values (2461, '-', 4646, 261710.14, 450975.17, 443.67);
insert into STATION values (2462, '-', 4646, 261705.11, 450976.66, 446.80);
insert into STATION values (2463, '-', 4646, 261704.38, 450976.51, 437.62);
insert into STATION values (2464, '194', 4646, 261712.90, 450972.40, 441.67);
insert into STATION values (2465, '195', 4646, 261711.19, 450991.19, 437.82);
insert into STATION values (2466, '-', 4646, 261707.23, 450994.10, 439.76);
insert into STATION values (2467, '-', 4646, 261715.01, 450987.07, 439.03);
insert into STATION values (2468, '-', 4646, 261715.23, 450992.19, 450.30);
insert into STATION values (2469, '-', 4646, 261714.10, 450993.23, 434.97);
insert into STATION values (2470, '-', 4646, 261717.48, 451013.81, 438.58);
insert into STATION values (2471, '-', 4646, 261713.22, 450998.55, 438.05);
insert into STATION values (2472, '196', 4646, 261713.48, 450999.45, 438.06);
insert into STATION values (2473, '-', 4646, 261710.05, 450998.95, 439.71);
insert into STATION values (2474, '-', 4646, 261729.28, 451005.44, 440.28);
insert into STATION values (2475, '-', 4646, 261720.53, 451004.15, 449.68);
insert into STATION values (2476, '-', 4646, 261713.63, 451001.13, 436.66);
insert into STATION values (2477, '-', 4646, 261727.57, 451007.85, 441.47);
insert into STATION values (2478, '-', 4646, 261715.23, 451000.56, 437.46);
insert into STATION values (2479, '-', 4646, 261730.59, 451004.28, 433.61);
insert into STATION values (2480, '-', 4646, 261728.60, 451005.32, 451.90);
insert into STATION values (2481, '197', 4646, 261714.55, 451014.69, 439.89);
insert into STATION values (2482, '-', 4646, 261706.27, 451012.79, 440.39);
insert into STATION values (2483, '-', 4646, 261724.30, 451022.55, 442.22);
insert into STATION values (2484, '-', 4646, 261715.46, 451015.06, 446.89);
insert into STATION values (2485, '-', 4646, 261714.44, 451014.96, 439.21);
insert into STATION values (2486, '198', 4646, 261732.89, 451026.73, 451.17);
insert into STATION values (2487, '-', 4646, 261700.41, 451024.48, 432.37);
insert into STATION values (2488, '-', 4646, 261690.17, 451028.51, 434.39);
insert into STATION values (2489, '-', 4646, 261693.53, 451024.31, 440.50);
insert into STATION values (2490, '-', 4646, 261697.80, 451022.96, 444.35);
insert into STATION values (2491, '-', 4646, 261702.92, 451025.04, 444.94);
insert into STATION values (2492, '-', 4646, 261710.21, 451026.31, 443.09);
insert into STATION values (2493, '-', 4646, 261713.34, 451034.09, 439.44);
insert into STATION values (2494, '-', 4646, 261727.18, 451040.17, 441.69);
insert into STATION values (2495, '-', 4646, 261723.14, 451015.63, 443.41);
insert into STATION values (2496, '-', 4646, 261722.69, 451037.34, 437.93);
insert into STATION values (2497, '199', 4646, 261720.64, 451031.63, 438.42);
insert into STATION values (2498, '-', 4646, 261708.72, 451036.22, 436.61);
insert into STATION values (2499, '-', 4646, 261724.45, 451029.95, 440.11);
insert into STATION values (2500, '-', 4646, 261720.28, 451031.66, 441.97);
insert into STATION values (2501, '-', 4646, 261720.37, 451031.89, 437.63);
insert into STATION values (2502, '-', 4646, 261694.70, 451021.44, 433.54);
insert into STATION values (2503, '200', 4646, 261700.51, 451022.04, 432.93);
insert into STATION values (2504, '201', 4646, 261731.34, 451053.26, 440.60);
insert into STATION values (2505, '-', 4646, 261718.12, 451061.49, 436.77);
insert into STATION values (2506, '-', 4646, 261732.84, 451052.53, 441.66);
insert into STATION values (2507, '-', 4646, 261731.82, 451053.54, 442.91);
insert into STATION values (2508, '-', 4646, 261731.48, 451053.29, 439.92);
insert into STATION values (2509, '202', 4646, 261734.88, 451068.77, 438.97);
insert into STATION values (2510, '-', 4646, 261723.36, 451070.52, 436.28);
insert into STATION values (2511, '-', 4646, 261737.28, 451068.23, 441.20);
insert into STATION values (2512, '-', 4646, 261734.89, 451069.24, 440.84);
insert into STATION values (2513, '-', 4646, 261729.02, 451070.90, 433.22);
insert into STATION values (2514, '203', 4646, 261730.37, 451088.78, 437.45);
insert into STATION values (2515, '-', 4646, 261718.23, 451086.94, 437.19);
insert into STATION values (2516, '-', 4646, 261743.71, 451087.37, 439.80);
insert into STATION values (2517, '-', 4646, 261730.03, 451089.26, 441.19);
insert into STATION values (2518, '-', 4646, 261730.23, 451088.75, 437.06);
insert into STATION values (2519, '204', 4646, 261730.09, 451113.07, 435.05);
insert into STATION values (2520, '-', 4646, 261722.53, 451114.55, 437.85);
insert into STATION values (2521, '-', 4646, 261742.42, 451111.21, 438.59);
insert into STATION values (2522, '-', 4646, 261730.06, 451114.79, 441.70);
insert into STATION values (2523, '-', 4646, 261730.24, 451113.46, 433.91);
insert into STATION values (2524, '205', 4646, 261745.76, 451095.56, 439.45);
insert into STATION values (2525, '206', 4646, 261732.67, 451127.40, 436.67);
insert into STATION values (2526, '-', 4646, 261728.06, 451139.74, 439.57);
insert into STATION values (2527, '-', 4646, 261744.97, 451120.97, 440.19);
insert into STATION values (2528, '-', 4646, 261732.81, 451127.33, 444.76);
insert into STATION values (2529, '-', 4646, 261733.60, 451127.89, 435.17);
insert into STATION values (2530, '207', 4646, 261729.16, 451125.11, 436.10);
insert into STATION values (2531, '-', 4646, 261741.67, 451111.06, 439.07);
insert into STATION values (2532, '-', 4646, 261722.17, 451139.56, 438.89);
insert into STATION values (2533, '-', 4646, 261726.09, 451125.49, 445.21);
insert into STATION values (2534, '-', 4646, 261728.70, 451124.89, 434.71);
insert into STATION values (2535, '208', 4646, 261718.91, 451129.88, 435.77);
insert into STATION values (2536, '-', 4646, 261715.15, 451125.42, 436.47);
insert into STATION values (2537, '-', 4646, 261719.94, 451136.43, 436.19);
insert into STATION values (2538, '-', 4646, 261716.74, 451130.93, 446.46);
insert into STATION values (2539, '-', 4646, 261717.93, 451128.97, 433.39);
insert into STATION values (2540, '209', 4646, 261690.53, 451156.78, 413.40);
insert into STATION values (2541, '210', 4646, 261709.70, 451146.56, 451.20);
insert into STATION values (2542, '211', 4646, 261736.63, 451134.59, 436.08);
insert into STATION values (2543, '-', 4646, 261734.10, 451137.44, 436.27);
insert into STATION values (2544, '-', 4646, 261753.53, 451125.85, 439.37);
insert into STATION values (2545, '-', 4646, 261737.68, 451135.62, 445.48);
insert into STATION values (2546, '-', 4646, 261737.16, 451134.40, 434.89);
insert into STATION values (2547, '212', 4646, 261737.78, 451143.96, 434.52);
insert into STATION values (2548, '-', 4646, 261734.71, 451148.15, 433.11);
insert into STATION values (2549, '-', 4646, 261747.01, 451136.98, 434.97);
insert into STATION values (2550, '-', 4646, 261740.09, 451144.20, 442.81);
insert into STATION values (2551, '-', 4646, 261737.34, 451144.69, 433.11);
insert into STATION values (2552, '213', 4646, 261727.89, 451148.46, 431.65);
insert into STATION values (2553, '214', 4646, 261749.77, 451163.08, 436.70);
insert into STATION values (2554, '-', 4646, 261738.59, 451171.29, 438.80);
insert into STATION values (2555, '-', 4646, 261763.26, 451159.37, 438.42);
insert into STATION values (2556, '-', 4646, 261749.79, 451161.72, 443.88);
insert into STATION values (2557, '-', 4646, 261749.42, 451162.76, 435.74);
insert into STATION values (2558, '-', 4646, 261749.44, 451155.38, 425.45);
insert into STATION values (2559, '215', 4646, 261730.97, 451170.59, 448.54);
insert into STATION values (2560, '216', 4646, 261779.18, 451148.06, 441.75);
insert into STATION values (2561, '217', 4646, 261758.02, 451173.52, 440.00);
insert into STATION values (2562, '-', 4646, 261744.40, 451173.18, 440.37);
insert into STATION values (2563, '-', 4646, 261765.53, 451164.51, 437.74);
insert into STATION values (2564, '-', 4646, 261757.93, 451172.76, 442.31);
insert into STATION values (2565, '-', 4646, 261758.16, 451173.32, 439.08);
insert into STATION values (2566, '-', 4646, 261746.52, 451179.90, 442.93);
insert into STATION values (2567, '-', 4646, 261758.19, 451176.67, 438.24);
insert into STATION values (2568, '-', 4646, 261752.24, 451188.24, 446.44);
insert into STATION values (2569, '-', 4646, 261763.26, 451188.66, 448.71);
insert into STATION values (2570, '-', 4646, 261781.93, 451193.37, 444.57);
insert into STATION values (2571, '-', 4646, 261777.00, 451168.12, 442.17);
insert into STATION values (2572, '-', 4646, 261782.23, 451173.60, 444.88);
insert into STATION values (2573, '-', 4646, 261772.30, 451180.62, 449.37);
insert into STATION values (2574, '-', 4646, 261766.43, 451177.32, 437.57);
insert into STATION values (2575, '-', 4646, 261757.00, 451201.95, 450.34);
insert into STATION values (2576, '-', 4646, 261756.17, 451204.58, 446.15);
insert into STATION values (2577, '-', 4646, 261763.96, 451194.86, 445.44);
insert into STATION values (2578, '-', 4646, 261765.69, 451188.96, 447.03);
insert into STATION values (2579, '218', 4646, 261762.40, 451189.92, 444.12);
insert into STATION values (2580, '219', 4646, 261791.83, 451185.31, 449.26);
insert into STATION values (2581, '-', 4646, 261789.38, 451195.93, 450.09);
insert into STATION values (2582, '-', 4646, 261792.58, 451178.62, 450.68);
insert into STATION values (2583, '-', 4646, 261794.70, 451187.96, 473.08);
insert into STATION values (2584, '-', 4646, 261792.44, 451185.97, 447.90);
insert into STATION values (2585, '-', 4646, 261790.05, 451176.47, 449.33);
insert into STATION values (2586, '-', 4646, 261787.32, 451180.70, 452.98);
insert into STATION values (2587, '-', 4646, 261788.14, 451184.99, 454.98);
insert into STATION values (2588, '-', 4646, 261783.88, 451189.79, 463.10);
insert into STATION values (2589, '-', 4646, 261790.17, 451187.02, 457.87);
insert into STATION values (2590, '-', 4646, 261791.55, 451189.60, 455.00);
insert into STATION values (2591, '-', 4646, 261794.98, 451194.73, 452.53);
insert into STATION values (2592, '-', 4646, 261801.35, 451193.20, 448.02);
insert into STATION values (2593, '-', 4646, 261774.79, 451191.12, 439.33);
insert into STATION values (2594, '-', 4646, 261771.59, 451186.09, 440.32);
insert into STATION values (2595, '-', 4646, 261760.63, 451176.42, 437.84);
insert into STATION values (2596, '-', 4646, 261758.20, 451165.18, 435.91);
insert into STATION values (2597, '-', 4646, 261780.96, 451172.56, 445.01);
insert into STATION values (2598, '-', 4646, 261785.80, 451174.00, 446.63);
insert into STATION values (2599, '-', 4646, 261802.99, 451190.05, 449.15);
insert into STATION values (2600, '-', 4646, 261792.96, 451186.89, 475.17);
insert into STATION values (2601, '-', 4646, 261798.84, 451194.98, 459.82);
insert into STATION values (2602, '-', 4646, 261807.89, 451192.89, 455.20);
insert into STATION values (2603, '-', 4646, 261803.49, 451177.61, 458.99);
insert into STATION values (2604, '-', 4646, 261795.33, 451178.34, 453.63);
insert into STATION values (2605, '-', 4646, 261795.39, 451183.51, 472.02);
insert into STATION values (2606, '220', 4646, 261804.53, 451195.68, 453.81);
insert into STATION values (2607, '-', 4646, 261804.36, 451196.05, 454.02);
insert into STATION values (2608, '-', 4646, 261808.44, 451194.39, 454.83);
insert into STATION values (2609, '-', 4646, 261805.49, 451196.42, 455.68);
insert into STATION values (2610, '-', 4646, 261804.77, 451196.17, 452.34);
insert into STATION values (2611, '-', 4646, 261806.36, 451210.39, 451.18);
insert into STATION values (2612, '-', 4646, 261809.78, 451203.95, 453.09);
insert into STATION values (2613, '-', 4646, 261809.07, 451197.32, 454.49);
insert into STATION values (2614, '-', 4646, 261808.42, 451190.90, 455.92);
insert into STATION values (2615, '-', 4646, 261810.07, 451183.58, 463.81);
insert into STATION values (2616, '-', 4646, 261803.14, 451179.36, 462.83);
insert into STATION values (2617, '-', 4646, 261796.23, 451180.52, 456.57);
insert into STATION values (2618, '-', 4646, 261786.98, 451177.91, 450.49);
insert into STATION values (2619, '-', 4646, 261773.44, 451174.67, 447.65);
insert into STATION values (2620, '-', 4646, 261808.78, 451190.97, 454.77);
insert into STATION values (2621, '-', 4646, 261813.43, 451187.88, 462.42);
insert into STATION values (2622, '221', 4646, 261790.38, 451190.56, 449.72);
insert into STATION values (2623, '222', 4646, 261791.56, 451197.88, 445.92);
insert into STATION values (2624, '-', 4646, 261791.55, 451198.48, 445.84);
insert into STATION values (2625, '-', 4646, 261792.21, 451197.21, 446.02);
insert into STATION values (2626, '-', 4646, 261791.80, 451197.83, 446.74);
insert into STATION values (2627, '-', 4646, 261792.52, 451198.30, 443.96);
insert into STATION values (2628, '-', 4646, 261796.64, 451197.92, 445.54);
insert into STATION values (2629, '-', 4646, 261799.00, 451199.80, 443.18);
insert into STATION values (2630, '223', 4646, 261803.87, 451208.67, 438.90);
insert into STATION values (2631, '-', 4646, 261794.51, 451216.24, 440.84);
insert into STATION values (2632, '-', 4646, 261804.33, 451208.54, 438.86);
insert into STATION values (2633, '-', 4646, 261803.75, 451209.90, 449.63);
insert into STATION values (2634, '-', 4646, 261804.11, 451208.80, 437.63);
insert into STATION values (2635, '224', 4646, 261810.00, 451216.73, 437.94);
insert into STATION values (2636, '225', 4646, 261831.34, 451222.96, 452.04);
insert into STATION values (2637, '226', 4646, 261798.39, 451231.24, 435.69);
insert into STATION values (2638, '-', 4646, 261791.94, 451225.15, 436.12);
insert into STATION values (2639, '-', 4646, 261805.49, 451231.60, 437.87);
insert into STATION values (2640, '-', 4646, 261798.18, 451229.79, 442.44);
insert into STATION values (2641, '-', 4646, 261798.31, 451231.18, 434.37);
insert into STATION values (2642, '-', 4646, 261803.57, 451237.88, 437.98);
insert into STATION values (2643, '227', 4646, 261787.73, 451244.84, 431.61);
insert into STATION values (2644, '-', 4646, 261777.55, 451236.97, 432.57);
insert into STATION values (2645, '-', 4646, 261794.09, 451248.05, 433.29);
insert into STATION values (2646, '-', 4646, 261787.31, 451241.57, 439.77);
insert into STATION values (2647, '-', 4646, 261788.34, 451245.04, 430.83);
insert into STATION values (2648, '228', 4646, 261776.47, 451236.46, 435.40);
insert into STATION values (2649, '229', 4646, 261780.02, 451264.54, 432.15);
insert into STATION values (2650, '-', 4646, 261773.12, 451263.65, 438.48);
insert into STATION values (2651, '-', 4646, 261787.75, 451267.48, 438.13);
insert into STATION values (2652, '-', 4646, 261779.46, 451265.17, 441.62);
insert into STATION values (2653, '-', 4646, 261780.21, 451264.97, 430.43);
insert into STATION values (2654, '230', 4646, 261776.39, 451280.62, 430.52);
insert into STATION values (2655, '-', 4646, 261772.21, 451281.91, 431.70);
insert into STATION values (2656, '-', 4646, 261787.57, 451279.33, 430.43);
insert into STATION values (2657, '-', 4646, 261777.20, 451282.52, 444.86);
insert into STATION values (2658, '-', 4646, 261776.87, 451282.20, 428.34);
insert into STATION values (2659, '-', 4646, 261772.98, 451285.54, 433.07);
insert into STATION values (2660, '-', 4646, 261772.96, 451286.32, 440.75);
insert into STATION values (2661, '-', 4646, 261779.01, 451286.51, 443.63);
insert into STATION values (2662, '-', 4646, 261785.41, 451280.81, 439.20);
insert into STATION values (2663, '-', 4646, 261789.03, 451274.66, 433.09);
insert into STATION values (2664, '-', 4646, 261783.01, 451269.65, 431.00);
insert into STATION values (2665, '-', 4646, 261786.16, 451282.73, 431.83);
insert into STATION values (2666, '-', 4646, 261785.71, 451288.62, 428.47);
insert into STATION values (2667, '-', 4646, 261787.09, 451290.33, 424.53);
insert into STATION values (2668, '-', 4646, 261777.06, 451292.80, 429.94);
insert into STATION values (2669, '-', 4646, 261780.01, 451292.27, 432.87);
insert into STATION values (2670, '-', 4646, 261801.64, 451312.38, 442.57);
insert into STATION values (2671, '-', 4646, 261810.08, 451301.13, 445.66);
insert into STATION values (2672, '-', 4646, 261805.21, 451293.24, 446.08);
insert into STATION values (2673, '-', 4646, 261773.95, 451296.46, 443.75);
insert into STATION values (2674, '-', 4646, 261770.66, 451297.88, 441.82);
insert into STATION values (2675, '-', 4646, 261775.55, 451290.85, 433.11);
insert into STATION values (2676, '231', 4646, 261780.95, 451284.02, 427.80);
insert into STATION values (2677, '-', 4646, 261778.82, 451290.72, 429.53);
insert into STATION values (2678, '-', 4646, 261787.06, 451274.21, 431.37);
insert into STATION values (2679, '-', 4646, 261781.99, 451283.58, 441.85);
insert into STATION values (2680, '-', 4646, 261794.80, 451286.66, 417.50);
insert into STATION values (2681, '-', 4646, 261784.82, 451286.40, 432.33);
insert into STATION values (2682, '232', 4646, 261795.70, 451289.51, 415.63);
insert into STATION values (2683, '-', 4646, 261795.75, 451292.19, 415.25);
insert into STATION values (2684, '-', 4646, 261795.58, 451285.78, 419.37);
insert into STATION values (2685, '-', 4646, 261794.92, 451290.35, 418.81);
insert into STATION values (2686, '-', 4646, 261795.45, 451290.80, 413.54);
insert into STATION values (2687, '233', 4646, 261805.69, 451291.88, 423.96);
insert into STATION values (2688, '-', 4646, 261803.21, 451293.26, 424.66);
insert into STATION values (2689, '-', 4646, 261814.13, 451288.91, 427.81);
insert into STATION values (2690, '-', 4646, 261805.99, 451294.42, 444.35);
insert into STATION values (2691, '-', 4646, 261806.22, 451291.47, 423.11);
insert into STATION values (2692, '234', 4646, 261808.99, 451294.95, 425.70);
insert into STATION values (2693, '-', 4646, 261809.59, 451298.65, 426.63);
insert into STATION values (2694, '-', 4646, 261811.82, 451288.50, 426.85);
insert into STATION values (2695, '-', 4646, 261812.71, 451294.34, 443.10);
insert into STATION values (2696, '-', 4646, 261809.95, 451294.44, 424.82);
insert into STATION values (2697, '-', 4646, 261830.97, 451305.18, 454.73);
insert into STATION values (2698, '-', 4646, 261820.41, 451306.34, 426.48);
insert into STATION values (2699, '-', 4646, 261826.06, 451300.90, 425.61);
insert into STATION values (2700, '235', 4646, 261803.38, 451303.24, 432.21);
insert into STATION values (2701, '-', 4646, 261800.31, 451287.62, 436.38);
insert into STATION values (2702, '-', 4646, 261804.64, 451303.33, 432.54);
insert into STATION values (2703, '-', 4646, 261801.74, 451304.02, 441.93);
insert into STATION values (2704, '-', 4646, 261803.07, 451303.29, 431.24);
insert into STATION values (2705, '236', 4646, 261800.53, 451304.06, 433.66);
insert into STATION values (2706, '-', 4646, 261793.38, 451308.15, 436.34);
insert into STATION values (2707, '-', 4646, 261805.68, 451303.73, 434.28);
insert into STATION values (2708, '-', 4646, 261800.76, 451305.11, 442.61);
insert into STATION values (2709, '-', 4646, 261802.29, 451305.11, 431.87);
insert into STATION values (2710, '237', 4646, 261797.64, 451321.50, 436.04);
insert into STATION values (2711, '-', 4646, 261791.79, 451320.54, 438.23);
insert into STATION values (2712, '-', 4646, 261804.89, 451323.87, 435.90);
insert into STATION values (2713, '-', 4646, 261796.78, 451323.07, 450.55);
insert into STATION values (2714, '-', 4646, 261796.46, 451323.39, 433.95);
insert into STATION values (2715, '238', 4646, 261796.45, 451353.34, 436.38);
insert into STATION values (2716, '-', 4646, 261794.19, 451354.21, 437.62);
insert into STATION values (2717, '-', 4646, 261807.19, 451352.04, 434.02);
insert into STATION values (2718, '-', 4646, 261798.73, 451353.81, 441.91);
insert into STATION values (2719, '-', 4646, 261805.08, 451351.13, 429.50);
insert into STATION values (2720, '239', 4646, 261805.82, 451373.23, 438.36);
insert into STATION values (2721, '-', 4646, 261798.95, 451371.39, 438.51);
insert into STATION values (2722, '-', 4646, 261812.95, 451375.49, 438.41);
insert into STATION values (2723, '-', 4646, 261806.96, 451372.23, 443.78);
insert into STATION values (2724, '-', 4646, 261806.18, 451373.14, 437.27);
insert into STATION values (2725, '-', 4646, 261817.86, 451368.66, 437.89);
insert into STATION values (2726, '-', 4646, 261812.00, 451370.59, 429.37);
insert into STATION values (2727, '240', 4646, 261796.33, 451392.11, 440.38);
insert into STATION values (2728, '-', 4646, 261787.75, 451389.07, 442.98);
insert into STATION values (2729, '-', 4646, 261804.46, 451402.63, 443.77);
insert into STATION values (2730, '-', 4646, 261794.89, 451393.68, 450.09);
insert into STATION values (2731, '-', 4646, 261796.17, 451392.96, 439.37);
insert into STATION values (2732, '241', 4646, 261789.37, 451400.29, 441.99);
insert into STATION values (2733, '-', 4646, 261781.78, 451397.93, 445.31);
insert into STATION values (2734, '-', 4646, 261803.22, 451405.23, 443.49);
insert into STATION values (2735, '-', 4646, 261789.94, 451402.30, 453.98);
insert into STATION values (2736, '-', 4646, 261790.60, 451400.94, 440.51);
insert into STATION values (2737, '242', 4646, 261784.93, 451407.30, 440.74);
insert into STATION values (2738, '-', 4646, 261782.79, 451397.14, 444.33);
insert into STATION values (2739, '-', 4646, 261777.69, 451400.10, 444.41);
insert into STATION values (2740, '-', 4646, 261765.06, 451401.59, 444.20);
insert into STATION values (2741, '-', 4646, 261738.08, 451409.25, 448.11);
insert into STATION values (2742, '-', 4646, 261743.60, 451423.59, 448.61);
insert into STATION values (2743, '-', 4646, 261770.66, 451420.87, 444.72);
insert into STATION values (2744, '-', 4646, 261782.87, 451428.70, 443.83);
insert into STATION values (2745, '-', 4646, 261804.59, 451430.29, 445.34);
insert into STATION values (2746, '-', 4646, 261808.55, 451414.51, 444.19);
insert into STATION values (2747, '-', 4646, 261796.58, 451412.97, 453.85);
insert into STATION values (2748, '-', 4646, 261784.62, 451413.24, 457.20);
insert into STATION values (2749, '-', 4646, 261774.96, 451412.28, 453.65);
insert into STATION values (2750, '-', 4646, 261781.50, 451413.17, 437.14);
insert into STATION values (2751, '-', 4646, 261791.20, 451420.66, 435.29);
insert into STATION values (2752, '-', 4646, 261774.61, 451408.71, 438.28);
insert into STATION values (2753, '-', 4646, 261784.09, 451403.99, 440.36);
insert into STATION values (2754, '-', 4646, 261787.25, 451405.60, 440.12);
insert into STATION values (2755, '243', 4646, 261752.78, 451409.52, 442.03);
insert into STATION values (2756, '-', 4646, 261753.33, 451404.71, 442.90);
insert into STATION values (2757, '-', 4646, 261756.50, 451429.12, 450.55);
insert into STATION values (2758, '-', 4646, 261753.33, 451411.15, 459.50);
insert into STATION values (2759, '-', 4646, 261752.60, 451409.88, 440.95);
insert into STATION values (2760, '-', 4646, 261745.03, 451422.40, 443.99);
insert into STATION values (2761, '-', 4646, 261741.17, 451428.77, 444.96);
insert into STATION values (2762, '-', 4646, 261745.04, 451422.43, 444.00);
insert into STATION values (2763, '-', 4646, 261749.06, 451409.69, 442.72);
insert into STATION values (2764, '-', 4646, 261763.84, 451416.47, 445.36);
insert into STATION values (2765, '-', 4646, 261754.43, 451409.86, 450.32);
insert into STATION values (2766, '-', 4646, 261752.53, 451410.47, 440.03);
insert into STATION values (2767, '-', 4646, 261739.40, 451381.09, 436.26);
insert into STATION values (2768, '244', 4646, 261747.49, 451430.63, 443.03);
insert into STATION values (2769, '-', 4646, 261744.82, 451427.12, 445.05);
insert into STATION values (2770, '-', 4646, 261748.93, 451432.96, 443.56);
insert into STATION values (2771, '-', 4646, 261745.89, 451430.73, 447.16);
insert into STATION values (2772, '-', 4646, 261747.14, 451430.65, 441.93);
insert into STATION values (2773, '245', 4646, 261733.59, 451442.76, 445.98);
insert into STATION values (2774, '246', 4646, 261739.62, 451381.12, 432.95);
insert into STATION values (2775, '-', 4646, 261740.20, 451380.51, 433.38);
insert into STATION values (2776, '-', 4646, 261732.46, 451389.64, 437.28);
insert into STATION values (2777, '-', 4646, 261737.29, 451382.46, 445.24);
insert into STATION values (2778, '-', 4646, 261739.10, 451380.88, 431.43);
insert into STATION values (2779, '247', 4646, 261730.85, 451379.73, 433.11);
insert into STATION values (2780, '-', 4646, 261732.44, 451376.41, 432.92);
insert into STATION values (2781, '-', 4646, 261726.44, 451384.74, 434.57);
insert into STATION values (2782, '-', 4646, 261729.79, 451378.44, 442.13);
insert into STATION values (2783, '-', 4646, 261730.39, 451379.65, 432.22);
insert into STATION values (2784, '248', 4646, 261725.95, 451375.13, 431.85);
insert into STATION values (2785, '-', 4646, 261729.58, 451369.60, 431.42);
insert into STATION values (2786, '-', 4646, 261720.43, 451376.94, 435.29);
insert into STATION values (2787, '-', 4646, 261725.57, 451373.10, 441.12);
insert into STATION values (2788, '-', 4646, 261725.89, 451374.94, 431.01);
insert into STATION values (2789, '-', 4646, 261734.79, 451375.28, 427.41);
insert into STATION values (2790, '249', 4646, 261735.22, 451375.26, 427.21);
insert into STATION values (2791, '250', 4646, 261735.21, 451375.28, 427.24);
insert into STATION values (2792, '251', 4646, 261721.28, 451366.11, 435.48);
insert into STATION values (2793, '-', 4646, 261734.69, 451358.07, 435.31);
insert into STATION values (2794, '-', 4646, 261718.19, 451373.54, 436.31);
insert into STATION values (2795, '-', 4646, 261723.17, 451365.80, 442.43);
insert into STATION values (2796, '-', 4646, 261722.16, 451366.02, 434.17);
insert into STATION values (2797, '252', 4646, 261719.22, 451354.41, 443.24);
insert into STATION values (2798, '-', 4646, 261728.84, 451355.42, 443.73);
insert into STATION values (2799, '-', 4646, 261716.16, 451356.16, 443.38);
insert into STATION values (2800, '-', 4646, 261721.03, 451353.86, 446.93);
insert into STATION values (2801, '-', 4646, 261719.56, 451354.56, 442.67);
insert into STATION values (2802, '-', 4646, 261747.25, 451348.82, 464.68);
insert into STATION values (2803, '253', 4646, 261708.95, 451347.84, 441.89);
insert into STATION values (2804, '-', 4646, 261724.08, 451339.01, 450.06);
insert into STATION values (2805, '-', 4646, 261706.36, 451349.90, 441.00);
insert into STATION values (2806, '-', 4646, 261708.86, 451347.37, 443.92);
insert into STATION values (2807, '-', 4646, 261708.87, 451347.65, 440.99);
insert into STATION values (2808, '254', 4646, 261704.69, 451344.82, 439.96);
insert into STATION values (2809, '-', 4646, 261713.93, 451341.47, 447.38);
insert into STATION values (2810, '-', 4646, 261703.33, 451347.64, 439.88);
insert into STATION values (2811, '-', 4646, 261705.16, 451344.01, 443.82);
insert into STATION values (2812, '-', 4646, 261704.48, 451344.70, 439.55);
insert into STATION values (2813, '-', 4646, 261684.48, 451346.40, 424.83);
insert into STATION values (2814, '-', 4646, 261697.92, 451351.53, 430.99);
insert into STATION values (2815, '255', 4646, 261697.18, 451329.24, 442.18);
insert into STATION values (2816, '-', 4646, 261709.06, 451322.17, 449.34);
insert into STATION values (2817, '-', 4646, 261694.36, 451328.66, 443.15);
insert into STATION values (2818, '-', 4646, 261697.76, 451328.35, 445.07);
insert into STATION values (2819, '-', 4646, 261697.85, 451328.68, 441.53);
insert into STATION values (2820, '256', 4646, 261692.46, 451312.56, 439.13);
insert into STATION values (2821, '-', 4646, 261705.65, 451299.86, 453.29);
insert into STATION values (2822, '-', 4646, 261690.27, 451314.74, 439.03);
insert into STATION values (2823, '-', 4646, 261690.93, 451311.82, 445.90);
insert into STATION values (2824, '-', 4646, 261692.08, 451312.45, 437.70);
insert into STATION values (2825, '-', 4646, 261705.46, 451288.93, 462.31);
insert into STATION values (2826, '257', 4646, 261683.30, 451296.36, 441.63);
insert into STATION values (2827, '-', 4646, 261692.54, 451296.63, 443.90);
insert into STATION values (2828, '-', 4646, 261677.94, 451300.98, 443.00);
insert into STATION values (2829, '-', 4646, 261684.14, 451296.66, 445.95);
insert into STATION values (2830, '-', 4646, 261684.91, 451297.13, 439.97);
insert into STATION values (2831, '258', 4646, 261683.52, 451314.07, 441.21);
insert into STATION values (2832, '-', 4646, 261781.42, 451428.37, 442.72);
insert into STATION values (2833, '-', 4646, 261782.14, 451396.83, 446.30);
insert into STATION values (2834, '-', 4646, 261786.68, 451411.11, 457.49);
insert into STATION values (2835, '-', 4646, 261785.28, 451407.61, 439.56);
insert into STATION values (2836, '259', 4646, 261805.35, 451423.80, 438.45);
insert into STATION values (2837, '-', 4646, 261800.22, 451433.89, 439.86);
insert into STATION values (2838, '-', 4646, 261813.39, 451415.26, 444.22);
insert into STATION values (2839, '-', 4646, 261807.35, 451425.16, 446.36);
insert into STATION values (2840, '-', 4646, 261805.30, 451426.06, 435.24);
insert into STATION values (2841, '260', 4646, 261818.06, 451432.89, 440.19);
insert into STATION values (2842, '-', 4646, 261816.68, 451436.01, 441.56);
insert into STATION values (2843, '-', 4646, 261825.39, 451418.72, 446.12);
insert into STATION values (2844, '-', 4646, 261821.42, 451432.04, 453.14);
insert into STATION values (2845, '-', 4646, 261818.79, 451432.15, 438.57);
insert into STATION values (2846, '261', 4646, 261841.74, 451438.19, 442.56);
insert into STATION values (2847, '-', 4646, 261833.19, 451447.53, 447.01);
insert into STATION values (2848, '-', 4646, 261855.88, 451418.76, 446.17);
insert into STATION values (2849, '-', 4646, 261844.46, 451439.04, 454.02);
insert into STATION values (2850, '-', 4646, 261841.68, 451438.95, 441.58);
insert into STATION values (2851, '-', 4646, 261837.72, 451475.56, 444.73);
insert into STATION values (2852, '-', 4646, 261841.62, 451484.47, 446.58);
insert into STATION values (2853, '-', 4646, 261851.39, 451483.12, 447.37);
insert into STATION values (2854, '-', 4646, 261876.80, 451503.82, 448.87);
insert into STATION values (2855, '-', 4646, 261887.06, 451477.70, 442.62);
insert into STATION values (2856, '-', 4646, 261884.10, 451462.13, 443.29);
insert into STATION values (2857, '-', 4646, 261887.77, 451453.03, 442.59);
insert into STATION values (2858, '-', 4646, 261890.30, 451440.70, 444.30);
insert into STATION values (2859, '-', 4646, 261881.94, 451428.55, 445.63);
insert into STATION values (2860, '-', 4646, 261877.12, 451420.03, 443.94);
insert into STATION values (2861, '-', 4646, 261858.85, 451422.79, 444.49);
insert into STATION values (2862, '-', 4646, 261856.68, 451436.38, 454.95);
insert into STATION values (2863, '-', 4646, 261850.06, 451442.08, 456.38);
insert into STATION values (2864, '-', 4646, 261847.09, 451451.03, 458.35);
insert into STATION values (2865, '-', 4646, 261843.70, 451460.88, 457.87);
insert into STATION values (2866, '-', 4646, 261837.44, 451462.92, 452.82);
insert into STATION values (2867, '-', 4646, 261834.60, 451449.50, 446.78);
insert into STATION values (2868, '-', 4646, 261826.89, 451446.39, 452.55);
insert into STATION values (2869, '-', 4646, 261828.63, 451435.89, 452.61);
insert into STATION values (2870, '-', 4646, 261818.29, 451437.17, 442.23);
insert into STATION values (2871, '-', 4646, 261845.22, 451467.60, 424.20);
insert into STATION values (2872, '-', 4646, 261854.86, 451466.42, 418.36);
insert into STATION values (2873, '-', 4646, 261871.20, 451465.60, 413.66);
insert into STATION values (2874, '-', 4646, 261878.99, 451453.93, 416.61);
insert into STATION values (2875, '-', 4646, 261860.44, 451438.93, 429.55);
insert into STATION values (2876, '-', 4646, 261909.10, 451498.64, 441.31);
insert into STATION values (2877, '-', 4646, 261905.36, 451503.01, 439.99);
insert into STATION values (2878, '-', 4646, 261882.47, 451464.82, 444.55);
insert into STATION values (2879, '-', 4646, 261910.48, 451496.00, 440.69);
insert into STATION values (2880, '-', 4646, 261865.26, 451464.46, 475.12);
insert into STATION values (2881, '-', 4646, 261873.23, 451511.89, 455.32);
insert into STATION values (2882, '-', 4646, 261898.63, 451434.36, 445.05);
insert into STATION values (2883, '262', 4646, 261845.77, 451430.80, 442.73);
insert into STATION values (2884, '-', 4646, 261884.76, 451454.76, 442.20);
insert into STATION values (2885, '-', 4646, 261841.01, 451413.43, 443.90);
insert into STATION values (2886, '-', 4646, 261847.00, 451429.90, 453.59);
insert into STATION values (2887, '-', 4646, 261845.99, 451430.42, 441.07);
insert into STATION values (2888, '-', 4646, 261858.11, 451423.45, 445.84);
insert into STATION values (2889, '-', 4646, 261852.21, 451422.00, 449.05);
insert into STATION values (2890, '-', 4646, 261842.96, 451422.67, 450.03);
insert into STATION values (2891, '-', 4646, 261838.56, 451425.39, 450.66);
insert into STATION values (2892, '-', 4646, 261843.83, 451427.23, 452.43);
insert into STATION values (2893, '-', 4646, 261848.67, 451428.31, 452.85);
insert into STATION values (2894, '-', 4646, 261855.44, 451428.16, 453.04);
insert into STATION values (2895, '-', 4646, 261860.25, 451429.79, 452.55);
insert into STATION values (2896, '263', 4646, 261849.82, 451417.60, 438.68);
insert into STATION values (2897, '-', 4646, 261882.45, 451465.81, 446.44);
insert into STATION values (2898, '-', 4646, 261851.18, 451405.93, 435.88);
insert into STATION values (2899, '-', 4646, 261850.43, 451416.49, 447.69);
insert into STATION values (2900, '-', 4646, 261849.56, 451417.22, 437.30);
insert into STATION values (2901, '-', 4646, 261853.64, 451383.54, 447.57);
insert into STATION values (2902, '264', 4646, 261863.91, 451416.76, 437.18);
insert into STATION values (2903, '-', 4646, 261883.30, 451452.25, 455.58);
insert into STATION values (2904, '-', 4646, 261865.10, 451410.47, 437.04);
insert into STATION values (2905, '-', 4646, 261864.22, 451416.89, 442.90);
insert into STATION values (2906, '-', 4646, 261864.44, 451415.50, 435.46);
insert into STATION values (2907, '265', 4646, 261874.76, 451423.43, 441.05);
insert into STATION values (2908, '-', 4646, 261863.07, 451467.29, 465.06);
insert into STATION values (2909, '-', 4646, 261878.68, 451415.10, 441.27);
insert into STATION values (2910, '-', 4646, 261874.52, 451423.49, 447.16);
insert into STATION values (2911, '-', 4646, 261874.53, 451421.41, 439.26);
insert into STATION values (2912, '266', 4646, 261881.66, 451431.49, 442.53);
insert into STATION values (2913, '-', 4646, 261889.67, 451443.86, 444.71);
insert into STATION values (2914, '-', 4646, 261881.79, 451426.09, 442.49);
insert into STATION values (2915, '-', 4646, 261882.46, 451431.40, 451.51);
insert into STATION values (2916, '-', 4646, 261882.13, 451431.40, 441.70);
insert into STATION values (2917, '267', 4646, 261900.27, 451432.19, 443.30);
insert into STATION values (2918, '-', 4646, 261900.47, 451434.04, 444.08);
insert into STATION values (2919, '-', 4646, 261894.73, 451426.25, 444.51);
insert into STATION values (2920, '-', 4646, 261900.65, 451430.17, 447.72);
insert into STATION values (2921, '-', 4646, 261900.25, 451430.68, 441.11);
insert into STATION values (2922, '268', 4646, 261921.32, 451434.82, 453.79);
insert into STATION values (2923, '-', 4646, 261919.34, 451439.17, 456.43);
insert into STATION values (2924, '-', 4646, 261924.92, 451422.88, 457.13);
insert into STATION values (2925, '-', 4646, 261920.69, 451435.13, 461.55);
insert into STATION values (2926, '-', 4646, 261920.14, 451433.38, 451.90);
insert into STATION values (2927, '269', 4646, 261927.61, 451439.70, 456.11);
insert into STATION values (2928, '-', 4646, 261925.20, 451447.29, 457.94);
insert into STATION values (2929, '-', 4646, 261937.34, 451428.80, 457.80);
insert into STATION values (2930, '-', 4646, 261928.30, 451439.59, 470.40);
insert into STATION values (2931, '-', 4646, 261928.65, 451439.92, 454.81);
insert into STATION values (2932, '-', 4646, 261929.44, 451453.51, 454.91);
insert into STATION values (2933, '-', 4646, 261931.23, 451447.14, 460.79);
insert into STATION values (2934, '-', 4646, 261935.28, 451448.12, 463.37);
insert into STATION values (2935, '-', 4646, 261938.72, 451445.40, 463.26);
insert into STATION values (2936, '-', 4646, 261940.66, 451442.18, 462.18);
insert into STATION values (2937, '-', 4646, 261942.30, 451437.95, 460.87);
insert into STATION values (2938, '-', 4646, 261940.40, 451430.66, 459.17);
insert into STATION values (2939, '-', 4646, 261934.39, 451425.59, 457.38);
insert into STATION values (2940, '-', 4646, 261927.76, 451423.09, 456.81);
insert into STATION values (2941, '-', 4646, 261929.00, 451435.26, 465.27);
insert into STATION values (2942, '-', 4646, 261926.64, 451437.65, 472.17);
insert into STATION values (2943, '-', 4646, 261923.69, 451442.25, 474.02);
insert into STATION values (2944, '-', 4646, 261923.03, 451443.77, 466.79);
insert into STATION values (2945, '-', 4646, 261921.48, 451444.00, 463.57);
insert into STATION values (2946, '-', 4646, 261923.15, 451437.81, 464.04);
insert into STATION values (2947, '-', 4646, 261925.99, 451438.54, 468.69);
insert into STATION values (2948, '270', 4646, 261926.26, 451449.54, 455.67);
insert into STATION values (2949, '-', 4646, 261924.41, 451449.45, 455.45);
insert into STATION values (2950, '-', 4646, 261926.64, 451449.98, 455.88);
insert into STATION values (2951, '-', 4646, 261926.77, 451449.01, 457.71);
insert into STATION values (2952, '-', 4646, 261926.34, 451451.98, 451.42);
insert into STATION values (2953, '271', 4646, 261924.70, 451450.89, 452.43);
insert into STATION values (2954, '-', 4646, 261922.42, 451449.62, 451.40);
insert into STATION values (2955, '-', 4646, 261925.61, 451451.70, 452.53);
insert into STATION values (2956, '-', 4646, 261924.69, 451450.94, 453.23);
insert into STATION values (2957, '-', 4646, 261924.68, 451451.18, 451.67);
insert into STATION values (2958, '272', 4646, 261920.41, 451450.48, 449.88);
insert into STATION values (2959, '-', 4646, 261917.47, 451448.42, 450.82);
insert into STATION values (2960, '-', 4646, 261921.34, 451453.16, 449.97);
insert into STATION values (2961, '-', 4646, 261919.03, 451449.60, 457.19);
insert into STATION values (2962, '-', 4646, 261919.58, 451451.81, 447.97);
insert into STATION values (2963, '273', 4646, 261900.84, 451462.34, 442.84);
insert into STATION values (2964, '-', 4646, 261898.68, 451462.96, 442.92);
insert into STATION values (2965, '-', 4646, 261918.51, 451451.51, 447.84);
insert into STATION values (2966, '-', 4646, 261900.26, 451462.35, 446.84);
insert into STATION values (2967, '-', 4646, 261900.94, 451461.31, 441.70);
insert into STATION values (2968, '-', 4646, 261903.67, 451437.50, 458.10);
insert into STATION values (2969, '-', 4646, 261904.94, 451448.58, 459.81);
insert into STATION values (2970, '274', 4646, 261901.76, 451475.50, 438.24);
insert into STATION values (2971, '-', 4646, 261896.56, 451475.28, 439.69);
insert into STATION values (2972, '-', 4646, 261909.77, 451477.07, 441.21);
insert into STATION values (2973, '-', 4646, 261902.81, 451476.78, 444.26);
insert into STATION values (2974, '-', 4646, 261901.76, 451475.68, 437.41);
insert into STATION values (2975, '275', 4646, 261888.37, 451483.73, 434.96);
insert into STATION values (2976, '-', 4646, 261888.95, 451478.45, 437.98);
insert into STATION values (2977, '-', 4646, 261880.37, 451497.62, 438.13);
insert into STATION values (2978, '-', 4646, 261887.73, 451485.08, 445.90);
insert into STATION values (2979, '-', 4646, 261887.81, 451484.17, 433.23);
insert into STATION values (2980, '276', 4646, 261878.21, 451485.05, 435.86);
insert into STATION values (2981, '-', 4646, 261886.01, 451474.07, 445.03);
insert into STATION values (2982, '-', 4646, 261880.86, 451499.95, 448.89);
insert into STATION values (2983, '-', 4646, 261874.75, 451484.17, 452.87);
insert into STATION values (2984, '-', 4646, 261877.87, 451484.88, 434.67);
insert into STATION values (2985, '-', 4646, 261882.75, 451477.84, 444.17);
insert into STATION values (2986, '-', 4646, 261880.81, 451480.26, 448.72);
insert into STATION values (2987, '-', 4646, 261877.25, 451483.30, 448.73);
insert into STATION values (2988, '-', 4646, 261870.13, 451488.54, 453.04);
insert into STATION values (2989, '-', 4646, 261865.70, 451491.71, 452.43);
insert into STATION values (2990, '-', 4646, 261861.10, 451498.85, 451.93);
insert into STATION values (2991, '-', 4646, 261857.46, 451503.89, 450.93);
insert into STATION values (2992, '-', 4646, 261873.52, 451488.54, 436.65);
insert into STATION values (2993, '277', 4646, 261895.81, 451490.93, 431.98);
insert into STATION values (2994, '-', 4646, 261887.24, 451502.06, 435.71);
insert into STATION values (2995, '-', 4646, 261903.85, 451486.35, 436.73);
insert into STATION values (2996, '-', 4646, 261896.06, 451492.01, 443.22);
insert into STATION values (2997, '-', 4646, 261900.19, 451493.89, 426.28);
insert into STATION values (2998, '278', 4646, 261906.01, 451500.88, 431.67);
insert into STATION values (2999, '-', 4646, 261899.98, 451508.58, 433.70);
insert into STATION values (3000, '-', 4646, 261910.28, 451494.81, 435.25);
insert into STATION values (3001, '-', 4646, 261905.82, 451502.71, 441.34);
insert into STATION values (3002, '-', 4646, 261906.19, 451501.15, 430.53);
insert into STATION values (3003, '279', 4646, 261918.11, 451512.91, 432.16);
insert into STATION values (3004, '-', 4646, 261912.96, 451520.02, 437.29);
insert into STATION values (3005, '-', 4646, 261925.02, 451503.12, 439.16);
insert into STATION values (3006, '-', 4646, 261919.12, 451515.87, 450.86);
insert into STATION values (3007, '-', 4646, 261918.16, 451513.28, 431.22);
insert into STATION values (3008, '-', 4646, 261916.60, 451523.56, 435.97);
insert into STATION values (3009, '280', 4646, 261916.56, 451523.65, 436.03);
insert into STATION values (3010, '-', 4646, 261911.15, 451523.67, 438.85);
insert into STATION values (3011, '-', 4646, 261923.72, 451510.50, 436.56);
insert into STATION values (3012, '-', 4646, 261919.81, 451523.41, 445.97);
insert into STATION values (3013, '-', 4646, 261916.89, 451523.21, 434.83);
insert into STATION values (3014, '281', 4646, 261906.11, 451535.82, 440.62);
insert into STATION values (3015, '282', 4646, 261930.55, 451528.03, 438.50);
insert into STATION values (3016, '-', 4646, 261928.54, 451531.15, 439.43);
insert into STATION values (3017, '-', 4646, 261928.32, 451531.19, 439.20);
insert into STATION values (3018, '-', 4646, 261942.33, 451519.75, 442.15);
insert into STATION values (3019, '-', 4646, 261933.08, 451526.34, 446.10);
insert into STATION values (3020, '-', 4646, 261931.46, 451527.78, 437.34);
insert into STATION values (3021, '283', 4646, 261947.36, 451510.25, 449.10);
insert into STATION values (3022, '284', 4646, 261939.14, 451537.93, 439.03);
insert into STATION values (3023, '-', 4646, 261927.87, 451548.80, 440.31);
insert into STATION values (3024, '-', 4646, 261948.37, 451535.56, 439.57);
insert into STATION values (3025, '-', 4646, 261940.04, 451539.17, 444.93);
insert into STATION values (3026, '-', 4646, 261939.08, 451538.51, 438.15);
insert into STATION values (3027, '285', 4646, 261948.76, 451558.32, 435.48);
insert into STATION values (3028, '-', 4646, 261941.83, 451562.34, 437.29);
insert into STATION values (3029, '-', 4646, 261957.63, 451553.88, 441.60);
insert into STATION values (3030, '-', 4646, 261949.43, 451559.41, 444.92);
insert into STATION values (3031, '-', 4646, 261949.79, 451559.78, 433.53);
insert into STATION values (3032, '-', 4646, 261948.86, 451558.14, 435.56);
insert into STATION values (3033, '286', 4646, 261953.50, 451548.71, 439.90);
insert into STATION values (3034, '287', 4646, 261947.09, 451581.78, 433.11);
insert into STATION values (3035, '-', 4646, 261941.23, 451580.21, 433.21);
insert into STATION values (3036, '-', 4646, 261959.27, 451584.59, 439.94);
insert into STATION values (3037, '-', 4646, 261947.66, 451582.67, 441.12);
insert into STATION values (3038, '-', 4646, 261946.94, 451581.67, 432.41);
insert into STATION values (3039, '1', 5160, 260139.82, 449576.98, 137.04);
insert into STATION values (3040, '2', 5160, 260157.58, 449585.26, 136.36);
insert into STATION values (3041, '3', 5160, 260189.65, 449629.41, 132.54);
insert into STATION values (3042, '4', 5160, 260204.23, 449669.47, 136.28);
insert into STATION values (3043, '5', 5160, 260224.78, 449662.80, 145.00);
insert into STATION values (3044, '6', 5160, 260249.76, 449675.52, 143.04);
insert into STATION values (3045, '7', 5160, 260258.64, 449677.09, 136.24);
insert into STATION values (3046, '8', 5160, 260267.76, 449668.29, 135.36);
insert into STATION values (3047, '9', 5160, 260254.16, 449660.17, 147.93);
insert into STATION values (3048, '10', 5160, 260259.88, 449662.48, 144.22);
insert into STATION values (3049, '11', 5160, 260265.04, 449663.03, 145.71);
insert into STATION values (3050, '12', 5160, 260271.45, 449667.35, 149.48);
insert into STATION values (3051, '0a', 5160, 260144.16, 449660.66, 96.14);
insert into STATION values (3052, '1a', 5160, 260145.17, 449654.19, 98.60);
insert into STATION values (3053, '2a', 5160, 260151.87, 449638.78, 96.80);
insert into STATION values (3054, '3a', 5160, 260157.55, 449635.53, 101.05);
insert into STATION values (3055, '4a', 5160, 260149.45, 449616.44, 109.22);
insert into STATION values (3056, '5a', 5160, 260153.20, 449601.81, 118.65);
insert into STATION values (3057, '6a', 5160, 260154.05, 449585.57, 128.47);
insert into STATION values (3058, '13', 5160, 260132.94, 449558.06, 147.30);
insert into STATION values (3059, '14', 5160, 260112.81, 449546.90, 163.42);
insert into STATION values (3060, '15', 5160, 260109.16, 449540.33, 172.39);
insert into STATION values (3061, '16', 5160, 260135.29, 449553.98, 146.39);
insert into STATION values (3062, '17', 5160, 260141.47, 449555.64, 146.17);
insert into STATION values (3063, '18', 5160, 260142.92, 449558.36, 150.11);
insert into STATION values (3064, '19', 5160, 260146.90, 449558.92, 152.72);
insert into STATION values (3065, '20', 5160, 260159.83, 449548.44, 157.81);
insert into STATION values (3066, '21', 5160, 260149.09, 449544.10, 158.21);
insert into STATION values (3067, '22', 5160, 260141.62, 449543.05, 153.86);
insert into STATION values (3068, '23', 5160, 260173.67, 449556.43, 155.85);
insert into STATION values (3069, '24', 5160, 260187.95, 449569.75, 154.14);
insert into STATION values (3070, '25', 5160, 260203.51, 449580.24, 162.88);
insert into STATION values (3071, '26a', 5160, 260210.47, 449575.18, 165.85);
insert into STATION values (3072, '26', 5160, 260207.20, 449548.67, 168.12);
insert into STATION values (3073, '27', 5160, 260226.39, 449530.83, 184.39);
insert into STATION values (3074, '28', 5160, 260233.72, 449521.73, 181.55);
insert into STATION values (3075, '29', 5160, 260232.83, 449512.15, 178.09);
insert into STATION values (3076, '30', 5160, 260233.17, 449501.57, 178.60);
insert into STATION values (3077, '31', 5160, 260234.49, 449492.20, 180.26);
insert into STATION values (3078, '32', 5160, 260241.85, 449489.23, 182.52);
insert into STATION values (3079, '33', 5160, 260229.80, 449468.19, 186.23);
insert into STATION values (3080, '34', 5160, 260222.55, 449442.91, 188.53);
insert into STATION values (3081, '35', 5160, 260220.25, 449471.71, 183.09);
insert into STATION values (3082, '36', 5160, 260217.86, 449465.96, 179.83);
insert into STATION values (3083, '37', 5160, 260216.28, 449467.14, 178.35);
insert into STATION values (3084, '38', 5160, 260206.55, 449455.31, 177.41);
insert into STATION values (3085, '39', 5160, 260183.68, 449457.68, 166.98);
insert into STATION values (3086, '40', 5160, 260170.74, 449442.27, 165.22);
insert into STATION values (3087, '41', 5160, 260184.55, 449505.00, 150.51);
insert into STATION values (3088, '42', 5160, 260182.08, 449511.87, 149.34);
insert into STATION values (3089, '43', 5160, 260182.83, 449523.41, 155.44);
insert into STATION values (3090, '44', 5160, 260184.72, 449543.36, 156.92);
insert into STATION values (3091, '45', 5160, 260177.23, 449547.01, 157.46);
insert into STATION values (3092, '46', 5160, 260230.33, 449594.08, 194.09);
insert into STATION values (3093, '47', 5160, 260210.81, 449522.94, 161.16);
insert into STATION values (3094, '48', 5160, 260255.02, 449512.04, 184.36);
insert into STATION values (3095, '49', 5160, 260268.03, 449534.59, 182.54);
insert into STATION values (3096, '50', 5160, 260282.25, 449536.08, 182.04);
insert into STATION values (3097, '51', 5160, 260295.29, 449552.19, 183.85);
insert into STATION values (3098, '52', 5160, 260306.96, 449575.08, 183.85);
insert into STATION values (3099, '53', 5160, 260298.71, 449594.51, 183.85);
insert into STATION values (3100, '54', 5160, 260294.42, 449605.68, 183.01);
insert into STATION values (3101, '55', 5160, 260300.85, 449531.44, 195.46);
insert into STATION values (3102, '56', 5160, 260307.59, 449530.62, 197.15);
insert into STATION values (3103, '57', 5160, 260310.41, 449537.61, 196.23);
insert into STATION values (3104, '58', 5160, 260305.59, 449543.79, 195.26);
insert into STATION values (3105, '59', 5160, 260315.03, 449554.65, 199.12);
insert into STATION values (3106, '60', 5160, 260318.42, 449547.15, 195.14);
insert into STATION values (3107, '61', 5160, 260328.00, 449554.37, 195.14);
insert into STATION values (3108, '62', 5160, 260311.47, 449520.50, 205.03);
insert into STATION values (3109, '63', 5160, 260305.48, 449518.20, 210.61);
insert into STATION values (3110, '64', 5160, 260303.28, 449513.86, 216.83);
insert into STATION values (3111, '65', 5160, 260303.79, 449508.95, 219.24);
insert into STATION values (3112, '66', 5160, 260300.12, 449503.70, 218.11);
insert into STATION values (3113, '67', 5160, 260291.92, 449479.89, 225.34);
insert into STATION values (3114, '68', 5160, 260294.10, 449500.62, 203.76);
insert into STATION values (3115, '69', 5160, 260275.90, 449427.49, 224.38);
insert into STATION values (3116, '70', 5160, 260271.53, 449422.09, 228.72);
insert into STATION values (3117, '71', 5160, 260272.02, 449419.31, 231.27);
insert into STATION_FLAG values(3117, 'ent');
insert into STATION values (3118, '72', 5160, 260317.69, 449500.27, 207.77);
insert into STATION values (3119, '73', 5160, 260298.76, 449551.29, 202.33);
insert into STATION values (3120, '74', 5160, 260303.92, 449571.99, 205.71);
insert into STATION values (3121, '75', 5160, 260302.25, 449595.94, 216.91);
insert into STATION values (3122, '76', 5160, 260303.90, 449602.10, 222.07);
insert into STATION values (3123, '77', 5160, 260303.95, 449597.97, 214.77);
insert into STATION values (3124, '78', 5160, 260301.64, 449600.53, 212.36);
insert into STATION values (3125, '79', 5160, 260301.64, 449600.53, 199.66);
insert into STATION values (3126, '80', 5160, 260298.10, 449524.30, 196.26);
insert into STATION values (3127, '81', 5160, 260297.08, 449512.65, 195.86);
insert into STATION values (3128, '82', 5160, 260293.53, 449505.97, 196.65);
insert into STATION values (3129, '83', 5160, 260290.27, 449502.60, 198.64);
insert into STATION values (3130, '84', 5160, 260289.47, 449494.91, 199.73);
insert into STATION values (3131, '85', 5160, 260286.13, 449489.78, 197.86);
insert into STATION values (3132, '86', 5160, 260278.59, 449490.31, 194.95);
insert into STATION values (3133, '87', 5160, 260275.30, 449481.27, 201.44);
insert into STATION values (3134, '88', 5160, 260277.75, 449474.53, 205.42);
insert into STATION values (3135, '89', 5160, 260279.82, 449466.23, 213.68);
insert into STATION values (3136, '90', 5160, 260286.01, 449488.28, 204.01);
insert into STATION values (3137, '91', 5160, 260291.40, 449473.47, 224.19);
insert into STATION values (3138, '92', 5160, 260235.89, 449537.24, 185.39);
insert into STATION values (3139, '93', 5160, 260240.78, 449532.18, 183.10);
insert into STATION values (3140, '94', 5160, 260241.28, 449524.91, 184.39);
insert into STATION values (3141, '95', 5160, 260245.31, 449525.84, 183.66);
insert into STATION values (3142, '48a', 5160, 260249.97, 449513.06, 195.91);
insert into STATION values (3143, '96', 5160, 260233.01, 449549.02, 183.04);
insert into STATION values (3144, '97', 5160, 260231.93, 449564.42, 181.69);
insert into STATION values (3145, '98', 5160, 260234.99, 449567.38, 181.09);
insert into STATION values (3146, '99', 5160, 260238.35, 449577.11, 181.45);
insert into STATION values (3147, '0', 5547, 261001.76, 450668.92, 133.27);
insert into STATION values (3148, '1', 5547, 261014.65, 450681.14, 139.08);
insert into STATION values (3149, '2', 5547, 261024.18, 450684.12, 146.88);
insert into STATION values (3150, '3', 5547, 261036.11, 450690.96, 156.15);
insert into STATION values (3151, '4', 5547, 261057.73, 450700.21, 167.39);
insert into STATION values (3152, '5', 5547, 261084.33, 450690.16, 175.79);
insert into STATION values (3153, '6', 5547, 261099.09, 450697.61, 184.63);
insert into STATION values (3154, '7', 5547, 261107.59, 450704.01, 184.84);
insert into STATION values (3155, '8', 5547, 261136.19, 450710.73, 173.67);
insert into STATION values (3156, '9', 5547, 261153.49, 450724.12, 170.94);
insert into STATION values (3157, '10', 5547, 261156.80, 450733.84, 171.60);
insert into STATION values (3158, '11', 5547, 261183.28, 450746.92, 179.99);
insert into STATION values (3159, '12', 5547, 261219.16, 450755.40, 174.65);
insert into STATION values (3160, '13', 5547, 261255.04, 450764.64, 175.20);
insert into STATION values (3161, '14', 5547, 261281.25, 450763.47, 175.08);
insert into STATION values (3162, '15', 5547, 261285.92, 450759.49, 173.75);
insert into STATION values (3163, '-', 5547, 261010.09, 450687.94, 159.21);
insert into STATION values (3164, '-', 5547, 261001.23, 450674.85, 155.37);
insert into STATION values (3165, '-', 5547, 260998.57, 450668.70, 154.34);
insert into STATION values (3166, '-', 5547, 260994.87, 450659.44, 155.84);
insert into STATION values (3167, '-', 5547, 261000.55, 450665.31, 174.23);
insert into STATION values (3168, '-', 5547, 261001.32, 450668.69, 132.09);
insert into STATION values (3169, '-', 5547, 260983.92, 450677.60, 135.72);
insert into STATION values (3170, '-', 5547, 260967.52, 450689.91, 105.34);
insert into STATION values (3171, '-', 5547, 260989.41, 450715.09, 122.12);
insert into STATION values (3172, '-', 5547, 261007.39, 450717.25, 137.10);
insert into STATION values (3173, '-', 5547, 261026.35, 450720.81, 148.27);
insert into STATION values (3174, '-', 5547, 261036.90, 450711.38, 165.39);
insert into STATION values (3175, '-', 5547, 260980.88, 450663.64, 130.31);
insert into STATION values (3176, '-', 5547, 260972.85, 450653.57, 114.62);
insert into STATION values (3177, '-', 5547, 260965.75, 450664.44, 104.06);
insert into STATION values (3178, '-', 5547, 260990.53, 450662.31, 121.38);
insert into STATION values (3179, '-', 5547, 260974.99, 450640.21, 135.22);
insert into STATION values (3180, '-', 5547, 260985.56, 450627.69, 116.05);
insert into STATION values (3181, '-', 5547, 260987.98, 450652.89, 153.03);
insert into STATION values (3182, '-', 5547, 261003.66, 450647.78, 143.46);
insert into STATION values (3183, '-', 5547, 261013.14, 450650.73, 143.29);
insert into STATION values (3184, '-', 5547, 261005.78, 450664.78, 132.53);
insert into STATION values (3185, '-', 5547, 261003.94, 450661.44, 130.53);
insert into STATION values (3186, '-', 5547, 260999.28, 450652.13, 126.11);
insert into STATION values (3187, '-', 5547, 260977.11, 450616.71, 121.70);
insert into STATION values (3188, '-', 5547, 260967.54, 450631.06, 129.37);
insert into STATION values (3189, '-', 5547, 260991.45, 450654.16, 118.99);
insert into STATION values (3190, '-', 5547, 261001.35, 450665.44, 130.64);
insert into STATION values (3191, '-', 5547, 261015.11, 450679.64, 167.38);
insert into STATION values (3192, '-', 5547, 261015.40, 450686.37, 164.95);
insert into STATION values (3193, '-', 5547, 261019.91, 450670.24, 170.63);
insert into STATION values (3194, '-', 5547, 261026.64, 450662.71, 161.53);
insert into STATION values (3195, '-', 5547, 261014.09, 450681.65, 137.88);
insert into STATION values (3196, '-', 5547, 261012.10, 450720.26, 139.15);
insert into STATION values (3197, '-', 5547, 261014.10, 450718.84, 141.26);
insert into STATION values (3198, '-', 5547, 261014.93, 450700.76, 155.84);
insert into STATION values (3199, '-', 5547, 260978.01, 450685.54, 120.80);
insert into STATION values (3200, '-', 5547, 260986.63, 450707.70, 123.06);
insert into STATION values (3201, '-', 5547, 261034.88, 450711.17, 160.17);
insert into STATION values (3202, '-', 5547, 261041.16, 450709.45, 172.61);
insert into STATION values (3203, '-', 5547, 261013.00, 450647.55, 142.07);
insert into STATION values (3204, '-', 5547, 261019.66, 450659.79, 158.96);
insert into STATION values (3205, '-', 5547, 261018.61, 450652.34, 148.28);
insert into STATION values (3206, '-', 5547, 260980.14, 450620.51, 125.23);
insert into STATION values (3207, '-', 5547, 260982.70, 450652.22, 132.00);
insert into STATION values (3208, '-', 5547, 261043.40, 450682.32, 165.76);
insert into STATION values (3209, '-', 5547, 261022.89, 450683.84, 174.53);
insert into STATION values (3210, '-', 5547, 261019.29, 450694.87, 164.91);
insert into STATION values (3211, '-', 5547, 261017.83, 450683.62, 168.56);
insert into STATION values (3212, '-', 5547, 261018.34, 450668.23, 171.94);
insert into STATION values (3213, '-', 5547, 261023.35, 450685.29, 144.33);
insert into STATION values (3214, '-', 5547, 261003.07, 450713.58, 134.87);
insert into STATION values (3215, '-', 5547, 261013.51, 450721.14, 139.92);
insert into STATION values (3216, '-', 5547, 261017.61, 450704.90, 156.17);
insert into STATION values (3217, '-', 5547, 261004.53, 450687.80, 150.94);
insert into STATION values (3218, '-', 5547, 261031.83, 450651.62, 152.28);
insert into STATION values (3219, '-', 5547, 261018.58, 450660.61, 162.86);
insert into STATION values (3220, '-', 5547, 261019.79, 450644.80, 144.92);
insert into STATION values (3221, '-', 5547, 261035.60, 450671.03, 147.09);
insert into STATION values (3222, '-', 5547, 261039.96, 450632.23, 154.54);
insert into STATION values (3223, '-', 5547, 261039.86, 450677.54, 155.35);
insert into STATION values (3224, '-', 5547, 261076.95, 450684.92, 190.35);
insert into STATION values (3225, '-', 5547, 261037.23, 450687.99, 192.85);
insert into STATION values (3226, '-', 5547, 261031.94, 450702.55, 174.32);
insert into STATION values (3227, '-', 5547, 261034.99, 450697.73, 184.13);
insert into STATION values (3228, '-', 5547, 261052.15, 450685.71, 194.72);
insert into STATION values (3229, '-', 5547, 261046.64, 450681.78, 172.96);
insert into STATION values (3230, '-', 5547, 261035.60, 450691.21, 155.16);
insert into STATION values (3231, '-', 5547, 261029.69, 450715.31, 154.80);
insert into STATION values (3232, '-', 5547, 261029.74, 450712.47, 156.28);
insert into STATION values (3233, '-', 5547, 261030.63, 450706.06, 167.51);
insert into STATION values (3234, '-', 5547, 261000.75, 450681.92, 151.48);
insert into STATION values (3235, '-', 5547, 261039.73, 450677.85, 156.05);
insert into STATION values (3236, '-', 5547, 261032.23, 450678.28, 158.64);
insert into STATION values (3237, '-', 5547, 261027.02, 450673.15, 157.77);
insert into STATION values (3238, '-', 5547, 261011.60, 450657.05, 156.49);
insert into STATION values (3239, '-', 5547, 260996.62, 450658.85, 156.45);
insert into STATION values (3240, '-', 5547, 260998.66, 450666.99, 154.02);
insert into STATION values (3241, '-', 5547, 261058.31, 450704.40, 198.58);
insert into STATION values (3242, '-', 5547, 261054.23, 450713.12, 183.81);
insert into STATION values (3243, '-', 5547, 261053.83, 450709.35, 193.64);
insert into STATION values (3244, '-', 5547, 261054.15, 450699.82, 197.03);
insert into STATION values (3245, '-', 5547, 261068.11, 450694.77, 203.04);
insert into STATION values (3246, '-', 5547, 261067.99, 450685.10, 189.40);
insert into STATION values (3247, '-', 5547, 261060.23, 450701.81, 163.83);
insert into STATION values (3248, '-', 5547, 261049.74, 450720.27, 167.92);
insert into STATION values (3249, '-', 5547, 261048.61, 450730.42, 153.51);
insert into STATION values (3250, '-', 5547, 261056.22, 450757.35, 138.07);
insert into STATION values (3251, '-', 5547, 261053.39, 450717.58, 175.54);
insert into STATION values (3252, '-', 5547, 261037.99, 450711.81, 165.92);
insert into STATION values (3253, '-', 5547, 261057.88, 450699.90, 167.48);
insert into STATION values (3254, '-', 5547, 261073.44, 450674.76, 188.78);
insert into STATION values (3255, '-', 5547, 261064.80, 450680.35, 176.39);
insert into STATION values (3256, '-', 5547, 261058.44, 450683.50, 170.81);
insert into STATION values (3257, '-', 5547, 261049.36, 450683.27, 169.39);
insert into STATION values (3258, '-', 5547, 261007.45, 450694.11, 151.14);
insert into STATION values (3259, '-', 5547, 261070.44, 450670.08, 186.67);
insert into STATION values (3260, '-', 5547, 261077.91, 450695.98, 206.11);
insert into STATION values (3261, '-', 5547, 261086.09, 450722.90, 211.72);
insert into STATION values (3262, '-', 5547, 261082.18, 450699.12, 207.66);
insert into STATION values (3263, '-', 5547, 261086.79, 450688.78, 191.87);
insert into STATION values (3264, '-', 5547, 261087.12, 450685.98, 186.10);
insert into STATION values (3265, '-', 5547, 261082.12, 450691.76, 172.40);
insert into STATION values (3266, '-', 5547, 261084.52, 450725.46, 174.89);
insert into STATION values (3267, '-', 5547, 261058.64, 450683.63, 181.35);
insert into STATION values (3268, '-', 5547, 261029.16, 450697.32, 177.13);
insert into STATION values (3269, '-', 5547, 261041.18, 450709.18, 173.56);
insert into STATION values (3270, '-', 5547, 261053.15, 450717.93, 174.04);
insert into STATION values (3271, '-', 5547, 261067.49, 450721.69, 175.89);
insert into STATION values (3272, '-', 5547, 261074.55, 450721.70, 176.72);
insert into STATION values (3273, '-', 5547, 261086.83, 450725.00, 177.57);
insert into STATION values (3274, '-', 5547, 261107.33, 450729.83, 186.75);
insert into STATION values (3275, '-', 5547, 261007.98, 450691.42, 202.87);
insert into STATION values (3276, '-', 5547, 261082.93, 450663.10, 177.32);
insert into STATION values (3277, '-', 5547, 261091.99, 450672.00, 174.02);
insert into STATION values (3278, '-', 5547, 261086.51, 450666.41, 179.11);
insert into STATION values (3279, '-', 5547, 261077.85, 450671.93, 184.61);
insert into STATION values (3280, '-', 5547, 261069.18, 450679.03, 188.46);
insert into STATION values (3281, '-', 5547, 261100.22, 450712.37, 221.34);
insert into STATION values (3282, '-', 5547, 261101.40, 450694.49, 191.18);
insert into STATION values (3283, '-', 5547, 261097.94, 450697.67, 198.45);
insert into STATION values (3284, '-', 5547, 261087.35, 450702.85, 210.82);
insert into STATION values (3285, '-', 5547, 261081.40, 450712.08, 210.77);
insert into STATION values (3286, '-', 5547, 261093.61, 450725.32, 220.24);
insert into STATION values (3287, '-', 5547, 261100.42, 450698.35, 181.94);
insert into STATION values (3288, '-', 5547, 261073.59, 450721.44, 184.70);
insert into STATION values (3289, '-', 5547, 261096.06, 450726.64, 199.41);
insert into STATION values (3290, '-', 5547, 261097.28, 450728.36, 182.86);
insert into STATION values (3291, '-', 5547, 261111.00, 450736.95, 194.94);
insert into STATION values (3292, '-', 5547, 261049.47, 450714.73, 178.21);
insert into STATION values (3293, '-', 5547, 261105.04, 450691.07, 187.20);
insert into STATION values (3294, '-', 5547, 261109.64, 450691.51, 189.46);
insert into STATION values (3295, '-', 5547, 261108.70, 450705.70, 211.79);
insert into STATION values (3296, '-', 5547, 261107.02, 450737.16, 228.08);
insert into STATION values (3297, '-', 5547, 261106.74, 450715.25, 224.04);
insert into STATION values (3298, '-', 5547, 261106.12, 450703.66, 209.84);
insert into STATION values (3299, '-', 5547, 261107.71, 450696.92, 197.72);
insert into STATION values (3300, '-', 5547, 261126.41, 450701.64, 203.89);
insert into STATION values (3301, '-', 5547, 261108.64, 450703.36, 182.93);
insert into STATION values (3302, '-', 5547, 261097.81, 450726.72, 185.35);
insert into STATION values (3303, '-', 5547, 261108.89, 450733.75, 202.50);
insert into STATION values (3304, '-', 5547, 261154.84, 450733.76, 200.14);
insert into STATION values (3305, '-', 5547, 261112.34, 450699.97, 185.73);
insert into STATION values (3306, '-', 5547, 261107.43, 450693.20, 192.02);
insert into STATION values (3307, '-', 5547, 261107.26, 450692.39, 190.20);
insert into STATION values (3308, '-', 5547, 261141.00, 450723.67, 230.18);
insert into STATION values (3309, '-', 5547, 261142.09, 450738.41, 203.11);
insert into STATION values (3310, '-', 5547, 261125.02, 450742.64, 227.53);
insert into STATION values (3311, '-', 5547, 261099.62, 450728.32, 225.98);
insert into STATION values (3312, '-', 5547, 261116.31, 450721.55, 229.06);
insert into STATION values (3313, '-', 5547, 261104.72, 450716.25, 222.43);
insert into STATION values (3314, '-', 5547, 261136.06, 450711.77, 172.46);
insert into STATION values (3315, '-', 5547, 261129.94, 450732.23, 190.76);
insert into STATION values (3316, '-', 5547, 261141.21, 450718.30, 175.40);
insert into STATION values (3317, '-', 5547, 261153.96, 450734.09, 188.60);
insert into STATION values (3318, '-', 5547, 261122.94, 450731.44, 187.35);
insert into STATION values (3319, '-', 5547, 261160.62, 450735.24, 188.33);
insert into STATION values (3320, '-', 5547, 261136.83, 450709.25, 173.74);
insert into STATION values (3321, '-', 5547, 261159.63, 450726.30, 192.11);
insert into STATION values (3322, '-', 5547, 261178.40, 450744.48, 234.06);
insert into STATION values (3323, '-', 5547, 261176.03, 450742.93, 206.30);
insert into STATION values (3324, '-', 5547, 261180.62, 450744.02, 207.78);
insert into STATION values (3325, '-', 5547, 261173.61, 450744.21, 203.68);
insert into STATION values (3326, '-', 5547, 261183.83, 450746.89, 178.72);
insert into STATION values (3327, '-', 5547, 261183.00, 450747.85, 179.93);
insert into STATION values (3328, '-', 5547, 261185.38, 450742.01, 180.68);
insert into STATION values (3329, '-', 5547, 261216.65, 450759.99, 211.94);
insert into STATION values (3330, '-', 5547, 261196.66, 450756.52, 213.67);
insert into STATION values (3331, '-', 5547, 261205.71, 450758.42, 216.69);
insert into STATION values (3332, '-', 5547, 261219.00, 450761.48, 212.21);
insert into STATION values (3333, '-', 5547, 261226.71, 450764.91, 215.13);
insert into STATION values (3334, '-', 5547, 261225.15, 450758.97, 188.06);
insert into STATION values (3335, '-', 5547, 261229.27, 450759.28, 187.66);
insert into STATION values (3336, '-', 5547, 261214.83, 450760.95, 191.73);
insert into STATION values (3337, '-', 5547, 261222.72, 450763.83, 189.65);
insert into STATION values (3338, '-', 5547, 261219.18, 450755.55, 173.59);
insert into STATION values (3339, '-', 5547, 261216.70, 450759.38, 176.35);
insert into STATION values (3340, '-', 5547, 261220.32, 450753.07, 174.77);
insert into STATION values (3341, '-', 5547, 261278.92, 450760.85, 194.98);
insert into STATION values (3342, '-', 5547, 261279.03, 450756.49, 184.18);
insert into STATION values (3343, '-', 5547, 261273.52, 450760.89, 199.43);
insert into STATION values (3344, '-', 5547, 261267.33, 450762.45, 202.13);
insert into STATION values (3345, '-', 5547, 261284.40, 450764.80, 185.44);
insert into STATION values (3346, '-', 5547, 261281.48, 450763.17, 173.60);
insert into STATION values (3347, '-', 5547, 261281.12, 450763.75, 175.15);
insert into STATION values (3348, '-', 5547, 261291.03, 450765.96, 183.57);
insert into STATION values (3349, '-', 5547, 261281.35, 450758.04, 175.57);
insert into STATION values (3350, '-', 5547, 261279.36, 450758.65, 177.77);
insert into STATION values (3351, '-', 5547, 261286.92, 450750.93, 185.24);
insert into STATION values (3352, '-', 5547, 261290.48, 450756.50, 184.29);
insert into STATION values (3353, '-', 5547, 261290.48, 450760.82, 183.70);
insert into STATION values (3354, '-', 5547, 261290.21, 450763.48, 182.29);
insert into STATION values (3355, '-', 5547, 261287.45, 450765.97, 180.98);
insert into STATION values (3356, '-', 5547, 261282.59, 450764.01, 185.27);
insert into STATION values (3357, '-', 5547, 261283.40, 450760.27, 192.88);
insert into STATION values (3358, '-', 5547, 261283.21, 450756.30, 187.85);
insert into STATION values (3359, '-', 5547, 261285.97, 450752.91, 185.92);
insert into STATION values (3360, '-', 5547, 261284.09, 450765.25, 176.54);
insert into STATION values (3361, '-', 5547, 261296.66, 450753.73, 178.31);
insert into STATION values (3362, '-', 5547, 261315.03, 450753.78, 199.33);
insert into STATION values (3363, '-', 5547, 261317.78, 450761.62, 199.14);
insert into STATION values (3364, '-', 5547, 261323.22, 450770.08, 199.59);
insert into STATION values (3365, '-', 5547, 261341.91, 450763.70, 193.64);
insert into STATION values (3366, '-', 5547, 261334.85, 450760.49, 201.68);
insert into STATION values (3367, '-', 5547, 261336.95, 450767.11, 199.19);
insert into STATION values (3368, '-', 5547, 261340.30, 450769.64, 194.47);
insert into STATION values (3369, '-', 5547, 261328.41, 450771.55, 191.41);
insert into STATION values (3370, '-', 5547, 261301.39, 450784.28, 175.54);
insert into STATION values (3371, '-', 5547, 261301.90, 450780.70, 180.02);
insert into STATION values (3372, '-', 5547, 261317.07, 450797.90, 182.36);
insert into STATION values (3373, '-', 5547, 261319.30, 450796.75, 183.57);
insert into STATION values (3374, '-', 5547, 261315.60, 450789.91, 182.38);
insert into STATION values (3375, '-', 5547, 261315.11, 450784.99, 182.44);
insert into STATION values (3376, '-', 5547, 261303.80, 450769.26, 174.98);
insert into STATION values (3377, '-', 5547, 261296.80, 450759.99, 172.63);
insert into STATION values (3378, '-', 5547, 261283.97, 450764.50, 172.89);
insert into STATION values (3379, '-', 5547, 261287.17, 450767.44, 172.85);
insert into STATION values (3380, '-', 5547, 261289.37, 450769.67, 172.69);
insert into STATION values (3381, '-', 5547, 261283.29, 450754.10, 173.87);
insert into STATION values (3382, '-', 5547, 261282.98, 450736.63, 181.18);
insert into STATION values (3383, '-', 5547, 261283.59, 450746.78, 186.65);
insert into STATION values (3384, '-', 5547, 261282.83, 450756.53, 173.50);
insert into STATION values (3385, '-', 5547, 261277.94, 450733.76, 174.04);
insert into STATION values (3386, '-', 5547, 261293.09, 450752.46, 173.55);
insert into STATION values (3387, '0', 5551, 261001.76, 450668.92, 133.27);
insert into STATION values (3388, '1', 5551, 260995.65, 450651.76, 124.06);
insert into STATION values (3389, '2', 5551, 260980.23, 450647.53, 110.49);
insert into STATION values (3390, '3', 5551, 260967.84, 450632.83, 101.18);
insert into STATION values (3391, '4', 5551, 260956.36, 450620.55, 106.18);
insert into STATION values (3392, '5', 5551, 260949.70, 450592.80, 105.46);
insert into STATION values (3393, '6', 5551, 260934.95, 450584.35, 104.14);
insert into STATION values (3394, '7', 5551, 260929.28, 450559.23, 106.42);
insert into STATION values (3395, '8', 5551, 260924.60, 450542.41, 106.94);
insert into STATION values (3396, '9', 5551, 260927.58, 450514.41, 111.26);
insert into STATION values (3397, '10', 5551, 260912.86, 450465.20, 106.77);
insert into STATION values (3398, '11', 5551, 260891.73, 450446.46, 112.40);
insert into STATION values (3399, '12', 5551, 260882.24, 450434.89, 108.14);
insert into STATION values (3400, '13', 5551, 260868.21, 450428.06, 114.05);
insert into STATION values (3401, '14', 5551, 260865.06, 450426.90, 114.23);
insert into STATION values (3402, '15', 5551, 260822.93, 450409.30, 104.59);
insert into STATION values (3403, '16', 5551, 260803.52, 450377.34, 107.74);
insert into STATION values (3404, '17', 5551, 260783.56, 450369.57, 103.33);
insert into STATION values (3405, '18', 5551, 260773.60, 450343.21, 102.43);
insert into STATION values (3406, '19', 5551, 260750.23, 450335.80, 101.55);
insert into STATION values (3407, '20', 5551, 260735.64, 450315.74, 102.88);
insert into STATION values (3408, '21', 5551, 260719.34, 450302.29, 102.42);
insert into STATION values (3409, '22', 5551, 260713.93, 450294.44, 103.53);
insert into STATION values (3410, '23', 5551, 260699.17, 450277.79, 102.02);
insert into STATION values (3411, '24', 5551, 260676.05, 450233.44, 107.96);
insert into STATION values (3412, '25', 5551, 260663.84, 450220.99, 107.25);
insert into STATION values (3413, '26', 5551, 260646.39, 450201.10, 102.37);
insert into STATION values (3414, '27', 5551, 260629.73, 450178.18, 102.08);
insert into STATION values (3415, '28', 5551, 260602.18, 450136.73, 102.13);
insert into STATION values (3416, '29', 5551, 260585.37, 450112.42, 102.36);
insert into STATION values (3417, '30', 5551, 260562.92, 450068.34, 104.67);
insert into STATION values (3418, '31', 5551, 260537.85, 450053.30, 102.12);
insert into STATION values (3419, '32', 5551, 260536.25, 450022.21, 101.82);
insert into STATION values (3420, '33', 5551, 260520.76, 449981.88, 101.15);
insert into STATION values (3421, '34', 5551, 260509.27, 449968.97, 102.63);
insert into STATION values (3422, '35', 5551, 260474.33, 449929.79, 102.86);
insert into STATION values (3423, '36', 5551, 260455.07, 449921.39, 110.69);
insert into STATION values (3424, '999', 5551, 260443.52, 449919.17, 111.33);
insert into STATION values (3425, '37', 5551, 260430.82, 449893.94, 113.30);
insert into STATION values (3426, '38', 5551, 260420.01, 449874.00, 116.14);
insert into STATION values (3427, '39', 5551, 260386.72, 449848.95, 105.20);
insert into STATION values (3428, '40', 5551, 260362.51, 449833.06, 100.04);
insert into STATION values (3429, '41', 5551, 260338.36, 449816.68, 97.36);
insert into STATION values (3430, '42', 5551, 260295.56, 449805.05, 103.63);
insert into STATION values (3431, '43', 5551, 260269.72, 449787.07, 104.97);
insert into STATION values (3432, '44', 5551, 260259.89, 449762.44, 99.84);
insert into STATION values (3433, '45', 5551, 260243.04, 449741.06, 101.87);
insert into STATION values (3434, '46', 5551, 260215.95, 449707.25, 102.24);
insert into STATION values (3435, '47', 5551, 260211.47, 449707.59, 101.30);
insert into STATION values (3436, '48', 5551, 260195.50, 449695.42, 99.77);
insert into STATION values (3437, '49', 5551, 260180.14, 449680.82, 95.73);
insert into STATION values (3438, '50', 5551, 260154.67, 449671.56, 95.35);
insert into STATION values (3439, '51', 5551, 260144.16, 449660.66, 96.14);
insert into STATION values (3440, '52', 5551, 260135.04, 449659.20, 95.55);
insert into STATION values (3441, '53', 5551, 260112.85, 449657.63, 86.57);
insert into STATION values (3442, '54', 5551, 260091.26, 449668.12, 71.21);
insert into STATION values (3443, '55', 5551, 260085.28, 449656.05, 72.22);
insert into STATION values (3444, '56', 5551, 260081.81, 449633.66, 77.93);
insert into STATION values (3445, '57', 5551, 260063.18, 449635.39, 71.88);
insert into STATION values (3446, '58', 5551, 260049.96, 449623.63, 79.13);
insert into STATION values (3447, '59', 5551, 260042.87, 449626.15, 83.35);
insert into STATION values (3448, '60', 5551, 260019.06, 449612.32, 87.47);
insert into STATION values (3449, '61', 5551, 259998.05, 449611.79, 91.78);
insert into STATION values (3450, '62', 5551, 259978.33, 449616.17, 93.03);
insert into STATION values (3451, '63', 5551, 259965.85, 449619.88, 94.52);
insert into STATION values (3452, '64', 5551, 259964.47, 449620.90, 98.06);
insert into STATION values (3453, '65', 5551, 259963.86, 449621.90, 100.01);
insert into STATION values (3454, '66', 5551, 259961.65, 449621.42, 102.90);
insert into STATION values (3455, '67', 5551, 259960.58, 449618.59, 106.58);
insert into STATION values (3456, '68', 5551, 259958.28, 449617.98, 108.56);
insert into STATION values (3457, '69', 5551, 259961.26, 449616.02, 109.72);
insert into STATION values (3458, '70', 5551, 259957.81, 449614.36, 113.26);
insert into STATION values (3459, '71', 5551, 259957.38, 449613.90, 114.65);
insert into STATION values (3460, '72', 5551, 259952.28, 449616.50, 117.47);
insert into STATION values (3461, '73', 5551, 259949.96, 449618.26, 119.35);
insert into STATION values (3462, '74', 5551, 259937.02, 449615.35, 122.38);
insert into STATION values (3463, '75', 5551, 259920.49, 449622.33, 116.16);
insert into STATION values (3464, '76', 5551, 259900.92, 449630.00, 110.22);
insert into STATION values (3465, '77', 5551, 259868.82, 449624.84, 107.86);
insert into STATION values (3466, '78', 5551, 259864.81, 449626.95, 105.62);
insert into STATION values (3467, '79', 5551, 259854.91, 449616.05, 104.19);
insert into STATION values (3468, '80', 5551, 259851.74, 449596.85, 105.14);
insert into STATION values (3469, '81', 5551, 259849.06, 449577.10, 103.71);
insert into STATION values (3470, '82', 5551, 259822.78, 449561.16, 101.96);
insert into STATION values (3471, '83', 5551, 259826.46, 449543.44, 100.88);
insert into STATION values (3472, '84', 5551, 259815.09, 449537.95, 101.21);
insert into STATION values (3473, '85', 5551, 259796.84, 449527.03, 98.71);
insert into STATION values (3474, '86', 5551, 259785.24, 449483.74, 103.49);
insert into STATION values (3475, '87', 5551, 259772.20, 449479.63, 99.36);
insert into STATION values (3476, '88', 5551, 259746.58, 449468.61, 86.17);
insert into STATION values (3477, '89', 5551, 259701.91, 449459.90, 88.97);
insert into STATION values (3478, '90', 5551, 259693.56, 449458.33, 86.87);
insert into STATION values (3479, '91', 5551, 259693.19, 449467.19, 81.66);
insert into STATION values (3480, '92', 5551, 259688.84, 449467.56, 79.61);
insert into STATION values (3481, '93', 5551, 259686.62, 449461.80, 78.75);
insert into STATION values (3482, '94', 5551, 259684.87, 449464.21, 75.26);
insert into STATION values (3483, '95', 5551, 259684.26, 449461.96, 72.85);
insert into STATION values (3484, '96', 5551, 259684.60, 449464.91, 71.74);
insert into STATION values (3485, '97', 5551, 259688.69, 449465.84, 70.93);
insert into STATION values (3486, '98', 5551, 259687.51, 449468.86, 69.10);
insert into STATION values (3487, '99', 5551, 259683.52, 449469.61, 64.68);
insert into STATION values (3488, '100', 5551, 259679.37, 449467.08, 66.11);
insert into STATION values (3489, '101', 5551, 259659.23, 449443.90, 67.03);
insert into STATION values (3490, '102', 5551, 259636.00, 449430.65, 65.59);
insert into STATION values (3491, '103', 5551, 259615.76, 449428.10, 65.62);
insert into STATION values (3492, '104', 5551, 259590.56, 449421.03, 64.06);
insert into STATION values (3493, '105', 5551, 259545.68, 449405.64, 64.80);
insert into STATION values (3494, '106', 5551, 259518.13, 449396.48, 63.73);
insert into STATION values (3495, '107', 5551, 259502.30, 449366.90, 64.11);
insert into STATION values (3496, '108', 5551, 259497.01, 449353.54, 63.47);
insert into STATION values (3497, '109', 5551, 259483.01, 449357.70, 64.43);
insert into STATION values (3498, '110', 5551, 259460.98, 449353.82, 63.36);
insert into STATION values (3499, '111', 5551, 259452.28, 449351.80, 64.31);
insert into STATION values (3500, '112', 5551, 259434.68, 449332.56, 62.49);
insert into STATION values (3501, '113', 5551, 259422.79, 449296.70, 61.84);
insert into STATION values (3502, '114', 5551, 259421.57, 449279.11, 61.80);
insert into STATION values (3503, '115', 5551, 259417.21, 449270.87, 62.31);
insert into STATION values (3504, '116', 5551, 259410.72, 449236.65, 46.51);
insert into STATION values (3505, '117', 5551, 259403.18, 449243.25, 50.37);
insert into STATION values (3506, '118', 5551, 259396.27, 449240.33, 49.40);
insert into STATION values (3507, '119', 5551, 259387.47, 449220.47, 50.70);
insert into STATION values (3508, '120', 5551, 259380.56, 449195.24, 57.36);
insert into STATION values (3509, '121', 5551, 259367.01, 449171.02, 58.55);
insert into STATION values (3510, '122', 5551, 259360.00, 449141.12, 57.48);
insert into STATION values (3511, '123', 5551, 259344.28, 449139.51, 57.08);
insert into STATION values (3512, '124', 5551, 259327.60, 449123.52, 60.60);
insert into STATION values (3513, '125', 5551, 259325.36, 449133.07, 65.35);
insert into STATION values (3514, '126', 5551, 259317.45, 449154.81, 70.58);
insert into STATION values (3515, '127', 5551, 259320.79, 449162.13, 68.55);
insert into STATION values (3516, '128', 5551, 259319.18, 449171.64, 69.07);
insert into STATION values (3517, '129', 5551, 259318.64, 449187.72, 63.44);
insert into STATION values (3518, '130', 5551, 259314.83, 449193.91, 62.57);
insert into STATION values (3519, '131', 5551, 259306.11, 449194.46, 67.37);
insert into STATION values (3520, '132', 5551, 259297.03, 449195.48, 68.06);
insert into STATION values (3521, '133', 5551, 259300.04, 449202.75, 65.46);
insert into STATION values (3522, '134', 5551, 259302.94, 449210.05, 64.40);
insert into STATION values (3523, '135', 5551, 259307.74, 449231.44, 55.48);
insert into STATION values (3524, '136', 5551, 259268.66, 449217.94, 55.68);
insert into STATION values (3525, '137', 5551, 259261.28, 449202.44, 56.28);
insert into STATION values (3526, '138', 5551, 259235.69, 449178.23, 55.01);
insert into STATION values (3527, '139', 5551, 259224.75, 449172.32, 55.03);
insert into STATION values (3528, '141', 5551, 259207.40, 449155.08, 57.19);
insert into STATION values (3529, '-', 5551, 260866.68, 450469.30, 119.16);
insert into STATION values (3530, '-', 5551, 260815.24, 450448.41, 129.23);
insert into STATION values (3531, '-', 5551, 260814.25, 450339.55, 134.53);
insert into STATION values (3532, '-', 5551, 260770.42, 450284.29, 137.99);
insert into STATION values (3533, '-', 5551, 260647.21, 450168.64, 112.48);
insert into STATION values (3534, '-', 5551, 260586.98, 450109.72, 111.08);
insert into STATION values (3535, '-', 5551, 260585.14, 450112.20, 101.31);
insert into STATION values (3536, '-', 5551, 260592.76, 450109.80, 103.75);
insert into STATION values (3537, '-', 5551, 260629.79, 450105.95, 131.40);
insert into STATION values (3538, '-', 5551, 260597.58, 450085.96, 121.63);
insert into STATION values (3539, '-', 5551, 260614.97, 450092.80, 130.92);
insert into STATION values (3540, '-', 5551, 260586.81, 450082.98, 119.88);
insert into STATION values (3541, '-', 5551, 260581.08, 450079.37, 119.28);
insert into STATION values (3542, '-', 5551, 260612.91, 450118.82, 118.72);
insert into STATION values (3543, '-', 5551, 260582.98, 450113.20, 102.86);
insert into STATION values (3544, '-', 5551, 260537.52, 450051.81, 111.78);
insert into STATION values (3545, '-', 5551, 260536.65, 450053.21, 100.15);
insert into STATION values (3546, '-', 5551, 260555.10, 450045.95, 113.41);
insert into STATION values (3547, '-', 5551, 260525.17, 450051.15, 106.79);
insert into STATION values (3548, '-', 5551, 260506.31, 450071.28, 108.00);
insert into STATION values (3549, '-', 5551, 260516.04, 450078.12, 108.95);
insert into STATION values (3550, '-', 5551, 260523.41, 450080.79, 109.85);
insert into STATION values (3551, '-', 5551, 260269.83, 449785.56, 111.41);
insert into STATION values (3552, '-', 5551, 260294.95, 449770.84, 116.96);
insert into STATION values (3553, '-', 5551, 260267.57, 449747.03, 109.61);
insert into STATION values (3554, '-', 5551, 260278.49, 449763.27, 109.60);
insert into STATION values (3555, '-', 5551, 260290.28, 449772.28, 113.91);
insert into STATION values (3556, '-', 5551, 260299.16, 449786.30, 121.53);
insert into STATION values (3557, '-', 5551, 260303.73, 449798.23, 123.76);
insert into STATION values (3558, '-', 5551, 260282.60, 449818.05, 116.09);
insert into STATION values (3559, '-', 5551, 260258.52, 449787.13, 103.58);
insert into STATION values (3560, '-', 5551, 260265.57, 449783.72, 100.62);
insert into STATION values (3561, '-', 5551, 260260.74, 449782.88, 104.51);
insert into STATION values (3562, '-', 5551, 260257.35, 449790.60, 104.70);
insert into STATION values (3563, '-', 5551, 260239.55, 449805.30, 109.38);
insert into STATION values (3564, '-', 5551, 260224.11, 449810.41, 118.89);
insert into STATION values (3565, '-', 5551, 260245.25, 449818.08, 118.52);
insert into STATION values (3566, '-', 5551, 260251.35, 449823.49, 120.09);
insert into STATION values (3567, '-', 5551, 260267.15, 449825.94, 120.00);
insert into STATION values (3568, '-', 5551, 260275.93, 449818.69, 117.46);
insert into STATION values (3569, '-', 5551, 260226.80, 449776.38, 94.80);
insert into STATION values (3570, '-', 5551, 260217.19, 449758.23, 94.05);
insert into STATION values (3571, '-', 5551, 260090.57, 449666.87, 79.92);
insert into STATION values (3572, '-', 5551, 260091.25, 449667.76, 70.13);
insert into STATION values (3573, '-', 5551, 260097.32, 449651.50, 81.41);
insert into STATION values (3574, '-', 5551, 260095.16, 449674.53, 73.87);
insert into STATION values (3575, '-', 5551, 260092.52, 449690.91, 77.58);
insert into STATION values (3576, '-', 5551, 260075.96, 449676.37, 62.72);
insert into STATION values (3577, '-', 5551, 260065.61, 449653.27, 69.16);
insert into STATION values (3578, '-', 5551, 259802.93, 449570.52, 92.51);
insert into STATION values (3579, '-', 5551, 259799.27, 449576.89, 90.82);
insert into STATION values (3580, '0', 5555, 261506.15, 450777.63, 248.72);
insert into STATION values (3581, '1', 5555, 261489.91, 450772.18, 242.04);
insert into STATION values (3582, '2', 5555, 261478.76, 450771.91, 237.34);
insert into STATION values (3583, '3', 5555, 261470.77, 450770.03, 233.86);
insert into STATION values (3584, '4', 5555, 261480.45, 450761.29, 226.64);
insert into STATION values (3585, '5', 5555, 261469.09, 450753.09, 219.16);
insert into STATION values (3586, '6', 5555, 261460.63, 450750.94, 214.25);
insert into STATION values (3587, '7', 5555, 261477.58, 450750.20, 217.05);
insert into STATION values (3588, '8', 5555, 261487.31, 450753.35, 218.29);
insert into STATION values (3589, '9', 5555, 261514.10, 450762.35, 221.69);
insert into STATION values (3590, '10', 5555, 261536.16, 450763.39, 221.50);
insert into STATION values (3591, '11', 5555, 261462.85, 450767.98, 229.25);
insert into STATION values (3592, '12', 5555, 261459.17, 450763.08, 223.80);
insert into STATION values (3593, '13', 5555, 261441.02, 450759.80, 211.85);
insert into STATION values (3594, '14', 5555, 261507.52, 450782.08, 256.28);
insert into STATION values (3595, '15', 5555, 261521.05, 450786.21, 261.75);
insert into STATION values (3596, '16', 5555, 261518.29, 450790.28, 270.67);
insert into STATION values (3597, '17', 5555, 261514.77, 450792.81, 279.86);
insert into STATION values (3598, '18', 5555, 261511.78, 450794.47, 283.16);
insert into STATION values (3599, '19', 5555, 261503.99, 450791.09, 286.20);
insert into STATION values (3600, '20', 5555, 261501.63, 450791.73, 289.31);
insert into STATION values (3601, '21', 5555, 261495.93, 450799.06, 295.56);
insert into STATION values (3602, '22', 5555, 261490.73, 450799.00, 297.34);
insert into STATION values (3603, '-', 5555, 261520.72, 450789.80, 274.24);
insert into STATION values (3604, '-', 5555, 261521.07, 450786.19, 261.40);
insert into STATION values (3605, '-', 5555, 261520.11, 450788.09, 262.10);
insert into STATION values (3606, '-', 5555, 261522.05, 450785.39, 262.01);
insert into STATION values (3607, '-', 5555, 261479.54, 450759.87, 231.30);
insert into STATION values (3608, '-', 5555, 261478.29, 450754.67, 234.04);
insert into STATION values (3609, '-', 5555, 261480.37, 450761.22, 224.84);
insert into STATION values (3610, '-', 5555, 261482.93, 450760.71, 227.57);
insert into STATION values (3611, '-', 5555, 261486.05, 450755.53, 230.09);
insert into STATION values (3612, '-', 5555, 261480.75, 450754.03, 223.98);
insert into STATION values (3613, '-', 5555, 261477.16, 450758.87, 224.45);
insert into STATION values (3614, '-', 5555, 261476.25, 450760.90, 228.37);
insert into STATION values (3615, '-', 5555, 261467.41, 450752.79, 223.10);
insert into STATION values (3616, '-', 5555, 261469.41, 450752.56, 215.60);
insert into STATION values (3617, '-', 5555, 261471.13, 450748.81, 219.47);
insert into STATION values (3618, '-', 5555, 261471.08, 450746.84, 224.94);
insert into STATION values (3619, '-', 5555, 261477.43, 450750.11, 217.25);
insert into STATION values (3620, '-', 5555, 261466.53, 450755.91, 219.46);
insert into STATION values (3621, '-', 5555, 261459.36, 450750.96, 219.32);
insert into STATION values (3622, '-', 5555, 261461.52, 450750.48, 218.96);
insert into STATION values (3623, '-', 5555, 261459.83, 450751.34, 212.22);
insert into STATION values (3624, '-', 5555, 261460.92, 450750.51, 210.80);
insert into STATION values (3625, '-', 5555, 261460.59, 450744.96, 216.57);
insert into STATION values (3626, '-', 5555, 261437.58, 450743.08, 195.46);
insert into STATION values (3627, '-', 5555, 261462.14, 450746.32, 214.26);
insert into STATION values (3628, '-', 5555, 261459.62, 450753.20, 215.41);
insert into STATION values (3629, '-', 5555, 261433.21, 450748.46, 195.16);
insert into STATION values (3630, '-', 5555, 261459.21, 450753.51, 214.57);
insert into STATION values (3631, '-', 5555, 261487.91, 450753.83, 223.23);
insert into STATION values (3632, '-', 5555, 261482.61, 450759.33, 232.30);
insert into STATION values (3633, '-', 5555, 261487.32, 450753.62, 216.98);
insert into STATION values (3634, '-', 5555, 261486.00, 450756.88, 219.33);
insert into STATION values (3635, '-', 5555, 261487.43, 450752.97, 218.28);
insert into STATION values (3636, '-', 5555, 261536.59, 450763.81, 223.76);
insert into STATION values (3637, '-', 5555, 261536.08, 450763.50, 220.41);
insert into STATION values (3638, '-', 5555, 261535.97, 450766.88, 221.72);
insert into STATION values (3639, '-', 5555, 261543.40, 450768.00, 226.99);
insert into STATION values (3640, '-', 5555, 261546.23, 450768.25, 220.05);
insert into STATION values (3641, '-', 5555, 261550.82, 450764.32, 215.64);
insert into STATION values (3642, '-', 5555, 261536.17, 450763.16, 221.50);
insert into STATION values (3643, '100', 5559, 261460.63, 450750.94, 214.25);
insert into STATION values (3644, '101', 5559, 261458.06, 450749.60, 210.79);
insert into STATION values (3645, '102', 5559, 261450.08, 450740.08, 201.65);
insert into STATION values (3646, '103', 5559, 261447.24, 450738.60, 196.12);
insert into STATION values (3647, '104', 5559, 261442.52, 450743.90, 186.57);
insert into STATION values (3648, '105', 5559, 261439.69, 450750.87, 182.03);
insert into STATION values (3649, '0', 5563, 261731.40, 450918.66, 314.81);
insert into STATION values (3650, '-', 5563, 261731.02, 450918.36, 314.79);
insert into STATION values (3651, '-', 5563, 261732.49, 450920.48, 314.40);
insert into STATION values (3652, '-', 5563, 261731.38, 450918.60, 315.52);
insert into STATION values (3653, '-', 5563, 261731.42, 450918.34, 313.11);
insert into STATION values (3654, '1', 5563, 261729.32, 450922.46, 312.75);
insert into STATION values (3655, '-', 5563, 261732.47, 450919.92, 315.09);
insert into STATION values (3656, '-', 5563, 261731.21, 450918.55, 314.81);
insert into STATION values (3657, '-', 5563, 261731.43, 450918.66, 315.14);
insert into STATION values (3658, '-', 5563, 261731.55, 450918.56, 312.95);
insert into STATION values (3659, '2', 5563, 261733.03, 450913.92, 311.90);
insert into STATION values (3660, '-', 5563, 261731.19, 450920.81, 314.82);
insert into STATION values (3661, '-', 5563, 261731.63, 450917.68, 314.81);
insert into STATION values (3662, '-', 5563, 261731.31, 450918.78, 315.56);
insert into STATION values (3663, '-', 5563, 261731.64, 450918.89, 312.92);
insert into STATION values (3664, '3', 5563, 261737.81, 450921.41, 318.80);
insert into STATION values (3665, '-', 5563, 261736.32, 450923.80, 318.62);
insert into STATION values (3666, '-', 5563, 261738.04, 450921.11, 318.78);
insert into STATION values (3667, '-', 5563, 261737.83, 450921.96, 320.28);
insert into STATION values (3668, '-', 5563, 261737.94, 450921.46, 317.49);
insert into STATION values (3669, '4', 5563, 261739.57, 450925.28, 321.37);
insert into STATION values (3670, '-', 5563, 261739.26, 450925.46, 321.35);
insert into STATION values (3671, '-', 5563, 261741.91, 450923.80, 321.61);
insert into STATION values (3672, '-', 5563, 261739.36, 450924.31, 323.19);
insert into STATION values (3673, '-', 5563, 261739.59, 450925.03, 319.61);
insert into STATION values (3674, '5', 5563, 261743.99, 450922.88, 323.75);
insert into STATION values (3675, '-', 5563, 261745.21, 450924.23, 324.31);
insert into STATION values (3676, '-', 5563, 261743.68, 450922.39, 323.48);
insert into STATION values (3677, '-', 5563, 261744.55, 450922.81, 326.96);
insert into STATION values (3678, '-', 5563, 261743.95, 450922.93, 322.79);
insert into STATION values (3679, '1', 5591, 261366.12, 450877.49, 227.28);
insert into STATION values (3680, '2', 5591, 261363.48, 450887.59, 219.77);
insert into STATION values (3681, '3', 5591, 261353.26, 450886.24, 212.73);
insert into STATION values (3682, '4', 5591, 261352.28, 450895.33, 207.91);
insert into STATION values (3683, '5', 5591, 261344.26, 450887.44, 205.24);
insert into STATION values (3684, '6', 5591, 261340.83, 450883.07, 204.15);
insert into STATION values (3685, '7', 5591, 261339.61, 450877.30, 202.44);
insert into STATION values (3686, '8', 5591, 261342.77, 450875.58, 175.11);
insert into STATION values (3687, '9', 5591, 261338.07, 450877.91, 176.91);
insert into STATION values (3688, '214', 5595, 261749.77, 451163.08, 436.70);
insert into STATION values (3689, '-', 5595, 261763.36, 451162.38, 437.82);
insert into STATION values (3690, '-', 5595, 261739.38, 451158.96, 439.01);
insert into STATION values (3691, '-', 5595, 261750.47, 451160.81, 443.64);
insert into STATION values (3692, '-', 5595, 261749.95, 451163.23, 436.11);
insert into STATION values (3693, '403', 5595, 261778.04, 451148.48, 441.81);
insert into STATION values (3694, '-', 5595, 261777.45, 451155.05, 441.95);
insert into STATION values (3695, '-', 5595, 261778.10, 451144.51, 443.64);
insert into STATION values (3696, '-', 5595, 261780.11, 451149.23, 448.26);
insert into STATION values (3697, '-', 5595, 261778.48, 451148.59, 441.07);
insert into STATION values (3698, '-', 5595, 261764.63, 451158.40, 439.44);
insert into STATION values (3699, '-', 5595, 261764.45, 451142.19, 440.48);
insert into STATION values (3700, '-', 5595, 261740.05, 451159.75, 438.61);
insert into STATION values (3701, '404', 5595, 261803.11, 451162.56, 455.01);
insert into STATION values (3702, '-', 5595, 261801.13, 451164.34, 458.25);
insert into STATION values (3703, '-', 5595, 261808.55, 451151.24, 451.45);
insert into STATION values (3704, '-', 5595, 261803.40, 451162.33, 461.59);
insert into STATION values (3705, '-', 5595, 261803.53, 451162.64, 454.34);
insert into STATION values (3706, '405', 5595, 261811.39, 451164.28, 468.47);
insert into STATION values (3707, '406', 5595, 261812.67, 451156.29, 450.23);
insert into STATION values (3708, '-', 5595, 261812.86, 451162.75, 452.15);
insert into STATION values (3709, '-', 5595, 261815.54, 451149.37, 449.02);
insert into STATION values (3710, '-', 5595, 261813.52, 451157.05, 456.97);
insert into STATION values (3711, '-', 5595, 261813.52, 451156.34, 449.24);
insert into STATION values (3712, '-', 5595, 261824.76, 451165.87, 454.98);
insert into STATION values (3713, '-', 5595, 261835.18, 451159.17, 446.41);
insert into STATION values (3714, '-', 5595, 261817.81, 451153.00, 453.78);
insert into STATION values (3715, '-', 5595, 261812.17, 451163.39, 458.79);
insert into STATION values (3716, '-', 5595, 261824.96, 451164.33, 442.48);
insert into STATION values (3717, '-', 5595, 261840.51, 451152.61, 434.50);
insert into STATION values (3718, '407', 5595, 261821.83, 451155.18, 445.13);
insert into STATION values (3719, '-', 5595, 261820.28, 451166.03, 446.50);
insert into STATION values (3720, '-', 5595, 261823.89, 451151.43, 447.78);
insert into STATION values (3721, '-', 5595, 261821.02, 451156.40, 453.07);
insert into STATION values (3722, '-', 5595, 261825.92, 451155.57, 440.08);
insert into STATION values (3723, '408', 5595, 261836.15, 451154.21, 436.63);
insert into STATION values (3724, '-', 5595, 261838.48, 451154.77, 436.37);
insert into STATION values (3725, '-', 5595, 261835.36, 451148.39, 433.93);
insert into STATION values (3726, '-', 5595, 261835.76, 451153.67, 439.58);
insert into STATION values (3727, '-', 5595, 261836.42, 451153.63, 435.40);
insert into STATION values (3728, '-', 5595, 261824.07, 451165.80, 459.40);
insert into STATION values (3729, '-', 5595, 261839.05, 451166.92, 448.94);
insert into STATION values (3730, '409', 5595, 261844.26, 451150.77, 429.98);
insert into STATION values (3731, '-', 5595, 261844.46, 451154.90, 430.36);
insert into STATION values (3732, '-', 5595, 261843.04, 451144.34, 428.70);
insert into STATION values (3733, '-', 5595, 261844.19, 451150.40, 431.81);
insert into STATION values (3734, '-', 5595, 261844.57, 451150.45, 428.74);
insert into STATION values (3735, '410', 5595, 261858.15, 451148.25, 427.10);
insert into STATION values (3736, '-', 5595, 261861.24, 451155.59, 426.16);
insert into STATION values (3737, '-', 5595, 261857.95, 451145.02, 426.34);
insert into STATION values (3738, '-', 5595, 261858.39, 451148.18, 427.87);
insert into STATION values (3739, '-', 5595, 261858.42, 451147.96, 425.72);
insert into STATION values (3740, '411', 5595, 261876.12, 451149.31, 417.64);
insert into STATION values (3741, '-', 5595, 261875.09, 451153.23, 418.06);
insert into STATION values (3742, '-', 5595, 261878.78, 451144.71, 415.50);
insert into STATION values (3743, '-', 5595, 261876.35, 451149.35, 419.21);
insert into STATION values (3744, '-', 5595, 261876.89, 451149.45, 416.86);
insert into STATION values (3745, '412', 5595, 261884.69, 451148.94, 417.93);
insert into STATION values (3746, '-', 5595, 261884.90, 451150.73, 418.51);
insert into STATION values (3747, '-', 5595, 261885.46, 451147.39, 417.45);
insert into STATION values (3748, '-', 5595, 261885.24, 451149.00, 419.84);
insert into STATION values (3749, '-', 5595, 261885.51, 451148.60, 415.71);
insert into STATION values (3750, '413', 5595, 261888.65, 451147.63, 414.54);
insert into STATION values (3751, '-', 5595, 261888.65, 451146.40, 414.85);
insert into STATION values (3752, '-', 5595, 261888.63, 451146.37, 414.74);
insert into STATION values (3753, '-', 5595, 261885.38, 451148.28, 420.93);
insert into STATION values (3754, '-', 5595, 261888.13, 451147.34, 414.09);
insert into STATION values (3755, '414', 5595, 261896.88, 451148.39, 414.37);
insert into STATION values (3756, '-', 5595, 261896.78, 451151.30, 414.41);
insert into STATION values (3757, '-', 5595, 261897.25, 451147.31, 414.53);
insert into STATION values (3758, '-', 5595, 261897.21, 451149.88, 418.74);
insert into STATION values (3759, '-', 5595, 261897.02, 451148.54, 413.27);
insert into STATION values (3760, '-', 5595, 261894.39, 451151.12, 431.42);
insert into STATION values (3761, '-', 5595, 261900.11, 451149.57, 426.88);
insert into STATION values (3762, '-', 5595, 261901.75, 451148.33, 419.83);
insert into STATION values (3763, '-', 5595, 261903.11, 451148.07, 415.42);
insert into STATION values (3764, '-', 5595, 261913.79, 451153.23, 415.50);
insert into STATION values (3765, '-', 5595, 261901.14, 451151.05, 409.79);
insert into STATION values (3766, '415', 5595, 261908.93, 451153.39, 414.09);
insert into STATION values (3767, '-', 5595, 261906.56, 451157.00, 414.11);
insert into STATION values (3768, '-', 5595, 261911.36, 451147.62, 413.89);
insert into STATION values (3769, '-', 5595, 261908.79, 451153.75, 420.25);
insert into STATION values (3770, '-', 5595, 261908.66, 451153.92, 413.26);
insert into STATION values (3771, '416', 5595, 261921.81, 451158.56, 425.40);
insert into STATION values (3772, '-', 5595, 261916.92, 451164.04, 424.47);
insert into STATION values (3773, '-', 5595, 261922.36, 451157.99, 426.00);
insert into STATION values (3774, '-', 5595, 261921.95, 451159.14, 427.30);
insert into STATION values (3775, '-', 5595, 261921.76, 451158.73, 424.43);
insert into STATION values (3776, '417', 5595, 261928.38, 451160.48, 428.95);
insert into STATION values (3777, '-', 5595, 261927.57, 451163.09, 429.68);
insert into STATION values (3778, '-', 5595, 261929.26, 451159.66, 428.93);
insert into STATION values (3779, '-', 5595, 261928.59, 451160.43, 430.85);
insert into STATION values (3780, '-', 5595, 261928.70, 451160.36, 427.50);
insert into STATION values (3781, '418', 5595, 261931.75, 451164.96, 426.29);
insert into STATION values (3782, '-', 5595, 261931.07, 451167.72, 425.71);
insert into STATION values (3783, '-', 5595, 261932.62, 451164.61, 425.85);
insert into STATION values (3784, '-', 5595, 261931.77, 451165.35, 426.83);
insert into STATION values (3785, '-', 5595, 261931.66, 451165.19, 425.72);
insert into STATION values (3786, '-', 5595, 261930.12, 451167.76, 438.57);
insert into STATION values (3787, '419', 5595, 261933.80, 451167.05, 424.34);
insert into STATION values (3788, '420', 5595, 261932.77, 451170.48, 436.04);
insert into STATION values (3789, '-', 5595, 261933.07, 451169.53, 431.80);
insert into STATION values (3790, '-', 5595, 261933.79, 451167.47, 424.13);
insert into STATION values (3791, '287', 5745, 261947.09, 451581.78, 433.11);
insert into STATION values (3792, '-', 5745, 261941.15, 451582.43, 433.80);
insert into STATION values (3793, '-', 5745, 261959.41, 451585.98, 438.47);
insert into STATION values (3794, '-', 5745, 261947.33, 451581.48, 440.80);
insert into STATION values (3795, '-', 5745, 261947.38, 451581.61, 432.07);
insert into STATION values (3796, '288', 5745, 261948.78, 451584.51, 434.27);
insert into STATION values (3797, '-', 5745, 261942.11, 451585.01, 433.90);
insert into STATION values (3798, '-', 5745, 261959.60, 451585.75, 439.55);
insert into STATION values (3799, '-', 5745, 261948.80, 451585.23, 440.88);
insert into STATION values (3800, '-', 5745, 261948.86, 451584.82, 433.94);
insert into STATION values (3801, '289', 5745, 261955.67, 451589.81, 437.62);
insert into STATION values (3802, '-', 5745, 261941.88, 451598.10, 434.86);
insert into STATION values (3803, '-', 5745, 261959.76, 451588.24, 439.47);
insert into STATION values (3804, '-', 5745, 261955.51, 451591.42, 441.18);
insert into STATION values (3805, '-', 5745, 261956.26, 451590.22, 436.97);
insert into STATION values (3806, '290', 5745, 261960.65, 451595.11, 438.10);
insert into STATION values (3807, '-', 5745, 261951.90, 451607.94, 436.50);
insert into STATION values (3808, '-', 5745, 261965.15, 451591.56, 441.81);
insert into STATION values (3809, '-', 5745, 261962.23, 451595.66, 444.49);
insert into STATION values (3810, '-', 5745, 261960.88, 451595.61, 436.92);
insert into STATION values (3811, '291', 5745, 261970.86, 451603.18, 437.24);
insert into STATION values (3812, '-', 5745, 261971.78, 451603.26, 435.51);
insert into STATION values (3813, '-', 5745, 261964.42, 451612.20, 437.42);
insert into STATION values (3814, '-', 5745, 261969.95, 451593.16, 440.73);
insert into STATION values (3815, '-', 5745, 261968.91, 451602.34, 446.15);
insert into STATION values (3816, '-', 5745, 261970.93, 451603.05, 436.36);
insert into STATION values (3817, '-', 5745, 261978.44, 451586.86, 458.66);
insert into STATION values (3818, '-', 5745, 261982.41, 451596.89, 449.99);
insert into STATION values (3819, '-', 5745, 261972.82, 451601.34, 436.32);
insert into STATION values (3820, '-', 5745, 261976.43, 451605.44, 434.97);
insert into STATION values (3821, '-', 5745, 261982.54, 451608.29, 440.60);
insert into STATION values (3822, '-', 5745, 261976.12, 451605.71, 445.07);
insert into STATION values (3823, '-', 5745, 261978.08, 451613.76, 440.78);
insert into STATION values (3824, '-', 5745, 261965.03, 451612.65, 434.45);
insert into STATION values (3825, '-', 5745, 261968.38, 451612.65, 442.67);
insert into STATION values (3826, '-', 5745, 261957.79, 451636.05, 437.40);
insert into STATION values (3827, '292', 5745, 261987.09, 451607.39, 441.88);
insert into STATION values (3828, '-', 5745, 261987.11, 451607.76, 441.91);
insert into STATION values (3829, '-', 5745, 261989.71, 451594.95, 444.24);
insert into STATION values (3830, '-', 5745, 261987.63, 451606.75, 447.37);
insert into STATION values (3831, '-', 5745, 261987.50, 451607.25, 440.40);
insert into STATION values (3832, '293', 5745, 262000.27, 451605.27, 440.89);
insert into STATION values (3833, '-', 5745, 261999.06, 451608.84, 441.62);
insert into STATION values (3834, '-', 5745, 262001.72, 451597.78, 444.22);
insert into STATION values (3835, '-', 5745, 261998.31, 451605.71, 447.99);
insert into STATION values (3836, '-', 5745, 262000.36, 451605.34, 439.95);
insert into STATION values (3837, '294', 5745, 262024.30, 451615.17, 440.13);
insert into STATION values (3838, '-', 5745, 262024.06, 451619.29, 442.64);
insert into STATION values (3839, '-', 5745, 262026.08, 451609.44, 440.45);
insert into STATION values (3840, '-', 5745, 262026.03, 451615.43, 448.12);
insert into STATION values (3841, '-', 5745, 262026.75, 451612.12, 436.64);
insert into STATION values (3842, '295', 5745, 262042.58, 451613.61, 441.78);
insert into STATION values (3843, '-', 5745, 262044.02, 451625.73, 442.67);
insert into STATION values (3844, '-', 5745, 262042.87, 451613.19, 441.91);
insert into STATION values (3845, '-', 5745, 262044.41, 451617.87, 446.56);
insert into STATION values (3846, '-', 5745, 262047.77, 451620.33, 435.71);
insert into STATION values (3847, '296', 5745, 262064.39, 451622.32, 437.76);
insert into STATION values (3848, '-', 5745, 262061.22, 451632.12, 446.06);
insert into STATION values (3849, '-', 5745, 262067.32, 451617.98, 439.91);
insert into STATION values (3850, '-', 5745, 262065.77, 451624.87, 450.02);
insert into STATION values (3851, '-', 5745, 262065.83, 451622.76, 435.87);
insert into STATION values (3852, '297', 5745, 262091.39, 451638.17, 442.56);
insert into STATION values (3853, '-', 5745, 262088.80, 451644.38, 442.93);
insert into STATION values (3854, '-', 5745, 262093.40, 451633.95, 444.69);
insert into STATION values (3855, '-', 5745, 262092.25, 451639.64, 448.37);
insert into STATION values (3856, '-', 5745, 262091.74, 451638.47, 441.79);
insert into STATION values (3857, '298', 5745, 262098.11, 451651.80, 440.45);
insert into STATION values (3858, '-', 5745, 262095.30, 451653.75, 441.76);
insert into STATION values (3859, '-', 5745, 262103.55, 451644.63, 442.15);
insert into STATION values (3860, '-', 5745, 262099.88, 451652.94, 450.53);
insert into STATION values (3861, '-', 5745, 262098.34, 451652.03, 439.26);
insert into STATION values (3862, '299', 5745, 262114.05, 451662.02, 443.45);
insert into STATION values (3863, '-', 5745, 262113.90, 451662.92, 443.77);
insert into STATION values (3864, '-', 5745, 262116.40, 451651.89, 443.93);
insert into STATION values (3865, '-', 5745, 262113.78, 451657.52, 453.03);
insert into STATION values (3866, '-', 5745, 262115.09, 451655.23, 435.55);
insert into STATION values (3867, '300', 5745, 262104.83, 451663.31, 443.21);
insert into STATION values (3868, '301', 5745, 262148.87, 451663.37, 441.36);
insert into STATION values (3869, '-', 5745, 262147.13, 451668.72, 441.76);
insert into STATION values (3870, '-', 5745, 262149.39, 451661.44, 441.98);
insert into STATION values (3871, '-', 5745, 262149.08, 451665.06, 461.53);
insert into STATION values (3872, '-', 5745, 262149.34, 451664.15, 440.06);
insert into STATION values (3873, '302', 5745, 262178.78, 451672.35, 441.68);
insert into STATION values (3874, '-', 5745, 262178.27, 451682.46, 444.32);
insert into STATION values (3875, '-', 5745, 262177.40, 451667.73, 441.90);
insert into STATION values (3876, '-', 5745, 262180.02, 451673.24, 449.50);
insert into STATION values (3877, '-', 5745, 262178.40, 451671.32, 440.36);
insert into STATION values (3878, '303', 5745, 262191.15, 451684.24, 442.54);
insert into STATION values (3879, '-', 5745, 262196.12, 451674.00, 425.79);
insert into STATION values (3880, '-', 5745, 262192.24, 451668.77, 445.06);
insert into STATION values (3881, '-', 5745, 262193.09, 451674.33, 454.99);
insert into STATION values (3882, '-', 5745, 262212.83, 451677.94, 446.92);
insert into STATION values (3883, '-', 5745, 262208.99, 451685.36, 445.60);
insert into STATION values (3884, '-', 5745, 262201.41, 451681.54, 435.86);
insert into STATION values (3885, '-', 5745, 262208.36, 451677.10, 435.19);
insert into STATION values (3886, '-', 5745, 262196.70, 451678.85, 430.48);
insert into STATION values (3887, '-', 5745, 262188.18, 451678.17, 437.90);
insert into STATION values (3888, '-', 5745, 262183.11, 451675.32, 449.95);
insert into STATION values (3889, '-', 5745, 262179.95, 451679.47, 434.79);
insert into STATION values (3890, '-', 5745, 262231.32, 451691.89, 449.37);
insert into STATION values (3891, '304', 5745, 262127.86, 451663.96, 436.25);
insert into STATION values (3892, '-', 5745, 262125.12, 451667.02, 437.97);
insert into STATION values (3893, '-', 5745, 262129.85, 451665.06, 435.46);
insert into STATION values (3894, '-', 5745, 262129.09, 451665.17, 438.44);
insert into STATION values (3895, '-', 5745, 262128.92, 451664.91, 434.85);
insert into STATION values (3896, '305', 5745, 262131.55, 451671.02, 433.82);
insert into STATION values (3897, '-', 5745, 262131.11, 451672.14, 434.28);
insert into STATION values (3898, '-', 5745, 262131.60, 451669.30, 434.28);
insert into STATION values (3899, '-', 5745, 262131.77, 451671.57, 437.38);
insert into STATION values (3900, '-', 5745, 262131.75, 451671.16, 432.81);
insert into STATION values (3901, '306', 5745, 262136.62, 451669.97, 431.50);
insert into STATION values (3902, '-', 5745, 262136.62, 451670.87, 431.57);
insert into STATION values (3903, '-', 5745, 262137.15, 451668.58, 431.77);
insert into STATION values (3904, '-', 5745, 262136.70, 451670.02, 432.94);
insert into STATION values (3905, '-', 5745, 262136.82, 451670.16, 430.45);
insert into STATION values (3906, '307', 5745, 262145.18, 451672.27, 424.67);
insert into STATION values (3907, '-', 5745, 262145.71, 451675.74, 424.59);
insert into STATION values (3908, '-', 5745, 262145.47, 451671.38, 424.82);
insert into STATION values (3909, '-', 5745, 262145.29, 451672.41, 425.91);
insert into STATION values (3910, '-', 5745, 262146.18, 451673.11, 422.67);
insert into STATION values (3911, '308', 5745, 262160.33, 451668.86, 417.40);
insert into STATION values (3912, '-', 5745, 262160.72, 451669.55, 417.36);
insert into STATION values (3913, '-', 5745, 262160.50, 451667.96, 417.73);
insert into STATION values (3914, '-', 5745, 262160.73, 451668.86, 418.40);
insert into STATION values (3915, '-', 5745, 262161.14, 451668.75, 416.47);
insert into STATION values (3916, '-', 5745, 262103.80, 451664.02, 444.06);
insert into STATION values (3917, '-', 5745, 262107.85, 451664.11, 443.63);
insert into STATION values (3918, '-', 5745, 262105.26, 451664.42, 445.60);
insert into STATION values (3919, '-', 5745, 262104.81, 451663.70, 442.95);
insert into STATION values (3920, '309', 5745, 262110.99, 451678.32, 447.40);
insert into STATION values (3921, '-', 5745, 262108.10, 451679.18, 449.90);
insert into STATION values (3922, '-', 5745, 262111.99, 451677.89, 447.49);
insert into STATION values (3923, '-', 5745, 262110.44, 451679.50, 450.10);
insert into STATION values (3924, '-', 5745, 262112.68, 451680.41, 445.09);
insert into STATION values (3925, '310', 5745, 262118.64, 451684.82, 448.29);
insert into STATION values (3926, '-', 5745, 262118.26, 451686.85, 448.93);
insert into STATION values (3927, '-', 5745, 262119.93, 451682.19, 448.88);
insert into STATION values (3928, '-', 5745, 262119.08, 451685.81, 459.20);
insert into STATION values (3929, '-', 5745, 262118.80, 451685.32, 446.85);
insert into STATION values (3930, '311', 5745, 262123.32, 451684.88, 447.76);
insert into STATION values (3931, '-', 5745, 262123.26, 451686.55, 448.61);
insert into STATION values (3932, '-', 5745, 262123.08, 451682.61, 448.11);
insert into STATION values (3933, '-', 5745, 262123.38, 451685.62, 453.38);
insert into STATION values (3934, '-', 5745, 262123.58, 451684.86, 446.72);
insert into STATION values (3935, '312', 5745, 262130.75, 451687.30, 443.36);
insert into STATION values (3936, '-', 5745, 262131.02, 451687.40, 442.64);
insert into STATION values (3937, '-', 5745, 262130.83, 451686.97, 443.18);
insert into STATION values (3938, '-', 5745, 262130.96, 451687.27, 443.93);
insert into STATION values (3939, '-', 5745, 262130.75, 451687.26, 442.63);
insert into STATION values (3940, '313', 5745, 262121.18, 451690.84, 453.67);
insert into STATION values (3941, '-', 5745, 262119.37, 451691.85, 454.23);
insert into STATION values (3942, '-', 5745, 262121.46, 451690.83, 453.82);
insert into STATION values (3943, '-', 5745, 262120.60, 451691.45, 455.06);
insert into STATION values (3944, '-', 5745, 262121.04, 451691.85, 452.31);
insert into STATION values (3945, '314', 5745, 262121.17, 451694.08, 452.26);
insert into STATION values (3946, '-', 5745, 262120.19, 451695.83, 452.51);
insert into STATION values (3947, '-', 5745, 262122.67, 451693.25, 452.35);
insert into STATION values (3948, '-', 5745, 262121.18, 451695.13, 455.64);
insert into STATION values (3949, '-', 5745, 262122.82, 451694.55, 450.15);
insert into STATION values (3950, '315', 5745, 262127.01, 451696.61, 453.83);
insert into STATION values (3951, '-', 5745, 262125.60, 451697.97, 453.96);
insert into STATION values (3952, '-', 5745, 262127.49, 451696.59, 453.88);
insert into STATION values (3953, '-', 5745, 262126.66, 451697.26, 454.71);
insert into STATION values (3954, '-', 5745, 262127.19, 451697.56, 451.78);
insert into STATION values (3955, '316', 5745, 262126.49, 451701.48, 452.33);
insert into STATION values (3956, '-', 5745, 262125.93, 451701.62, 452.15);
insert into STATION values (3957, '-', 5745, 262127.36, 451702.21, 452.03);
insert into STATION values (3958, '-', 5745, 262126.35, 451701.87, 453.06);
insert into STATION values (3959, '-', 5745, 262125.86, 451702.18, 450.85);
insert into STATION values (3960, '317', 5745, 262122.11, 451700.19, 449.02);
insert into STATION values (3961, '-', 5745, 261952.43, 451608.93, 437.60);
insert into STATION values (3962, '-', 5745, 261979.71, 451613.67, 439.94);
insert into STATION values (3963, '-', 5745, 261971.10, 451603.10, 446.60);
insert into STATION values (3964, '-', 5745, 261970.98, 451603.51, 436.72);
insert into STATION values (3965, '318', 5745, 261960.59, 451625.76, 435.98);
insert into STATION values (3966, '-', 5745, 261954.68, 451625.03, 436.22);
insert into STATION values (3967, '-', 5745, 261963.11, 451627.07, 437.04);
insert into STATION values (3968, '-', 5745, 261959.90, 451626.63, 441.09);
insert into STATION values (3969, '-', 5745, 261960.96, 451626.57, 435.33);
insert into STATION values (3970, '319', 5745, 261960.66, 451640.82, 436.01);
insert into STATION values (3971, '-', 5745, 261957.60, 451641.23, 435.55);
insert into STATION values (3972, '-', 5745, 261966.22, 451637.03, 438.51);
insert into STATION values (3973, '-', 5745, 261962.66, 451641.45, 440.61);
insert into STATION values (3974, '-', 5745, 261961.11, 451640.96, 434.89);
insert into STATION values (3975, '320', 5745, 261958.92, 451643.39, 436.08);
insert into STATION values (3976, '321', 5745, 261976.24, 451643.77, 435.91);
insert into STATION values (3977, '-', 5745, 261967.85, 451648.11, 437.70);
insert into STATION values (3978, '-', 5745, 261978.14, 451643.65, 437.47);
insert into STATION values (3979, '-', 5745, 261975.75, 451645.37, 442.25);
insert into STATION values (3980, '-', 5745, 261975.99, 451644.30, 434.85);
insert into STATION values (3981, '322', 5745, 261973.26, 451670.91, 437.43);
insert into STATION values (3982, '-', 5745, 261966.37, 451673.97, 438.08);
insert into STATION values (3983, '-', 5745, 261977.10, 451670.72, 437.10);
insert into STATION values (3984, '-', 5745, 261973.92, 451671.40, 447.34);
insert into STATION values (3985, '-', 5745, 261973.12, 451671.33, 436.38);
insert into STATION values (3986, '323', 5745, 261975.23, 451688.23, 435.99);
insert into STATION values (3987, '-', 5745, 261968.88, 451684.22, 436.08);
insert into STATION values (3988, '-', 5745, 261990.93, 451685.91, 437.94);
insert into STATION values (3989, '-', 5745, 261975.24, 451687.27, 442.60);
insert into STATION values (3990, '-', 5745, 261975.45, 451688.00, 434.94);
insert into STATION values (3991, '-', 5745, 261979.55, 451678.42, 440.01);
insert into STATION values (3992, '-', 5745, 261971.86, 451682.50, 438.92);
insert into STATION values (3993, '-', 5745, 261964.97, 451687.27, 438.99);
insert into STATION values (3994, '-', 5745, 261965.63, 451693.88, 437.93);
insert into STATION values (3995, '-', 5745, 261948.14, 451691.05, 438.81);
insert into STATION values (3996, '-', 5745, 261973.54, 451694.52, 438.45);
insert into STATION values (3997, '-', 5745, 261979.48, 451696.25, 438.33);
insert into STATION values (3998, '-', 5745, 261981.25, 451688.80, 441.86);
insert into STATION values (3999, '-', 5745, 261971.53, 451691.04, 441.56);
insert into STATION values (4000, '324', 5745, 261985.28, 451691.20, 435.84);
insert into STATION values (4001, '-', 5745, 261979.91, 451697.11, 436.08);
insert into STATION values (4002, '-', 5745, 261992.35, 451689.61, 436.89);
insert into STATION values (4003, '-', 5745, 261986.46, 451691.28, 440.40);
insert into STATION values (4004, '-', 5745, 261989.82, 451692.38, 433.67);
insert into STATION values (4005, '325', 5745, 261998.26, 451702.60, 429.53);
insert into STATION values (4006, '-', 5745, 261999.46, 451704.72, 429.47);
insert into STATION values (4007, '-', 5745, 261998.15, 451696.90, 430.40);
insert into STATION values (4008, '-', 5745, 261998.49, 451701.79, 439.36);
insert into STATION values (4009, '-', 5745, 261998.28, 451701.73, 427.95);
insert into STATION values (4010, '326', 5745, 262010.08, 451700.46, 424.47);
insert into STATION values (4011, '-', 5745, 262005.53, 451707.95, 425.78);
insert into STATION values (4012, '-', 5745, 262011.13, 451698.20, 425.39);
insert into STATION values (4013, '-', 5745, 262010.68, 451703.38, 431.41);
insert into STATION values (4014, '-', 5745, 262009.73, 451701.36, 422.73);
insert into STATION values (4015, '327', 5745, 262017.84, 451712.89, 430.02);
insert into STATION values (4016, '-', 5745, 262017.93, 451714.27, 430.12);
insert into STATION values (4017, '-', 5745, 262020.93, 451705.81, 433.21);
insert into STATION values (4018, '-', 5745, 262019.43, 451712.20, 434.82);
insert into STATION values (4019, '-', 5745, 262018.17, 451713.23, 428.85);
insert into STATION values (4020, '328', 5745, 262029.75, 451716.67, 431.41);
insert into STATION values (4021, '-', 5745, 262025.17, 451718.28, 431.25);
insert into STATION values (4022, '-', 5745, 262037.60, 451716.20, 433.41);
insert into STATION values (4023, '-', 5745, 262036.20, 451719.52, 441.86);
insert into STATION values (4024, '-', 5745, 262030.94, 451717.39, 430.18);
insert into STATION values (4025, '-', 5745, 262043.17, 451722.27, 439.58);
insert into STATION values (4026, '329', 5745, 262032.14, 451736.88, 426.63);
insert into STATION values (4027, '-', 5745, 262026.47, 451739.88, 424.82);
insert into STATION values (4028, '-', 5745, 262035.95, 451738.68, 426.11);
insert into STATION values (4029, '-', 5745, 262031.73, 451737.91, 430.45);
insert into STATION values (4030, '-', 5745, 262031.86, 451737.34, 425.57);
insert into STATION values (4031, '330', 5745, 262036.75, 451750.04, 427.78);
insert into STATION values (4032, '-', 5745, 262033.61, 451751.44, 427.84);
insert into STATION values (4033, '-', 5745, 262037.37, 451750.14, 427.89);
insert into STATION values (4034, '-', 5745, 262036.80, 451750.84, 430.74);
insert into STATION values (4035, '-', 5745, 262035.39, 451750.77, 424.55);
insert into STATION values (4036, '331', 5745, 262036.21, 451754.65, 427.91);
insert into STATION values (4037, '-', 5745, 262035.47, 451755.23, 427.54);
insert into STATION values (4038, '-', 5745, 262039.11, 451755.19, 428.60);
insert into STATION values (4039, '-', 5745, 262036.36, 451754.77, 428.71);
insert into STATION values (4040, '-', 5745, 262036.49, 451754.83, 426.81);
insert into STATION values (4041, '337', 5745, 262054.65, 451745.60, 442.81);
insert into STATION values (4042, '332', 5745, 262054.99, 451774.70, 431.12);
insert into STATION values (4043, '-', 5745, 262049.71, 451778.22, 428.17);
insert into STATION values (4044, '-', 5745, 262062.08, 451770.10, 434.95);
insert into STATION values (4045, '-', 5745, 262056.49, 451774.60, 435.08);
insert into STATION values (4046, '-', 5745, 262055.42, 451774.69, 430.28);
insert into STATION values (4047, '333', 5745, 262077.27, 451806.45, 438.61);
insert into STATION values (4048, '-', 5745, 262073.98, 451808.88, 439.15);
insert into STATION values (4049, '-', 5745, 262080.24, 451804.56, 440.01);
insert into STATION values (4050, '-', 5745, 262077.78, 451807.29, 442.02);
insert into STATION values (4051, '-', 5745, 262077.82, 451806.71, 437.45);
insert into STATION values (4052, '334', 5745, 262096.12, 451827.62, 438.59);
insert into STATION values (4053, '-', 5745, 262088.38, 451834.10, 435.14);
insert into STATION values (4054, '-', 5745, 262097.12, 451827.23, 438.73);
insert into STATION values (4055, '-', 5745, 262095.62, 451829.10, 440.74);
insert into STATION values (4056, '-', 5745, 262093.92, 451831.86, 433.34);
insert into STATION values (4057, '335', 5745, 262105.18, 451850.14, 439.62);
insert into STATION values (4058, '-', 5745, 262099.75, 451854.33, 436.87);
insert into STATION values (4059, '-', 5745, 262109.35, 451850.66, 440.25);
insert into STATION values (4060, '-', 5745, 262105.40, 451850.60, 440.66);
insert into STATION values (4061, '-', 5745, 262105.12, 451850.56, 438.35);
insert into STATION values (4062, '336', 5745, 262109.38, 451857.39, 440.82);
insert into STATION values (4063, '-', 5745, 262107.25, 451857.18, 440.78);
insert into STATION values (4064, '-', 5745, 262113.29, 451857.50, 441.09);
insert into STATION values (4065, '-', 5745, 262109.50, 451857.61, 442.08);
insert into STATION values (4066, '-', 5745, 262109.07, 451857.29, 439.86);
insert into STATION values (4067, '-', 5745, 261995.90, 451698.64, 430.26);
insert into STATION values (4068, '-', 5745, 261999.67, 451704.57, 430.10);
insert into STATION values (4069, '-', 5745, 261998.13, 451703.57, 440.67);
insert into STATION values (4070, '-', 5745, 261998.12, 451702.88, 428.89);
insert into STATION values (4071, '338', 5745, 261983.17, 451712.17, 433.12);
insert into STATION values (4072, '-', 5745, 261982.03, 451710.12, 433.81);
insert into STATION values (4073, '-', 5745, 261982.91, 451713.96, 434.21);
insert into STATION values (4074, '-', 5745, 261980.32, 451713.92, 441.97);
insert into STATION values (4075, '-', 5745, 261983.64, 451712.14, 431.92);
insert into STATION values (4076, '-', 5745, 261980.33, 451715.77, 426.66);
insert into STATION values (4077, '-', 5745, 261979.19, 451718.52, 428.60);
insert into STATION values (4078, '-', 5745, 261980.17, 451716.85, 438.34);
insert into STATION values (4079, '-', 5745, 261970.40, 451714.97, 447.91);
insert into STATION values (4080, '339', 5745, 261972.91, 451707.83, 425.53);
insert into STATION values (4081, '-', 5745, 261983.91, 451712.34, 433.30);
insert into STATION values (4082, '-', 5745, 261981.68, 451710.45, 433.91);
insert into STATION values (4083, '-', 5745, 261980.05, 451716.76, 441.98);
insert into STATION values (4084, '-', 5745, 261982.65, 451711.38, 431.65);
insert into STATION values (4085, '341', 5745, 261979.19, 451716.35, 428.36);
insert into STATION values (4086, '340', 5745, 261981.96, 451712.87, 433.12);
insert into STATION values (4087, '-', 5745, 261983.24, 451714.25, 434.36);
insert into STATION values (4088, '-', 5745, 261978.49, 451710.91, 435.63);
insert into STATION values (4089, '-', 5745, 261983.34, 451714.53, 440.67);
insert into STATION values (4090, '-', 5745, 261981.33, 451714.12, 429.59);
insert into STATION values (4091, '-', 5745, 261970.47, 451682.06, 437.73);
insert into STATION values (4092, '-', 5745, 261973.11, 451693.97, 436.08);
insert into STATION values (4093, '-', 5745, 261973.82, 451689.01, 442.08);
insert into STATION values (4094, '-', 5745, 261974.91, 451688.38, 434.86);
insert into STATION values (4095, '342', 5745, 261956.06, 451691.63, 438.00);
insert into STATION values (4096, '-', 5745, 261954.16, 451688.52, 437.70);
insert into STATION values (4097, '-', 5745, 261955.88, 451691.94, 438.03);
insert into STATION values (4098, '-', 5745, 261953.38, 451691.59, 443.95);
insert into STATION values (4099, '-', 5745, 261955.84, 451689.78, 434.84);
insert into STATION values (4100, '343', 5745, 261948.60, 451689.49, 438.07);
insert into STATION values (4101, '-', 5745, 261948.59, 451688.84, 438.16);
insert into STATION values (4102, '-', 5745, 261948.11, 451690.35, 438.30);
insert into STATION values (4103, '-', 5745, 261946.13, 451689.65, 440.17);
insert into STATION values (4104, '-', 5745, 261947.65, 451689.04, 436.20);
insert into STATION values (4105, '344', 5745, 261933.74, 451688.45, 436.58);
insert into STATION values (4106, '-', 5745, 261934.01, 451687.76, 436.79);
insert into STATION values (4107, '-', 5745, 261933.57, 451688.94, 436.85);
insert into STATION values (4108, '-', 5745, 261933.90, 451688.33, 437.40);
insert into STATION values (4109, '-', 5745, 261934.43, 451688.00, 435.83);
insert into STATION values (4110, '345', 5745, 261929.85, 451688.03, 436.13);
insert into STATION values (4111, '-', 5745, 261929.79, 451687.66, 436.31);
insert into STATION values (4112, '-', 5745, 261929.70, 451689.17, 436.22);
insert into STATION values (4113, '-', 5745, 261929.26, 451689.28, 438.88);
insert into STATION values (4114, '-', 5745, 261929.72, 451687.99, 434.96);
insert into STATION values (4115, '346', 5745, 261926.55, 451688.65, 429.47);
insert into STATION values (4116, '-', 5745, 261927.80, 451689.62, 429.66);
insert into STATION values (4117, '-', 5745, 261924.74, 451686.75, 429.47);
insert into STATION values (4118, '-', 5745, 261927.49, 451688.61, 437.07);
insert into STATION values (4119, '-', 5745, 261926.38, 451688.49, 428.20);
insert into STATION values (4120, '347', 5745, 261931.08, 451684.94, 429.14);
insert into STATION values (4121, '348', 5745, 261937.59, 451674.58, 401.30);
insert into STATION values (4122, '-', 5745, 261934.82, 451679.29, 414.23);
insert into STATION values (4123, '-', 5745, 261936.17, 451674.66, 401.77);
insert into STATION values (4124, '349', 5745, 261924.28, 451691.61, 431.13);
insert into STATION values (4125, '-', 5745, 261923.13, 451691.01, 431.04);
insert into STATION values (4126, '-', 5745, 261925.53, 451692.67, 431.32);
insert into STATION values (4127, '-', 5745, 261923.13, 451693.63, 437.06);
insert into STATION values (4128, '-', 5745, 261924.47, 451691.68, 429.21);
insert into STATION values (4129, '350', 5745, 261923.27, 451694.45, 430.93);
insert into STATION values (4130, '-', 5745, 261921.38, 451693.57, 431.16);
insert into STATION values (4131, '-', 5745, 261923.73, 451695.13, 430.84);
insert into STATION values (4132, '-', 5745, 261923.27, 451694.52, 432.72);
insert into STATION values (4133, '-', 5745, 261923.00, 451694.64, 429.05);
insert into STATION values (4134, '351', 5745, 261915.92, 451701.41, 423.35);
insert into STATION values (4135, '-', 5745, 261915.02, 451700.25, 423.31);
insert into STATION values (4136, '-', 5745, 261916.07, 451702.33, 423.51);
insert into STATION values (4137, '-', 5745, 261915.78, 451701.54, 424.28);
insert into STATION values (4138, '-', 5745, 261915.88, 451701.32, 423.05);
insert into STATION values (4139, '352', 5745, 261914.17, 451701.82, 423.25);
insert into STATION values (4140, '-', 5745, 261914.01, 451701.62, 423.30);
insert into STATION values (4141, '-', 5745, 261914.63, 451703.15, 423.51);
insert into STATION values (4142, '-', 5745, 261914.19, 451701.86, 423.60);
insert into STATION values (4143, '-', 5745, 261914.14, 451701.79, 422.88);
insert into STATION values (4144, '353', 5745, 261911.24, 451706.55, 424.49);
insert into STATION values (4145, '-', 5745, 261908.76, 451703.81, 424.74);
insert into STATION values (4146, '-', 5745, 261911.74, 451708.30, 424.12);
insert into STATION values (4147, '-', 5745, 261910.75, 451706.50, 425.97);
insert into STATION values (4148, '-', 5745, 261911.11, 451706.57, 423.09);
insert into STATION values (4149, '354', 5745, 261901.31, 451711.40, 428.03);
insert into STATION values (4150, '-', 5745, 261900.97, 451710.14, 428.18);
insert into STATION values (4151, '-', 5745, 261901.03, 451712.40, 428.01);
insert into STATION values (4152, '-', 5745, 261901.08, 451710.94, 430.82);
insert into STATION values (4153, '-', 5745, 261901.69, 451711.47, 427.21);
insert into STATION values (4154, '-', 5745, 261908.88, 451705.41, 430.39);
insert into STATION values (4155, '-', 5745, 261902.96, 451707.19, 428.50);
insert into STATION values (4156, '-', 5745, 261903.01, 451708.35, 431.78);
insert into STATION values (4157, '-', 5745, 261909.58, 451710.68, 436.35);
insert into STATION values (4158, '-', 5745, 261908.65, 451718.61, 439.08);
insert into STATION values (4159, '-', 5745, 261906.45, 451714.97, 430.59);
insert into STATION values (4160, '-', 5745, 261900.77, 451718.25, 436.16);
insert into STATION values (4161, '355', 5745, 261889.90, 451708.94, 428.74);
insert into STATION values (4162, '-', 5745, 261889.88, 451708.65, 428.75);
insert into STATION values (4163, '-', 5745, 261889.03, 451713.34, 429.06);
insert into STATION values (4164, '-', 5745, 261889.44, 451709.35, 431.74);
insert into STATION values (4165, '-', 5745, 261889.96, 451708.53, 427.38);
insert into STATION values (4166, '-', 5745, 261951.63, 451607.50, 434.96);
insert into STATION values (4167, '-', 5745, 261964.33, 451592.14, 441.10);
insert into STATION values (4168, '-', 5745, 261961.79, 451597.54, 445.08);
insert into STATION values (4169, '-', 5745, 261960.66, 451595.30, 437.73);
insert into STATION values (4170, '356', 5745, 261953.47, 451607.36, 433.41);
insert into STATION values (4171, '-', 5745, 261951.63, 451607.96, 434.38);
insert into STATION values (4172, '-', 5745, 261955.60, 451609.45, 432.88);
insert into STATION values (4173, '-', 5745, 261953.38, 451608.25, 435.43);
insert into STATION values (4174, '-', 5745, 261953.87, 451607.77, 432.61);
insert into STATION values (4175, '357', 5745, 261955.85, 451611.43, 427.63);
insert into STATION values (4176, '-', 5745, 261951.30, 451610.64, 428.63);
insert into STATION values (4177, '-', 5745, 261957.36, 451612.20, 427.88);
insert into STATION values (4178, '-', 5745, 261955.29, 451611.88, 430.03);
insert into STATION values (4179, '-', 5745, 261955.35, 451611.89, 426.12);
insert into STATION values (4180, '358', 5745, 261948.41, 451632.17, 413.16);
insert into STATION values (4181, '-', 5745, 261946.03, 451631.36, 413.50);
insert into STATION values (4182, '-', 5745, 261953.17, 451637.71, 413.93);
insert into STATION values (4183, '-', 5745, 261948.92, 451633.78, 419.74);
insert into STATION values (4184, '-', 5745, 261948.06, 451632.36, 412.46);
insert into STATION values (4185, '359', 5745, 261940.81, 451646.39, 401.27);
insert into STATION values (4186, '-', 5745, 261939.16, 451646.03, 401.91);
insert into STATION values (4187, '-', 5745, 261946.88, 451651.49, 401.63);
insert into STATION values (4188, '-', 5745, 261945.11, 451654.19, 416.36);
insert into STATION values (4189, '-', 5745, 261943.70, 451650.04, 396.99);
insert into STATION values (4190, '360', 5745, 261932.84, 451659.28, 392.65);
insert into STATION values (4191, '-', 5745, 261929.47, 451659.19, 394.82);
insert into STATION values (4192, '-', 5745, 261940.58, 451663.94, 395.06);
insert into STATION values (4193, '-', 5745, 261932.92, 451659.78, 397.62);
insert into STATION values (4194, '-', 5745, 261933.09, 451659.62, 391.52);
insert into STATION values (4195, '-', 5745, 261918.72, 451630.00, 392.35);
insert into STATION values (4196, '-', 5745, 261922.53, 451649.84, 391.58);
insert into STATION values (4197, '-', 5745, 261930.85, 451660.88, 396.00);
insert into STATION values (4198, '-', 5745, 261936.63, 451669.76, 398.47);
insert into STATION values (4199, '-', 5745, 261938.95, 451661.72, 399.44);
insert into STATION values (4200, '-', 5745, 261941.94, 451659.64, 394.06);
insert into STATION values (4201, '361', 5745, 261930.82, 451673.75, 392.08);
insert into STATION values (4202, '-', 5745, 261927.08, 451671.35, 393.51);
insert into STATION values (4203, '-', 5745, 261933.09, 451676.67, 393.18);
insert into STATION values (4204, '-', 5745, 261929.53, 451676.43, 405.19);
insert into STATION values (4205, '-', 5745, 261930.79, 451674.06, 391.66);
insert into STATION values (4206, '-', 5745, 261934.91, 451683.33, 422.66);
insert into STATION values (4207, '362', 5745, 261924.21, 451678.50, 387.13);
insert into STATION values (4208, '-', 5745, 261921.65, 451677.34, 385.81);
insert into STATION values (4209, '-', 5745, 261926.21, 451681.38, 387.82);
insert into STATION values (4210, '-', 5745, 261924.67, 451680.21, 392.14);
insert into STATION values (4211, '-', 5745, 261923.92, 451678.39, 385.86);
insert into STATION values (4212, '363', 5745, 261917.78, 451690.46, 382.42);
insert into STATION values (4213, '-', 5745, 261914.79, 451689.25, 382.86);
insert into STATION values (4214, '-', 5745, 261923.66, 451691.54, 383.96);
insert into STATION values (4215, '-', 5745, 261917.72, 451690.63, 384.97);
insert into STATION values (4216, '-', 5745, 261917.46, 451691.03, 380.78);
insert into STATION values (4217, '364', 5745, 261918.17, 451698.16, 385.21);
insert into STATION values (4218, '-', 5745, 261918.58, 451705.87, 387.98);
insert into STATION values (4219, '-', 5745, 261911.96, 451695.39, 389.08);
insert into STATION values (4220, '-', 5745, 261918.47, 451698.31, 394.45);
insert into STATION values (4221, '-', 5745, 261918.12, 451698.22, 383.86);
insert into STATION values (4222, '-', 5745, 261922.78, 451707.98, 386.31);
insert into STATION values (4223, '-', 5745, 261922.23, 451708.15, 386.45);
insert into STATION values (4224, '-', 5745, 261911.65, 451713.06, 395.67);
insert into STATION values (4225, '-', 5745, 261920.51, 451710.26, 388.03);
insert into STATION values (4226, '-', 5745, 261926.89, 451706.61, 387.05);
insert into STATION values (4227, '-', 5745, 261930.27, 451696.48, 383.82);
insert into STATION values (4228, '365', 5745, 261906.20, 451709.19, 387.78);
insert into STATION values (4229, '-', 5745, 261906.58, 451696.55, 386.92);
insert into STATION values (4230, '-', 5745, 261905.98, 451710.80, 388.67);
insert into STATION values (4231, '-', 5745, 261903.88, 451709.97, 394.13);
insert into STATION values (4232, '-', 5745, 261906.39, 451707.22, 385.27);
insert into STATION values (4233, '366', 5745, 261895.92, 451704.15, 389.18);
insert into STATION values (4234, '-', 5745, 261896.16, 451703.55, 389.22);
insert into STATION values (4235, '-', 5745, 261896.04, 451707.75, 389.69);
insert into STATION values (4236, '-', 5745, 261896.40, 451707.87, 393.09);
insert into STATION values (4237, '-', 5745, 261896.39, 451704.22, 387.90);
insert into STATION values (4238, '367', 5745, 261882.54, 451705.58, 397.73);
insert into STATION values (4239, '-', 5745, 261882.77, 451704.95, 397.86);
insert into STATION values (4240, '-', 5745, 261882.80, 451704.97, 397.89);
insert into STATION values (4241, '-', 5745, 261882.79, 451705.45, 398.58);
insert into STATION values (4242, '-', 5745, 261882.70, 451705.46, 396.83);
insert into STATION values (4243, '-', 5745, 261932.64, 451644.72, 390.52);
insert into STATION values (4244, '-', 5745, 261927.36, 451663.10, 392.49);
insert into STATION values (4245, '-', 5745, 261933.45, 451660.12, 397.57);
insert into STATION values (4246, '-', 5745, 261932.89, 451659.38, 391.38);
insert into STATION values (4247, '368', 5745, 261929.85, 451648.11, 386.68);
insert into STATION values (4248, '-', 5745, 261932.34, 451647.16, 386.90);
insert into STATION values (4249, '-', 5745, 261921.17, 451648.62, 387.60);
insert into STATION values (4250, '-', 5745, 261929.02, 451646.21, 393.87);
insert into STATION values (4251, '-', 5745, 261929.82, 451648.05, 384.86);
insert into STATION values (4252, '369', 5745, 261920.76, 451633.82, 378.93);
insert into STATION values (4253, '-', 5745, 261924.31, 451631.72, 382.50);
insert into STATION values (4254, '-', 5745, 261915.02, 451641.66, 376.19);
insert into STATION values (4255, '-', 5745, 261919.32, 451634.45, 390.79);
insert into STATION values (4256, '-', 5745, 261920.46, 451633.42, 377.77);
insert into STATION values (4257, '370', 5745, 261907.71, 451641.55, 368.34);
insert into STATION values (4258, '-', 5745, 261903.81, 451637.73, 366.64);
insert into STATION values (4259, '-', 5745, 261908.89, 451643.61, 368.00);
insert into STATION values (4260, '-', 5745, 261907.19, 451641.74, 370.57);
insert into STATION values (4261, '-', 5745, 261907.49, 451640.94, 366.77);
insert into STATION values (4262, '371', 5745, 261896.77, 451646.18, 358.90);
insert into STATION values (4263, '-', 5745, 261895.10, 451644.48, 358.15);
insert into STATION values (4264, '-', 5745, 261897.42, 451650.81, 358.55);
insert into STATION values (4265, '-', 5745, 261896.70, 451646.67, 360.28);
insert into STATION values (4266, '-', 5745, 261896.10, 451646.32, 356.86);
insert into STATION values (4267, '372', 5745, 261884.68, 451645.57, 350.90);
insert into STATION values (4268, '-', 5745, 261889.87, 451638.22, 351.02);
insert into STATION values (4269, '-', 5745, 261883.90, 451646.41, 350.93);
insert into STATION values (4270, '-', 5745, 261884.73, 451645.49, 352.86);
insert into STATION values (4271, '-', 5745, 261884.29, 451645.82, 349.97);
insert into STATION values (4272, '373', 5745, 261882.58, 451643.88, 350.75);
insert into STATION values (4273, '-', 5745, 261923.39, 451632.51, 381.73);
insert into STATION values (4274, '-', 5745, 261909.23, 451635.65, 378.07);
insert into STATION values (4275, '-', 5745, 261918.55, 451632.50, 391.83);
insert into STATION values (4276, '-', 5745, 261920.09, 451634.12, 378.08);
insert into STATION values (4277, '374', 5745, 261914.23, 451619.32, 390.70);
insert into STATION values (4278, '-', 5745, 261916.30, 451617.44, 393.46);
insert into STATION values (4279, '-', 5745, 261915.15, 451618.28, 391.33);
insert into STATION values (4280, '-', 5745, 261913.29, 451620.29, 391.36);
insert into STATION values (4281, '-', 5745, 261915.87, 451617.72, 392.20);
insert into STATION values (4282, '375', 5745, 261912.19, 451614.92, 391.05);
insert into STATION values (4283, '263', 6276, 261849.82, 451417.60, 438.68);
insert into STATION values (4284, '-', 6276, 261862.35, 451411.69, 438.96);
insert into STATION values (4285, '-', 6276, 261845.68, 451409.55, 438.11);
insert into STATION values (4286, '-', 6276, 261850.41, 451416.45, 447.59);
insert into STATION values (4287, '-', 6276, 261850.11, 451417.00, 437.66);
insert into STATION values (4288, '393', 6276, 261853.62, 451389.64, 445.14);
insert into STATION values (4289, '-', 6276, 261854.84, 451389.87, 445.48);
insert into STATION values (4290, '-', 6276, 261851.30, 451389.13, 445.16);
insert into STATION values (4291, '-', 6276, 261852.83, 451389.13, 448.85);
insert into STATION values (4292, '-', 6276, 261853.06, 451386.85, 441.88);
insert into STATION values (4293, '394', 6276, 261854.60, 451379.48, 443.64);
insert into STATION values (4294, '-', 6276, 261857.98, 451379.09, 446.45);
insert into STATION values (4295, '-', 6276, 261851.66, 451379.53, 443.63);
insert into STATION values (4296, '-', 6276, 261854.64, 451378.72, 448.93);
insert into STATION values (4297, '-', 6276, 261854.34, 451379.07, 442.55);
insert into STATION values (4298, '395', 6276, 261850.53, 451382.53, 438.65);
insert into STATION values (4299, '396', 6276, 261865.94, 451360.14, 458.17);
insert into STATION values (4300, '397', 6276, 261853.84, 451371.17, 442.69);
insert into STATION values (4301, '-', 6276, 261856.10, 451370.82, 442.56);
insert into STATION values (4302, '-', 6276, 261852.28, 451370.60, 442.57);
insert into STATION values (4303, '-', 6276, 261854.62, 451369.90, 448.47);
insert into STATION values (4304, '-', 6276, 261855.14, 451370.37, 441.05);
insert into STATION values (4305, '398', 6276, 261855.44, 451356.28, 447.60);
insert into STATION values (4306, '-', 6276, 261857.54, 451361.00, 448.22);
insert into STATION values (4307, '-', 6276, 261854.14, 451354.09, 449.15);
insert into STATION values (4308, '-', 6276, 261854.95, 451355.75, 453.14);
insert into STATION values (4309, '-', 6276, 261855.76, 451356.00, 446.50);
insert into STATION values (4310, '399', 6276, 261861.73, 451355.57, 445.89);
insert into STATION values (4311, '-', 6276, 261862.53, 451356.36, 445.74);
insert into STATION values (4312, '-', 6276, 261859.52, 451352.44, 446.05);
insert into STATION values (4313, '-', 6276, 261860.03, 451354.92, 450.70);
insert into STATION values (4314, '-', 6276, 261861.85, 451354.06, 443.39);
insert into STATION values (4315, '400', 6276, 261863.40, 451352.32, 442.30);
insert into STATION values (4316, '-', 6276, 261863.69, 451354.42, 443.57);
insert into STATION values (4317, '-', 6276, 261862.77, 451349.44, 444.96);
insert into STATION values (4318, '-', 6276, 261861.86, 451352.93, 447.12);
insert into STATION values (4319, '-', 6276, 261862.31, 451352.70, 441.26);
insert into STATION values (4320, '401', 6276, 261866.79, 451354.51, 442.29);
insert into STATION values (4321, '-', 6276, 261869.83, 451354.69, 443.58);
insert into STATION values (4322, '-', 6276, 261865.14, 451355.79, 443.32);
insert into STATION values (4323, '-', 6276, 261866.80, 451354.03, 445.38);
insert into STATION values (4324, '-', 6276, 261867.19, 451354.00, 441.44);
insert into STATION values (4325, '402', 6276, 261874.02, 451332.02, 459.12);
insert into STATION values (4326, '-', 6276, 261850.92, 451405.94, 432.25);
insert into STATION values (4327, '286', 6389, 261953.50, 451548.71, 439.90);
insert into STATION values (4328, '-', 6389, 261957.97, 451551.01, 441.05);
insert into STATION values (4329, '-', 6389, 261955.15, 451544.34, 441.29);
insert into STATION values (4330, '-', 6389, 261954.89, 451548.11, 446.51);
insert into STATION values (4331, '-', 6389, 261954.04, 451548.73, 439.17);
insert into STATION values (4332, '376', 6389, 261960.08, 451548.28, 441.72);
insert into STATION values (4333, '-', 6389, 261960.18, 451548.53, 441.80);
insert into STATION values (4334, '-', 6389, 261960.51, 451545.67, 442.23);
insert into STATION values (4335, '-', 6389, 261960.73, 451548.90, 444.45);
insert into STATION values (4336, '-', 6389, 261960.65, 451548.31, 440.67);
insert into STATION values (4337, '377', 6389, 261975.80, 451546.62, 439.94);
insert into STATION values (4338, '-', 6389, 261975.76, 451548.08, 440.22);
insert into STATION values (4339, '-', 6389, 261975.87, 451546.24, 440.02);
insert into STATION values (4340, '-', 6389, 261977.08, 451548.59, 444.90);
insert into STATION values (4341, '-', 6389, 261976.38, 451546.80, 438.73);
insert into STATION values (4342, '378', 6389, 261989.86, 451549.27, 441.29);
insert into STATION values (4343, '-', 6389, 261989.88, 451549.50, 441.37);
insert into STATION values (4344, '-', 6389, 261989.85, 451548.49, 441.41);
insert into STATION values (4345, '-', 6389, 261989.97, 451549.52, 442.75);
insert into STATION values (4346, '-', 6389, 261990.28, 451549.54, 439.93);
insert into STATION values (4347, '379', 6389, 262000.20, 451547.74, 439.04);
insert into STATION values (4348, '-', 6389, 262000.40, 451549.04, 439.60);
insert into STATION values (4349, '-', 6389, 262000.27, 451547.13, 438.76);
insert into STATION values (4350, '-', 6389, 262001.18, 451550.62, 444.73);
insert into STATION values (4351, '-', 6389, 262000.10, 451547.34, 437.68);
insert into STATION values (4352, '-', 6389, 262001.74, 451550.76, 445.51);
insert into STATION values (4353, '380', 6389, 262007.29, 451546.77, 433.77);
insert into STATION values (4354, '-', 6389, 261957.31, 451545.08, 441.98);
insert into STATION values (4355, '-', 6389, 261941.40, 451554.92, 437.80);
insert into STATION values (4356, '-', 6389, 261952.39, 451548.76, 447.56);
insert into STATION values (4357, '-', 6389, 261953.09, 451548.63, 438.92);
insert into STATION values (4358, '381', 6389, 261950.01, 451543.51, 439.60);
insert into STATION values (4359, '-', 6389, 261951.06, 451542.34, 440.16);
insert into STATION values (4360, '-', 6389, 261940.05, 451553.19, 439.54);
insert into STATION values (4361, '-', 6389, 261948.55, 451541.76, 448.68);
insert into STATION values (4362, '-', 6389, 261949.78, 451543.25, 438.83);
insert into STATION values (4363, '-', 6389, 261934.67, 451534.45, 441.30);
insert into STATION values (4364, '-', 6389, 261930.69, 451543.99, 441.91);
insert into STATION values (4365, '-', 6389, 261928.03, 451547.55, 442.33);
insert into STATION values (4366, '-', 6389, 261939.25, 451549.75, 441.93);
insert into STATION values (4367, '-', 6389, 261944.42, 451557.34, 442.06);
insert into STATION values (4368, '-', 6389, 261958.18, 451551.63, 443.00);
insert into STATION values (4369, '-', 6389, 261961.61, 451556.88, 450.61);
insert into STATION values (4370, '-', 6389, 261956.57, 451562.18, 448.50);
insert into STATION values (4371, '-', 6389, 261954.93, 451545.09, 444.54);
insert into STATION values (4372, '-', 6389, 261947.13, 451567.59, 431.85);
insert into STATION values (4373, '-', 6389, 261943.11, 451554.07, 432.97);
insert into STATION values (4374, '-', 6389, 261946.32, 451529.31, 440.18);
insert into STATION values (4375, '-', 6389, 261946.27, 451528.98, 440.37);
insert into STATION values (4376, '382', 6389, 261937.40, 451555.05, 449.06);
insert into STATION values (4377, '-', 6389, 261937.08, 451554.72, 449.15);
insert into STATION values (4378, '-', 6389, 261937.80, 451555.53, 449.12);
insert into STATION values (4379, '-', 6389, 261937.78, 451554.54, 455.08);
insert into STATION values (4380, '-', 6389, 261937.17, 451555.42, 448.32);
insert into STATION values (4381, '383', 6389, 261935.23, 451556.24, 449.45);
insert into STATION values (4382, '-', 6389, 261934.73, 451555.58, 449.57);
insert into STATION values (4383, '-', 6389, 261935.91, 451557.23, 449.88);
insert into STATION values (4384, '-', 6389, 261935.12, 451556.99, 455.03);
insert into STATION values (4385, '-', 6389, 261934.44, 451556.37, 448.04);
insert into STATION values (4386, '384', 6389, 261927.93, 451559.26, 449.59);
insert into STATION values (4387, '-', 6389, 261927.79, 451559.11, 449.64);
insert into STATION values (4388, '-', 6389, 261928.29, 451560.25, 449.77);
insert into STATION values (4389, '-', 6389, 261926.26, 451562.36, 464.58);
insert into STATION values (4390, '-', 6389, 261927.68, 451560.36, 447.28);
insert into STATION values (4391, '385', 6389, 261916.51, 451568.46, 451.76);
insert into STATION values (4392, '-', 6389, 261916.03, 451567.69, 451.95);
insert into STATION values (4393, '-', 6389, 261916.50, 451568.84, 451.93);
insert into STATION values (4394, '-', 6389, 261915.77, 451568.56, 458.20);
insert into STATION values (4395, '-', 6389, 261916.24, 451568.80, 451.23);
insert into STATION values (4396, '-', 6389, 261924.50, 451562.33, 445.18);
insert into STATION values (4397, '386', 6389, 261911.13, 451569.97, 455.21);
insert into STATION values (4398, '-', 6389, 261911.79, 451568.31, 455.56);
insert into STATION values (4399, '-', 6389, 261911.05, 451570.39, 455.24);
insert into STATION values (4400, '-', 6389, 261911.83, 451569.83, 460.90);
insert into STATION values (4401, '-', 6389, 261910.70, 451569.92, 454.78);
insert into STATION values (4402, '387', 6389, 261911.79, 451567.55, 456.59);
insert into STATION values (4403, '-', 6389, 261912.18, 451566.54, 457.03);
insert into STATION values (4404, '-', 6389, 261911.45, 451569.36, 456.65);
insert into STATION values (4405, '-', 6389, 261911.93, 451568.84, 461.34);
insert into STATION values (4406, '-', 6389, 261912.09, 451566.97, 455.86);
insert into STATION values (4407, '-', 6389, 261911.27, 451570.02, 456.38);
insert into STATION values (4408, '-', 6389, 261912.06, 451567.21, 456.63);
insert into STATION values (4409, '-', 6389, 261912.11, 451569.75, 461.05);
insert into STATION values (4410, '-', 6389, 261910.93, 451568.84, 454.83);
insert into STATION values (4411, '388', 6389, 261913.65, 451573.24, 461.89);
insert into STATION values (4412, '-', 6389, 261912.31, 451573.31, 461.91);
insert into STATION values (4413, '-', 6389, 261913.84, 451573.31, 461.98);
insert into STATION values (4414, '-', 6389, 261913.48, 451573.05, 462.90);
insert into STATION values (4415, '-', 6389, 261914.19, 451574.00, 460.73);
insert into STATION values (4416, '389', 6389, 261911.82, 451577.38, 458.95);
insert into STATION values (4417, '-', 6389, 261911.58, 451577.47, 459.01);
insert into STATION values (4418, '-', 6389, 261913.48, 451577.87, 459.02);
insert into STATION values (4419, '-', 6389, 261911.97, 451577.58, 459.99);
insert into STATION values (4420, '-', 6389, 261912.72, 451577.87, 457.74);
insert into STATION values (4421, '390', 6389, 261912.89, 451580.05, 459.37);
insert into STATION values (4422, '391', 6389, 261913.23, 451580.90, 459.53);
insert into STATION values (4423, '-', 6389, 261911.51, 451580.78, 459.69);
insert into STATION values (4424, '-', 6389, 261913.77, 451580.12, 459.61);
insert into STATION values (4425, '-', 6389, 261913.52, 451580.67, 459.90);
insert into STATION values (4426, '-', 6389, 261913.27, 451580.47, 459.25);
insert into STATION values (4427, '-', 6389, 261915.84, 451583.89, 458.02);
insert into STATION values (4428, '392', 6389, 261913.98, 451582.00, 459.04);
insert into STATION_FLAG values(4428, 'ent');
insert into STATION values (4429, '-', 6389, 261911.55, 451581.83, 458.92);
insert into STATION values (4430, '-', 6389, 261908.38, 451583.24, 460.19);
insert into STATION values (4431, '-', 6389, 261910.47, 451584.06, 458.56);
insert into STATION values (4432, '-', 6389, 261909.32, 451591.38, 453.86);
insert into STATION values (4433, '-', 6389, 261903.43, 451597.09, 452.99);
insert into STATION values (4434, '-', 6389, 261911.63, 451589.34, 455.15);
insert into STATION values (4435, '-', 6389, 261908.51, 451596.63, 453.78);
insert into STATION values (4436, '-', 6389, 261905.46, 451596.41, 452.38);
insert into STATION values (4437, '-', 6389, 261905.35, 451593.14, 453.25);
insert into STATION values (4438, '-', 6389, 261915.11, 451590.84, 455.88);
insert into STATION values (4439, '-', 6389, 261913.70, 451585.58, 456.04);
insert into STATION values (4440, '-', 6389, 261917.77, 451585.80, 457.40);
insert into STATION values (4441, '-', 6389, 261923.09, 451592.58, 460.43);
insert into STATION values (4442, '-', 6389, 261921.26, 451587.81, 458.79);
insert into STATION values (4443, '-', 6389, 261929.94, 451593.04, 464.53);
insert into STATION values (4444, '-', 6389, 261920.67, 451584.29, 459.48);
insert into STATION values (4445, '-', 6389, 261916.36, 451581.52, 458.73);
insert into STATION values (4446, '-', 6389, 261916.82, 451580.75, 460.44);
insert into STATION values (4447, '-', 6389, 261911.96, 451590.61, 455.45);
insert into STATION values (4448, '-', 6389, 261909.02, 451592.28, 456.90);
insert into STATION values (4449, '-', 6389, 261912.16, 451605.64, 459.01);
insert into STATION values (4450, '-', 6389, 261923.79, 451583.61, 461.92);
insert into STATION values (4451, '-', 6389, 261930.57, 451584.34, 465.07);
insert into STATION values (4452, '-', 6389, 261914.14, 451579.96, 461.50);
insert into STATION values (4453, '-', 6389, 261915.92, 451580.52, 460.96);
insert into STATION values (4454, '-', 6389, 261913.14, 451581.09, 460.21);
insert into STATION values (4455, '-', 6389, 261912.80, 451581.36, 459.08);
insert into STATION values (4456, '-', 6389, 261914.11, 451580.51, 459.02);
insert into STATION values (4457, '0', 6534, 261642.51, 451341.54, 306.00);
insert into STATION values (4458, '1', 6534, 261635.86, 451355.01, 309.64);
insert into STATION values (4459, '2', 6534, 261632.02, 451361.44, 310.70);
insert into STATION values (4460, '3', 6534, 261625.34, 451385.24, 306.24);
insert into STATION values (4461, '4', 6534, 261613.30, 451410.76, 310.90);
insert into STATION values (4462, '5', 6534, 261610.64, 451426.40, 312.68);
insert into STATION values (4463, '6', 6534, 261609.51, 451437.08, 318.77);
insert into STATION values (4464, '7', 6534, 261609.42, 451449.79, 316.39);
insert into STATION values (4465, '8', 6534, 261609.70, 451462.58, 312.15);
insert into STATION values (4466, '9', 6534, 261606.36, 451467.55, 317.95);
insert into STATION values (4467, '10', 6534, 261595.04, 451479.11, 320.48);
insert into STATION values (4468, '11', 6534, 261612.38, 451491.20, 328.20);
insert into STATION values (4469, '12', 6534, 261599.82, 451507.03, 329.51);
insert into STATION values (4470, '13', 6534, 261592.96, 451514.28, 327.81);
insert into STATION values (4471, '14', 6534, 261586.07, 451523.74, 321.58);
insert into STATION values (4472, '15', 6534, 261584.54, 451519.38, 320.92);
insert into STATION values (4473, '16', 6534, 261584.82, 451515.21, 319.19);
insert into STATION values (4474, '17', 6534, 261578.51, 451500.24, 307.16);
insert into STATION values (4475, '18', 6534, 261620.46, 451498.65, 331.83);
insert into STATION values (4476, '19', 6534, 261635.72, 451500.28, 336.62);
insert into STATION values (4477, '20', 6534, 261652.12, 451493.38, 338.74);
insert into STATION values (4478, '21', 6534, 261652.84, 451500.37, 336.63);
insert into STATION values (4479, '22', 6534, 261583.34, 451467.47, 306.44);
insert into STATION values (4480, '23', 6534, 261574.08, 451459.91, 296.22);
insert into STATION values (4481, '24', 6534, 261575.12, 451456.05, 293.28);
insert into STATION values (4482, '25', 6534, 261577.32, 451443.23, 281.89);
insert into STATION values (4483, '26', 6534, 261564.47, 451430.11, 273.63);
insert into STATION values (4484, '27', 6534, 261539.36, 451434.22, 277.57);
insert into STATION values (4485, '28', 6534, 261558.50, 451411.49, 267.72);
insert into STATION values (4486, '29', 6534, 261540.66, 451392.66, 262.08);
insert into STATION values (4487, '30', 6534, 261533.92, 451375.36, 268.59);
insert into STATION values (4488, '31', 6534, 261534.50, 451363.26, 271.76);
insert into STATION values (4489, '32', 6534, 261539.72, 451350.76, 271.31);
insert into STATION values (4490, '33', 6534, 261532.54, 451334.30, 278.01);
insert into STATION values (4491, '34', 6534, 261526.37, 451318.19, 279.44);
insert into STATION values (4492, '35', 6534, 261515.55, 451319.41, 275.99);
insert into STATION values (4493, '36', 6534, 261502.62, 451295.68, 270.85);
insert into STATION values (4494, '37', 6534, 261502.24, 451264.30, 280.19);
insert into STATION values (4495, '38', 6534, 261500.03, 451229.58, 293.83);
insert into STATION values (4496, '39', 6534, 261502.65, 451217.72, 301.59);
insert into STATION values (4497, '40', 6534, 261509.29, 451196.83, 315.51);
insert into STATION values (4498, '41', 6534, 261515.18, 451176.36, 330.65);
insert into STATION values (4499, '42', 6534, 261512.57, 451154.44, 344.55);
insert into STATION values (4500, '43', 6534, 261578.72, 451423.95, 265.02);
insert into STATION values (4501, '44', 6534, 261579.88, 451410.32, 253.84);
insert into STATION values (4502, '45', 6534, 261588.30, 451386.00, 243.11);
insert into STATION values (4503, '-', 6534, 261623.95, 451384.48, 313.12);
insert into STATION values (4504, '-', 6534, 261625.24, 451385.19, 304.46);
insert into STATION values (4505, '-', 6534, 261623.42, 451384.83, 299.87);
insert into STATION values (4506, '-', 6534, 261620.61, 451383.27, 305.46);
insert into STATION values (4507, '-', 6534, 261617.63, 451378.10, 309.07);
insert into STATION values (4508, '-', 6534, 261631.17, 451387.69, 305.84);
insert into STATION values (4509, '-', 6534, 261637.56, 451365.60, 319.87);
insert into STATION values (4510, '-', 6534, 261636.23, 451371.91, 316.96);
insert into STATION values (4511, '-', 6534, 261633.15, 451389.51, 307.60);
insert into STATION values (4512, '-', 6534, 261609.81, 451424.40, 323.60);
insert into STATION values (4513, '-', 6534, 261610.63, 451426.44, 312.20);
insert into STATION values (4514, '-', 6534, 261607.25, 451424.94, 306.39);
insert into STATION values (4515, '-', 6534, 261604.35, 451426.20, 311.98);
insert into STATION values (4516, '-', 6534, 261611.57, 451426.04, 312.62);
insert into STATION values (4517, '-', 6534, 261610.23, 451436.65, 323.48);
insert into STATION values (4518, '-', 6534, 261609.35, 451436.81, 317.05);
insert into STATION values (4519, '-', 6534, 261608.56, 451436.82, 318.88);
insert into STATION values (4520, '-', 6534, 261613.39, 451438.95, 318.71);
insert into STATION values (4521, '-', 6534, 261621.90, 451438.26, 327.98);
insert into STATION values (4522, '-', 6534, 261609.65, 451450.00, 318.11);
insert into STATION values (4523, '-', 6534, 261609.59, 451450.04, 314.23);
insert into STATION values (4524, '-', 6534, 261607.71, 451450.47, 316.12);
insert into STATION values (4525, '-', 6534, 261613.15, 451448.66, 316.57);
insert into STATION values (4526, '-', 6534, 261620.54, 451446.05, 326.96);
insert into STATION values (4527, '-', 6534, 261606.26, 451468.65, 329.90);
insert into STATION values (4528, '-', 6534, 261606.56, 451467.58, 316.36);
insert into STATION values (4529, '-', 6534, 261602.32, 451464.15, 317.64);
insert into STATION values (4530, '-', 6534, 261606.26, 451457.18, 309.44);
insert into STATION values (4531, '-', 6534, 261606.49, 451467.67, 317.94);
insert into STATION values (4532, '-', 6534, 261597.12, 451479.44, 332.25);
insert into STATION values (4533, '-', 6534, 261595.48, 451479.04, 317.19);
insert into STATION values (4534, '-', 6534, 261599.99, 451491.45, 320.71);
insert into STATION values (4535, '-', 6534, 261594.21, 451478.63, 319.72);
insert into STATION values (4536, '-', 6534, 261565.50, 451458.65, 293.32);
insert into STATION values (4537, '-', 6534, 261580.63, 451475.85, 310.83);
insert into STATION values (4538, '-', 6534, 261584.91, 451493.49, 319.44);
insert into STATION values (4539, '-', 6534, 261587.16, 451468.85, 318.20);
insert into STATION values (4540, '-', 6534, 261612.60, 451490.84, 333.22);
insert into STATION values (4541, '-', 6534, 261612.18, 451491.36, 326.82);
insert into STATION values (4542, '-', 6534, 261624.81, 451474.74, 329.38);
insert into STATION values (4543, '-', 6534, 261617.81, 451479.81, 325.91);
insert into STATION values (4544, '-', 6534, 261619.63, 451478.01, 331.25);
insert into STATION values (4545, '-', 6534, 261584.00, 451527.63, 330.72);
insert into STATION values (4546, '-', 6534, 261637.59, 451505.10, 337.70);
insert into STATION values (4547, '-', 6534, 261616.75, 451515.32, 336.62);
insert into STATION values (4548, '-', 6534, 261584.07, 451522.34, 327.73);
insert into STATION values (4549, '-', 6534, 261609.73, 451535.65, 357.04);
insert into STATION values (4550, '-', 6534, 261585.84, 451523.93, 320.13);
insert into STATION values (4551, '-', 6534, 261590.22, 451527.05, 321.78);
insert into STATION values (4552, '-', 6534, 261581.80, 451522.46, 321.93);
insert into STATION values (4553, '-', 6534, 261558.21, 451547.67, 292.84);
insert into STATION values (4554, '-', 6534, 261603.39, 451469.21, 332.89);
insert into STATION values (4555, '-', 6534, 261605.20, 451465.71, 319.45);
insert into STATION values (4556, '-', 6534, 261598.18, 451483.29, 319.30);
insert into STATION values (4557, '-', 6534, 261584.40, 451488.13, 319.36);
insert into STATION values (4558, '-', 6534, 261564.46, 451429.20, 277.65);
insert into STATION values (4559, '-', 6534, 261563.87, 451429.23, 279.11);
insert into STATION values (4560, '-', 6534, 261564.44, 451430.01, 272.43);
insert into STATION values (4561, '-', 6534, 261564.37, 451429.56, 270.43);
insert into STATION values (4562, '-', 6534, 261572.45, 451426.53, 276.08);
insert into STATION values (4563, '-', 6534, 261563.39, 451418.28, 272.83);
insert into STATION values (4564, '-', 6534, 261561.15, 451430.89, 273.46);
insert into STATION values (4565, '-', 6534, 261563.92, 451434.48, 273.33);
insert into STATION values (4566, '-', 6534, 261532.43, 451333.89, 279.94);
insert into STATION values (4567, '-', 6534, 261532.69, 451334.00, 276.88);
insert into STATION values (4568, '-', 6534, 261537.22, 451332.37, 277.92);
insert into STATION values (4569, '-', 6534, 261530.38, 451328.65, 278.50);
insert into STATION values (4570, '-', 6534, 261530.49, 451334.39, 277.81);
insert into STATION values (4571, '-', 6534, 261526.06, 451318.06, 281.67);
insert into STATION values (4572, '-', 6534, 261526.35, 451318.16, 278.81);
insert into STATION values (4573, '-', 6534, 261525.25, 451291.83, 282.40);
insert into STATION values (4574, '-', 6534, 261530.50, 451290.40, 282.93);
insert into STATION values (4575, '-', 6534, 261526.54, 451324.87, 278.25);
insert into STATION values (4576, '-', 6534, 261588.82, 451385.69, 246.12);
insert into STATION values (4577, '-', 6534, 261588.31, 451385.98, 242.34);
insert into STATION values (4578, '-', 6534, 261600.58, 451366.26, 205.06);
insert into STATION values (4579, '-', 6534, 261589.16, 451379.78, 225.87);
insert into STATION values (4580, '-', 6534, 261591.61, 451376.67, 222.23);
insert into STATION values (4581, '-', 6534, 261592.04, 451387.52, 241.88);
insert into STATION values (4582, '-', 6534, 261585.60, 451384.54, 243.30);
insert into STATION values (4583, '0', 6538, 260060.24, 449629.29, 73.61);
insert into STATION values (4584, '1', 6538, 260053.82, 449623.46, 70.77);
insert into STATION values (4585, '-', 6538, 260054.91, 449621.32, 71.87);
insert into STATION values (4586, '-', 6538, 260050.49, 449630.23, 71.27);
insert into STATION values (4587, '-', 6538, 260053.55, 449622.38, 82.60);
insert into STATION values (4588, '-', 6538, 260053.85, 449623.43, 69.79);
insert into STATION values (4589, '-', 6538, 260045.27, 449613.61, 83.16);
insert into STATION values (4590, '-', 6538, 260040.29, 449619.16, 78.34);
insert into STATION values (4591, '-', 6538, 260044.12, 449625.57, 71.50);
insert into STATION values (4592, '-', 6538, 260061.17, 449618.92, 82.69);
insert into STATION values (4593, '-', 6538, 260065.76, 449624.76, 77.66);
insert into STATION values (4594, '-', 6538, 260056.51, 449625.74, 70.27);
insert into STATION values (4595, '-', 6538, 260059.47, 449627.81, 78.56);
insert into STATION values (4596, '-', 6538, 260056.40, 449630.19, 73.19);
insert into STATION values (4597, '-', 6538, 260052.11, 449629.89, 69.51);
insert into STATION values (4598, '-', 6538, 260051.81, 449625.52, 68.82);
insert into STATION values (4599, '-', 6538, 260047.19, 449629.79, 74.52);
insert into STATION values (4600, '-', 6538, 260044.24, 449625.55, 72.70);
insert into STATION values (4601, '-', 6538, 260052.32, 449631.28, 76.11);
insert into STATION values (4602, '-', 6538, 260051.97, 449627.69, 80.07);
insert into STATION values (4603, '2', 6538, 260046.07, 449624.78, 67.57);
insert into STATION values (4604, '-', 6538, 260045.12, 449624.58, 67.63);
insert into STATION values (4605, '-', 6538, 260047.36, 449626.66, 67.19);
insert into STATION values (4606, '-', 6538, 260044.74, 449626.88, 69.89);
insert into STATION values (4607, '-', 6538, 260046.14, 449624.77, 66.42);
insert into STATION values (4608, '-', 6538, 260045.52, 449632.54, 59.09);
insert into STATION values (4609, '888', 6538, 260045.59, 449632.44, 59.54);
insert into STATION values (4610, '889', 6538, 260038.98, 449634.20, 52.52);
insert into STATION values (4611, '-', 6538, 260040.22, 449636.55, 52.81);
insert into STATION values (4612, '-', 6538, 260039.06, 449633.70, 52.69);
insert into STATION values (4613, '-', 6538, 260039.44, 449635.90, 58.76);
insert into STATION values (4614, '-', 6538, 260039.01, 449634.07, 51.17);
insert into STATION values (4615, '-', 6538, 260030.70, 449635.23, 50.47);
insert into STATION values (4616, '-', 6538, 260027.15, 449631.13, 55.66);
insert into STATION values (4617, '-', 6538, 260028.54, 449628.09, 55.58);
insert into STATION values (4618, '-', 6538, 260032.51, 449634.25, 60.80);
insert into STATION values (4619, '-', 6538, 260031.97, 449639.85, 49.81);
insert into STATION values (4620, '-', 6538, 260037.95, 449637.71, 51.62);
insert into STATION values (4621, '-', 6538, 260038.79, 449632.26, 52.61);
insert into STATION values (4622, '890', 6538, 260032.01, 449639.23, 49.78);
insert into STATION values (4623, '-', 6538, 260031.76, 449639.27, 49.80);
insert into STATION values (4624, '-', 6538, 260037.46, 449638.42, 50.32);
insert into STATION values (4625, '-', 6538, 260032.27, 449640.00, 58.59);
insert into STATION values (4626, '-', 6538, 260031.81, 449639.13, 48.31);
insert into STATION values (4627, '891', 6538, 260036.56, 449642.33, 48.96);
insert into STATION values (4628, '-', 6538, 260035.30, 449644.02, 49.39);
insert into STATION values (4629, '-', 6538, 260037.96, 449641.59, 49.17);
insert into STATION values (4630, '-', 6538, 260036.36, 449642.43, 52.12);
insert into STATION values (4631, '-', 6538, 260036.48, 449642.45, 47.52);
insert into STATION values (4632, '892', 6538, 260041.50, 449646.92, 43.04);
insert into STATION values (4633, '893', 6538, 260037.54, 449648.59, 42.94);
insert into STATION values (4634, '894', 6538, 260033.32, 449629.10, 55.11);
insert into STATION values (4635, '-', 6538, 260031.98, 449625.99, 55.30);
insert into STATION values (4636, '-', 6538, 260030.90, 449633.40, 55.16);
insert into STATION values (4637, '-', 6538, 260033.05, 449629.25, 56.56);
insert into STATION values (4638, '-', 6538, 260033.18, 449628.97, 53.40);
insert into STATION values (4639, '895', 6538, 260026.13, 449633.27, 55.36);
insert into STATION values (4640, '-', 6538, 260025.57, 449632.66, 55.41);
insert into STATION values (4641, '-', 6538, 260026.51, 449634.17, 55.52);
insert into STATION values (4642, '-', 6538, 260026.11, 449633.33, 56.07);
insert into STATION values (4643, '-', 6538, 260026.06, 449633.30, 55.13);
insert into STATION values (4644, '896', 6538, 260023.22, 449634.89, 54.79);
insert into STATION values (4645, '-', 6538, 260021.77, 449632.62, 54.93);
insert into STATION values (4646, '-', 6538, 260023.95, 449636.66, 54.89);
insert into STATION values (4647, '-', 6538, 260023.38, 449635.05, 56.32);
insert into STATION values (4648, '-', 6538, 260023.20, 449634.82, 54.02);
insert into STATION values (4649, '897', 6538, 260015.71, 449636.13, 52.44);
insert into STATION values (4650, '-', 6538, 260014.08, 449634.57, 52.99);
insert into STATION values (4651, '-', 6538, 260017.60, 449640.39, 52.81);
insert into STATION values (4652, '-', 6538, 260016.14, 449636.81, 58.67);
insert into STATION values (4653, '-', 6538, 260015.62, 449635.97, 51.24);
insert into STATION values (4654, '898', 6538, 260022.09, 449637.95, 52.56);
insert into STATION values (4655, '-', 6538, 260020.05, 449638.96, 52.38);
insert into STATION values (4656, '-', 6538, 260022.34, 449637.93, 52.59);
insert into STATION values (4657, '-', 6538, 260022.05, 449638.35, 53.71);
insert into STATION values (4658, '-', 6538, 260022.18, 449638.05, 51.19);
insert into STATION values (4659, '899', 6538, 260021.14, 449641.28, 51.59);
insert into STATION values (4660, '-', 6538, 260020.90, 449641.44, 51.63);
insert into STATION values (4661, '-', 6538, 260022.08, 449639.94, 52.03);
insert into STATION values (4662, '-', 6538, 260021.41, 449640.94, 52.38);
insert into STATION values (4663, '-', 6538, 260021.14, 449641.24, 50.95);
insert into STATION values (4664, '900', 6538, 260023.37, 449642.68, 51.56);
insert into STATION values (4665, '-', 6538, 260024.25, 449642.92, 45.81);
insert into STATION values (4666, '901', 6538, 260009.09, 449644.69, 45.76);
insert into STATION values (4667, '-', 6538, 260005.37, 449643.18, 46.22);
insert into STATION values (4668, '-', 6538, 260011.92, 449645.36, 46.20);
insert into STATION values (4669, '-', 6538, 260008.38, 449645.42, 55.32);
insert into STATION values (4670, '-', 6538, 260009.13, 449644.68, 45.41);
insert into STATION values (4671, '-', 6538, 260008.53, 449640.24, 49.01);
insert into STATION values (4672, '-', 6538, 260004.06, 449643.12, 51.24);
insert into STATION values (4673, '-', 6538, 260008.12, 449639.85, 42.45);
insert into STATION values (4674, '-', 6538, 259993.99, 449654.50, 46.59);
insert into STATION values (4675, '-', 6538, 260008.79, 449669.40, 52.31);
insert into STATION values (4676, '-', 6538, 260011.78, 449652.52, 45.32);
insert into STATION values (4677, '902', 6538, 259995.08, 449654.25, 37.73);
insert into STATION values (4678, '-', 6538, 259992.06, 449654.74, 37.24);
insert into STATION values (4679, '-', 6538, 259999.35, 449653.98, 38.98);
insert into STATION values (4680, '-', 6538, 259995.57, 449653.50, 49.35);
insert into STATION values (4681, '-', 6538, 259995.14, 449654.21, 36.86);
insert into STATION values (4682, '-', 6538, 259990.32, 449640.22, 39.71);
insert into STATION values (4683, '-', 6538, 259991.68, 449650.07, 40.03);
insert into STATION values (4684, '-', 6538, 259994.90, 449644.23, 46.87);
insert into STATION values (4685, '-', 6538, 259997.38, 449650.42, 41.74);
insert into STATION values (4686, '-', 6538, 259998.47, 449651.75, 47.85);
insert into STATION values (4687, '-', 6538, 259994.45, 449655.42, 37.81);
insert into STATION values (4688, '-', 6538, 259996.44, 449662.40, 35.51);
insert into STATION values (4689, '-', 6538, 259998.82, 449660.37, 36.43);
insert into STATION values (4690, '-', 6538, 259998.93, 449657.56, 40.64);
insert into STATION values (4691, '-', 6538, 259997.62, 449657.36, 46.55);
insert into STATION values (4692, '903', 6538, 259996.78, 449660.34, 39.41);
insert into STATION values (4693, '-', 6538, 259996.43, 449660.39, 39.46);
insert into STATION values (4694, '-', 6538, 259998.73, 449659.96, 39.49);
insert into STATION values (4695, '-', 6538, 259996.15, 449658.24, 49.33);
insert into STATION values (4696, '-', 6538, 259996.86, 449660.26, 38.62);
insert into STATION values (4697, '904', 6538, 260000.19, 449669.32, 38.63);
insert into STATION values (4698, '-', 6538, 259996.74, 449670.04, 38.94);
insert into STATION values (4699, '-', 6538, 260000.75, 449669.14, 38.77);
insert into STATION values (4700, '-', 6538, 260000.56, 449671.33, 47.86);
insert into STATION values (4701, '-', 6538, 260000.08, 449669.53, 37.68);
insert into STATION values (4702, '905', 6538, 260004.40, 449676.74, 37.05);
insert into STATION values (4703, '-', 6538, 260000.87, 449678.18, 38.29);
insert into STATION values (4704, '-', 6538, 260006.39, 449676.01, 37.25);
insert into STATION values (4705, '-', 6538, 260004.46, 449677.29, 41.33);
insert into STATION values (4706, '-', 6538, 260004.23, 449676.80, 35.50);
insert into STATION values (4707, '906', 6538, 260006.10, 449677.53, 35.80);
insert into STATION values (4708, '-', 6538, 260004.33, 449678.46, 36.10);
insert into STATION values (4709, '-', 6538, 260007.81, 449676.59, 36.03);
insert into STATION values (4710, '-', 6538, 260005.80, 449677.94, 39.78);
insert into STATION values (4711, '-', 6538, 260006.03, 449677.52, 35.40);
insert into STATION values (4712, '-', 6538, 260003.19, 449697.98, 42.71);
insert into STATION values (4713, '-', 6538, 260006.15, 449691.72, 34.12);
insert into STATION values (4714, '-', 6538, 260009.39, 449677.35, 36.02);
insert into STATION values (4715, '-', 6538, 260009.26, 449678.37, 35.54);
insert into STATION values (4716, '-', 6538, 260018.23, 449678.89, 37.16);
insert into STATION values (4717, '907', 6538, 259988.03, 449680.22, 33.65);
insert into STATION values (4718, '-', 6538, 259987.77, 449677.72, 34.20);
insert into STATION values (4719, '-', 6538, 259987.25, 449681.88, 34.09);
insert into STATION values (4720, '-', 6538, 259987.60, 449680.28, 34.94);
insert into STATION values (4721, '-', 6538, 259988.04, 449680.19, 33.25);
insert into STATION values (4722, '908', 6538, 259983.39, 449677.55, 36.37);
insert into STATION values (4723, '-', 6538, 259982.57, 449677.33, 36.51);
insert into STATION values (4724, '-', 6538, 259984.21, 449678.62, 36.53);
insert into STATION values (4725, '-', 6538, 259983.26, 449677.42, 38.99);
insert into STATION values (4726, '-', 6538, 259983.32, 449677.41, 35.43);
insert into STATION values (4727, '909', 6538, 259980.47, 449682.60, 41.13);
insert into STATION values (4728, '-', 6538, 259978.90, 449682.21, 41.40);
insert into STATION values (4729, '-', 6538, 259982.67, 449683.41, 41.67);
insert into STATION values (4730, '-', 6538, 259980.68, 449682.78, 44.63);
insert into STATION values (4731, '-', 6538, 259980.38, 449682.85, 40.69);
insert into STATION values (4732, '910', 6538, 259979.20, 449685.25, 43.57);
insert into STATION values (4733, '-', 6538, 259977.07, 449685.42, 43.85);
insert into STATION values (4734, '-', 6538, 259979.42, 449685.31, 43.63);
insert into STATION values (4735, '-', 6538, 259974.76, 449685.01, 55.43);
insert into STATION values (4736, '-', 6538, 259978.91, 449685.30, 42.10);
insert into STATION values (4737, '911', 6538, 259976.90, 449688.95, 42.22);
insert into STATION values (4738, '-', 6538, 259975.41, 449688.79, 42.70);
insert into STATION values (4739, '-', 6538, 259986.51, 449691.01, 43.04);
insert into STATION values (4740, '-', 6538, 259977.91, 449691.21, 51.87);
insert into STATION values (4741, '-', 6538, 259976.78, 449689.06, 41.54);
insert into STATION values (4742, '-', 6538, 259973.66, 449699.26, 40.94);
insert into STATION values (4743, '-', 6538, 259978.57, 449693.94, 42.07);
insert into STATION values (4744, '-', 6538, 259984.76, 449697.38, 42.88);
insert into STATION values (4745, '-', 6538, 259988.90, 449688.37, 42.80);
insert into STATION values (4746, '-', 6538, 259983.53, 449684.78, 44.95);
insert into STATION values (4747, '-', 6538, 259985.90, 449686.54, 52.02);
insert into STATION values (4748, '-', 6538, 259979.99, 449691.12, 56.28);
insert into STATION values (4749, '-', 6538, 259973.14, 449695.03, 51.62);
insert into STATION values (4750, '-', 6538, 259964.39, 449697.23, 46.60);
insert into STATION values (4751, '-', 6538, 259968.97, 449703.07, 42.80);
insert into STATION values (4752, '-', 6538, 259975.52, 449699.46, 39.79);
insert into STATION values (4753, '-', 6538, 259970.13, 449688.89, 51.73);
insert into STATION values (4754, '-', 6538, 259976.42, 449683.72, 55.55);
insert into STATION values (4755, '-', 6538, 259975.99, 449686.07, 44.47);
insert into STATION values (4756, '912', 6538, 259969.86, 449695.58, 43.89);
insert into STATION values (4757, '-', 6538, 259965.97, 449694.39, 45.26);
insert into STATION values (4758, '-', 6538, 259971.01, 449697.37, 43.86);
insert into STATION values (4759, '-', 6538, 259969.95, 449698.10, 53.20);
insert into STATION values (4760, '-', 6538, 259969.51, 449695.51, 42.81);
insert into STATION values (4761, '913', 6538, 259962.98, 449706.62, 44.12);
insert into STATION values (4762, '-', 6538, 259960.71, 449706.48, 45.26);
insert into STATION values (4763, '-', 6538, 259964.90, 449708.27, 44.41);
insert into STATION values (4764, '-', 6538, 259960.63, 449707.46, 54.46);
insert into STATION values (4765, '-', 6538, 259963.50, 449707.26, 42.88);
insert into STATION values (4766, '914', 6538, 259961.43, 449713.18, 44.46);
insert into STATION values (4767, '-', 6538, 259960.92, 449710.69, 44.60);
insert into STATION values (4768, '-', 6538, 259962.89, 449714.99, 44.64);
insert into STATION values (4769, '-', 6538, 259961.11, 449712.25, 52.37);
insert into STATION values (4770, '-', 6538, 259961.44, 449713.17, 43.99);
insert into STATION values (4771, '915', 6538, 259944.84, 449712.84, 50.85);
insert into STATION values (4772, '-', 6538, 259946.67, 449710.52, 50.91);
insert into STATION values (4773, '-', 6538, 259945.03, 449714.47, 51.46);
insert into STATION values (4774, '-', 6538, 259946.24, 449713.59, 56.60);
insert into STATION values (4775, '-', 6538, 259945.28, 449712.65, 49.89);
insert into STATION values (4776, '-', 6538, 259947.15, 449709.36, 46.72);
insert into STATION values (4777, '916', 6538, 259942.26, 449711.30, 51.17);
insert into STATION values (4778, '-', 6538, 259944.50, 449707.54, 50.86);
insert into STATION values (4779, '-', 6538, 259942.11, 449711.94, 51.31);
insert into STATION values (4780, '-', 6538, 259939.75, 449709.17, 82.15);
insert into STATION values (4781, '-', 6538, 259942.41, 449711.30, 49.57);
insert into STATION values (4782, '-', 6538, 259939.54, 449707.54, 82.47);
insert into STATION values (4783, '-', 6538, 259942.41, 449709.84, 51.19);
insert into STATION values (4784, '-', 6538, 259945.31, 449708.72, 47.08);
insert into STATION values (4785, '-', 6538, 259942.40, 449712.66, 51.24);
insert into STATION values (4786, '-', 6538, 259942.48, 449716.05, 63.21);
insert into STATION values (4787, '-', 6538, 259938.74, 449713.85, 64.19);
insert into STATION values (4788, '0', 6651, 259609.06, 448880.08, 23.47);
insert into STATION values (4789, '1', 6651, 259605.13, 448878.33, 28.79);
insert into STATION values (4790, '16s1', 6651, 259618.05, 448881.62, 28.26);
insert into STATION values (4791, '16s2', 6651, 259608.45, 448878.20, 15.93);
insert into STATION values (4792, '16s3', 6651, 259617.60, 448881.05, 15.61);
insert into STATION values (4793, '16s4', 6651, 259605.78, 448890.89, 16.33);
insert into STATION values (4794, '0', 6658, 259583.62, 448892.04, 43.73);
insert into STATION values (4795, '1', 6658, 259582.40, 448891.92, 47.29);
insert into STATION values (4796, '2', 6658, 259584.67, 448892.50, 42.43);
insert into STATION values (4797, '3', 6658, 259584.82, 448887.88, 38.08);
insert into STATION values (4798, '4', 6658, 259585.98, 448885.55, 32.46);
insert into STATION values (4799, '5', 6658, 259587.33, 448885.81, 32.21);
insert into STATION values (4800, '6', 6658, 259592.92, 448882.08, 21.51);
insert into STATION values (4801, '7', 6658, 259594.92, 448881.87, 21.52);
insert into STATION values (4802, '8', 6658, 259595.36, 448878.01, 17.98);
insert into STATION values (4803, '9', 6658, 259605.78, 448890.89, 16.33);
insert into STATION values (4804, '1', 6667, 259364.60, 449046.88, 52.55);
insert into STATION values (4805, '1a', 6667, 259367.49, 449049.78, 55.42);
insert into STATION values (4806, '2', 6667, 259350.11, 449021.79, 44.79);
insert into STATION values (4807, '3', 6667, 259353.03, 448988.43, 50.69);
insert into STATION values (4808, '4', 6667, 259353.03, 448974.91, 54.32);
insert into STATION values (4809, '5', 6667, 259344.39, 448965.65, 51.39);
insert into STATION values (4810, '6', 6667, 259332.62, 448953.46, 49.91);
insert into STATION values (4811, '6a', 6667, 259334.68, 448950.04, 50.19);
insert into STATION values (4812, '6b', 6667, 259341.91, 448945.70, 56.10);
insert into STATION values (4813, '7', 6667, 259328.10, 448949.10, 50.35);
insert into STATION values (4814, '8', 6667, 259324.54, 448951.32, 50.35);
insert into STATION values (4815, '9', 6667, 259319.75, 448952.79, 48.62);
insert into STATION values (4816, '10', 6667, 259318.61, 448959.24, 44.04);
insert into STATION values (4817, '11', 6667, 259316.63, 448964.14, 40.60);
insert into STATION values (4818, '12', 6667, 259318.27, 448972.58, 39.24);
insert into STATION values (4819, '13', 6667, 259315.45, 448973.66, 41.20);
insert into STATION values (4820, '14', 6667, 259315.43, 448975.19, 39.92);
insert into STATION values (4821, '15', 6667, 259315.43, 448975.19, 27.32);
insert into STATION values (4822, '16', 6667, 259316.02, 448978.54, 24.85);
insert into STATION values (4823, '17', 6667, 259316.25, 448981.17, 22.71);
insert into STATION values (4824, '18', 6667, 259313.29, 448981.37, 21.26);
insert into STATION values (4825, '19', 6667, 259316.04, 448983.61, 17.32);
insert into STATION values (4826, '20', 6667, 259316.62, 448987.27, 15.83);
insert into STATION values (4827, '1', 6706, 259316.62, 448987.27, 15.83);
insert into STATION values (4828, '2', 6706, 259323.50, 449028.70, 17.61);
insert into STATION values (4829, '3', 6706, 259306.25, 449052.75, 20.53);
insert into STATION values (4830, '4', 6706, 259296.43, 449060.60, 23.14);
insert into STATION values (4831, '5', 6706, 259293.57, 449075.14, 19.88);
insert into STATION values (4832, '6', 6706, 259271.59, 449091.81, 19.10);
insert into STATION values (4833, '7', 6706, 259238.21, 449102.66, 19.12);
insert into STATION values (4834, '8', 6706, 259228.31, 449104.63, 21.24);
insert into STATION values (4835, '9', 6706, 259203.81, 449112.53, 22.06);
insert into STATION values (4836, '10', 6706, 259163.24, 449112.15, 20.91);
insert into STATION values (4837, '11', 6706, 259163.48, 449105.09, 22.43);
insert into STATION values (4838, '47', 6706, 259164.00, 449125.00, 20.00);
insert into STATION values (4839, 'm0', 6710, 259756.38, 448902.93, 16.83);
insert into STATION values (4840, '0', 6710, 259766.97, 448885.97, 16.83);
insert into STATION values (4841, '1', 6710, 259761.13, 448876.62, 18.38);
insert into STATION values (4842, '2', 6710, 259755.24, 448871.32, 19.49);
insert into STATION values (4843, '3', 6710, 259749.40, 448871.42, 22.34);
insert into STATION values (4844, '4', 6710, 259749.88, 448866.83, 20.57);
insert into STATION values (4845, '5', 6710, 259747.40, 448865.16, 20.67);
insert into STATION values (4846, '6', 6710, 259746.44, 448862.91, 21.42);
insert into STATION values (4847, '7', 6710, 259744.83, 448861.69, 23.59);
insert into STATION values (4848, '8', 6710, 259742.99, 448860.54, 23.82);
insert into STATION values (4849, '9', 6710, 259739.54, 448861.40, 25.33);
insert into STATION values (4850, '10', 6710, 259736.27, 448856.56, 29.42);
insert into STATION values (4851, '11', 6710, 259732.74, 448859.74, 28.32);
insert into STATION values (4852, '12', 6710, 259732.74, 448859.74, 30.02);
insert into STATION values (4853, '13', 6710, 259730.47, 448856.73, 32.37);
insert into STATION values (4854, '14', 6710, 259729.28, 448859.29, 34.66);
insert into STATION values (4855, '15', 6710, 259727.71, 448862.24, 38.24);
insert into STATION values (4856, '16', 6710, 259718.03, 448863.43, 44.33);
insert into STATION values (4857, '13a', 6710, 259724.34, 448852.44, 27.13);
insert into STATION values (4858, '14a', 6710, 259729.67, 448851.86, 34.79);
insert into STATION values (4859, '14b', 6710, 259701.50, 448798.89, 34.79);
insert into STATION values (4860, '15a', 6710, 259727.71, 448862.24, 49.24);
insert into STATION values (4861, '1', 6735, 262264.11, 451704.29, 449.09);
insert into STATION values (4862, '2', 6735, 262267.28, 451709.01, 447.14);
insert into STATION values (4863, '1a', 6735, 262259.98, 451708.98, 448.09);
insert into STATION values (4864, '1b', 6735, 262271.20, 451700.43, 449.72);
insert into STATION values (4865, '1c', 6735, 262264.06, 451704.71, 459.30);
insert into STATION values (4866, '1d', 6735, 262263.49, 451705.35, 446.82);
insert into STATION values (4867, '1e', 6735, 262263.62, 451706.30, 449.31);
insert into STATION values (4868, '2a', 6735, 262265.81, 451713.19, 449.74);
insert into STATION values (4869, '2b', 6735, 262269.77, 451700.22, 450.10);
insert into STATION values (4870, '2c', 6735, 262267.41, 451707.78, 460.16);
insert into STATION values (4871, '2d', 6735, 262267.33, 451708.82, 446.20);
insert into STATION values (4872, '3', 6735, 262287.19, 451706.87, 445.76);
insert into STATION values (4873, '3a', 6735, 262282.74, 451698.72, 450.71);
insert into STATION values (4874, '3b', 6735, 262287.59, 451713.61, 447.16);
insert into STATION values (4875, '3c', 6735, 262287.19, 451706.14, 458.50);
insert into STATION values (4876, '3d', 6735, 262286.63, 451706.13, 443.31);
insert into STATION values (4877, '4', 6735, 262299.72, 451702.45, 448.43);
insert into STATION values (4878, '4a', 6735, 262302.66, 451688.07, 451.37);
insert into STATION values (4879, '4b', 6735, 262301.14, 451726.25, 447.18);
insert into STATION values (4880, '4c', 6735, 262298.84, 451702.97, 459.76);
insert into STATION values (4881, '4d', 6735, 262301.93, 451705.88, 443.76);
insert into STATION values (4882, '4e', 6735, 262301.49, 451703.23, 448.38);
insert into STATION values (4883, '4f', 6735, 262290.30, 451697.17, 450.64);
insert into STATION values (4884, '4g', 6735, 262299.82, 451704.20, 456.71);
insert into STATION values (4885, '4h', 6735, 262298.94, 451703.19, 446.51);
insert into STATION values (4886, '5', 6735, 262289.64, 451687.82, 454.59);
insert into STATION values (4887, '5a', 6735, 262296.69, 451712.39, 460.36);
insert into STATION values (4888, '6', 6735, 262281.08, 451671.24, 452.35);
insert into STATION values (4889, '5b', 6735, 262295.57, 451683.82, 453.67);
insert into STATION values (4890, '5c', 6735, 262287.30, 451689.21, 454.76);
insert into STATION values (4891, '5d', 6735, 262289.49, 451686.34, 458.71);
insert into STATION values (4892, '5e', 6735, 262291.05, 451686.53, 452.27);
insert into STATION values (4893, '6a', 6735, 262289.24, 451665.21, 456.27);
insert into STATION values (4894, '6b', 6735, 262278.91, 451671.51, 452.28);
insert into STATION values (4895, '6c', 6735, 262283.81, 451671.50, 459.04);
insert into STATION values (4896, '6d', 6735, 262281.99, 451669.20, 449.73);
insert into STATION values (4897, '7', 6735, 262300.01, 451720.97, 446.86);
insert into STATION values (4898, '4i', 6735, 262295.63, 451709.44, 447.00);
insert into STATION values (4899, '4j', 6735, 262301.73, 451702.91, 448.27);
insert into STATION values (4900, '4k', 6735, 262299.25, 451705.63, 456.13);
insert into STATION values (4901, '4l', 6735, 262299.49, 451703.10, 446.86);
insert into STATION values (4902, '7a', 6735, 262298.26, 451721.17, 446.84);
insert into STATION values (4903, '7b', 6735, 262303.53, 451720.09, 447.04);
insert into STATION values (4904, '7c', 6735, 262300.95, 451719.73, 455.77);
insert into STATION values (4905, '7d', 6735, 262299.81, 451721.01, 445.87);
insert into STATION values (4906, '8', 6735, 262307.13, 451727.00, 455.87);
insert into STATION values (4907, '9', 6735, 262308.87, 451733.40, 461.86);
insert into STATION values (4908, '8a', 6735, 262305.03, 451727.56, 456.01);
insert into STATION values (4909, '8b', 6735, 262317.71, 451724.41, 456.84);
insert into STATION values (4910, '8c', 6735, 262307.20, 451726.50, 459.23);
insert into STATION values (4911, '8d', 6735, 262307.60, 451726.37, 453.55);
insert into STATION values (4912, '9a', 6735, 262306.27, 451734.18, 461.87);
insert into STATION values (4913, '9b', 6735, 262310.82, 451732.87, 461.77);
insert into STATION values (4914, '9c', 6735, 262315.60, 451730.41, 461.74);
insert into STATION values (4915, '9d', 6735, 262308.84, 451733.48, 463.07);
insert into STATION values (4916, '9e', 6735, 262308.38, 451733.02, 459.04);
insert into STATION values (4917, '10', 6735, 262311.51, 451732.66, 461.96);
insert into STATION values (4918, '10a', 6735, 262307.11, 451733.18, 460.97);
insert into STATION values (4919, '10b', 6735, 262317.76, 451733.09, 462.27);
insert into STATION values (4920, '10c', 6735, 262310.97, 451732.88, 466.24);
insert into STATION values (4921, '10d', 6735, 262311.50, 451732.65, 461.48);
insert into STATION values (4922, '11', 6735, 262309.01, 451740.48, 468.35);
insert into STATION values (4923, '11a', 6735, 262307.81, 451741.59, 468.39);
insert into STATION values (4924, '11b', 6735, 262312.68, 451738.07, 468.71);
insert into STATION values (4925, '11c', 6735, 262308.92, 451740.52, 469.68);
insert into STATION values (4926, '11d', 6735, 262309.23, 451740.33, 466.57);
insert into STATION values (4927, '12', 6735, 262317.43, 451742.73, 476.47);
insert into STATION values (4928, '12a', 6735, 262315.57, 451747.11, 477.09);
insert into STATION values (4929, '12b', 6735, 262317.90, 451741.05, 476.54);
insert into STATION values (4930, '12c', 6735, 262318.05, 451743.36, 479.98);
insert into STATION values (4931, '12d', 6735, 262317.66, 451742.56, 474.65);
insert into STATION values (4932, '13', 6735, 262327.25, 451748.17, 485.09);
insert into STATION values (4933, '13a', 6735, 262326.54, 451757.61, 484.02);
insert into STATION values (4934, '13b', 6735, 262327.48, 451744.58, 484.59);
insert into STATION values (4935, '13c', 6735, 262326.52, 451748.08, 487.24);
insert into STATION values (4936, '13d', 6735, 262326.29, 451748.22, 482.13);
insert into STATION values (4937, '14', 6735, 262333.87, 451746.69, 489.12);
insert into STATION values (4938, '14a', 6735, 262334.06, 451747.13, 489.16);
insert into STATION values (4939, '14b', 6735, 262334.17, 451745.13, 489.08);
insert into STATION values (4940, '14c', 6735, 262333.78, 451746.86, 489.90);
insert into STATION values (4941, '14d', 6735, 262333.97, 451746.63, 488.81);
insert into STATION values (4942, '15', 6735, 262336.10, 451745.83, 491.65);
insert into STATION values (4943, '15a', 6735, 262334.63, 451746.61, 491.31);
insert into STATION values (4944, '15b', 6735, 262336.58, 451745.89, 491.54);
insert into STATION values (4945, '15c', 6735, 262336.06, 451745.74, 492.51);
insert into STATION values (4946, '15d', 6735, 262335.77, 451745.45, 488.46);
insert into STATION values (4947, '16', 6735, 262335.95, 451749.73, 496.73);
insert into STATION values (4948, '16a', 6735, 262335.11, 451749.28, 496.80);
insert into STATION values (4949, '16b', 6735, 262336.72, 451749.78, 496.74);
insert into STATION values (4950, '16c', 6735, 262335.90, 451749.60, 497.65);
insert into STATION values (4951, '16d', 6735, 262335.40, 451749.80, 495.52);
insert into STATION values (4952, '17', 6735, 262338.32, 451754.23, 505.63);
insert into STATION values (4953, '17a', 6735, 262335.22, 451755.67, 506.12);
insert into STATION values (4954, '17b', 6735, 262353.05, 451751.29, 504.07);
insert into STATION values (4955, '17c', 6735, 262338.47, 451754.31, 510.75);
insert into STATION values (4956, '17d', 6735, 262338.26, 451754.39, 504.78);
insert into STATION values (4957, '17e', 6735, 262334.71, 451757.22, 521.50);
insert into STATION values (4958, '17f', 6735, 262347.05, 451757.39, 512.12);
insert into STATION values (4959, '17g', 6735, 262346.26, 451757.44, 525.71);
insert into STATION values (4960, '18', 6735, 262358.79, 451756.96, 513.85);
insert into STATION values (4961, '18a', 6735, 262356.27, 451762.38, 513.54);
insert into STATION values (4962, '18b', 6735, 262360.50, 451751.01, 512.60);
insert into STATION values (4963, '18c', 6735, 262358.53, 451757.45, 516.48);
insert into STATION values (4964, '18d', 6735, 262359.57, 451757.38, 512.34);
insert into STATION values (4965, '18e', 6735, 262349.65, 451769.52, 505.78);
insert into STATION values (4966, '19', 6735, 262370.62, 451754.99, 519.66);
insert into STATION values (4967, '19a', 6735, 262369.76, 451756.97, 519.42);
insert into STATION values (4968, '19b', 6735, 262371.76, 451752.74, 519.08);
insert into STATION values (4969, '19c', 6735, 262370.86, 451755.03, 520.44);
insert into STATION values (4970, '19d', 6735, 262370.94, 451755.04, 519.01);
insert into STATION values (4971, '20', 6735, 262375.03, 451756.65, 524.79);
insert into STATION values (4972, '20a', 6735, 262372.85, 451759.55, 525.34);
insert into STATION values (4973, '20b', 6735, 262375.49, 451755.85, 525.00);
insert into STATION values (4974, '20c', 6735, 262374.39, 451756.77, 525.88);
insert into STATION values (4975, '20d', 6735, 262375.01, 451756.32, 523.38);
insert into STATION values (4976, '21', 6735, 262375.25, 451760.82, 533.24);
insert into STATION values (4977, '21a', 6735, 262374.36, 451761.89, 533.18);
insert into STATION values (4978, '21b', 6735, 262376.38, 451759.51, 533.24);
insert into STATION values (4979, '21c', 6735, 262375.33, 451761.12, 534.58);
insert into STATION values (4980, '21d', 6735, 262375.49, 451760.59, 531.67);
insert into STATION values (4981, '22', 6735, 262377.11, 451760.18, 536.22);
insert into STATION values (4982, '22a', 6735, 262376.21, 451761.24, 536.22);
insert into STATION values (4983, '22b', 6735, 262377.97, 451759.68, 536.22);
insert into STATION values (4984, '22c', 6735, 262377.14, 451760.35, 537.20);
insert into STATION values (4985, '22d', 6735, 262377.11, 451760.04, 535.43);
insert into STATION values (4986, '1f', 6735, 262264.45, 451700.17, 450.21);
insert into STATION values (4987, '1g', 6735, 262261.44, 451710.93, 450.49);
insert into STATION values (4988, '1h', 6735, 262260.26, 451703.46, 458.24);
insert into STATION values (4989, '1i', 6735, 262263.71, 451703.86, 447.71);
insert into STATION values (4990, '23', 6735, 262255.77, 451702.15, 444.45);
insert into STATION values (4991, '23a', 6735, 262255.98, 451700.35, 444.57);
insert into STATION values (4992, '23b', 6735, 262254.46, 451706.62, 445.24);
insert into STATION values (4993, '23c', 6735, 262255.16, 451702.13, 457.69);
insert into STATION values (4994, '23d', 6735, 262255.64, 451702.58, 443.05);
insert into STATION values (4995, '23e', 6735, 262253.42, 451701.13, 465.51);
insert into STATION values (4996, '24', 6735, 262227.51, 451693.55, 449.46);
insert into STATION values (4997, '24a', 6735, 262232.79, 451692.00, 450.70);
insert into STATION values (4998, '24b', 6735, 262222.20, 451695.86, 450.15);
insert into STATION values (4999, '24c', 6735, 262227.57, 451691.80, 457.64);
insert into STATION values (5000, '24d', 6735, 262227.46, 451692.79, 448.38);
insert into STATION values (5001, '24e', 6735, 262238.03, 451691.52, 467.40);
insert into STATION values (5002, '24f', 6735, 262220.51, 451689.43, 455.57);
insert into STATION values (5003, '25', 6735, 262212.74, 451677.02, 445.48);
insert into STATION values (5004, '25a', 6735, 262213.59, 451675.61, 445.03);
insert into STATION values (5005, '25b', 6735, 262206.77, 451685.09, 447.70);
insert into STATION values (5006, '25c', 6735, 262211.62, 451677.04, 450.56);
insert into STATION values (5007, '25d', 6735, 262212.17, 451676.39, 443.67);
insert into STATION values (5008, '25e', 6735, 262250.11, 451694.49, 473.55);
insert into STATION values (5009, '26', 6735, 262178.78, 451672.35, 441.68);
insert into STATION values (5010, '26a', 6735, 262178.59, 451667.28, 441.47);
insert into STATION values (5011, '26b', 6735, 262176.90, 451681.13, 442.15);
insert into STATION values (5012, '26c', 6735, 262177.44, 451672.30, 449.21);
insert into STATION values (5013, '26d', 6735, 262178.06, 451671.04, 439.75);
insert into STATION values (5014, '26e', 6735, 262187.60, 451677.34, 432.13);
insert into STATION values (5015, '26f', 6735, 262195.07, 451677.59, 427.06);
insert into STATION values (5016, '257', 6739, 261683.30, 451296.36, 441.63);
insert into STATION values (5017, '258', 6739, 261681.23, 451276.73, 448.81);
insert into STATION values (5018, '259', 6739, 261680.70, 451270.59, 448.54);
insert into STATION values (5019, '260', 6739, 261652.42, 451260.02, 435.73);
insert into STATION values (5020, '261', 6739, 261651.53, 451243.13, 433.95);
insert into STATION values (5021, '262', 6739, 261624.14, 451250.47, 431.97);
insert into STATION values (5022, '263', 6739, 261605.06, 451247.11, 436.08);
insert into STATION values (5023, '264', 6739, 261605.06, 451247.11, 437.08);
insert into STATION values (5024, '265', 6739, 261582.64, 451235.44, 429.83);
insert into STATION values (5025, '266', 6739, 261573.87, 451238.12, 428.79);
insert into STATION values (5026, '267', 6739, 261557.61, 451234.37, 426.29);
insert into STATION values (5027, '268', 6739, 261546.63, 451229.24, 426.29);
insert into STATION values (5028, '269', 6739, 261544.86, 451226.98, 427.01);
insert into STATION values (5029, '500', 6739, 261580.12, 451248.95, 426.58);
insert into STATION values (5030, '501', 6739, 261587.63, 451249.21, 427.57);
insert into STATION values (5031, '502', 6739, 261591.55, 451258.01, 424.99);
insert into STATION values (5032, '503', 6739, 261600.76, 451260.83, 424.57);
insert into STATION values (5033, '270', 6739, 261531.26, 451216.84, 420.80);
insert into STATION values (5034, '270a', 6739, 261522.13, 451228.13, 423.51);
insert into STATION values (5035, '270b', 6739, 261535.22, 451213.45, 420.72);
insert into STATION values (5036, '270c', 6739, 261533.32, 451220.27, 431.87);
insert into STATION values (5037, '270d', 6739, 261531.43, 451218.26, 418.72);
insert into STATION values (5038, '268a', 6739, 261545.88, 451230.30, 426.00);
insert into STATION values (5039, '268b', 6739, 261547.09, 451228.73, 426.16);
insert into STATION values (5040, '268c', 6739, 261546.58, 451232.17, 427.75);
insert into STATION values (5041, '268d', 6739, 261547.15, 451230.16, 424.91);
insert into STATION values (5042, '270e', 6739, 261538.18, 451213.04, 420.90);
insert into STATION values (5043, '270f', 6739, 261523.43, 451216.58, 424.23);
insert into STATION values (5044, '270g', 6739, 261531.98, 451213.26, 432.25);
insert into STATION values (5045, '270h', 6739, 261531.49, 451216.08, 419.25);
insert into STATION values (5046, '271', 6739, 261529.57, 451198.00, 424.79);
insert into STATION values (5047, '271a', 6739, 261531.32, 451197.57, 424.45);
insert into STATION values (5048, '271b', 6739, 261527.76, 451198.29, 424.89);
insert into STATION values (5049, '271c', 6739, 261528.04, 451198.11, 426.15);
insert into STATION values (5050, '271d', 6739, 261532.02, 451197.87, 422.72);
insert into STATION values (5051, '270i', 6739, 261518.26, 451220.15, 426.73);
insert into STATION values (5052, '270j', 6739, 261519.40, 451211.01, 423.89);
insert into STATION values (5053, '270k', 6739, 261533.88, 451231.80, 420.80);
insert into STATION values (5054, '7', 6743, 262281.08, 451671.24, 452.35);
insert into STATION values (5055, '30', 6743, 262273.61, 451647.06, 451.30);
insert into STATION values (5056, '7a', 6743, 262290.77, 451665.61, 459.10);
insert into STATION values (5057, '7b', 6743, 262278.94, 451671.61, 452.43);
insert into STATION values (5058, '7c', 6743, 262284.85, 451671.03, 459.80);
insert into STATION values (5059, '7d', 6743, 262280.28, 451670.18, 450.73);
insert into STATION values (5060, '30a', 6743, 262279.58, 451645.60, 454.43);
insert into STATION values (5061, '30b', 6743, 262270.12, 451647.16, 451.24);
insert into STATION values (5062, '30c', 6743, 262275.01, 451646.43, 456.05);
insert into STATION values (5063, '30d', 6743, 262273.25, 451646.99, 449.99);
insert into STATION values (5064, '30e', 6743, 262283.37, 451649.22, 462.82);
insert into STATION values (5065, '31', 6743, 262268.61, 451637.65, 451.41);
insert into STATION values (5066, '31a', 6743, 262273.54, 451629.82, 454.70);
insert into STATION values (5067, '31b', 6743, 262267.87, 451640.22, 451.75);
insert into STATION values (5068, '31c', 6743, 262269.34, 451638.34, 457.69);
insert into STATION values (5069, '31d', 6743, 262268.64, 451637.75, 450.54);
insert into STATION values (5070, '32', 6743, 262232.74, 451624.99, 439.68);
insert into STATION values (5071, '32a', 6743, 262232.78, 451616.77, 439.88);
insert into STATION values (5072, '32b', 6743, 262227.72, 451629.95, 441.61);
insert into STATION values (5073, '32c', 6743, 262229.20, 451623.69, 448.83);
insert into STATION values (5074, '32d', 6743, 262232.41, 451625.55, 438.39);
insert into STATION values (5075, '32e', 6743, 262238.18, 451612.91, 444.09);
insert into STATION values (5076, '32f', 6743, 262229.63, 451631.78, 453.93);
insert into STATION values (5077, '32g', 6743, 262220.46, 451619.45, 425.46);
insert into STATION values (5078, '33', 6743, 262198.26, 451605.49, 410.77);
insert into STATION values (5079, '33a', 6743, 262200.85, 451602.86, 410.49);
insert into STATION values (5080, '33b', 6743, 262196.64, 451606.77, 410.56);
insert into STATION values (5081, '33c', 6743, 262199.49, 451604.05, 422.03);
insert into STATION values (5082, '33d', 6743, 262198.18, 451605.91, 410.07);
insert into STATION values (5083, '33e', 6743, 262206.69, 451601.43, 424.19);
insert into STATION values (5084, '34', 6743, 262173.74, 451594.49, 389.36);
insert into STATION values (5085, '34a', 6743, 262175.06, 451592.86, 389.36);
insert into STATION values (5086, '34b', 6743, 262173.02, 451596.33, 389.51);
insert into STATION values (5087, '34c', 6743, 262173.48, 451595.86, 400.60);
insert into STATION values (5088, '34d', 6743, 262173.77, 451594.77, 389.04);
insert into STATION values (5089, '34e', 6743, 262163.87, 451593.81, 406.94);
insert into STATION values (5090, '35', 6743, 262167.77, 451585.32, 387.12);
insert into STATION values (5091, '35a', 6743, 262169.09, 451581.93, 387.60);
insert into STATION values (5092, '35b', 6743, 262166.67, 451590.71, 387.61);
insert into STATION values (5093, '35c', 6743, 262168.41, 451585.09, 394.65);
insert into STATION values (5094, '35d', 6743, 262168.07, 451585.11, 386.61);
insert into STATION values (5095, '36', 6743, 262157.76, 451583.79, 395.93);
insert into STATION values (5096, '36a', 6743, 262163.65, 451581.45, 394.63);
insert into STATION values (5097, '36b', 6743, 262152.74, 451583.49, 395.81);
insert into STATION values (5098, '36c', 6743, 262154.09, 451584.96, 411.74);
insert into STATION values (5099, '36d', 6743, 262157.48, 451583.75, 394.62);
insert into STATION values (5100, '37', 6743, 262155.86, 451576.65, 396.91);
insert into STATION values (5101, '37a', 6743, 262161.15, 451576.35, 396.91);
insert into STATION values (5102, '37b', 6743, 262153.12, 451576.48, 396.96);
insert into STATION values (5103, '37c', 6743, 262157.52, 451576.51, 404.74);
insert into STATION values (5104, '37d', 6743, 262156.91, 451576.56, 395.55);
insert into STATION values (5105, '38', 6743, 262172.87, 451566.37, 401.89);
insert into STATION values (5106, '38a', 6743, 262175.25, 451572.33, 401.59);
insert into STATION values (5107, '38b', 6743, 262171.66, 451561.32, 400.92);
insert into STATION values (5108, '38c', 6743, 262173.31, 451566.17, 404.92);
insert into STATION values (5109, '38d', 6743, 262172.50, 451566.15, 400.78);
insert into STATION values (5110, '39', 6743, 262192.93, 451563.59, 390.65);
insert into STATION values (5111, '39a', 6743, 262193.30, 451565.72, 390.39);
insert into STATION values (5112, '39b', 6743, 262188.48, 451556.21, 391.96);
insert into STATION values (5113, '39c', 6743, 262191.85, 451566.30, 395.67);
insert into STATION values (5114, '39d', 6743, 262192.83, 451563.85, 389.23);
insert into STATION values (5115, '32h', 6743, 262235.04, 451625.62, 439.91);
insert into STATION values (5116, '32i', 6743, 262231.99, 451617.04, 440.92);
insert into STATION values (5117, '32j', 6743, 262236.59, 451614.52, 445.23);
insert into STATION values (5118, '32k', 6743, 262232.73, 451625.15, 438.14);
insert into STATION values (5119, '40', 6743, 262237.30, 451613.50, 444.85);
insert into STATION values (5120, '40a', 6743, 262239.81, 451613.24, 444.55);
insert into STATION values (5121, '40b', 6743, 262236.43, 451613.39, 445.08);
insert into STATION values (5122, '40c', 6743, 262235.74, 451613.14, 444.22);
insert into STATION values (5123, '40d', 6743, 262237.30, 451613.46, 445.28);
insert into STATION values (5124, '41', 6743, 262241.55, 451596.79, 444.38);
insert into STATION values (5125, '41a', 6743, 262248.31, 451596.08, 443.96);
insert into STATION values (5126, '41b', 6743, 262239.98, 451593.62, 444.48);
insert into STATION values (5127, '41c', 6743, 262243.04, 451596.63, 447.04);
insert into STATION values (5128, '41d', 6743, 262241.73, 451596.74, 443.72);
insert into STATION values (5129, '42', 6743, 262245.37, 451587.06, 445.81);
insert into STATION values (5130, '42a', 6743, 262246.99, 451585.59, 446.08);
insert into STATION values (5131, '42b', 6743, 262238.98, 451589.60, 444.47);
insert into STATION values (5132, '42c', 6743, 262245.24, 451586.72, 449.42);
insert into STATION values (5133, '42d', 6743, 262245.20, 451586.91, 443.54);
insert into STATION values (5134, '42e', 6743, 262242.60, 451588.60, 439.05);
insert into STATION values (5135, '43', 6743, 262240.94, 451582.68, 442.50);
insert into STATION values (5136, '43a', 6743, 262244.57, 451584.04, 442.70);
insert into STATION values (5137, '43b', 6743, 262234.61, 451579.10, 441.60);
insert into STATION values (5138, '43c', 6743, 262241.82, 451582.08, 449.78);
insert into STATION values (5139, '43d', 6743, 262241.54, 451582.05, 441.39);
insert into STATION values (5140, '43e', 6743, 262236.92, 451581.09, 436.01);
insert into STATION values (5141, '43f', 6743, 262227.96, 451585.33, 436.96);
insert into STATION values (5142, '44', 6743, 262252.31, 451581.40, 441.88);
insert into STATION values (5143, '44a', 6743, 262252.17, 451583.64, 442.12);
insert into STATION values (5144, '44b', 6743, 262253.45, 451578.50, 441.58);
insert into STATION values (5145, '44c', 6743, 262252.07, 451583.61, 449.56);
insert into STATION values (5146, '44d', 6743, 262251.98, 451581.95, 440.27);
insert into STATION values (5147, '45', 6743, 262302.44, 451584.70, 436.86);
insert into STATION values (5148, '45a', 6743, 262301.51, 451590.40, 436.75);
insert into STATION values (5149, '45b', 6743, 262302.48, 451584.55, 436.89);
insert into STATION values (5150, '45c', 6743, 262302.17, 451587.68, 441.67);
insert into STATION values (5151, '45d', 6743, 262302.58, 451585.32, 435.31);
insert into STATION values (5152, '46', 6743, 262350.83, 451602.25, 435.56);
insert into STATION values (5153, '46a', 6743, 262351.79, 451605.65, 435.81);
insert into STATION values (5154, '46b', 6743, 262350.05, 451595.38, 435.01);
insert into STATION values (5155, '46c', 6743, 262350.67, 451602.34, 441.16);
insert into STATION values (5156, '46d', 6743, 262351.14, 451602.45, 434.34);
insert into STATION values (5157, '46e', 6743, 262325.07, 451604.94, 431.51);
insert into STATION values (5158, '47', 6743, 262387.00, 451596.71, 419.97);
insert into STATION values (5159, '47a', 6743, 262391.69, 451594.08, 419.33);
insert into STATION values (5160, '47b', 6743, 262372.78, 451592.70, 417.17);
insert into STATION values (5161, '47c', 6743, 262386.24, 451595.77, 428.14);
insert into STATION values (5162, '47d', 6743, 262385.40, 451595.61, 415.23);
insert into STATION values (5163, '47e', 6743, 262394.88, 451599.56, 421.88);
insert into STATION values (5164, '48', 6743, 262379.49, 451578.35, 409.59);
insert into STATION values (5165, '48a', 6743, 262386.91, 451581.40, 409.78);
insert into STATION values (5166, '48b', 6743, 262375.09, 451574.41, 409.19);
insert into STATION values (5167, '48c', 6743, 262379.51, 451578.26, 421.67);
insert into STATION values (5168, '48d', 6743, 262380.43, 451577.63, 407.07);
insert into STATION values (5169, '48e', 6743, 262381.08, 451579.28, 413.63);
insert into STATION values (5170, '49', 6743, 262394.10, 451570.39, 408.95);
insert into STATION values (5171, '48f', 6743, 262375.37, 451562.70, 407.69);
insert into STATION values (5172, '48g', 6743, 262387.79, 451567.58, 403.38);
insert into STATION values (5173, '49a', 6743, 262393.81, 451579.24, 409.56);
insert into STATION values (5174, '49b', 6743, 262396.06, 451566.31, 409.01);
insert into STATION values (5175, '49c', 6743, 262394.16, 451570.89, 412.73);
insert into STATION values (5176, '49d', 6743, 262394.80, 451570.50, 407.50);
insert into STATION values (5177, '49e', 6743, 262383.41, 451563.33, 398.63);
insert into STATION values (5178, '49f', 6743, 262402.28, 451564.79, 417.91);
insert into STATION values (5179, '50', 6743, 262403.05, 451578.71, 408.86);
insert into STATION values (5180, '50a', 6743, 262403.02, 451578.96, 408.90);
insert into STATION values (5181, '50b', 6743, 262402.72, 451574.43, 408.52);
insert into STATION values (5182, '50c', 6743, 262403.84, 451578.02, 412.52);
insert into STATION values (5183, '50d', 6743, 262402.96, 451578.41, 407.34);
insert into STATION values (5184, '51', 6743, 262415.06, 451576.90, 413.17);
insert into STATION values (5185, '51a', 6743, 262414.19, 451581.05, 413.93);
insert into STATION values (5186, '51b', 6743, 262416.14, 451574.37, 412.84);
insert into STATION values (5187, '51c', 6743, 262415.38, 451577.99, 419.03);
insert into STATION values (5188, '51d', 6743, 262414.97, 451577.56, 411.92);
insert into STATION values (5189, '52', 6743, 262430.76, 451582.60, 416.15);
insert into STATION values (5190, '53', 6743, 262463.63, 451582.49, 413.87);
insert into STATION values (5191, '52a', 6743, 262430.42, 451584.84, 416.24);
insert into STATION values (5192, '52b', 6743, 262431.88, 451574.37, 415.54);
insert into STATION values (5193, '52c', 6743, 262431.62, 451583.00, 423.21);
insert into STATION values (5194, '52d', 6743, 262431.31, 451581.84, 414.49);
insert into STATION values (5195, '52e', 6743, 262429.92, 451573.39, 421.88);
insert into STATION values (5196, '52f', 6743, 262444.45, 451585.34, 415.62);
insert into STATION values (5197, '53a', 6743, 262462.43, 451585.88, 413.70);
insert into STATION values (5198, '53b', 6743, 262463.29, 451592.03, 414.41);
insert into STATION values (5199, '53c', 6743, 262462.39, 451579.65, 414.07);
insert into STATION values (5200, '53d', 6743, 262462.02, 451583.58, 425.78);
insert into STATION values (5201, '53e', 6743, 262463.91, 451582.02, 412.45);
insert into STATION values (5202, '54', 6743, 262471.00, 451587.07, 413.01);
insert into STATION values (5203, '54a', 6743, 262473.51, 451592.13, 412.80);
insert into STATION values (5204, '54b', 6743, 262471.13, 451581.38, 412.84);
insert into STATION values (5205, '54c', 6743, 262472.34, 451586.69, 419.37);
insert into STATION values (5206, '54d', 6743, 262470.98, 451587.02, 411.95);
insert into STATION values (5207, '55', 6743, 262496.55, 451586.85, 396.51);
insert into STATION values (5208, '55a', 6743, 262500.27, 451589.61, 397.30);
insert into STATION values (5209, '55b', 6743, 262493.15, 451580.59, 395.67);
insert into STATION values (5210, '55c', 6743, 262496.38, 451585.90, 401.08);
insert into STATION values (5211, '55d', 6743, 262497.23, 451586.92, 394.59);
insert into STATION values (5212, '56', 6743, 262512.19, 451572.30, 378.23);
insert into STATION values (5213, '56a', 6743, 262516.58, 451580.20, 380.79);
insert into STATION values (5214, '56b', 6743, 262508.88, 451567.71, 377.87);
insert into STATION values (5215, '56c', 6743, 262512.47, 451572.48, 382.00);
insert into STATION values (5216, '56d', 6743, 262512.48, 451572.75, 382.01);
insert into STATION values (5217, '56e', 6743, 262511.97, 451572.53, 377.19);
insert into STATION values (5218, '57', 6743, 262515.09, 451558.15, 363.06);
insert into STATION values (5219, '57a', 6743, 262524.42, 451558.73, 364.72);
insert into STATION values (5220, '57b', 6743, 262508.70, 451556.82, 363.45);
insert into STATION values (5221, '57c', 6743, 262514.62, 451558.28, 365.83);
insert into STATION values (5222, '57d', 6743, 262515.16, 451558.10, 362.75);
insert into STATION values (5223, '58', 6743, 262501.81, 451546.71, 358.33);
insert into STATION values (5224, '58a', 6743, 262508.53, 451544.38, 358.27);
insert into STATION values (5225, '58b', 6743, 262496.82, 451547.52, 357.81);
insert into STATION values (5226, '58c', 6743, 262501.85, 451545.96, 361.35);
insert into STATION values (5227, '58d', 6743, 262501.33, 451546.69, 357.64);
insert into STATION values (5228, '58e', 6743, 262496.64, 451529.45, 352.57);
insert into STATION values (5229, '59', 6743, 262504.84, 451533.39, 354.76);
insert into STATION values (5230, '59a', 6743, 262510.08, 451541.57, 357.08);
insert into STATION values (5231, '59b', 6743, 262504.69, 451527.22, 354.05);
insert into STATION values (5232, '59c', 6743, 262501.58, 451523.26, 349.58);
insert into STATION values (5233, '59d', 6743, 262504.80, 451532.12, 360.46);
insert into STATION values (5234, '59e', 6743, 262505.05, 451533.50, 354.01);
insert into STATION values (5235, '60', 6743, 262525.75, 451545.39, 362.96);
insert into STATION values (5236, '60a', 6743, 262525.48, 451545.77, 362.99);
insert into STATION values (5237, '60b', 6743, 262528.86, 451541.87, 363.72);
insert into STATION values (5238, '60c', 6743, 262525.75, 451545.08, 368.12);
insert into STATION values (5239, '60d', 6743, 262526.09, 451545.19, 361.66);
insert into STATION values (5240, '61', 6743, 262547.79, 451559.28, 377.54);
insert into STATION values (5241, '61a', 6743, 262546.61, 451560.79, 377.59);
insert into STATION values (5242, '61b', 6743, 262548.00, 451559.07, 377.45);
insert into STATION values (5243, '61c', 6743, 262545.81, 451566.68, 389.76);
insert into STATION values (5244, '61d', 6743, 262547.86, 451559.29, 377.25);
insert into STATION values (5245, '62', 6743, 262554.89, 451568.15, 393.28);
insert into STATION values (5246, '62a', 6743, 262555.14, 451567.72, 393.13);
insert into STATION values (5247, '62b', 6743, 262553.95, 451569.35, 393.39);
insert into STATION values (5248, '62c', 6743, 262554.69, 451568.35, 394.92);
insert into STATION values (5249, '62d', 6743, 262555.42, 451568.05, 391.36);
insert into STATION values (5250, '63', 6743, 262557.87, 451569.36, 393.81);
insert into STATION values (5251, '63a', 6743, 262555.37, 451570.12, 393.60);
insert into STATION values (5252, '63b', 6743, 262558.28, 451569.24, 393.86);
insert into STATION values (5253, '63c', 6743, 262557.80, 451569.74, 398.05);
insert into STATION values (5254, '63d', 6743, 262558.01, 451569.07, 392.17);
insert into STATION values (5255, '64', 6743, 262560.63, 451577.63, 401.98);
insert into STATION values (5256, '64a', 6743, 262556.98, 451579.43, 402.91);
insert into STATION values (5257, '64b', 6743, 262563.23, 451574.79, 401.96);
insert into STATION values (5258, '64c', 6743, 262559.92, 451578.48, 405.24);
insert into STATION values (5259, '64d', 6743, 262561.06, 451577.43, 400.10);
insert into STATION values (5260, '65', 6743, 262563.72, 451579.67, 406.31);
insert into STATION values (5261, '65a', 6743, 262563.35, 451581.65, 406.49);
insert into STATION values (5262, '65b', 6743, 262564.07, 451578.27, 406.21);
insert into STATION values (5263, '65c', 6743, 262563.33, 451579.81, 408.68);
insert into STATION values (5264, '65d', 6743, 262563.87, 451579.52, 404.90);
insert into STATION values (5265, '66', 6743, 262574.04, 451582.70, 408.53);
insert into STATION values (5266, '66a', 6743, 262574.07, 451584.39, 408.46);
insert into STATION values (5267, '66b', 6743, 262574.63, 451580.21, 408.38);
insert into STATION values (5268, '66c', 6743, 262573.92, 451583.15, 409.68);
insert into STATION values (5269, '66d', 6743, 262573.55, 451582.78, 406.86);
insert into STATION values (5270, '67', 6743, 262577.79, 451582.80, 408.61);
insert into STATION values (5271, '67a', 6743, 262577.54, 451585.82, 408.46);
insert into STATION values (5272, '67b', 6743, 262578.53, 451580.79, 408.59);
insert into STATION values (5273, '67c', 6743, 262577.53, 451583.70, 415.99);
insert into STATION values (5274, '67d', 6743, 262577.70, 451583.03, 407.78);
insert into STATION values (5275, '67e', 6743, 262583.16, 451584.96, 408.38);
insert into STATION values (5276, '67f', 6743, 262571.03, 451584.76, 423.86);
insert into STATION values (5277, '71', 6743, 262527.56, 451570.76, 369.14);
insert into STATION values (5278, '70', 6743, 262544.66, 451590.45, 391.81);
insert into STATION values (5279, '70a', 6743, 262542.16, 451593.05, 391.73);
insert into STATION values (5280, '70b', 6743, 262546.78, 451589.47, 391.65);
insert into STATION values (5281, '70c', 6743, 262542.90, 451591.20, 394.93);
insert into STATION values (5282, '70d', 6743, 262544.48, 451590.55, 390.62);
insert into STATION values (5283, '72', 6743, 262519.38, 451563.11, 366.96);
insert into STATION values (5284, '71a', 6743, 262529.76, 451565.14, 369.22);
insert into STATION values (5285, '71b', 6743, 262525.19, 451573.35, 368.65);
insert into STATION values (5286, '71c', 6743, 262526.80, 451569.29, 372.74);
insert into STATION values (5287, '71d', 6743, 262527.45, 451570.69, 368.06);
insert into STATION values (5288, '72a', 6743, 262521.38, 451560.68, 366.99);
insert into STATION values (5289, '72b', 6743, 262512.49, 451564.86, 367.91);
insert into STATION values (5290, '72c', 6743, 262519.20, 451562.54, 368.55);
insert into STATION values (5291, '72d', 6743, 262519.29, 451562.69, 365.84);
insert into STATION values (5292, '57e', 6743, 262519.63, 451552.59, 361.06);
insert into STATION values (5293, '57f', 6743, 262511.05, 451558.71, 362.63);
insert into STATION values (5294, '57g', 6743, 262514.71, 451556.90, 364.47);
insert into STATION values (5295, '57h', 6743, 262515.15, 451557.94, 362.12);
insert into STATION values (5296, '43g', 6743, 262237.69, 451576.05, 441.90);
insert into STATION values (5297, '43h', 6743, 262238.63, 451590.67, 442.29);
insert into STATION values (5298, '43i', 6743, 262239.97, 451581.95, 449.29);
insert into STATION values (5299, '43j', 6743, 262240.68, 451581.64, 439.44);
insert into STATION values (5300, '75', 6743, 262229.65, 451585.62, 437.20);
insert into STATION values (5301, '75a', 6743, 262229.15, 451584.35, 437.02);
insert into STATION values (5302, '75b', 6743, 262229.70, 451585.76, 437.18);
insert into STATION values (5303, '75c', 6743, 262229.26, 451585.45, 438.23);
insert into STATION values (5304, '75d', 6743, 262229.50, 451585.26, 436.01);
insert into STATION values (5305, '76', 6743, 262218.23, 451589.23, 429.42);
insert into STATION values (5306, '76a', 6743, 262218.14, 451588.73, 429.44);
insert into STATION values (5307, '76b', 6743, 262218.37, 451589.74, 429.42);
insert into STATION values (5308, '76c', 6743, 262218.12, 451589.14, 430.05);
insert into STATION values (5309, '76d', 6743, 262218.28, 451589.11, 429.14);
insert into STATION values (5310, '77', 6743, 262214.33, 451590.00, 427.27);
insert into STATION values (5311, '78', 6743, 262212.34, 451586.62, 425.36);
insert into STATION values (5312, '77a', 6743, 262214.99, 451589.08, 427.60);
insert into STATION values (5313, '77b', 6743, 262214.22, 451591.06, 427.47);
insert into STATION values (5314, '77c', 6743, 262214.76, 451589.39, 430.09);
insert into STATION values (5315, '77d', 6743, 262214.50, 451590.24, 426.48);
insert into STATION values (5316, '78a', 6743, 262212.36, 451586.44, 425.34);
insert into STATION values (5317, '78b', 6743, 262211.87, 451587.61, 425.19);
insert into STATION values (5318, '78c', 6743, 262212.27, 451586.52, 425.93);
insert into STATION values (5319, '78d', 6743, 262212.34, 451586.62, 424.63);
insert into STATION values (5320, '79', 6743, 262208.85, 451587.33, 421.40);
insert into STATION values (5321, '79a', 6743, 262207.76, 451588.09, 421.35);
insert into STATION values (5322, '79b', 6743, 262211.00, 451588.80, 422.44);
insert into STATION values (5323, '79c', 6743, 262208.63, 451587.51, 422.78);
insert into STATION values (5324, '79d', 6743, 262208.80, 451587.37, 421.13);
insert into STATION values (5325, '80', 6743, 262208.63, 451597.90, 420.11);
insert into STATION values (5326, '80a', 6743, 262205.41, 451596.32, 419.84);
insert into STATION values (5327, '80b', 6743, 262210.23, 451598.55, 420.04);
insert into STATION values (5328, '80c', 6743, 262208.34, 451598.03, 421.82);
insert into STATION values (5329, '80d', 6743, 262207.75, 451597.78, 418.81);
insert into STATION values (5330, '81', 6743, 262204.00, 451601.77, 416.92);
insert into STATION values (5331, '82', 6743, 262200.56, 451605.56, 407.14);
insert into STATION values (5332, '81a', 6743, 262201.32, 451600.92, 418.26);
insert into STATION values (5333, '81b', 6743, 262208.34, 451604.07, 417.88);
insert into STATION values (5334, '81c', 6743, 262203.07, 451602.79, 423.74);
insert into STATION values (5335, '81d', 6743, 262204.12, 451603.20, 414.70);
insert into STATION values (5336, '82a', 6743, 262199.02, 451604.98, 405.97);
insert into STATION values (5337, '82b', 6743, 262201.23, 451605.94, 406.49);
insert into STATION values (5338, '82c', 6743, 262197.16, 451609.28, 414.81);
insert into STATION values (5339, '82d', 6743, 262200.44, 451605.70, 405.95);
insert into STATION values (5340, '79e', 6743, 262209.04, 451586.23, 421.49);
insert into STATION values (5341, '79f', 6743, 262207.79, 451588.29, 421.04);
insert into STATION values (5342, '79g', 6743, 262208.42, 451587.37, 422.78);
insert into STATION values (5343, '79h', 6743, 262208.88, 451587.32, 421.24);
insert into STATION values (5344, '83', 6743, 262203.51, 451586.48, 419.01);
insert into STATION values (5345, '83a', 6743, 262206.64, 451583.71, 418.57);
insert into STATION values (5346, '83b', 6743, 262202.85, 451586.84, 418.70);
insert into STATION values (5347, '83c', 6743, 262203.79, 451586.03, 420.63);
insert into STATION values (5348, '83d', 6743, 262203.60, 451586.19, 417.94);
insert into STATION values (5349, '84', 6743, 262197.42, 451574.99, 418.45);
insert into STATION values (5350, '84a', 6743, 262201.87, 451573.13, 418.55);
insert into STATION values (5351, '84b', 6743, 262196.08, 451575.26, 418.34);
insert into STATION values (5352, '84c', 6743, 262197.78, 451574.73, 419.56);
insert into STATION values (5353, '84d', 6743, 262197.45, 451574.77, 416.77);
insert into STATION values (5354, '84e', 6743, 262193.16, 451578.23, 412.72);
insert into STATION values (5355, '85', 6743, 262201.68, 451564.87, 419.71);
insert into STATION values (5356, '85a', 6743, 262208.10, 451563.45, 421.79);
insert into STATION values (5357, '85b', 6743, 262198.59, 451566.04, 419.59);
insert into STATION values (5358, '85c', 6743, 262199.86, 451563.64, 435.01);
insert into STATION values (5359, '85d', 6743, 262201.74, 451564.58, 419.17);
insert into STATION values (5360, '86', 6743, 262196.94, 451558.94, 418.26);
insert into STATION values (5361, '86a', 6743, 262199.33, 451556.40, 417.59);
insert into STATION values (5362, '86b', 6743, 262188.99, 451562.71, 418.11);
insert into STATION values (5363, '86c', 6743, 262195.90, 451560.06, 425.76);
insert into STATION values (5364, '86d', 6743, 262197.02, 451558.93, 417.16);
insert into STATION values (5365, '86e', 6743, 262211.46, 451570.13, 433.76);
insert into STATION values (5366, '86f', 6743, 262191.13, 451566.91, 423.56);
insert into STATION values (5367, '87', 6743, 262187.08, 451541.01, 406.55);
insert into STATION values (5368, '87a', 6743, 262189.26, 451540.57, 406.88);
insert into STATION values (5369, '87b', 6743, 262178.70, 451544.00, 406.79);
insert into STATION values (5370, '87c', 6743, 262186.22, 451541.30, 411.77);
insert into STATION values (5371, '87d', 6743, 262187.82, 451540.76, 405.09);
insert into STATION values (5372, '87e', 6743, 262196.00, 451537.76, 406.72);
insert into STATION values (5373, '88', 6743, 262181.69, 451521.60, 403.31);
insert into STATION values (5374, '88a', 6743, 262181.56, 451521.31, 403.33);
insert into STATION values (5375, '88b', 6743, 262192.56, 451540.61, 403.02);
insert into STATION values (5376, '88c', 6743, 262180.44, 451522.76, 411.76);
insert into STATION values (5377, '88d', 6743, 262182.18, 451521.14, 401.69);
insert into STATION values (5378, '88e', 6743, 262176.15, 451536.56, 403.91);
insert into STATION values (5379, '89', 6743, 262169.79, 451532.40, 401.08);
insert into STATION values (5380, '89a', 6743, 262172.43, 451521.55, 401.88);
insert into STATION values (5381, '89b', 6743, 262169.44, 451533.44, 401.00);
insert into STATION values (5382, '89c', 6743, 262169.81, 451530.41, 408.74);
insert into STATION values (5383, '89d', 6743, 262169.48, 451532.38, 399.89);
insert into STATION values (5384, '90', 6743, 262145.13, 451514.12, 384.47);
insert into STATION values (5385, '90a', 6743, 262146.71, 451511.15, 384.57);
insert into STATION values (5386, '90b', 6743, 262138.10, 451522.33, 383.54);
insert into STATION values (5387, '90c', 6743, 262144.54, 451513.30, 392.98);
insert into STATION values (5388, '90d', 6743, 262144.96, 451514.37, 382.94);
insert into STATION values (5389, '90e', 6743, 262137.31, 451518.86, 375.51);
insert into STATION values (5390, '90f', 6743, 262151.56, 451515.67, 396.58);
insert into STATION values (5391, '91', 6743, 262127.34, 451498.86, 385.93);
insert into STATION values (5392, '91a', 6743, 262134.87, 451498.61, 386.37);
insert into STATION values (5393, '91b', 6743, 262126.55, 451498.93, 385.91);
insert into STATION values (5394, '91c', 6743, 262129.56, 451501.60, 401.96);
insert into STATION values (5395, '91d', 6743, 262127.64, 451498.32, 384.24);
insert into STATION values (5396, '92', 6743, 262134.38, 451483.46, 387.59);
insert into STATION values (5397, '92a', 6743, 262140.04, 451486.04, 387.23);
insert into STATION values (5398, '92b', 6743, 262130.29, 451481.46, 387.27);
insert into STATION values (5399, '92c', 6743, 262135.89, 451483.57, 402.28);
insert into STATION values (5400, '92d', 6743, 262135.87, 451483.43, 382.31);
insert into STATION values (5401, '92e', 6743, 262132.52, 451463.80, 394.30);
insert into STATION values (5402, '92f', 6743, 262130.78, 451467.33, 404.53);
insert into STATION values (5403, '92g', 6743, 262149.01, 451486.10, 395.01);
insert into STATION values (5404, '93', 6743, 262154.97, 451474.86, 395.38);
insert into STATION values (5405, '93a', 6743, 262153.10, 451481.90, 395.30);
insert into STATION values (5406, '93b', 6743, 262154.99, 451474.65, 395.36);
insert into STATION values (5407, '93c', 6743, 262150.57, 451478.18, 404.25);
insert into STATION values (5408, '93d', 6743, 262155.26, 451474.55, 393.66);
insert into STATION values (5409, '94', 6743, 262176.05, 451482.67, 402.46);
insert into STATION values (5410, '94a', 6743, 262175.88, 451483.70, 402.60);
insert into STATION values (5411, '94b', 6743, 262176.63, 451480.53, 402.28);
insert into STATION values (5412, '94c', 6743, 262176.06, 451482.68, 403.38);
insert into STATION values (5413, '94d', 6743, 262176.02, 451482.45, 400.68);
insert into STATION values (5414, '95', 6743, 262180.58, 451482.00, 402.51);
insert into STATION values (5415, '95a', 6743, 262180.79, 451483.81, 402.10);
insert into STATION values (5416, '95b', 6743, 262180.18, 451479.50, 401.86);
insert into STATION values (5417, '95c', 6743, 262180.70, 451482.83, 407.96);
insert into STATION values (5418, '95d', 6743, 262180.67, 451481.91, 401.25);
insert into STATION values (5419, '96', 6743, 262189.27, 451480.46, 401.76);
insert into STATION values (5420, '96a', 6743, 262190.18, 451484.42, 402.01);
insert into STATION values (5421, '96b', 6743, 262189.20, 451479.97, 401.74);
insert into STATION values (5422, '96c', 6743, 262188.81, 451481.76, 405.90);
insert into STATION values (5423, '96d', 6743, 262189.37, 451480.75, 400.52);
insert into STATION values (5424, '96e', 6743, 262188.22, 451490.42, 414.90);
insert into STATION values (5425, '97', 6743, 262200.98, 451481.86, 399.08);
insert into STATION values (5426, '97a', 6743, 262200.79, 451484.46, 399.61);
insert into STATION values (5427, '97b', 6743, 262201.71, 451478.94, 398.82);
insert into STATION values (5428, '97c', 6743, 262201.35, 451484.04, 406.47);
insert into STATION values (5429, '97d', 6743, 262201.25, 451482.22, 397.64);
insert into STATION values (5430, '98', 6743, 262210.71, 451486.09, 406.80);
insert into STATION values (5431, '98a', 6743, 262208.39, 451488.50, 406.52);
insert into STATION values (5432, '98b', 6743, 262211.73, 451483.59, 407.21);
insert into STATION values (5433, '98c', 6743, 262211.35, 451486.49, 411.50);
insert into STATION values (5434, '98d', 6743, 262210.87, 451486.06, 406.53);
insert into STATION values (5435, '99', 6743, 262212.64, 451489.59, 408.68);
insert into STATION values (5436, '99a', 6743, 262212.24, 451491.39, 408.97);
insert into STATION values (5437, '99b', 6743, 262213.94, 451484.97, 409.58);
insert into STATION values (5438, '99c', 6743, 262212.77, 451491.19, 419.33);
insert into STATION values (5439, '99d', 6743, 262212.71, 451489.79, 407.00);
insert into STATION values (5440, '100', 6743, 262218.41, 451493.48, 409.39);
insert into STATION values (5441, '100a', 6743, 262219.31, 451494.89, 409.65);
insert into STATION values (5442, '100b', 6743, 262219.17, 451490.46, 409.01);
insert into STATION values (5443, '100c', 6743, 262218.82, 451494.27, 413.85);
insert into STATION values (5444, '100d', 6743, 262218.43, 451493.38, 408.39);
insert into STATION values (5445, '92h', 6743, 262140.99, 451478.25, 386.27);
insert into STATION values (5446, '92i', 6743, 262129.30, 451483.85, 387.51);
insert into STATION values (5447, '92j', 6743, 262136.65, 451482.63, 401.77);
insert into STATION values (5448, '92k', 6743, 262135.78, 451483.94, 384.55);
insert into STATION values (5449, '101', 6743, 262135.06, 451468.35, 392.61);
insert into STATION values (5450, '101a', 6743, 262138.14, 451466.79, 392.52);
insert into STATION values (5451, '101b', 6743, 262131.17, 451471.17, 392.47);
insert into STATION values (5452, '101c', 6743, 262135.78, 451469.33, 400.67);
insert into STATION values (5453, '101d', 6743, 262135.09, 451468.49, 392.00);
insert into STATION values (5454, '101e', 6743, 262126.19, 451476.92, 397.13);
insert into STATION values (5455, '101f', 6743, 262132.65, 451469.10, 389.28);
insert into STATION values (5456, '102', 6743, 262127.71, 451465.85, 396.09);
insert into STATION values (5457, '102a', 6743, 262129.28, 451462.29, 396.02);
insert into STATION values (5458, '102b', 6743, 262124.95, 451471.34, 395.92);
insert into STATION values (5459, '102c', 6743, 262125.95, 451465.80, 402.86);
insert into STATION values (5460, '102d', 6743, 262122.75, 451467.92, 422.61);
insert into STATION values (5461, '102e', 6743, 262127.83, 451465.70, 395.13);
insert into STATION values (5462, '103', 6743, 262122.68, 451453.32, 390.97);
insert into STATION values (5463, '103a', 6743, 262129.87, 451453.04, 393.66);
insert into STATION values (5464, '103b', 6743, 262119.76, 451453.65, 391.38);
insert into STATION values (5465, '103c', 6743, 262112.21, 451454.88, 386.19);
insert into STATION values (5466, '103d', 6743, 262122.91, 451452.97, 398.39);
insert into STATION values (5467, '103e', 6743, 262122.61, 451453.64, 390.24);
insert into STATION values (5468, '104', 6743, 262119.66, 451442.21, 399.95);
insert into STATION values (5469, '104a', 6743, 262124.06, 451439.31, 399.64);
insert into STATION values (5470, '104b', 6743, 262118.21, 451445.36, 399.45);
insert into STATION values (5471, '104c', 6743, 262119.70, 451442.39, 406.16);
insert into STATION values (5472, '104d', 6743, 262119.51, 451442.00, 398.88);
insert into STATION values (5473, '104e', 6743, 262130.01, 451445.02, 397.02);
insert into STATION values (5474, '104f', 6743, 262116.32, 451428.14, 395.97);
insert into STATION values (5475, '105', 6743, 262116.71, 451429.85, 396.49);
insert into STATION values (5476, '105a', 6743, 262116.66, 451428.74, 395.93);
insert into STATION values (5477, '105b', 6743, 262114.78, 451437.06, 397.93);
insert into STATION values (5478, '105c', 6743, 262113.44, 451440.60, 403.97);
insert into STATION values (5479, '105d', 6743, 262112.00, 451431.24, 402.96);
insert into STATION values (5480, '105e', 6743, 262116.93, 451430.03, 395.35);
insert into STATION values (5481, '106', 6743, 262101.73, 451431.07, 397.97);
insert into STATION values (5482, '105f', 6743, 262109.84, 451425.00, 388.82);
insert into STATION values (5483, '106a', 6743, 262101.67, 451429.87, 397.88);
insert into STATION values (5484, '106b', 6743, 262102.44, 451437.35, 396.82);
insert into STATION values (5485, '106c', 6743, 262101.65, 451431.63, 404.10);
insert into STATION values (5486, '106d', 6743, 262102.03, 451431.14, 397.29);
insert into STATION values (5487, '107', 6743, 262092.12, 451434.65, 403.80);
insert into STATION values (5488, '107a', 6743, 262092.53, 451433.48, 403.82);
insert into STATION values (5489, '107b', 6743, 262091.76, 451436.86, 403.33);
insert into STATION values (5490, '107c', 6743, 262091.99, 451435.52, 408.13);
insert into STATION values (5491, '107d', 6743, 262092.15, 451434.71, 402.98);
insert into STATION values (5492, '107e', 6743, 262092.23, 451430.51, 404.46);
insert into STATION values (5493, '108', 6743, 262086.75, 451432.75, 405.63);
insert into STATION values (5494, '108a', 6743, 262087.00, 451430.05, 405.93);
insert into STATION values (5495, '108b', 6743, 262086.88, 451434.37, 405.52);
insert into STATION values (5496, '108c', 6743, 262088.00, 451434.47, 416.93);
insert into STATION values (5497, '108d', 6743, 262086.76, 451432.18, 404.86);
insert into STATION values (5498, '109', 6743, 262077.45, 451433.47, 403.80);
insert into STATION values (5499, '109a', 6743, 262077.43, 451431.24, 403.58);
insert into STATION values (5500, '109b', 6743, 262077.34, 451433.66, 403.79);
insert into STATION values (5501, '109c', 6743, 262078.11, 451431.35, 413.95);
insert into STATION values (5502, '109d', 6743, 262077.24, 451433.21, 402.69);
insert into STATION values (5503, '109e', 6743, 262051.96, 451429.52, 392.45);
insert into STATION values (5504, '109f', 6743, 262060.62, 451427.80, 381.98);
insert into STATION values (5505, '109g', 6743, 262036.20, 451428.64, 397.92);
insert into STATION values (5506, '110', 6743, 262112.87, 451427.55, 392.58);
insert into STATION values (5507, '105g', 6743, 262117.50, 451428.92, 396.20);
insert into STATION values (5508, '105h', 6743, 262107.60, 451432.63, 393.53);
insert into STATION values (5509, '105i', 6743, 262116.45, 451428.46, 398.12);
insert into STATION values (5510, '105j', 6743, 262116.82, 451429.76, 395.40);
insert into STATION values (5511, '110a', 6743, 262115.72, 451426.70, 392.32);
insert into STATION values (5512, '110b', 6743, 262110.13, 451427.10, 391.92);
insert into STATION values (5513, '110c', 6743, 262114.59, 451431.18, 401.97);
insert into STATION values (5514, '110d', 6743, 262112.82, 451427.55, 391.22);
insert into STATION values (5515, '111', 6743, 262110.32, 451421.38, 388.68);
insert into STATION values (5516, '111a', 6743, 262113.03, 451421.86, 390.21);
insert into STATION values (5517, '111b', 6743, 262107.96, 451419.79, 388.34);
insert into STATION values (5518, '111c', 6743, 262110.54, 451421.50, 390.20);
insert into STATION values (5519, '111d', 6743, 262110.19, 451421.30, 387.60);
insert into STATION values (5520, '111e', 6743, 262096.91, 451420.54, 378.50);
insert into STATION values (5521, '112', 6743, 262110.96, 451414.34, 392.61);
insert into STATION values (5522, '112a', 6743, 262114.40, 451413.93, 394.01);
insert into STATION values (5523, '112b', 6743, 262110.52, 451414.62, 392.78);
insert into STATION values (5524, '112c', 6743, 262111.91, 451413.94, 394.49);
insert into STATION values (5525, '112d', 6743, 262111.38, 451414.31, 391.25);
insert into STATION values (5526, '113', 6743, 262110.10, 451404.08, 395.49);
insert into STATION values (5527, '113a', 6743, 262111.43, 451404.29, 395.60);
insert into STATION values (5528, '113b', 6743, 262109.32, 451403.41, 395.71);
insert into STATION values (5529, '113c', 6743, 262111.28, 451403.88, 396.76);
insert into STATION values (5530, '113d', 6743, 262110.38, 451404.09, 394.92);
insert into STATION values (5531, '113e', 6743, 262118.25, 451400.91, 390.90);
insert into STATION values (5532, '113f', 6743, 262120.68, 451402.71, 387.76);
insert into STATION values (5533, '111f', 6743, 262107.91, 451419.85, 388.50);
insert into STATION values (5534, '111g', 6743, 262108.78, 451425.05, 388.58);
insert into STATION values (5535, '111h', 6743, 262110.33, 451421.38, 390.26);
insert into STATION values (5536, '111i', 6743, 262110.07, 451421.19, 387.64);
insert into STATION values (5537, '114', 6743, 262102.01, 451422.04, 383.35);
insert into STATION values (5538, '114a', 6743, 262102.45, 451420.05, 383.05);
insert into STATION values (5539, '114b', 6743, 262101.51, 451423.11, 383.25);
insert into STATION values (5540, '114c', 6743, 262102.03, 451421.97, 383.74);
insert into STATION values (5541, '114d', 6743, 262101.98, 451421.90, 381.63);
insert into STATION values (5542, '115', 6743, 262092.66, 451420.51, 376.29);
insert into STATION values (5543, '115a', 6743, 262091.97, 451418.13, 375.40);
insert into STATION values (5544, '115b', 6743, 262091.86, 451422.48, 375.37);
insert into STATION values (5545, '115c', 6743, 262092.25, 451420.37, 376.89);
insert into STATION values (5546, '115d', 6743, 262092.66, 451420.47, 375.00);
insert into STATION values (5547, '37e', 6743, 262153.17, 451573.33, 396.37);
insert into STATION values (5548, '37f', 6743, 262155.16, 451584.28, 397.06);
insert into STATION values (5549, '37g', 6743, 262155.35, 451575.50, 401.77);
insert into STATION values (5550, '37h', 6743, 262150.76, 451581.05, 393.26);
insert into STATION values (5551, '120', 6743, 262154.98, 451577.74, 395.47);
insert into STATION values (5552, '120a', 6743, 262155.62, 451577.05, 395.51);
insert into STATION values (5553, '120b', 6743, 262151.42, 451581.76, 394.85);
insert into STATION values (5554, '120c', 6743, 262154.11, 451577.43, 400.24);
insert into STATION values (5555, '120d', 6743, 262154.52, 451578.03, 393.21);
insert into STATION values (5556, '121', 6743, 262152.98, 451572.96, 391.15);
insert into STATION values (5557, '121a', 6743, 262153.25, 451571.91, 391.04);
insert into STATION values (5558, '121b', 6743, 262151.38, 451574.26, 390.66);
insert into STATION values (5559, '121c', 6743, 262152.79, 451572.82, 391.79);
insert into STATION values (5560, '121d', 6743, 262152.99, 451573.04, 390.83);
insert into STATION values (5561, '122', 6743, 262148.41, 451570.40, 387.70);
insert into STATION values (5562, '123', 6743, 262141.54, 451565.49, 374.40);
insert into STATION values (5563, '122a', 6743, 262149.57, 451569.30, 387.69);
insert into STATION values (5564, '122b', 6743, 262148.13, 451570.92, 387.66);
insert into STATION values (5565, '122c', 6743, 262149.34, 451569.49, 388.42);
insert into STATION values (5566, '122d', 6743, 262149.17, 451570.01, 386.37);
insert into STATION values (5567, '123a', 6743, 262145.98, 451564.43, 374.99);
insert into STATION values (5568, '123b', 6743, 262137.94, 451564.19, 374.34);
insert into STATION values (5569, '123c', 6743, 262142.20, 451563.70, 381.96);
insert into STATION values (5570, '123d', 6743, 262141.57, 451565.30, 373.75);
insert into STATION values (5571, '124', 6743, 262145.54, 451546.97, 371.56);
insert into STATION values (5572, '124a', 6743, 262147.64, 451547.71, 372.44);
insert into STATION values (5573, '124b', 6743, 262142.96, 451546.39, 371.35);
insert into STATION values (5574, '124c', 6743, 262146.33, 451546.07, 380.16);
insert into STATION values (5575, '124d', 6743, 262145.46, 451547.10, 370.59);
insert into STATION values (5576, '125', 6743, 262155.10, 451539.90, 381.70);
insert into STATION values (5577, '125a', 6743, 262156.98, 451538.32, 381.24);
insert into STATION values (5578, '125b', 6743, 262150.48, 451540.72, 380.71);
insert into STATION values (5579, '125c', 6743, 262155.09, 451539.53, 382.80);
insert into STATION values (5580, '125d', 6743, 262155.17, 451539.61, 380.07);
insert into STATION values (5581, '126', 6743, 262154.32, 451537.25, 384.22);
insert into STATION values (5582, '126a', 6743, 262154.42, 451537.81, 384.21);
insert into STATION values (5583, '126b', 6743, 262154.26, 451536.96, 384.19);
insert into STATION values (5584, '126c', 6743, 262154.12, 451537.12, 385.52);
insert into STATION values (5585, '126d', 6743, 262154.24, 451537.01, 382.06);
insert into STATION values (5586, '127', 6743, 262155.69, 451536.04, 387.49);
insert into STATION values (5587, '127a', 6743, 262155.76, 451536.24, 387.49);
insert into STATION values (5588, '127b', 6743, 262155.24, 451534.87, 387.46);
insert into STATION values (5589, '127c', 6743, 262154.49, 451534.94, 392.12);
insert into STATION values (5590, '127d', 6743, 262155.17, 451535.82, 385.40);
insert into STATION values (5591, '128', 6743, 262158.54, 451531.03, 393.66);
insert into STATION values (5592, '128a', 6743, 262160.16, 451532.84, 393.72);
insert into STATION values (5593, '128b', 6743, 262151.80, 451529.85, 393.44);
insert into STATION values (5594, '128c', 6743, 262158.44, 451531.62, 397.41);
insert into STATION values (5595, '128d', 6743, 262158.33, 451530.92, 392.73);
insert into STATION values (5596, '129', 6743, 262168.77, 451525.01, 401.00);
insert into STATION values (5597, '129a', 6743, 262165.43, 451531.11, 400.37);
insert into STATION values (5598, '129b', 6743, 262170.43, 451520.97, 402.52);
insert into STATION values (5599, '129c', 6743, 262168.65, 451524.99, 408.09);
insert into STATION values (5600, '129d', 6743, 262168.90, 451524.95, 399.69);
insert into STATION values (5601, '0', 6747, 261930.55, 451528.03, 438.50);
insert into STATION values (5602, '1', 6747, 261912.30, 451526.43, 437.54);
insert into STATION values (5603, '2', 6747, 261900.30, 451543.25, 436.82);
insert into STATION values (5604, '3', 6747, 261921.77, 451531.68, 435.44);
insert into STATION values (5605, '4', 6747, 261926.05, 451539.09, 430.09);
insert into STATION values (5606, '5', 6751, 261878.32, 451490.07, 438.21);
insert into STATION values (5607, '6', 6751, 261871.90, 451511.07, 454.17);
insert into STATION values (5608, '7', 6751, 261882.01, 451512.31, 460.29);
insert into STATION values (5609, '8', 6751, 261868.97, 451524.47, 459.04);
insert into STATION values (5610, '9', 6751, 261867.85, 451534.32, 463.45);
insert into STATION values (5611, '10', 6751, 261866.70, 451539.73, 464.33);
insert into STATION values (5612, '11', 6751, 261853.72, 451521.57, 463.96);
insert into STATION values (5613, '12', 6751, 261848.26, 451531.42, 471.84);
insert into STATION values (5614, '13', 6751, 261837.86, 451523.86, 482.63);
insert into STATION values (5615, '15', 6751, 261878.21, 451485.05, 435.86);
insert into STATION values (5616, '16', 6751, 261879.88, 451487.36, 436.52);
insert into STATION values (5617, '17', 6751, 261863.87, 451544.43, 464.64);
insert into STATION values (5618, '18', 6751, 261864.88, 451555.92, 449.40);
insert into STATION values (5619, '19', 6751, 261862.14, 451575.36, 432.57);
insert into STATION values (5620, '20', 6751, 261858.72, 451610.89, 409.03);
insert into STATION values (5621, '0', 6755, 261863.40, 451352.32, 442.30);
insert into STATION values (5622, '1', 6755, 261858.58, 451348.13, 447.30);
insert into STATION values (5623, '2', 6755, 261856.34, 451336.63, 448.85);
insert into STATION values (5624, '3', 6755, 261853.96, 451329.30, 454.12);
insert into STATION values (5625, '200', 6759, 261682.87, 451351.06, 418.12);
insert into STATION values (5626, '200a', 6759, 261682.13, 451351.33, 418.09);
insert into STATION values (5627, '200b', 6759, 261683.81, 451351.10, 418.24);
insert into STATION values (5628, '200c', 6759, 261682.81, 451351.04, 418.63);
insert into STATION values (5629, '200d', 6759, 261683.06, 451351.20, 417.40);
insert into STATION values (5630, '201', 6759, 261686.81, 451358.05, 414.32);
insert into STATION values (5631, '201a', 6759, 261682.20, 451356.32, 415.00);
insert into STATION values (5632, '201b', 6759, 261687.75, 451360.00, 414.52);
insert into STATION values (5633, '201c', 6759, 261686.16, 451357.88, 417.72);
insert into STATION values (5634, '201d', 6759, 261685.93, 451358.00, 411.79);
insert into STATION values (5635, '202', 6759, 261680.28, 451363.51, 408.81);
insert into STATION values (5636, '202a', 6759, 261677.87, 451362.84, 407.55);
insert into STATION values (5637, '202b', 6759, 261690.35, 451373.79, 402.82);
insert into STATION values (5638, '202c', 6759, 261680.11, 451363.45, 409.34);
insert into STATION values (5639, '202d', 6759, 261680.09, 451363.55, 408.09);
insert into STATION values (5640, '203', 6759, 261675.74, 451374.60, 396.77);
insert into STATION values (5641, '203a', 6759, 261674.44, 451374.60, 396.30);
insert into STATION values (5642, '203b', 6759, 261679.27, 451376.03, 396.79);
insert into STATION values (5643, '203c', 6759, 261675.74, 451374.56, 397.62);
insert into STATION values (5644, '203d', 6759, 261676.66, 451374.68, 395.60);
insert into STATION values (5645, '204', 6759, 261676.91, 451384.20, 390.51);
insert into STATION values (5646, '204a', 6759, 261674.75, 451384.03, 390.20);
insert into STATION values (5647, '204b', 6759, 261677.89, 451385.26, 390.88);
insert into STATION values (5648, '204c', 6759, 261676.78, 451384.20, 391.11);
insert into STATION values (5649, '204d', 6759, 261676.67, 451384.45, 389.59);
insert into STATION values (5650, '205', 6759, 261676.42, 451386.67, 389.42);
insert into STATION values (5651, '205a', 6759, 261675.14, 451386.58, 389.37);
insert into STATION values (5652, '205b', 6759, 261676.97, 451386.87, 389.45);
insert into STATION values (5653, '205c', 6759, 261676.49, 451386.96, 389.92);
insert into STATION values (5654, '205d', 6759, 261676.46, 451386.59, 389.13);
insert into STATION values (5655, '206', 6759, 261675.50, 451393.21, 384.65);
insert into STATION values (5656, '206a', 6759, 261676.98, 451392.77, 384.55);
insert into STATION values (5657, '206b', 6759, 261675.06, 451393.38, 384.75);
insert into STATION values (5658, '206c', 6759, 261675.79, 451392.97, 386.29);
insert into STATION values (5659, '206d', 6759, 261674.99, 451393.32, 382.47);
insert into STATION values (5660, '206e', 6759, 261675.16, 451388.66, 385.54);
insert into STATION values (5661, '206f', 6759, 261671.59, 451385.90, 383.18);
insert into STATION values (5662, '206g', 6759, 261669.33, 451386.63, 380.92);
insert into STATION values (5663, '207', 6759, 261683.64, 451399.08, 386.64);
insert into STATION values (5664, '207a', 6759, 261681.60, 451400.44, 386.75);
insert into STATION values (5665, '207b', 6759, 261686.97, 451396.59, 387.92);
insert into STATION values (5666, '207c', 6759, 261683.76, 451399.76, 388.94);
insert into STATION values (5667, '207d', 6759, 261683.92, 451398.96, 385.44);
insert into STATION values (5668, '208', 6759, 261693.92, 451407.29, 391.74);
insert into STATION values (5669, '208a', 6759, 261690.49, 451408.63, 392.03);
insert into STATION values (5670, '208b', 6759, 261694.83, 451406.77, 391.89);
insert into STATION values (5671, '208c', 6759, 261693.77, 451407.44, 393.09);
insert into STATION values (5672, '208d', 6759, 261693.84, 451407.81, 389.96);
insert into STATION values (5673, '208e', 6759, 261692.90, 451410.03, 391.45);
insert into STATION values (5674, '209', 6759, 261692.42, 451418.85, 395.71);
insert into STATION values (5675, '209a', 6759, 261691.57, 451419.22, 395.73);
insert into STATION values (5676, '209b', 6759, 261696.55, 451416.87, 395.62);
insert into STATION values (5677, '209c', 6759, 261692.60, 451419.01, 396.71);
insert into STATION values (5678, '209d', 6759, 261692.79, 451419.26, 395.23);
insert into STATION values (5679, '210', 6759, 261705.82, 451432.94, 409.89);
insert into STATION values (5680, '210a', 6759, 261704.38, 451433.93, 409.68);
insert into STATION values (5681, '210b', 6759, 261708.13, 451430.37, 408.52);
insert into STATION values (5682, '210c', 6759, 261705.76, 451433.38, 411.30);
insert into STATION values (5683, '210d', 6759, 261706.02, 451432.76, 408.58);
insert into STATION values (5684, '211', 6759, 261715.71, 451428.96, 410.83);
insert into STATION values (5685, '211a', 6759, 261716.01, 451429.55, 410.96);
insert into STATION values (5686, '211b', 6759, 261715.41, 451427.85, 410.55);
insert into STATION values (5687, '211c', 6759, 261715.80, 451428.99, 411.42);
insert into STATION values (5688, '211d', 6759, 261715.82, 451428.92, 410.34);
insert into STATION values (5689, '211e', 6759, 261717.81, 451431.90, 414.15);
insert into STATION values (5690, '211f', 6759, 261714.85, 451425.96, 408.06);
insert into STATION values (5691, '212', 6759, 261678.12, 451393.08, 386.99);
insert into STATION values (5692, '213', 6759, 261679.55, 451393.68, 387.30);
insert into STATION values (5693, '213a', 6759, 261680.68, 451393.96, 386.97);
insert into STATION values (5694, '213b', 6759, 261678.83, 451393.21, 386.56);
insert into STATION values (5695, '213c', 6759, 261679.59, 451393.61, 388.19);
insert into STATION values (5696, '213d', 6759, 261679.97, 451393.55, 386.27);
insert into STATION values (5697, '214', 6759, 261685.34, 451379.73, 391.92);
insert into STATION values (5698, '214a', 6759, 261685.84, 451379.80, 391.78);
insert into STATION values (5699, '214b', 6759, 261684.84, 451379.52, 391.64);
insert into STATION values (5700, '214c', 6759, 261685.92, 451379.41, 393.39);
insert into STATION values (5701, '214d', 6759, 261685.73, 451379.84, 390.53);
insert into STATION values (5702, '200e', 6759, 261683.73, 451350.77, 418.28);
insert into STATION values (5703, '200f', 6759, 261682.14, 451351.42, 417.91);
insert into STATION values (5704, '200g', 6759, 261683.01, 451350.87, 418.72);
insert into STATION values (5705, '200h', 6759, 261682.93, 451350.97, 417.51);
insert into STATION values (5706, '215', 6759, 261681.38, 451347.85, 418.10);
insert into STATION values (5707, '215a', 6759, 261679.90, 451344.66, 418.09);
insert into STATION values (5708, '215b', 6759, 261683.03, 451346.79, 418.06);
insert into STATION values (5709, '215c', 6759, 261680.58, 451348.07, 417.75);
insert into STATION values (5710, '215d', 6759, 261681.68, 451348.01, 416.53);
insert into STATION values (5711, '215e', 6759, 261681.32, 451347.93, 419.09);
insert into STATION values (5712, '215f', 6759, 261698.59, 451338.39, 437.01);
insert into STATION values (5713, '216', 6759, 261680.19, 451345.36, 416.75);
insert into STATION values (5714, '216a', 6759, 261681.39, 451344.11, 416.61);
insert into STATION values (5715, '216b', 6759, 261679.31, 451346.16, 417.75);
insert into STATION values (5716, '216c', 6759, 261679.91, 451345.19, 418.62);
insert into STATION values (5717, '216d', 6759, 261679.87, 451345.22, 415.15);
insert into STATION values (5718, '217', 6759, 261675.40, 451342.20, 413.65);
insert into STATION values (5719, '217a', 6759, 261675.97, 451341.36, 413.78);
insert into STATION values (5720, '217b', 6759, 261674.61, 451343.28, 413.29);
insert into STATION values (5721, '217c', 6759, 261675.53, 451341.86, 414.77);
insert into STATION values (5722, '217d', 6759, 261675.46, 451341.84, 412.86);
insert into STATION values (5723, '218', 6759, 261670.12, 451340.18, 408.15);
insert into STATION values (5724, '201e', 6759, 261690.20, 451360.31, 414.80);
insert into STATION values (5725, '201f', 6759, 261684.88, 451351.04, 416.54);
insert into STATION values (5726, '201g', 6759, 261687.28, 451358.05, 418.12);
insert into STATION values (5727, '201h', 6759, 261686.56, 451357.84, 412.92);
insert into STATION values (5728, '219', 6759, 261697.40, 451345.73, 432.17);
insert into STATION values (5729, '219a', 6759, 261700.11, 451352.01, 432.29);
insert into STATION values (5730, '219b', 6759, 261691.69, 451342.23, 431.38);
insert into STATION values (5731, '219c', 6759, 261697.25, 451345.82, 434.57);
insert into STATION values (5732, '219d', 6759, 261697.78, 451346.71, 430.37);
insert into STATION values (5733, '254', 6759, 261704.69, 451344.82, 439.96);
insert into STATION values (5734, '254a', 6759, 261705.93, 451347.78, 440.53);
insert into STATION values (5735, '254b', 6759, 261699.65, 451341.20, 439.46);
insert into STATION values (5736, '254c', 6759, 261704.88, 451345.89, 442.93);
insert into STATION values (5737, '254d', 6759, 261704.81, 451344.89, 439.60);
insert into STATION values (5738, '220', 6763, 261746.42, 451368.09, 411.82);
insert into STATION values (5739, '220a', 6763, 261753.83, 451372.12, 410.27);
insert into STATION values (5740, '220b', 6763, 261739.77, 451353.10, 410.13);
insert into STATION values (5741, '220c', 6763, 261747.50, 451366.66, 417.10);
insert into STATION values (5742, '220d', 6763, 261746.55, 451367.52, 410.54);
insert into STATION values (5743, '221', 6763, 261756.30, 451382.21, 415.56);
insert into STATION values (5744, '221a', 6763, 261755.54, 451383.34, 415.54);
insert into STATION values (5745, '221b', 6763, 261757.46, 451382.02, 413.87);
insert into STATION values (5746, '221c', 6763, 261757.44, 451382.56, 417.65);
insert into STATION values (5747, '221d', 6763, 261756.58, 451382.58, 414.58);
insert into STATION values (5748, '222', 6763, 261766.28, 451349.23, 397.07);
insert into STATION values (5749, '222a', 6763, 261770.53, 451351.77, 396.40);
insert into STATION values (5750, '222b', 6763, 261763.47, 451346.05, 396.02);
insert into STATION values (5751, '222c', 6763, 261766.81, 451348.92, 398.95);
insert into STATION values (5752, '222d', 6763, 261767.17, 451349.90, 395.31);
insert into STATION values (5753, '223', 6763, 261775.25, 451324.95, 403.98);
insert into STATION values (5754, '223a', 6763, 261777.13, 451326.00, 404.12);
insert into STATION values (5755, '223b', 6763, 261768.27, 451321.18, 403.69);
insert into STATION values (5756, '223c', 6763, 261774.97, 451325.30, 406.39);
insert into STATION values (5757, '223d', 6763, 261775.53, 451324.87, 402.70);
insert into STATION values (5758, '224', 6763, 261777.85, 451315.20, 411.59);
insert into STATION values (5759, '224a', 6763, 261779.73, 451316.53, 411.56);
insert into STATION values (5760, '224b', 6763, 261771.92, 451311.93, 410.40);
insert into STATION values (5761, '224c', 6763, 261777.89, 451315.25, 411.93);
insert into STATION values (5762, '224d', 6763, 261777.59, 451314.81, 410.78);
insert into STATION values (5763, '225', 6763, 261780.56, 451310.74, 415.68);
insert into STATION values (5764, '225a', 6763, 261781.73, 451310.40, 416.01);
insert into STATION values (5765, '225b', 6763, 261777.39, 451311.11, 413.70);
insert into STATION values (5766, '225c', 6763, 261780.45, 451310.83, 415.94);
insert into STATION values (5767, '225d', 6763, 261780.27, 451311.34, 413.99);
insert into STATION values (5768, '226', 6763, 261778.11, 451308.17, 418.36);
insert into STATION values (5769, '226a', 6763, 261779.40, 451306.29, 419.20);
insert into STATION values (5770, '226b', 6763, 261777.93, 451308.54, 418.34);
insert into STATION values (5771, '226c', 6763, 261777.98, 451307.49, 420.57);
insert into STATION values (5772, '226d', 6763, 261778.01, 451308.20, 417.76);
insert into STATION values (5773, '227', 6763, 261776.37, 451305.19, 421.41);
insert into STATION values (5774, '227a', 6763, 261776.80, 451304.59, 421.59);
insert into STATION values (5775, '227b', 6763, 261776.06, 451305.43, 421.45);
insert into STATION values (5776, '227c', 6763, 261776.15, 451305.18, 422.74);
insert into STATION values (5777, '227d', 6763, 261776.10, 451304.84, 420.58);
insert into STATION values (5778, '227e', 6763, 261778.76, 451306.53, 421.54);
insert into STATION values (5779, '227f', 6763, 261770.05, 451303.10, 422.56);
insert into STATION values (5780, '227g', 6763, 261777.84, 451302.10, 432.37);
insert into STATION values (5781, '227h', 6763, 261776.82, 451304.92, 420.08);
insert into STATION values (5782, '228', 6763, 261791.41, 451271.87, 432.63);
insert into STATION values (5783, '228a', 6763, 261794.25, 451272.41, 432.76);
insert into STATION values (5784, '228b', 6763, 261790.08, 451271.00, 432.06);
insert into STATION values (5785, '228c', 6763, 261792.85, 451272.24, 435.20);
insert into STATION values (5786, '228d', 6763, 261791.88, 451271.61, 431.26);
insert into STATION values (5787, '220e', 6763, 261738.69, 451361.79, 415.51);
insert into STATION values (5788, '220f', 6763, 261746.23, 451378.63, 414.88);
insert into STATION values (5789, '220g', 6763, 261745.95, 451369.71, 421.19);
insert into STATION values (5790, '220h', 6763, 261746.31, 451368.72, 411.05);
insert into STATION values (5791, '229', 6763, 261735.00, 451375.19, 427.72);
insert into STATION values (5792, '229a', 6763, 261734.73, 451371.62, 427.05);
insert into STATION values (5793, '229b', 6763, 261735.10, 451376.20, 428.01);
insert into STATION values (5794, '229c', 6763, 261734.86, 451374.51, 429.56);
insert into STATION values (5795, '229d', 6763, 261735.10, 451375.35, 427.05);
insert into STATION values (5796, '230', 6763, 261721.28, 451366.11, 435.48);
insert into STATION values (5797, '230a', 6763, 261723.25, 451363.81, 434.73);
insert into STATION values (5798, '230b', 6763, 261720.77, 451367.46, 435.04);
insert into STATION values (5799, '230c', 6763, 261719.94, 451366.65, 440.52);
insert into STATION values (5800, '230d', 6763, 261720.78, 451366.52, 434.50);
insert into STATION values (5801, '0', 6767, 261662.53, 451177.03, 391.73);
insert into STATION values (5802, '0a', 6767, 261645.69, 451196.34, 395.66);
insert into STATION values (5803, '0b', 6767, 261658.18, 451173.53, 392.14);
insert into STATION values (5804, '0c', 6767, 261669.36, 451184.29, 392.69);
insert into STATION values (5805, '0d', 6767, 261661.79, 451176.48, 402.08);
insert into STATION values (5806, '0e', 6767, 261662.16, 451176.99, 390.59);
insert into STATION values (5807, '1', 6767, 261679.59, 451170.78, 400.71);
insert into STATION values (5808, '1a', 6767, 261681.95, 451177.62, 400.17);
insert into STATION values (5809, '1b', 6767, 261673.06, 451163.37, 399.47);
insert into STATION values (5810, '1c', 6767, 261680.07, 451170.91, 405.53);
insert into STATION values (5811, '1d', 6767, 261678.96, 451174.16, 394.40);
insert into STATION values (5812, '2', 6767, 261694.26, 451162.90, 407.57);
insert into STATION values (5813, '2a', 6767, 261696.06, 451166.79, 408.23);
insert into STATION values (5814, '2b', 6767, 261694.51, 451163.23, 410.28);
insert into STATION values (5815, '2c', 6767, 261693.98, 451164.13, 404.79);
insert into STATION values (5816, '3', 6767, 261699.47, 451153.00, 415.25);
insert into STATION values (5817, '3a', 6767, 261703.96, 451153.76, 415.74);
insert into STATION values (5818, '3b', 6767, 261691.97, 451149.78, 415.34);
insert into STATION values (5819, '3c', 6767, 261701.32, 451155.17, 428.58);
insert into STATION values (5820, '3d', 6767, 261699.59, 451152.99, 413.82);
insert into STATION values (5821, '4', 6767, 261718.91, 451129.88, 435.77);
insert into STATION values (5822, '4a', 6767, 261720.95, 451138.00, 436.39);
insert into STATION values (5823, '4b', 6767, 261714.77, 451125.63, 436.50);
insert into STATION values (5824, '4c', 6767, 261720.70, 451127.47, 445.81);
insert into STATION values (5825, '4d', 6767, 261718.66, 451129.71, 434.04);
insert into STATION values (5826, '4e', 6767, 261744.82, 451120.56, 439.25);
insert into STATION values (5827, '0', 6771, 261665.24, 450879.29, 436.44);
insert into STATION values (5828, '0a', 6771, 261665.70, 450881.86, 434.84);
insert into STATION values (5829, '0b', 6771, 261665.21, 450875.05, 438.53);
insert into STATION values (5830, '0c', 6771, 261666.42, 450879.62, 441.05);
insert into STATION values (5831, '0d', 6771, 261665.45, 450879.43, 435.20);
insert into STATION values (5832, '1', 6771, 261677.71, 450877.33, 439.78);
insert into STATION values (5833, '1a', 6771, 261681.49, 450886.02, 439.87);
insert into STATION values (5834, '1b', 6771, 261674.70, 450875.29, 440.73);
insert into STATION values (5835, '1c', 6771, 261679.67, 450875.92, 446.45);
insert into STATION values (5836, '1d', 6771, 261678.78, 450878.79, 437.54);
insert into STATION values (5837, '1e', 6771, 261675.16, 450871.93, 440.60);
insert into STATION values (5838, '1f', 6771, 261685.27, 450869.99, 450.43);
insert into STATION values (5839, '2', 6771, 261683.93, 450876.65, 439.85);
insert into STATION values (5840, '2a', 6771, 261691.91, 450880.40, 439.22);
insert into STATION values (5841, '2b', 6771, 261682.45, 450868.41, 438.56);
insert into STATION values (5842, '2c', 6771, 261684.46, 450877.26, 445.88);
insert into STATION values (5843, '2d', 6771, 261683.81, 450875.65, 438.18);
insert into STATION values (5844, '3', 6771, 261692.04, 450866.29, 435.57);
insert into STATION values (5845, '3a', 6771, 261696.09, 450873.75, 435.43);
insert into STATION values (5846, '3b', 6771, 261691.97, 450865.84, 435.60);
insert into STATION values (5847, '3c', 6771, 261692.99, 450866.76, 440.05);
insert into STATION values (5848, '3d', 6771, 261692.52, 450867.16, 433.75);
insert into STATION values (5849, '4', 6771, 261714.33, 450877.97, 432.23);
insert into STATION values (5850, '4a', 6771, 261713.77, 450879.04, 432.53);
insert into STATION values (5851, '4b', 6771, 261715.98, 450872.67, 432.94);
insert into STATION values (5852, '4c', 6771, 261716.02, 450877.41, 437.94);
insert into STATION values (5853, '4d', 6771, 261714.96, 450877.71, 430.56);
insert into STATION values (5854, '4e', 6771, 261716.52, 450874.91, 436.00);
insert into STATION values (5855, '4f', 6771, 261717.34, 450880.49, 435.05);
insert into STATION values (5856, '5', 6771, 261749.82, 450878.64, 428.98);
insert into STATION values (5857, '5a', 6771, 261756.14, 450882.08, 428.82);
insert into STATION values (5858, '5b', 6771, 261741.82, 450873.68, 430.67);
insert into STATION values (5859, '5c', 6771, 261749.68, 450879.36, 436.06);
insert into STATION values (5860, '5d', 6771, 261750.79, 450879.40, 426.77);
insert into STATION values (5861, '5e', 6771, 261752.86, 450884.97, 425.34);
insert into STATION values (5862, '5f', 6771, 261760.27, 450874.47, 427.18);
insert into STATION values (5863, '5g', 6771, 261759.51, 450877.81, 445.47);
insert into STATION values (5864, '6', 6771, 261745.63, 450865.24, 429.60);
insert into STATION values (5865, '6a', 6771, 261748.05, 450864.26, 429.57);
insert into STATION values (5866, '6b', 6771, 261738.71, 450870.99, 428.99);
insert into STATION values (5867, '6c', 6771, 261739.15, 450867.49, 429.26);
insert into STATION values (5868, '6d', 6771, 261745.08, 450864.91, 434.64);
insert into STATION values (5869, '6e', 6771, 261746.67, 450863.73, 427.12);
insert into STATION values (5870, '6f', 6771, 261732.21, 450858.19, 429.86);
insert into STATION values (5871, '7', 6771, 261745.45, 450855.32, 429.51);
insert into STATION values (5872, '7a', 6771, 261748.16, 450861.15, 428.81);
insert into STATION values (5873, '7b', 6771, 261744.47, 450854.50, 429.81);
insert into STATION values (5874, '7c', 6771, 261746.09, 450855.70, 433.05);
insert into STATION values (5875, '7d', 6771, 261747.03, 450856.89, 427.26);
insert into STATION values (5876, '7e', 6771, 261748.02, 450848.39, 427.01);
insert into STATION values (5877, '7f', 6771, 261756.36, 450849.00, 426.51);
insert into STATION values (5878, '8', 6771, 261760.30, 450857.58, 428.27);
insert into STATION values (5879, '8a', 6771, 261761.88, 450860.19, 428.47);
insert into STATION values (5880, '8b', 6771, 261759.20, 450852.59, 432.28);
insert into STATION values (5881, '8c', 6771, 261761.88, 450856.90, 435.26);
insert into STATION values (5882, '8d', 6771, 261760.90, 450857.77, 426.67);
insert into STATION values (5883, '8e', 6771, 261777.23, 450845.14, 424.97);
insert into STATION values (5884, '8f', 6771, 261768.54, 450838.91, 423.29);
insert into STATION values (5885, '8g', 6771, 261772.96, 450833.24, 423.60);
insert into STATION values (5886, '9', 6771, 261764.74, 450853.10, 426.05);
insert into STATION values (5887, '9a', 6771, 261771.81, 450854.74, 426.22);
insert into STATION values (5888, '9b', 6771, 261759.56, 450848.86, 425.54);
insert into STATION values (5889, '9c', 6771, 261768.13, 450851.00, 434.88);
insert into STATION values (5890, '9d', 6771, 261768.88, 450854.25, 422.84);
insert into STATION values (5891, '9e', 6771, 261779.24, 450849.85, 422.85);
insert into STATION values (5892, '9f', 6771, 261777.57, 450835.42, 406.13);
insert into STATION values (5893, '10', 6771, 261765.28, 450845.21, 419.72);
insert into STATION values (5894, '10a', 6771, 261765.87, 450842.66, 420.42);
insert into STATION values (5895, '10b', 6771, 261765.72, 450851.46, 420.62);
insert into STATION values (5896, '10c', 6771, 261767.57, 450845.71, 431.19);
insert into STATION values (5897, '10d', 6771, 261765.52, 450844.89, 418.60);
insert into STATION values (5898, '10e', 6771, 261772.06, 450840.41, 422.81);
insert into STATION values (5899, '10f', 6771, 261774.18, 450842.07, 414.00);
insert into STATION values (5900, '10g', 6771, 261775.76, 450844.10, 409.67);
insert into STATION values (5901, '10h', 6771, 261771.10, 450841.39, 412.24);
insert into STATION values (5902, '11', 6771, 261775.90, 450842.35, 407.70);
insert into STATION values (5903, '11a', 6771, 261771.18, 450841.99, 408.65);
insert into STATION values (5904, '11b', 6771, 261778.25, 450841.90, 407.88);
insert into STATION values (5905, '11c', 6771, 261773.75, 450841.64, 412.98);
insert into STATION values (5906, '11d', 6771, 261775.56, 450842.10, 406.83);
insert into STATION values (5907, '11e', 6771, 261770.29, 450842.34, 410.15);
insert into STATION values (5908, '11f', 6771, 261775.94, 450845.53, 409.48);
insert into STATION values (5909, '11g', 6771, 261773.89, 450851.21, 411.93);
insert into STATION values (5910, '11h', 6771, 261767.63, 450851.99, 414.86);
insert into STATION values (5911, '12', 6771, 261776.07, 450832.31, 401.56);
insert into STATION values (5912, '12a', 6771, 261777.96, 450832.04, 401.22);
insert into STATION values (5913, '12b', 6771, 261772.10, 450832.04, 401.65);
insert into STATION values (5914, '12c', 6771, 261767.53, 450836.83, 404.72);
insert into STATION values (5915, '12d', 6771, 261763.52, 450836.89, 406.42);
insert into STATION values (5916, '12e', 6771, 261767.00, 450837.39, 408.85);
insert into STATION values (5917, '12f', 6771, 261764.38, 450839.12, 415.07);
insert into STATION values (5918, '12g', 6771, 261762.88, 450834.56, 408.20);
insert into STATION values (5919, '12h', 6771, 261778.00, 450835.69, 400.16);
insert into STATION values (5920, '12i', 6771, 261779.77, 450835.42, 398.80);
insert into STATION values (5921, '12j', 6771, 261782.74, 450835.38, 396.51);
insert into STATION values (5922, '12k', 6771, 261776.09, 450832.13, 400.37);
insert into STATION values (5923, '13', 6771, 261771.23, 450825.33, 400.99);
insert into STATION values (5924, '13a', 6771, 261774.16, 450823.16, 400.62);
insert into STATION values (5925, '13b', 6771, 261769.53, 450826.74, 400.96);
insert into STATION values (5926, '13c', 6771, 261771.43, 450825.41, 403.60);
insert into STATION values (5927, '13d', 6771, 261771.14, 450825.23, 399.56);
insert into STATION values (5928, '13e', 6771, 261778.46, 450825.91, 401.29);
insert into STATION values (5929, '13f', 6771, 261777.29, 450832.21, 400.35);
insert into STATION values (5930, '13g', 6771, 261767.34, 450826.97, 398.01);
insert into STATION values (5931, '13h', 6771, 261763.87, 450823.38, 399.57);
insert into STATION values (5932, '14', 6771, 261758.31, 450817.94, 405.35);
insert into STATION values (5933, '14a', 6771, 261764.96, 450809.08, 409.16);
insert into STATION values (5934, '14b', 6771, 261757.46, 450819.10, 405.11);
insert into STATION values (5935, '14c', 6771, 261758.04, 450817.65, 404.09);
insert into STATION values (5936, '14d', 6771, 261781.67, 450820.65, 408.33);
insert into STATION values (5937, '14e', 6771, 261770.22, 450812.49, 408.77);
insert into STATION values (5938, '14f', 6771, 261757.10, 450809.40, 406.51);
insert into STATION values (5939, '15', 6771, 261759.68, 450813.42, 406.63);
insert into STATION values (5940, '15a', 6771, 261769.73, 450812.48, 407.21);
insert into STATION values (5941, '15b', 6771, 261753.24, 450814.91, 404.62);
insert into STATION values (5942, '15c', 6771, 261765.88, 450820.53, 430.08);
insert into STATION values (5943, '15d', 6771, 261759.75, 450813.31, 405.82);
insert into STATION values (5944, '15e', 6771, 261789.25, 450823.60, 448.18);
insert into STATION values (5945, '16', 6771, 261752.76, 450808.57, 397.27);
insert into STATION values (5946, '16a', 6771, 261753.53, 450806.96, 397.05);
insert into STATION values (5947, '16b', 6771, 261751.81, 450810.86, 397.78);
insert into STATION values (5948, '16c', 6771, 261752.27, 450808.70, 399.68);
insert into STATION values (5949, '16d', 6771, 261752.47, 450808.45, 396.55);
insert into STATION values (5950, '17', 6771, 261746.23, 450806.10, 398.23);
insert into STATION values (5951, '17a', 6771, 261750.49, 450805.75, 397.84);
insert into STATION values (5952, '17b', 6771, 261744.02, 450806.19, 398.18);
insert into STATION values (5953, '17c', 6771, 261746.41, 450806.64, 401.58);
insert into STATION values (5954, '17d', 6771, 261746.54, 450806.29, 397.22);
insert into STATION values (5955, '17e', 6771, 261744.76, 450809.53, 397.06);
insert into STATION values (5956, '17f', 6771, 261750.58, 450810.14, 396.09);
insert into STATION values (5957, '18', 6771, 261746.53, 450800.67, 402.38);
insert into STATION values (5958, '18a', 6771, 261747.92, 450799.78, 403.43);
insert into STATION values (5959, '18b', 6771, 261742.64, 450802.54, 402.40);
insert into STATION values (5960, '18c', 6771, 261745.09, 450807.08, 419.31);
insert into STATION values (5961, '18d', 6771, 261746.39, 450801.06, 400.95);
insert into STATION values (5962, '18e', 6771, 261749.89, 450815.14, 412.41);
insert into STATION values (5963, '18f', 6771, 261742.46, 450809.00, 414.16);
insert into STATION values (5964, '18g', 6771, 261750.96, 450810.50, 419.02);
insert into STATION values (5965, '18h', 6771, 261742.27, 450792.09, 398.05);
insert into STATION values (5966, '18i', 6771, 261739.63, 450793.78, 399.62);
insert into STATION values (5967, '19', 6771, 261736.25, 450786.20, 394.01);
insert into STATION values (5968, '19a', 6771, 261742.42, 450789.04, 393.13);
insert into STATION values (5969, '19b', 6771, 261734.16, 450785.49, 393.86);
insert into STATION values (5970, '19c', 6771, 261736.31, 450786.11, 395.20);
insert into STATION values (5971, '19d', 6771, 261736.40, 450786.19, 393.14);
insert into STATION values (5972, '19e', 6771, 261737.51, 450794.47, 394.77);
insert into STATION values (5973, '19f', 6771, 261742.45, 450789.23, 393.57);
insert into STATION values (5974, '19g', 6771, 261743.52, 450778.25, 385.15);
insert into STATION values (5975, '19h', 6771, 261737.75, 450777.51, 387.29);
insert into STATION values (5976, '19i', 6771, 261734.14, 450781.34, 391.92);
insert into STATION values (5977, '19j', 6771, 261750.46, 450778.63, 390.00);
insert into STATION values (5978, '20', 6771, 261763.62, 450778.74, 399.48);
insert into STATION values (5979, '20a', 6771, 261761.68, 450775.02, 399.70);
insert into STATION values (5980, '20b', 6771, 261768.72, 450787.05, 403.43);
insert into STATION values (5981, '20c', 6771, 261764.24, 450782.24, 430.69);
insert into STATION values (5982, '20d', 6771, 261763.93, 450778.55, 398.28);
insert into STATION values (5983, '20e', 6771, 261750.30, 450779.32, 420.42);
insert into STATION values (5984, '20f', 6771, 261772.07, 450782.72, 413.91);
insert into STATION values (5985, '20g', 6771, 261789.02, 450782.87, 425.51);
insert into STATION values (5986, '20h', 6771, 261791.49, 450772.08, 420.59);
insert into STATION values (5987, '20i', 6771, 261766.40, 450763.87, 393.57);
insert into STATION values (5988, '21', 6771, 261790.81, 450780.66, 419.08);
insert into STATION values (5989, '21a', 6771, 261790.85, 450785.10, 418.08);
insert into STATION values (5990, '21b', 6771, 261789.99, 450772.59, 418.95);
insert into STATION values (5991, '21c', 6771, 261791.45, 450781.13, 423.12);
insert into STATION values (5992, '21d', 6771, 261790.84, 450780.35, 417.37);
insert into STATION values (5993, '21e', 6771, 261795.96, 450789.57, 416.95);
insert into STATION values (5994, '21f', 6771, 261800.96, 450786.95, 423.10);
insert into STATION values (5995, '22', 6771, 261797.31, 450777.30, 421.65);
insert into STATION values (5996, '22a', 6771, 261799.31, 450777.94, 421.77);
insert into STATION values (5997, '22b', 6771, 261789.50, 450774.65, 418.81);
insert into STATION values (5998, '22c', 6771, 261797.46, 450777.58, 423.63);
insert into STATION values (5999, '22d', 6771, 261798.19, 450778.08, 420.42);
insert into STATION values (6000, '23', 6771, 261799.97, 450768.39, 420.47);
insert into STATION values (6001, '23a', 6771, 261804.49, 450769.93, 422.12);
insert into STATION values (6002, '23b', 6771, 261797.77, 450767.73, 420.12);
insert into STATION values (6003, '23c', 6771, 261800.68, 450768.46, 425.88);
insert into STATION values (6004, '23d', 6771, 261800.19, 450768.28, 418.50);
insert into STATION values (6005, '23e', 6771, 261808.42, 450765.72, 410.26);
insert into STATION values (6006, '24', 6771, 261800.62, 450760.87, 416.81);
insert into STATION values (6007, '24a', 6771, 261804.64, 450763.02, 417.16);
insert into STATION values (6008, '24b', 6771, 261798.30, 450757.27, 417.18);
insert into STATION values (6009, '24c', 6771, 261801.65, 450762.86, 433.82);
insert into STATION values (6010, '24d', 6771, 261800.77, 450761.21, 415.54);
insert into STATION values (6011, '24e', 6771, 261816.08, 450748.01, 412.44);
insert into STATION values (6012, '24f', 6771, 261807.26, 450740.29, 411.96);
insert into STATION values (6013, '24g', 6771, 261806.39, 450739.53, 413.99);
insert into STATION values (6014, '24h', 6771, 261818.84, 450739.13, 410.27);
insert into STATION values (6015, '24i', 6771, 261814.22, 450733.64, 410.52);
insert into STATION values (6016, '24j', 6771, 261823.62, 450741.53, 410.97);
insert into STATION values (6017, '24k', 6771, 261796.76, 450760.34, 416.53);
insert into STATION values (6018, '24l', 6771, 261795.82, 450763.77, 416.05);
insert into STATION values (6019, '24m', 6771, 261805.94, 450755.31, 404.40);
insert into STATION values (6020, '25', 6771, 261816.23, 450742.54, 412.07);
insert into STATION values (6021, '25a', 6771, 261816.74, 450747.85, 413.32);
insert into STATION values (6022, '25b', 6771, 261819.29, 450738.87, 412.79);
insert into STATION values (6023, '25c', 6771, 261816.88, 450742.34, 415.44);
insert into STATION values (6024, '25d', 6771, 261816.14, 450742.54, 411.27);
insert into STATION values (6025, '26', 6771, 261821.81, 450745.65, 415.49);
insert into STATION values (6026, '26a', 6771, 261820.44, 450748.72, 416.20);
insert into STATION values (6027, '26b', 6771, 261824.12, 450742.30, 415.19);
insert into STATION values (6028, '26c', 6771, 261822.15, 450745.33, 419.18);
insert into STATION values (6029, '26d', 6771, 261821.73, 450745.92, 414.66);
insert into STATION values (6030, '26e', 6771, 261832.08, 450751.18, 415.37);
insert into STATION values (6031, '26f', 6771, 261848.78, 450760.47, 429.05);
insert into STATION values (6032, '25e', 6771, 261806.52, 450740.35, 414.96);
insert into STATION values (6033, '27', 6771, 261803.07, 450732.25, 418.88);
insert into STATION values (6034, '27a', 6771, 261810.49, 450732.24, 417.60);
insert into STATION values (6035, '27b', 6771, 261800.07, 450731.91, 419.05);
insert into STATION values (6036, '27c', 6771, 261802.40, 450731.57, 423.48);
insert into STATION values (6037, '27d', 6771, 261803.11, 450732.36, 418.25);
insert into STATION values (6038, '28', 6771, 261805.13, 450721.99, 424.55);
insert into STATION values (6039, '28a', 6771, 261800.46, 450725.34, 426.87);
insert into STATION values (6040, '28b', 6771, 261803.86, 450725.57, 428.02);
insert into STATION values (6041, '28c', 6771, 261805.19, 450722.04, 423.35);
insert into STATION values (6042, '29', 6771, 261796.83, 450709.09, 422.89);
insert into STATION values (6043, '29a', 6771, 261814.46, 450709.83, 425.67);
insert into STATION values (6044, '29b', 6771, 261789.91, 450713.63, 427.01);
insert into STATION values (6045, '29c', 6771, 261795.23, 450707.76, 433.41);
insert into STATION values (6046, '29d', 6771, 261796.79, 450709.15, 422.26);
insert into STATION values (6047, '29e', 6771, 261792.02, 450723.45, 430.13);
insert into STATION values (6048, '29f', 6771, 261802.66, 450698.66, 422.07);
insert into STATION values (6049, '29g', 6771, 261790.89, 450696.30, 418.82);
insert into STATION values (6050, '29h', 6771, 261807.12, 450719.94, 458.43);
insert into STATION values (6051, '30', 6771, 261785.50, 450723.55, 432.84);
insert into STATION values (6052, '30a', 6771, 261783.36, 450717.01, 432.96);
insert into STATION values (6053, '30b', 6771, 261785.72, 450724.57, 433.19);
insert into STATION values (6054, '30c', 6771, 261785.45, 450723.49, 435.84);
insert into STATION values (6055, '30d', 6771, 261785.61, 450723.17, 431.73);
insert into STATION values (6056, '30e', 6771, 261764.54, 450726.04, 446.14);
insert into STATION values (6057, '31', 6771, 261800.11, 450680.12, 419.09);
insert into STATION values (6058, '31a', 6771, 261807.19, 450682.88, 419.79);
insert into STATION values (6059, '31b', 6771, 261794.36, 450677.60, 421.39);
insert into STATION values (6060, '31c', 6771, 261800.11, 450680.01, 426.01);
insert into STATION values (6061, '31d', 6771, 261800.12, 450680.07, 418.68);
insert into STATION values (6062, '31e', 6771, 261785.69, 450685.42, 416.81);
insert into STATION values (6063, '32', 6771, 261817.62, 450670.33, 419.91);
insert into STATION values (6064, '32a', 6771, 261819.01, 450675.23, 420.24);
insert into STATION values (6065, '32b', 6771, 261817.74, 450669.26, 420.07);
insert into STATION values (6066, '32c', 6771, 261817.62, 450670.56, 420.91);
insert into STATION values (6067, '32d', 6771, 261817.63, 450670.30, 419.59);
insert into STATION values (6068, '33', 6771, 261824.11, 450675.27, 419.27);
insert into STATION values (6069, '33a', 6771, 261824.06, 450675.77, 419.31);
insert into STATION values (6070, '33b', 6771, 261825.55, 450668.49, 421.96);
insert into STATION values (6071, '33c', 6771, 261824.44, 450675.35, 421.54);
insert into STATION values (6072, '33d', 6771, 261824.15, 450675.37, 417.75);
insert into STATION values (6073, '34', 6771, 261834.17, 450668.19, 421.72);
insert into STATION values (6074, '34a', 6771, 261835.92, 450667.69, 422.01);
insert into STATION values (6075, '34b', 6771, 261831.44, 450665.88, 421.00);
insert into STATION values (6076, '34c', 6771, 261833.78, 450668.00, 424.06);
insert into STATION values (6077, '34d', 6771, 261834.11, 450668.29, 420.80);
insert into STATION values (6078, '34e', 6771, 261829.03, 450654.81, 419.12);
insert into STATION values (6079, '35', 6771, 261835.47, 450688.78, 425.74);
insert into STATION values (6080, '35a', 6771, 261837.85, 450682.81, 425.54);
insert into STATION values (6081, '35b', 6771, 261835.85, 450688.17, 427.07);
insert into STATION values (6082, '35c', 6771, 261835.50, 450688.55, 423.64);
insert into STATION values (6083, '35d', 6771, 261830.30, 450681.72, 422.60);
insert into STATION values (6084, '36', 6771, 261866.21, 450680.12, 438.74);
insert into STATION values (6085, '36a', 6771, 261868.94, 450683.84, 438.93);
insert into STATION values (6086, '36b', 6771, 261865.79, 450678.67, 438.73);
insert into STATION values (6087, '36c', 6771, 261866.90, 450680.20, 440.77);
insert into STATION values (6088, '36d', 6771, 261866.48, 450680.03, 437.81);
insert into STATION values (6089, '37', 6771, 261830.40, 450660.16, 419.85);
insert into STATION values (6090, '37a', 6771, 261831.48, 450656.35, 421.34);
insert into STATION values (6091, '37b', 6771, 261834.76, 450653.26, 423.58);
insert into STATION values (6092, '37c', 6771, 261827.48, 450663.75, 420.72);
insert into STATION values (6093, '37d', 6771, 261830.52, 450660.12, 421.76);
insert into STATION values (6094, '37e', 6771, 261830.51, 450660.17, 419.12);
insert into STATION values (6095, '38', 6771, 261814.91, 450649.01, 411.62);
insert into STATION values (6096, '38a', 6771, 261815.66, 450648.34, 411.56);
insert into STATION values (6097, '38b', 6771, 261813.55, 450650.26, 411.66);
insert into STATION values (6098, '38c', 6771, 261814.69, 450649.06, 412.28);
insert into STATION values (6099, '38d', 6771, 261814.84, 450649.07, 410.93);
insert into STATION values (6100, '39', 6771, 261810.02, 450644.03, 412.34);
insert into STATION values (6101, '39a', 6771, 261811.48, 450642.35, 412.54);
insert into STATION values (6102, '39b', 6771, 261807.88, 450646.67, 412.95);
insert into STATION values (6103, '39c', 6771, 261809.80, 450644.13, 415.17);
insert into STATION values (6104, '39d', 6771, 261810.08, 450644.27, 411.52);
insert into STATION values (6105, '40', 6771, 261806.05, 450639.39, 409.24);
insert into STATION values (6106, '40a', 6771, 261808.30, 450639.08, 409.27);
insert into STATION values (6107, '40b', 6771, 261805.05, 450639.41, 409.64);
insert into STATION values (6108, '40c', 6771, 261806.12, 450639.53, 411.77);
insert into STATION values (6109, '40d', 6771, 261806.28, 450639.28, 408.13);
insert into STATION values (6110, '40e', 6771, 261811.20, 450630.94, 404.80);
insert into STATION values (6111, '40f', 6771, 261816.07, 450636.15, 406.79);
insert into STATION values (6112, '40g', 6771, 261809.24, 450636.01, 403.73);
insert into STATION values (6113, '41', 6771, 261788.47, 450680.50, 419.44);
insert into STATION values (6114, '41a', 6771, 261788.52, 450679.51, 419.59);
insert into STATION values (6115, '41b', 6771, 261787.84, 450684.49, 419.41);
insert into STATION values (6116, '41c', 6771, 261787.61, 450681.88, 422.70);
insert into STATION values (6117, '41d', 6771, 261788.41, 450680.59, 418.27);
insert into STATION values (6118, '42', 6771, 261779.74, 450682.39, 417.01);
insert into STATION values (6119, '42a', 6771, 261779.28, 450679.79, 417.49);
insert into STATION values (6120, '42b', 6771, 261778.57, 450683.83, 417.22);
insert into STATION values (6121, '42c', 6771, 261778.54, 450681.23, 422.34);
insert into STATION values (6122, '42d', 6771, 261779.58, 450682.00, 415.79);
insert into STATION values (6123, '43', 6771, 261764.05, 450678.72, 409.83);
insert into STATION values (6124, '43a', 6771, 261763.92, 450677.12, 409.78);
insert into STATION values (6125, '43b', 6771, 261764.96, 450683.69, 410.16);
insert into STATION values (6126, '43c', 6771, 261763.94, 450679.47, 415.51);
insert into STATION values (6127, '43d', 6771, 261764.08, 450678.82, 408.92);
insert into STATION values (6128, '44', 6771, 261755.45, 450679.46, 415.54);
insert into STATION values (6129, '44a', 6771, 261755.47, 450676.39, 415.48);
insert into STATION values (6130, '44b', 6771, 261756.37, 450684.94, 415.12);
insert into STATION values (6131, '44c', 6771, 261756.60, 450681.32, 422.68);
insert into STATION values (6132, '44d', 6771, 261755.81, 450678.85, 412.32);
insert into STATION values (6133, '45', 6771, 261749.13, 450678.45, 415.19);
insert into STATION values (6134, '45a', 6771, 261749.19, 450674.91, 415.33);
insert into STATION values (6135, '45b', 6771, 261748.36, 450681.36, 415.27);
insert into STATION values (6136, '45c', 6771, 261748.76, 450677.99, 419.99);
insert into STATION values (6137, '45d', 6771, 261749.24, 450678.51, 413.86);
insert into STATION values (6138, '46', 6771, 261745.68, 450676.38, 413.71);
insert into STATION values (6139, '46a', 6771, 261745.89, 450674.67, 413.88);
insert into STATION values (6140, '46b', 6771, 261742.78, 450683.03, 413.37);
insert into STATION values (6141, '46c', 6771, 261744.00, 450677.57, 421.27);
insert into STATION values (6142, '46d', 6771, 261745.67, 450675.91, 412.65);
insert into STATION values (6143, '46e', 6771, 261725.50, 450684.42, 420.17);
insert into STATION values (6144, '47', 6771, 261724.12, 450670.12, 399.44);
insert into STATION values (6145, '47a', 6771, 261724.82, 450666.37, 399.03);
insert into STATION values (6146, '47b', 6771, 261722.92, 450672.85, 399.74);
insert into STATION values (6147, '47c', 6771, 261723.37, 450669.96, 405.00);
insert into STATION values (6148, '47d', 6771, 261724.13, 450670.30, 398.35);
insert into STATION values (6149, '48', 6771, 261713.53, 450665.86, 390.46);
insert into STATION values (6150, '48a', 6771, 261712.44, 450668.41, 390.37);
insert into STATION values (6151, '48b', 6771, 261715.90, 450663.31, 390.39);
insert into STATION values (6152, '48c', 6771, 261715.91, 450665.68, 416.07);
insert into STATION values (6153, '48d', 6771, 261708.47, 450664.58, 385.05);
insert into STATION values (6154, '48e', 6771, 261711.12, 450654.39, 383.25);
insert into STATION values (6155, '350', 6775, 261545.70, 450926.01, 421.46);
insert into STATION values (6156, '350a', 6775, 261541.15, 450929.86, 419.82);
insert into STATION values (6157, '350b', 6775, 261554.38, 450931.74, 417.89);
insert into STATION values (6158, '350c', 6775, 261544.22, 450929.08, 431.92);
insert into STATION values (6159, '350d', 6775, 261545.27, 450926.60, 419.99);
insert into STATION values (6160, '351', 6775, 261545.95, 450948.10, 412.09);
insert into STATION values (6161, '351a', 6775, 261545.79, 450950.94, 411.79);
insert into STATION values (6162, '351b', 6775, 261548.83, 450944.79, 412.52);
insert into STATION values (6163, '351c', 6775, 261547.64, 450949.46, 425.97);
insert into STATION values (6164, '351d', 6775, 261546.03, 450948.08, 411.47);
insert into STATION values (6165, '352', 6775, 261556.30, 450945.21, 420.96);
insert into STATION values (6166, '352a', 6775, 261548.15, 450953.65, 421.57);
insert into STATION values (6167, '352b', 6775, 261557.89, 450945.12, 421.23);
insert into STATION values (6168, '352c', 6775, 261555.55, 450946.12, 428.36);
insert into STATION values (6169, '352d', 6775, 261555.65, 450946.08, 419.02);
insert into STATION values (6170, '352e', 6775, 261555.89, 450950.72, 422.82);
insert into STATION values (6171, '353', 6775, 261555.87, 450950.76, 422.92);
insert into STATION values (6172, '353a', 6775, 261550.82, 450952.96, 422.76);
insert into STATION values (6173, '353b', 6775, 261557.62, 450950.63, 422.99);
insert into STATION values (6174, '353c', 6775, 261555.33, 450950.49, 429.26);
insert into STATION values (6175, '353d', 6775, 261555.57, 450950.54, 422.17);
insert into STATION values (6176, '354', 6775, 261557.32, 450971.58, 421.46);
insert into STATION values (6177, '354a', 6775, 261552.52, 450969.69, 422.71);
insert into STATION values (6178, '354b', 6775, 261567.88, 450974.88, 422.27);
insert into STATION values (6179, '354c', 6775, 261557.13, 450972.01, 433.49);
insert into STATION values (6180, '354d', 6775, 261557.23, 450971.83, 420.36);
insert into STATION values (6181, '355', 6775, 261553.37, 450993.21, 429.90);
insert into STATION values (6182, '355a', 6775, 261550.02, 450992.96, 429.91);
insert into STATION values (6183, '355b', 6775, 261558.39, 450991.80, 430.41);
insert into STATION values (6184, '355c', 6775, 261553.07, 450994.05, 434.43);
insert into STATION values (6185, '355d', 6775, 261552.97, 450993.42, 429.09);
insert into STATION values (6186, '356', 6775, 261556.84, 450999.87, 435.95);
insert into STATION values (6187, '355e', 6775, 261552.88, 450993.83, 429.60);
insert into STATION values (6188, '355f', 6775, 261554.79, 450993.40, 429.67);
insert into STATION values (6189, '355g', 6775, 261554.10, 450993.65, 430.21);
insert into STATION values (6190, '355h', 6775, 261554.02, 450993.21, 428.70);
insert into STATION values (6191, '0', 6779, 261638.14, 450858.30, 433.68);
insert into STATION values (6192, '1', 6779, 261651.69, 450852.55, 439.04);
insert into STATION values (6193, '2', 6779, 261656.85, 450828.27, 442.92);
insert into STATION values (6194, '3', 6779, 261649.41, 450824.64, 441.81);
insert into STATION values (6195, '4', 6779, 261646.70, 450815.20, 441.31);
insert into STATION values (6196, '5', 6779, 261647.83, 450802.31, 441.17);
insert into STATION values (6197, '6', 6779, 261640.81, 450795.99, 440.46);
insert into STATION values (6198, '7', 6779, 261638.98, 450790.95, 439.35);
insert into STATION values (6199, '8', 6779, 261633.88, 450790.55, 438.28);
insert into STATION values (6200, '9', 6779, 261631.59, 450790.71, 438.40);
insert into STATION values (6201, '10', 6779, 261631.37, 450788.16, 439.82);
insert into STATION values (6202, '11', 6779, 261623.33, 450794.91, 431.90);
insert into STATION values (6203, '12', 6779, 261626.62, 450785.63, 437.20);
insert into STATION values (6204, '13', 6779, 261625.93, 450780.74, 437.68);
insert into STATION values (6205, '14', 6779, 261620.52, 450742.23, 447.02);
insert into STATION values (6206, '15', 6779, 261663.50, 450825.17, 448.64);
insert into STATION values (6207, '0', 6783, 261837.86, 451523.86, 482.63);
insert into STATION values (6208, '1', 6783, 261838.71, 451515.84, 486.92);
insert into STATION values (6209, '2', 6783, 261837.38, 451510.10, 487.32);
insert into STATION values (6210, '3', 6783, 261839.18, 451501.63, 492.12);
insert into STATION values (6211, '4', 6783, 261848.61, 451500.47, 500.09);
insert into STATION values (6212, '5', 6783, 261832.99, 451501.09, 489.63);
insert into STATION values (6213, '6', 6783, 261828.66, 451497.05, 487.48);
insert into STATION values (6214, '7', 6783, 261830.28, 451491.00, 488.36);
insert into STATION values (6215, '8', 6783, 261852.57, 451499.63, 503.03);
insert into STATION values (6216, '9', 6783, 261860.59, 451495.54, 510.07);
insert into STATION values (6217, '10', 6783, 261871.20, 451490.14, 519.36);
insert into STATION values (6218, '0', 6787, 261953.93, 451164.99, 411.26);
insert into STATION values (6219, '1', 6787, 261961.80, 451169.26, 412.14);
insert into STATION values (6220, '2', 6787, 261968.38, 451172.90, 420.70);
insert into STATION values (6221, '3', 6787, 261937.40, 451155.82, 416.93);
insert into STATION values (6222, '4', 6787, 261934.21, 451150.08, 416.67);
insert into STATION values (6223, '5', 6787, 261929.31, 451147.69, 417.98);
insert into STATION values (6224, '6', 6787, 261936.54, 451150.18, 421.10);
insert into STATION values (6225, '7', 6787, 261942.23, 451150.48, 421.33);
insert into STATION values (6226, '8', 6787, 261954.10, 451153.00, 427.25);
insert into STATION values (6227, '9', 6787, 261961.18, 451154.18, 428.93);
insert into STATION values (6228, '10', 6787, 261968.77, 451153.18, 427.68);
insert into STATION values (6229, '11', 6787, 261972.65, 451156.81, 428.45);
insert into STATION values (6230, '12', 6787, 261972.65, 451156.81, 429.79);
insert into STATION values (6231, '13', 6787, 261973.35, 451164.73, 430.67);
insert into STATION values (6232, '20', 6787, 261930.05, 451145.12, 415.49);
insert into STATION values (6233, '21', 6787, 261926.96, 451139.78, 418.11);
insert into STATION values (6234, '22', 6787, 261928.06, 451136.41, 417.38);
insert into STATION values (6235, '23', 6787, 261929.77, 451132.75, 412.78);
insert into STATION values (6236, '5a', 6787, 261926.27, 451151.31, 421.67);
insert into STATION values (6237, '5b', 6787, 261919.38, 451152.84, 421.41);
insert into STATION values (6238, '5c', 6787, 261908.93, 451153.39, 414.09);
insert into STATION values (6239, '1', 6791, 261762.40, 451189.92, 444.12);
insert into STATION values (6240, '2', 6791, 261746.84, 451212.13, 438.60);
insert into STATION values (6241, '3', 6791, 261745.14, 451218.50, 441.12);
insert into STATION values (6242, '4', 6791, 261736.85, 451230.33, 442.79);
insert into STATION values (6243, '5', 6791, 261735.55, 451237.75, 443.45);
insert into STATION values (6244, '6', 6791, 261754.84, 451211.99, 434.53);
insert into STATION values (6245, '7', 6791, 261762.74, 451222.86, 427.29);
insert into STATION values (6246, '0', 6795, 261502.01, 450758.91, 182.00);
insert into STATION values (6247, '1', 6795, 261491.44, 450743.83, 162.26);
insert into STATION values (6248, '2', 6795, 261509.22, 450756.85, 190.05);
insert into STATION values (6249, '3', 6795, 261506.83, 450739.86, 194.26);
insert into STATION values (6250, '4', 6795, 261505.60, 450735.26, 192.20);
insert into STATION values (6251, '5', 6795, 261509.72, 450733.34, 191.97);
insert into STATION values (6252, '1a', 6795, 261494.16, 450742.56, 162.26);
insert into STATION values (6253, '1b', 6795, 261484.21, 450728.34, 141.57);
insert into STATION values (6254, '0', 6799, 261431.58, 450757.41, 181.78);
insert into STATION values (6255, '1', 6799, 261412.13, 450769.56, 170.40);
insert into STATION values (6256, '2', 6799, 261415.52, 450776.82, 168.74);
insert into STATION values (6257, '3', 6799, 261414.93, 450782.46, 165.05);
insert into STATION values (6258, '4', 6799, 261416.00, 450785.41, 164.91);
insert into STATION values (6259, '5', 6799, 261430.85, 450798.78, 174.40);
insert into STATION values (6260, '6', 6799, 261433.17, 450801.36, 174.72);
insert into STATION values (6261, '10', 6799, 261433.17, 450801.36, 169.72);
insert into STATION values (6262, '7', 6799, 261411.22, 450784.39, 164.94);
insert into STATION values (6263, '8', 6799, 261405.59, 450783.90, 168.49);
insert into STATION values (6264, '9', 6799, 261405.59, 450783.90, 148.49);
insert into STATION values (6265, '20', 6803, 261858.72, 451610.89, 409.03);
insert into STATION values (6266, '20a', 6803, 261859.41, 451611.11, 409.00);
insert into STATION values (6267, '20b', 6803, 261858.17, 451610.43, 408.91);
insert into STATION values (6268, '20c', 6803, 261858.78, 451610.74, 409.64);
insert into STATION values (6269, '20d', 6803, 261858.86, 451610.81, 407.85);
insert into STATION values (6270, '21', 6803, 261856.78, 451614.99, 408.36);
insert into STATION values (6271, '21a', 6803, 261855.99, 451614.24, 408.45);
insert into STATION values (6272, '21b', 6803, 261857.37, 451615.22, 408.39);
insert into STATION values (6273, '21c', 6803, 261856.72, 451614.89, 409.25);
insert into STATION values (6274, '21d', 6803, 261856.76, 451614.57, 406.28);
insert into STATION values (6275, '22', 6803, 261855.48, 451618.74, 400.39);
insert into STATION values (6276, '22a', 6803, 261858.21, 451612.96, 400.98);
insert into STATION values (6277, '22b', 6803, 261852.76, 451621.25, 400.07);
insert into STATION values (6278, '22c', 6803, 261855.60, 451617.83, 406.58);
insert into STATION values (6279, '22d', 6803, 261855.45, 451618.87, 399.70);
insert into STATION values (6280, '22e', 6803, 261857.15, 451623.18, 401.76);
insert into STATION values (6281, '23', 6803, 261843.32, 451611.80, 387.62);
insert into STATION values (6282, '23a', 6803, 261845.84, 451606.59, 390.03);
insert into STATION values (6283, '23b', 6803, 261841.12, 451613.48, 389.27);
insert into STATION values (6284, '23c', 6803, 261842.55, 451610.85, 404.91);
insert into STATION values (6285, '23d', 6803, 261843.45, 451611.86, 387.18);
insert into STATION values (6286, '23e', 6803, 261842.07, 451609.75, 385.36);
insert into STATION values (6287, '23f', 6803, 261826.95, 451608.33, 386.32);
insert into STATION values (6288, '24', 6803, 261839.18, 451612.29, 388.19);
insert into STATION values (6289, '25', 6803, 261843.66, 451607.18, 383.63);
insert into STATION values (6290, '25a', 6803, 261865.19, 451588.39, 381.41);
insert into STATION values (6291, '25b', 6803, 261847.20, 451553.99, 383.07);
insert into STATION values (6292, '25c', 6803, 261816.63, 451578.39, 388.22);
insert into STATION values (6293, '25d', 6803, 261826.21, 451607.18, 388.21);
insert into STATION values (6294, '25e', 6803, 261830.07, 451618.81, 394.16);
insert into STATION values (6295, '25f', 6803, 261797.12, 451571.84, 381.35);
insert into STATION values (6296, '25g', 6803, 261831.37, 451593.57, 411.17);
insert into STATION values (6297, '25h', 6803, 261844.05, 451595.47, 330.32);
insert into STATION values (6298, '26', 6803, 261845.07, 451606.71, 376.46);
insert into STATION values (6299, '26a', 6803, 261815.89, 451567.14, 370.42);
insert into STATION values (6300, '26b', 6803, 261847.37, 451607.21, 376.91);
insert into STATION values (6301, '26c', 6803, 261845.03, 451606.91, 382.81);
insert into STATION values (6302, '27', 6803, 261844.85, 451582.50, 325.00);
insert into STATION values (6303, '27a', 6803, 261848.96, 451598.39, 334.26);
insert into STATION values (6304, '27b', 6803, 261838.70, 451556.28, 317.28);
insert into STATION values (6305, '27c', 6803, 261844.15, 451577.63, 393.38);
insert into STATION values (6306, '27d', 6803, 261844.54, 451582.05, 322.47);
insert into STATION values (6307, '28', 6803, 261852.60, 451568.91, 320.80);
insert into STATION values (6308, '28a', 6803, 261863.51, 451575.57, 325.04);
insert into STATION values (6309, '28b', 6803, 261850.84, 451553.29, 321.66);
insert into STATION values (6310, '29', 6803, 261885.56, 451538.76, 312.32);
insert into STATION values (6311, '29a', 6803, 261900.84, 451568.79, 315.68);
insert into STATION values (6312, '29b', 6803, 261883.80, 451516.42, 313.69);
insert into STATION values (6313, '29c', 6803, 261882.15, 451530.99, 341.13);
insert into STATION values (6314, '29d', 6803, 261885.43, 451538.33, 311.43);
insert into STATION values (6315, '30', 6803, 261904.71, 451537.78, 309.11);
insert into STATION values (6316, '30a', 6803, 261923.58, 451556.89, 309.46);
insert into STATION values (6317, '30b', 6803, 261909.53, 451536.20, 323.46);
insert into STATION values (6318, '30c', 6803, 261901.92, 451526.26, 324.32);
insert into STATION values (6319, '30d', 6803, 261932.51, 451531.14, 313.01);
insert into STATION values (6320, '30e', 6803, 261894.19, 451516.02, 304.11);
insert into STATION values (6321, '27e', 6803, 261844.97, 451582.38, 325.05);
insert into STATION values (6322, '27f', 6803, 261861.11, 451577.16, 328.55);
insert into STATION values (6323, '27g', 6803, 261826.59, 451589.38, 325.91);
insert into STATION values (6324, '31', 6803, 261839.92, 451576.55, 319.83);
insert into STATION values (6325, '31a', 6803, 261838.03, 451553.79, 316.16);
insert into STATION values (6326, '31b', 6803, 261832.89, 451560.33, 312.81);
insert into STATION values (6327, '31c', 6803, 261823.08, 451573.96, 312.45);
insert into STATION values (6328, '32', 6803, 261811.78, 451564.64, 297.60);
insert into STATION values (6329, '32a', 6803, 261812.25, 451554.32, 296.53);
insert into STATION values (6330, '32b', 6803, 261810.21, 451567.13, 297.63);
insert into STATION values (6331, '32c', 6803, 261811.37, 451564.87, 300.84);
insert into STATION values (6332, '32d', 6803, 261811.72, 451564.49, 296.55);
insert into STATION values (6333, '33', 6803, 261784.13, 451559.22, 273.80);
insert into STATION values (6334, '33a', 6803, 261783.24, 451553.26, 273.49);
insert into STATION values (6335, '33b', 6803, 261782.48, 451562.83, 273.11);
insert into STATION values (6336, '33c', 6803, 261783.04, 451561.33, 278.37);
insert into STATION values (6337, '33d', 6803, 261784.00, 451559.16, 273.11);
insert into STATION values (6338, '34', 6803, 261765.91, 451558.75, 260.79);
insert into STATION values (6339, '34a', 6803, 261768.23, 451545.39, 261.31);
insert into STATION values (6340, '34b', 6803, 261756.54, 451579.65, 257.93);
insert into STATION values (6341, '34c', 6803, 261754.41, 451561.22, 287.20);
insert into STATION values (6342, '34d', 6803, 261765.35, 451558.22, 258.79);
insert into STATION values (6343, '35', 6803, 261718.06, 451583.87, 243.18);
insert into STATION values (6344, '35a', 6803, 261728.31, 451541.21, 244.61);
insert into STATION values (6345, '35b', 6803, 261734.38, 451589.55, 243.87);
insert into STATION values (6346, '35c', 6803, 261699.92, 451581.70, 241.52);
insert into STATION values (6347, '35d', 6803, 261733.36, 451591.77, 243.29);
insert into STATION values (6348, '35e', 6803, 261714.68, 451590.97, 260.71);
insert into STATION values (6349, '35f', 6803, 261717.19, 451584.61, 241.56);
insert into STATION values (6350, '36', 6803, 261695.64, 451624.57, 242.70);
insert into STATION values (6351, '36a', 6803, 261688.38, 451621.93, 245.98);
insert into STATION values (6352, '36b', 6803, 261704.38, 451626.35, 240.99);
insert into STATION values (6353, '36c', 6803, 261692.88, 451625.29, 267.64);
insert into STATION values (6354, '36d', 6803, 261695.93, 451624.91, 240.98);
insert into STATION values (6355, '37', 6803, 261682.68, 451632.90, 247.34);
insert into STATION values (6356, '37a', 6803, 261678.00, 451630.35, 249.19);
insert into STATION values (6357, '37b', 6803, 261692.05, 451644.89, 245.60);
insert into STATION values (6358, '37c', 6803, 261681.31, 451639.97, 266.64);
insert into STATION values (6359, '37d', 6803, 261682.36, 451632.76, 246.53);
insert into STATION values (6360, '38', 6803, 261656.80, 451662.07, 243.14);
insert into STATION values (6361, '38a', 6803, 261667.38, 451656.39, 244.40);
insert into STATION values (6362, '38b', 6803, 261671.10, 451667.00, 250.16);
insert into STATION values (6363, '38c', 6803, 261659.36, 451658.81, 252.22);
insert into STATION values (6364, '38d', 6803, 261647.51, 451655.66, 239.38);
insert into STATION values (6365, '38e', 6803, 261649.68, 451667.15, 240.39);
insert into STATION values (6366, '37e', 6803, 261685.48, 451624.26, 247.33);
insert into STATION values (6367, '37f', 6803, 261679.52, 451650.60, 242.23);
insert into STATION values (6368, '37g', 6803, 261681.34, 451635.52, 270.81);
insert into STATION values (6369, '37h', 6803, 261683.03, 451632.51, 246.32);
insert into STATION values (6370, '39', 6803, 261699.51, 451645.77, 232.52);
insert into STATION values (6371, '39a', 6803, 261697.29, 451651.79, 232.85);
insert into STATION values (6372, '39b', 6803, 261703.60, 451643.63, 232.84);
insert into STATION values (6373, '39c', 6803, 261700.54, 451646.25, 241.45);
insert into STATION values (6374, '39d', 6803, 261699.64, 451645.62, 232.24);
insert into STATION values (6375, '39e', 6803, 261712.04, 451661.89, 242.22);
insert into STATION values (6376, '40', 6803, 261711.90, 451661.80, 242.10);
insert into STATION values (6377, '40a', 6803, 261711.32, 451664.00, 242.88);
insert into STATION values (6378, '40b', 6803, 261713.01, 451659.75, 242.57);
insert into STATION values (6379, '40c', 6803, 261712.49, 451661.83, 245.97);
insert into STATION values (6380, '40d', 6803, 261712.05, 451662.42, 241.25);
insert into STATION values (6381, '41', 6803, 261724.50, 451665.61, 245.33);
insert into STATION values (6382, '41a', 6803, 261726.71, 451667.42, 245.68);
insert into STATION values (6383, '41b', 6803, 261723.83, 451664.02, 245.18);
insert into STATION values (6384, '41c', 6803, 261725.82, 451664.88, 250.36);
insert into STATION values (6385, '41d', 6803, 261724.66, 451666.02, 244.54);
insert into STATION values (6386, '42', 6803, 261733.53, 451659.63, 250.27);
insert into STATION values (6387, '42a', 6803, 261734.39, 451663.87, 251.08);
insert into STATION values (6388, '42b', 6803, 261734.29, 451657.29, 250.80);
insert into STATION values (6389, '42c', 6803, 261734.20, 451661.30, 260.89);
insert into STATION values (6390, '42d', 6803, 261733.56, 451659.68, 250.02);
insert into STATION values (6391, '42e', 6803, 261735.07, 451644.78, 273.06);
insert into STATION values (6392, '0', 6807, 261562.69, 451528.55, 293.80);
insert into STATION values (6393, '0a', 6807, 261558.62, 451523.29, 294.38);
insert into STATION values (6394, '0b', 6807, 261567.02, 451541.11, 293.84);
insert into STATION values (6395, '0c', 6807, 261563.10, 451529.92, 307.35);
insert into STATION values (6396, '0d', 6807, 261562.28, 451527.25, 290.89);
insert into STATION values (6397, '0e', 6807, 261565.68, 451510.81, 293.20);
insert into STATION values (6398, '1', 6807, 261557.30, 451549.02, 291.22);
insert into STATION values (6399, '1a', 6807, 261554.49, 451548.86, 291.70);
insert into STATION values (6400, '1b', 6807, 261560.23, 451550.30, 292.04);
insert into STATION values (6401, '1c', 6807, 261557.33, 451549.39, 296.75);
insert into STATION values (6402, '1d', 6807, 261556.65, 451548.61, 289.06);
insert into STATION values (6403, '2', 6807, 261555.73, 451552.25, 291.47);
insert into STATION values (6404, '2a', 6807, 261555.54, 451552.20, 291.53);
insert into STATION values (6405, '2b', 6807, 261559.55, 451552.33, 291.88);
insert into STATION values (6406, '2c', 6807, 261555.96, 451551.96, 296.90);
insert into STATION values (6407, '2d', 6807, 261555.75, 451552.25, 289.83);
insert into STATION values (6408, '3', 6807, 261554.71, 451563.45, 282.87);
insert into STATION values (6409, '3a', 6807, 261549.12, 451556.45, 281.91);
insert into STATION values (6410, '3b', 6807, 261556.16, 451565.23, 282.39);
insert into STATION values (6411, '3c', 6807, 261553.62, 451561.18, 288.99);
insert into STATION values (6412, '3d', 6807, 261554.60, 451563.21, 281.51);
insert into STATION values (6413, '3e', 6807, 261554.60, 451563.30, 281.50);
insert into STATION values (6414, '4', 6807, 261541.88, 451563.95, 274.05);
insert into STATION values (6415, '4a', 6807, 261541.34, 451561.86, 273.90);
insert into STATION values (6416, '4b', 6807, 261542.63, 451568.52, 273.87);
insert into STATION values (6417, '4c', 6807, 261541.30, 451564.95, 278.55);
insert into STATION values (6418, '4d', 6807, 261541.93, 451563.68, 272.84);
insert into STATION values (6419, '5', 6807, 261536.19, 451566.70, 270.45);
insert into STATION values (6420, '5a', 6807, 261530.50, 451569.47, 266.84);
insert into STATION values (6421, '5b', 6807, 261534.66, 451562.76, 268.10);
insert into STATION values (6422, '5c', 6807, 261536.87, 451568.27, 270.21);
insert into STATION values (6423, '5d', 6807, 261535.93, 451566.88, 272.46);
insert into STATION values (6424, '5e', 6807, 261536.17, 451566.92, 268.94);
insert into STATION values (6425, '3f', 6807, 261551.83, 451565.70, 282.56);
insert into STATION values (6426, '3g', 6807, 261556.59, 451563.81, 282.46);
insert into STATION values (6427, '3h', 6807, 261554.86, 451563.75, 283.79);
insert into STATION values (6428, '3i', 6807, 261554.77, 451563.45, 281.47);
insert into STATION values (6429, '6', 6807, 261556.14, 451566.12, 282.00);
insert into STATION values (6430, '6a', 6807, 261555.16, 451567.76, 282.12);
insert into STATION values (6431, '6b', 6807, 261556.53, 451565.35, 282.47);
insert into STATION values (6432, '6c', 6807, 261556.22, 451566.32, 283.65);
insert into STATION values (6433, '6d', 6807, 261555.76, 451566.03, 280.62);
insert into STATION values (6434, '7', 6807, 261563.37, 451571.40, 289.33);
insert into STATION values (6435, '7a', 6807, 261563.68, 451573.68, 289.86);
insert into STATION values (6436, '7b', 6807, 261563.58, 451569.80, 289.83);
insert into STATION values (6437, '7c', 6807, 261563.38, 451571.43, 290.27);
insert into STATION values (6438, '7d', 6807, 261563.29, 451571.27, 288.79);
insert into STATION values (6439, '8', 6807, 261571.15, 451572.44, 296.50);
insert into STATION values (6440, '8a', 6807, 261571.23, 451573.47, 296.55);
insert into STATION values (6441, '8b', 6807, 261571.19, 451572.19, 296.50);
insert into STATION values (6442, '8c', 6807, 261572.66, 451572.78, 302.60);
insert into STATION values (6443, '8d', 6807, 261571.13, 451572.55, 295.41);
insert into STATION values (6444, '8e', 6807, 261574.67, 451570.20, 305.60);
insert into STATION values (6445, '9', 6807, 261575.50, 451532.20, 307.38);
insert into STATION values (6446, '9a', 6807, 261581.67, 451542.46, 309.62);
insert into STATION values (6447, '9b', 6807, 261583.00, 451531.44, 311.73);
insert into STATION values (6448, '9c', 6807, 261576.79, 451533.88, 321.98);
insert into STATION values (6449, '9d', 6807, 261575.43, 451533.06, 305.66);
insert into STATION values (6450, '10', 6807, 261586.07, 451523.74, 321.58);
insert into STATION values (6451, '11', 6807, 261592.41, 451512.81, 325.53);
insert into STATION values (6452, '12', 6807, 261592.98, 451522.29, 329.69);
insert into STATION values (6453, '13', 6807, 261596.47, 451540.43, 344.18);
insert into STATION values (6454, '11a', 6807, 261594.54, 451511.27, 325.95);
insert into STATION values (6455, '11b', 6807, 261600.50, 451506.95, 327.14);
insert into STATION values (6456, '0', 6811, 261866.76, 451444.96, 411.67);
insert into STATION values (6457, '0a', 6811, 261867.49, 451444.73, 411.69);
insert into STATION values (6458, '0b', 6811, 261866.09, 451444.88, 411.58);
insert into STATION values (6459, '0c', 6811, 261866.78, 451444.99, 411.88);
insert into STATION values (6460, '0d', 6811, 261866.74, 451444.82, 411.36);
insert into STATION values (6461, '1', 6811, 261867.13, 451442.45, 412.58);
insert into STATION values (6462, '1a', 6811, 261868.67, 451442.66, 412.60);
insert into STATION values (6463, '1b', 6811, 261864.47, 451442.38, 412.76);
insert into STATION values (6464, '1c', 6811, 261867.28, 451442.64, 414.02);
insert into STATION values (6465, '1d', 6811, 261867.44, 451442.46, 411.11);
insert into STATION values (6466, '1e', 6811, 261865.49, 451441.60, 415.78);
insert into STATION values (6467, '1f', 6811, 261865.11, 451443.14, 410.92);
insert into STATION values (6468, '1g', 6811, 261871.28, 451439.05, 417.47);
insert into STATION values (6469, '1h', 6811, 261869.64, 451435.38, 419.03);
insert into STATION values (6470, '2', 6811, 261870.70, 451434.87, 419.18);
insert into STATION values (6471, '2a', 6811, 261873.61, 451438.44, 419.60);
insert into STATION values (6472, '2b', 6811, 261870.34, 451434.70, 419.22);
insert into STATION values (6473, '2c', 6811, 261870.91, 451435.71, 421.38);
insert into STATION values (6474, '2d', 6811, 261872.33, 451437.50, 422.86);
insert into STATION values (6475, '2e', 6811, 261870.92, 451434.73, 418.23);
insert into STATION values (6476, '2f', 6811, 261873.51, 451431.89, 423.02);
insert into STATION values (6477, '2g', 6811, 261877.08, 451432.87, 424.13);
insert into STATION values (6478, '2h', 6811, 261877.28, 451435.41, 423.33);
insert into STATION values (6479, '2i', 6811, 261876.95, 451437.33, 422.58);
insert into STATION values (6480, '3', 6811, 261877.34, 451433.52, 424.44);
insert into STATION values (6481, '3a', 6811, 261877.77, 451436.11, 424.55);
insert into STATION values (6482, '3b', 6811, 261877.29, 451433.25, 424.37);
insert into STATION values (6483, '3c', 6811, 261877.08, 451434.03, 424.97);
insert into STATION values (6484, '3d', 6811, 261877.65, 451433.88, 422.95);
insert into STATION values (6485, '3e', 6811, 261884.55, 451433.59, 428.17);
insert into STATION values (6486, '3f', 6811, 261882.47, 451437.28, 426.52);
insert into STATION values (6487, '3g', 6811, 261873.41, 451434.25, 427.09);
insert into STATION values (6488, '3h', 6811, 261873.82, 451434.37, 429.81);
insert into STATION values (6489, '4', 6811, 261888.59, 451438.82, 429.37);
insert into STATION values (6490, '4a', 6811, 261887.31, 451440.12, 429.49);
insert into STATION values (6491, '4b', 6811, 261889.55, 451437.62, 429.79);
insert into STATION values (6492, '4c', 6811, 261887.05, 451439.36, 435.38);
insert into STATION values (6493, '4d', 6811, 261888.65, 451438.77, 428.84);
insert into STATION values (6494, '4e', 6811, 261884.18, 451441.39, 437.19);
insert into STATION values (6495, '4f', 6811, 261890.39, 451439.52, 430.36);
insert into STATION values (6496, '4g', 6811, 261890.69, 451439.08, 426.68);
insert into STATION values (6497, '4h', 6811, 261890.17, 451437.37, 431.16);
insert into STATION values (6498, '5', 6811, 261889.29, 451441.50, 429.65);
insert into STATION values (6499, '5a', 6811, 261889.11, 451441.74, 429.64);
insert into STATION values (6500, '5b', 6811, 261890.84, 451440.00, 429.97);
insert into STATION values (6501, '5c', 6811, 261889.86, 451441.04, 430.27);
insert into STATION values (6502, '5d', 6811, 261889.28, 451441.53, 428.91);
insert into STATION values (6503, '5e', 6811, 261891.80, 451440.78, 430.77);
insert into STATION values (6504, '5f', 6811, 261892.33, 451442.75, 430.76);
insert into STATION values (6505, '6', 6811, 261897.69, 451440.10, 434.19);
insert into STATION values (6506, '6a', 6811, 261897.68, 451440.64, 434.19);
insert into STATION values (6507, '6b', 6811, 261897.66, 451438.40, 434.17);
insert into STATION values (6508, '6c', 6811, 261897.78, 451439.68, 435.46);
insert into STATION values (6509, '6d', 6811, 261898.15, 451439.75, 432.88);
insert into STATION values (6510, '6e', 6811, 261897.06, 451440.49, 435.46);
insert into STATION values (6511, '6f', 6811, 261901.21, 451438.52, 437.31);
insert into STATION values (6512, '6g', 6811, 261898.82, 451439.14, 433.13);
insert into STATION values (6513, '6h', 6811, 261898.96, 451440.72, 434.66);
insert into STATION values (6514, '6i', 6811, 261899.49, 451440.05, 434.20);
insert into STATION values (6515, '7', 6811, 261901.32, 451441.14, 434.20);
insert into STATION values (6516, '7a', 6811, 261901.05, 451442.14, 434.18);
insert into STATION values (6517, '7b', 6811, 261900.51, 451441.65, 440.57);
insert into STATION values (6518, '7c', 6811, 261901.65, 451440.98, 432.72);
insert into STATION values (6519, '7d', 6811, 261901.12, 451443.87, 433.20);
insert into STATION values (6520, '7e', 6811, 261899.55, 451440.58, 430.03);
insert into STATION values (6521, '7f', 6811, 261900.29, 451441.01, 433.99);
insert into STATION values (6522, '7g', 6811, 261900.30, 451440.66, 434.06);
insert into STATION values (6523, '7h', 6811, 261903.65, 451442.80, 434.61);
insert into STATION values (6524, '7i', 6811, 261902.69, 451441.24, 434.14);
insert into STATION values (6525, '7j', 6811, 261904.15, 451441.86, 433.09);
insert into STATION values (6526, '7k', 6811, 261900.52, 451442.06, 435.26);
insert into STATION values (6527, '7l', 6811, 261899.84, 451442.23, 435.22);
insert into STATION values (6528, '7m', 6811, 261904.33, 451442.91, 436.21);
insert into STATION values (6529, '8', 6811, 261909.05, 451443.75, 434.69);
insert into STATION values (6530, '8a', 6811, 261908.67, 451444.27, 434.78);
insert into STATION values (6531, '8b', 6811, 261909.30, 451443.35, 434.73);
insert into STATION values (6532, '8c', 6811, 261908.87, 451445.27, 436.91);
insert into STATION values (6533, '8d', 6811, 261909.11, 451443.57, 434.04);
insert into STATION values (6534, '8e', 6811, 261909.47, 451444.98, 437.45);
insert into STATION values (6535, '8f', 6811, 261910.06, 451444.18, 434.83);
insert into STATION values (6536, '8g', 6811, 261908.14, 451444.05, 434.97);
insert into STATION values (6537, '8h', 6811, 261908.36, 451441.97, 434.56);
insert into STATION values (6538, '8i', 6811, 261909.46, 451441.80, 434.47);
insert into STATION values (6539, '8j', 6811, 261910.60, 451441.80, 433.87);
insert into STATION values (6540, '9', 6811, 261865.78, 451475.03, 419.39);
insert into STATION values (6541, '9a', 6811, 261841.66, 451464.51, 424.53);
insert into STATION values (6542, '9b', 6811, 261866.24, 451475.19, 419.48);
insert into STATION values (6543, '9c', 6811, 261866.61, 451468.37, 456.47);
insert into STATION values (6544, '9d', 6811, 261873.04, 451465.95, 496.19);
insert into STATION values (6545, '9e', 6811, 261866.83, 451447.53, 404.45);
insert into STATION values (6546, '9f', 6811, 261884.35, 451453.31, 418.97);
insert into STATION values (6547, '9g', 6811, 261882.75, 451457.09, 430.11);
insert into STATION values (6548, '9h', 6811, 261839.71, 451473.40, 428.11);
insert into STATION values (6549, '9i', 6811, 261840.99, 451487.37, 445.90);
insert into STATION values (6550, '9j', 6811, 261856.15, 451495.92, 445.10);
insert into STATION values (6551, '9k', 6811, 261859.63, 451488.11, 423.66);
insert into STATION values (6552, '9l', 6811, 261868.31, 451490.45, 427.12);
insert into STATION values (6553, '9m', 6811, 261878.00, 451466.77, 412.00);
insert into STATION values (6554, '9n', 6811, 261867.07, 451462.22, 408.55);
insert into STATION values (6555, '9o', 6811, 261860.82, 451462.51, 410.67);
insert into STATION values (6556, '9p', 6811, 261877.29, 451484.47, 436.08);
insert into STATION values (6557, '10', 6811, 261877.65, 451484.50, 435.83);
insert into STATION values (6558, '10a', 6811, 261878.29, 451482.88, 436.05);
insert into STATION values (6559, '10b', 6811, 261877.48, 451484.47, 435.05);
insert into STATION values (6560, '10c', 6811, 261877.61, 451482.95, 452.27);
insert into STATION values (6561, '10d', 6811, 261859.28, 451499.10, 446.05);
insert into STATION values (6562, '10e', 6811, 261886.56, 451475.01, 447.53);
insert into STATION values (6563, '11', 6811, 261878.21, 451485.05, 435.86);
insert into STATION values (6564, '0', 6815, 261964.91, 451603.95, 458.88);
insert into STATION values (6565, '0a', 6815, 261964.89, 451603.60, 458.73);
insert into STATION values (6566, '0b', 6815, 261965.26, 451605.15, 458.80);
insert into STATION values (6567, '0c', 6815, 261964.70, 451604.58, 462.27);
insert into STATION values (6568, '0d', 6815, 261964.83, 451603.81, 457.22);
insert into STATION values (6569, '1', 6815, 261965.19, 451605.92, 433.60);
insert into STATION values (6570, '0e', 6815, 261964.82, 451603.62, 458.78);
insert into STATION values (6571, '0f', 6815, 261965.01, 451605.31, 459.12);
insert into STATION values (6572, '0g', 6815, 261964.78, 451604.36, 462.26);
insert into STATION values (6573, '0h', 6815, 261964.54, 451603.76, 457.95);
insert into STATION values (6574, '2', 6815, 261962.71, 451604.27, 461.72);
insert into STATION values (6575, '20', 6815, 261913.98, 451582.00, 459.04);
insert into STATION values (6576, '20a', 6815, 261915.23, 451580.43, 458.66);
insert into STATION values (6577, '20b', 6815, 261913.75, 451582.52, 458.86);
insert into STATION values (6578, '20c', 6815, 261915.51, 451580.76, 459.18);
insert into STATION values (6579, '20d', 6815, 261914.06, 451582.08, 457.92);
insert into STATION values (6580, '21', 6815, 261929.07, 451592.32, 468.05);
insert into STATION values (6581, '21a', 6815, 261929.93, 451592.83, 467.60);
insert into STATION values (6582, '21b', 6815, 261928.30, 451591.36, 467.38);
insert into STATION values (6583, '21c', 6815, 261930.34, 451591.03, 467.75);
insert into STATION values (6584, '21d', 6815, 261929.36, 451592.22, 466.96);
insert into STATION values (6585, '22', 6815, 261933.72, 451589.63, 462.21);
insert into STATION values (6586, '22a', 6815, 261934.31, 451590.94, 462.51);
insert into STATION values (6587, '22b', 6815, 261933.46, 451588.71, 462.62);
insert into STATION values (6588, '22c', 6815, 261933.45, 451590.09, 464.35);
insert into STATION values (6589, '22d', 6815, 261933.89, 451589.91, 461.65);
insert into STATION values (6590, '23', 6815, 261939.50, 451592.31, 464.59);
insert into STATION values (6591, '23a', 6815, 261938.35, 451593.58, 464.33);
insert into STATION values (6592, '23b', 6815, 261939.69, 451592.49, 466.08);
insert into STATION values (6593, '23c', 6815, 261939.04, 451591.95, 462.29);
insert into STATION values (6594, '23d', 6815, 261940.00, 451592.23, 464.23);
insert into STATION values (6595, '24', 6815, 261950.26, 451598.81, 463.95);
insert into STATION values (6596, '24a', 6815, 261949.77, 451599.48, 464.04);
insert into STATION values (6597, '24b', 6815, 261950.46, 451598.50, 463.93);
insert into STATION values (6598, '24c', 6815, 261949.81, 451598.93, 466.22);
insert into STATION values (6599, '24d', 6815, 261950.34, 451598.83, 463.06);
insert into STATION values (6600, '25', 6815, 261957.61, 451603.25, 462.92);
insert into STATION values (6601, '25a', 6815, 261957.72, 451602.57, 462.88);
insert into STATION values (6602, '25b', 6815, 261957.52, 451603.69, 463.03);
insert into STATION values (6603, '25c', 6815, 261957.01, 451604.34, 466.60);
insert into STATION values (6604, '25d', 6815, 261957.65, 451603.54, 461.45);
insert into STATION values (6605, '2a', 6815, 261962.85, 451603.84, 461.66);
insert into STATION values (6606, '2b', 6815, 261963.17, 451605.82, 461.80);
insert into STATION values (6607, '2c', 6815, 261964.62, 451605.74, 466.46);
insert into STATION values (6608, '2d', 6815, 261963.03, 451604.43, 460.83);
insert into STATION values (6609, '0', 6819, 262212.74, 451677.02, 445.48);
insert into STATION values (6610, '0a', 6819, 262213.42, 451675.48, 445.30);
insert into STATION values (6611, '0b', 6819, 262208.30, 451685.34, 447.41);
insert into STATION values (6612, '0c', 6819, 262211.02, 451678.85, 454.79);
insert into STATION values (6613, '0d', 6819, 262212.65, 451677.01, 444.95);
insert into STATION values (6614, '0e', 6819, 262210.48, 451678.60, 444.78);
insert into STATION values (6615, '0f', 6819, 262179.64, 451673.12, 440.64);
insert into STATION values (6616, '0g', 6819, 262180.88, 451667.51, 440.83);
insert into STATION values (6617, '0h', 6819, 262174.08, 451678.02, 439.80);
insert into STATION values (6618, '1', 6819, 262202.25, 451672.53, 443.75);
insert into STATION values (6619, '1a', 6819, 262202.47, 451672.11, 444.09);
insert into STATION values (6620, '1b', 6819, 262199.10, 451682.04, 443.49);
insert into STATION values (6621, '1c', 6819, 262200.58, 451676.34, 454.69);
insert into STATION values (6622, '1d', 6819, 262201.86, 451672.47, 442.29);
insert into STATION values (6623, '1e', 6819, 262207.43, 451676.67, 435.96);
insert into STATION values (6624, '1f', 6819, 262196.81, 451675.51, 427.74);
insert into STATION values (6625, '1g', 6819, 262189.93, 451669.78, 417.77);
insert into STATION values (6626, '1h', 6819, 262177.77, 451664.91, 398.06);
insert into STATION values (6627, '1i', 6819, 262201.39, 451672.25, 442.15);
insert into STATION values (6628, '1j', 6819, 262201.39, 451672.25, 442.15);
insert into STATION values (6629, '1k', 6819, 262178.25, 451664.93, 398.86);
insert into STATION values (6630, '1l', 6819, 262179.52, 451665.40, 398.54);
insert into STATION values (6631, '1m', 6819, 262179.50, 451665.41, 398.58);
insert into STATION values (6632, '1n', 6819, 262179.39, 451665.32, 398.57);
insert into STATION values (6633, '2', 6819, 262180.56, 451665.96, 397.94);
insert into STATION values (6634, '24', 6828, 259444.85, 448905.86, 20.35);
insert into STATION values (6635, '25', 6828, 259424.99, 448905.49, 19.27);
insert into STATION values (6636, '25a', 6828, 259426.48, 448889.12, 39.97);
insert into STATION values (6637, '26', 6828, 259410.96, 448906.18, 19.25);
insert into STATION values (6638, '27', 6828, 259391.92, 448906.04, 18.35);
insert into STATION values (6639, '28', 6828, 259367.54, 448930.83, 17.98);
insert into STATION values (6640, '29', 6828, 259365.61, 448942.50, 18.09);
insert into STATION values (6641, '30', 6828, 259346.25, 448946.85, 19.38);
insert into STATION values (6642, '31', 6828, 259313.77, 448963.83, 19.49);
insert into STATION values (6643, '32', 6828, 259322.49, 448977.32, 19.42);
insert into STATION values (6644, '33', 6828, 259319.94, 448996.95, 18.80);
insert into STATION values (6645, '34', 6828, 259316.87, 449015.90, 20.11);
insert into STATION values (6646, '35', 6828, 259292.64, 449034.35, 19.80);
insert into STATION values (6647, '36', 6828, 259295.25, 449046.68, 19.73);
insert into STATION values (6648, '37', 6828, 259280.19, 449055.60, 21.92);
insert into STATION values (6649, '38', 6828, 259279.50, 449071.33, 20.35);
insert into STATION values (6650, '39', 6828, 259274.18, 449076.48, 19.42);
insert into STATION values (6651, '40', 6828, 259252.03, 449095.28, 19.94);
insert into STATION values (6652, '41', 6828, 259208.30, 449104.11, 19.79);
insert into STATION values (6653, '42', 6828, 259183.62, 449111.40, 20.28);
insert into STATION values (6654, '43', 6828, 259161.85, 449112.41, 20.84);
insert into STATION values (6655, '44', 6828, 259159.30, 449128.74, 19.91);
insert into STATION values (6656, '45', 6828, 259164.00, 449125.00, 20.00);
insert into STATION values (6657, '0', 6832, 259252.03, 449095.28, 19.94);
insert into STATION values (6658, '1', 6832, 259256.06, 449116.16, 43.38);
insert into STATION values (6659, '2', 6832, 259273.61, 449121.11, 52.70);
insert into STATION values (6660, '14', 6837, 259507.81, 448919.35, 58.05);
insert into STATION values (6661, '15', 6837, 259500.01, 448921.94, 54.14);
insert into STATION values (6662, '15a', 6837, 259494.22, 448937.46, 52.76);
insert into STATION values (6663, '15b', 6837, 259500.02, 448923.33, 59.71);
insert into STATION values (6664, '16', 6837, 259485.48, 448920.86, 47.25);
insert into STATION values (6665, '16a', 6837, 259480.07, 448926.34, 46.62);
insert into STATION values (6666, '16b', 6837, 259487.71, 448904.42, 53.76);
insert into STATION values (6667, '16c', 6837, 259483.58, 448920.04, 54.46);
insert into STATION values (6668, '16d', 6837, 259484.56, 448920.56, 45.19);
insert into STATION values (6669, '17', 6837, 259481.80, 448917.52, 45.18);
insert into STATION values (6670, '17a', 6837, 259488.80, 448905.19, 54.58);
insert into STATION values (6671, '17b', 6837, 259483.93, 448914.11, 46.12);
insert into STATION values (6672, '17c', 6837, 259478.10, 448926.47, 46.05);
insert into STATION values (6673, '17d', 6837, 259482.76, 448916.51, 54.65);
insert into STATION values (6674, '17e', 6837, 259481.72, 448917.40, 44.10);
insert into STATION values (6675, '17f', 6837, 259477.66, 448905.11, 56.11);
insert into STATION values (6676, '18', 6837, 259476.65, 448911.23, 40.86);
insert into STATION values (6677, '19', 6837, 259472.39, 448909.77, 36.21);
insert into STATION values (6678, '18a', 6837, 259477.18, 448908.91, 40.82);
insert into STATION values (6679, '18b', 6837, 259479.35, 448903.85, 39.70);
insert into STATION values (6680, '18c', 6837, 259474.89, 448914.97, 40.10);
insert into STATION values (6681, '18d', 6837, 259476.60, 448911.31, 38.98);
insert into STATION values (6682, '19a', 6837, 259474.04, 448907.51, 35.07);
insert into STATION values (6683, '19b', 6837, 259471.65, 448910.15, 36.33);
insert into STATION values (6684, '19c', 6837, 259472.28, 448909.78, 37.21);
insert into STATION values (6685, '19d', 6837, 259472.31, 448909.76, 35.10);
insert into STATION values (6686, '20', 6837, 259473.91, 448906.28, 32.82);
insert into STATION values (6687, '19e', 6837, 259468.61, 448905.92, 33.85);
insert into STATION values (6688, '20a', 6837, 259476.21, 448907.02, 32.87);
insert into STATION values (6689, '20b', 6837, 259472.16, 448906.76, 32.90);
insert into STATION values (6690, '20c', 6837, 259473.87, 448906.31, 33.53);
insert into STATION values (6691, '20d', 6837, 259473.95, 448906.25, 31.94);
insert into STATION values (6692, '21', 6837, 259467.20, 448904.86, 29.44);
insert into STATION values (6693, '21a', 6837, 259468.95, 448899.88, 27.92);
insert into STATION values (6694, '21b', 6837, 259469.47, 448895.91, 25.73);
insert into STATION values (6695, '21c', 6837, 259467.72, 448908.19, 30.27);
insert into STATION values (6696, '21d', 6837, 259460.46, 448915.93, 31.88);
insert into STATION values (6697, '21e', 6837, 259467.38, 448904.69, 31.10);
insert into STATION values (6698, '21f', 6837, 259467.08, 448904.91, 27.44);
insert into STATION values (6699, '21g', 6837, 259466.29, 448896.91, 27.40);
insert into STATION values (6700, '22', 6837, 259456.21, 448901.81, 29.15);
insert into STATION values (6701, '22a', 6837, 259456.81, 448898.47, 26.39);
insert into STATION values (6702, '22b', 6837, 259455.53, 448905.25, 29.06);
insert into STATION values (6703, '22c', 6837, 259451.84, 448915.43, 29.04);
insert into STATION values (6704, '22d', 6837, 259456.29, 448901.76, 30.29);
insert into STATION values (6705, '22e', 6837, 259456.22, 448901.79, 27.42);
insert into STATION values (6706, '23', 6837, 259449.36, 448900.31, 25.86);
insert into STATION values (6707, '23a', 6837, 259449.44, 448898.93, 26.43);
insert into STATION values (6708, '23b', 6837, 259449.62, 448897.12, 25.55);
insert into STATION values (6709, '23c', 6837, 259447.88, 448898.70, 24.50);
insert into STATION values (6710, '23d', 6837, 259450.16, 448904.68, 24.61);
insert into STATION values (6711, '23e', 6837, 259443.25, 448920.57, 24.68);
insert into STATION values (6712, '23f', 6837, 259448.00, 448903.77, 33.27);
insert into STATION values (6713, '23g', 6837, 259449.10, 448900.46, 22.51);
insert into STATION values (6714, '24', 6837, 259447.81, 448898.78, 24.50);
insert into STATION values (6715, '24a', 6837, 259447.54, 448896.20, 24.98);
insert into STATION values (6716, '24b', 6837, 259447.76, 448920.02, 25.87);
insert into STATION values (6717, '24c', 6837, 259447.82, 448898.77, 26.49);
insert into STATION values (6718, '24d', 6837, 259447.54, 448898.65, 22.55);
insert into STATION values (6719, '24e', 6837, 259441.96, 448894.37, 22.31);
insert into STATION values (6720, '24f', 6837, 259445.85, 448899.75, 22.35);
insert into STATION values (6721, '24g', 6837, 259431.48, 448897.46, 20.28);
insert into STATION values (6722, '24h', 6837, 259434.19, 448903.33, 20.31);
insert into STATION values (6723, '24i', 6837, 259439.34, 448908.05, 20.36);
insert into STATION values (6724, '24j', 6837, 259441.36, 448914.83, 20.54);
insert into STATION values (6725, '24k', 6837, 259427.18, 448897.89, 24.89);
insert into STATION values (6726, '24l', 6837, 259431.91, 448908.13, 24.87);
insert into STATION values (6727, '24m', 6837, 259439.34, 448916.97, 24.85);
insert into STATION values (6728, '24n', 6837, 259444.66, 448905.07, 20.35);
insert into STATION values (6729, '25', 6837, 259444.85, 448905.86, 20.35);
insert into STATION values (6730, '0', 6841, 259539.43, 448865.31, 59.73);
insert into STATION values (6731, '1', 6841, 259540.36, 448860.10, 61.70);
insert into STATION values (6732, '2', 6841, 259536.36, 448853.87, 61.90);
insert into STATION values (6733, '3', 6841, 259534.63, 448847.99, 60.89);
insert into STATION values (6734, '4', 6841, 259541.85, 448843.09, 65.34);
insert into STATION values (6735, '5', 6841, 259550.65, 448851.08, 70.14);
insert into STATION values (6736, '6', 6841, 259551.99, 448853.35, 73.63);
insert into STATION values (6737, '7', 6841, 259560.31, 448852.64, 79.22);
insert into STATION values (6738, '8', 6841, 259561.53, 448847.99, 80.32);
insert into STATION values (6739, '9', 6841, 259565.10, 448843.40, 76.85);
insert into STATION values (6740, '10', 6841, 259579.13, 448843.23, 74.58);
insert into STATION values (6741, '11', 6841, 259581.42, 448831.54, 71.08);
insert into STATION values (6742, '12', 6841, 259593.86, 448824.38, 65.26);
insert into STATION values (6743, '13', 6841, 259592.72, 448808.31, 64.77);
insert into STATION values (6744, '14', 6841, 259579.86, 448796.98, 64.34);
insert into STATION values (6745, '15', 6841, 259575.25, 448788.61, 66.07);
insert into STATION values (6746, '16', 6841, 259565.28, 448785.06, 67.39);
insert into STATION values (6747, '17', 6841, 259559.03, 448779.00, 65.21);
insert into STATION values (6748, '18', 6841, 259551.38, 448774.78, 62.76);
insert into STATION values (6749, '19', 6841, 259543.80, 448776.59, 63.13);
insert into STATION values (6750, '20', 6841, 259548.47, 448786.43, 68.86);
insert into STATION values (6751, '21', 6841, 259544.43, 448797.55, 76.26);
insert into STATION values (6752, '22', 6841, 259546.97, 448799.12, 78.49);
insert into STATION values (6753, '23', 6841, 259549.39, 448810.09, 79.27);
insert into STATION values (6754, '24', 6841, 259560.34, 448815.02, 82.37);
insert into STATION values (6755, '25', 6841, 259562.76, 448825.19, 82.68);
insert into STATION values (6756, '26', 6841, 259562.57, 448831.38, 83.70);
insert into STATION values (6757, '27', 6841, 259562.45, 448840.65, 81.73);
insert into STATION values (6758, '28', 6841, 259562.21, 448844.36, 82.82);
insert into STATION values (6759, '221', 6841, 259558.49, 448840.95, 84.87);
insert into STATION values (6760, '222', 6841, 259551.88, 448834.55, 81.98);
insert into STATION values (6761, '223', 6841, 259547.66, 448831.01, 80.00);
insert into STATION values (6762, '224', 6841, 259544.76, 448831.75, 78.12);
insert into STATION values (6763, '225', 6841, 259537.92, 448846.62, 64.34);
insert into STATION values (6764, '226', 6841, 259535.36, 448843.37, 63.81);
insert into STATION values (6765, '331', 6841, 259543.21, 448826.09, 81.10);
insert into STATION values (6766, '332', 6841, 259542.07, 448822.20, 80.12);
insert into STATION values (6767, '333', 6841, 259542.96, 448819.62, 79.17);
insert into STATION values (6768, '441', 6841, 259540.55, 448868.91, 60.11);
insert into STATION values (6769, '442', 6841, 259543.43, 448873.32, 60.18);
insert into STATION values (6770, '443', 6841, 259541.54, 448877.40, 59.68);
insert into STATION values (6771, '444', 6841, 259538.80, 448878.46, 59.01);
insert into STATION values (6772, '445', 6841, 259538.27, 448880.85, 58.18);
insert into STATION values (6773, '446', 6841, 259537.01, 448883.22, 59.74);
insert into STATION values (6774, '447', 6841, 259532.86, 448883.11, 59.20);
insert into STATION values (6775, '448', 6841, 259530.38, 448885.52, 60.48);
insert into STATION values (6776, '449', 6841, 259522.85, 448887.62, 59.60);
insert into STATION values (6777, '4410', 6841, 259515.57, 448892.33, 58.40);
insert into STATION values (6778, '4411', 6841, 259515.73, 448911.73, 58.79);
insert into STATION values (6779, '4412', 6841, 259514.23, 448919.42, 59.23);
insert into STATION values (6780, '4413', 6841, 259508.15, 448917.32, 59.70);
insert into STATION values (6781, '4414', 6841, 259507.81, 448919.35, 58.05);
insert into STATION values (6782, '552', 6841, 259539.95, 448796.14, 73.05);
insert into STATION values (6783, '553', 6841, 259537.88, 448803.18, 74.08);
insert into STATION values (6784, '554', 6841, 259537.21, 448795.11, 69.57);
insert into STATION values (6785, '555', 6841, 259537.17, 448788.57, 62.58);
insert into STATION values (6786, '556', 6841, 259537.74, 448809.49, 69.37);
insert into STATION values (6787, '557', 6841, 259529.83, 448812.52, 62.87);
insert into STATION values (6788, '558', 6841, 259524.71, 448814.75, 64.04);
insert into STATION values (6789, '559', 6841, 259523.62, 448820.27, 62.08);
insert into STATION values (6790, '5510', 6841, 259518.66, 448821.25, 62.05);
insert into STATION values (6791, '5511', 6841, 259515.86, 448812.05, 59.79);
insert into STATION values (6792, '5512', 6841, 259508.16, 448803.25, 60.82);
insert into STATION values (6793, '5513', 6841, 259493.18, 448795.68, 63.72);
insert into STATION values (6794, '5514', 6841, 259491.36, 448784.68, 60.64);
insert into STATION values (6795, '5515', 6841, 259482.03, 448783.15, 57.32);
insert into STATION values (6796, '5516', 6841, 259486.20, 448774.60, 51.58);
insert into STATION values (6797, '5517', 6841, 259468.34, 448779.66, 61.07);
insert into STATION values (6798, '5518', 6841, 259479.10, 448792.62, 62.31);
insert into STATION values (6799, '5519', 6841, 259521.32, 448800.49, 59.48);
insert into STATION values (6800, '5520', 6841, 259521.61, 448796.92, 58.55);
insert into STATION values (6801, '5521', 6841, 259524.50, 448794.21, 57.94);
insert into STATION values (6802, '5522', 6841, 259520.64, 448786.09, 57.88);
insert into STATION values (6803, '5523', 6841, 259516.71, 448794.84, 68.76);
insert into STATION values (6804, '5524', 6841, 259511.21, 448793.91, 70.78);
insert into STATION values (6805, '5525', 6841, 259506.59, 448794.84, 69.97);
insert into STATION values (6806, '5526', 6841, 259505.54, 448799.25, 71.23);
insert into STATION values (6807, '5527', 6841, 259499.46, 448798.35, 70.15);
insert into STATION values (6808, '5528', 6841, 259531.27, 448805.08, 71.95);
insert into STATION values (6809, '5530', 6841, 259538.55, 448810.75, 68.26);
insert into STATION values (6810, '5531', 6841, 259522.88, 448809.96, 72.15);
insert into STATION values (6811, '5532', 6841, 259521.78, 448831.86, 61.32);
insert into STATION values (6812, '5533', 6841, 259518.71, 448836.70, 61.56);
insert into STATION values (6813, '5534', 6841, 259516.73, 448843.15, 60.91);
insert into STATION values (6814, '5535', 6841, 259517.90, 448848.52, 61.15);
insert into STATION values (6815, '5536', 6841, 259513.70, 448844.45, 60.45);
insert into STATION values (6816, '662', 6841, 259539.15, 448860.16, 61.88);
insert into STATION values (6817, '663', 6841, 259528.91, 448860.23, 61.92);
insert into STATION values (6818, '664', 6841, 259538.29, 448876.28, 76.97);
insert into STATION values (6819, '7751', 6841, 259503.75, 448802.67, 74.51);
insert into STATION values (6820, '7752', 6841, 259505.84, 448804.22, 74.98);
insert into STATION values (6821, '7753', 6841, 259505.39, 448805.51, 77.03);
insert into STATION values (6822, '7754', 6841, 259513.48, 448808.88, 80.84);
insert into STATION values (6823, '7755', 6841, 259507.89, 448800.27, 81.38);
insert into STATION values (6824, '7756', 6841, 259504.48, 448800.21, 81.63);
insert into STATION values (6825, '7757', 6841, 259500.97, 448795.39, 79.42);
insert into STATION values (6826, '7758', 6841, 259517.96, 448811.89, 81.67);
insert into STATION values (6827, '7759', 6841, 259518.68, 448821.04, 82.17);
insert into STATION values (6828, '7760', 6841, 259517.64, 448828.05, 80.80);
insert into STATION values (6829, '7761', 6841, 259519.84, 448834.40, 79.76);
insert into STATION values (6830, '7762', 6841, 259521.38, 448836.48, 78.01);
insert into STATION values (6831, '7763', 6841, 259522.94, 448841.08, 77.82);
insert into STATION values (6832, '7764', 6841, 259518.32, 448850.11, 69.64);
insert into STATION values (6833, '7765', 6841, 259521.04, 448847.43, 69.48);
insert into STATION values (6834, '7766', 6841, 259530.70, 448848.98, 61.57);
insert into STATION values (6835, '7768', 6841, 259527.37, 448833.64, 80.05);
insert into STATION values (6836, '7769', 6841, 259527.49, 448829.37, 81.60);
insert into STATION values (6837, '7770', 6841, 259510.39, 448827.00, 78.50);
insert into STATION values (6838, '7771', 6841, 259498.56, 448821.77, 77.99);
insert into STATION values (6839, '7772', 6841, 259492.06, 448821.91, 75.39);
insert into STATION values (6840, '7773', 6841, 259488.23, 448821.42, 75.87);
insert into STATION values (6841, '7774', 6841, 259491.02, 448822.88, 75.01);
insert into STATION values (6842, '7775', 6841, 259499.22, 448826.84, 74.80);
insert into STATION values (6843, '7776', 6841, 259500.01, 448814.64, 77.40);
insert into STATION values (6844, '7777', 6841, 259491.77, 448814.51, 76.47);
insert into STATION values (6845, '7778', 6841, 259505.19, 448805.71, 76.82);
insert into STATION values (6846, '992', 6841, 259569.57, 448860.12, 81.39);
insert into STATION values (6847, '991', 6841, 259561.46, 448847.96, 80.36);
insert into STATION values (6848, '993', 6841, 259578.87, 448879.15, 80.41);
insert into STATION values (6849, '994', 6841, 259582.72, 448894.47, 85.66);
insert into STATION values (6850, '995', 6841, 259587.20, 448900.58, 92.15);
insert into STATION values (6851, '996', 6841, 259598.51, 448907.03, 97.46);
insert into STATION values (6852, '997', 6841, 259603.08, 448914.69, 102.04);
insert into STATION values (6853, '998', 6841, 259571.80, 448889.99, 84.27);
insert into STATION values (6854, '999', 6841, 259559.86, 448892.92, 84.10);
insert into STATION values (6855, '9910', 6841, 259589.24, 448870.56, 76.99);
insert into STATION values (6856, '9911', 6841, 259599.88, 448867.95, 65.62);
insert into STATION values (6857, '9912', 6841, 259609.58, 448880.74, 63.46);
insert into STATION values (6858, '9913', 6841, 259608.17, 448897.19, 62.80);
insert into STATION values (6859, '9914', 6841, 259580.95, 448895.72, 62.27);
insert into STATION values (6860, '9915', 6841, 259610.96, 448891.85, 61.34);
insert into STATION values (6861, '9916', 6841, 259624.56, 448886.01, 68.46);
insert into STATION values (6862, '9917', 6841, 259634.67, 448879.95, 75.06);
insert into STATION values (6863, '9918', 6841, 259630.90, 448903.97, 87.85);
insert into STATION values (6864, '9919', 6841, 259632.58, 448918.44, 91.12);
insert into STATION values (6865, '9920', 6841, 259610.35, 448913.95, 102.21);
insert into STATION values (6866, '9921', 6841, 259617.27, 448916.56, 95.37);
insert into STATION values (6867, '9922', 6841, 259616.49, 448906.27, 89.68);
insert into STATION values (6868, '9923', 6841, 259615.54, 448903.54, 86.23);
insert into STATION values (6869, '9924', 6841, 259652.20, 448871.43, 85.58);
insert into STATION values (6870, '9925', 6841, 259663.72, 448882.06, 97.05);
insert into STATION values (6871, '9926', 6841, 259669.64, 448882.06, 98.28);
insert into STATION values (6872, '9927', 6841, 259675.53, 448887.32, 100.38);
insert into STATION values (6873, '9928', 6841, 259687.46, 448899.77, 101.82);
insert into STATION values (6874, '9929', 6841, 259691.66, 448905.46, 102.69);
insert into STATION values (6875, '9930', 6841, 259698.88, 448894.81, 109.93);
insert into STATION values (6876, '9931', 6841, 259696.45, 448883.47, 100.67);
insert into STATION values (6877, '9932', 6841, 259648.12, 448851.78, 76.22);
insert into STATION values (6878, '9933', 6841, 259622.88, 448839.63, 63.91);
insert into STATION values (6879, '9934', 6841, 259606.67, 448833.81, 63.45);
insert into STATION values (6880, '9935', 6841, 259600.64, 448827.21, 66.45);
insert into STATION values (6881, '9936', 6841, 259591.08, 448816.44, 64.95);
insert into STATION values (6882, '101', 6841, 259483.55, 448765.66, 35.62);
insert into STATION values (6883, '102', 6841, 259481.50, 448764.00, 34.57);
insert into STATION values (6884, '103', 6841, 259482.88, 448764.22, 31.47);
insert into STATION values (6885, '104', 6841, 259482.44, 448764.95, 32.07);
insert into STATION values (6886, '105', 6841, 259483.49, 448758.52, 24.50);
insert into STATION values (6887, '106', 6841, 259485.31, 448757.16, 21.74);
insert into STATION values (6888, '107', 6841, 259484.23, 448753.41, 21.16);
insert into STATION values (6889, '108', 6841, 259480.71, 448746.15, 21.16);
insert into STATION values (6890, '109', 6841, 259481.09, 448763.35, 27.05);
insert into STATION values (6891, '1010', 6841, 259476.91, 448768.82, 34.18);
insert into STATION values (6892, '1011', 6841, 259478.92, 448766.17, 36.53);
insert into STATION values (6893, '1012', 6841, 259475.23, 448764.71, 36.95);
insert into STATION values (6894, '1013', 6841, 259469.54, 448763.39, 41.10);
insert into STATION values (6895, '1014', 6841, 259486.12, 448769.81, 37.93);
insert into STATION values (6896, '1015', 6841, 259485.51, 448770.86, 44.67);
insert into STATION values (6897, '1016', 6841, 259482.99, 448772.02, 48.42);
insert into STATION values (6898, '112', 6841, 259467.42, 448777.18, 62.38);
insert into STATION values (6899, '113', 6841, 259464.32, 448778.91, 63.25);
insert into STATION values (6900, '114', 6841, 259462.41, 448778.07, 63.22);
insert into STATION values (6901, '115', 6841, 259460.67, 448776.30, 63.28);
insert into STATION values (6902, '116', 6841, 259459.43, 448779.29, 62.90);
insert into STATION values (6903, '117', 6841, 259453.57, 448778.20, 62.94);
insert into STATION values (6904, '118', 6841, 259451.32, 448777.59, 62.96);
insert into STATION values (6905, '119', 6841, 259450.07, 448775.81, 63.84);
insert into STATION values (6906, '71', 7218, 259349.10, 449605.21, 57.49);
insert into STATION values (6907, '73', 7218, 259375.43, 449610.58, 43.05);
insert into STATION values (6908, '74', 7218, 259394.84, 449630.26, 46.84);
insert into STATION values (6909, '74a', 7218, 259399.34, 449639.28, 44.55);
insert into STATION values (6910, '74b', 7218, 259399.46, 449639.59, 48.32);
insert into STATION values (6911, '75', 7218, 259356.29, 449627.06, 41.68);
insert into STATION values (6912, '76', 7218, 259352.69, 449649.63, 42.49);
insert into STATION values (6913, '77', 7218, 259344.26, 449666.50, 40.03);
insert into STATION values (6914, '77a', 7218, 259344.39, 449666.45, 39.53);
insert into STATION values (6915, '77b', 7218, 259345.15, 449668.44, 44.64);
insert into STATION values (6916, '78', 7218, 259343.10, 449695.88, 40.73);
insert into STATION values (6917, '79', 7218, 259355.57, 449707.75, 44.55);
insert into STATION values (6918, '80', 7218, 259373.59, 449722.49, 45.80);
insert into STATION values (6919, '81', 7218, 259385.20, 449725.22, 44.78);
insert into STATION values (6920, '82', 7218, 259397.25, 449715.26, 46.30);
insert into STATION values (6921, '83', 7218, 259405.14, 449723.23, 52.46);
insert into STATION values (6922, '84', 7218, 259408.01, 449729.39, 53.07);
insert into STATION values (6923, '85', 7218, 259421.41, 449738.51, 50.60);
insert into STATION values (6924, '85a', 7218, 259416.81, 449756.78, 47.70);
insert into STATION values (6925, '85b', 7218, 259416.61, 449754.23, 49.07);
insert into STATION values (6926, '85c', 7218, 259418.00, 449748.16, 53.31);
insert into STATION values (6927, '86', 7218, 259427.55, 449735.49, 50.62);
insert into STATION values (6928, '87', 7218, 259426.92, 449723.18, 45.73);
insert into STATION values (6929, '88', 7218, 259434.52, 449721.73, 36.57);
insert into STATION values (6930, '88a', 7218, 259453.96, 449718.85, 41.16);
insert into STATION values (6931, '88b', 7218, 259461.14, 449728.49, 47.17);
insert into STATION values (6932, '88c', 7218, 259462.42, 449735.84, 42.61);
insert into STATION values (6933, '88d', 7218, 259463.89, 449738.15, 48.05);
insert into STATION values (6934, '89', 7218, 259441.76, 449722.17, 29.52);
insert into STATION values (6935, '90', 7218, 259449.61, 449724.66, 22.69);
insert into STATION values (6936, '90a', 7218, 259464.35, 449723.38, 21.17);
insert into STATION values (6937, '90b', 7218, 259465.43, 449723.92, 24.32);
insert into STATION values (6938, '90c', 7218, 259466.46, 449740.32, 20.49);
insert into STATION values (6939, '90d', 7218, 259468.68, 449739.60, 24.32);
insert into STATION values (6940, '91', 7218, 259448.01, 449711.69, 22.31);
insert into STATION values (6941, '92', 7218, 259442.77, 449699.28, 20.92);
insert into STATION values (6942, '93', 7218, 259434.96, 449696.49, 22.58);
insert into STATION values (6943, '94', 7218, 259427.75, 449694.35, 23.00);
insert into STATION values (6944, '95', 7218, 259388.14, 449698.04, 22.38);
insert into STATION values (6945, '95a', 7218, 259384.22, 449704.56, 20.39);
insert into STATION values (6946, '95b', 7218, 259384.95, 449702.14, 24.73);
insert into STATION values (6947, '96', 7218, 259365.15, 449667.40, 25.32);
insert into STATION values (6948, '97', 7218, 259363.19, 449631.10, 34.22);
insert into STATION values (6949, '98', 7218, 259362.19, 449622.64, 40.45);
insert into STATION values (6950, '110', 7218, 259456.15, 449751.06, 21.54);
insert into STATION values (6951, '110a', 7218, 259466.66, 449735.06, 21.32);
insert into STATION values (6952, '110b', 7218, 259466.88, 449736.47, 24.33);
insert into STATION values (6953, '110c', 7218, 259468.13, 449745.72, 20.33);
insert into STATION values (6954, '110d', 7218, 259471.35, 449744.82, 24.54);
insert into STATION values (6955, '110e', 7218, 259459.96, 449736.64, 36.32);
insert into STATION values (6956, '110f', 7218, 259460.16, 449733.20, 48.32);
insert into STATION values (6957, '110g', 7218, 259467.20, 449747.23, 39.26);
insert into STATION values (6958, '110h', 7218, 259468.27, 449747.32, 49.66);
insert into STATION values (6959, '110i', 7218, 259477.26, 449762.51, 19.94);
insert into STATION values (6960, '110j', 7218, 259481.75, 449762.80, 24.29);
insert into STATION values (6961, '110k', 7218, 259477.18, 449759.50, 42.94);
insert into STATION values (6962, '110l', 7218, 259475.33, 449761.64, 52.60);
insert into STATION values (6963, '111', 7218, 259471.53, 449775.60, 20.54);
insert into STATION values (6964, '111a', 7218, 259468.41, 449747.32, 20.16);
insert into STATION values (6965, '111b', 7218, 259470.14, 449742.90, 24.45);
insert into STATION values (6966, '111c', 7218, 259460.34, 449737.44, 36.56);
insert into STATION values (6967, '111d', 7218, 259455.32, 449725.86, 47.84);
insert into STATION values (6968, '111e', 7218, 259478.60, 449757.04, 53.67);
insert into STATION values (6969, '111f', 7218, 259477.37, 449760.03, 43.04);
insert into STATION values (6970, '111g', 7218, 259481.94, 449763.86, 24.31);
insert into STATION values (6971, '111h', 7218, 259479.89, 449766.74, 19.95);
insert into STATION values (6972, '111i', 7218, 259491.23, 449785.26, 20.74);
insert into STATION values (6973, '111j', 7218, 259488.85, 449784.43, 24.70);
insert into STATION values (6974, '111k', 7218, 259485.64, 449786.23, 40.59);
insert into STATION values (6975, '111l', 7218, 259488.77, 449790.91, 55.83);
insert into STATION values (6976, '112', 7218, 259489.96, 449812.82, 20.34);
insert into STATION values (6977, '112a', 7218, 259496.03, 449797.33, 21.05);
insert into STATION values (6978, '112b', 7218, 259494.02, 449800.44, 25.19);
insert into STATION values (6979, '112c', 7218, 259500.76, 449809.00, 21.01);
insert into STATION values (6980, '112d', 7218, 259497.79, 449810.78, 25.12);
insert into STATION values (6981, '112e', 7218, 259505.83, 449827.84, 21.04);
insert into STATION values (6982, '112f', 7218, 259503.78, 449826.83, 24.48);
insert into STATION values (6983, '112g', 7218, 259494.51, 449818.13, 35.95);
insert into STATION values (6984, '112h', 7218, 259496.04, 449823.24, 53.44);
insert into STATION values (6985, '112i', 7218, 259490.88, 449805.54, 36.70);
insert into STATION values (6986, '112j', 7218, 259489.15, 449805.06, 55.31);
insert into STATION values (6987, '112k', 7218, 259487.93, 449797.93, 38.06);
insert into STATION values (6988, '112l', 7218, 259483.34, 449793.02, 53.19);
insert into STATION values (6989, '113', 7218, 259492.21, 449836.01, 18.78);
insert into STATION values (6990, '113a', 7218, 259500.78, 449832.23, 19.35);
insert into STATION values (6991, '113b', 7218, 259502.71, 449831.55, 23.84);
insert into STATION values (6992, '113c', 7218, 259502.07, 449842.26, 20.17);
insert into STATION values (6993, '113d', 7218, 259498.99, 449843.89, 24.24);
insert into STATION values (6994, '113e', 7218, 259501.53, 449852.42, 20.26);
insert into STATION values (6995, '113f', 7218, 259498.39, 449849.69, 24.46);
insert into STATION values (6996, '114', 7218, 259488.22, 449853.56, 19.84);
insert into STATION values (6997, '114a', 7218, 259501.29, 449834.53, 20.69);
insert into STATION values (6998, '114b', 7218, 259502.17, 449845.74, 21.15);
insert into STATION values (6999, '114c', 7218, 259501.39, 449854.69, 21.12);
insert into STATION values (7000, '114d', 7218, 259499.76, 449853.10, 24.88);
insert into STATION values (7001, '114e', 7218, 259497.89, 449847.13, 25.33);
insert into STATION values (7002, '114f', 7218, 259499.40, 449837.03, 24.89);
insert into STATION values (7003, '115', 7218, 259484.04, 449876.85, 20.96);
insert into STATION values (7004, '115a', 7218, 259488.90, 449896.90, 23.22);
insert into STATION values (7005, '115b', 7218, 259488.60, 449900.43, 28.43);
insert into STATION values (7006, '115c', 7218, 259484.64, 449910.07, 28.83);
insert into STATION values (7007, '115d', 7218, 259483.47, 449904.23, 22.27);
insert into STATION values (7008, '115e', 7218, 259466.62, 449892.46, 21.20);
insert into STATION values (7009, '115f', 7218, 259468.29, 449889.56, 24.23);
insert into STATION values (7010, '115g', 7218, 259469.40, 449898.67, 20.58);
insert into STATION values (7011, '115h', 7218, 259470.23, 449895.41, 25.00);
insert into STATION values (7012, '115i', 7218, 259466.92, 449877.66, 20.80);
insert into STATION values (7013, '115j', 7218, 259467.40, 449878.41, 24.31);
insert into STATION values (7014, '116', 7218, 259466.25, 449894.95, 21.68);
insert into STATION values (7015, '116a', 7218, 259482.82, 449905.21, 21.68);
insert into STATION values (7016, '116b', 7218, 259482.30, 449912.99, 21.35);
insert into STATION values (7017, '116c', 7218, 259485.51, 449924.25, 21.53);
insert into STATION values (7018, '116d', 7218, 259488.47, 449920.24, 27.99);
insert into STATION values (7019, '116e', 7218, 259485.68, 449907.60, 28.54);
insert into STATION values (7020, '116f', 7218, 259488.37, 449900.35, 28.04);
insert into STATION values (7021, '116g', 7218, 259467.81, 449894.88, 20.68);
insert into STATION values (7022, '116h', 7218, 259470.03, 449898.73, 20.26);
insert into STATION values (7023, '116i', 7218, 259469.67, 449905.38, 20.79);
insert into STATION values (7024, '116j', 7218, 259472.13, 449908.64, 24.83);
insert into STATION values (7025, '116k', 7218, 259470.39, 449899.55, 25.04);
insert into STATION values (7026, '116l', 7218, 259470.65, 449894.94, 24.82);
insert into STATION values (7027, '116m', 7218, 259489.02, 449901.11, 23.95);
insert into STATION values (7028, '116n', 7218, 259489.22, 449910.67, 24.32);
insert into STATION values (7029, '116o', 7218, 259489.29, 449918.98, 24.11);
insert into STATION values (7030, '117', 7218, 259468.84, 449920.84, 22.78);
insert into STATION values (7031, '117a', 7218, 259494.50, 449928.48, 23.79);
insert into STATION values (7032, '117b', 7218, 259494.46, 449931.00, 27.79);
insert into STATION values (7033, '117c', 7218, 259488.05, 449918.17, 23.26);
insert into STATION values (7034, '117d', 7218, 259487.56, 449918.13, 28.50);
insert into STATION values (7035, '117e', 7218, 259487.13, 449901.67, 23.38);
insert into STATION values (7036, '117f', 7218, 259488.92, 449899.02, 28.35);
insert into STATION values (7037, '117g', 7218, 259466.28, 449897.73, 21.65);
insert into STATION values (7038, '117h', 7218, 259472.11, 449907.08, 24.83);
insert into STATION values (7039, '117i', 7218, 259468.10, 449913.80, 21.48);
insert into STATION values (7040, '117j', 7218, 259472.42, 449914.19, 24.79);
insert into STATION values (7041, '117k', 7218, 259469.51, 449919.55, 21.19);
insert into STATION values (7042, '117l', 7218, 259473.51, 449918.44, 24.94);
insert into STATION values (7043, '117m', 7218, 259470.65, 449924.87, 21.37);
insert into STATION values (7044, '117n', 7218, 259474.22, 449925.17, 24.67);
insert into STATION values (7045, '118', 7218, 259483.22, 449942.06, 21.11);
insert into STATION values (7046, '118a', 7218, 259471.66, 449927.04, 21.21);
insert into STATION values (7047, '118b', 7218, 259474.66, 449925.86, 24.96);
insert into STATION values (7048, '118c', 7218, 259476.56, 449939.50, 24.76);
insert into STATION values (7049, '118d', 7218, 259472.08, 449940.37, 22.40);
insert into STATION values (7050, '118e', 7218, 259485.04, 449952.87, 22.85);
insert into STATION values (7051, '118f', 7218, 259486.54, 449949.12, 25.06);
insert into STATION values (7052, '118g', 7218, 259492.53, 449959.41, 22.87);
insert into STATION values (7053, '118h', 7218, 259494.14, 449954.42, 24.76);
insert into STATION values (7054, '118i', 7218, 259487.59, 449916.52, 23.26);
insert into STATION values (7055, '118j', 7218, 259484.98, 449910.90, 28.41);
insert into STATION values (7056, '118k', 7218, 259494.20, 449933.22, 27.74);
insert into STATION values (7057, '118l', 7218, 259496.85, 449932.48, 22.73);
insert into STATION values (7058, '118m', 7218, 259508.47, 449941.62, 22.45);
insert into STATION values (7059, '118n', 7218, 259514.61, 449941.05, 24.89);
insert into STATION values (7060, '118o', 7218, 259498.13, 449933.74, 41.92);
insert into STATION values (7061, '118p', 7218, 259506.03, 449939.25, 35.27);
insert into STATION values (7062, '118q', 7218, 259534.02, 449947.91, 43.56);
insert into STATION values (7063, '118r', 7218, 259529.60, 449947.61, 50.44);
insert into STATION values (7064, '118s', 7218, 259511.19, 449933.52, 53.37);
insert into STATION values (7065, '118t', 7218, 259499.74, 449921.51, 53.36);
insert into STATION values (7066, '118u', 7218, 259484.95, 449913.10, 49.04);
insert into STATION values (7067, '118v', 7218, 259484.86, 449918.67, 41.52);
insert into STATION values (7068, '119', 7218, 259508.66, 449954.50, 19.72);
insert into STATION values (7069, '119a', 7218, 259499.94, 449963.45, 21.91);
insert into STATION values (7070, '119b', 7218, 259502.57, 449962.56, 24.61);
insert into STATION values (7071, '119c', 7218, 259493.50, 449960.80, 22.45);
insert into STATION values (7072, '119d', 7218, 259500.43, 449957.84, 25.01);
insert into STATION values (7073, '119e', 7218, 259506.44, 449969.43, 22.49);
insert into STATION values (7074, '119f', 7218, 259509.72, 449966.64, 25.23);
insert into STATION values (7075, '119g', 7218, 259511.84, 449975.96, 22.95);
insert into STATION values (7076, '119h', 7218, 259513.44, 449971.35, 25.17);
insert into STATION values (7077, '119i', 7218, 259504.15, 449935.65, 39.21);
insert into STATION values (7078, '119j', 7218, 259502.64, 449933.51, 52.08);
insert into STATION values (7079, '119k', 7218, 259521.14, 449945.56, 37.84);
insert into STATION values (7080, '119l', 7218, 259526.21, 449945.07, 49.69);
insert into STATION values (7081, '119m', 7218, 259525.24, 449949.92, 35.69);
insert into STATION values (7082, '119n', 7218, 259535.75, 449947.71, 48.74);
insert into STATION values (7083, '120', 7218, 259525.40, 449972.43, 23.56);
insert into STATION values (7084, '120a', 7218, 259501.09, 449964.39, 22.47);
insert into STATION values (7085, '120b', 7218, 259508.67, 449964.82, 25.46);
insert into STATION values (7086, '120c', 7218, 259512.75, 449971.56, 24.93);
insert into STATION values (7087, '120d', 7218, 259508.43, 449971.94, 22.73);
insert into STATION values (7088, '121', 7218, 259541.13, 449985.06, 23.13);
insert into STATION values (7089, '122', 7218, 259563.29, 450001.19, 22.60);
insert into STATION values (7090, '122a', 7218, 259552.05, 450010.42, 22.28);
insert into STATION values (7091, '122b', 7218, 259556.51, 450006.72, 25.29);
insert into STATION values (7092, '122c', 7218, 259555.37, 450016.93, 22.29);
insert into STATION values (7093, '122d', 7218, 259558.90, 450011.61, 24.96);
insert into STATION values (7094, '122e', 7218, 259558.80, 450022.99, 22.43);
insert into STATION values (7095, '122f', 7218, 259561.19, 450015.95, 25.48);
insert into STATION values (7096, '122g', 7218, 259577.48, 450010.30, 24.19);
insert into STATION values (7097, '122h', 7218, 259575.64, 450009.58, 28.34);
insert into STATION values (7098, '122i', 7218, 259579.78, 450016.50, 24.01);
insert into STATION values (7099, '122j', 7218, 259577.83, 450015.49, 27.71);
insert into STATION values (7100, '123', 7218, 259576.88, 450022.14, 20.50);
insert into STATION values (7101, '123a', 7218, 259557.74, 450020.95, 21.96);
insert into STATION values (7102, '123b', 7218, 259562.35, 450020.39, 24.93);
insert into STATION values (7103, '123c', 7218, 259561.59, 450026.95, 21.89);
insert into STATION values (7104, '123d', 7218, 259567.19, 450026.14, 25.56);
insert into STATION values (7105, '123e', 7218, 259566.17, 450035.76, 22.18);
insert into STATION values (7106, '123f', 7218, 259570.98, 450034.67, 25.49);
insert into STATION values (7107, '123g', 7218, 259572.18, 450043.42, 22.54);
insert into STATION values (7108, '123h', 7218, 259573.58, 450041.01, 24.96);
insert into STATION values (7109, '123i', 7218, 259577.98, 450017.79, 22.40);
insert into STATION values (7110, '123j', 7218, 259576.86, 450009.13, 27.01);
insert into STATION values (7111, '123k', 7218, 259578.95, 450015.31, 26.24);
insert into STATION values (7112, '123l', 7218, 259579.00, 450019.05, 22.47);
insert into STATION values (7113, '123m', 7218, 259582.31, 450021.24, 23.77);
insert into STATION values (7114, '123n', 7218, 259582.45, 450021.76, 25.45);
insert into STATION values (7115, '123p', 7218, 259585.17, 450026.28, 23.80);
insert into STATION values (7116, '124', 7218, 259597.17, 450049.75, 20.06);
insert into STATION values (7117, '124a', 7218, 259596.97, 450049.71, 20.08);
insert into STATION values (7118, '124b', 7218, 259596.94, 450049.65, 20.08);
insert into STATION values (7119, '124c', 7218, 259571.73, 450038.26, 24.85);
insert into STATION values (7120, '124d', 7218, 259577.64, 450046.02, 24.95);
insert into STATION values (7121, '124e', 7218, 259575.67, 450046.10, 21.64);
insert into STATION values (7122, '124f', 7218, 259577.60, 450051.56, 20.97);
insert into STATION values (7123, '124g', 7218, 259582.79, 450052.88, 25.00);
insert into STATION values (7124, '124h', 7218, 259581.33, 450059.14, 21.83);
insert into STATION values (7125, '124i', 7218, 259587.44, 450060.43, 24.68);
insert into STATION values (7126, '124j', 7218, 259589.58, 450066.05, 22.57);
insert into STATION values (7127, '124k', 7218, 259593.28, 450065.71, 24.37);
insert into STATION values (7128, '125', 7218, 259603.32, 450067.90, 22.93);
insert into STATION values (7129, '125a', 7218, 259593.15, 450034.25, 27.26);
insert into STATION values (7130, '125b', 7218, 259603.33, 450044.16, 22.14);
insert into STATION values (7131, '125c', 7218, 259605.93, 450045.86, 25.57);
insert into STATION values (7132, '125d', 7218, 259609.69, 450046.26, 22.26);
insert into STATION values (7133, '125e', 7218, 259612.21, 450047.55, 24.56);
insert into STATION values (7134, '125f', 7218, 259614.24, 450049.12, 21.76);
insert into STATION values (7135, '125g', 7218, 259618.15, 450050.23, 24.41);
insert into STATION values (7136, '125h', 7218, 259619.80, 450051.92, 21.25);
insert into STATION values (7137, '125i', 7218, 259624.78, 450051.36, 24.46);
insert into STATION values (7138, '125j', 7218, 259628.77, 450052.39, 21.44);
insert into STATION values (7139, '125k', 7218, 259636.42, 450051.25, 24.39);
insert into STATION values (7140, '126', 7218, 259628.20, 450070.24, 21.18);
insert into STATION values (7141, '126a', 7218, 259632.77, 450053.76, 21.34);
insert into STATION values (7142, '126b', 7218, 259637.23, 450051.84, 24.82);
insert into STATION values (7143, '126c', 7218, 259666.40, 450052.08, 24.87);
insert into STATION values (7144, '126d', 7218, 259672.81, 450056.37, 25.17);
insert into STATION values (7145, '126e', 7218, 259685.83, 450058.40, 25.40);
insert into STATION values (7146, '126f', 7218, 259698.67, 450064.01, 25.90);
insert into STATION values (7147, '126g', 7218, 259696.24, 450064.13, 46.58);
insert into STATION values (7148, '126h', 7218, 259693.64, 450065.95, 47.97);
insert into STATION values (7149, '126i', 7218, 259686.42, 450055.07, 45.66);
insert into STATION values (7150, '126j', 7218, 259683.94, 450055.88, 47.93);
insert into STATION values (7151, '126k', 7218, 259646.08, 450048.14, 45.42);
insert into STATION values (7152, '126l', 7218, 259646.07, 450047.85, 48.99);
insert into STATION values (7153, '126m', 7218, 259652.64, 450052.90, 44.35);
insert into STATION values (7154, '126n', 7218, 259654.02, 450053.72, 49.77);
insert into STATION values (7155, '126o', 7218, 259629.08, 450087.63, 43.16);
insert into STATION values (7156, '126p', 7218, 259628.90, 450087.63, 48.49);
insert into STATION values (7157, '126q', 7218, 259632.76, 450087.46, 41.87);
insert into STATION values (7158, '126r', 7218, 259633.91, 450089.90, 48.32);
insert into STATION values (7159, '126s', 7218, 259626.03, 450077.29, 22.22);
insert into STATION values (7160, '126t', 7218, 259626.41, 450076.06, 21.95);
insert into STATION values (7161, '126u', 7218, 259626.06, 450076.06, 25.00);
insert into STATION values (7162, '127', 7218, 259677.01, 450065.68, 20.65);
insert into STATION values (7163, '127a', 7218, 259655.55, 450049.84, 22.88);
insert into STATION values (7164, '127b', 7218, 259657.32, 450050.83, 24.85);
insert into STATION values (7165, '127c', 7218, 259664.57, 450048.62, 23.20);
insert into STATION values (7166, '127d', 7218, 259669.96, 450056.19, 25.23);
insert into STATION values (7167, '127e', 7218, 259676.66, 450051.19, 21.75);
insert into STATION values (7168, '127f', 7218, 259680.04, 450057.31, 25.76);
insert into STATION values (7169, '127g', 7218, 259688.02, 450053.97, 22.53);
insert into STATION values (7170, '127h', 7218, 259685.81, 450059.11, 25.57);
insert into STATION values (7171, '127i', 7218, 259701.46, 450058.61, 22.39);
insert into STATION values (7172, '127j', 7218, 259699.31, 450063.67, 25.23);
insert into STATION values (7173, '127k', 7218, 259706.76, 450066.45, 22.77);
insert into STATION values (7174, '127l', 7218, 259704.65, 450067.32, 24.87);
insert into STATION values (7175, '127m', 7218, 259709.17, 450071.55, 22.39);
insert into STATION values (7176, '127n', 7218, 259708.74, 450072.33, 24.89);
insert into STATION values (7177, '127o', 7218, 259691.40, 450063.20, 44.20);
insert into STATION values (7178, '127p', 7218, 259691.14, 450064.83, 48.05);
insert into STATION values (7179, '127q', 7218, 259695.99, 450068.61, 43.29);
insert into STATION values (7180, '127r', 7218, 259699.62, 450071.09, 48.50);
insert into STATION values (7181, '127s', 7218, 259698.55, 450070.34, 41.00);
insert into STATION values (7182, '127t', 7218, 259706.12, 450072.71, 48.34);
insert into STATION values (7183, '127u', 7218, 259708.33, 450073.25, 44.54);
insert into STATION values (7184, '127v', 7218, 259711.04, 450075.75, 48.61);
insert into STATION values (7185, '128', 7218, 259704.86, 450089.25, 20.26);
insert into STATION values (7186, '128a', 7218, 259704.77, 450088.75, 20.29);
insert into STATION values (7187, '128b', 7218, 259700.57, 450063.41, 24.94);
insert into STATION values (7188, '128c', 7218, 259708.48, 450070.68, 22.58);
insert into STATION values (7189, '128d', 7218, 259708.28, 450072.12, 24.82);
insert into STATION values (7190, '128e', 7218, 259712.12, 450077.48, 22.44);
insert into STATION values (7191, '128f', 7218, 259712.22, 450079.01, 24.96);
insert into STATION values (7192, '128g', 7218, 259714.76, 450083.53, 22.64);
insert into STATION values (7193, '128h', 7218, 259714.00, 450085.44, 25.18);
insert into STATION values (7194, '128i', 7218, 259717.40, 450089.01, 22.24);
insert into STATION values (7195, '128j', 7218, 259715.76, 450090.34, 25.23);
insert into STATION values (7196, '128k', 7218, 259719.96, 450094.26, 22.31);
insert into STATION values (7197, '128l', 7218, 259719.58, 450095.16, 25.19);
insert into STATION values (7198, '128m', 7218, 259725.14, 450100.89, 23.30);
insert into STATION values (7199, '128n', 7218, 259721.48, 450100.66, 25.15);
insert into STATION values (7200, '128o', 7218, 259705.60, 450072.25, 43.78);
insert into STATION values (7201, '128p', 7218, 259704.99, 450073.77, 48.50);
insert into STATION values (7202, '128q', 7218, 259713.06, 450078.24, 44.53);
insert into STATION values (7203, '128r', 7218, 259712.52, 450081.19, 49.21);
insert into STATION values (7204, '128s', 7218, 259718.89, 450088.71, 43.39);
insert into STATION values (7205, '128t', 7218, 259719.81, 450091.57, 49.48);
insert into STATION values (7206, '128u', 7218, 259721.75, 450099.74, 39.35);
insert into STATION values (7207, '128v', 7218, 259728.73, 450109.08, 50.66);
insert into STATION values (7208, '128w', 7218, 259732.74, 450115.04, 50.99);
insert into STATION values (7209, '128x', 7218, 259706.70, 450090.66, 19.08);
insert into STATION values (7210, '128y', 7218, 259688.72, 450097.26, 34.20);
insert into STATION values (7211, '128z', 7218, 259686.49, 450099.97, 40.96);
insert into STATION values (7212, '128aa', 7218, 259692.69, 450105.77, 37.20);
insert into STATION values (7213, '128ab', 7218, 259690.01, 450110.25, 47.88);
insert into STATION values (7214, '128ac', 7218, 259704.78, 450118.11, 49.27);
insert into STATION values (7215, '128ad', 7218, 259704.34, 450108.79, 34.45);
insert into STATION values (7216, '128ae', 7218, 259715.13, 450125.46, 45.37);
insert into STATION values (7217, '128af', 7218, 259715.19, 450124.57, 48.44);
insert into STATION values (7218, '128ag', 7218, 259722.28, 450125.19, 50.71);
insert into STATION values (7219, '128ah', 7218, 259720.20, 450128.13, 44.99);
insert into STATION values (7220, '129', 7218, 259726.80, 450118.05, 22.42);
insert into STATION values (7221, '129a', 7218, 259722.21, 450097.15, 23.13);
insert into STATION values (7222, '129b', 7218, 259723.04, 450103.65, 25.26);
insert into STATION values (7223, '129c', 7218, 259727.41, 450103.44, 24.16);
insert into STATION values (7224, '129d', 7218, 259726.88, 450105.99, 25.11);
insert into STATION values (7225, '129e', 7218, 259730.17, 450109.61, 23.96);
insert into STATION values (7226, '129f', 7218, 259731.06, 450110.30, 24.91);
insert into STATION values (7227, '129g', 7218, 259733.57, 450116.99, 24.52);
insert into STATION values (7228, '129h', 7218, 259733.38, 450117.73, 24.87);
insert into STATION values (7229, '129i', 7218, 259734.98, 450122.36, 24.37);
insert into STATION values (7230, '129j', 7218, 259735.03, 450122.60, 24.78);
insert into STATION values (7231, '129k', 7218, 259736.03, 450128.16, 23.95);
insert into STATION values (7232, '129l', 7218, 259736.07, 450129.09, 25.13);
insert into STATION values (7233, '129m', 7218, 259720.54, 450146.48, 22.10);
insert into STATION values (7234, '129n', 7218, 259723.70, 450144.11, 25.02);
insert into STATION values (7235, '129o', 7218, 259719.67, 450132.63, 25.50);
insert into STATION values (7236, '129p', 7218, 259713.66, 450135.90, 20.71);
insert into STATION values (7237, '129q', 7218, 259716.65, 450127.56, 25.03);
insert into STATION values (7238, '129r', 7218, 259711.94, 450129.43, 21.67);
insert into STATION values (7239, '129s', 7218, 259706.45, 450118.88, 22.33);
insert into STATION values (7240, '129t', 7218, 259706.73, 450121.01, 24.91);
insert into STATION values (7241, '129u', 7218, 259698.53, 450116.22, 23.08);
insert into STATION values (7242, '129v', 7218, 259701.68, 450115.25, 24.87);
insert into STATION values (7243, '129w', 7218, 259698.91, 450111.00, 24.99);
insert into STATION values (7244, '129x', 7218, 259694.97, 450110.19, 23.36);
insert into STATION values (7245, '129y', 7218, 259691.25, 450103.75, 25.25);
insert into STATION values (7246, '129z', 7218, 259690.31, 450102.09, 23.67);
insert into STATION values (7247, '129aa', 7218, 259717.39, 450110.70, 19.16);
insert into STATION values (7248, '129ab', 7218, 259731.53, 450126.58, 37.35);
insert into STATION values (7249, '129ac', 7218, 259733.50, 450133.35, 49.80);
insert into STATION values (7250, '129ad', 7218, 259730.21, 450129.99, 35.42);
insert into STATION values (7251, '129ae', 7218, 259733.06, 450143.60, 50.93);
insert into STATION values (7252, '130', 7218, 259734.11, 450136.42, 22.55);
insert into STATION values (7253, '130a', 7218, 259720.47, 450156.92, 24.41);
insert into STATION values (7254, '130b', 7218, 259722.56, 450161.40, 24.34);
insert into STATION values (7255, '130c', 7218, 259709.73, 450126.25, 22.41);
insert into STATION values (7256, '130d', 7218, 259712.13, 450132.07, 21.84);
insert into STATION values (7257, '130e', 7218, 259713.58, 450136.69, 20.98);
insert into STATION values (7258, '130f', 7218, 259717.50, 450140.34, 21.58);
insert into STATION values (7259, '130g', 7218, 259718.81, 450143.90, 22.13);
insert into STATION values (7260, '130h', 7218, 259724.26, 450145.58, 24.99);
insert into STATION values (7261, '130i', 7218, 259721.37, 450142.14, 24.99);
insert into STATION values (7262, '130j', 7218, 259721.13, 450137.39, 25.47);
insert into STATION values (7263, '130k', 7218, 259720.18, 450133.22, 25.48);
insert into STATION values (7264, '130l', 7218, 259718.15, 450129.45, 25.25);
insert into STATION values (7265, '130m', 7218, 259714.65, 450125.14, 25.46);
insert into STATION values (7266, '130n', 7218, 259729.75, 450139.42, 19.19);
insert into STATION values (7267, '130o', 7218, 259732.93, 450117.77, 24.98);
insert into STATION values (7268, '130p', 7218, 259733.44, 450120.33, 24.25);
insert into STATION values (7269, '130q', 7218, 259734.94, 450123.07, 24.87);
insert into STATION values (7270, '130r', 7218, 259734.90, 450123.55, 24.19);
insert into STATION values (7271, '130s', 7218, 259736.27, 450128.50, 24.64);
insert into STATION values (7272, '130t', 7218, 259736.17, 450129.06, 23.90);
insert into STATION values (7273, '130u', 7218, 259736.78, 450130.34, 25.00);
insert into STATION values (7274, '130v', 7218, 259736.88, 450130.12, 24.12);
insert into STATION values (7275, '130w', 7218, 259738.79, 450133.60, 23.89);
insert into STATION values (7276, '130x', 7218, 259739.07, 450133.60, 24.71);
insert into STATION values (7277, '130y', 7218, 259740.70, 450135.97, 24.60);
insert into STATION values (7278, '130z', 7218, 259740.92, 450136.12, 23.81);
insert into STATION values (7279, '130aa', 7218, 259743.57, 450137.64, 25.06);
insert into STATION values (7280, '130ab', 7218, 259743.89, 450136.80, 23.89);
insert into STATION values (7281, '130ac', 7218, 259740.40, 450159.20, 21.79);
insert into STATION values (7282, '130ad', 7218, 259742.48, 450156.34, 25.31);
insert into STATION values (7283, '130ae', 7218, 259745.52, 450160.50, 22.31);
insert into STATION values (7284, '130af', 7218, 259747.56, 450156.81, 25.13);
insert into STATION values (7285, '130ag', 7218, 259749.18, 450160.45, 21.67);
insert into STATION values (7286, '130ah', 7218, 259753.95, 450156.52, 25.17);
insert into STATION values (7287, '130ai', 7218, 259753.37, 450159.68, 22.33);
insert into STATION values (7288, '130aj', 7218, 259757.71, 450159.23, 21.75);
insert into STATION values (7289, '130ak', 7218, 259757.54, 450153.46, 25.36);
insert into STATION values (7290, '130al', 7218, 259765.94, 450158.99, 21.39);
insert into STATION values (7291, '130am', 7218, 259766.25, 450156.87, 25.02);
insert into STATION values (7292, '131', 7218, 259778.08, 450148.49, 21.00);
insert into STATION values (7293, '131a', 7218, 259757.78, 450159.35, 21.66);
insert into STATION values (7294, '131b', 7218, 259764.40, 450160.70, 22.44);
insert into STATION values (7295, '131c', 7218, 259781.33, 450154.04, 22.86);
insert into STATION values (7296, '131d', 7218, 259782.89, 450152.40, 24.45);
insert into STATION values (7297, '131e', 7218, 259777.81, 450153.69, 25.10);
insert into STATION values (7298, '131f', 7218, 259774.56, 450155.03, 25.13);
insert into STATION values (7299, '131g', 7218, 259771.02, 450156.52, 25.26);
insert into STATION values (7300, '131h', 7218, 259767.03, 450157.32, 25.07);
insert into STATION values (7301, '131i', 7218, 259773.26, 450130.60, 23.53);
insert into STATION values (7302, '131j', 7218, 259774.20, 450132.96, 25.24);
insert into STATION values (7303, '131k', 7218, 259770.01, 450132.78, 23.59);
insert into STATION values (7304, '131l', 7218, 259768.90, 450134.86, 25.14);
insert into STATION values (7305, '131m', 7218, 259766.29, 450136.32, 22.00);
insert into STATION values (7306, '131n', 7218, 259768.74, 450134.95, 22.01);
insert into STATION values (7307, '131o', 7218, 259763.50, 450136.71, 22.24);
insert into STATION values (7308, '131p', 7218, 259763.00, 450136.16, 24.90);
insert into STATION values (7309, '131q', 7218, 259759.86, 450136.46, 24.78);
insert into STATION values (7310, '131r', 7218, 259759.30, 450137.31, 22.39);
insert into STATION values (7311, '131s', 7218, 259775.59, 450141.96, 19.06);
insert into STATION values (7312, '132', 7218, 259802.77, 450130.94, 22.97);
insert into STATION values (7313, '132a', 7218, 259784.00, 450123.93, 37.57);
insert into STATION values (7314, '132b', 7218, 259791.32, 450119.16, 37.96);
insert into STATION values (7315, '132c', 7218, 259798.51, 450117.82, 38.78);
insert into STATION values (7316, '132d', 7218, 259806.64, 450117.99, 40.23);
insert into STATION values (7317, '132e', 7218, 259811.69, 450120.93, 40.70);
insert into STATION values (7318, '132f', 7218, 259813.79, 450113.10, 54.91);
insert into STATION values (7319, '132g', 7218, 259804.58, 450111.18, 53.03);
insert into STATION values (7320, '132h', 7218, 259796.33, 450112.71, 51.47);
insert into STATION values (7321, '132i', 7218, 259789.15, 450115.31, 49.68);
insert into STATION values (7322, '132j', 7218, 259779.08, 450120.32, 48.91);
insert into STATION values (7323, '132k', 7218, 259783.10, 450128.28, 25.23);
insert into STATION values (7324, '132l', 7218, 259777.13, 450124.92, 20.27);
insert into STATION values (7325, '132m', 7218, 259781.36, 450119.62, 20.51);
insert into STATION values (7326, '132n', 7218, 259787.25, 450121.88, 25.66);
insert into STATION values (7327, '132o', 7218, 259784.63, 450114.05, 21.19);
insert into STATION values (7328, '132p', 7218, 259791.86, 450116.61, 25.62);
insert into STATION values (7329, '132q', 7218, 259789.96, 450110.32, 21.03);
insert into STATION values (7330, '132r', 7218, 259800.65, 450114.99, 25.67);
insert into STATION values (7331, '132s', 7218, 259799.83, 450109.51, 20.75);
insert into STATION values (7332, '132t', 7218, 259803.51, 450110.11, 20.45);
insert into STATION values (7333, '132u', 7218, 259805.73, 450115.11, 25.49);
insert into STATION values (7334, '132v', 7218, 259809.74, 450111.62, 20.61);
insert into STATION values (7335, '132w', 7218, 259810.56, 450115.47, 25.52);
insert into STATION values (7336, '132x', 7218, 259814.54, 450112.17, 21.08);
insert into STATION values (7337, '132y', 7218, 259816.38, 450117.14, 25.87);
insert into STATION values (7338, '132z', 7218, 259821.27, 450115.28, 20.73);
insert into STATION values (7339, '132aa', 7218, 259822.92, 450119.59, 26.20);
insert into STATION values (7340, '132ab', 7218, 259825.57, 450117.43, 20.95);
insert into STATION values (7341, '132ac', 7218, 259810.58, 450131.26, 25.87);
insert into STATION values (7342, '132ad', 7218, 259804.78, 450131.08, 26.33);
insert into STATION values (7343, '132ae', 7218, 259804.25, 450131.63, 23.07);
insert into STATION values (7344, '132af', 7218, 259803.17, 450131.62, 25.60);
insert into STATION values (7345, '132ag', 7218, 259803.52, 450132.26, 23.10);
insert into STATION values (7346, '132ah', 7218, 259801.97, 450123.89, 19.45);
insert into STATION values (7347, '133', 7218, 259809.00, 450130.71, 23.61);
insert into STATION values (7348, '134', 7218, 259818.57, 450129.77, 20.69);
insert into STATION values (7349, '134a', 7218, 259834.34, 450124.30, 21.92);
insert into STATION values (7350, '134b', 7218, 259837.87, 450125.12, 24.90);
insert into STATION values (7351, '134c', 7218, 259844.54, 450129.69, 25.55);
insert into STATION values (7352, '134d', 7218, 259843.42, 450129.73, 21.52);
insert into STATION values (7353, '134e', 7218, 259847.60, 450134.70, 28.24);
insert into STATION values (7354, '134f', 7218, 259850.99, 450136.16, 22.10);
insert into STATION values (7355, '134g', 7218, 259859.28, 450143.23, 31.40);
insert into STATION values (7356, '134h', 7218, 259831.94, 450129.27, 42.19);
insert into STATION values (7357, '134i', 7218, 259838.76, 450130.84, 56.15);
insert into STATION values (7358, '134j', 7218, 259843.76, 450135.48, 44.91);
insert into STATION values (7359, '134k', 7218, 259847.11, 450138.10, 51.89);
insert into STATION values (7360, '134l', 7218, 259849.08, 450137.59, 41.30);
insert into STATION values (7361, '134m', 7218, 259857.94, 450143.33, 49.07);
insert into STATION values (7362, '134n', 7218, 259853.31, 450141.60, 41.02);
insert into STATION values (7363, '134o', 7218, 259822.90, 450127.28, 19.40);
insert into STATION values (7364, '135', 7218, 259851.32, 450162.81, 24.26);
insert into STATION values (7365, '135a', 7218, 259911.42, 450158.61, 22.75);
insert into STATION values (7366, '135b', 7218, 259906.21, 450157.91, 25.80);
insert into STATION values (7367, '135c', 7218, 259883.19, 450153.21, 25.57);
insert into STATION values (7368, '135d', 7218, 259883.66, 450152.19, 23.41);
insert into STATION values (7369, '135e', 7218, 259872.19, 450149.19, 25.23);
insert into STATION values (7370, '135f', 7218, 259870.97, 450149.09, 23.24);
insert into STATION values (7371, '135g', 7218, 259855.41, 450141.29, 23.07);
insert into STATION values (7372, '135h', 7218, 259854.64, 450138.83, 26.27);
insert into STATION values (7373, '135i', 7218, 259847.89, 450133.05, 22.49);
insert into STATION values (7374, '135j', 7218, 259847.26, 450133.23, 26.13);
insert into STATION values (7375, '135k', 7218, 259840.60, 450127.49, 22.40);
insert into STATION values (7376, '135l', 7218, 259839.05, 450129.08, 27.15);
insert into STATION values (7377, '135m', 7218, 259833.22, 450147.11, 22.00);
insert into STATION values (7378, '135n', 7218, 259838.42, 450149.86, 25.48);
insert into STATION values (7379, '135o', 7218, 259835.20, 450150.50, 25.06);
insert into STATION values (7380, '135p', 7218, 259837.20, 450152.05, 22.39);
insert into STATION values (7381, '135q', 7218, 259839.47, 450156.49, 24.99);
insert into STATION values (7382, '135r', 7218, 259840.44, 450155.54, 22.68);
insert into STATION values (7383, '135s', 7218, 259851.01, 450162.69, 24.90);
insert into STATION values (7384, '135t', 7218, 259850.93, 450162.46, 23.30);
insert into STATION values (7385, '135u', 7218, 259855.87, 450161.86, 22.54);
insert into STATION values (7386, '135v', 7218, 259862.04, 450156.58, 19.80);
insert into STATION values (7387, '135w', 7218, 259859.27, 450165.49, 24.93);
insert into STATION values (7388, '135x', 7218, 259863.45, 450165.57, 22.70);
insert into STATION values (7389, '135y', 7218, 259873.16, 450168.64, 22.73);
insert into STATION values (7390, '135z', 7218, 259871.23, 450166.96, 25.24);
insert into STATION values (7391, '136', 7218, 259899.24, 450170.50, 20.61);
insert into STATION values (7392, '136a', 7218, 259863.38, 450167.30, 23.72);
insert into STATION values (7393, '136b', 7218, 259863.76, 450165.16, 25.44);
insert into STATION values (7394, '136c', 7218, 259878.99, 450169.48, 25.50);
insert into STATION values (7395, '136d', 7218, 259875.63, 450170.97, 23.64);
insert into STATION values (7396, '136e', 7218, 259886.97, 450174.14, 23.63);
insert into STATION values (7397, '136f', 7218, 259888.66, 450172.72, 25.59);
insert into STATION values (7398, '136g', 7218, 259894.33, 450174.38, 25.73);
insert into STATION values (7399, '136h', 7218, 259892.52, 450176.41, 23.98);
insert into STATION values (7400, '136i', 7218, 259898.45, 450177.65, 23.33);
insert into STATION values (7401, '136j', 7218, 259899.42, 450175.95, 26.00);
insert into STATION values (7402, '136k', 7218, 259905.04, 450178.14, 26.22);
insert into STATION values (7403, '136l', 7218, 259905.32, 450179.74, 22.85);
insert into STATION values (7404, '136m', 7218, 259910.61, 450181.12, 23.13);
insert into STATION values (7405, '136n', 7218, 259912.19, 450180.44, 26.19);
insert into STATION values (7406, '136o', 7218, 259921.52, 450183.67, 23.98);
insert into STATION values (7407, '136p', 7218, 259921.32, 450182.17, 25.91);
insert into STATION values (7408, '136q', 7218, 259927.76, 450184.22, 23.94);
insert into STATION values (7409, '136r', 7218, 259935.58, 450183.50, 27.98);
insert into STATION values (7410, '136s', 7218, 259981.21, 450180.68, 23.74);
insert into STATION values (7411, '136t', 7218, 259969.23, 450178.09, 26.03);
insert into STATION values (7412, '136u', 7218, 259937.83, 450168.69, 25.43);
insert into STATION values (7413, '136v', 7218, 259938.29, 450167.36, 23.44);
insert into STATION values (7414, '136w', 7218, 259925.42, 450163.26, 23.21);
insert into STATION values (7415, '136x', 7218, 259923.63, 450162.75, 25.17);
insert into STATION values (7416, '136y', 7218, 259917.33, 450159.68, 23.25);
insert into STATION values (7417, '136z', 7218, 259914.72, 450159.63, 25.87);
insert into STATION values (7418, '136aa', 7218, 259902.12, 450155.28, 22.76);
insert into STATION values (7419, '136ab', 7218, 259899.20, 450156.28, 25.38);
insert into STATION values (7420, '136ac', 7218, 259892.74, 450154.47, 23.00);
insert into STATION values (7421, '136ad', 7218, 259889.13, 450155.25, 25.60);
insert into STATION values (7422, '136ae', 7218, 259878.05, 450151.01, 23.52);
insert into STATION values (7423, '136af', 7218, 259877.31, 450151.86, 25.23);
insert into STATION values (7424, '136ag', 7218, 259868.75, 450148.20, 23.57);
insert into STATION values (7425, '136ah', 7218, 259869.04, 450149.22, 25.19);
insert into STATION values (7426, '136ai', 7218, 259919.06, 450166.68, 44.05);
insert into STATION values (7427, '136aj', 7218, 259925.48, 450171.43, 49.43);
insert into STATION values (7428, '136ak', 7218, 259928.87, 450173.40, 44.45);
insert into STATION values (7429, '136al', 7218, 259939.14, 450178.69, 49.45);
insert into STATION values (7430, '136am', 7218, 259939.73, 450176.78, 46.00);
insert into STATION values (7431, '136an', 7218, 259950.07, 450182.02, 49.29);
insert into STATION values (7432, '136ao', 7218, 259950.59, 450179.51, 47.75);
insert into STATION values (7433, '136ap', 7218, 259931.59, 450185.29, 40.84);
insert into STATION values (7434, '136aq', 7218, 259941.28, 450188.71, 55.27);
insert into STATION values (7435, '136ar', 7218, 259923.02, 450185.27, 38.86);
insert into STATION values (7436, '136as', 7218, 259925.41, 450179.12, 55.72);
insert into STATION values (7437, '136at', 7218, 259912.97, 450182.69, 36.43);
insert into STATION values (7438, '136au', 7218, 259914.84, 450183.68, 50.68);
insert into STATION values (7439, '136av', 7218, 259903.68, 450177.11, 32.20);
insert into STATION values (7440, '136aw', 7218, 259892.93, 450172.71, 29.57);
insert into STATION values (7441, '136ax', 7218, 259873.37, 450173.06, 48.62);
insert into STATION values (7442, '136ay', 7218, 259882.77, 450169.94, 31.33);
insert into STATION values (7443, '136az', 7218, 259856.44, 450167.06, 50.16);
insert into STATION values (7444, '136ba', 7218, 259876.87, 450168.14, 32.27);
insert into STATION values (7445, '136bb', 7218, 259843.19, 450163.31, 49.87);
insert into STATION values (7446, '136bc', 7218, 259897.73, 450168.90, 19.88);
insert into STATION values (7447, '137', 7218, 259969.96, 450177.09, 22.31);
insert into STATION values (7448, '137a', 7218, 259928.33, 450182.76, 26.97);
insert into STATION values (7449, '137b', 7218, 259941.92, 450185.65, 27.73);
insert into STATION values (7450, '137c', 7218, 259939.51, 450187.54, 24.00);
insert into STATION values (7451, '137d', 7218, 259952.16, 450189.52, 23.57);
insert into STATION values (7452, '137e', 7218, 259956.19, 450189.13, 26.82);
insert into STATION values (7453, '137f', 7218, 259959.41, 450190.74, 22.87);
insert into STATION values (7454, '137g', 7218, 259960.56, 450191.27, 25.91);
insert into STATION values (7455, '137h', 7218, 259963.78, 450192.78, 22.71);
insert into STATION values (7456, '137i', 7218, 259963.94, 450192.13, 26.37);
insert into STATION values (7457, '137j', 7218, 259968.10, 450195.17, 22.60);
insert into STATION values (7458, '137k', 7218, 259968.82, 450193.32, 25.56);
insert into STATION values (7459, '137l', 7218, 259969.37, 450196.33, 22.71);
insert into STATION values (7460, '137m', 7218, 259970.43, 450194.31, 25.70);
insert into STATION values (7461, '137n', 7218, 259973.89, 450200.39, 23.11);
insert into STATION values (7462, '137o', 7218, 259978.24, 450198.38, 25.81);
insert into STATION values (7463, '137p', 7218, 259981.56, 450208.34, 22.25);
insert into STATION values (7464, '137q', 7218, 259985.26, 450205.82, 25.76);
insert into STATION values (7465, '137r', 7218, 259990.81, 450217.60, 22.55);
insert into STATION values (7466, '137s', 7218, 259999.10, 450194.96, 25.42);
insert into STATION values (7467, '137t', 7218, 259984.66, 450185.28, 26.52);
insert into STATION values (7468, '137u', 7218, 259973.36, 450179.94, 25.82);
insert into STATION values (7469, '137v', 7218, 259980.64, 450180.79, 23.54);
insert into STATION values (7470, '137w', 7218, 259972.50, 450176.70, 23.06);
insert into STATION values (7471, '137x', 7218, 259970.62, 450177.69, 26.03);
insert into STATION values (7472, '137y', 7218, 259970.71, 450174.48, 23.23);
insert into STATION values (7473, '137z', 7218, 259967.76, 450175.76, 25.73);
insert into STATION values (7474, '137aa', 7218, 259966.56, 450173.09, 22.68);
insert into STATION values (7475, '137ab', 7218, 259962.70, 450174.81, 25.14);
insert into STATION values (7476, '137ac', 7218, 259955.77, 450172.44, 22.46);
insert into STATION values (7477, '137ad', 7218, 259949.20, 450172.65, 25.49);
insert into STATION values (7478, '137ae', 7218, 259967.07, 450176.42, 20.06);
insert into STATION values (7479, '138', 7218, 260003.68, 450217.54, 22.95);
insert into STATION values (7480, '138a', 7218, 259955.31, 450173.48, 21.85);
insert into STATION values (7481, '138b', 7218, 259953.71, 450174.55, 25.49);
insert into STATION values (7482, '138c', 7218, 259967.04, 450177.67, 25.98);
insert into STATION values (7483, '138d', 7218, 259973.78, 450179.48, 21.76);
insert into STATION values (7484, '138e', 7218, 259980.05, 450183.80, 26.09);
insert into STATION values (7485, '138f', 7218, 259998.65, 450195.22, 28.24);
insert into STATION values (7486, '138g', 7218, 260001.08, 450199.09, 24.35);
insert into STATION values (7487, '138h', 7218, 260010.23, 450200.16, 24.03);
insert into STATION values (7488, '138i', 7218, 260011.98, 450199.90, 25.59);
insert into STATION values (7489, '138j', 7218, 260014.18, 450199.97, 23.43);
insert into STATION values (7490, '138k', 7218, 260016.59, 450196.86, 25.42);
insert into STATION values (7491, '138l', 7218, 260018.02, 450196.43, 23.79);
insert into STATION values (7492, '138m', 7218, 260018.25, 450197.19, 25.63);
insert into STATION values (7493, '138n', 7218, 260033.34, 450202.92, 41.20);
insert into STATION values (7494, '138o', 7218, 260041.38, 450200.18, 48.00);
insert into STATION values (7495, '138p', 7218, 260033.51, 450199.52, 49.07);
insert into STATION values (7496, '138q', 7218, 260027.50, 450202.04, 43.19);
insert into STATION values (7497, '138r', 7218, 260021.55, 450200.44, 43.97);
insert into STATION values (7498, '138s', 7218, 260022.68, 450197.51, 49.42);
insert into STATION values (7499, '138t', 7218, 260010.80, 450199.71, 44.39);
insert into STATION values (7500, '138u', 7218, 260011.80, 450198.16, 49.93);
insert into STATION values (7501, '138v', 7218, 260007.66, 450197.59, 49.98);
insert into STATION values (7502, '138w', 7218, 260006.42, 450198.90, 44.93);
insert into STATION values (7503, '138x', 7218, 260003.53, 450198.04, 44.94);
insert into STATION values (7504, '138y', 7218, 260002.36, 450195.86, 49.57);
insert into STATION values (7505, '138z', 7218, 259996.80, 450194.78, 49.48);
insert into STATION values (7506, '138aa', 7218, 259997.60, 450197.74, 44.76);
insert into STATION values (7507, '138ab', 7218, 259984.02, 450201.64, 25.89);
insert into STATION values (7508, '138ac', 7218, 259972.17, 450195.70, 25.69);
insert into STATION values (7509, '138ad', 7218, 259967.81, 450196.36, 23.03);
insert into STATION values (7510, '138ae', 7218, 259977.65, 450204.23, 22.82);
insert into STATION values (7511, '138af', 7218, 259982.81, 450210.38, 23.05);
insert into STATION values (7512, '138ag', 7218, 259983.95, 450210.82, 21.75);
insert into STATION values (7513, '138ah', 7218, 259988.34, 450214.68, 21.97);
insert into STATION values (7514, '138ai', 7218, 259993.18, 450215.92, 25.62);
insert into STATION values (7515, '138aj', 7218, 259995.33, 450220.16, 25.10);
insert into STATION values (7516, '138ak', 7218, 259993.23, 450220.12, 23.46);
insert into STATION values (7517, '138al', 7218, 259995.80, 450213.65, 26.18);
insert into STATION values (7518, '138am', 7218, 259999.28, 450218.93, 22.64);
insert into STATION values (7519, '138an', 7218, 260002.54, 450220.50, 22.88);
insert into STATION values (7520, '138ao', 7218, 260002.31, 450216.46, 26.23);
insert into STATION values (7521, '138ap', 7218, 260006.89, 450219.15, 25.51);
insert into STATION values (7522, '138aq', 7218, 260010.40, 450222.17, 23.74);
insert into STATION values (7523, '138ar', 7218, 260014.23, 450221.67, 23.73);
insert into STATION values (7524, '138as', 7218, 260017.17, 450217.78, 26.18);
insert into STATION values (7525, '138at', 7218, 260001.42, 450211.23, 20.08);
insert into STATION values (7526, '139', 7218, 260036.17, 450210.13, 23.91);
insert into STATION values (7527, '139a', 7218, 260059.53, 450190.93, 23.15);
insert into STATION values (7528, '139b', 7218, 260049.87, 450199.91, 27.36);
insert into STATION values (7529, '139c', 7218, 260045.35, 450198.76, 26.48);
insert into STATION values (7530, '139d', 7218, 260048.45, 450192.56, 22.46);
insert into STATION values (7531, '139e', 7218, 260036.15, 450196.93, 25.61);
insert into STATION values (7532, '139f', 7218, 260026.40, 450197.59, 24.15);
insert into STATION values (7533, '139g', 7218, 260026.66, 450198.33, 25.31);
insert into STATION values (7534, '139h', 7218, 260023.60, 450198.41, 25.50);
insert into STATION values (7535, '139i', 7218, 260023.39, 450197.41, 24.44);
insert into STATION values (7536, '139j', 7218, 260017.72, 450197.33, 25.28);
insert into STATION values (7537, '139k', 7218, 260017.86, 450197.01, 23.32);
insert into STATION values (7538, '139l', 7218, 260013.87, 450198.12, 25.10);
insert into STATION values (7539, '139m', 7218, 260014.10, 450197.82, 23.52);
insert into STATION values (7540, '139n', 7218, 260037.27, 450218.46, 24.80);
insert into STATION values (7541, '139o', 7218, 260037.46, 450215.61, 26.27);
insert into STATION values (7542, '139p', 7218, 260032.53, 450216.27, 26.62);
insert into STATION values (7543, '139q', 7218, 260030.33, 450219.87, 24.59);
insert into STATION values (7544, '139r', 7218, 260026.84, 450220.77, 24.04);
insert into STATION values (7545, '139s', 7218, 260027.82, 450217.45, 26.15);
insert into STATION values (7546, '139t', 7218, 260021.95, 450221.28, 23.85);
insert into STATION values (7547, '139u', 7218, 260025.46, 450217.92, 25.64);
insert into STATION values (7548, '139v', 7218, 260013.58, 450199.02, 50.44);
insert into STATION values (7549, '139w', 7218, 260027.12, 450202.44, 41.78);
insert into STATION values (7550, '139x', 7218, 260022.90, 450200.43, 49.87);
insert into STATION values (7551, '139y', 7218, 260032.54, 450203.51, 41.37);
insert into STATION values (7552, '139z', 7218, 260032.72, 450201.09, 49.10);
insert into STATION values (7553, '139aa', 7218, 260044.49, 450204.03, 38.51);
insert into STATION values (7554, '139ab', 7218, 260051.37, 450201.33, 46.30);
insert into STATION values (7555, '139ac', 7218, 260061.38, 450201.98, 49.51);
insert into STATION values (7556, '139ad', 7218, 260051.86, 450204.56, 36.37);
insert into STATION values (7557, '139ae', 7218, 260047.55, 450204.10, 20.20);
insert into STATION values (7558, '140', 7218, 260086.89, 450203.07, 22.75);
insert into STATION values (7559, '140a', 7218, 260064.40, 450213.40, 23.89);
insert into STATION values (7560, '140b', 7218, 260071.89, 450211.26, 25.86);
insert into STATION values (7561, '140c', 7218, 260080.94, 450215.62, 26.08);
insert into STATION values (7562, '140d', 7218, 260078.25, 450220.85, 22.84);
insert into STATION values (7563, '140e', 7218, 260081.71, 450223.35, 21.63);
insert into STATION values (7564, '140f', 7218, 260085.55, 450218.25, 25.90);
insert into STATION values (7565, '140g', 7218, 260089.77, 450226.32, 21.14);
insert into STATION values (7566, '140h', 7218, 260090.39, 450219.36, 25.83);
insert into STATION values (7567, '140i', 7218, 260095.59, 450228.75, 20.99);
insert into STATION values (7568, '140j', 7218, 260095.45, 450221.63, 26.19);
insert into STATION values (7569, '140k', 7218, 260031.35, 450195.76, 22.88);
insert into STATION values (7570, '140l', 7218, 260053.68, 450199.75, 26.94);
insert into STATION values (7571, '140m', 7218, 260064.56, 450195.00, 26.23);
insert into STATION values (7572, '140n', 7218, 260054.65, 450191.63, 22.47);
insert into STATION values (7573, '140o', 7218, 260066.70, 450188.46, 25.24);
insert into STATION values (7574, '140p', 7218, 260067.85, 450189.54, 23.77);
insert into STATION values (7575, '140q', 7218, 260059.38, 450202.76, 36.25);
insert into STATION values (7576, '140r', 7218, 260054.36, 450199.03, 45.95);
insert into STATION values (7577, '140s', 7218, 260066.29, 450193.01, 35.46);
insert into STATION values (7578, '140t', 7218, 260054.99, 450184.95, 48.49);
insert into STATION values (7579, '140u', 7218, 260081.21, 450197.91, 33.98);
insert into STATION values (7580, '140v', 7218, 260090.55, 450198.29, 29.07);
insert into STATION values (7581, '140w', 7218, 260091.50, 450196.92, 38.24);
insert into STATION values (7582, '140x', 7218, 260076.90, 450194.46, 49.54);
insert into STATION values (7583, '140y', 7218, 260099.70, 450198.51, 24.32);
insert into STATION values (7584, '140z', 7218, 260104.78, 450197.61, 28.41);
insert into STATION values (7585, '140aa', 7218, 260108.89, 450198.54, 27.25);
insert into STATION values (7586, '141', 7218, 260133.77, 450216.55, 21.80);
insert into STATION values (7587, '141a', 7218, 260133.71, 450216.49, 20.66);
insert into STATION values (7588, '141b', 7218, 260113.91, 450199.98, 21.60);
insert into STATION values (7589, '141c', 7218, 260113.41, 450197.87, 25.46);
insert into STATION values (7590, '141d', 7218, 260114.09, 450191.07, 25.49);
insert into STATION values (7591, '141e', 7218, 260112.76, 450189.24, 20.98);
insert into STATION values (7592, '141f', 7218, 260113.67, 450183.19, 25.90);
insert into STATION values (7593, '141g', 7218, 260109.06, 450175.87, 22.14);
insert into STATION values (7594, '141h', 7218, 260113.53, 450175.08, 26.42);
insert into STATION values (7595, '141i', 7218, 260139.88, 450210.34, 24.18);
insert into STATION values (7596, '141j', 7218, 260138.19, 450209.04, 25.49);
insert into STATION values (7597, '141k', 7218, 260138.82, 450206.88, 23.68);
insert into STATION values (7598, '141l', 7218, 260137.90, 450204.42, 25.58);
insert into STATION values (7599, '141m', 7218, 260139.77, 450203.16, 23.71);
insert into STATION values (7600, '141n', 7218, 260137.17, 450196.49, 26.23);
insert into STATION values (7601, '141o', 7218, 260139.67, 450194.83, 23.26);
insert into STATION values (7602, '142', 7218, 260135.10, 450177.95, 23.43);
insert into STATION values (7603, '142a', 7218, 260129.83, 450177.77, 20.99);
insert into STATION values (7604, '142b', 7218, 260100.57, 450148.23, 25.42);
insert into STATION values (7605, '142c', 7218, 260109.89, 450168.79, 25.54);
insert into STATION values (7606, '142d', 7218, 260110.34, 450179.55, 21.26);
insert into STATION values (7607, '142e', 7218, 260112.63, 450179.66, 25.26);
insert into STATION values (7608, '142f', 7218, 260114.09, 450188.55, 25.47);
insert into STATION values (7609, '142g', 7218, 260112.05, 450192.25, 20.97);
insert into STATION values (7610, '142h', 7218, 260113.38, 450196.14, 24.88);
insert into STATION values (7611, '142i', 7218, 260112.02, 450197.59, 21.92);
insert into STATION values (7612, '142j', 7218, 260115.16, 450193.92, 27.10);
insert into STATION values (7613, '142k', 7218, 260118.46, 450186.55, 31.78);
insert into STATION values (7614, '142l', 7218, 260116.71, 450194.01, 33.58);
insert into STATION values (7615, '142m', 7218, 260113.17, 450200.74, 30.70);
insert into STATION values (7616, '142n', 7218, 260114.76, 450200.51, 36.48);
insert into STATION values (7617, '143', 7218, 260111.40, 450135.27, 23.94);
insert into STATION values (7618, '143a', 7218, 260115.46, 450140.74, 20.69);
insert into STATION values (7619, '143b', 7218, 260110.51, 450183.08, 22.18);
insert into STATION values (7620, '143c', 7218, 260111.08, 450150.71, 24.71);
insert into STATION values (7621, '143d', 7218, 260106.40, 450158.48, 26.32);
insert into STATION values (7622, '143e', 7218, 260102.55, 450157.49, 22.25);
insert into STATION values (7623, '143f', 7218, 260098.17, 450150.68, 22.86);
insert into STATION values (7624, '143g', 7218, 260100.64, 450143.83, 26.46);
insert into STATION values (7625, '143h', 7218, 260093.26, 450143.85, 24.22);
insert into STATION values (7626, '143i', 7218, 260098.79, 450140.68, 26.08);
insert into STATION values (7627, '143j', 7218, 260087.67, 450124.66, 22.77);
insert into STATION values (7628, '143k', 7218, 260095.16, 450123.74, 26.64);
insert into STATION values (7629, '143l', 7218, 260085.89, 450114.17, 22.75);
insert into STATION values (7630, '143m', 7218, 260086.02, 450104.10, 22.69);
insert into STATION values (7631, '143n', 7218, 260094.49, 450107.58, 27.79);
insert into STATION values (7632, '143o', 7218, 260087.78, 450094.06, 23.55);
insert into STATION values (7633, '143p', 7218, 260092.95, 450100.38, 27.02);
insert into STATION values (7634, '144', 7218, 260107.19, 450120.53, 23.79);
insert into STATION values (7635, '144a', 7218, 260103.17, 450122.66, 20.59);
insert into STATION values (7636, '144b', 7218, 260093.24, 450136.32, 21.76);
insert into STATION values (7637, '144c', 7218, 260095.80, 450133.08, 26.23);
insert into STATION values (7638, '144d', 7218, 260088.37, 450127.80, 21.25);
insert into STATION values (7639, '144e', 7218, 260094.46, 450123.53, 26.25);
insert into STATION values (7640, '144f', 7218, 260086.83, 450119.05, 22.26);
insert into STATION values (7641, '144g', 7218, 260095.54, 450118.30, 27.36);
insert into STATION values (7642, '144h', 7218, 260086.40, 450104.29, 22.01);
insert into STATION values (7643, '144i', 7218, 260094.11, 450109.82, 27.13);
insert into STATION values (7644, '0', 7222, 259159.75, 449129.15, 20.09);
insert into STATION values (7645, '1', 7222, 259164.00, 449125.00, 20.00);
insert into STATION values (7646, '2', 7222, 259155.70, 449136.33, 21.67);
insert into STATION values (7647, '3', 7222, 259154.65, 449141.04, 20.40);
insert into STATION values (7648, '4', 7222, 259153.29, 449147.58, 19.86);
insert into STATION values (7649, '5', 7222, 259156.04, 449154.39, 19.70);
insert into STATION values (7650, '6', 7222, 259159.56, 449162.15, 19.95);
insert into STATION values (7651, '7', 7222, 259162.39, 449173.34, 20.42);
insert into STATION values (7652, '8', 7222, 259165.43, 449179.74, 20.24);
insert into STATION values (7653, '9', 7222, 259166.09, 449187.60, 20.60);
insert into STATION values (7654, '10', 7222, 259165.97, 449196.95, 20.49);
insert into STATION values (7655, '11', 7222, 259171.93, 449209.56, 20.04);
insert into STATION values (7656, '12', 7222, 259174.97, 449220.28, 20.54);
insert into STATION values (7657, '13', 7222, 259173.33, 449228.53, 20.21);
insert into STATION values (7658, '14', 7222, 259178.95, 449235.10, 20.71);
insert into STATION values (7659, '15', 7222, 259176.84, 449235.46, 20.47);
insert into STATION values (7660, '16', 7222, 259167.83, 449235.26, 17.13);
insert into STATION values (7661, '17', 7222, 259179.41, 449241.02, 22.64);
insert into STATION values (7662, '18', 7222, 259179.75, 449247.68, 23.65);
insert into STATION values (7663, '19', 7222, 259181.48, 449254.77, 23.97);
insert into STATION values (7664, '20', 7222, 259186.38, 449268.83, 22.02);
insert into STATION values (7665, '21', 7222, 259186.32, 449275.14, 22.26);
insert into STATION values (7666, '22', 7222, 259187.84, 449284.40, 22.06);
insert into STATION values (7667, '23', 7222, 259190.81, 449291.79, 22.11);
insert into STATION values (7668, '24', 7222, 259194.52, 449300.92, 22.42);
insert into STATION values (7669, '25', 7222, 259197.63, 449312.52, 22.73);
insert into STATION values (7670, '26', 7222, 259199.20, 449321.53, 22.99);
insert into STATION values (7671, '27', 7222, 259203.86, 449327.95, 24.09);
insert into STATION values (7672, '28', 7222, 259204.91, 449341.84, 24.27);
insert into STATION values (7673, '29', 7222, 259205.74, 449348.68, 26.98);
insert into STATION values (7674, '30', 7222, 259205.49, 449357.39, 28.84);
insert into STATION values (7675, '31', 7222, 259207.46, 449360.61, 30.53);
insert into STATION values (7676, '32', 7222, 259211.23, 449365.22, 32.32);
insert into STATION values (7677, '33', 7222, 259213.60, 449374.71, 32.66);
insert into STATION values (7678, '34', 7222, 259210.48, 449387.41, 31.64);
insert into STATION values (7679, '35', 7222, 259210.78, 449400.86, 33.91);
insert into STATION values (7680, '37', 7222, 259210.02, 449413.67, 35.45);
insert into STATION values (7681, '38', 7222, 259215.53, 449424.03, 35.58);
insert into STATION values (7682, '39', 7222, 259222.26, 449431.12, 36.10);
insert into STATION values (7683, '40', 7222, 259230.08, 449439.70, 35.78);
insert into STATION values (7684, '41', 7222, 259235.60, 449447.62, 35.87);
insert into STATION values (7685, '42', 7222, 259238.20, 449451.93, 36.02);
insert into STATION values (7686, '43', 7222, 259242.06, 449458.80, 36.38);
insert into STATION values (7687, '44', 7222, 259244.09, 449466.62, 36.59);
insert into STATION values (7688, '45', 7222, 259248.38, 449475.64, 35.24);
insert into STATION values (7689, '46', 7222, 259248.05, 449481.94, 32.50);
insert into STATION values (7690, '47', 7222, 259249.55, 449486.12, 30.97);
insert into STATION values (7691, '48', 7222, 259249.15, 449490.19, 28.96);
insert into STATION values (7692, '49', 7222, 259250.12, 449492.75, 26.67);
insert into STATION values (7693, '50', 7222, 259254.66, 449496.76, 26.59);
insert into STATION values (7694, '51', 7222, 259257.89, 449502.43, 25.08);
insert into STATION values (7695, '52', 7222, 259260.17, 449508.31, 24.22);
insert into STATION values (7696, '53', 7222, 259262.35, 449510.82, 24.45);
insert into STATION values (7697, '54', 7222, 259262.69, 449515.53, 21.02);
insert into STATION values (7698, '55', 7222, 259263.91, 449521.46, 20.52);
insert into STATION values (7699, '56', 7222, 259270.39, 449527.48, 20.27);
insert into STATION values (7700, '57', 7222, 259275.13, 449542.31, 20.19);
insert into STATION values (7701, '58', 7222, 259281.64, 449552.84, 20.65);
insert into STATION values (7702, '59', 7222, 259290.63, 449561.78, 21.35);
insert into STATION values (7703, '60', 7222, 259295.67, 449573.12, 21.29);
insert into STATION values (7704, '100', 7222, 259294.69, 449577.38, 20.76);
insert into STATION values (7705, '101', 7222, 259288.58, 449583.00, 16.66);
insert into STATION values (7706, '61', 7222, 259305.38, 449580.54, 20.86);
insert into STATION values (7707, '62', 7222, 259310.80, 449586.62, 23.89);
insert into STATION values (7708, '63', 7222, 259320.59, 449586.28, 28.29);
insert into STATION values (7709, '64', 7222, 259320.88, 449593.69, 32.07);
insert into STATION values (7710, '65', 7222, 259323.98, 449599.59, 36.45);
insert into STATION values (7711, '66', 7222, 259334.24, 449602.20, 44.26);
insert into STATION values (7712, '67', 7222, 259336.03, 449609.83, 48.53);
insert into STATION values (7713, '68', 7222, 259344.12, 449603.68, 53.30);
insert into STATION values (7714, '69', 7222, 259346.91, 449595.15, 57.95);
insert into STATION values (7715, '70', 7222, 259348.42, 449601.05, 58.44);
insert into STATION values (7716, '71', 7222, 259349.10, 449605.21, 57.49);
insert into STATION values (7717, '0', 7229, 259722.48, 448909.15, 127.95);
insert into STATION values (7718, '0a', 7229, 259726.09, 448908.92, 127.77);
insert into STATION values (7719, '0b', 7229, 259723.06, 448907.88, 127.93);
insert into STATION values (7720, '0c', 7229, 259721.11, 448906.33, 127.73);
insert into STATION values (7721, '0d', 7229, 259717.16, 448907.56, 128.01);
insert into STATION values (7722, '0e', 7229, 259718.76, 448909.25, 128.08);
insert into STATION values (7723, '0f', 7229, 259720.39, 448910.13, 128.05);
insert into STATION values (7724, '0g', 7229, 259724.85, 448910.93, 128.22);
insert into STATION values (7725, '0h', 7229, 259723.37, 448911.44, 128.21);
insert into STATION values (7726, '0i', 7229, 259725.79, 448911.51, 130.53);
insert into STATION values (7727, '0j', 7229, 259724.09, 448913.55, 133.17);
insert into STATION values (7728, '0k', 7229, 259725.86, 448913.70, 135.05);
insert into STATION values (7729, '0l', 7229, 259724.70, 448899.47, 119.18);
insert into STATION values (7730, '0m', 7229, 259722.40, 448903.91, 123.18);
insert into STATION values (7731, '0n', 7229, 259726.14, 448902.53, 121.68);
insert into STATION values (7732, '0o', 7229, 259728.10, 448905.77, 123.55);
insert into STATION values (7733, '0p', 7229, 259720.93, 448905.35, 126.01);
insert into STATION values (7734, '1', 7229, 259720.85, 448904.58, 124.03);
insert into STATION values (7735, '1a', 7229, 259720.89, 448903.58, 123.66);
insert into STATION values (7736, '1b', 7229, 259720.69, 448905.79, 123.97);
insert into STATION values (7737, '1c', 7229, 259720.63, 448904.71, 125.10);
insert into STATION values (7738, '1d', 7229, 259720.41, 448903.98, 122.95);
insert into STATION values (7739, '2', 7229, 259716.49, 448903.47, 121.93);
insert into STATION values (7740, '2a', 7229, 259716.58, 448904.09, 121.85);
insert into STATION values (7741, '2b', 7229, 259716.48, 448903.12, 122.05);
insert into STATION values (7742, '2c', 7229, 259716.74, 448903.80, 123.38);
insert into STATION values (7743, '2d', 7229, 259716.12, 448903.78, 122.65);
insert into STATION values (7744, '2e', 7229, 259715.94, 448903.01, 119.17);
insert into STATION values (7745, '3', 7229, 259714.27, 448903.92, 121.12);
insert into STATION values (7746, '3a', 7229, 259713.93, 448902.46, 121.05);
insert into STATION values (7747, '3b', 7229, 259714.25, 448903.58, 122.39);
insert into STATION values (7748, '3c', 7229, 259714.24, 448903.62, 119.76);
insert into STATION values (7749, '3d', 7229, 259714.17, 448904.25, 121.13);
insert into STATION values (7750, '4', 7229, 259714.39, 448897.08, 113.93);
insert into STATION values (7751, '4a', 7229, 259713.05, 448898.73, 116.98);
insert into STATION values (7752, '4b', 7229, 259713.60, 448900.44, 118.56);
insert into STATION values (7753, '4c', 7229, 259712.94, 448903.31, 121.80);
insert into STATION values (7754, '4d', 7229, 259713.89, 448903.71, 121.23);
insert into STATION values (7755, '4e', 7229, 259713.29, 448897.42, 114.85);
insert into STATION values (7756, '4f', 7229, 259717.94, 448901.13, 117.72);
insert into STATION values (7757, '4g', 7229, 259718.23, 448898.84, 115.17);
insert into STATION values (7758, '4h', 7229, 259720.34, 448898.66, 116.06);
insert into STATION values (7759, '4i', 7229, 259719.92, 448897.04, 114.52);
insert into STATION values (7760, '4j', 7229, 259720.27, 448898.62, 110.70);
insert into STATION values (7761, '4k', 7229, 259720.79, 448893.86, 111.34);
insert into STATION values (7762, '4l', 7229, 259721.69, 448899.52, 109.44);
insert into STATION values (7763, '5', 7229, 259717.96, 448893.11, 110.05);
insert into STATION values (7764, '5a', 7229, 259721.61, 448893.43, 111.44);
insert into STATION values (7765, '5b', 7229, 259718.06, 448893.08, 111.59);
insert into STATION values (7766, '5c', 7229, 259713.03, 448892.48, 110.11);
insert into STATION values (7767, '5d', 7229, 259718.17, 448892.20, 108.53);
insert into STATION values (7768, '5e', 7229, 259721.54, 448898.75, 117.95);
insert into STATION values (7769, '5f', 7229, 259713.63, 448898.22, 114.60);
insert into STATION values (7770, '5g', 7229, 259714.11, 448894.66, 111.56);
insert into STATION values (7771, '5h', 7229, 259713.95, 448891.35, 109.47);
insert into STATION values (7772, '5i', 7229, 259714.04, 448889.77, 108.25);
insert into STATION values (7773, '5j', 7229, 259719.84, 448890.73, 108.83);
insert into STATION values (7774, '5k', 7229, 259721.67, 448891.70, 109.76);
insert into STATION values (7775, '5l', 7229, 259718.24, 448886.96, 105.48);
insert into STATION values (7776, '5m', 7229, 259718.00, 448888.71, 106.81);
insert into STATION values (7777, '5n', 7229, 259718.17, 448886.94, 105.48);
insert into STATION values (7778, '6', 7229, 259711.27, 448893.46, 110.55);
insert into STATION values (7779, '6a', 7229, 259711.20, 448891.96, 109.89);
insert into STATION values (7780, '6b', 7229, 259711.49, 448893.19, 109.28);
insert into STATION values (7781, '6c', 7229, 259711.22, 448893.50, 110.96);
insert into STATION values (7782, '6d', 7229, 259708.44, 448897.55, 112.58);
insert into STATION values (7783, '6e', 7229, 259710.03, 448890.17, 108.94);
insert into STATION values (7784, '6f', 7229, 259708.98, 448891.78, 109.95);
insert into STATION values (7785, '6g', 7229, 259708.25, 448893.41, 111.30);
insert into STATION values (7786, '6h', 7229, 259707.65, 448894.61, 112.10);
insert into STATION values (7787, '6i', 7229, 259706.21, 448897.41, 112.51);
insert into STATION values (7788, '6j', 7229, 259708.81, 448898.00, 112.88);
insert into STATION values (7789, '6k', 7229, 259710.47, 448896.12, 112.04);
insert into STATION values (7790, '7', 7229, 259707.59, 448898.03, 112.70);
insert into STATION values (7791, '7a', 7229, 259707.64, 448897.78, 113.36);
insert into STATION values (7792, '7b', 7229, 259705.75, 448897.09, 112.93);
insert into STATION values (7793, '7c', 7229, 259708.31, 448898.43, 112.98);
insert into STATION values (7794, '7d', 7229, 259707.39, 448897.75, 112.30);
insert into STATION values (7795, '7e', 7229, 259705.91, 448900.49, 114.10);
insert into STATION values (7796, '7f', 7229, 259706.88, 448900.66, 114.15);
insert into STATION values (7797, '7g', 7229, 259704.07, 448899.33, 113.31);
insert into STATION values (7798, '8', 7229, 259704.79, 448900.02, 113.84);
insert into STATION values (7799, '8a', 7229, 259707.17, 448900.60, 114.26);
insert into STATION values (7800, '8b', 7229, 259704.89, 448899.96, 114.57);
insert into STATION values (7801, '8c', 7229, 259703.95, 448900.18, 113.00);
insert into STATION values (7802, '8d', 7229, 259703.26, 448899.82, 113.63);
insert into STATION values (7803, '9', 7229, 259701.06, 448900.17, 112.34);
insert into STATION values (7804, '9a', 7229, 259700.40, 448900.62, 112.43);
insert into STATION values (7805, '9b', 7229, 259702.25, 448898.32, 112.13);
insert into STATION values (7806, '9c', 7229, 259701.05, 448900.13, 112.05);
insert into STATION values (7807, '9d', 7229, 259697.80, 448896.59, 109.80);
insert into STATION values (7808, '9e', 7229, 259698.82, 448898.71, 110.93);
insert into STATION values (7809, '9f', 7229, 259701.74, 448901.17, 113.14);
insert into STATION values (7810, '9g', 7229, 259702.24, 448900.94, 113.39);
insert into STATION values (7811, '9h', 7229, 259702.81, 448900.78, 113.50);
insert into STATION values (7812, '9i', 7229, 259701.26, 448900.09, 112.35);
insert into STATION values (7813, '9j', 7229, 259702.87, 448899.84, 113.06);
insert into STATION values (7814, '10', 7229, 259700.35, 448897.10, 110.62);
insert into STATION values (7815, '10a', 7229, 259698.84, 448898.71, 110.97);
insert into STATION values (7816, '10b', 7229, 259700.07, 448897.26, 109.35);
insert into STATION values (7817, '10c', 7229, 259701.06, 448896.47, 110.62);
insert into STATION values (7818, '10d', 7229, 259698.59, 448900.23, 111.94);
insert into STATION values (7819, '10e', 7229, 259698.43, 448900.24, 111.83);
insert into STATION values (7820, '10f', 7229, 259698.74, 448895.30, 110.17);
insert into STATION values (7821, '10g', 7229, 259698.72, 448895.33, 110.21);
insert into STATION values (7822, '11', 7229, 259698.68, 448895.42, 110.16);
insert into STATION values (7823, '12', 7229, 259698.88, 448894.81, 109.93);
insert into STATION values (7824, '1', 7234, 260154.67, 449671.56, 95.35);
insert into STATION values (7825, '2', 7234, 260170.31, 449678.94, 95.37);
insert into STATION values (7826, '-', 7234, 260174.16, 449662.41, 96.53);
insert into STATION values (7827, '-', 7234, 260164.03, 449692.23, 95.42);
insert into STATION values (7828, '-', 7234, 260169.70, 449678.98, 102.07);
insert into STATION values (7829, '-', 7234, 260170.24, 449678.92, 94.72);
insert into STATION values (7830, '3', 7234, 260186.30, 449689.01, 97.66);
insert into STATION values (7831, '-', 7234, 260202.95, 449676.14, 111.11);
insert into STATION values (7832, '-', 7234, 260177.31, 449709.30, 97.46);
insert into STATION values (7833, '-', 7234, 260187.97, 449689.44, 104.98);
insert into STATION values (7834, '-', 7234, 260186.24, 449688.96, 96.44);
insert into STATION values (7835, '4', 7234, 260188.92, 449698.85, 98.14);
insert into STATION values (7836, '5', 7234, 260204.95, 449724.20, 95.99);
insert into STATION values (7837, '-', 7234, 260175.98, 449708.60, 96.86);
insert into STATION values (7838, '-', 7234, 260213.50, 449686.65, 110.01);
insert into STATION values (7839, '-', 7234, 260189.24, 449698.96, 104.44);
insert into STATION values (7840, '-', 7234, 260190.26, 449698.28, 96.49);
insert into STATION values (7841, '-', 7234, 260231.23, 449702.84, 112.36);
insert into STATION values (7842, '-', 7234, 260194.87, 449730.92, 96.43);
insert into STATION values (7843, '-', 7234, 260205.07, 449724.86, 99.71);
insert into STATION values (7844, '-', 7234, 260205.58, 449723.90, 94.33);
insert into STATION values (7845, '6', 7234, 260212.52, 449734.70, 94.83);
insert into STATION values (7846, '-', 7234, 260221.51, 449727.03, 98.97);
insert into STATION values (7847, '-', 7234, 260208.83, 449741.77, 95.74);
insert into STATION values (7848, '-', 7234, 260212.67, 449735.28, 99.39);
insert into STATION values (7849, '-', 7234, 260212.32, 449734.63, 93.97);
insert into STATION values (7850, '-', 7234, 260208.73, 449741.40, 94.87);
insert into STATION values (7851, '-', 7234, 260208.79, 449740.66, 97.56);
insert into STATION values (7852, '-', 7234, 260211.55, 449745.65, 93.40);
insert into STATION values (7853, '-', 7234, 260211.94, 449735.52, 93.94);
insert into STATION values (7854, '-', 7234, 260211.57, 449736.03, 93.95);
insert into STATION values (7855, '-', 7234, 260210.51, 449737.43, 93.26);
insert into STATION values (7856, '-', 7234, 260209.79, 449738.28, 93.23);
insert into STATION values (7857, '-', 7234, 260209.14, 449739.03, 93.29);
insert into STATION values (7858, '-', 7234, 260208.52, 449739.75, 93.32);
insert into STATION values (7859, '-', 7234, 260208.31, 449740.23, 93.92);
insert into STATION values (7860, '-', 7234, 260207.82, 449740.89, 94.33);
insert into STATION values (7861, '-', 7234, 260208.13, 449741.14, 96.20);
insert into STATION values (7862, '-', 7234, 260208.30, 449740.81, 97.26);
insert into STATION values (7863, '-', 7234, 260209.23, 449739.42, 97.79);
insert into STATION values (7864, '-', 7234, 260210.46, 449737.70, 98.36);
insert into STATION values (7865, '-', 7234, 260211.63, 449736.34, 98.52);
insert into STATION values (7866, '-', 7234, 260212.45, 449735.50, 99.24);
insert into STATION values (7867, '-', 7234, 260214.33, 449733.21, 100.04);
insert into STATION values (7868, '-', 7234, 260216.27, 449731.65, 101.33);
insert into STATION values (7869, '-', 7234, 260217.07, 449731.03, 100.57);
insert into STATION values (7870, '-', 7234, 260218.15, 449730.01, 99.90);
insert into STATION values (7871, '-', 7234, 260218.93, 449729.02, 99.90);
insert into STATION values (7872, '-', 7234, 260223.09, 449724.67, 101.14);
insert into STATION values (7873, '-', 7234, 260221.23, 449726.58, 99.28);
insert into STATION values (7874, '-', 7234, 260221.33, 449726.77, 97.74);
insert into STATION values (7875, '-', 7234, 260219.35, 449728.53, 96.59);
insert into STATION values (7876, '-', 7234, 260217.83, 449729.89, 95.52);
insert into STATION values (7877, '-', 7234, 260216.81, 449730.87, 94.63);
insert into STATION values (7878, '-', 7234, 260216.00, 449731.60, 94.03);
insert into STATION values (7879, '-', 7234, 260214.84, 449732.64, 94.03);
insert into STATION values (7880, '-', 7234, 260213.98, 449733.40, 93.95);
insert into STATION values (7881, '-', 7234, 260213.41, 449733.88, 93.94);
insert into STATION values (7882, '-', 7234, 260212.87, 449734.37, 93.91);
insert into STATION values (7883, '-', 7234, 260230.63, 449712.96, 107.55);
insert into STATION values (7884, '-', 7234, 260231.64, 449712.32, 109.25);
insert into STATION values (7885, '7', 7234, 260227.05, 449739.93, 96.45);
insert into STATION values (7886, '-', 7234, 260216.05, 449777.57, 95.91);
insert into STATION values (7887, '-', 7234, 260241.58, 449706.84, 117.15);
insert into STATION values (7888, '-', 7234, 260227.50, 449739.88, 101.40);
insert into STATION values (7889, '-', 7234, 260227.28, 449739.99, 95.61);
insert into STATION values (7890, '8', 7234, 260231.11, 449766.44, 95.05);
insert into STATION values (7891, '-', 7234, 260216.17, 449759.31, 95.97);
insert into STATION values (7892, '-', 7234, 260236.11, 449770.24, 95.40);
insert into STATION values (7893, '-', 7234, 260230.88, 449766.67, 98.46);
insert into STATION values (7894, '-', 7234, 260230.81, 449766.81, 93.82);
insert into STATION values (7895, '9', 7234, 260214.81, 449781.32, 97.72);
insert into STATION values (7896, '-', 7234, 260211.99, 449778.90, 98.07);
insert into STATION values (7897, '-', 7234, 260222.98, 449787.54, 99.14);
insert into STATION values (7898, '-', 7234, 260215.09, 449781.71, 102.80);
insert into STATION values (7899, '-', 7234, 260216.08, 449783.05, 96.53);
insert into STATION values (7900, '10', 7234, 260209.39, 449788.75, 101.93);
insert into STATION values (7901, '-', 7234, 260207.65, 449787.92, 104.19);
insert into STATION values (7902, '-', 7234, 260210.37, 449790.57, 102.08);
insert into STATION values (7903, '-', 7234, 260209.35, 449789.03, 105.88);
insert into STATION values (7904, '-', 7234, 260209.20, 449788.84, 99.95);
insert into STATION values (7905, '11', 7234, 260209.98, 449797.14, 108.20);
insert into STATION values (7906, '-', 7234, 260201.77, 449802.85, 109.41);
insert into STATION values (7907, '-', 7234, 260215.34, 449790.54, 108.84);
insert into STATION values (7908, '-', 7234, 260210.34, 449797.91, 115.63);
insert into STATION values (7909, '-', 7234, 260208.48, 449798.19, 106.53);
insert into STATION values (7910, '12', 7234, 260212.27, 449802.91, 112.58);
insert into STATION values (7911, '-', 7234, 260203.67, 449805.12, 113.03);
insert into STATION values (7912, '-', 7234, 260223.84, 449801.68, 115.57);
insert into STATION values (7913, '-', 7234, 260212.10, 449803.95, 122.27);
insert into STATION values (7914, '-', 7234, 260212.30, 449803.93, 111.58);
insert into STATION values (7915, '-', 7234, 260203.25, 449804.18, 113.88);
insert into STATION values (7916, '-', 7234, 260235.42, 449799.95, 122.68);
insert into STATION values (7917, '-', 7234, 260212.00, 449808.62, 126.59);
insert into STATION values (7918, '-', 7234, 260212.98, 449803.56, 111.61);
insert into STATION values (7919, '13', 7234, 260222.03, 449811.22, 119.54);
insert into STATION values (7920, '-', 7234, 260209.48, 449815.67, 121.34);
insert into STATION values (7921, '-', 7234, 260252.64, 449798.73, 124.13);
insert into STATION values (7922, '-', 7234, 260222.17, 449810.97, 134.53);
insert into STATION values (7923, '-', 7234, 260219.51, 449810.79, 117.53);
insert into STATION values (7924, '-', 7234, 260222.39, 449814.16, 120.54);
insert into STATION values (7925, '14', 7234, 260224.13, 449820.52, 124.61);
insert into STATION values (7926, '-', 7234, 260213.00, 449822.17, 128.75);
insert into STATION values (7927, '-', 7234, 260228.52, 449820.51, 125.18);
insert into STATION values (7928, '-', 7234, 260224.25, 449820.65, 127.41);
insert into STATION values (7929, '-', 7234, 260225.30, 449820.10, 121.67);
insert into STATION values (7930, '15', 7234, 260210.51, 449835.54, 115.03);
insert into STATION values (7931, '-', 7234, 260219.81, 449834.45, 116.31);
insert into STATION values (7932, '-', 7234, 260213.59, 449835.58, 127.44);
insert into STATION values (7933, '-', 7234, 260210.74, 449835.38, 113.67);
insert into STATION values (7934, '16', 7234, 260219.80, 449849.89, 109.74);
insert into STATION values (7935, '-', 7234, 260218.72, 449837.99, 131.14);
insert into STATION values (7936, '-', 7234, 260218.41, 449837.39, 131.02);
insert into STATION values (7937, '-', 7234, 260209.57, 449853.09, 109.72);
insert into STATION values (7938, '-', 7234, 260219.47, 449849.93, 126.67);
insert into STATION values (7939, '-', 7234, 260219.80, 449849.89, 108.11);
insert into STATION values (7940, '17', 7234, 260204.79, 449863.93, 102.34);
insert into STATION values (7941, '-', 7234, 260216.79, 449868.21, 106.06);
insert into STATION values (7942, '-', 7234, 260204.59, 449864.04, 98.75);
insert into STATION values (7943, '-', 7234, 260226.29, 449877.69, 141.80);
insert into STATION values (7944, '-', 7234, 260225.70, 449879.53, 141.31);
insert into STATION values (7945, '-', 7234, 260202.10, 449906.67, 104.36);
insert into STATION values (7946, '18', 7234, 260209.51, 449877.06, 102.17);
insert into STATION values (7947, '19', 7234, 260205.87, 449890.17, 93.43);
insert into STATION values (7948, '-', 7234, 260219.77, 449898.00, 101.91);
insert into STATION values (7949, '-', 7234, 260206.45, 449890.94, 103.81);
insert into STATION values (7950, '-', 7234, 260204.89, 449890.32, 91.68);
insert into STATION values (7951, '-', 7234, 260199.90, 449873.22, 99.83);
insert into STATION values (7952, '20', 7234, 260197.01, 449883.24, 87.14);
insert into STATION values (7953, '-', 7234, 260208.67, 449888.56, 94.01);
insert into STATION values (7954, '-', 7234, 260196.98, 449883.06, 84.56);
insert into STATION values (7955, '-', 7234, 260209.97, 449888.17, 96.01);
insert into STATION values (7956, '-', 7234, 260196.43, 449882.45, 85.17);
insert into STATION values (7957, '-', 7234, 260200.49, 449884.82, 88.59);
insert into STATION values (7958, '-', 7234, 260195.48, 449882.90, 83.11);
insert into STATION values (7959, '21', 7234, 260195.64, 449882.92, 83.40);
insert into STATION values (7960, '-', 7234, 260194.98, 449882.61, 83.40);
insert into STATION values (7961, '-', 7234, 260195.67, 449882.94, 85.05);
insert into STATION values (7962, '-', 7234, 260195.35, 449882.73, 82.80);
insert into STATION values (7963, '-', 7234, 260195.06, 449882.39, 83.48);
insert into STATION values (7964, '-', 7234, 260195.63, 449882.89, 85.04);
insert into STATION values (7965, '-', 7234, 260196.17, 449883.42, 84.26);
insert into STATION values (7966, '-', 7234, 260195.47, 449882.93, 83.00);
insert into STATION values (7967, '22', 7234, 260195.26, 449883.78, 83.27);
insert into STATION values (7968, '-', 7234, 260194.57, 449883.56, 83.23);
insert into STATION values (7969, '-', 7234, 260195.11, 449883.60, 83.72);
insert into STATION values (7970, '-', 7234, 260195.27, 449883.81, 81.94);
insert into STATION values (7971, '23', 7234, 260194.36, 449883.92, 81.89);
insert into STATION values (7972, '-', 7234, 260196.02, 449883.94, 82.57);
insert into STATION values (7973, '-', 7234, 260194.37, 449883.97, 82.21);
insert into STATION values (7974, '-', 7234, 260194.34, 449883.91, 81.17);
insert into STATION values (7975, '24', 7234, 260194.69, 449887.01, 81.68);
insert into STATION values (7976, '-', 7234, 260195.95, 449886.86, 81.82);
insert into STATION values (7977, '-', 7234, 260194.85, 449886.72, 83.10);
insert into STATION values (7978, '-', 7234, 260194.11, 449886.91, 81.69);
insert into STATION values (7979, '-', 7234, 260194.54, 449886.52, 81.12);
insert into STATION values (7980, '25', 7234, 260196.47, 449889.67, 82.23);
insert into STATION values (7981, '-', 7234, 260196.12, 449889.73, 82.24);
insert into STATION values (7982, '-', 7234, 260196.10, 449889.65, 82.66);
insert into STATION values (7983, '-', 7234, 260195.91, 449889.60, 80.94);
insert into STATION values (7984, '26', 7234, 260196.92, 449893.92, 78.02);
insert into STATION values (7985, '-', 7234, 260198.09, 449891.60, 78.42);
insert into STATION values (7986, '-', 7234, 260197.20, 449893.73, 79.72);
insert into STATION values (7987, '-', 7234, 260198.00, 449891.93, 75.83);
insert into STATION values (7988, '27', 7234, 260201.94, 449891.82, 75.49);
insert into STATION values (7989, '-', 7234, 260197.99, 449893.56, 76.17);
insert into STATION values (7990, '-', 7234, 260199.74, 449891.56, 77.33);
insert into STATION values (7991, '-', 7234, 260201.93, 449891.83, 74.06);
insert into STATION values (7992, '-', 7234, 260203.48, 449891.28, 74.87);
insert into STATION values (7993, '28', 7234, 260199.96, 449901.88, 66.85);
insert into STATION values (7994, '-', 7234, 260197.31, 449901.41, 67.05);
insert into STATION values (7995, '-', 7234, 260201.61, 449902.34, 67.65);
insert into STATION values (7996, '-', 7234, 260199.97, 449902.02, 69.12);
insert into STATION values (7997, '-', 7234, 260199.02, 449901.63, 65.64);
insert into STATION values (7998, '-', 7234, 260194.65, 449901.20, 66.22);
insert into STATION values (7999, '-', 7234, 260204.14, 449903.31, 67.97);
insert into STATION values (8000, '-', 7234, 260199.29, 449902.08, 69.25);
insert into STATION values (8001, '-', 7234, 260199.21, 449901.75, 65.23);
insert into STATION values (8002, '29', 7234, 260192.85, 449913.87, 58.34);
insert into STATION values (8003, '30', 7234, 260198.36, 449926.67, 59.83);
insert into STATION values (8004, '-', 7234, 260208.06, 449929.14, 63.30);
insert into STATION values (8005, '-', 7234, 260197.64, 449927.25, 67.91);
insert into STATION values (8006, '-', 7234, 260193.42, 449925.28, 55.33);
insert into STATION values (8007, '-', 7234, 260195.54, 449926.59, 58.06);
insert into STATION values (8008, '-', 7234, 260194.20, 449926.70, 57.85);
insert into STATION values (8009, '-', 7234, 260175.06, 449927.73, 51.58);
insert into STATION values (8010, '-', 7234, 260174.20, 449927.47, 55.27);
insert into STATION values (8011, '-', 7234, 260174.51, 449927.42, 58.42);
insert into STATION values (8012, '-', 7234, 260177.81, 449927.18, 61.02);
insert into STATION values (8013, '-', 7234, 260182.65, 449926.97, 61.68);
insert into STATION values (8014, '-', 7234, 260186.04, 449926.82, 62.66);
insert into STATION values (8015, '-', 7234, 260187.25, 449927.02, 63.62);
insert into STATION values (8016, '-', 7234, 260188.66, 449926.93, 64.40);
insert into STATION values (8017, '-', 7234, 260189.74, 449926.93, 65.10);
insert into STATION values (8018, '-', 7234, 260191.05, 449926.92, 66.31);
insert into STATION values (8019, '-', 7234, 260193.33, 449926.82, 65.99);
insert into STATION values (8020, '-', 7234, 260194.94, 449926.77, 66.08);
insert into STATION values (8021, '-', 7234, 260196.30, 449926.77, 64.60);
insert into STATION values (8022, '-', 7234, 260197.48, 449926.95, 63.97);
insert into STATION values (8023, '-', 7234, 260197.91, 449927.07, 63.03);
insert into STATION values (8024, '-', 7234, 260198.24, 449927.12, 62.34);
insert into STATION values (8025, '-', 7234, 260198.77, 449927.21, 62.02);
insert into STATION values (8026, '-', 7234, 260199.24, 449927.01, 61.61);
insert into STATION values (8027, '-', 7234, 260200.59, 449927.35, 61.91);
insert into STATION values (8028, '-', 7234, 260201.12, 449927.47, 61.62);
insert into STATION values (8029, '-', 7234, 260202.57, 449927.25, 61.15);
insert into STATION values (8030, '-', 7234, 260202.63, 449927.28, 60.21);
insert into STATION values (8031, '-', 7234, 260202.14, 449927.24, 59.20);
insert into STATION values (8032, '-', 7234, 260201.77, 449927.17, 58.68);
insert into STATION values (8033, '-', 7234, 260201.08, 449927.20, 58.60);
insert into STATION values (8034, '-', 7234, 260200.38, 449927.04, 58.20);
insert into STATION values (8035, '-', 7234, 260199.71, 449926.78, 58.10);
insert into STATION values (8036, '-', 7234, 260199.09, 449926.67, 58.18);
insert into STATION values (8037, '31', 7234, 260184.92, 449917.05, 50.66);
insert into STATION values (8038, '-', 7234, 260177.24, 449913.29, 51.19);
insert into STATION values (8039, '-', 7234, 260187.26, 449919.09, 51.31);
insert into STATION values (8040, '-', 7234, 260183.23, 449919.17, 63.99);
insert into STATION values (8041, '-', 7234, 260184.63, 449918.12, 48.70);
insert into STATION values (8042, '-', 7234, 260174.99, 449913.18, 52.21);
insert into STATION values (8043, '-', 7234, 260184.78, 449918.84, 65.87);
insert into STATION values (8044, '-', 7234, 260192.00, 449923.38, 54.59);
insert into STATION values (8045, '-', 7234, 260186.20, 449918.36, 49.10);
insert into STATION values (8046, '32', 7234, 260184.58, 449933.23, 44.86);
insert into STATION values (8047, '-', 7234, 260193.49, 449933.84, 44.74);
insert into STATION values (8048, '-', 7234, 260184.53, 449936.53, 61.79);
insert into STATION values (8049, '-', 7234, 260190.25, 449931.80, 41.35);
insert into STATION values (8050, '-', 7234, 260184.01, 449933.33, 45.01);
insert into STATION values (8051, '33', 7234, 260194.19, 449942.68, 41.87);
insert into STATION values (8052, '-', 7234, 260188.62, 449944.63, 44.56);
insert into STATION values (8053, '-', 7234, 260190.80, 449946.74, 64.44);
insert into STATION values (8054, '-', 7234, 260195.00, 449942.74, 42.15);
insert into STATION values (8055, '-', 7234, 260194.27, 449943.71, 40.31);
insert into STATION values (8056, '-', 7234, 260178.01, 449950.46, 59.15);
insert into STATION values (8057, '-', 7234, 260195.19, 449943.06, 45.51);
insert into STATION values (8058, '-', 7234, 260195.01, 449942.82, 41.97);
insert into STATION values (8059, '-', 7234, 260192.72, 449944.29, 40.25);
insert into STATION values (8060, '34', 7234, 260195.30, 449952.07, 41.54);
insert into STATION values (8061, '-', 7234, 260194.64, 449952.23, 41.81);
insert into STATION values (8062, '-', 7234, 260196.69, 449952.46, 41.90);
insert into STATION values (8063, '-', 7234, 260193.68, 449953.88, 65.84);
insert into STATION values (8064, '-', 7234, 260196.40, 449952.70, 40.49);
insert into STATION values (8065, '-', 7234, 260187.18, 449952.81, 47.64);
insert into STATION values (8066, '-', 7234, 260196.73, 449952.62, 42.84);
insert into STATION values (8067, '-', 7234, 260195.45, 449954.84, 66.66);
insert into STATION values (8068, '-', 7234, 260196.27, 449952.21, 40.61);
insert into STATION values (8069, '35', 7234, 260190.68, 449971.28, 42.10);
insert into STATION values (8070, '-', 7234, 260189.08, 449970.90, 42.41);
insert into STATION values (8071, '-', 7234, 260196.63, 449973.49, 43.03);
insert into STATION values (8072, '-', 7234, 260190.42, 449971.56, 62.12);
insert into STATION values (8073, '-', 7234, 260189.90, 449969.87, 39.63);
insert into STATION values (8074, '-', 7234, 260186.08, 449985.54, 42.99);
insert into STATION values (8075, '36', 7234, 260187.05, 449992.33, 41.20);
insert into STATION values (8076, '-', 7234, 260193.67, 449991.63, 41.90);
insert into STATION values (8077, '-', 7234, 260192.48, 449993.62, 61.34);
insert into STATION values (8078, '-', 7234, 260187.60, 449992.43, 39.27);
insert into STATION values (8079, '-', 7234, 260204.16, 449992.12, 45.95);
insert into STATION values (8080, '-', 7234, 260197.09, 449995.58, 62.01);
insert into STATION values (8081, '-', 7234, 260189.57, 449992.51, 39.52);
insert into STATION values (8082, '37', 7234, 260193.81, 450012.54, 41.91);
insert into STATION values (8083, '-', 7234, 260191.26, 450012.99, 41.88);
insert into STATION values (8084, '-', 7234, 260214.98, 450012.02, 54.19);
insert into STATION values (8085, '-', 7234, 260195.95, 450011.44, 60.99);
insert into STATION values (8086, '-', 7234, 260193.15, 450012.73, 41.02);
insert into STATION values (8087, '38', 7234, 260196.09, 450020.60, 43.19);
insert into STATION values (8088, '-', 7234, 260199.64, 450018.77, 44.01);
insert into STATION values (8089, '-', 7234, 260198.52, 450019.20, 61.07);
insert into STATION values (8090, '-', 7234, 260196.07, 450020.15, 41.42);
insert into STATION values (8091, '-', 7234, 260211.69, 450013.59, 49.75);
insert into STATION values (8092, '-', 7234, 260202.47, 450019.79, 62.86);
insert into STATION values (8093, '-', 7234, 260196.53, 450020.21, 41.62);
insert into STATION values (8094, '39', 7234, 260202.07, 450022.06, 43.98);
insert into STATION values (8095, '-', 7234, 260196.60, 450034.82, 47.80);
insert into STATION values (8096, '-', 7234, 260210.50, 450015.50, 45.80);
insert into STATION values (8097, '-', 7234, 260202.12, 450021.97, 43.01);
insert into STATION values (8098, '-', 7234, 260204.82, 450023.87, 66.25);
insert into STATION values (8099, '-', 7234, 260201.86, 450022.31, 44.09);
insert into STATION values (8100, '-', 7234, 260208.90, 450018.77, 42.67);
insert into STATION values (8101, '-', 7234, 260203.94, 450023.25, 40.90);
insert into STATION values (8102, '-', 7234, 260206.80, 450023.54, 62.98);
insert into STATION values (8103, '40', 7234, 260210.62, 450036.27, 39.10);
insert into STATION values (8104, '-', 7234, 260203.10, 450034.37, 40.53);
insert into STATION values (8105, '-', 7234, 260212.92, 450036.50, 39.12);
insert into STATION values (8106, '-', 7234, 260212.47, 450033.42, 61.60);
insert into STATION values (8107, '-', 7234, 260210.90, 450037.26, 37.88);
insert into STATION values (8108, '-', 7234, 260215.09, 450035.60, 37.01);
insert into STATION values (8109, '-', 7234, 260198.05, 450039.29, 56.44);
insert into STATION values (8110, '-', 7234, 260216.36, 450019.97, 55.38);
insert into STATION values (8111, '-', 7234, 260216.62, 450021.64, 55.08);
insert into STATION values (8112, '41', 7234, 260210.78, 450052.38, 45.60);
insert into STATION values (8113, '42', 7234, 260210.14, 450053.77, 45.93);
insert into STATION values (8114, '-', 7234, 260212.21, 450055.14, 46.29);
insert into STATION values (8115, '-', 7234, 260211.55, 450054.51, 50.53);
insert into STATION values (8116, '-', 7234, 260211.30, 450054.59, 45.07);
insert into STATION values (8117, '-', 7234, 260210.15, 450054.08, 45.71);
insert into STATION values (8118, '43', 7234, 260211.10, 450063.75, 38.54);
insert into STATION values (8119, '-', 7234, 260207.08, 450063.16, 40.03);
insert into STATION values (8120, '-', 7234, 260213.20, 450064.64, 38.77);
insert into STATION values (8121, '-', 7234, 260210.56, 450064.49, 43.62);
insert into STATION values (8122, '-', 7234, 260211.19, 450063.62, 38.36);
insert into STATION values (8123, '44', 7234, 260206.68, 450070.32, 37.55);
insert into STATION values (8124, '-', 7234, 260206.10, 450070.48, 43.20);
insert into STATION values (8125, '-', 7234, 260207.05, 450069.71, 37.00);
insert into STATION values (8126, '-', 7234, 260204.78, 450071.03, 36.95);
insert into STATION values (8127, '-', 7234, 260209.53, 450069.97, 37.58);
insert into STATION values (8128, '-', 7234, 260208.47, 450070.54, 38.85);
insert into STATION values (8129, '-', 7234, 260206.64, 450070.36, 36.03);
insert into STATION values (8130, '45', 7234, 260215.49, 450084.15, 35.94);
insert into STATION values (8131, '-', 7234, 260224.30, 450097.98, 34.34);
insert into STATION values (8132, '-', 7234, 260209.95, 450085.84, 36.07);
insert into STATION values (8133, '-', 7234, 260215.49, 450084.21, 38.17);
insert into STATION values (8134, '-', 7234, 260215.37, 450084.07, 35.30);
insert into STATION values (8135, '-', 7234, 260209.73, 450085.53, 36.84);
insert into STATION values (8136, '-', 7234, 260215.62, 450084.38, 38.19);
insert into STATION values (8137, '-', 7234, 260215.24, 450083.95, 34.80);
insert into STATION values (8138, '46', 7234, 260213.00, 450088.96, 32.92);
insert into STATION values (8139, '-', 7234, 260208.45, 450088.09, 33.20);
insert into STATION values (8140, '-', 7234, 260218.50, 450088.69, 33.09);
insert into STATION values (8141, '-', 7234, 260212.57, 450092.68, 42.99);
insert into STATION values (8142, '-', 7234, 260213.90, 450089.46, 32.05);
insert into STATION values (8143, '-', 7234, 260209.37, 450112.94, 36.42);
insert into STATION values (8144, '-', 7234, 260210.51, 450108.09, 38.23);
insert into STATION values (8145, '-', 7234, 260211.35, 450103.86, 40.07);
insert into STATION values (8146, '-', 7234, 260212.54, 450099.56, 40.55);
insert into STATION values (8147, '-', 7234, 260212.51, 450097.18, 41.51);
insert into STATION values (8148, '-', 7234, 260212.38, 450098.50, 45.84);
insert into STATION values (8149, '-', 7234, 260212.56, 450096.08, 46.80);
insert into STATION values (8150, '-', 7234, 260213.01, 450093.05, 43.30);
insert into STATION values (8151, '-', 7234, 260212.97, 450090.63, 38.73);
insert into STATION values (8152, '-', 7234, 260212.90, 450089.85, 38.03);
insert into STATION values (8153, '-', 7234, 260212.69, 450088.94, 37.52);
insert into STATION values (8154, '-', 7234, 260212.37, 450087.67, 37.40);
insert into STATION values (8155, '-', 7234, 260210.53, 450086.76, 37.19);
insert into STATION values (8156, '-', 7234, 260211.74, 450087.98, 34.62);
insert into STATION values (8157, '-', 7234, 260211.82, 450087.84, 33.96);
insert into STATION values (8158, '-', 7234, 260211.84, 450087.77, 33.35);
insert into STATION values (8159, '-', 7234, 260213.11, 450088.85, 37.36);
insert into STATION values (8160, '-', 7234, 260210.21, 450111.38, 37.31);
insert into STATION values (8161, '47', 7234, 260242.86, 450101.82, 33.71);
insert into STATION values (8162, '50', 7234, 260142.77, 450120.62, 35.37);
insert into STATION values (8163, '51', 7234, 260133.83, 450090.43, 34.10);
insert into STATION values (8164, '52', 7234, 260170.90, 450097.50, 34.76);
insert into STATION values (8165, '53', 7234, 260204.19, 450107.93, 34.64);
insert into STATION values (8166, '1', 7238, 260560.82, 449871.75, 179.05);
insert into STATION values (8167, '-', 7238, 260560.75, 449871.64, 179.05);
insert into STATION values (8168, '-', 7238, 260560.77, 449871.88, 179.06);
insert into STATION values (8169, '-', 7238, 260564.24, 449868.75, 180.40);
insert into STATION values (8170, '-', 7238, 260555.44, 449874.84, 179.49);
insert into STATION values (8171, '-', 7238, 260560.13, 449871.66, 185.39);
insert into STATION values (8172, '-', 7238, 260560.36, 449871.09, 177.49);
insert into STATION values (8173, '-', 7238, 260556.51, 449881.55, 178.65);
insert into STATION values (8174, '-', 7238, 260554.87, 449886.68, 177.75);
insert into STATION values (8175, '-', 7238, 260558.91, 449892.25, 179.95);
insert into STATION values (8176, '-', 7238, 260576.41, 449861.78, 195.14);
insert into STATION values (8177, '-', 7238, 260567.16, 449865.02, 186.62);
insert into STATION values (8178, '-', 7238, 260567.91, 449868.46, 186.01);
insert into STATION values (8179, '2', 7238, 260552.60, 449860.11, 179.27);
insert into STATION values (8180, '-', 7238, 260559.56, 449856.07, 183.35);
insert into STATION values (8181, '-', 7238, 260553.24, 449859.97, 185.83);
insert into STATION values (8182, '-', 7238, 260545.44, 449862.62, 180.32);
insert into STATION values (8183, '-', 7238, 260551.48, 449859.34, 177.58);
insert into STATION values (8184, '3', 7238, 260545.48, 449842.60, 182.21);
insert into STATION values (8185, '-', 7238, 260545.46, 449842.61, 182.20);
insert into STATION values (8186, '-', 7238, 260536.11, 449846.54, 183.79);
insert into STATION values (8187, '-', 7238, 260545.44, 449842.17, 187.94);
insert into STATION values (8188, '-', 7238, 260549.17, 449840.59, 183.18);
insert into STATION values (8189, '-', 7238, 260544.87, 449842.23, 181.02);
insert into STATION values (8190, '-', 7238, 260555.31, 449836.53, 193.18);
insert into STATION values (8191, '4', 7238, 260541.55, 449833.39, 185.24);
insert into STATION values (8192, '-', 7238, 260545.27, 449829.47, 189.18);
insert into STATION values (8193, '-', 7238, 260527.69, 449840.70, 182.73);
insert into STATION values (8194, '-', 7238, 260541.00, 449832.76, 190.40);
insert into STATION values (8195, '-', 7238, 260534.33, 449833.23, 179.11);
insert into STATION values (8196, '5', 7238, 260528.10, 449833.06, 179.75);
insert into STATION values (8197, '-', 7238, 260536.88, 449821.98, 185.98);
insert into STATION values (8198, '-', 7238, 260527.94, 449832.23, 184.58);
insert into STATION values (8199, '-', 7238, 260524.27, 449836.02, 179.25);
insert into STATION values (8200, '-', 7238, 260528.04, 449832.82, 179.27);
insert into STATION values (8201, '-', 7238, 260539.57, 449799.55, 200.45);
insert into STATION values (8202, '6', 7238, 260514.95, 449815.87, 178.65);
insert into STATION values (8203, '-', 7238, 260511.88, 449818.40, 178.95);
insert into STATION values (8204, '-', 7238, 260515.02, 449815.08, 184.03);
insert into STATION values (8205, '-', 7238, 260525.25, 449806.66, 186.46);
insert into STATION values (8206, '-', 7238, 260515.33, 449815.66, 177.62);
insert into STATION values (8207, '7', 7238, 260503.07, 449796.92, 179.24);
insert into STATION values (8208, '-', 7238, 260523.01, 449787.15, 194.56);
insert into STATION values (8209, '-', 7238, 260496.69, 449798.57, 179.88);
insert into STATION values (8210, '-', 7238, 260502.28, 449796.72, 177.89);
insert into STATION values (8211, '-', 7238, 260503.00, 449796.12, 184.19);
insert into STATION values (8212, '8', 7238, 260488.31, 449771.88, 181.73);
insert into STATION values (8213, '-', 7238, 260473.59, 449746.87, 184.16);
insert into STATION values (8214, '-', 7238, 260498.40, 449767.04, 182.27);
insert into STATION values (8215, '-', 7238, 260483.83, 449771.32, 183.05);
insert into STATION values (8216, '-', 7238, 260487.85, 449771.36, 186.13);
insert into STATION values (8217, '-', 7238, 260494.69, 449769.61, 177.74);
insert into STATION values (8218, '9', 7238, 260483.07, 449760.83, 181.71);
insert into STATION values (8219, '-', 7238, 260477.56, 449763.80, 182.21);
insert into STATION values (8220, '-', 7238, 260482.32, 449760.11, 186.25);
insert into STATION values (8221, '-', 7238, 260493.11, 449751.43, 182.31);
insert into STATION values (8222, '-', 7238, 260483.72, 449758.03, 179.02);
insert into STATION values (8223, '10', 7238, 260461.64, 449745.43, 178.79);
insert into STATION values (8224, '-', 7238, 260457.58, 449750.26, 178.28);
insert into STATION values (8225, '-', 7238, 260461.18, 449744.72, 184.25);
insert into STATION values (8226, '-', 7238, 260474.19, 449729.19, 184.79);
insert into STATION values (8227, '-', 7238, 260460.89, 449744.41, 176.87);
insert into STATION values (8228, '11', 7238, 260442.40, 449731.09, 176.19);
insert into STATION values (8229, '-', 7238, 260442.83, 449729.28, 184.59);
insert into STATION values (8230, '-', 7238, 260442.75, 449730.67, 175.27);
insert into STATION values (8231, '12', 7238, 260428.33, 449717.50, 178.35);
insert into STATION values (8232, '-', 7238, 260427.54, 449717.89, 178.43);
insert into STATION values (8233, '-', 7238, 260429.08, 449716.94, 183.32);
insert into STATION values (8234, '-', 7238, 260429.60, 449717.36, 175.93);
insert into STATION values (8235, '13', 7238, 260435.68, 449710.40, 179.10);
insert into STATION values (8236, '-', 7238, 260454.59, 449714.55, 185.88);
insert into STATION values (8237, '-', 7238, 260436.75, 449712.18, 185.76);
insert into STATION values (8238, '-', 7238, 260425.20, 449711.22, 180.52);
insert into STATION values (8239, '-', 7238, 260435.80, 449711.04, 177.56);
insert into STATION values (8240, '-', 7238, 260459.16, 449694.91, 182.60);
insert into STATION values (8241, '-', 7238, 260454.38, 449694.25, 182.35);
insert into STATION values (8242, '-', 7238, 260449.77, 449693.49, 182.39);
insert into STATION values (8243, '-', 7238, 260438.13, 449699.88, 181.77);
insert into STATION values (8244, '14', 7238, 260436.75, 449696.53, 186.90);
insert into STATION values (8245, '-', 7238, 260436.13, 449696.86, 186.88);
insert into STATION values (8246, '-', 7238, 260436.55, 449696.44, 185.49);
insert into STATION values (8247, '-', 7238, 260436.33, 449696.71, 187.68);
insert into STATION values (8248, '-', 7238, 260436.97, 449696.24, 187.00);
insert into STATION values (8249, '15', 7238, 260429.50, 449687.71, 186.11);
insert into STATION values (8250, '-', 7238, 260435.52, 449684.72, 187.44);
insert into STATION values (8251, '-', 7238, 260429.34, 449687.79, 188.76);
insert into STATION values (8252, '-', 7238, 260424.10, 449689.77, 185.99);
insert into STATION values (8253, '-', 7238, 260428.97, 449687.77, 184.93);
insert into STATION values (8254, '-', 7238, 260411.27, 449677.35, 181.34);
insert into STATION values (8255, '16', 7238, 260411.52, 449677.66, 180.89);
insert into STATION values (8256, '17', 7238, 260411.68, 449662.30, 184.33);
insert into STATION values (8257, '-', 7238, 260411.28, 449662.65, 187.26);
insert into STATION values (8258, '-', 7238, 260413.08, 449659.44, 187.56);
insert into STATION values (8259, '-', 7238, 260407.77, 449665.43, 185.11);
insert into STATION values (8260, '-', 7238, 260410.00, 449663.01, 182.91);
insert into STATION values (8261, '18', 7238, 260396.40, 449662.70, 179.54);
insert into STATION values (8262, '19', 7238, 260381.87, 449662.17, 171.18);
insert into STATION values (8263, '-', 7238, 260396.12, 449662.82, 180.70);
insert into STATION values (8264, '-', 7238, 260396.59, 449663.87, 178.98);
insert into STATION values (8265, '-', 7238, 260400.60, 449640.89, 187.01);
insert into STATION values (8266, '-', 7238, 260400.48, 449639.08, 188.50);
insert into STATION values (8267, '-', 7238, 260396.54, 449661.54, 177.80);
insert into STATION values (8268, '20', 7238, 260370.67, 449660.53, 165.83);
insert into STATION values (8269, '-', 7238, 260366.95, 449663.74, 165.26);
insert into STATION values (8270, '-', 7238, 260370.16, 449660.36, 169.14);
insert into STATION values (8271, '-', 7238, 260370.55, 449660.08, 165.27);
insert into STATION values (8272, '-', 7238, 260376.67, 449648.81, 175.19);
insert into STATION values (8273, '21', 7238, 260355.61, 449654.72, 161.68);
insert into STATION values (8274, '-', 7238, 260353.94, 449656.26, 161.72);
insert into STATION values (8275, '-', 7238, 260361.25, 449648.02, 167.43);
insert into STATION values (8276, '-', 7238, 260355.27, 449654.90, 164.46);
insert into STATION values (8277, '-', 7238, 260355.63, 449655.04, 161.18);
insert into STATION values (8278, '22', 7238, 260337.53, 449642.34, 158.05);
insert into STATION values (8279, '-', 7238, 260333.38, 449644.33, 157.27);
insert into STATION values (8280, '-', 7238, 260333.57, 449644.74, 157.09);
insert into STATION values (8281, '-', 7238, 260337.14, 449642.11, 161.12);
insert into STATION values (8282, '-', 7238, 260347.49, 449634.97, 166.54);
insert into STATION values (8283, '-', 7238, 260336.74, 449643.05, 156.60);
insert into STATION values (8284, '23', 7238, 260318.44, 449626.61, 155.98);
insert into STATION values (8285, '-', 7238, 260317.39, 449628.81, 156.27);
insert into STATION values (8286, '-', 7238, 260322.50, 449620.17, 160.46);
insert into STATION values (8287, '-', 7238, 260318.81, 449626.53, 160.25);
insert into STATION values (8288, '-', 7238, 260317.90, 449626.03, 155.17);
insert into STATION values (8289, '-', 7238, 260317.91, 449626.07, 155.14);
insert into STATION values (8290, '24', 7238, 260301.59, 449618.50, 151.97);
insert into STATION values (8291, '-', 7238, 260299.19, 449624.28, 151.21);
insert into STATION values (8292, '-', 7238, 260301.27, 449618.50, 157.08);
insert into STATION values (8293, '-', 7238, 260305.13, 449608.08, 158.37);
insert into STATION values (8294, '-', 7238, 260300.39, 449618.77, 150.91);
insert into STATION values (8295, '25', 7238, 260291.17, 449625.98, 146.68);
insert into STATION values (8296, '26', 7238, 260299.57, 449633.37, 147.20);
insert into STATION values (8297, '-', 7238, 260293.69, 449611.84, 152.19);
insert into STATION values (8298, '-', 7238, 260287.06, 449630.90, 151.25);
insert into STATION values (8299, '-', 7238, 260290.95, 449626.11, 149.25);
insert into STATION values (8300, '-', 7238, 260291.08, 449625.70, 146.14);
insert into STATION values (8301, '-', 7238, 260295.39, 449636.86, 147.17);
insert into STATION values (8302, '-', 7238, 260299.50, 449633.29, 146.34);
insert into STATION values (8303, '-', 7238, 260299.54, 449633.28, 147.58);
insert into STATION values (8304, '-', 7238, 260302.08, 449630.96, 147.29);
insert into STATION values (8305, '27', 7238, 260301.83, 449643.32, 146.81);
insert into STATION values (8306, '-', 7238, 260306.80, 449638.13, 145.98);
insert into STATION values (8307, '-', 7238, 260302.07, 449643.30, 147.67);
insert into STATION values (8308, '-', 7238, 260301.72, 449643.75, 147.00);
insert into STATION values (8309, '-', 7238, 260302.42, 449643.07, 146.40);
insert into STATION values (8310, '28', 7238, 260309.29, 449645.23, 146.48);
insert into STATION values (8311, '-', 7238, 260310.12, 449643.02, 146.12);
insert into STATION values (8312, '-', 7238, 260308.60, 449646.52, 146.49);
insert into STATION values (8313, '-', 7238, 260309.29, 449645.31, 146.67);
insert into STATION values (8314, '-', 7238, 260309.44, 449645.47, 145.61);
insert into STATION values (8315, '29', 7238, 260309.65, 449654.14, 146.34);
insert into STATION values (8316, '-', 7238, 260315.63, 449652.74, 146.39);
insert into STATION values (8317, '-', 7238, 260309.69, 449654.33, 147.28);
insert into STATION values (8318, '-', 7238, 260309.78, 449654.12, 145.50);
insert into STATION values (8319, '-', 7238, 260309.00, 449655.04, 146.42);
insert into STATION values (8320, '30', 7238, 260307.57, 449663.91, 140.59);
insert into STATION values (8321, '-', 7238, 260307.61, 449664.19, 142.42);
insert into STATION values (8322, '-', 7238, 260307.80, 449665.97, 140.82);
insert into STATION values (8323, '-', 7238, 260307.09, 449659.76, 141.57);
insert into STATION values (8324, '-', 7238, 260307.84, 449663.81, 139.23);
insert into STATION values (8325, '31', 7238, 260303.63, 449665.52, 138.50);
insert into STATION values (8326, '32', 7238, 260300.80, 449661.17, 138.50);
insert into STATION values (8327, '-', 7238, 260304.10, 449660.06, 140.31);
insert into STATION values (8328, '-', 7238, 260304.35, 449664.37, 141.33);
insert into STATION values (8329, '-', 7238, 260303.57, 449665.58, 137.27);
insert into STATION values (8330, '-', 7238, 260301.79, 449663.18, 138.47);
insert into STATION values (8331, '-', 7238, 260301.11, 449658.57, 138.25);
insert into STATION values (8332, '-', 7238, 260299.21, 449662.64, 138.34);
insert into STATION values (8333, '-', 7238, 260300.27, 449661.97, 137.12);
insert into STATION values (8334, '-', 7238, 260300.84, 449660.95, 139.91);
insert into STATION values (8335, '33', 7238, 260293.86, 449658.73, 134.37);
insert into STATION values (8336, '-', 7238, 260294.43, 449656.56, 135.04);
insert into STATION values (8337, '-', 7238, 260293.88, 449658.53, 135.22);
insert into STATION values (8338, '-', 7238, 260294.40, 449660.84, 135.03);
insert into STATION values (8339, '-', 7238, 260293.86, 449658.50, 133.79);
insert into STATION values (8340, '34', 7238, 260290.48, 449659.13, 135.67);
insert into STATION values (8341, '-', 7238, 260290.73, 449660.44, 135.75);
insert into STATION values (8342, '-', 7238, 260290.47, 449659.36, 137.73);
insert into STATION values (8343, '-', 7238, 260290.35, 449658.81, 135.72);
insert into STATION values (8344, '-', 7238, 260292.09, 449659.22, 132.81);
insert into STATION values (8345, '35', 7238, 260284.91, 449660.26, 134.89);
insert into STATION values (8346, '36', 7238, 260274.47, 449672.61, 139.26);
insert into STATION values (8347, '-', 7238, 260288.38, 449666.58, 135.77);
insert into STATION values (8348, '-', 7238, 260284.45, 449661.69, 142.30);
insert into STATION values (8349, '-', 7238, 260283.25, 449659.34, 135.11);
insert into STATION values (8350, '-', 7238, 260284.57, 449660.47, 134.10);
insert into STATION values (8351, '-', 7238, 260274.10, 449672.24, 143.98);
insert into STATION values (8352, '-', 7238, 260274.23, 449673.27, 137.52);
insert into STATION values (8353, '-', 7238, 260277.83, 449670.56, 139.59);
insert into STATION values (8354, '37', 7238, 260262.53, 449665.21, 141.71);
insert into STATION values (8355, '-', 7238, 260262.21, 449664.64, 145.54);
insert into STATION values (8356, '-', 7238, 260261.77, 449666.07, 140.30);
insert into STATION values (8357, '-', 7238, 260279.36, 449656.60, 146.98);
insert into STATION values (8358, '38', 7238, 260249.42, 449646.61, 140.95);
insert into STATION values (8359, '-', 7238, 260248.71, 449646.35, 144.87);
insert into STATION values (8360, '-', 7238, 260248.55, 449647.04, 139.00);
insert into STATION values (8361, '-', 7238, 260253.76, 449639.39, 143.69);
insert into STATION values (8362, '39', 7238, 260233.35, 449649.76, 133.70);
insert into STATION values (8363, '-', 7238, 260232.54, 449649.29, 140.02);
insert into STATION values (8364, '-', 7238, 260233.30, 449649.67, 132.94);
insert into STATION values (8365, '-', 7238, 260234.84, 449636.29, 134.88);
insert into STATION values (8366, '40', 7238, 260222.23, 449640.30, 130.70);
insert into STATION values (8367, '-', 7238, 260221.01, 449640.55, 137.26);
insert into STATION values (8368, '-', 7238, 260222.09, 449640.04, 129.87);
insert into STATION values (8369, '-', 7238, 260225.12, 449633.45, 134.53);
insert into STATION values (8370, '41', 7238, 260206.53, 449620.92, 129.96);
insert into STATION values (8371, '-', 7238, 260217.78, 449614.13, 136.08);
insert into STATION values (8372, '-', 7238, 260206.57, 449620.15, 135.55);
insert into STATION values (8373, '-', 7238, 260206.24, 449620.51, 128.95);
insert into STATION values (8374, '42', 7238, 260189.11, 449603.79, 130.34);
insert into STATION values (8375, '-', 7238, 260171.72, 449586.64, 130.77);
insert into STATION values (8376, '-', 7238, 260188.87, 449604.58, 136.17);
insert into STATION values (8377, '-', 7238, 260190.18, 449604.02, 128.26);
insert into STATION values (8378, '-', 7238, 260195.94, 449595.82, 132.61);
insert into STATION values (8379, '43', 7238, 260177.46, 449581.70, 134.70);
insert into STATION values (8380, '44', 7238, 260158.81, 449576.38, 135.72);
insert into STATION values (8381, '-', 7238, 260159.66, 449576.49, 143.80);
insert into STATION values (8382, '-', 7238, 260159.49, 449560.81, 143.29);
insert into STATION values (8383, '-', 7238, 260160.27, 449576.83, 134.13);
insert into STATION values (8384, '45', 7238, 260157.91, 449592.41, 126.41);
insert into STATION values (8385, '-', 7238, 260156.94, 449595.03, 139.60);
insert into STATION values (8386, '-', 7238, 260157.74, 449592.88, 124.77);
insert into STATION values (8387, '46', 7238, 260169.03, 449598.27, 121.46);
insert into STATION values (8388, '-', 7238, 260167.89, 449601.89, 136.92);
insert into STATION values (8389, '-', 7238, 260168.67, 449598.31, 118.90);
insert into STATION values (8390, '47', 7238, 260160.71, 449616.78, 116.25);
insert into STATION values (8391, '-', 7238, 260144.27, 449635.04, 109.39);
insert into STATION values (8392, '48', 7238, 260143.40, 449636.01, 108.98);
insert into STATION values (8393, '-', 7238, 260142.59, 449637.08, 117.27);
insert into STATION values (8394, '-', 7238, 260144.97, 449640.12, 103.64);
insert into STATION values (8395, '49', 7238, 260136.17, 449641.39, 105.68);
insert into STATION values (8396, '-', 7238, 260136.56, 449642.70, 100.98);
insert into STATION values (8397, '50', 7238, 260132.42, 449656.86, 95.58);
insert into STATION values (8398, '-', 7238, 260131.25, 449656.84, 102.04);
insert into STATION values (8399, '-', 7238, 260131.33, 449656.91, 94.09);
insert into STATION values (8400, '51', 7238, 260143.80, 449668.81, 95.67);
insert into STATION values (8401, '-', 7238, 260144.08, 449668.80, 94.41);
insert into STATION values (8402, '-', 7238, 260144.05, 449668.87, 96.33);
insert into STATION values (8403, '-', 7238, 260133.79, 449677.18, 89.97);
insert into STATION values (8404, '52', 7238, 260154.67, 449671.56, 95.35);
insert into STATION values (8405, '1', 7242, 261433.17, 450801.36, 174.72);
insert into STATION values (8406, '2', 7242, 261433.25, 450797.22, 169.57);
insert into STATION values (8407, '3', 7242, 261425.66, 450797.89, 163.89);
insert into STATION values (8408, '4', 7242, 261423.86, 450807.11, 163.63);
insert into STATION values (8409, '5', 7242, 261421.61, 450811.35, 162.24);
insert into STATION values (8410, '51', 7242, 261419.84, 450807.68, 158.81);
insert into STATION values (8411, '52', 7242, 261417.77, 450811.31, 156.03);
insert into STATION values (8412, '53', 7242, 261414.14, 450806.63, 153.47);
insert into STATION values (8413, '54', 7242, 261414.19, 450811.90, 152.66);
insert into STATION values (8414, '55', 7242, 261410.62, 450804.23, 147.71);
insert into STATION values (8415, '56', 7242, 261408.15, 450799.95, 148.46);
insert into STATION values (8416, '57', 7242, 261400.64, 450795.62, 146.03);
insert into STATION values (8417, '58', 7242, 261421.15, 450814.23, 156.77);
insert into STATION values (8418, '59', 7242, 261423.42, 450817.14, 158.62);
insert into STATION values (8419, '6', 7242, 261418.59, 450827.04, 146.80);
insert into STATION values (8420, '7', 7242, 261412.70, 450827.98, 144.54);
insert into STATION values (8421, '8', 7242, 261403.16, 450825.06, 140.31);
insert into STATION values (8422, '1', 7246, 261405.59, 450783.90, 168.49);
insert into STATION values (8423, '2', 7246, 261404.20, 450782.25, 156.28);
insert into STATION values (8424, '3', 7246, 261402.59, 450786.24, 156.35);
insert into STATION values (8425, '4', 7246, 261397.97, 450778.23, 152.56);
insert into STATION values (8426, '5', 7246, 261398.39, 450772.21, 151.10);
insert into STATION values (8427, '6', 7246, 261392.51, 450773.46, 149.19);
insert into STATION values (8428, '0', 7250, 259191.84, 449150.60, 44.03);
insert into STATION values (8429, '1', 7250, 259184.49, 449162.04, 41.84);
insert into STATION values (8430, '2', 7250, 259203.23, 449176.29, 43.02);
insert into STATION values (8431, '3', 7250, 259219.00, 449188.79, 44.31);
insert into STATION values (8432, '4', 7250, 259239.60, 449204.56, 42.27);
insert into STATION values (8433, '5', 7250, 259251.06, 449211.16, 41.86);
insert into STATION values (8434, '6', 7250, 259245.66, 449219.42, 41.04);
insert into STATION values (8435, '7', 7250, 259234.28, 449227.71, 35.77);
insert into STATION values (8436, '8', 7250, 259240.58, 449232.47, 37.75);
insert into STATION values (8437, '9', 7250, 259231.02, 449235.01, 49.28);
insert into STATION values (8438, '10', 7250, 259277.65, 449224.59, 43.52);
insert into STATION values (8439, '11', 7250, 259275.70, 449233.11, 43.31);
insert into STATION values (8440, '12', 7250, 259281.00, 449257.49, 36.51);
insert into STATION values (8441, '13', 7250, 259294.89, 449274.99, 41.86);
insert into STATION values (8442, '14', 7250, 259321.57, 449282.82, 45.66);
insert into STATION values (8443, '15', 7250, 259313.93, 449294.91, 42.59);
insert into STATION values (8444, '16', 7250, 259320.47, 449299.23, 42.47);
insert into STATION values (8445, '17', 7250, 259325.61, 449310.21, 38.49);
insert into STATION values (8446, '18', 7250, 259340.81, 449307.05, 30.37);
insert into STATION values (8447, '19', 7250, 259355.08, 449338.90, 27.97);
insert into STATION values (8448, '20', 7250, 259358.33, 449339.53, 22.81);
insert into STATION values (8449, '21', 7250, 259340.17, 449291.39, 50.29);
insert into STATION values (8450, '22', 7250, 259345.42, 449295.73, 48.85);
insert into STATION values (8451, '23', 7250, 259349.63, 449297.07, 49.17);
insert into STATION values (8452, '24', 7250, 259351.16, 449298.88, 48.90);
insert into STATION values (8453, '25', 7250, 259356.50, 449307.21, 44.89);
insert into STATION values (8454, '26', 7250, 259357.72, 449308.95, 48.02);
insert into STATION values (8455, '27', 7250, 259360.11, 449320.90, 54.49);
insert into STATION values (8456, '28', 7250, 259368.40, 449301.49, 39.48);
insert into STATION values (8457, '29', 7250, 259374.19, 449299.40, 35.96);
insert into STATION values (8458, '30', 7250, 259379.49, 449301.04, 34.43);
insert into STATION values (8459, '31', 7250, 259382.14, 449289.53, 27.22);
insert into STATION values (8460, '32', 7250, 259386.28, 449288.88, 24.22);
insert into STATION values (8461, '33', 7250, 259387.29, 449287.34, 24.10);
insert into STATION values (8462, '34', 7250, 259385.97, 449283.87, 28.51);
insert into STATION values (8463, '35', 7250, 259380.96, 449280.92, 33.63);
insert into STATION values (8464, '36', 7250, 259379.84, 449279.37, 33.54);
insert into STATION values (8465, '37', 7250, 259381.71, 449277.37, 33.27);
insert into STATION values (8466, '38', 7250, 259384.50, 449277.07, 32.95);
insert into STATION values (8467, '39', 7250, 259389.24, 449283.66, 27.21);
insert into STATION values (8468, '40', 7250, 259392.30, 449285.38, 22.87);
insert into STATION values (8469, '0', 7308, 259310.12, 449133.59, 53.02);
insert into STATION values (8470, '1', 7308, 259309.72, 449138.87, 55.35);
insert into STATION values (8471, '2', 7308, 259306.83, 449150.66, 58.15);
insert into STATION values (8472, '3', 7308, 259318.90, 449140.27, 71.72);
insert into STATION values (8473, '3a', 7308, 259322.92, 449138.69, 74.22);
insert into STATION values (8474, '4', 7308, 259326.16, 449138.07, 77.64);
insert into STATION values (8475, '5', 7308, 259326.92, 449140.69, 79.18);
insert into STATION values (8476, '6', 7308, 259327.05, 449145.24, 79.74);
insert into STATION values (8477, '6a', 7308, 259331.40, 449149.42, 74.03);
insert into STATION values (8478, '0', 7312, 259174.28, 449145.91, 43.94);
insert into STATION values (8479, '1', 7312, 259180.56, 449158.01, 42.95);
insert into STATION values (8480, '3', 7312, 259184.49, 449162.04, 41.84);
insert into STATION values (8481, '4', 7312, 259193.49, 449149.93, 44.47);
insert into STATION values (8482, '5', 7312, 259208.73, 449162.72, 44.30);
insert into STATION values (8483, '6', 7312, 259215.90, 449170.82, 44.81);
insert into STATION values (8484, '7', 7312, 259237.68, 449183.68, 45.26);
insert into STATION values (8485, '8', 7312, 259259.43, 449196.58, 45.68);
insert into STATION values (8486, '9', 7312, 259273.34, 449209.44, 45.87);
insert into STATION values (8487, '10', 7312, 259282.18, 449217.52, 46.58);
insert into STATION values (8488, '11', 7312, 259293.29, 449236.98, 43.45);
insert into STATION values (8489, '12', 7312, 259293.26, 449220.70, 47.36);
insert into STATION values (8490, '13', 7312, 259291.11, 449205.65, 52.25);
insert into STATION values (8491, '14', 7312, 259287.35, 449203.35, 53.15);
insert into STATION values (8492, '15', 7312, 259284.84, 449196.34, 55.33);
insert into STATION values (8493, '16', 7312, 259291.53, 449192.06, 55.17);
insert into STATION values (8494, '17', 7312, 259293.71, 449194.83, 55.25);
insert into STATION values (8495, '18', 7312, 259302.36, 449194.17, 50.61);
insert into STATION values (8496, '19', 7312, 259305.89, 449187.61, 50.00);
insert into STATION values (8497, '20', 7312, 259311.53, 449179.01, 55.83);
insert into STATION values (8498, '21', 7312, 259305.92, 449172.14, 56.87);
insert into STATION values (8499, '22', 7312, 259306.41, 449165.91, 56.43);
insert into STATION values (8500, '23', 7312, 259305.71, 449156.18, 57.61);
insert into STATION values (8501, '24', 7312, 259309.04, 449139.12, 54.99);
insert into STATION values (8502, '25', 7312, 259310.12, 449133.59, 53.02);
insert into STATION values (8503, '26', 7312, 259312.15, 449129.79, 50.49);
insert into STATION values (8504, '27', 7312, 259333.51, 449141.23, 44.73);
insert into STATION values (8505, '28', 7312, 259343.77, 449152.79, 42.57);
insert into STATION values (8506, '29', 7312, 259342.92, 449164.01, 44.46);
insert into STATION values (8507, '30', 7312, 259350.33, 449173.45, 46.14);
insert into STATION values (8508, '31', 7312, 259358.65, 449190.08, 45.01);
insert into STATION values (8509, '32', 7312, 259361.98, 449211.84, 43.91);
insert into STATION values (8510, '33', 7312, 259373.69, 449222.36, 39.60);
insert into STATION values (8511, '34', 7312, 259371.42, 449229.52, 35.28);
insert into STATION values (8512, '35', 7312, 259379.57, 449242.81, 36.82);
insert into STATION values (8513, '36', 7312, 259386.45, 449244.02, 37.81);
insert into STATION values (8514, '37', 7312, 259390.69, 449247.86, 36.07);
insert into STATION values (8515, '38', 7312, 259397.34, 449264.36, 39.92);
insert into STATION values (8516, '39', 7312, 259398.27, 449262.08, 41.24);
insert into STATION values (8517, '40', 7312, 259397.93, 449261.16, 40.93);
insert into STATION values (8518, '41', 7312, 259400.29, 449273.67, 50.16);
insert into STATION values (8519, '42', 7312, 259405.62, 449299.34, 49.81);
insert into STATION values (8520, '43', 7312, 259412.35, 449321.83, 50.17);
insert into STATION values (8521, '44', 7312, 259422.69, 449342.43, 50.40);
insert into STATION values (8522, '45', 7312, 259435.48, 449355.01, 51.91);
insert into STATION values (8523, '46', 7312, 259446.85, 449361.05, 50.42);
insert into STATION values (8524, '47', 7312, 259462.14, 449360.51, 52.30);
insert into STATION values (8525, '48', 7312, 259466.40, 449366.69, 54.66);
insert into STATION values (8526, '49', 7312, 259482.45, 449360.12, 51.67);
insert into STATION values (8527, '50', 7312, 259481.52, 449384.69, 51.18);
insert into STATION values (8528, '51', 7312, 259500.84, 449400.40, 51.38);
insert into STATION values (8529, '52', 7312, 259527.32, 449408.85, 51.65);
insert into STATION values (8530, '53', 7312, 259552.58, 449414.24, 51.00);
insert into STATION values (8531, '54', 7312, 259576.86, 449427.30, 51.16);
insert into STATION values (8532, '55', 7312, 259599.11, 449436.01, 53.51);
insert into STATION values (8533, '56', 7312, 259620.20, 449433.24, 52.78);
insert into STATION values (8534, '57', 7312, 259630.03, 449444.46, 53.47);
insert into STATION values (8535, '58', 7312, 259644.89, 449456.78, 53.25);
insert into STATION values (8536, '59', 7312, 259656.05, 449465.60, 53.19);
insert into STATION values (8537, '60', 7312, 259657.13, 449469.46, 52.64);
insert into STATION values (8538, '61', 7312, 259662.65, 449474.07, 52.92);
insert into STATION values (8539, '62', 7312, 259665.17, 449474.61, 51.90);
insert into STATION values (8540, '63', 7312, 259668.53, 449475.29, 54.86);
insert into STATION values (8541, '64', 7312, 259669.52, 449474.57, 56.50);
insert into STATION values (8542, '65', 7312, 259670.06, 449471.83, 58.81);
insert into STATION values (8543, '66', 7312, 259666.09, 449469.76, 59.36);
insert into STATION values (8544, '67', 7312, 259666.04, 449467.73, 61.18);
insert into STATION values (8545, '68', 7312, 259666.85, 449469.81, 62.13);
insert into STATION values (8546, '69', 7312, 259668.66, 449467.65, 66.21);
insert into STATION values (8547, '70', 7312, 259668.28, 449465.59, 65.97);
insert into STATION values (8548, '71', 7312, 259672.45, 449461.82, 67.52);
insert into STATION values (8549, '72', 7312, 259673.54, 449466.03, 68.58);
insert into STATION values (8550, '73', 7312, 259673.26, 449470.67, 70.15);
insert into STATION values (8551, '74', 7312, 259677.56, 449465.97, 74.78);
insert into STATION values (8552, '75', 7312, 259683.82, 449465.76, 76.37);
insert into STATION values (8553, '76', 7312, 259685.26, 449468.75, 76.76);
insert into STATION values (8554, '77', 7312, 259700.49, 449467.36, 71.83);
insert into STATION values (8555, '78', 7312, 259713.66, 449468.71, 74.80);
insert into STATION values (8556, '79', 7312, 259716.30, 449475.93, 74.63);
insert into STATION values (8557, '80', 7312, 259724.45, 449480.56, 73.05);
insert into STATION values (8558, '81', 7312, 259731.00, 449493.74, 75.16);
insert into STATION values (8559, '82', 7312, 259748.83, 449494.30, 83.32);
insert into STATION values (8560, '83', 7312, 259755.22, 449494.31, 86.60);
insert into STATION values (8561, '84', 7312, 259762.19, 449491.91, 89.05);
insert into STATION values (8562, '85', 7312, 259767.95, 449492.57, 89.52);
insert into STATION values (8563, '86', 7312, 259775.47, 449508.85, 88.00);
insert into STATION values (8564, '87', 7312, 259782.82, 449522.78, 86.53);
insert into STATION values (8565, '88', 7312, 259796.80, 449544.35, 88.49);
insert into STATION values (8566, '89', 7312, 259809.91, 449561.47, 89.94);
insert into STATION values (8567, '90', 7312, 259817.07, 449582.01, 88.95);
insert into STATION values (8568, '91', 7312, 259820.06, 449589.36, 89.02);
insert into STATION values (8569, '92', 7312, 259830.22, 449591.39, 91.84);
insert into STATION values (8570, '93', 7312, 259833.32, 449603.74, 92.28);
insert into STATION values (8571, '94', 7312, 259832.56, 449617.76, 88.64);
insert into STATION values (8572, '95', 7312, 259835.36, 449625.19, 91.17);
insert into STATION values (8573, '96', 7312, 259843.74, 449632.83, 90.84);
insert into STATION values (8574, '97', 7312, 259850.19, 449636.87, 92.65);
insert into STATION values (8575, '98', 7312, 259855.47, 449637.30, 94.31);
insert into STATION values (8576, '99', 7312, 259863.40, 449638.20, 91.44);
insert into STATION values (8577, '100', 7312, 259879.71, 449646.93, 95.74);
insert into STATION values (8578, '101', 7312, 259883.99, 449643.41, 97.46);
insert into STATION values (8579, '102', 7312, 259896.15, 449641.70, 99.36);
insert into STATION values (8580, '103', 7312, 259907.94, 449632.37, 102.33);
insert into STATION values (8581, '104', 7312, 259920.96, 449627.37, 107.68);
insert into STATION values (8582, '105', 7312, 259933.35, 449624.49, 106.70);
insert into STATION values (8583, '106', 7312, 259937.04, 449623.20, 103.04);
insert into STATION values (8584, '107', 7312, 259938.64, 449622.51, 101.98);
insert into STATION values (8585, '108', 7312, 259940.68, 449622.95, 99.41);
insert into STATION values (8586, '109', 7312, 259942.15, 449624.29, 96.65);
insert into STATION values (8587, '110', 7312, 259940.93, 449627.27, 95.32);
insert into STATION values (8588, '111', 7312, 259943.12, 449626.15, 93.48);
insert into STATION values (8589, '112', 7312, 259946.82, 449630.65, 87.41);
insert into STATION values (8590, '113', 7312, 259947.11, 449629.05, 85.50);
insert into STATION values (8591, '114', 7312, 259949.20, 449628.10, 80.65);
insert into STATION values (8592, '115', 7312, 259953.05, 449626.91, 80.97);
insert into STATION values (8593, '116', 7312, 259961.26, 449624.30, 80.18);
insert into STATION values (8594, '117', 7312, 259981.02, 449621.45, 78.50);
insert into STATION values (8595, '118', 7312, 260002.28, 449621.21, 74.34);
insert into STATION values (8596, '119', 7312, 260022.82, 449624.57, 73.66);
insert into STATION values (8597, '0', 7316, 259178.95, 449235.10, 20.71);
insert into STATION values (8598, '1', 7316, 259177.31, 449228.94, 21.95);
insert into STATION values (8599, '2', 7316, 259181.45, 449219.32, 24.29);
insert into STATION values (8600, '3', 7316, 259181.38, 449203.79, 27.56);
insert into STATION values (8601, '4', 7316, 259184.26, 449190.26, 31.21);
insert into STATION values (8602, '5', 7316, 259177.93, 449171.02, 35.72);
insert into STATION values (8603, '6', 7316, 259174.05, 449166.46, 37.59);
insert into STATION values (8604, '7', 7316, 259173.26, 449161.92, 38.15);
insert into STATION values (8605, '8', 7316, 259172.03, 449158.76, 40.33);
insert into STATION values (8606, '9', 7316, 259179.90, 449157.42, 43.20);
insert into STATION values (8607, '10', 7316, 259184.49, 449162.04, 41.84);
insert into STATION values (8608, '0', 7320, 259349.02, 449602.23, 58.55);
insert into STATION values (8609, '1', 7320, 259346.91, 449595.15, 57.95);
insert into STATION values (8610, '2', 7320, 259346.79, 449595.21, 57.95);
insert into STATION values (8611, '3', 7320, 259358.20, 449607.38, 53.39);
insert into STATION values (8612, '4', 7320, 259369.30, 449634.72, 41.07);
insert into STATION values (8613, '5', 7320, 259359.69, 449659.64, 30.17);
insert into STATION values (8614, '6', 7320, 259363.89, 449670.17, 28.41);
insert into STATION values (8615, '7', 7320, 259384.63, 449708.43, 24.62);
insert into STATION values (8616, '8', 7320, 259420.38, 449700.21, 24.44);
insert into STATION values (8617, '9', 7320, 259424.16, 449700.52, 24.47);
insert into STATION values (8618, '10', 7320, 259430.13, 449703.08, 24.60);
insert into STATION values (8619, '11', 7320, 259441.60, 449711.64, 23.20);
insert into STATION values (8620, '12', 7320, 259443.24, 449718.14, 24.35);
insert into STATION values (8621, '13', 7320, 259452.77, 449760.16, 22.94);
insert into STATION values (8622, '14', 7320, 259466.54, 449782.89, 22.65);
insert into STATION values (8623, '15', 7320, 259485.72, 449819.10, 22.17);
insert into STATION values (8624, '16', 7320, 259485.53, 449839.48, 21.25);
insert into STATION values (8625, '17', 7320, 259483.40, 449860.13, 21.73);
insert into STATION values (8626, '18', 7320, 259478.17, 449880.30, 23.23);
insert into STATION values (8627, '19', 7320, 259461.43, 449904.98, 24.40);
insert into STATION values (8628, '20', 7320, 259481.26, 449958.27, 24.90);
insert into STATION values (8629, '21', 7320, 259515.45, 449963.17, 23.99);
insert into STATION values (8630, '22', 7320, 259535.82, 449970.65, 24.54);
insert into STATION values (8631, '23', 7320, 259554.01, 449981.05, 26.30);
insert into STATION values (8632, '24', 7320, 259558.75, 449986.73, 27.73);
insert into STATION values (8633, '25', 7320, 259568.89, 450003.18, 30.64);
insert into STATION values (8634, '26', 7320, 259565.25, 450007.44, 28.12);
insert into STATION values (8635, '27', 7320, 259580.85, 450035.94, 24.53);
insert into STATION values (8636, '28', 7320, 259591.27, 450046.54, 24.79);
insert into STATION values (8637, '29', 7320, 259576.79, 449985.63, 45.67);
insert into STATION values (8638, '30', 7320, 259602.20, 449991.01, 50.16);
insert into STATION values (8639, '31', 7320, 259607.55, 449994.67, 51.62);
insert into STATION values (8640, '0', 7324, 259505.96, 448777.23, 102.49);
insert into STATION values (8641, '1', 7324, 259503.37, 448770.40, 103.11);
insert into STATION values (8642, '2', 7324, 259517.08, 448797.87, 102.07);
insert into STATION values (8643, '3', 7324, 259519.87, 448803.92, 101.66);
insert into STATION values (8644, '4', 7324, 259524.04, 448807.71, 103.29);
insert into STATION values (8645, '5', 7324, 259530.65, 448810.17, 102.86);
insert into STATION values (8646, '6', 7324, 259533.43, 448809.88, 103.90);
insert into STATION values (8647, '7', 7324, 259549.39, 448810.09, 79.27);
insert into STATION values (8648, '1', 7328, 259517.90, 448848.52, 61.15);
insert into STATION values (8649, '2', 7328, 259513.89, 448844.00, 60.37);
insert into STATION values (8650, '3', 7328, 259508.23, 448844.35, 59.50);
insert into STATION values (8651, '4', 7328, 259505.75, 448842.26, 59.49);
insert into STATION values (8652, '5', 7328, 259501.93, 448842.25, 58.78);
insert into STATION values (8653, '6', 7328, 259498.41, 448840.48, 58.58);
insert into STATION values (8654, '7', 7328, 259500.59, 448837.05, 58.43);
insert into STATION values (8655, '8', 7328, 259500.37, 448834.44, 59.14);
insert into STATION values (8656, '9', 7328, 259497.56, 448835.31, 58.20);
insert into STATION values (8657, '10', 7328, 259491.48, 448836.95, 58.31);
insert into STATION values (8658, '11', 7328, 259485.75, 448836.63, 60.06);
insert into STATION values (8659, '12', 7328, 259484.35, 448834.46, 60.24);
insert into STATION values (8660, '13', 7328, 259482.51, 448830.46, 52.69);
insert into STATION values (8661, '4', 7332, 259519.87, 448803.92, 101.66);
insert into STATION values (8662, '8', 7332, 259511.79, 448805.18, 111.80);
insert into STATION values (8663, '9', 7332, 259509.83, 448812.40, 117.19);
insert into STATION values (8664, '10', 7332, 259506.50, 448808.02, 116.09);
insert into STATION values (8665, '11', 7332, 259505.00, 448801.35, 119.79);
insert into STATION values (8666, '12', 7332, 259502.88, 448790.74, 122.27);
insert into STATION values (8667, '13', 7332, 259503.14, 448785.91, 124.47);
insert into STATION values (8668, '14', 7332, 259504.98, 448785.89, 125.24);
insert into STATION values (8669, '15', 7332, 259507.98, 448785.54, 127.97);
insert into STATION values (8670, '16', 7332, 259508.12, 448783.06, 129.41);
insert into STATION values (8671, '17', 7332, 259511.44, 448782.70, 133.01);
insert into STATION values (8672, '18', 7332, 259513.04, 448783.20, 134.40);
insert into STATION values (8673, '19', 7332, 259514.62, 448781.88, 136.87);
insert into STATION values (8674, '20', 7332, 259515.67, 448779.48, 138.41);
insert into STATION values (8675, '21', 7332, 259494.97, 448778.98, 124.01);
insert into STATION values (8676, '22', 7332, 259493.42, 448774.13, 124.38);
insert into STATION values (8677, '0', 7336, 259507.89, 448800.27, 81.38);
insert into STATION values (8678, '1', 7336, 259504.21, 448800.32, 81.28);
insert into STATION values (8679, '2', 7336, 259503.93, 448798.70, 80.02);
insert into STATION values (8680, '3', 7336, 259501.52, 448800.25, 78.72);
insert into STATION values (8681, '4', 7336, 259496.64, 448803.58, 78.12);
insert into STATION values (8682, '5', 7336, 259494.38, 448801.32, 78.73);
insert into STATION values (8683, '6', 7336, 259482.17, 448800.74, 78.07);
insert into STATION values (8684, '7', 7336, 259480.57, 448796.78, 78.32);
insert into STATION values (8685, '8', 7336, 259475.27, 448796.18, 79.38);
insert into STATION values (8686, '9', 7336, 259472.61, 448793.07, 79.13);
insert into STATION values (8687, '10', 7336, 259469.40, 448793.75, 76.63);
insert into STATION values (8688, '11', 7336, 259472.30, 448791.70, 77.03);
insert into STATION values (8689, '12', 7336, 259474.93, 448791.50, 76.78);
insert into STATION values (8690, '13', 7336, 259473.10, 448791.56, 76.16);
insert into STATION values (8691, '14', 7336, 259472.19, 448791.62, 74.92);
insert into STATION values (8692, '15', 7336, 259468.35, 448788.90, 73.29);
insert into STATION values (8693, '16', 7336, 259466.27, 448787.88, 72.38);
insert into STATION values (8694, '200', 7423, 261865.42, 452366.86, 53.08);
insert into STATION values (8695, '201', 7423, 261863.15, 452352.26, 53.42);
insert into STATION values (8696, '202', 7423, 261860.55, 452322.47, 52.44);
insert into STATION values (8697, '203', 7423, 261841.10, 452316.25, 52.86);
insert into STATION values (8698, '204', 7423, 261825.94, 452319.12, 51.85);
insert into STATION values (8699, '205', 7423, 261817.19, 452283.00, 53.09);
insert into STATION values (8700, '206', 7423, 261811.43, 452276.53, 55.46);
insert into STATION values (8701, '1', 7427, 261865.42, 452366.86, 53.08);
insert into STATION values (8702, '2', 7427, 261868.11, 452374.95, 53.38);
insert into STATION values (8703, '3', 7427, 261869.95, 452375.40, 51.04);
insert into STATION values (8704, '4', 7427, 261874.18, 452376.45, 47.83);
insert into STATION values (8705, '5', 7427, 261876.18, 452377.33, 47.93);
insert into STATION values (8706, '6', 7427, 261879.77, 452376.54, 47.06);
insert into STATION values (8707, '7', 7427, 261883.92, 452376.31, 47.52);
insert into STATION values (8708, '8', 7427, 261891.75, 452376.81, 43.44);
insert into STATION values (8709, '9', 7427, 261905.73, 452368.57, 35.94);
insert into STATION values (8710, '10', 7427, 261908.53, 452377.90, 32.66);
insert into STATION values (8711, '11', 7427, 261902.20, 452388.35, 30.38);
insert into STATION values (8712, '12', 7427, 261896.86, 452387.41, 28.48);
insert into STATION values (8713, '13', 7427, 261920.10, 452363.03, 28.13);
insert into STATION values (8714, '14', 7427, 261917.76, 452353.92, 28.34);
insert into STATION values (8715, '15', 7427, 261913.22, 452337.89, 34.14);
insert into STATION values (8716, '100', 7427, 261914.43, 452333.75, 33.97);
insert into STATION values (8717, '16', 7427, 261921.71, 452332.35, 36.95);
insert into STATION values (8718, '17', 7427, 261926.99, 452346.10, 47.46);
insert into STATION values (8719, '18', 7427, 261934.25, 452352.39, 52.92);
insert into STATION values (8720, '19', 7427, 261936.79, 452365.42, 55.47);
insert into STATION values (8721, '20', 7427, 261945.55, 452380.67, 50.40);
insert into STATION values (8722, '21', 7427, 261949.71, 452389.54, 50.98);
insert into STATION values (8723, '22', 7427, 261950.44, 452394.37, 49.89);
insert into STATION values (8724, '23', 7427, 261937.65, 452348.08, 54.75);
insert into STATION values (8725, '0', 7524, 261914.43, 452333.75, 33.97);
insert into STATION values (8726, '1', 7524, 261908.11, 452322.90, 36.25);
insert into STATION values (8727, '2', 7524, 261908.25, 452315.11, 38.21);
insert into STATION values (8728, '3', 7524, 261918.60, 452312.24, 38.08);
insert into STATION values (8729, '4', 7524, 261926.59, 452309.34, 41.06);
insert into STATION values (8730, '5', 7524, 261934.33, 452312.51, 42.40);
insert into STATION values (8731, '6', 7524, 261936.90, 452310.83, 43.77);
insert into STATION values (8732, '7', 7524, 261936.18, 452307.04, 45.77);
insert into STATION values (8733, '8', 7524, 261934.36, 452298.73, 45.72);
insert into STATION values (8734, '9', 7524, 261930.81, 452296.08, 45.87);
insert into STATION values (8735, '10', 7524, 261924.87, 452294.36, 49.22);
insert into STATION values (8736, '11', 7524, 261920.03, 452293.22, 49.78);
insert into STATION values (8737, '12', 7524, 261915.94, 452291.27, 51.54);
insert into STATION values (8738, '13', 7524, 261914.03, 452289.17, 52.96);
insert into STATION values (8739, '14', 7524, 261915.01, 452280.98, 53.02);
insert into STATION values (8740, '15', 7524, 261920.02, 452299.21, 55.25);
insert into STATION values (8741, '16', 7524, 261942.99, 452320.54, 39.35);
insert into STATION values (8742, '17', 7524, 261915.88, 452310.12, 39.30);
insert into STATION values (8743, '18', 7524, 261913.57, 452302.20, 41.79);
insert into STATION values (8744, '19', 7524, 261914.20, 452296.47, 40.26);
insert into STATION values (8745, '22', 7596, 261950.44, 452394.37, 49.89);
insert into STATION values (8746, '23', 7596, 261962.01, 452421.64, 38.64);
insert into STATION values (8747, '24', 7596, 261964.52, 452430.79, 35.22);
insert into STATION values (8748, '25', 7596, 261971.28, 452441.25, 38.38);
insert into STATION values (8749, '26', 7596, 261970.53, 452449.86, 41.13);
insert into STATION values (8750, '27', 7596, 261972.14, 452451.28, 40.66);
insert into STATION values (8751, '28', 7596, 261968.25, 452452.57, 34.79);
insert into STATION values (8752, '29', 7596, 261956.30, 452446.11, 46.59);
insert into STATION values (8753, '30', 7596, 261951.22, 452420.64, 33.49);
insert into STATION values (8754, '31', 7596, 261946.24, 452414.97, 32.44);
insert into STATION values (8755, '32', 7596, 261944.25, 452425.31, 36.30);
insert into STATION values (8756, '33', 7596, 261947.30, 452427.92, 40.68);
insert into STATION values (8757, '34', 7596, 261945.81, 452428.79, 41.48);
insert into STATION values (8758, '35', 7596, 261953.54, 452428.47, 49.25);
insert into STATION values (8759, '36', 7596, 261952.75, 452431.36, 48.92);
insert into STATION values (8760, '37', 7596, 261952.73, 452441.78, 48.46);
insert into STATION values (8761, '38', 7596, 261963.41, 452450.07, 41.06);
insert into STATION values (8762, '1', 7735, 261709.02, 452101.84, 101.46);
insert into STATION values (8763, '2', 7735, 261723.14, 452105.59, 99.40);
insert into STATION values (8764, '1a', 7735, 261721.38, 452093.90, 103.05);
insert into STATION values (8765, '1ba', 7735, 261721.45, 452101.79, 101.74);
insert into STATION values (8766, '1bb', 7735, 261713.42, 452085.63, 102.54);
insert into STATION values (8767, '1bc', 7735, 261700.56, 452104.72, 98.73);
insert into STATION values (8768, '1bd', 7735, 261698.65, 452091.93, 98.70);
insert into STATION values (8769, '1be', 7735, 261710.70, 452115.72, 99.29);
insert into STATION values (8770, '1bf', 7735, 261723.25, 452120.51, 101.25);
insert into STATION values (8771, '1bg', 7735, 261715.08, 452105.42, 105.36);
insert into STATION values (8772, '1bh', 7735, 261709.49, 452101.05, 106.65);
insert into STATION values (8773, '1bi', 7735, 261708.38, 452091.03, 119.40);
insert into STATION values (8774, '1bj', 7735, 261706.95, 452093.52, 98.15);
insert into STATION values (8775, '1bk', 7735, 261709.56, 452102.11, 100.42);
insert into STATION values (8776, '1bl', 7735, 261716.24, 452108.77, 97.85);
insert into STATION values (8777, '2bm', 7735, 261722.24, 452111.43, 99.44);
insert into STATION values (8778, '2bn', 7735, 261720.64, 452119.77, 101.22);
insert into STATION values (8779, '2bo', 7735, 261723.32, 452106.30, 100.52);
insert into STATION values (8780, '2bp', 7735, 261723.07, 452106.58, 97.58);
insert into STATION values (8781, '2bq', 7735, 261723.71, 452108.54, 101.59);
insert into STATION values (8782, '2br', 7735, 261709.25, 452115.14, 99.52);
insert into STATION values (8783, '2bs', 7735, 261729.27, 452107.55, 99.20);
insert into STATION values (8784, '2bt', 7735, 261722.57, 452103.84, 100.05);
insert into STATION values (8785, '2bu', 7735, 261718.41, 452102.87, 100.25);
insert into STATION values (8786, '2bv', 7735, 261718.59, 452106.61, 107.08);
insert into STATION values (8787, '3', 7735, 261740.73, 452104.52, 99.90);
insert into STATION values (8788, '3a', 7735, 261735.53, 452122.55, 101.31);
insert into STATION values (8789, '3ba', 7735, 261739.52, 452108.83, 99.80);
insert into STATION values (8790, '3bb', 7735, 261737.43, 452113.85, 108.11);
insert into STATION values (8791, '3bc', 7735, 261740.25, 452105.57, 101.15);
insert into STATION values (8792, '3bd', 7735, 261740.39, 452106.39, 98.64);
insert into STATION values (8793, '3be', 7735, 261740.87, 452104.60, 98.82);
insert into STATION values (8794, '3bf', 7735, 261740.57, 452103.76, 99.58);
insert into STATION values (8795, '3bg', 7735, 261740.48, 452103.72, 99.62);
insert into STATION values (8796, '3bh', 7735, 261740.28, 452103.58, 99.54);
insert into STATION values (8797, '3bi', 7735, 261737.19, 452103.01, 99.20);
insert into STATION values (8798, '3bj', 7735, 261736.40, 452104.95, 98.68);
insert into STATION values (8799, '3bk', 7735, 261731.13, 452106.37, 99.33);
insert into STATION values (8800, '3bl', 7735, 261731.87, 452101.91, 99.19);
insert into STATION values (8801, '4', 7735, 261740.04, 452099.90, 96.37);
insert into STATION values (8802, '4a', 7735, 261744.73, 452101.63, 93.94);
insert into STATION values (8803, '4ba', 7735, 261742.50, 452103.89, 94.50);
insert into STATION values (8804, '4bb', 7735, 261741.05, 452103.83, 96.85);
insert into STATION values (8805, '4bc', 7735, 261739.78, 452103.29, 98.03);
insert into STATION values (8806, '4bd', 7735, 261739.09, 452101.27, 96.82);
insert into STATION values (8807, '4be', 7735, 261738.97, 452100.12, 96.47);
insert into STATION values (8808, '4bf', 7735, 261739.70, 452101.35, 98.45);
insert into STATION values (8809, '4bg', 7735, 261740.05, 452101.20, 95.12);
insert into STATION values (8810, '4bh', 7735, 261740.52, 452104.44, 93.24);
insert into STATION values (8811, '5', 7735, 261748.34, 452101.65, 89.65);
insert into STATION values (8812, '5a', 7735, 261748.72, 452102.71, 89.15);
insert into STATION values (8813, '5ba', 7735, 261748.45, 452098.81, 89.58);
insert into STATION values (8814, '5bb', 7735, 261748.52, 452101.50, 90.12);
insert into STATION values (8815, '5bc', 7735, 261748.39, 452101.37, 88.89);
insert into STATION values (8816, '5bd', 7735, 261743.84, 452102.97, 94.37);
insert into STATION values (8817, '5be', 7735, 261747.30, 452100.76, 90.58);
insert into STATION values (8818, '5bf', 7735, 261747.53, 452098.73, 89.41);
insert into STATION values (8819, '5bg', 7735, 261751.22, 452097.58, 89.26);
insert into STATION values (8820, '5bh', 7735, 261752.26, 452103.90, 87.65);
insert into STATION values (8821, '6', 7735, 261752.29, 452099.67, 89.17);
insert into STATION values (8822, '6a', 7735, 261750.28, 452099.76, 91.63);
insert into STATION values (8823, '6ba', 7735, 261756.47, 452107.28, 91.24);
insert into STATION values (8824, '6bb', 7735, 261756.53, 452100.33, 90.70);
insert into STATION values (8825, '6bc', 7735, 261751.09, 452094.79, 89.93);
insert into STATION values (8826, '6bd', 7735, 261747.02, 452093.89, 93.63);
insert into STATION values (8827, '6be', 7735, 261750.54, 452099.32, 90.98);
insert into STATION values (8828, '6bf', 7735, 261759.03, 452097.25, 112.04);
insert into STATION values (8829, '6bg', 7735, 261751.89, 452099.83, 87.85);
insert into STATION values (8830, '7', 7735, 261756.78, 452095.76, 94.08);
insert into STATION values (8831, '7bb', 7735, 261759.82, 452100.07, 95.48);
insert into STATION values (8832, '7bc', 7735, 261754.35, 452092.75, 94.58);
insert into STATION values (8833, '7bd', 7735, 261759.70, 452095.04, 111.33);
insert into STATION values (8834, '7be', 7735, 261756.74, 452095.74, 93.50);
insert into STATION values (8835, '7bf', 7735, 261751.93, 452096.56, 94.66);
insert into STATION values (8836, '7bg', 7735, 261755.39, 452100.84, 94.68);
insert into STATION values (8837, '7bh', 7735, 261747.53, 452102.31, 95.83);
insert into STATION values (8838, '7bi', 7735, 261761.76, 452096.07, 95.64);
insert into STATION values (8839, '7bj', 7735, 261757.57, 452093.18, 95.57);
insert into STATION values (8840, '7bk', 7735, 261771.09, 452111.16, 137.36);
insert into STATION values (8841, '7bl', 7735, 261765.34, 452101.67, 108.82);
insert into STATION values (8842, '7bm', 7735, 261765.56, 452101.81, 109.25);
insert into STATION values (8843, '8', 7735, 261765.30, 452101.66, 108.81);
insert into STATION values (8844, '8a', 7735, 261761.08, 452105.94, 108.88);
insert into STATION values (8845, '8ba', 7735, 261765.96, 452100.38, 109.04);
insert into STATION values (8846, '8bb', 7735, 261769.05, 452109.48, 136.17);
insert into STATION values (8847, '8bc', 7735, 261757.67, 452095.85, 93.78);
insert into STATION values (8848, '8bd', 7735, 261756.66, 452097.76, 107.67);
insert into STATION values (8849, '8be', 7735, 261754.18, 452103.34, 108.03);
insert into STATION values (8850, '8bf', 7735, 261758.43, 452104.63, 108.60);
insert into STATION values (8851, '8bg', 7735, 261765.23, 452105.41, 110.85);
insert into STATION values (8852, '8bh', 7735, 261765.65, 452101.64, 109.28);
insert into STATION values (8853, '8bi', 7735, 261767.49, 452101.16, 111.05);
insert into STATION values (8854, '8bj', 7735, 261763.87, 452096.70, 113.06);
insert into STATION values (8855, '9', 7735, 261777.18, 452109.09, 126.76);
insert into STATION values (8856, '9a', 7735, 261779.18, 452100.36, 128.17);
insert into STATION values (8857, '9ba', 7735, 261776.97, 452109.94, 126.66);
insert into STATION values (8858, '9bb', 7735, 261773.96, 452102.04, 144.17);
insert into STATION values (8859, '9bc', 7735, 261775.35, 452107.34, 122.87);
insert into STATION values (8860, '9bd', 7735, 261753.68, 452094.62, 93.86);
insert into STATION values (8861, '9be', 7735, 261772.51, 452097.57, 126.54);
insert into STATION values (8862, '9bf', 7735, 261768.14, 452100.32, 124.87);
insert into STATION values (8863, '9bg', 7735, 261761.19, 452103.33, 124.06);
insert into STATION values (8864, '9bh', 7735, 261772.97, 452111.09, 126.41);
insert into STATION values (8865, '9bi', 7735, 261776.22, 452109.47, 124.62);
insert into STATION values (8866, '9bj', 7735, 261774.23, 452109.44, 124.40);
insert into STATION values (8867, '9bk', 7735, 261778.84, 452110.27, 126.59);
insert into STATION values (8868, '9bl', 7735, 261781.44, 452108.42, 126.23);
insert into STATION values (8869, '9bm', 7735, 261786.35, 452108.01, 131.89);
insert into STATION values (8870, '9bn', 7735, 261781.49, 452108.79, 127.06);
insert into STATION values (8871, '9bo', 7735, 261783.26, 452109.67, 128.22);
insert into STATION values (8872, '10', 7735, 261781.49, 452108.78, 127.06);
insert into STATION values (8873, '10a', 7735, 261781.28, 452113.72, 128.24);
insert into STATION values (8874, '10ba', 7735, 261778.11, 452101.33, 128.64);
insert into STATION values (8875, '10bb', 7735, 261780.36, 452123.49, 156.64);
insert into STATION values (8876, '10bc', 7735, 261781.50, 452109.23, 132.85);
insert into STATION values (8877, '10bd', 7735, 261781.50, 452109.03, 124.93);
insert into STATION values (8878, '10be', 7735, 261778.04, 452110.27, 126.91);
insert into STATION values (8879, '10bf', 7735, 261780.02, 452112.11, 127.33);
insert into STATION values (8880, '10bg', 7735, 261774.17, 452113.38, 133.76);
insert into STATION values (8881, '10bh', 7735, 261786.33, 452111.88, 131.81);
insert into STATION values (8882, '10bi', 7735, 261786.78, 452105.88, 130.35);
insert into STATION values (8883, '10bj', 7735, 261778.53, 452114.86, 137.79);
insert into STATION values (8884, '10bk', 7735, 261778.39, 452115.97, 137.23);
insert into STATION values (8885, '11', 7735, 261780.30, 452116.59, 140.09);
insert into STATION values (8886, '11a', 7735, 261780.17, 452116.44, 140.17);
insert into STATION values (8887, '11ba', 7735, 261778.71, 452114.12, 141.39);
insert into STATION values (8888, '11bb', 7735, 261780.59, 452116.87, 140.18);
insert into STATION values (8889, '11bc', 7735, 261781.52, 452116.30, 152.08);
insert into STATION values (8890, '11bd', 7735, 261781.61, 452109.13, 125.36);
insert into STATION values (8891, '11be', 7735, 261785.86, 452111.79, 133.07);
insert into STATION values (8892, '11bf', 7735, 261779.60, 452110.81, 138.30);
insert into STATION values (8893, '11bg', 7735, 261777.34, 452115.92, 143.39);
insert into STATION values (8894, '11bh', 7735, 261781.90, 452120.90, 143.98);
insert into STATION values (8895, '11bi', 7735, 261779.26, 452122.34, 147.74);
insert into STATION values (8896, '12', 7735, 261778.23, 452117.78, 144.51);
insert into STATION values (8897, '12a', 7735, 261777.75, 452114.95, 146.20);
insert into STATION values (8898, '12ba', 7735, 261782.29, 452127.04, 145.73);
insert into STATION values (8899, '12bb', 7735, 261779.89, 452119.56, 152.01);
insert into STATION values (8900, '12bc', 7735, 261784.77, 452110.33, 127.75);
insert into STATION values (8901, '12bd', 7735, 261781.80, 452112.62, 143.73);
insert into STATION values (8902, '12be', 7735, 261786.58, 452115.63, 143.16);
insert into STATION values (8903, '12bf', 7735, 261788.14, 452118.89, 143.73);
insert into STATION values (8904, '12bg', 7735, 261789.72, 452119.41, 148.53);
insert into STATION values (8905, '12bh', 7735, 261783.37, 452115.85, 151.13);
insert into STATION values (8906, '12bi', 7735, 261779.44, 452125.00, 155.32);
insert into STATION values (8907, '12bj', 7735, 261770.51, 452123.63, 152.52);
insert into STATION values (8908, '12bk', 7735, 261776.28, 452119.25, 146.53);
insert into STATION values (8909, '13', 7735, 261770.52, 452123.63, 152.52);
insert into STATION values (8910, '13a', 7735, 261769.71, 452121.15, 152.69);
insert into STATION values (8911, '13ba', 7735, 261770.36, 452124.07, 152.97);
insert into STATION values (8912, '13bb', 7735, 261768.20, 452122.43, 156.60);
insert into STATION values (8913, '13bc', 7735, 261770.19, 452123.08, 151.32);
insert into STATION values (8914, '13bd', 7735, 261773.46, 452120.00, 149.02);
insert into STATION values (8915, '13be', 7735, 261774.03, 452122.15, 149.17);
insert into STATION values (8916, '13bf', 7735, 261772.40, 452121.00, 150.95);
insert into STATION values (8917, '13bg', 7735, 261771.64, 452123.45, 151.89);
insert into STATION values (8918, '14', 7735, 261763.87, 452123.57, 154.88);
insert into STATION values (8919, '14a', 7735, 261763.93, 452121.95, 154.65);
insert into STATION values (8920, '14ba', 7735, 261764.35, 452125.50, 155.31);
insert into STATION values (8921, '14bb', 7735, 261772.88, 452121.46, 182.71);
insert into STATION values (8922, '14bc', 7735, 261763.58, 452123.25, 153.31);
insert into STATION values (8923, '14bd', 7735, 261765.40, 452122.34, 154.21);
insert into STATION values (8924, '14be', 7735, 261770.84, 452121.30, 152.11);
insert into STATION values (8925, '14bf', 7735, 261767.95, 452125.47, 154.64);
insert into STATION values (8926, '14bg', 7735, 261766.79, 452126.78, 154.89);
insert into STATION values (8927, '14bh', 7735, 261765.14, 452125.87, 154.95);
insert into STATION values (8928, '14bi', 7735, 261767.83, 452127.84, 157.97);
insert into STATION values (8929, '14bj', 7735, 261764.33, 452123.84, 155.62);
insert into STATION values (8930, '14bk', 7735, 261768.42, 452126.56, 162.72);
insert into STATION values (8931, '15', 7735, 261767.64, 452126.27, 155.89);
insert into STATION values (8932, '15a', 7735, 261764.28, 452126.82, 156.34);
insert into STATION values (8933, '15ba', 7735, 261769.61, 452123.99, 156.32);
insert into STATION values (8934, '15bb', 7735, 261767.18, 452122.65, 177.22);
insert into STATION values (8935, '15bc', 7735, 261766.98, 452125.06, 153.71);
insert into STATION values (8936, '15bd', 7735, 261768.21, 452126.10, 158.82);
insert into STATION values (8937, '15be', 7735, 261762.22, 452124.40, 156.30);
insert into STATION values (8938, '15bf', 7735, 261767.16, 452120.34, 175.85);
insert into STATION values (8939, '15bg', 7735, 261759.56, 452127.63, 164.84);
insert into STATION values (8940, '15bh', 7735, 261765.44, 452119.08, 153.22);
insert into STATION values (8941, '15bi', 7735, 261769.51, 452121.88, 156.44);
insert into STATION values (8942, '10bl', 7735, 261775.78, 452113.58, 133.75);
insert into STATION values (8943, '10bm', 7735, 261775.48, 452113.84, 134.06);
insert into STATION values (8944, '16', 7735, 261775.76, 452113.57, 133.71);
insert into STATION values (8945, '16a', 7735, 261775.18, 452112.09, 133.74);
insert into STATION values (8946, '16ba', 7735, 261775.46, 452113.62, 136.61);
insert into STATION values (8947, '16bb', 7735, 261775.73, 452113.40, 132.03);
insert into STATION values (8948, '16bc', 7735, 261780.09, 452108.92, 125.35);
insert into STATION values (8949, '16bd', 7735, 261782.61, 452109.18, 125.71);
insert into STATION values (8950, '16be', 7735, 261776.56, 452111.27, 131.62);
insert into STATION values (8951, '16bf', 7735, 261776.28, 452113.71, 133.90);
insert into STATION values (8952, '16bg', 7735, 261775.16, 452113.81, 134.13);
insert into STATION values (8953, '16bh', 7735, 261774.44, 452112.15, 133.86);
insert into STATION values (8954, '16bi', 7735, 261774.43, 452113.36, 134.74);
insert into STATION values (8955, '16bj', 7735, 261775.56, 452113.54, 133.87);
insert into STATION values (8956, '17', 7735, 261771.98, 452112.98, 136.43);
insert into STATION values (8957, '17a', 7735, 261771.85, 452118.23, 145.30);
insert into STATION values (8958, '17ba', 7735, 261772.03, 452118.36, 145.75);
insert into STATION values (8959, '17bb', 7735, 261771.98, 452114.48, 139.03);
insert into STATION values (8960, '18', 7735, 261772.01, 452118.38, 145.74);
insert into STATION values (8961, 'clearwater_cave_fake.0', 68, 259115.52, 449172.92, 28.34);
insert into STATION_FLAG values(8961, 'fix');
insert into STATION values (8962, '1', 7861, 261877.00, 449888.00, 81.00);
insert into STATION_FLAG values(8962, 'fix');
insert into STATION values (8963, '2', 7861, 261916.37, 449919.50, 82.00);
insert into STATION values (8964, '3', 7861, 261892.75, 449935.24, 81.00);
insert into STATION values (8965, '4', 7861, 261947.87, 449958.87, 80.00);
insert into STATION values (8966, '5', 7861, 261963.61, 449998.24, 81.00);
insert into STATION values (8967, '6', 7861, 262010.86, 450013.98, 71.00);
insert into STATION values (8968, '7', 7861, 261971.49, 450021.86, 75.00);
insert into STATION values (8969, '8', 7861, 261932.12, 450013.98, 74.00);
insert into STATION values (8970, '9', 7861, 261924.24, 450053.35, 73.00);
insert into STATION values (8971, '10', 7861, 261947.87, 450124.22, 74.00);
insert into STATION values (8972, '11', 7861, 261869.13, 450116.35, 74.00);
insert into STATION values (8973, '12', 7861, 261806.13, 450084.85, 76.00);
insert into STATION values (8974, '13', 7861, 261766.76, 450084.85, 75.00);
insert into STATION values (8975, '14', 7861, 261735.27, 450061.23, 73.00);
insert into STATION values (8976, '15', 7861, 261711.65, 450061.23, 74.00);
insert into STATION values (8977, '16', 7861, 261688.02, 450029.73, 75.00);
insert into STATION values (8978, '17', 7861, 261625.03, 450021.86, 77.00);
insert into STATION values (8979, '18', 7861, 261569.91, 450006.11, 81.00);
insert into STATION values (8980, '19', 7861, 261554.17, 450006.11, 74.00);
insert into STATION values (8981, '25', 7861, 261829.76, 449880.13, 81.00);
insert into STATION values (8982, '817', 7897, 260808.55, 449968.36, 364.00);
insert into STATION values (8983, '825', 7897, 260989.27, 449932.21, 368.00);
insert into STATION values (8984, '826', 7897, 261001.32, 449944.26, 368.00);
insert into STATION values (8985, '827', 7897, 261031.44, 449926.19, 394.00);
insert into STATION values (8986, '828', 7897, 261067.59, 449932.21, 407.00);
insert into STATION values (8987, '829', 7897, 261091.68, 449938.24, 418.00);
insert into STATION values (8988, '830', 7897, 261115.78, 449980.41, 438.00);
insert into STATION values (8989, '831', 7897, 261121.80, 450004.50, 440.00);
insert into STATION values (8990, '832', 7897, 261115.78, 450034.62, 445.00);
insert into STATION values (8991, '835', 7897, 261115.78, 449980.41, 460.00);
insert into STATION values (8992, '840', 7897, 261176.02, 449998.48, 448.00);
insert into STATION values (8993, '845', 7897, 261013.37, 449896.07, 390.00);
insert into STATION_FLAG values(8993, 'fix');
insert into STATION values (8994, '0', 7916, 261380.00, 451788.00, 536.00);
insert into STATION_FLAG values(8994, 'fix');
insert into STATION values (8995, '1', 7916, 261380.17, 451788.98, 535.98);
insert into STATION values (8996, '2', 7916, 261380.17, 451788.98, 385.98);
insert into STATION values (8997, '3', 7916, 261274.11, 451788.98, 279.92);
insert into STATION values (8998, '4', 7916, 261231.68, 451788.98, 237.49);
